Counter,Channel1,Channel2,Channel3
106,0.0201073127145849,0.1187289049938596,0.5112674997815263
107,0.019954060546660074,0.14247691526360276,0.46879732107794103
108,0.01988250999912306,0.1452259927251559,0.4300708949949501
109,0.01992212541870314,0.13461217902325628,0.39770855041493003
110,0.019802558908715587,0.1134094233158387,0.3741605606071683
111,0.019660255692523963,0.0858986306717916,0.3599868446370763
112,0.019640561034845558,0.056391957511818414,0.3547996557620572
113,0.021197874122272663,0.007851867198474749,0.3647321824105769
114,0.025135607909480856,-0.05341254815668395,0.3929794020260027
115,0.026720975972158723,-0.07554081470024376,0.4252163236735821
116,0.023535957833255128,-0.06532720662449443,0.4492071677570797
117,0.020244189356442954,-0.0801195225252328,0.4685887724295619
118,0.02116437515591317,-0.1229481648579489,0.49002121857455405
119,0.024166220049099435,-0.15624754867767443,0.5169168053609132
120,0.023775553587071382,-0.16064020896229025,0.5487997037901389
121,0.02095515111084876,-0.14541637822489734,0.5804888733406435
122,0.019372632133376227,-0.12855854651910392,0.6066798478709914
123,0.020746233742836018,-0.12174571427941919,0.6259508184009177
124,0.023241576933002807,-0.12477994073553011,0.6402961971033614
125,0.02393120693640602,-0.13171889662518177,0.652820345577702
126,0.02536213544572629,-0.13980429989103405,0.6650994547755289
127,0.027796579736921505,-0.14599983647654446,0.6764975274704366
128,0.028929026292957474,-0.1463834062589301,0.685079401642049
129,0.02933422559607954,-0.1400085997030699,0.688431249541122
130,0.02966939520943916,-0.12760270984221853,0.6844350289037893
131,0.029783263570358445,-0.1126884302806114,0.6728469671518249
132,0.029667306604410415,-0.10265083613259887,0.6558093179445041
133,0.029379898816147026,-0.10132933703875988,0.6366446168397148
134,0.028802844511575942,-0.1049384445626883,0.6189153004367842
135,0.026601352476529734,-0.10909553276968864,0.605719592190711
136,0.02395321396850804,-0.11375446645436388,0.5985125716299844
137,0.023225287853324415,-0.117840207550295,0.5964343182247425
138,0.021981903928190438,-0.11805373168739841,0.5968365516374068
139,0.021750625102340396,-0.11150613226061812,0.5962039710696396
140,0.025369721571790613,-0.09921481418200334,0.5915709939810465
141,0.02707039866708582,-0.08797533625557624,0.5820261485202398
142,0.023517374231544853,-0.08230542360563228,0.5687718123682137
143,0.021246387952761667,-0.08199952241491015,0.5542618594484048
144,0.024062645418467372,-0.08419106524477446,0.5412964632844699
145,0.025792649556677226,-0.08594854848166483,0.5317690663699479
146,0.024414753684150026,-0.08804656022153176,0.5263272302634068
147,0.02509598541301425,-0.09055814666180112,0.5243425397710642
148,0.027441234986218505,-0.09091815666390274,0.5236304340724098
149,0.026949486544669693,-0.08747999371000159,0.5217437438571759
150,0.02313858749999745,-0.07952241231291973,0.5170715052355106
151,0.021474074769385676,-0.0691443412532656,0.5090519976536088
152,0.023019835947139744,-0.0621321683142588,0.4983736542107513
153,0.022335155325526837,-0.06129632861175269,0.4864114319061752
154,0.019810189653741976,-0.0645046363213192,0.47507103538821194
155,0.020043301013207414,-0.06877581269768343,0.46620907656617594
156,0.023616902265327942,-0.07071814911754035,0.4605282126056651
157,0.025134965984566278,-0.06854697373335927,0.4575139465011753
158,0.021995918892639896,-0.0648515292930465,0.45577718745278806
159,0.018904625328638153,-0.06162344583145449,0.4535970489348584
160,0.018555390932671154,-0.05819214931103919,0.4495703428538973
161,0.021062404649894395,-0.054558619418794085,0.4431406332991381
162,0.02558236525312431,-0.051770426013315746,0.43447958649372476
163,0.028323133161679497,-0.04926492936759319,0.42465424887855474
164,0.028105416665433362,-0.04653316309341629,0.4153039558874776
165,0.027142915419597936,-0.04600910341387805,0.4076200001609973
166,0.026638797177233213,-0.048007639012333986,0.4020902334928742
167,0.02673747851018113,-0.049893506744388784,0.39841285136046745
168,0.027363770711491833,-0.04991845512591085,0.39559160088648415
169,0.02821613275492421,-0.04785057791676564,0.3924146160030171
170,0.02885222460799583,-0.04300015845855934,0.3879999362301634
171,0.028986195394408124,-0.03600788660031495,0.38203972457553914
172,0.028577067311460536,-0.031181672201461036,0.37508124693340616
173,0.027799168746082764,-0.03044674084697671,0.36796936240442935
174,0.026951844075298985,-0.03190978958575062,0.3610875310560173
175,0.026423609130186432,-0.03375722656944436,0.35488081301472507
176,0.026371210422282333,-0.03492153856571659,0.35003738237898785
177,0.026619872371767772,-0.034971799908790964,0.3465491352369181
178,0.027105844193029,-0.034121785992676575,0.3436487651008815
179,0.027738028198997677,-0.03130136977185177,0.3404886471234231
180,0.02822395689527421,-0.026112363579087694,0.3364504324749844
181,0.02841602722905162,-0.021987774291485435,0.3313580954034625
182,0.02822135688669669,-0.020839640766500717,0.32540496394394003
183,0.027648363625766156,-0.021194110171185665,0.31902399160369
184,0.026969151156790425,-0.02157599456278668,0.3127257318956883
185,0.026388488545011968,-0.02132419513957548,0.30717105709935777
186,0.026205143797345454,-0.020631998677285227,0.3026244280566919
187,0.026593991819241394,-0.02001829349349607,0.29872371913988827
188,0.02722968382167043,-0.017849403488059135,0.29503729092017916
189,0.027780125207788442,-0.013272798806417047,0.291176420802683
190,0.028028290616037524,-0.009947567403679664,0.28716756312296643
191,0.027869650120868533,-0.009755548889321952,0.28307153595648127
192,0.027552142537785,-0.010693282523841663,0.27870159055183186
193,0.02728472935752313,-0.010885169242365406,0.2740695299631658
194,0.02689193964051477,-0.009906108955737541,0.2693381302382589
195,0.02635963494691454,-0.008368191925862634,0.26486894550930484
196,0.02612418899627547,-0.006986873873647853,0.26076522034902827
197,0.026316605021501183,-0.006084695212397337,0.2567608400383027
198,0.02659411592320711,-0.004293633970856636,0.2529446186730898
199,0.026915752942543517,-0.0011488948494191853,0.24933480210641523
200,0.027239283321483454,0.0007531511820969838,0.24567059953738124
201,0.027247353205221023,0.0005231435700626119,0.24185814259015348
202,0.02704660525652021,0.00002223951285254544,0.23787785422681218
203,0.02680611261974422,0.0008054787442698386,0.2339571480588557
204,0.02641479147268977,0.002687668234723245,0.23014983618085072
205,0.02602844563933461,0.004630593413177897,0.22616820631020307
206,0.025874853425453495,0.00632462732329106,0.22212807944330049
207,0.02602788146082549,0.00745672919950871,0.21810657572709896
208,0.02642910988379829,0.007341407314597009,0.21396153572239496
209,0.026804256111708002,0.005945610330769249,0.2100014765498796
210,0.026979206343382772,0.005689179918597742,0.20643740946509248
211,0.026900991678665193,0.008243230522682637,0.20312766375486058
212,0.026667823862080525,0.010888136994041564,0.20016241825205106
213,0.026530336808111663,0.012160597329227557,0.19740989610000037
214,0.0264587977899359,0.01372915447261118,0.1944137520100342
215,0.02625887728283373,0.016169806778843165,0.19113730336053314
216,0.026039088664555746,0.018607463552668818,0.1878415132831045
217,0.025981706099827792,0.02011730968513825,0.18444927074788525
218,0.025966348531296167,0.020122784586143652,0.18077202903203604
219,0.026029947948502052,0.01863295465077061,0.17719085613818353
220,0.02618197400266021,0.016365972210090576,0.17404667273230445
221,0.026232722905878497,0.01430819836625409,0.1712247177222586
222,0.02617269075633015,0.013230683303812385,0.16879835231497287
223,0.024405885510549452,0.015167128015800876,0.16685127566293734
224,0.021873559498118395,0.020897973050152285,0.16491428376259232
225,0.02093820587977331,0.02664456466320489,0.16236960253127686
226,0.01924945915099449,0.029736445021977226,0.1592134605981061
227,0.016898515009032167,0.03087073203358967,0.1558476773381392
228,0.017637968869158645,0.030921586052518338,0.15241069743210228
229,0.019898759843923815,0.03005511538377064,0.14891396774420718
230,0.018878974880026482,0.028388940150579824,0.14580994568162875
231,0.01608839591262614,0.026648761192011365,0.1433582914234824
232,0.015106478096728118,0.025592563251707095,0.14122928271135077
233,0.015614659555027298,0.025679984906475828,0.1392547657049203
234,0.016313445676441315,0.026862833634862582,0.13710859325791913
235,0.016605048064855882,0.028573225902789934,0.1342054732127852
236,0.01666677111297133,0.03028874141366447,0.13057483583898488
237,0.01646833976579392,0.03163175293205428,0.1267256071492171
238,0.016022053845993468,0.0321188681464154,0.12314726260962472
239,0.015601091942711157,0.03152888480080129,0.1200039196332704
240,0.015339367196081869,0.030289222538727678,0.11722509545034648
241,0.015375978117538401,0.028977346005841266,0.11502273279952746
242,0.015577595597910464,0.029657861767032674,0.11361370648748126
243,0.01579593668047133,0.033483927096625066,0.11257645573208874
244,0.016151912554931598,0.037489117702360006,0.11114595023939827
245,0.016483103794989865,0.03976180853604111,0.10906395211291042
246,0.016552478540612557,0.041229748317515,0.10650508400524117
247,0.014720062270188572,0.04255853966617873,0.1034587925585472
248,0.010337661733986314,0.04339431827869339,0.09991439760769322
249,0.008407157367540323,0.043208650608934404,0.09637717196402018
250,0.009851306672068173,0.042263642989079364,0.09351167656172671
251,0.010853921120772415,0.041103999970733794,0.09165885878635696
252,0.01092416804586268,0.040072225018416244,0.09080316597309762
253,0.0089936709189374,0.039455311023794244,0.09033802031565469
254,0.00648064769458967,0.03953861200991793,0.08942514962714582
255,0.005913781514704695,0.040465706259441736,0.08785145575020686
0,0.006318300528927859,0.04195083145171599,0.08585209476389483
1,0.006553029117989745,0.0434558535621013,0.08339024203583226
2,0.006471365083893708,0.04448228645824215,0.0803678390544404
3,0.0062856688913744685,0.044540098366771266,0.07721375018894269
4,0.005983777074717124,0.04360851419437846,0.0745385132883278
5,0.005555072957404639,0.04239168662224506,0.07266556637465979
6,0.005256839615724717,0.04312746503503806,0.07161888920637588
7,0.005322446473370095,0.046717980868311484,0.07091472100897928
8,0.005673251433102138,0.05007038641601583,0.06983532219071562
9,0.006199606583206615,0.051592671614093366,0.06818785696973986
10,0.006668927619450482,0.05270054636324123,0.06618161867767355
11,0.006834269197248572,0.05412770856904939,0.0640258535096144
12,0.00669876006323495,0.0554243901896001,0.06172934050991061
13,0.0063691924983518226,0.05598008561852369,0.059221742931909266
14,0.005988834508334054,0.055563213206009626,0.05684594069202972
15,0.005617127905803016,0.0544557872998868,0.055042307248392264
16,0.0053995465004177505,0.05323958326679262,0.05389479633967728
17,0.0055660098834459625,0.0523736755778013,0.05323826542596796
18,0.0059783916730372436,0.05224983123380378,0.052540437835935594
19,0.006272942067660169,0.05282126619919392,0.05116070696176192
20,0.006391048215914047,0.05382797448755977,0.04909606809469361
21,0.006496421927837517,0.055046885685285735,0.04678546290218269
22,0.006423983049993131,0.05605393807371864,0.044603616680481184
23,0.006102056273362109,0.056498612195736875,0.04282037817509317
24,0.005770498091998453,0.05618999863926852,0.04160825942824106
25,0.005549341454876381,0.055415448188756516,0.04077212898950487
26,0.005490376242349342,0.054679756404592605,0.03986873821094605
27,0.00724399890215453,0.05416881915661856,0.038829085120432136
28,0.009871307727770173,0.053956078490006276,0.03776341559746131
29,0.010791487255890537,0.05580323291222841,0.03663424791070119
30,0.012364940640380698,0.06055639480322905,0.03540892650392925
31,0.014757041781322883,0.06471032956328115,0.03385489506217097
32,0.015716130306288253,0.0661797315319585,0.03173018389877627
33,0.015731089759463482,0.06632142807792024,0.029387126470854216
34,0.01405114327250536,0.06638881782889794,0.02737196477720033
35,0.011798757075646746,0.0665398038560639,0.02590372986210948
36,0.012836500143541207,0.06645962997340002,0.024987714057975924
37,0.015421938240803318,0.06637486988442853,0.024527307741029805
38,0.016134830455589586,0.06622077512856203,0.02403955845440428
39,0.01556010557528167,0.0658269723692651,0.02292581387218437
40,0.014938762437532806,0.06581514952018055,0.021225936825033258
41,0.014669292835425871,0.06647945871995908,0.019307743507859583
42,0.014759504333467587,0.06708514143348371,0.01745509516245731
43,0.0152137749247762,0.06730767595948126,0.015898517862556957
44,0.01575011581775499,0.06742994856562853,0.014768140535178845
45,0.016047504563228038,0.06730936784267336,0.014095659810446047
46,0.016127404380142,0.06700515501372689,0.013577254046215181
47,0.01599981899619201,0.06695296311646004,0.012732108253096786
48,0.015571600255497042,0.06723422563943457,0.01153306895497861
49,0.01498123788264466,0.06751118353064575,0.010240730754118375
50,0.014570029158723578,0.06747537704712189,0.008988385042583945
51,0.014594424123695993,0.06722855619125817,0.007824157469680421
52,0.014999639824586651,0.06735371078968627,0.006802779291992923
53,0.015472190434311694,0.06787568126784357,0.005974339198385361
54,0.015793096826159994,0.06828079139529539,0.005112153989674047
55,0.015941025384519046,0.06844536091789263,0.003907558382648987
56,0.015837662223052697,0.06825802130193931,0.002524471677021663
57,0.015462135638476475,0.0680621726953862,0.0012775318067840338
58,0.015117627053604865,0.06825989543219466,0.0002527163340696262
59,0.014933120357616111,0.06851726976029854,-0.0005771970178681269
60,0.014715327313321293,0.06862568740350417,-0.0012968385516519253
61,0.014629304178055594,0.06873885652436174,-0.0019910860357421224
62,0.014793144340747244,0.06879551418045948,-0.0026609652450333213
63,0.014942122071084092,0.0688586859300844,-0.003469353518443845
64,0.015034673707270962,0.0692451806460983,-0.004659931994767795
65,0.01513466905465552,0.06970781249022731,-0.006036781779119347
66,0.015245123371906324,0.06987425553944038,-0.007246362179598774
67,0.015349833013879273,0.06980564324541313,-0.008156828100822614
68,0.01530631567742366,0.07130773397580947,-0.008809514903359869
69,0.015107206460451286,0.07525518189896321,-0.009358602139912067
70,0.01483791325549847,0.07824302655368023,-0.009914879753415533
71,0.01465844211354498,0.07708014637044208,-0.010482062884542863
72,0.013056892614821555,0.07307577245935049,-0.011262300636942196
73,0.010749778729038914,0.07197653246700964,-0.01252328849260826
74,0.011714136776140992,0.07582732070711729,-0.014031568063049407
75,0.014329866843516448,0.07813253666366121,-0.015367033743366051
76,0.015191017441389398,0.07695241244015635,-0.016346512448913456
77,0.013117895372824685,0.07718216658776403,-0.01697643649817547
78,0.008534531679480893,0.07843402350371534,-0.01740360051169257
79,0.006964669113043404,0.07867278465289873,-0.017794745943121068
80,0.010607977925565414,0.0788180306976059,-0.018249123362268825
81,0.012555616629868153,0.07913057485903305,-0.01875065131720515
82,0.011016916836528421,0.07962847147427307,-0.01918158243507862
83,0.011644498493726955,0.08041341066288993,-0.019666289544784117
84,0.012323840669012608,0.08115304872299181,-0.020495535061185247
85,0.009138141462251382,0.08151508880204378,-0.02155938584687097
86,0.0074054661000711175,0.08137658529658884,-0.02256471877416759
87,0.009012193396507329,0.0810051427886074,-0.023413446697794348
88,0.008574478481302831,0.08039737549889642,-0.02416808779125397
89,0.006183979726192956,0.07968870295273184,-0.024945813435491904
90,0.004982770882988369,0.07941375711007956,-0.025756307830793412
91,0.004908968010950903,0.0794967417271186,-0.026542024442337137
92,0.0050376042844914835,0.0800365324697151,-0.027214772760129402
93,0.004977008120425309,0.08093544702058933,-0.027590742329408308
94,0.0048678321902347645,0.08145872249684202,-0.02753488419276534
95,0.004802297272780795,0.08149744172808795,-0.027100307978908375
96,0.004858897424566362,0.08130097308574755,-0.026673679705384548
97,0.005163570408569525,0.08091352480866465,-0.026798008663718023
98,0.00543888413244269,0.08059643243548464,-0.027551143750423016
99,0.005389985540500013,0.08043893621353843,-0.028663332212131937
100,0.005252161396342301,0.08036762727114488,-0.029950868572649614
101,0.006871307160304768,0.0806935383532108,-0.03130059752082953
102,0.010769467123014836,0.08119837829501261,-0.03256217769377799
103,0.013556149592328065,0.08143777792846305,-0.033523536999955236
104,0.013974906410364838,0.08178301107004596,-0.03406795930491176
105,0.013845319845729679,0.08239955154348727,-0.03421537905477934
106,0.014132722025905362,0.08258137225642573,-0.0340003017331936
107,0.014928130159581748,0.0820017506700298,-0.03352245669305212
108,0.01568893139058891,0.08142641183522259,-0.03296703761049476
109,0.01588345941696314,0.08123903601404861,-0.03249829624998668
110,0.015565893572997515,0.08120865881712777,-0.03250033696084874
111,0.01502730558783821,0.08150138257484757,-0.03336132944527903
112,0.014390914438590103,0.08188234406147843,-0.03483465799217178
113,0.013682348717747567,0.08196727363133396,-0.03640517031422613
114,0.01329203202839361,0.08219779193488841,-0.03779000232082037
115,0.013538981682841046,0.08261880612765715,-0.038854004196423736
116,0.014180983638470493,0.08262003570994697,-0.039561919341110946
117,0.014804046502119535,0.08241788631376276,-0.03997789159649395
118,0.015255107890771169,0.08230968083773002,-0.04019975051944054
119,0.015577494449249836,0.08214193896042768,-0.04031240145191145
120,0.015520958689289786,0.08201586316710988,-0.040366545107686225
121,0.015006089628090795,0.08188323964492417,-0.040341772267317666
122,0.014427445857034624,0.08202025324917547,-0.040200377464068904
123,0.013981618226889196,0.08424294149417455,-0.03995403864580295
124,0.013639221425237987,0.08883975572764888,-0.03963048286407282
125,0.013561744175645561,0.09235555787767544,-0.03924917975607431
126,0.013873054947926608,0.09149541070603057,-0.03883958688130053
127,0.014396999911884575,0.08871479556024511,-0.03871482388597332
128,0.014961168286352418,0.08775421797893568,-0.03930149655472234
129,0.01524072541661882,0.08662521883942359,-0.04048582378929658
130,0.01507768788103847,0.0864989609188914,-0.041839000377305105
131,0.014675107815061435,0.08979090769283984,-0.04308755225450728
132,0.014101207968067134,0.09264247105440171,-0.04412057604394996
133,0.013633274728827444,0.09293283927241583,-0.044937835989606115
134,0.013564690603156033,0.09230566393820958,-0.04557470860915597
135,0.013678058036401368,0.09195323660068927,-0.04604263616391571
136,0.013859420230830616,0.0921326539088465,-0.04633058443660376
137,0.014266699400147381,0.09282613571912579,-0.046416625703876335
138,0.01472871906439599,0.09381899742589561,-0.046297040031523906
139,0.014962123418442684,0.0946985418254987,-0.04600538991409006
140,0.014835740722260134,0.09493112402939102,-0.045579741106112
141,0.014459011346106866,0.0944475778453909,-0.04507971637539239
142,0.014149386477801923,0.09372478145064184,-0.04458502522848151
143,0.013870499603342364,0.09297195387707446,-0.04416993591963171
144,0.013607265045489723,0.09230773429961109,-0.04387044837261958
145,0.013639307105088094,0.09210804812604093,-0.04366971524732843
146,0.013834860743881003,0.09259278971426704,-0.043789027864458166
147,0.013932138947037286,0.09356460995033689,-0.04453431877580717
148,0.01409471932511494,0.09451635657927893,-0.045716862339246364
149,0.01431083891278443,0.09498651374288053,-0.046953258798791905
150,0.014344474603645643,0.09485435297155648,-0.04807503432154156
151,0.014183332143615751,0.09434717615674312,-0.04903232779140235
152,0.013922868661407573,0.09379819576493578,-0.049820945496554955
153,0.013758089929766203,0.09340084570596721,-0.05044975550780212
154,0.01364721183133015,0.09316837194682293,-0.05094402096141565
155,0.013552166013162767,0.09316116194862728,-0.051300321828368134
156,0.013699884985070847,0.09348531126478013,-0.051469053112071284
157,0.01399739847241424,0.09399552044478943,-0.051408767340266115
158,0.014133326013584614,0.09452500581948936,-0.05110157128225076
159,0.014104440677587413,0.09503525838043253,-0.05060090908899134
160,0.014123818716078186,0.09520068185943037,-0.0500272565509938
161,0.014135281787009145,0.09479697673131285,-0.04947620828748947
162,0.013931957641228898,0.09413418397035428,-0.04902060311832723
163,0.013554722948318165,0.09363693336183795,-0.048714869218928925
164,0.013270666738085343,0.09341131295182423,-0.04855605886868103
165,0.013211520221551094,0.09341365210083169,-0.04850225020679458
166,0.013286780390381659,0.09368174992840847,-0.04847489435304783
167,0.01339638636513894,0.09408025631945888,-0.04836774787447004
168,0.013481838051657407,0.09449278724621069,-0.04812008840551929
169,0.013598408316777926,0.09484872860418675,-0.048003639902943554
170,0.013695178996098657,0.0950594469315463,-0.04842905418509995
171,0.013662855420637832,0.0950120526807968,-0.04934382955299613
172,0.013646697276388127,0.09466372497519482,-0.050469081545074165
173,0.013677224571382374,0.09430505992318258,-0.051639589454643295
174,0.013669276191405774,0.09403517010083315,-0.05274711866233034
175,0.01366216134291736,0.09382720203222661,-0.0537464281545513
176,0.01360246245990189,0.09397689188882319,-0.05458944396662632
177,0.013442268863765598,0.09447410536627632,-0.05519333295362763
178,0.013319431865496625,0.09489085516613738,-0.05548895634283574
179,0.013295386949098233,0.09517192651256962,-0.05543764560579678
180,0.013281083311623143,0.09532521513739231,-0.05507083763733964
181,0.01487600459110261,0.09520741815162506,-0.05451073238389112
182,0.018850216282550875,0.09497968309794907,-0.053914782846452736
183,0.020369659847469815,0.09476199346899283,-0.053394911971945486
184,0.01865526586600321,0.09458409793997033,-0.05300198038629167
185,0.01925019176591044,0.09448568404800481,-0.05276910051623385
186,0.021748815825137144,0.09455644836153987,-0.052674378052947
187,0.02315840388322929,0.09493589829225635,-0.0526277947649641
188,0.0236236296074826,0.09533282175368646,-0.05253061594662836
189,0.023576565194743042,0.09541724008501526,-0.05229867376988351
190,0.023211480840820038,0.09538685785819948,-0.05190744660999866
191,0.02281644105429991,0.09541452919532076,-0.05141923264343762
192,0.02253632460193441,0.09534206053163288,-0.05093553308568269
193,0.02242715947997375,0.09513304748408516,-0.05053731316475868
194,0.02251963719401321,0.09495920422463344,-0.05025447350812154
195,0.02266383516891724,0.0949492569920041,-0.05008766779676421
196,0.022771790250877895,0.09511873603772775,-0.05002495029847154
197,0.02288609169927805,0.09539668163349102,-0.049996200976363564
198,0.02292176489832525,0.09559389635431526,-0.04990956004128533
199,0.022874856201178122,0.09557622350354805,-0.04972661838476489
200,0.022905399136191454,0.09553875820847285,-0.049424929626316366
201,0.022925260347247192,0.09552553130364488,-0.0492636451356816
202,0.022800840733730114,0.09538957333105624,-0.049424633945105156
203,0.02261102332575156,0.09519438476660641,-0.049504291596429245
204,0.022378013296762256,0.09505805322716596,-0.049562161397207816
205,0.022117343001323342,0.09505369501089281,-0.05014254942243232
206,0.021993000111671074,0.09518438069320065,-0.05120946935414569
207,0.02213350182932921,0.09539787336299735,-0.05240476009642506
208,0.022359690641064113,0.09561599645147717,-0.053519347491372604
209,0.022446399236012493,0.0957663363489728,-0.054434748642464725
210,0.024048637173018972,0.09572535511463193,-0.05508175302988222
211,0.02790629109684805,0.09553995182140645,-0.05546244782598006
212,0.030815033370925407,0.09545451187094267,-0.05559563778878651
213,0.03128102314785598,0.09553074815819357,-0.055531767373530216
214,0.030967806839966916,0.09561537186637928,-0.05535222968425202
215,0.031009811961007633,0.09564560468658861,-0.055137072852286306
216,0.03149140956542747,0.095627840236098,-0.05494980137791236
217,0.0320426058783799,0.09564206437188924,-0.05478366686355521
218,0.03240870502276906,0.09577074838930175,-0.0545730745990079
219,0.032409152422124526,0.09591330422969227,-0.054288704764775264
220,0.03189828827002994,0.09597947334143153,-0.05398316371921377
221,0.031143460029529613,0.09586526098048526,-0.05367051986682611
222,0.030539986335104796,0.09564692072236824,-0.05331506651360873
223,0.03025065663254957,0.09549895201846426,-0.05293363023962472
224,0.030304020371395596,0.09551611262949433,-0.05258975254560008
225,0.03062807096230369,0.09572028041478103,-0.05230649480311442
226,0.031152144171216645,0.09593538668965368,-0.05202793735102709
227,0.03172713072174477,0.09606266802149574,-0.05174359757472885
228,0.031952135515485244,0.09615853486221182,-0.051499473474419494
229,0.031643935872473314,0.09616812921745763,-0.051265870197245184
230,0.03109967568444115,0.0961192403078287,-0.05100586793653855
231,0.030678233752744824,0.09619216923614937,-0.050763025639669
232,0.030505312565570417,0.09621802114315953,-0.050563897035219796
233,0.030472110249542952,0.09609137162885695,-0.05036581464213258
234,0.030525376716527483,0.09606717895215333,-0.050142754368479814
235,0.030632552969546437,0.09605854715145987,-0.04990449358958132
236,0.030796935673950546,0.09598107139983988,-0.049625483008225085
237,0.03101654779690824,0.09606225455791281,-0.04931815920562116
238,0.031049423003518872,0.09625184736255696,-0.04904308758372855
239,0.03092063128645521,0.09629707363457979,-0.048804024969895055
240,0.0307228025765363,0.09624247627205307,-0.04857714348003969
241,0.03031773273644378,0.09632037785973568,-0.0483288689954911
242,0.0299541357170552,0.09637792457594141,-0.04805012118907037
243,0.02984303588333094,0.09629523063811013,-0.04776881177395631
244,0.02980228931252725,0.09622276496616466,-0.047471894411838814
245,0.029920730465621312,0.09610323524448325,-0.0471744448028059
246,0.0302157997583294,0.09605231663455863,-0.046903418912181694
247,0.030356637249277896,0.09622288661086897,-0.04661171214859339
248,0.03029751118907241,0.09641278272404272,-0.04630108031351049
249,0.03015643563590195,0.09649236734227915,-0.04629249620612101
250,0.030023034556896644,0.09652565639061739,-0.04693752527670761
251,0.029881852732982092,0.09648498278313095,-0.048067580479512304
252,0.029600023814110532,0.09633661433780094,-0.04934287252062118
253,0.02776420512869493,0.09630807784825812,-0.05058884165530485
254,0.023851490554280402,0.09650194159015352,-0.051681723574542204
255,0.02087000363802763,0.09658138228729576,-0.05257403450671788
0,0.02196715607787715,0.09637466542064152,-0.05326890599055714
1,0.02476473632678322,0.09614154330416436,-0.053726796102380014
2,0.023868548351583065,0.09605981127213542,-0.053938508410369096
3,0.02061465676478174,0.096164543362703,-0.053923119269978254
4,0.018973398452570248,0.0964293709715611,-0.05365561174965755
5,0.01889187739750877,0.09657644720896741,-0.05316790046097178
6,0.019298015361222817,0.09655446252524419,-0.052563656806247805
7,0.01976997971530879,0.0965556899891567,-0.051951651027075635
8,0.02016226848186342,0.09650675285095733,-0.05142127783483258
9,0.02025913804120135,0.09648959255697281,-0.05102178304809188
10,0.020119060748515563,0.09828751003623598,-0.05075335346981891
11,0.019987348729976664,0.10073230721413506,-0.05057360214822973
12,0.019762936433462705,0.10127041140029952,-0.05041711323324738
13,0.019412823600094962,0.10100742669054824,-0.050247145507256175
14,0.01917369213307584,0.10098195783137404,-0.05003638995998683
15,0.019117753451126852,0.10126236505564712,-0.04973214369969292
16,0.019303849989790935,0.1000885210156372,-0.04936785067458255
17,0.01961557972214173,0.09975001073386264,-0.04902388476832692
18,0.01984038346623817,0.10309504690804877,-0.04871071087258891
19,0.019932708612124442,0.1061247869744934,-0.04843821294155426
20,0.019891841940698395,0.10658709155293883,-0.0482507261711809
21,0.019737680488928343,0.10430899359582141,-0.04814013602166825
22,0.019437111278073155,0.09981057727613923,-0.04801440523473691
23,0.019024328477344053,0.09846364874344726,-0.04783246333122407
24,0.018815760224227908,0.10077537207363357,-0.047598524664564726
25,0.018969077847799005,0.10235301703629984,-0.047302409982187696
26,0.01922587374891411,0.10268731049534552,-0.04696465661549576
27,0.01931172035265688,0.10233539781100365,-0.04662359580556592
28,0.017548268303200817,0.10337293441846107,-0.04634400344703482
29,0.013357495015687317,0.10358616835879475,-0.04613366127213263
30,0.010199721722731328,0.10155865612910764,-0.04595645012740175
31,0.009600136805718418,0.10222875486455174,-0.04580021723622818
32,0.009648500520224073,0.10494603652235895,-0.045637196733665925
33,0.009297283470296614,0.10638234785855427,-0.04546380031627745
34,0.008750199011028057,0.10514466679270779,-0.04527215466395283
35,0.00841092627428252,0.10296380544601308,-0.04501149798388844
36,0.008377314432336892,0.10388310734741879,-0.04467603442448627
37,0.008626295339557628,0.10607675868921712,-0.04434104848487058
38,0.009125104246001797,0.1065286588366765,-0.044060426908952635
39,0.009714078733221082,0.10593714296841211,-0.04383590730812481
40,0.010168497543262281,0.1052299117185927,-0.04365860835563172
41,0.010312570718772451,0.10498064803836588,-0.043482111025232
42,0.010097768376542828,0.10540493566557901,-0.04324261148744667
43,0.009534122883405893,0.10618075599406063,-0.04295479443445162
44,0.00877302198009897,0.10676590102870093,-0.04267803190648524
45,0.008270426377859345,0.1054256939410258,-0.042415878226157194
46,0.008294647858833396,0.10306016443621452,-0.04212215569961414
47,0.008631707904971427,0.10353847731652033,-0.04176108948685904
48,0.009055706909441515,0.10539923255296368,-0.041386221616069974
49,0.009479128345009538,0.10567722822954662,-0.041087905017633555
50,0.009797719976768423,0.10505280402117206,-0.04085303581726618
51,0.009906373798540972,0.10473412343800881,-0.04063491921567838
52,0.009683091038817062,0.10509856884822272,-0.04042427542772874
53,0.009146195182190373,0.1057786911114505,-0.04020687285007181
54,0.008672593419050214,0.10655910230398202,-0.039996380932714015
55,0.008530253945029903,0.10729325893259645,-0.03979795086908422
56,0.008494996916536404,0.1075855454707923,-0.03959010416336452
57,0.008416555742502236,0.10728270433312898,-0.03936963212485779
58,0.008565753234243564,0.10651928357329504,-0.03914454546059397
59,0.008943845537861653,0.10566266630230742,-0.03889953093911798
60,0.009242909472724367,0.10519907283471036,-0.03863059721048394
61,0.007775517521075085,0.10512931315846347,-0.03836160573160345
62,0.003737782988429122,0.10525957409915965,-0.0380719778003812
63,0.00029208380145446383,0.10572613346852461,-0.03777090333280836
64,-0.0007320944431691463,0.10647614494962437,-0.03748413253885939
65,0.0009009443949364593,0.10705473295693618,-0.03716842463382297
66,0.0031731359931407056,0.10709035054381849,-0.036832689308009786
67,0.00196472006249164,0.1066823986236945,-0.03679241326773404
68,-0.0009054106892579482,0.10621720779624261,-0.037163118264709194
69,-0.0019358679456793768,0.10582288327902145,-0.03741670239443863
70,-0.0013414567645870096,0.10543364784868858,-0.03727226687742867
71,-0.00041969204951853786,0.105227005598854,-0.03693916947988224
72,0.00006915669303270838,0.10537792598786477,-0.036598380612245074
73,0.00011214295520808187,0.10568803511188701,-0.03629797869440815
74,-0.0002032458531923964,0.1060761016847317,-0.036003449273602245
75,-0.0007321551133092907,0.1065208642962604,-0.03567402568160358
76,-0.0012808992522641092,0.10672210638749663,-0.035286826537083774
77,-0.001654642041826684,0.10655381043250867,-0.03482309397353987
78,-0.001725982523854615,0.10609400185807466,-0.034556827316673325
79,-0.0013998823172927822,0.10550810250989284,-0.03469213715301539
80,-0.0009068067430517013,0.10510894869487236,-0.03506411139378482
81,-0.0005812300408639566,0.1050458039871699,-0.035544386225002056
82,-0.00031720106945087347,0.10521919106232924,-0.03605362959391564
83,-0.00006539680694029985,0.1055706919677481,-0.0367951022771489
84,-0.00007713128862701143,0.10593543210243384,-0.03782406218939065
85,-0.0004968098945941331,0.10602400864875011,-0.03858331159689704
86,-0.0010609100163627297,0.1058792932282564,-0.038791049149970294
87,-0.0013397344908705582,0.10576584442375414,-0.03887247154793752
88,-0.0029394020525470247,0.10575903584860352,-0.039087389703906794
89,-0.005126903921912835,0.105641865443591,-0.03932986463310105
90,-0.005549471628046209,0.1053427069709284,-0.039541010864419385
91,-0.006700650056253884,0.10514622167745241,-0.03968546701472113
92,-0.007157420215994602,0.10527272292829137,-0.03975368494416773
93,-0.004053665896873965,0.10563999946069241,-0.039766348300905766
94,-0.0029394342744249076,0.1059470661253058,-0.03975743680191318
95,-0.007040223359497475,0.10603809967287486,-0.039727259493645584
96,-0.01124512700871302,0.1059835007636486,-0.03964215767796664
97,-0.012103133609035286,0.10586893647493228,-0.03947364445845834
98,-0.011171692847471933,0.1057485235761409,-0.039211897676953225
99,-0.010288164951045856,0.10557323744121327,-0.03887205210245202
100,-0.009960662744696182,0.10540678899516048,-0.03849081400350306
101,-0.010065303529183355,0.10545412055503656,-0.03812788834883282
102,-0.010381029525627167,0.10561662588313014,-0.03782973129105195
103,-0.010734822748883086,0.10570114964505412,-0.03759294257543108
104,-0.010830206280447063,0.1056254069778021,-0.03738863762921679
105,-0.010666291615384849,0.10539168715823566,-0.037207611111448935
106,-0.01062433533195999,0.1051911032944498,-0.03704854573507228
107,-0.01075666154807059,0.10511983152077908,-0.0368785642107619
108,-0.010587032087969545,0.10518536888443908,-0.03666157681582399
109,-0.009972744171814284,0.10537097803137002,-0.03638956118888846
110,-0.009678751094232697,0.10550232164631956,-0.03606720670314757
111,-0.010101534054086848,0.10550380032723189,-0.03570905567516772
112,-0.010709604522503822,0.10538085820182541,-0.03536874371635432
113,-0.011082682995932673,0.10515379888123039,-0.0350916001090526
114,-0.011231122038886626,0.10507562380105168,-0.03487530972976112
115,-0.011050223332342037,0.10525232432745174,-0.034696938860209484
116,-0.010496883963594526,0.105423666181718,-0.03452271894459144
117,-0.010111338338551514,0.10544504056877724,-0.034334052668908224
118,-0.010046522173918077,0.10531306475679769,-0.03410492471595561
119,-0.009813356083053157,0.10514901081616462,-0.03380526684458174
120,-0.009679318165283265,0.10517635036689249,-0.033466569729276655
121,-0.009878305582142505,0.10521732686041058,-0.033138644473992424
122,-0.01010198254077866,0.10513160859015214,-0.03284522729074939
123,-0.010270926038437295,0.10513681771526912,-0.03261208724045209
124,-0.010202262139321426,0.10520381664988743,-0.03242851711438845
125,-0.009967016947249264,0.10519829260565872,-0.03225938484112466
126,-0.009967350501488326,0.10507464563039576,-0.03209804554244021
127,-0.010066824148366404,0.10493168562964544,-0.03191690575133818
128,-0.009823065793543622,0.1049892772454688,-0.0316731026935405
129,-0.00943410022749672,0.10515019266894426,-0.031380322618348375
130,-0.009448669055055592,0.10522132907865539,-0.03108627155983472
131,-0.009747550701941173,0.10512215432963679,-0.030800525225547493
132,-0.009795233121272007,0.10485713775926792,-0.030522747005362574
133,-0.009824003175654832,0.10461994958364362,-0.030269480208899913
134,-0.008459981725019237,0.1045938803583068,-0.030045523956086784
135,-0.00442830990790825,0.10474994363833467,-0.029856784354598584
136,-0.0025507324288303115,0.10487839523322806,-0.029693374815618942
137,-0.00407900152905594,0.10489535959939661,-0.02951281709327376
138,-0.003397277648940777,0.10481006763952583,-0.029277349527742053
139,-0.0007075036190402801,0.10472021317973912,-0.029000657690460854
140,0.000752663696734655,0.10481525461093755,-0.028713039413736804
141,0.0009099663978481111,0.10489080088255165,-0.028425408918614115
142,0.0005097636795687371,0.10479562727164404,-0.02816274354406019
143,0.00012893991029290855,0.10475354677992799,-0.02793918175033752
144,-0.00007770203346161957,0.10467214283003656,-0.0277318838836563
145,-0.00012373570106671405,0.10448581438309223,-0.02752423677329696
146,-0.00009894139598166018,0.10445465419014704,-0.02732917687991969
147,-0.00018428257488092153,0.10455976578461001,-0.027146912536705634
148,-0.00019047925706693492,0.1046475614992245,-0.026945624875079163
149,0.00007682019559770038,0.10471393826158498,-0.026709134998825323
150,0.0003039183126434487,0.10476626894146812,-0.026460850002520672
151,0.0002670746530927981,0.10478765413716534,-0.026218290781031675
152,0.00023705713045542006,0.10475729423055297,-0.025981266117347676
153,0.0002995371022686561,0.10467304838926206,-0.025739688861057833
154,0.00027916871339961,0.10455668056503714,-0.025490935081344368
155,0.00026194368587488005,0.10444433468800851,-0.02526046492098008
156,0.0002717114924393263,0.10428833635360818,-0.025056919588113152
157,0.00016141265614371715,0.10415228712330155,-0.024851236819841332
158,-0.00004693923583013295,0.10423518484487904,-0.024611239795349238
159,-0.00015019755229356713,0.10434674218963852,-0.02433490246739327
160,-0.00007976851843177583,0.10424616298792089,-0.024051558383094973
161,0.0000392832596866682,0.10409072759021698,-0.023792191266093297
162,0.00010868735097332733,0.10399940449088091,-0.02354684935400797
163,0.00018370612866999312,0.10391715454147493,-0.023285869403942172
164,0.00023809279633641572,0.10380966849431617,-0.023025174008930803
165,0.0001866147828335019,0.10369748083896108,-0.02280164065561871
166,0.00010277499452576548,0.10362059250947858,-0.02260387849245054
167,0.00005798320197472097,0.10360419130065607,-0.022393998916142917
168,0.00015714446560954106,0.1036453593011657,-0.022163018512671988
169,0.0003412020389307775,0.1037992068738785,-0.021918457253012898
170,0.00037715534722835946,0.10406486786458197,-0.021676397068039886
171,0.00031768317173982725,0.10416035106820465,-0.02145716069899032
172,0.0003088743168697117,0.10403065326423927,-0.021243879046063015
173,0.0003191795854007905,0.10388685785307228,-0.0210042055491163
174,0.0003030370941635961,0.1036941426844255,-0.020742064171115147
175,0.0001721546696146362,0.10349307704093991,-0.020479390088862535
176,0.0000747774061374204,0.10340560286854522,-0.020242229042340278
177,0.00019449157531892768,0.10348235350834084,-0.020039312099704568
178,0.0002613092947544599,0.10362970655065656,-0.01984070872489256
179,0.0001940769458246951,0.10369684802314627,-0.019638587746444496
180,0.0001764943499632278,0.10378639315972032,-0.019452458334977087
181,0.0001396628682147228,0.10388794982298338,-0.019263933098373487
182,0.0001646327888145992,0.10388972504981525,-0.01903927307074605
183,0.00037298012642500347,0.10374662444699828,-0.01879521013668458
184,0.0005476475651399687,0.10355469759312252,-0.018560544435437448
185,0.0005626200864395992,0.10354325573638284,-0.018339065016392583
186,0.0005002934542894496,0.10355444388234464,-0.018131400883937214
187,0.0004418785027238909,0.10346422986705278,-0.017921102806861593
188,0.0003357067319797384,0.10341104492570646,-0.017709354550002783
189,0.00014306339537786296,0.10331658545950029,-0.01751946281841249
190,0.00010014051133715,0.10319083303291177,-0.017345373269009742
191,0.00023174817542145855,0.10321424670176893,-0.017168308630877288
192,0.00032079382386633127,0.10338286408295583,-0.016967774415183184
193,0.00041905856038018056,0.10349287437584531,-0.016726711990476734
194,0.0005170579039017699,0.10346003301140866,-0.01647126701226507
195,0.0005248382824697799,0.10330362653317249,-0.016232405837553393
196,0.000494425258610231,0.10314358144472802,-0.0160107485723872
197,0.00047616043768320716,0.10311204309203192,-0.015801505050750703
198,0.00048332877067574706,0.10314799128430402,-0.01559686277275505
199,0.0005067678663222921,0.10317639732699985,-0.015402170624511803
200,0.0005327652198890255,0.10308068063904385,-0.015204762547265646
201,0.0004691784679180938,0.10290434818928618,-0.014973031080457055
202,0.00035674537200777604,0.10278373041509381,-0.014723399989856757
203,0.000317314793932974,0.10270292872153414,-0.014496444008110995
204,0.0003170724695409667,0.10263752424022204,-0.014300320288812847
205,0.0003973098828613641,0.10267151695610238,-0.014110265940706773
206,0.0004215410859453772,0.10285273766957143,-0.0138988095739404
207,0.0003219292867147755,0.10293395066914218,-0.013665479028045081
208,0.00034879715361672793,0.10278188059627202,-0.013436358227785022
209,0.0003872013219856016,0.10262602429077988,-0.013221847689603189
210,0.0003276129725463652,0.10259028604127074,-0.013010339892424672
211,0.0003057173687906903,0.10267041843799307,-0.012808107171037149
212,0.00024017272332132761,0.10283178313522695,-0.012619400526782856
213,0.00022522962604258406,0.10281923650870828,-0.012422205265519869
214,0.00031827783947491976,0.10254214299311004,-0.01219662097238862
215,0.00027629873942224773,0.10228435858148116,-0.011951324822808876
216,0.00022367074300521034,0.10220939789277939,-0.011719659267973272
217,0.0003582837833997466,0.10224271585013434,-0.011528024458376872
218,0.0004200520309988209,0.10229488737449699,-0.01136807250599342
219,0.0002496187584783531,0.10232051983863893,-0.011214593338774559
220,0.00016362591830865582,0.10230563176874913,-0.01105206246071861
221,0.000343646498889356,0.10233418642522735,-0.010861785634637838
222,0.0005504258988302626,0.1023733324939845,-0.010627544184784388
223,0.000624701755555606,0.10232168895596605,-0.010375954301425471
224,0.0005417062492327528,0.10223858806258157,-0.01013858508759834
225,0.0003270925479658569,0.10210332696373858,-0.009903956252799922
226,0.0002472495969444719,0.10206010906304092,-0.00967637017126366
227,0.0004175227957808601,0.10216930783838735,-0.009467351740167464
228,0.0005823806885612054,0.10216203858311934,-0.00925196835625575
229,0.0006002302090538942,0.10204952752787022,-0.009016596426251657
230,0.0005538701617200403,0.10197073499717035,-0.008770387000485418
231,0.0005250689560743118,0.101907444500343,-0.008534797380470503
232,0.0005390444409258269,0.10191223346352313,-0.008322456830699806
233,0.0005847255127064657,0.10202680794117536,-0.008113154427789846
234,0.0006396797713555035,0.10210907188912627,-0.007910136328430899
235,0.0006826667198883314,0.10201344432090087,-0.007740776066553011
236,0.0006166705692402623,0.10187263852859185,-0.007588277378671186
237,0.0004815088608686956,0.101854748511636,-0.007413658060289416
238,0.0004865575615799018,0.10182427550318301,-0.007223561936601751
239,0.00048208020017446594,0.10182356816499677,-0.007035545315556672
240,0.00028245467711423286,0.10188618719598141,-0.006844980564424577
241,0.00017594259205073928,0.10185305312230436,-0.006662864334092338
242,0.0002602405080340971,0.10174003554862798,-0.0064949794589264365
243,0.0002663870271987427,0.1016128055855029,-0.006331106560287472
244,0.00020198245613964935,0.10152106608954492,-0.0061670847459071795
245,0.0002818891027573838,0.10148486466337248,-0.006002175999711666
246,0.0005112873250115047,0.10158159721369131,-0.005836590043851356
247,0.0006747894589345549,0.10166190522006613,-0.005669810295554396
248,0.0005928013650260914,0.10161924144442336,-0.005486907195078158
249,0.0004083424732110245,0.10158456739504862,-0.0052797602064501275
250,0.00040756563171760784,0.10146814248758235,-0.005071308217803676
251,0.00045148507150934744,0.10128373590517631,-0.004859621416961361
252,0.00032779358924507314,0.10123241163353425,-0.004617694319639421
253,0.00020759560610966905,0.10125514387744605,-0.004362222413537904
254,-0.0015248474805439247,0.10113193581618657,-0.0041320080501233356
255,-0.005578713042394541,0.10095116110092117,-0.003933472440050847
0,-0.008645579866243541,0.10097076104726366,-0.0037414684196633956
1,-0.009247959231989462,0.10111712434668263,-0.003529783081847938
2,-0.008888924499554057,0.10111645398108071,-0.0033002198928543964
3,-0.00893593890830291,0.10100556596212928,-0.0030810221417249
4,-0.009607472985047723,0.10093473026888594,-0.002896650947171486
5,-0.010219274572123294,0.10088225209394891,-0.0027400910835438316
6,-0.01209056329272374,0.10089331318100664,-0.0025896900212437676
7,-0.015777471351730712,0.10092268143338806,-0.0024208729415596307
8,-0.018193279277447044,0.10087275789383143,-0.0022254627334129763
9,-0.018299541593213484,0.10080449412860243,-0.0020317482713393294
10,-0.01799379556902156,0.10069087825204653,-0.0018436703026216026
11,-0.018189462362794666,0.10066559319376156,-0.0016497949669937477
12,-0.020420186813468272,0.10078021872444765,-0.001469521353179559
13,-0.025241072977470358,0.10076278504678249,-0.0013090060465105226
14,-0.02911707707700828,0.10062798038097004,-0.0011532791363283793
15,-0.03006205519536513,0.1006052741164466,-0.0009921611051386405
16,-0.03131974832317998,0.10064106242269494,-0.0008079660569811943
17,-0.03477693089979926,0.10059139492842067,-0.0005957625546172333
18,-0.03735088879336941,0.10049958220192601,-0.0003717561868248926
19,-0.03757429195528701,0.1003482863224957,-0.00014781394438624076
20,-0.0372000993304326,0.10020694086331661,0.00005608987215712175
21,-0.039042000437854565,0.10018541404884757,0.0002454703997118387
22,-0.043909600366630844,0.10021933660839483,0.0004394413121885485
23,-0.04790482116248747,0.10031879034109714,0.0006357484781102855
24,-0.048826181076160186,0.10049159188779394,0.0008468049689023525
25,-0.049881734392440036,0.10049395013113871,0.0010646715961362156
26,-0.05328303544750165,0.10030812234679859,0.0012578574993310698
27,-0.056136499953437224,0.1002458345099907,0.0014250590590524502
28,-0.05669464727876525,0.10030409102997817,0.0015807680056073043
29,-0.05824705303653613,0.10033261243971475,0.0017324592093724677
30,-0.06257821485366197,0.10033675664172154,0.0018960504347824711
31,-0.06628377801020144,0.10025768089508474,0.002077730313382352
32,-0.0673848066535257,0.10013750409163824,0.0022659660978823137
33,-0.06737493477061152,0.10008082932118906,0.0024688357441036606
34,-0.06734182281658646,0.10003954645583368,0.0026785404624797777
35,-0.06889612533097556,0.09997143331744729,0.002866382132295472
36,-0.07265514874821488,0.09987834689453695,0.003047243192344214
37,-0.07542497806104143,0.09978578455478837,0.003255516097546313
38,-0.07553718844473992,0.09971800479549214,0.00347735401546264
39,-0.07491136285225428,0.09968552991216645,0.0036871961689769316
40,-0.074777899298442,0.09968329312289331,0.003883437220209302
41,-0.07677023542374428,0.0996949446813803,0.00406590426710908
42,-0.0813942999481943,0.099700200999576,0.004249893351211016
43,-0.08504409187380643,0.09976511449904824,0.0044321948958959585
44,-0.0858334168986557,0.09975604186078263,0.00458762429951721
45,-0.08534380997817642,0.09960171423259556,0.004734538658128885
46,-0.08481014463329847,0.09947447310112306,0.004911031352077159
47,-0.08452792931945599,0.09939897200915887,0.005119868984242286
48,-0.08429920540434263,0.09935543670847641,0.005343448831875713
49,-0.08404529605805611,0.09924636563305356,0.005555560038660911
50,-0.08384922238307457,0.09919133026188887,0.005729400845010182
51,-0.08359912595809213,0.09934178189121295,0.005881268741850224
52,-0.08339076485629454,0.09948607794107978,0.006035779527952319
53,-0.08329623410153433,0.09940661370496201,0.006179663162016895
54,-0.08308643099570695,0.09921739266639051,0.0063074147103146724
55,-0.08289296815789429,0.09919154461710344,0.0064317170985669254
56,-0.08291202864511077,0.09918748971241453,0.00657329337618396
57,-0.08295496112671963,0.09899687017552022,0.006741260320188527
58,-0.0828823981452344,0.0988819462110353,0.006911177792646165
59,-0.08266166810043923,0.09892488087896495,0.00707011523997178
60,-0.08238492494864505,0.09893800664141861,0.007239188804628642
61,-0.08226357737875703,0.09897886050611565,0.007441599354399069
62,-0.08220987477487393,0.09903508350912649,0.007659022341646442
63,-0.08206028151834174,0.09893010744408864,0.007866349681431892
64,-0.08177155723757251,0.09867372651438627,0.008077673712903643
65,-0.07980968855039919,0.09855900628289821,0.008300237299690115
66,-0.07721893046194125,0.09863203158444378,0.008510378209615456
67,-0.07620452691771751,0.0985917300367799,0.00868391744994975
68,-0.07429336004339776,0.09852708596292303,0.00882543609445198
69,-0.07186531700219831,0.0986261930971109,0.008953692296939507
70,-0.07101447469368269,0.09863219780295546,0.009078833812164361
71,-0.07059103357802288,0.09847652560529352,0.009218076550144075
72,-0.0701547742111816,0.09835884728140087,0.00939101142693673
73,-0.069999606325713,0.09831118055835764,0.009591261023634511
74,-0.06979077285447743,0.09838518723475687,0.009787894343301837
75,-0.0695238319524841,0.09850574583145566,0.009954918575366293
76,-0.0695787346996311,0.09845192656672436,0.01009810488377473
77,-0.06806745284694035,0.09821457981954934,0.010237531655251434
78,-0.06424547138794862,0.09808401740737477,0.01013339100937365
79,-0.06136322524398208,0.09811439669102229,0.009695598355762412
80,-0.06049814597019068,0.09810313761743827,0.009158113256312758
81,-0.06007387088425009,0.09811414334313301,0.008620099475369378
82,-0.05951223949242662,0.09814863335986318,0.008371714305001145
83,-0.0587473415300043,0.09482423505511178,0.008555191086260194
84,-0.05795426388403874,0.06507480024981369,0.008967903334034428
85,-0.05600535589908828,-0.027778126903896194,0.009223866960381875
86,-0.052211950887830066,-0.18081478936132342,0.00915568875622793
87,-0.04966733423395486,-0.3534334686687943,0.008985657528875424
88,-0.04975939933659032,-0.5094505921192252,0.008567704757657384
89,-0.0504053994024983,-0.6140119628160765,0.007850855115147801
90,-0.050302992182534145,-0.6588133588286371,0.0070742319712218844
91,-0.04942994182960031,-0.6779076855335027,0.006299728819808604
92,-0.04816140404834138,-0.6991620495162416,0.004493548340729018
93,-0.04685886653519651,-0.72118971697597,-0.0021968762236863407
94,-0.04440425217502883,-0.7313410415884039,-0.017904199523676147
95,-0.04039517005010475,-0.7221955747061732,-0.04325980419128167
96,-0.03799951158661047,-0.6964262489705906,-0.07523640454251421
97,-0.038549175068921526,-0.6641006184829323,-0.12286386944804552
98,-0.039932351061396726,-0.6374320779777318,-0.20349925933505972
99,-0.04035285211733454,-0.6257849151121957,-0.309920723959507
100,-0.03942424490600889,-0.6323684565646581,-0.4204342500274628
101,-0.03793551291950896,-0.6534096956562334,-0.5226794001610142
102,-0.03505349617374573,-0.6799071042397133,-0.6115251299169637
103,-0.030299433997931807,-0.7012262046817219,-0.6854770291305057
104,-0.027003802757518916,-0.7091440508586504,-0.7441985587312376
105,-0.02688685801532366,-0.7008162845463002,-0.7873905961068322
106,-0.028151403460387872,-0.6795984902580399,-0.8148306446877753
107,-0.02915494420520924,-0.6534241697302634,-0.8270530017548414
108,-0.027747879842866502,-0.6317983657234214,-0.8260450527933139
109,-0.02321964194827142,-0.6222224542125705,-0.8154590975849687
110,-0.019018861569975454,-0.6271246897162408,-0.8001298575103224
111,-0.01719757018776088,-0.6433561772450671,-0.7850260340090138
112,-0.01663125893549776,-0.6638520593757495,-0.7740211268960815
113,-0.014870764603007687,-0.6803219118704016,-0.768953161587864
114,-0.01098602442389681,-0.6863709377896596,-0.7693336538466413
115,-0.008028504927343534,-0.6798020384536803,-0.7728158398982528
116,-0.007483603093822261,-0.6632309055033401,-0.7762443599432647
117,-0.007923078075233795,-0.6428598459032135,-0.7768958511989181
118,-0.008179373929113913,-0.6259711424923544,-0.7734611124867059
119,-0.006179311510076185,-0.6181518963953014,-0.766431382722657
120,-0.0013563399925527755,-0.6213052463806445,-0.7577849789115934
121,0.002593483822436439,-0.6331485033738704,-0.7501331105044748
122,0.0036896217883934167,-0.6483021897973573,-0.7456752633624777
123,0.0032899413911064938,-0.6604720586775068,-0.745366456678143
124,0.004343202986691444,-0.66484516890903,-0.7485979698559491
125,0.00831540650579673,-0.6597918378494583,-0.7534848892432864
126,0.011570877135348722,-0.6472786890385149,-0.7576213927060742
127,0.012088300150776835,-0.631916238668772,-0.7589964401025324
128,0.011717059830217688,-0.6190804339897817,-0.7567182988300096
129,0.011726490463534266,-0.6128672629001515,-0.7512862794609496
130,0.012316396469190027,-0.6146546441910339,-0.7443313920229311
131,0.012973687759756998,-0.6227694098395229,-0.7379505865380303
132,0.013260978657729482,-0.6333115598439876,-0.7339045732207712
133,0.0131820688226792,-0.6417515269632008,-0.7329854988330586
134,0.014438637562068292,-0.6446525419017304,-0.7347803479493977
135,0.01793475175517731,-0.640867198306659,-0.7378954852350976
136,0.020577105261130477,-0.6317987343527001,-0.7405319396071708
137,0.020987664891055878,-0.6206959809530233,-0.7411766487137572
138,0.02081270654195133,-0.6113145255356562,-0.7391455718738071
139,0.021031354729757423,-0.6064895817006237,-0.734785728221915
140,0.021809186688490925,-0.6071588853746033,-0.7292821627834387
141,0.02281097373983812,-0.6121652713188024,-0.7241664239986727
142,0.023437906570418846,-0.6188518347103493,-0.720728238869256
143,0.02487517502108355,-0.6241651820382623,-0.719555186572628
144,0.028051023145249952,-0.6258148429651851,-0.7203628579674737
145,0.030152008261800922,-0.6230525040963846,-0.7221590941549123
146,0.029899468511343057,-0.6168130007356605,-0.7236586409699244
147,0.029320012265931256,-0.6092195821521496,-0.7237771256376013
148,0.02964809577476657,-0.6026936805900593,-0.7220156769840311
149,0.030692587374805652,-0.599036327259532,-0.7186015370837131
150,0.03191763575570651,-0.5988259100408757,-0.7143504138801002
151,0.03448849621792571,-0.6013266553669032,-0.7103222265406444
152,0.038750990067764654,-0.6048923737193643,-0.7074132750603974
153,0.041392586628734795,-0.6076656700966345,-0.7060405665187386
154,0.04096572999369012,-0.6082816802761766,-0.7060277143466058
155,0.03948613942457105,-0.6063133123323414,-0.7067183464487947
156,0.03871986373842759,-0.6023197712522341,-0.7072564534295487
157,0.03899915562604757,-0.5975245374242506,-0.7069161939699247
158,0.03985765328276808,-0.5932859761582527,-0.7053552505588383
159,0.04093379240797082,-0.5905836047463757,-0.702705030971144
160,0.04182096811876845,-0.5897108838169856,-0.6994791304622285
161,0.042180414954472015,-0.5902636854946439,-0.6963504909052205
162,0.041906505655874435,-0.5913895670270679,-0.6938916718158639
163,0.040938884743312295,-0.5921675602347094,-0.6923773580777774
164,0.03964741610173596,-0.5919554368728082,-0.6917155326469147
165,0.03876684310216437,-0.5905767311783703,-0.6915194532955127
166,0.03858532812456346,-0.5883008022761591,-0.6912791797171387
167,0.03892481732865724,-0.5856577159880023,-0.6905588897908117
168,0.039562515396996456,-0.5831889570278475,-0.6891447076124952
169,0.04041968526523272,-0.5812445289459292,-0.6870945634522052
170,0.041246725293987874,-0.5798994604134255,-0.6846835479016182
171,0.043265787840324296,-0.5790001568746084,-0.6822777642467701
172,0.04692399607929272,-0.5782935020345932,-0.6801921084334988
173,0.04894039165240245,-0.5775635257485383,-0.6785862069617468
174,0.04831582217743276,-0.5767105220053335,-0.6774312483084819
175,0.04733701263298039,-0.5757464412077871,-0.67654942754205
176,0.047438032545623676,-0.5747267238872276,-0.6757003454221773
177,0.0485254858137443,-0.5736695834373244,-0.6746750538575386
178,0.04962103830543782,-0.5725153586154581,-0.6733619168408185
179,0.050289906166796405,-0.571152161426856,-0.6717652254586424
180,0.05064515505393538,-0.56949440565274,-0.6699789436959658
181,0.05062150965560186,-0.5674861958136219,-0.6681347647366322
182,0.04980932313056234,-0.5653501310180595,-0.6663497492865067
183,0.048305183760724985,-0.5635787710495901,-0.6646934590497879
184,0.04703461261087481,-0.5623775570178202,-0.6631819010986311
185,0.046603088798093356,-0.5617269790581869,-0.6617924708518033
186,0.0471090810379563,-0.5615585323371104,-0.6604863726162586
187,0.04814668845789019,-0.5615863022821139,-0.6592253338165794
188,0.048926040972476686,-0.5613555895933935,-0.6579763104078575
189,0.04942326051745599,-0.5604328330073156,-0.6567068307557344
190,0.04981906904805135,-0.5586108602987871,-0.6553796241626149
191,0.04970366980270055,-0.5560281579895172,-0.6539551662318328
192,0.0489808708794776,-0.5531474709774857,-0.6524050435733504
193,0.04807845917327827,-0.5505954277853433,-0.6507309570953876
194,0.047265377546181486,-0.5489208396843699,-0.6489783895421444
195,0.04669522186939912,-0.5483662271823302,-0.6472340010048117
196,0.04685949505307324,-0.5487479439949676,-0.6456022939396491
197,0.04781100181318704,-0.5495013916730602,-0.6441672661282334
198,0.04860379508660684,-0.5498829766796238,-0.6429537687981501
199,0.04704609357564621,-0.5492555252426299,-0.641906382043576
200,0.04266965480471539,-0.5473459781691956,-0.6408985452395248
201,0.03898744728620614,-0.5443702233135164,-0.6397728856398428
202,0.0393776812092886,-0.540969143668264,-0.6383999200591537
203,0.041422223073429604,-0.5379737975502705,-0.6367326429527398
204,0.04015973840908435,-0.5360868707314475,-0.6348336968563957
205,0.03712547415388008,-0.5356039484147359,-0.6328610218787687
206,0.035824967883754735,-0.5362861060504387,-0.6310139552147518
207,0.03612899407912727,-0.5374383692272586,-0.6294583432365688
208,0.03701422542375303,-0.5381684721133226,-0.6282593308414506
209,0.036137261689815875,-0.5377285390505799,-0.6273494172483383
210,0.03404605825218217,-0.5358075864429701,-0.6265468615401284
211,0.0346028910410089,-0.5326595599902499,-0.625620096648432
212,0.0364012856374593,-0.5290141693025534,-0.6243750799984924
213,0.03495248788382048,-0.5258020105398862,-0.6227321593601896
214,0.030179922143404037,-0.5237984483659726,-0.6207616524081798
215,0.026448418015033087,-0.5233236210486556,-0.6186624155021019
216,0.026004478576459683,-0.5241154340013978,-0.6166896255936423
217,0.027034045994009465,-0.525426113915958,-0.6150582641622673
218,0.027786262273850226,-0.5263064389402197,-0.6138592229763935
219,0.027760343288025693,-0.5259688036678838,-0.613021099859536
220,0.02725963722665501,-0.5240893272843385,-0.6123337553922474
221,0.02672108836248792,-0.5209324345386501,-0.6115259575138055
222,0.026351483858677215,-0.5172497751771306,-0.6103681702143926
223,0.026043494540632706,-0.5139924271558385,-0.6087611720572037
224,0.0258646211386572,-0.5119472556065592,-0.6067759953533138
225,0.02602809669224164,-0.5113548055380395,-0.6046290224669346
226,0.02636327207881964,-0.43723055490755214,-0.60260097987005
227,0.025123763007296032,-0.13997451398683047,-0.6009303891502791
228,0.023063895142541202,0.42919672552339105,-0.5997222250540741
229,0.02224053018275539,1.036709518256352,-0.5989070174130198
230,0.020377036894216313,1.3558994850426973,-0.5982664368517749
231,0.017761411371323338,1.4048369301271455,-0.5975158885084908
232,0.01819451410920185,1.4131864681654278,-0.5964126638619685
233,0.02020860707276273,1.4779784851044218,-0.5948482879032644
234,0.019179331914027146,1.5712359921216708,-0.5928897062467722
235,0.016651275929464145,1.6334831261819511,-0.5907404608214144
236,0.01756871169489327,1.6302356154741222,-0.5886787863156204
237,0.02210852289091097,1.5634778131784275,-0.5869728740801168
238,0.024356018274028758,1.4617314284473069,-0.5857450457150746
239,0.02296204120560716,1.3648108491957132,-0.584922308956866
240,0.023314192119061827,1.3065696164500495,-0.5842865893158036
241,0.023515843713290907,1.3065360475435144,-0.58355614964298
242,0.021764467464594282,1.3642203996237479,-0.5824909379259635
243,0.022483419653323636,1.4533972174187753,-0.5809816075646483
244,0.024694715188405464,1.5314344482375155,-0.5790884958321805
245,0.02558162934557931,1.570177439038444,-0.5770162227989706
246,0.025680672189124246,1.5664426590682794,-0.5750342277108391
247,0.025599416084393138,1.5176975204723626,-0.5733740010000623
248,0.025639219959646353,1.4347171458174728,-0.5721422368928981
249,0.025905414945551437,1.3549651575292234,-0.571282548046707
250,0.026233952945333802,1.3102558393793786,-0.5705994719710006
251,0.026335044005013117,1.3104896034918108,-0.5698346525762048
252,0.026136748110498736,1.3540954435590695,-0.5687654624736789
253,0.025817049736266376,1.425181298772027,-0.5672883424147248
254,0.025464616135964943,1.4926856232197663,-0.5654556119249157
255,0.025130558653467486,1.5278918258867407,-0.5634527230772417
0,0.024991966482537473,1.520090129306885,-0.5615257391076975
1,0.025170261487339883,1.4775649081537265,-0.5598874633497575
2,0.02546274741799954,1.414610854593346,-0.5586381256686499
3,0.02561376856460585,1.352789020160622,-0.5577302488509506
4,0.025604380143587367,1.31632128663226,-0.5569899515552801
5,0.025487479025984736,1.3147850079299568,-0.5561853339583827
6,0.025404004316696857,1.3470682571470127,-0.5551150290202649
7,0.02536244862704666,1.3993361135227573,-0.5536830454051509
8,0.026932892220650054,1.4480689970836256,-0.5519320525851561
9,0.030850131638419653,1.4764157178879742,-0.5500236560479232
10,0.03224751713156079,1.4744409086476251,-0.5481745062683065
11,0.030469488677613066,1.4427148282842288,-0.5465734970157947
12,0.031090943377935387,1.3948377521376392,-0.5452986185969204
13,0.033675785635537206,1.3496781091569403,-0.544306445841612
14,0.03504899058489916,1.3232527181639724,-0.5434734124512284
15,0.03513779724366578,1.3229643835273355,-0.5425979453358931
16,0.03484292534821885,1.3462796297967743,-0.5414894877092844
17,0.034647817218662086,1.3820114308156133,-0.540081559963735
18,0.034463130007366935,1.4087899651214886,-0.538416932469004
19,0.03434661568294081,1.417306416290979,-0.536608725764878
20,0.034295622183117616,1.4170770038227927,-0.534830480246459
21,0.034236452991361924,1.4036028670093468,-0.5332674541936528
22,0.03413928787126359,1.3729891895639246,-0.5320112400749168
23,0.033990542490379166,1.3381620775554501,-0.531022819203899
24,0.03392439222986128,1.3151682397931066,-0.5301714223902187
25,0.033968545183876805,1.3132887118771874,-0.5292839278242698
26,0.03399340752871881,1.3295928311237013,-0.5282090453999619
27,0.035569730467256755,1.3563800885992667,-0.5268716095581796
28,0.03946053376604118,1.3815402245464092,-0.5252969050281444
29,0.042414085832422926,1.3938210897908094,-0.5235969417973902
30,0.04119004932156263,1.390055786439635,-0.5219251755329133
31,0.03840308150920978,1.3730334821393337,-0.5204177500688316
32,0.037658584300334474,1.3477972815782078,-0.5191436826511882
33,0.036646262589942274,1.3232518875318822,-0.5180821757936038
34,0.03495282921892526,1.3090701782261935,-0.5171343597489471
35,0.03618386393901957,1.3079504299419358,-0.5161636034539823
36,0.04023263148864556,1.3172868828545887,-0.5150481139933931
37,0.042717094271922953,1.3299759436978738,-0.513725665322704
38,0.04218905848725993,1.3419609293807802,-0.5122141278185679
39,0.041053638134577713,1.3512201775210109,-0.5106012376144176
40,0.04077955853743054,1.3515956258438226,-0.5090088255501535
41,0.03983446989726358,1.339891791800504,-0.5075460169065888
42,0.037018746710992506,1.3209110305540097,-0.506269350965165
43,0.03664133765983835,1.3044324520724695,-0.5051643397717331
44,0.03884091892195406,1.2960169307535776,-0.5041542963364276
45,0.03780724687090928,1.2950721915276886,-0.5031318162433529
46,0.03595263105422007,1.299081831361633,-0.5020000848829795
47,0.03599372764048428,1.306630685364642,-0.5007081651148655
48,0.034028218892150616,1.3103364625592975,-0.49926746474821604
49,0.03115281893419243,1.3071792834518408,-0.49774424477964807
50,0.03218633401924936,1.3075127754164013,-0.49623220901346765
51,0.037228605537216145,1.3093729773511185,-0.4948164068518399
52,0.041876849145967524,1.3052780132995938,-0.4935423052381227
53,0.04209511251331709,1.2986252327849117,-0.4924012093453163
54,0.03964230368982259,1.2939967306117692,-0.49133652176691545
55,0.03987061675780265,1.290788847737967,-0.4902673431450044
56,0.041826391166157634,1.2868751511586014,-0.48911968300210495
57,0.041954425004351745,1.285628034719358,-0.4878532909144735
58,0.03932640272168533,1.2883074327627453,-0.4864744464157216
59,0.03639985887048146,1.2880786502879742,-0.48503082487391547
60,0.035858060152220164,1.281757004708573,-0.4835914293594019
61,0.03658496865823818,1.274758163977502,-0.4822199219628378
62,0.039155705259934906,1.2726798190111355,-0.4809516087936827
63,0.041970460221911435,1.2754179693012642,-0.4797823304396107
64,0.042343553991586416,1.2778566211424027,-0.47867257726492474
65,0.04166283096991941,1.277041717572852,-0.47756430802029337
66,0.04113792769503331,1.274174492622385,-0.4764034293466899
67,0.04066959021346389,1.268713176019673,-0.4751592832372238
68,0.04050335661524343,1.2603739144425306,-0.47383418986977244
69,0.04076238018834186,1.2533723531196581,-0.47246024562602695
70,0.040892711206950136,1.251940475082593,-0.4710854689833639
71,0.041021505172115474,1.2540421912361754,-0.46975515397481393
72,0.04142221387187976,1.2542096905852906,-0.4684956185327862
73,0.04166724474773868,1.2525727252294399,-0.46730611207550643
74,0.03978579009634203,1.2528311399491345,-0.4661612071331174
75,0.03519068312583662,1.2546076627407694,-0.46502197143284785
76,0.03330676960313006,1.2536325148725482,-0.46383801862396035
77,0.03661138957346245,1.2485012679172294,-0.46258158887971734
78,0.038241808890217666,1.2353186781036776,-0.4612774975614813
79,0.03478483646072782,1.2204101943688417,-0.4599575240100704
80,0.03101937196301474,1.2218300046476451,-0.4586431061219898
81,0.029822697048681165,1.2317158312332364,-0.4573581717066473
82,0.030043403610433894,1.2347180091082834,-0.45611840565938055
83,0.030396562021765938,1.2353023668294538,-0.4549248837926907
84,0.030383253317379788,1.237814093704114,-0.4537639293980511
85,0.031728100425402375,1.2380351866915573,-0.45261257649414666
86,0.0355808324971046,1.2332080894278583,-0.45143393610848004
87,0.03707247618200257,1.2255114558690257,-0.4502060741657501
88,0.03354431510569089,1.2164769528209578,-0.4489369201389779
89,0.030087399548078264,1.209448603306714,-0.44764128835874306
90,0.029665723177161013,1.2092857479257635,-0.44635148216967235
91,0.030592729738771612,1.2137291534413004,-0.4450918453045003
92,0.03118729663318756,1.218247366869869,-0.4438638962257506
93,0.03093976259574685,1.2215459784090759,-0.4426663938600419
94,0.030009133913761775,1.2207439720763675,-0.4414933804074692
95,0.028899466446133032,1.2153583848513008,-0.44033460457525386
96,0.028135409384918562,1.2095372286234012,-0.43917778617161174
97,0.02791848367303791,1.2034910407233368,-0.4380116560757157
98,0.028317137854651786,1.1963180471839832,-0.4368286435272799
99,0.029189446063511135,1.189100759941088,-0.43562639721816576
100,0.03008157347995491,1.18340859082886,-0.43440782475220696
101,0.030611566662723605,1.1826461256402148,-0.43317981313514564
102,0.030664179127874266,1.186734120387316,-0.4319511130622189
103,0.030190352846222984,1.192983610860443,-0.4307299891685745
104,0.02766125204972178,1.196874446564621,-0.42952219256291646
105,0.02272978190616931,1.1945311668283503,-0.42832967078399165
106,0.019032881725888656,1.1887303902525295,-0.42715025235969306
107,0.018382487382182774,1.181533098095612,-0.4259783545787492
108,0.01909066553375191,1.1671504000199207,-0.4248065670248662
109,0.019675353601563764,1.1521904624101627,-0.4236277650394986
110,0.0197364340480414,1.1531265259753996,-0.4224372379980781
111,0.019503274504379282,1.1624048085488026,-0.4212342378451652
112,0.01914428105255072,1.1695557896952389,-0.42002242899883724
113,0.01874882937707959,1.176193917239282,-0.41880898083303664
114,0.01860727020122939,1.1793472601738264,-0.41760244777080446
115,0.018754858314928916,1.1750814724409446,-0.4164100133695037
116,0.017217416868761423,1.1641292206021028,-0.41523497366790085
117,0.013275635837330907,1.1540807493127878,-0.41407535954819275
118,0.010272400279489703,1.148454638894667,-0.41292429176637335
119,0.00967449833705742,1.1435393918500547,-0.4117720949044077
120,0.009791024827870434,1.1419822779604085,-0.4106095530392997
121,0.009514268661514554,1.1453903545996686,-0.4094312116780132
122,0.008820660754159292,1.148079523571735,-0.40823752164810734
123,0.008055621993974832,1.1502960707779835,-0.407034959581702
124,0.007711169288033689,1.1538948837969403,-0.4058339550155323
125,0.008069080127230264,1.1526392352345614,-0.4046452656395745
126,0.007171496484696893,1.1450995464330078,-0.40347606420516935
127,0.0038796618920673986,1.138170064908734,-0.4023271794510843
128,0.002842719516275155,1.1318052064255961,-0.4011925727183412
129,0.004710459686199892,1.12418556671373,-0.400061340079515
130,0.0038884911025672195,1.1214633286092446,-0.39892158922040677
131,0.0007743722921458376,1.126477226959175,-0.3977648063559749
132,-0.0013221436045638343,1.131536037887702,-0.3965890923671158
133,-0.0021520275480491,1.1308050124033717,-0.39540001989011153
134,-0.002245771144373753,1.1289552627137414,-0.3942087237632532
135,-0.001897512306391673,1.1274646797829533,-0.3930278720636462
136,-0.0013190232682367322,1.1229594031159662,-0.39186698277714815
137,-0.00065064439236652,1.1177381561281665,-0.39072883275339265
138,-0.00160474506265329,1.1117681245296454,-0.38960832952382307
139,-0.0051777345544675585,1.1041158653370289,-0.3884943115398489
140,-0.008373725171725879,1.1011414828904984,-0.38737364344320313
141,-0.009712715136005641,1.104089094467081,-0.3862360962060014
142,-0.010624741669046145,1.1063013042685577,-0.3850781855636014
143,-0.011437879104923207,1.106305809835916,-0.38390451473060483
144,-0.011952751766936234,1.1055556144168621,-0.3827260958220855
145,-0.012328930855956731,1.10463496370165,-0.3815562610649138
146,-0.012305059336467673,1.102003638825491,-0.3804056888616776
147,-0.011496215808368501,1.0961357769650322,-0.37927841181613065
148,-0.010159052971526042,1.0912390113103982,-0.3781703102815881
149,-0.009232374984216338,1.0891108441902784,-0.3770706610018688
150,-0.009263794283794612,1.0887149048175018,-0.3759661587811428
151,-0.009675275562865786,1.0900707061429,-0.37484589653738964
152,-0.010144232907716245,1.092275915367689,-0.37370542988110933
153,-0.01079395894882091,1.0943355652001054,-0.37254840210075746
154,-0.011388937092595308,1.0949398531895862,-0.37138513013543095
155,-0.011811770201451181,1.0927443076341126,-0.37021558298510315
156,-0.013501429589977024,1.087544095033905,-0.369032126599385
157,-0.016895271557548042,1.0806339224297123,-0.3678594193631707
158,-0.01908666720685626,1.074181191436932,-0.3667188501649373
159,-0.01902897919860067,1.069895694131091,-0.36559812017805027
160,-0.018392481499376362,1.0685146382716915,-0.3644945076380246
161,-0.018567542585212135,1.0695594518776064,-0.36340050154296777
162,-0.01984721736351211,1.071474013474615,-0.3622983661613337
163,-0.02127444509497531,1.0729028615928424,-0.3611847249534693
164,-0.021892710670332063,1.0712622508175311,-0.36006696187651976
165,-0.021651242828964468,1.0650916035343791,-0.35895691830117915
166,-0.02093855219796919,1.0591968569882986,-0.35786416349317296
167,-0.019803969508625514,1.0503093900431066,-0.35679115567619
168,-0.018607594673522694,1.0386088245699887,-0.3557318330833792
169,-0.018065438285096456,1.0370715228366238,-0.35467387218776547
170,-0.018221334113440443,1.0422242227631866,-0.3536035086867876
171,-0.018746803357370355,1.0462672568928624,-0.3525109281043364
172,-0.019490438437848666,1.0474160894125202,-0.35138099386584787
173,-0.02180431109656611,1.0459639986793148,-0.3502148706241548
174,-0.02457897567861527,1.0467912806565534,-0.3490507984329423
175,-0.023771867158148836,1.0467151621728372,-0.34791545570660243
176,-0.020939360401934545,1.0430710044539544,-0.3468102331112489
177,-0.01924431870814574,1.0401555443026052,-0.3457323760725992
178,-0.020376866761875785,1.0378227117680825,-0.34467398246224057
179,-0.024579351141108194,0.948054966083252,-0.3436233330640407
180,-0.027906762912565004,0.5210711365071905,-0.3425680210366939
181,-0.02868654082159569,-0.20594821843150513,-0.34149863662887725
182,-0.028616963107856025,-0.7414595250379943,-0.3404115645499355
183,-0.028745182941205108,-0.8830270958659012,-0.3393098138154932
184,-0.029289835440405726,-0.8686435481286465,-0.3382015641905205
185,-0.02991206530730106,-0.8957956285661002,-0.3370969776188377
186,-0.030243118225904114,-0.9883464352586149,-0.33600445912297305
187,-0.030065484555541686,-1.0862999447843764,-0.3349277283649895
188,-0.02929592514333497,-1.1326660440253518,-0.3338647286993983
189,-0.028386662929256734,-1.106268126259419,-0.3328086955065185
190,-0.027855769426133117,-1.0208638066320557,-0.3317509040435541
191,-0.02765472765622351,-0.9122022713662483,-0.3306840194292844
192,-0.027673654349379115,-0.8220211485349139,-0.32960479185267433
193,-0.028113060966350356,-0.7826493055946443,-0.32851513040654157
194,-0.028923531117546836,-0.8059011427061575,-0.3274212245399123
195,-0.029526999268281937,-0.8797272730082004,-0.32633111510987134
196,-0.029621921670804796,-0.9736510639386866,-0.32525167280081735
197,-0.029334096003878887,-1.0511182872845906,-0.32418612190891527
198,-0.028700250490153498,-1.0835034344600825,-0.32313300063018724
199,-0.02801726687435048,-1.0601260508120567,-0.32208688324737744
200,-0.02756532415922698,-0.9916006471137665,-0.3210405271488165
201,-0.027268378158099724,-0.9050881919438386,-0.319987596972648
202,-0.027222629150607677,-0.8332012788288374,-0.3189249412732672
203,-0.027515732817123495,-0.8014944844405383,-0.3178536052901706
204,-0.02796958258017343,-0.8192499570164098,-0.31677826312611557
205,-0.028351869671590077,-0.8768138860757011,-0.31570534707075615
206,-0.028497836865701898,-0.9501527752897188,-0.3146406177926725
207,-0.02835448808037691,-1.0105658389509578,-0.3135870906638186
208,-0.027978865695964972,-1.035653748414409,-0.3125440610595802
209,-0.027505207202228432,-1.0173648090004628,-0.3115075342125534
210,-0.027091572392910074,-0.9642501071387264,-0.31047183624019037
211,-0.02694497748338151,-0.8973842591283796,-0.3094317611645965
212,-0.027070383312685728,-0.8418176681515279,-0.3083844437075658
213,-0.027227185374353702,-0.8170058585258204,-0.3073302874584457
214,-0.02739341953945898,-0.8297770690441713,-0.3062726564868501
215,-0.027606621839225062,-0.8726718740498063,-0.30521650482977025
216,-0.027735987568101445,-0.9276001924646633,-0.3041664971201663
217,-0.027681659789399946,-0.9728462307315167,-0.3031253308002666
218,-0.02752694205297891,-0.9915315014688093,-0.3020928598657051
219,-0.027391396758807182,-0.977822885971595,-0.3010531798153293
220,-0.02714038457536573,-0.9382077204308996,-0.29999655080355014
221,-0.026832908240459197,-0.8884526903080716,-0.29894421479269884
222,-0.02680503536353282,-0.84721944540523,-0.2979059549273809
223,-0.026940022795267332,-0.8285906597817427,-0.2968723765168648
224,-0.026978469015176212,-0.8372851062136295,-0.2958396643040778
225,-0.027090676920282983,-0.8677278040748324,-0.29480854969150205
226,-0.027274123743685458,-0.9066699810460968,-0.2937820940725199
227,-0.02721403291847381,-0.938599178564401,-0.2927631706446089
228,-0.02701858059386167,-0.9516715053199358,-0.2917525394408964
229,-0.02527813696358973,-0.9418657621942375,-0.29074812188282473
230,-0.021126780756599267,-0.913919151144404,-0.2897456037925483
231,-0.01937825509371216,-0.8789278143275738,-0.2887400072426739
232,-0.022512854942748357,-0.8497549784114571,-0.2877275457796138
233,-0.0257787096193538,-0.836125672810228,-0.2866939049224283
234,-0.024847672574925324,-0.8412642544973656,-0.2856354325675593
235,-0.020420074402894,-0.8612127971951102,-0.2845816369717641
236,-0.01686727391576765,-0.8868760485100746,-0.2835497507668622
237,-0.016224026926503918,-0.9078122932830437,-0.2825344546610986
238,-0.017076580493568014,-0.916212095891701,-0.2815314153943974
239,-0.017634991117884483,-0.9095623825869628,-0.2805367400221811
240,-0.017136540736959367,-0.8911109798409815,-0.2795466840365666
241,-0.016355954328389575,-0.8681475670746512,-0.27855772281533
242,-0.01581594463812273,-0.8489363767893758,-0.2775669121960721
243,-0.015255353926836038,-0.8395696811147797,-0.27657234126309194
244,-0.014868301311296853,-0.8419270098380167,-0.27557344948392737
245,-0.015142797360682275,-0.8533998114111527,-0.2745710400683705
246,-0.015853542102648693,-0.8683137456477117,-0.27356694169571316
247,-0.016319953053536798,-0.8803466298447915,-0.272563403776931
248,-0.016463397477514255,-0.8849329907793688,-0.27156240836065826
249,-0.01663397322530115,-0.8807531692793251,-0.270565112009192
250,-0.016665259230094105,-0.869845423512416,-0.2695715858493364
251,-0.0163007624679408,-0.8564515967407167,-0.2685809206013393
252,-0.015743520567842013,-0.8451769542781813,-0.2675916420992186
253,-0.015114895075000676,-0.8392413312809648,-0.26660228365761507
254,-0.014688815837958433,-0.8394738915696189,-0.26561191728822375
255,-0.014913727422116434,-0.8443403210115326,-0.26462046851521737
0,-0.01554284390804142,-0.8508573061034896,-0.26362871968340773
1,-0.01591709280934675,-0.8559232344845744,-0.26263801517194685
2,-0.015996170836355718,-0.8574930053107837,-0.2616497814624055
3,-0.01599307722966576,-0.8551630742236283,-0.2606650330643745
4,-0.01583454567143719,-0.8500268999872014,-0.25968403383355887
5,-0.015650625541980406,-0.8439732322439966,-0.2587062246964068
6,-0.015609719064544735,-0.8388002818756011,-0.2577304348407996
7,-0.015375244666946234,-0.8355383236998346,-0.2567552965636607
8,-0.015006295433196568,-0.8342255470032289,-0.25577971686858736
9,-0.015130268749870762,-0.8341499899104186,-0.2548032433744122
10,-0.015491302756389595,-0.8343642950967363,-0.25382620198473127
11,-0.015738946938630108,-0.834187188383587,-0.25284956451490315
12,-0.01615016809195919,-0.8334547772893519,-0.25187459769130105
13,-0.016351980382269815,-0.832438615621359,-0.2509024186795372
14,-0.016084960116608336,-0.8315244711892911,-0.24993361190036012
15,-0.01584215888269571,-0.8308601871174344,-0.24896803790013988
16,-0.015498794841944413,-0.8301823325041879,-0.24799177987632315
17,-0.014988216504770755,-0.8289251639862285,-0.24699820906408898
18,-0.014712301904004556,-0.8265583672745165,-0.2460115881062438
19,-0.014569683802745145,-0.8229713260128744,-0.245043531364871
20,-0.014560063151179851,-0.8186853764037769,-0.24408469817178202
21,-0.014793611036390132,-0.8147508262638998,-0.24312965452393898
22,-0.01506597738616778,-0.8123380397298281,-0.24217654985367554
23,-0.015352852352560974,-0.8121896642201674,-0.24122591110735714
24,-0.013849895593417663,-0.8141878485328733,-0.24027904386324228
25,-0.009599211589620175,-0.8172608334604488,-0.23933660505894017
26,-0.007896255654798408,-0.8197149253489124,-0.23839780308498681
27,-0.011106687207276613,-0.8198885591567135,-0.2374604256601004
28,-0.012566314935325633,-0.8168687463705071,-0.23652158550960467
29,-0.009031601320187085,-0.8109594914059453,-0.2355788201403629
30,-0.005342796724872791,-0.8036756565175207,-0.23463107419228735
31,-0.004685594633385859,-0.7972249054748959,-0.23367916391427368
32,-0.00557943145215397,-0.7936579048398547,-0.23272554017328562
33,-0.006296266190086022,-0.7940202731160664,-0.23177344302151093
34,-0.0062394063794263925,-0.7978598602313536,-0.23081265521745042
35,-0.005682837314591387,-0.8033148746217407,-0.2298392876297647
36,-0.005305626804629627,-0.8077794454738241,-0.22887848343292372
37,-0.0049807305186261915,-0.8089049726425754,-0.2279406719289503
38,-0.004427795568617549,-0.8055468218910682,-0.22701379656948673
39,-0.004249236553596694,-0.7982714660989514,-0.2260892309435929
40,-0.004604941256527339,-0.7892021907972528,-0.22516262898860184
41,-0.005036871240221697,-0.7812404127727077,-0.2242335853729981
42,-0.005531752520790214,-0.7769519505218587,-0.22330429873516555
43,-0.005939466929334371,-0.7775507308050789,-0.22237773629780944
44,-0.005994953467512998,-0.7823857656901887,-0.22145593412354436
45,-0.005791286846620159,-0.789147473123363,-0.2205389805550263
46,-0.005489020290254715,-0.7947290995126464,-0.21962495578133123
47,-0.005052056053451709,-0.7964184185244574,-0.21871074288672543
48,-0.004653953359158547,-0.7929582656019099,-0.21779331826281678
49,-0.00473787819231844,-0.7850581448486038,-0.2168709818697946
50,-0.004958769488383944,-0.7750659708151497,-0.21594404682296442
51,-0.005011780117754687,-0.766259864603734,-0.21501474098435425
52,-0.005104467510175273,-0.7616399705302448,-0.21408638544676195
53,-0.0051911891874920416,-0.7624014918727675,-0.2131621860644375
54,-0.005350348491478755,-0.767632338367688,-0.2122441054682449
55,-0.0054711962319169555,-0.7747807385549912,-0.21133223250264366
56,-0.0053568564584469385,-0.7806515947996382,-0.2104248618160931
57,-0.004991462720549648,-0.7826418283565983,-0.20951922227697606
58,-0.004620689415150344,-0.7793882366148432,-0.2086125549445319
59,-0.004544621995007752,-0.7714769807941617,-0.20770312646973021
60,-0.004666034192292707,-0.7614348849725596,-0.20679080855381526
61,-0.004832702138884952,-0.7526042470868859,-0.20587703366955823
62,-0.00495136751701798,-0.7478227700565077,-0.20496417785183252
63,-0.004984753753505931,-0.7483545936432745,-0.20405463023925519
64,-0.004767146806043308,-0.7534313493156439,-0.20314991033707774
65,-0.0044125976300276905,-0.7605633436297432,-0.20225015601535934
66,-0.004368798005487243,-0.766500951398847,-0.20135414983403177
67,-0.004514971950767993,-0.7684779832586464,-0.20045984276531226
68,-0.004549747006200379,-0.7652602028578106,-0.19956515314561585
69,-0.004696987119415456,-0.7575994510720843,-0.19866873030812127
70,-0.0049584684701505545,-0.7479255179332325,-0.19777040406339652
71,-0.005107245784059321,-0.7394020103448056,-0.19687117396579912
72,-0.005016445245064834,-0.7347145513690021,-0.19597277088212872
73,-0.0048223396245511314,-0.735057287931671,-0.1950769787844946
74,-0.004766370507996123,-0.7397014343720931,-0.19418498081180768
75,-0.004592592635418096,-0.7463016289198587,-0.19329696760631798
76,-0.004297440866275801,-0.7518118273971002,-0.1924121339282292
77,-0.004279689890883693,-0.7536520059120675,-0.19152903858737075
78,-0.00441659169723852,-0.7506774257894178,-0.19064617123507022
79,-0.0044204492643238075,-0.7435854259356169,-0.18976250466219058
80,-0.004531333574044065,-0.7346156971458471,-0.18887783217779924
81,-0.004766136832792038,-0.7266717101286557,-0.18799278266761404
82,-0.004743910929617703,-0.7222086406735742,-0.18710853158178525
83,-0.004594574958488966,-0.7223147688724676,-0.18622633568108388
84,-0.006248568803105703,-0.7263306389686295,-0.1853470739062636
85,-0.008725946625689627,-0.7321383482551584,-0.1844709604118801
86,-0.008009079182682375,-0.7369958474321825,-0.18359752002334262
87,-0.007107449394370819,-0.7385872155490505,-0.18272581374571562
88,-0.00982429813004957,-0.7358858907063937,-0.18185481229982198
89,-0.012815405250100297,-0.7295087810578675,-0.18098377056802722
90,-0.013837270608646833,-0.7214403798196829,-0.18011246815815446
91,-0.01390531615235837,-0.7142478748688366,-0.1792412415019104
92,-0.013688848992615563,-0.7100977855002346,-0.17837081474197336
93,-0.013766696488437556,-0.7099512803159547,-0.17750200841728403
94,-0.01419512815734987,-0.7132371227011642,-0.17663544137973258
95,-0.014466044074834955,-0.7181119241781055,-0.17577133263353278
96,-0.014452892047981836,-0.7221920751916224,-0.17490946347539882
97,-0.014055981131893831,-0.7234668843383769,-0.17404929698466653
98,-0.013483229356685639,-0.7210428597926017,-0.17319019628535148
99,-0.01326076860236141,-0.7154437652187471,-0.17233165431923736
100,-0.013320562619896392,-0.7083675790817883,-0.1714734535111635
101,-0.01338098472165515,-0.7020096941997245,-0.1706157078122285
102,-0.013483166648461359,-0.6982217608090586,-0.16975878642639652
103,-0.013503063572862219,-0.6977460845129888,-0.16890315986489463
104,-0.013478997017358371,-0.7000691308732989,-0.16804923076940997
105,-0.01355729421057867,-0.7038872680729706,-0.167197208873765
106,-0.013589072375939724,-0.707314910306011,-0.16634706619283868
107,-0.013467370472337953,-0.7084108456605882,-0.16548545937599585
108,-0.013375629812112357,-0.7062779245348256,-0.16460660186829829
109,-0.013486336377681735,-0.7014224868704901,-0.1637355691854358
110,-0.013576823115959445,-0.6953263321157557,-0.16288446214104807
111,-0.013388785276382972,-0.6898293480273308,-0.16204391388907996
112,-0.013028054073871989,-0.6864544172399842,-0.16120794883997153
113,-0.01289854264151126,-0.6858703115419778,-0.16037384662207288
114,-0.01309448599242588,-0.6876809732805271,-0.15954124912116602
115,-0.013324373696381384,-0.690616008207684,-0.15871088707812975
116,-0.013541013046212164,-0.6930405976053149,-0.15788336991601604
117,-0.01378170523543868,-0.6935814051174445,-0.15705841144537364
118,-0.013792884754066793,-0.6916281669550162,-0.1562346785627151
119,-0.013365031349259478,-0.687527815915032,-0.15541021625779006
120,-0.012867416884026185,-0.6824119102044235,-0.1545832028030355
121,-0.012727355445458739,-0.6777385683162522,-0.1537526919578056
122,-0.012720762936249741,-0.6747334954945312,-0.1529190327765284
123,-0.012919585372646515,-0.6739439698279703,-0.15208380220124923
124,-0.013325485585573602,-0.6750673048971043,-0.1512492819356388
125,-0.013528394840882078,-0.6771048147192766,-0.15041768428800117
126,-0.013476631816169975,-0.6787679461067213,-0.14959041934713424
127,-0.013256837058149964,-0.6789724065134108,-0.14876767009481517
128,-0.013141866482767744,-0.6772313007426323,-0.14794841829843675
129,-0.011490288342340733,-0.6738055653328616,-0.1471308930080023
130,-0.008857114761264311,-0.6695679946648021,-0.14631326052780796
131,-0.0078490617723385,-0.6656465193148631,-0.1454942953027355
132,-0.00636978380444065,-0.6629914871271105,-0.14467379096627425
133,-0.004280304839916215,-0.6620324085481581,-0.14385257745503693
134,-0.003717186937476606,-0.6625472788466005,-0.14303216012081732
135,-0.00386651420354738,-0.6637814514450486,-0.14221413310770792
136,-0.0035841077125952263,-0.6647577988512936,-0.1413995927627933
137,-0.0027644190227022677,-0.6646517720219185,-0.14058876421230515
138,-0.002219767088780988,-0.6630879744728697,-0.13978096476583057
139,-0.0022656290286650494,-0.6602524686440225,-0.13897489845291416
140,-0.002542919314112631,-0.6567899864954831,-0.13816915617741066
141,-0.0029115744003939733,-0.6535372559196388,-0.13736272867045957
142,-0.003116339226410249,-0.6512016296278698,-0.1365553460289311
143,-0.003136885905128386,-0.6501078510616849,-0.13574753139720114
144,-0.0032875059068391953,-0.6501027172379299,-0.13494036637462836
145,-0.0033816781687163186,-0.6506428899245038,-0.13413506994176527
146,-0.0031509013576040343,-0.6510212959526007,-0.13333255368831531
147,-0.0027687316001498577,-0.65063891076157,-0.13253311448629523
148,-0.002307177555855739,-0.6492180626002522,-0.13173636622469548
149,-0.0021530619595586907,-0.6468822001235386,-0.130941419877123
150,-0.002467834767832612,-0.6440818985150938,-0.1301472315054808
151,-0.0026875206467368955,-0.6414054483432046,-0.1293529829819326
152,-0.0029230621554123797,-0.6393525104863564,-0.12855835752087008
153,-0.00326944150342519,-0.6381573202643884,-0.1277636189801809
154,-0.003208870606824745,-0.6377231093487814,-0.1269694800163707
155,-0.0029816435858334763,-0.6376834697445939,-0.12617682033184147
156,-0.0030275957288003153,-0.6375580688981739,-0.1253863651874058
157,-0.0030765118315900734,-0.6369376870302366,-0.1245984405638405
158,-0.0028093435036699206,-0.6356278874422727,-0.12381288585457573
159,-0.002342957521323427,-0.6337017516516361,-0.123029143450541
160,-0.0022947740046264636,-0.6314499554418254,-0.12224648089133294
161,-0.0028748558208538007,-0.6292554977121412,-0.12146425806198191
162,-0.003306960624998285,-0.6274459165341015,-0.12068214275329014
163,-0.003284719881782561,-0.6261794409305939,-0.11990020341356822
164,-0.0031436346730625902,-0.6254037968714565,-0.11911885627170399
165,-0.0027995073084368,-0.6248958635185606,-0.11833869633458938
166,-0.0023538841926092737,-0.6243596690800528,-0.11756027960697141
167,-0.0020901446261607564,-0.6235408541721557,-0.11678393525671826
168,-0.0021577635030393307,-0.6223138887789159,-0.11600966969063875
169,-0.002412833180598331,-0.6207129726131513,-0.11523718794647053
170,-0.0024136661190736685,-0.6189015080308224,-0.11446601568112047
171,-0.0024534336442936537,-0.6170983274442221,-0.11369567232666822
172,-0.0028925814616117236,-0.6154927765887415,-0.11292583292220892
173,-0.0031393755501705764,-0.6141810773451299,-0.11215642524136732
174,-0.002822373710916008,-0.6131445350864557,-0.11138763506565152
175,-0.002401554827165097,-0.6122720280996434,-0.1106198253476236
176,-0.0021976196956693533,-0.6114124659616067,-0.1098534029825517
177,-0.002119257408858011,-0.6104337463247678,-0.10908868121616139
178,-0.0020703380941789317,-0.6092657040040255,-0.1083257830076711
179,-0.00046969378210447166,-0.6079139153876856,-0.10756461351832652
180,0.0033862768604126046,-0.606444211679297,-0.10680490526008568
181,0.006356465908319838,-0.6049487884039804,-0.10604631587915697
182,0.006889305784691484,-0.6035098309349742,-0.10528854339622062
183,0.006687692462655343,-0.6021745357546722,-0.1045314209635903
184,0.0069245447890111285,-0.6009482456000164,-0.10377496255067087
185,0.0058954831819106115,-0.5998039045438945,-0.10301934834861709
186,0.00398300179091618,-0.5986999500200465,-0.10226485815251718
187,0.004973280349189486,-0.597597259121514,-0.10151177661597366
188,0.007387653077250467,-0.5964686901833847,-0.10076030151857157
189,0.00798697536761905,-0.5952999842499491,-0.10001048356177056
190,0.007139439876357189,-0.594003005976335,-0.09926221517132583
191,0.006212209996843632,-0.5926208459138587,-0.09851526996276039
192,0.005953447274736347,-0.5913589370686494,-0.09776937884753412
193,0.006284073644964989,-0.5901445121419422,-0.09702431782600918
194,0.007055370826193737,-0.5888324436311563,-0.09627997944320371
195,0.007852716661319682,-0.5874809678326749,-0.09553640544634939
196,0.008319203331951866,-0.5861807875342542,-0.09479377067142306
197,0.008502955354961705,-0.5849834431494361,-0.0940523237355492
198,0.008329114484060955,-0.5838922700114606,-0.09331230390748299
199,0.007689923022815825,-0.5828704729962568,-0.09257386132874773
200,0.006889166122511158,-0.5818535855064462,-0.0918370068551273
201,0.006430840178982549,-0.5807687736717619,-0.09110160829558758
202,0.006342752903894831,-0.5795602297635551,-0.09036743471270572
203,0.006448357711571845,-0.5782126050279011,-0.08963423435017645
204,0.006811499726403342,-0.5767619395707446,-0.08890182017038226
205,0.007429421407549243,-0.5752873694911156,-0.08817013397115034
206,0.008051603840053413,-0.5738846204488914,-0.08743926677469382
207,0.00830396947274099,-0.5726302530050349,-0.08670942783672275
208,0.008070936311614528,-0.5715503429290176,-0.08598087228707815
209,0.0074757254868734035,-0.570606605627981,-0.08525381202874463
210,0.006826308992297015,-0.5697068582098141,-0.08452834088418956
211,0.006533196219087758,-0.5687373402243865,-0.08380440052761026
212,0.00653841165418623,-0.5676054481406867,-0.08308179981149022
213,0.00670981897747212,-0.5662765811197608,-0.08236028132664425
214,0.007078877724687883,-0.564790252174749,-0.08163961210864784
215,0.007488749034767088,-0.5632481160564731,-0.0809196664141838
216,0.007836005136033754,-0.561777352863797,-0.08020047080737203
217,0.007886398548590542,-0.560482724809408,-0.07948219497609438
218,0.007570256189734684,-0.5594055992784717,-0.07876509106906904
219,0.00723141578764582,-0.5585061418273978,-0.07804940297888185
220,0.006983499412952666,-0.5576763265463902,-0.07733527815067923
221,0.006810240333968237,-0.5567795873314636,-0.07662271387533481
222,0.006720781877274384,-0.5557024269553492,-0.07591155777044242
223,0.006706305823568133,-0.5543982883558289,-0.07520156256278604
224,0.006940930533024494,-0.5529065711216383,-0.07449247544163795
225,0.007414768240596503,-0.551338987574566,-0.07378412951004368
226,0.007757840726934867,-0.5498379743926936,-0.07307650396508333
227,0.007767342525213066,-0.5485227633222594,-0.07236973096677168
228,0.007456289510200402,-0.5474436951696311,-0.07166404665904652
229,0.0070281297022721494,-0.546562421933638,-0.07095970431143453
230,0.006819118057305194,-0.5457658388867901,-0.07025688145826309
231,0.008397635835246643,-0.5449086643655547,-0.06955561513283587
232,0.012343552456253713,-0.5438685296764303,-0.06885578887721958
233,0.015592744022690376,-0.5425925481488261,-0.06815717608150645
234,0.016588156683623678,-0.5411175214946464,-0.06745952346297684
235,0.01660719892314222,-0.5395560092818039,-0.0667626437445305
236,0.01657249300167428,-0.5380535614667987,-0.06606648335852133
237,0.01680397412141072,-0.5367334556361438,-0.06537114043469866
238,0.015480836202730747,-0.5356500400889355,-0.06467682686157422
239,0.011607492442248818,-0.5347684402946482,-0.06398378890254347
240,0.01005526880816613,-0.5339782483388942,-0.06329221601611085
241,0.013162403298653765,-0.5331358044984373,-0.06260217164163293
242,0.016064457481689207,-0.5321188033440645,-0.06191357123505323
243,0.016220757935276154,-0.5308723698444704,-0.06122621507372061
244,0.015388364258597203,-0.5294291667895512,-0.06053986304217099
245,0.013468903382693735,-0.5278961398737068,-0.05985432322076922
246,0.011673375953259076,-0.526413276563197,-0.059169521365155214
247,0.013655487479831432,-0.5251003415549917,-0.058485525936367355
248,0.015558469354984741,-0.5240119351308168,-0.0578025201242553
249,0.014447103844419669,-0.5231178014074362,-0.057120732044558226
250,0.014681662045387976,-0.5223154962054957,-0.05644034961966668
251,0.01601233573410154,-0.5214701402394835,-0.05576145184060072
252,0.01589765786336348,-0.5204657882298225,-0.055083981489352646
253,0.014899406589328798,-0.5192487873254648,-0.05440776863054972
254,0.014316202600114795,-0.5178468639240452,-0.05373259518788309
255,0.01469818496154559,-0.5163571587107936,-0.05305827592548085
0,0.015622996375893483,-0.5149083123041458,-0.052384725598266096
1,0.016735809215399036,-0.5136114278241448,-0.05171198772993943
2,0.017665882863502527,-0.5125186506012231,-0.05104021525851385
3,0.017959596643060717,-0.511604839086566,-0.05036961131288231
4,0.01754544560516008,-0.5107787429387587,-0.04970035287270502
5,0.01655254981205829,-0.5099188132998478,-0.04903252592819196
6,0.01539188125848762,-0.5089195771674313,-0.04836609581825371
7,0.014648884833970616,-0.5077308488355785,-0.0477009227844607
8,0.014506998379119212,-0.5063751812006818,-0.047036815846908525
9,0.014861084573538193,-0.5049375304711461,-0.04637360413089053
10,0.015581301249566387,-0.5035317399993544,-0.045711198848746054
11,0.016335219105804065,-0.5022570675973028,-0.045049623306555694
12,0.016941429380212994,-0.5011613793951673,-0.0443890007803195
13,0.017238988954126934,-0.5002246666709826,-0.0437295059280836
14,0.016919327039027314,-0.49936850667757415,-0.04307129870460963
15,0.016141161823821762,-0.49848716080461775,-0.04241446566975193
16,0.015395364756252375,-0.4974879874848164,-0.04175899009111282
17,0.014986020379517614,-0.49632571197368724,-0.04109164426661993
18,0.014911256306429636,-0.495017876980252,-0.04040680726095357
19,0.015045906196435845,-0.49363626773901625,-0.039729714972206676
20,0.015334497629585622,-0.4922782990096073,-0.039072584369768196
21,0.015873776399068812,-0.4910297496245104,-0.0384261035501197
22,0.016551815024426077,-0.4899331038257715,-0.037784291781660526
23,0.016925639122432536,-0.4889731745212489,-0.0371443745077077
24,0.016702784501803285,-0.488084798019067,-0.03650590464033904
25,0.015999984919383634,-0.4871789431957825,-0.035869504578509515
26,0.015239566076748909,-0.4861768014379042,-0.035235674335368936
27,0.01473575012193687,-0.4850388080285384,-0.03460404019760625
28,0.014635664235353014,-0.4837779240456497,-0.03397322884654658
29,0.014954752104693325,-0.4824528019291259,-0.033341312665779624
30,0.015363099034647602,-0.48114415833430213,-0.03270656961350567
31,0.01568483804904977,-0.47992383688651996,-0.03206820643058503
32,0.01604977470166003,-0.47874597510723715,-0.03141361905443381
33,0.016230896222621582,-0.47764420102444527,-0.030739043968311036
34,0.01598840990967653,-0.4767691945539838,-0.03007217538388081
35,0.015544302648202668,-0.47596579289654173,-0.029427438656378632
36,0.015215157370553282,-0.47500252000716325,-0.02879673731077516
37,0.015021676084193858,-0.4738711111300147,-0.028173952957630893
38,0.014886548578247664,-0.4726338553086984,-0.027554964581773173
39,0.014876802924443072,-0.4713601337549309,-0.026937346084567867
40,0.01493861178583586,-0.47011301600365973,-0.026319885100795984
41,0.015142142428778954,-0.4689408670885171,-0.025702071680300143
42,0.015542829778544556,-0.4678649589692059,-0.02508368337149898
43,0.01584352684140196,-0.46687217815097504,-0.024464543580467832
44,0.015785812187162997,-0.46592013344178107,-0.023844464968257456
45,0.01541333116850585,-0.46495372648886146,-0.023223328491697837
46,0.013448313929645642,-0.4639262084696658,-0.02260121080380635
47,0.009347105986379091,-0.46281619757944426,-0.021978469642064527
48,0.006220908939501765,-0.46163434899701383,-0.021355727305143568
49,0.005602045024961772,-0.4604177401103833,-0.020733743189638006
50,0.005877754409217756,-0.4592147453445403,-0.020113217366652898
51,0.005828381258064544,-0.45806654326653096,-0.019494598718697277
52,0.005360350217021106,-0.45699229998534574,-0.01887797175769252
53,0.004974313384382565,-0.4559833171225296,-0.01826306671906988
54,0.004783320368512889,-0.45500781140162805,-0.01764939023175912
55,0.004692419610471829,-0.4540239537184838,-0.01703642779178697
56,0.004844655691909679,-0.4529958660838176,-0.01642384243662405
57,0.005311466203173007,-0.4519064839547513,-0.015811596520508245
58,0.005808131702309802,-0.45076271168519044,-0.015199953987622458
59,0.005926677674701387,-0.4495914278943225,-0.01458936661654485
60,0.005677018744159892,-0.4484283746677371,-0.013980291477973264
61,0.00536618222590363,-0.4473044746738166,-0.013373011605750204
62,0.005152142058377763,-0.44623478820274665,-0.012767528481989684
63,0.004904410840554677,-0.44521401458983423,-0.012163565556915279
64,0.004692113737517497,-0.44421977150694714,-0.01156067842821985
65,0.004845717532111517,-0.443221930212363,-0.010958426637508269
66,0.005290764609233972,-0.44219416291262936,-0.010356539767716964
67,0.0056559915236180855,-0.44112330305934866,-0.00975501456431381
68,0.005758608042119459,-0.4400132290824357,-0.00915410798910547
69,0.0056854893429717866,-0.4388822318567924,-0.008554231790821858
70,0.005502529806472602,-0.4377553014145503,-0.00795579156371844
71,0.005269119453627938,-0.43665453457576087,-0.007359033159659148
72,0.005007980317738856,-0.4355913191841483,-0.006763954540974108
73,0.004737713986446439,-0.4345630215055307,-0.006170314447182329
74,0.004619864871762049,-0.43355503952497876,-0.005577731439267038
75,0.004741893264825828,-0.43254704682620604,-0.00498583272333146
76,0.00505959878894836,-0.43152080914304936,-0.004394394606844551
77,0.005355273050501569,-0.4304665935899943,-0.003803421600300741
78,0.005600517350494619,-0.42938595409148683,-0.0032131363055362024
79,0.0058432004308694285,-0.42829019198126583,-0.0026238870957974326
80,0.005771920849253431,-0.4271954322297453,-0.002036011537520843
81,0.005367582317479837,-0.42611640675941787,-0.0014497089346998974
82,0.004948960792427674,-0.4250613166732833,-0.0008649699440784983
83,0.004682187782930918,-0.42402952959967255,-0.0002815877623298128
84,0.004715014504193142,-0.423012667875194,0.0003007564956525792
85,0.004913156529829231,-0.4219983568159722,0.0008823694256997225
86,0.0050449448272464024,-0.4209750117193649,0.001463430541485213
87,0.005277266386466792,-0.4199358356920213,0.0020439301303353773
88,0.005571566589154635,-0.4188806830341847,0.0026236811222975377
89,0.005656612228261547,-0.4178153628480208,0.0032023973801977128
90,0.0054980652975797715,-0.4167489283337251,0.0037798060536955395
91,0.0051110729659388735,-0.4156901561833666,0.004355750116261546
92,0.004759913227276779,-0.41464456213621537,0.004930242747514194
93,0.004724016343245335,-0.4136129343228363,0.005503455132934884
94,0.004868711368741081,-0.41259169366931037,0.006075645241884791
95,0.004980256569714892,-0.41157469792490553,0.006647057137790634
96,0.005022098605237602,-0.4105556507439494,0.007217830179811754
97,0.005199612472772858,-0.409530193026868,0.0077879519079190294
98,0.005544831916516672,-0.4084970140672981,0.008357270332943742
99,0.005736598466717199,-0.40745777560593055,0.008925558168490246
100,0.005623450380936986,-0.4064160917008872,0.009492602288310163
101,0.005340738047645425,-0.40537608489789245,0.010058283437811916
102,0.005061955255403953,-0.4043410746645728,0.01062261661581395
103,0.004905024655250724,-0.4033127824920233,0.01118573888548488
104,0.0049165863390032705,-0.4022087372932701,0.011747851915810369
105,0.004994305590263804,-0.40107200502948226,0.01230914323479768
106,0.005110869627738313,-0.4001033594210093,0.012869716952291652
107,0.005290735422855939,-0.39921782509487236,0.013429559577303317
108,0.0053289291520093075,-0.3982468739311411,0.013988551906459513
109,0.00526509062192566,-0.3972144772911752,0.014546519979858202
110,0.005260885887716531,-0.3961735684068506,0.015103303755885408
111,0.0051854673561167845,-0.39514788504791243,0.01565881665145498
112,0.004925165165543023,-0.39413735896821755,0.016213074048948055
113,0.004593450688957147,-0.3931343104532816,0.016766181825395146
114,0.0044557972534314295,-0.3921318827447675,0.0173182915858629
115,0.0046714256531955115,-0.3911260964876815,0.017869541425604332
116,0.005116316887567699,-0.39011580832104054,0.01842000539240915
117,0.005385312685313396,-0.389102243813763,0.018969670138092642
118,0.005275073935827846,-0.38808811971939683,0.019518445841988502
119,0.0051053325180118354,-0.38707635272155017,0.020066205151878347
120,0.005097060463074865,-0.38606879494364765,0.020612833680530566
121,0.004998372432536374,-0.38506555889361205,0.021158272295779004
122,0.004774204905989782,-0.3840652118305914,0.02170253582981873
123,0.004745821504993768,-0.3830656806248238,0.02224570273047887
124,0.00491308819464753,-0.3820653786069601,0.02278788156195203
125,0.005017384744345939,-0.3810639955406179,0.02332916857204235
126,0.005060360611357451,-0.37998015455818934,0.023869612919887553
127,0.005219786313592028,-0.37886017207280553,0.024409202124232587
128,0.005299764688538058,-0.37790861552281974,0.024947871747568254
129,0.005164856364965003,-0.37704333432136483,0.02548553386290736
130,0.0049818923970871044,-0.376096827829996,0.02602211215268363
131,0.0047334381541849525,-0.3750923574669468,0.026557569885925544
132,0.004580910277232338,-0.3740811538969159,0.027091920770449293
133,0.00470949552278003,-0.37308522797022203,0.027625219957252575
134,0.004840520007919635,-0.37210347349158657,0.028157540189631472
135,0.004784523092453297,-0.37112804426348167,0.028688943359298655
136,0.004731138173617545,-0.3701524675378882,0.02921945862323337
137,0.004777830425159507,-0.36917315043313614,0.029749074793492022
138,0.0048214383777568995,-0.3681889222477577,0.030277748634281496
139,0.004868122974329928,-0.3672005328388823,0.030805424504551315
140,0.004959016665994378,-0.3662101365259508,0.031332056840443406
141,0.004897699564823745,-0.365220537780218,0.03185762662357412
142,0.004621524994946075,-0.3642343048791248,0.032382146160145425
143,0.004417329063759362,-0.36325304466758856,0.03290565146805928
144,0.004432676659783778,-0.36227706318969144,0.03342818641819503
145,0.004565210765367592,-0.36130545766410727,0.03394978560486625
146,0.0046960980124234105,-0.36033653079877415,0.03447046263613586
147,0.004842541916437064,-0.35936834798382866,0.03499020778556619
148,0.0049432381030146706,-0.3583992659232066,0.035508994940346095
149,0.004811364563648848,-0.35742831468828695,0.03602679405455056
150,0.00464908307570913,-0.3564553794488321,0.03654358357421486
151,0.004705560768804202,-0.35548117801794243,0.037059357996466355
152,0.004744545908995127,-0.35450705865763144,0.03757412812142408
153,0.004607428527057009,-0.35353465957987795,0.038101031498123175
154,0.004508997084392032,-0.3525654899719083,0.03864554869458471
155,0.004642608068542669,-0.3516005151864551,0.039182305620722946
156,0.004855895794804652,-0.3506398488707476,0.03969900044784905
157,0.004930397002003218,-0.3496826547651275,0.040204944443983065
158,0.004877887831787577,-0.3487273240182813,0.040706201230686245
159,0.004770129489752617,-0.34777191797021656,0.04120568009206388
160,0.004748836042608224,-0.346814771277849,0.04170396413428909
161,0.004806055591037667,-0.3458550719457657,0.042200517844938584
162,0.00475487720034184,-0.34489321019349883,0.042694847442281275
163,0.0045910572706641395,-0.3439307414599567,0.04318725110275702
164,0.0045851944405100355,-0.34296993159911227,0.04367897410935315
165,0.004837569610848906,-0.3420130056440861,0.04417181184697529
166,0.005061504025690909,-0.341061348561971,0.04466739899516427
167,0.005007360188294443,-0.3401149506488319,0.045166517903147727
168,0.004714577787284097,-0.3391723251390921,0.04566872410853429
169,0.004446319951009988,-0.3382309654052955,0.04617244250406022
170,0.004422542987929157,-0.3372882082613088,0.04667549378794619
171,0.004616846860758325,-0.33634220521777447,0.047175842948019645
172,0.004720645408442237,-0.3353926421350434,0.04767228170697457
173,0.004672083627785881,-0.3344409214471006,0.048164791050759825
174,0.004747030832265358,-0.3334897109029783,0.04865445970602583
175,0.0048257881284780035,-0.33254199963545183,0.049156122806653935
176,0.004778945148143608,-0.3315999970641319,0.04967690712327075
177,0.006461437135406065,-0.33066428502144674,0.050192420169607094
178,0.008945266977947305,-0.32973355323764053,0.050690345677094434
179,0.009603184247392118,-0.3288050378344919,0.05117904310096805
180,0.010934325428934973,-0.327875518293952,0.05166309330785199
181,0.013151483208899202,-0.3269425113698079,0.052143976039333295
182,0.014003917863575674,-0.32592278137725117,0.052621432226996806
183,0.012528784397872784,-0.3248620497697524,0.053094958519423086
184,0.010367070936885062,-0.3239661309593388,0.05356491289482959
185,0.01154274017434203,-0.32315581088196665,0.05403290677834488
186,0.01266710743715288,-0.322267273214779,0.05450144858847647
187,0.011154783513610548,-0.32132678601426057,0.0549730809068642
188,0.009745349719667038,-0.32038656790848197,0.0554494210164026
189,0.0072963533067097516,-0.3194669401600909,0.05593051862851006
190,0.0045574235768332284,-0.3185628152782777,0.05641479375458358
191,0.005393457061753917,-0.3176614503689601,0.05689957698554271
192,0.009743462023721134,-0.31675244366249555,0.05738203883430587
193,0.013345741814687513,-0.3158308918304815,0.057860152361031175
194,0.014270348894350436,-0.3148976523490631,0.05833333258653106
195,0.01242093224412541,-0.3139582690366969,0.0588025303475303
196,0.00987024623608529,-0.3130207372785654,0.059269770265373084
197,0.009453006231626183,-0.3120925105599295,0.05973732877193358
198,0.008430612058121942,-0.3111777257550432,0.06020687177977799
199,0.006271194544754145,-0.3102757142633349,0.06067887042407544
200,0.005020584566054483,-0.3093813811604743,0.06115249391993835
201,0.0044169701164111785,-0.30848727586886504,0.06162599154431658
202,0.005678964484055901,-0.3075865117905825,0.06209739426967756
203,0.007603634484918988,-0.30667538521156745,0.06256525790231096
204,0.006223420607633406,-0.3057546954514877,0.06302917005949393
205,0.0036095788209085603,-0.3048292995429438,0.06348984679591813
206,0.0032913250207762534,-0.30390612751927526,0.06394880684882512
207,0.0045235508987048825,-0.30299146790399367,0.06440776857203051
208,0.005728211872996637,-0.29046547255841304,0.06486800868489906
209,0.007677883577104475,-0.2126743663676116,0.06532992177501828
210,0.009554016668164021,-0.004228559029368806,0.06579293073942405
211,0.007748723738682843,0.34023908642500067,0.06625575945227388
212,0.004264889845414459,0.760806785850799,0.0667169445047874
213,0.0027315742502265605,1.1663213363410785,0.06717538251763919
214,0.0027697072927136343,1.4621543231857514,0.06763070963425885
215,0.003401008611270344,1.6084836694796971,0.06808338496820548
216,0.004219299400190779,1.6670034964524616,0.06853446737696753
217,0.006541506392435632,1.7169561844565884,0.06898518849039062
218,0.009203395115823697,1.76937859921222,0.06943649261972623
219,0.008224572234788891,1.798381064226798,0.06988871433926935
220,0.00533858870154064,1.784785527779512,0.07034150169554398
221,0.0038654073078842905,1.7280628417736428,0.0707939949748142
222,0.0035072022130848562,1.649632526373706,0.071245176633294
223,0.0036490356407351647,1.5807385794699695,0.07169425169481447
224,0.005582061318928586,1.5468317793512147,0.07214091767791866
225,0.008087931541912995,1.552385968403911,0.07258543466054615
226,0.007244237299974615,1.5901027772602188,0.07302848623086661
227,0.004815703088291453,1.6556261306599636,0.07347089909023072
228,0.0038996707319725044,1.7224067515183892,0.07391333486183033
229,0.004113381995232607,1.7552834002794606,0.07435606800447644
230,0.004600915536171292,1.7419018393912067,0.0747989224210191
231,0.004664647541033129,1.6911287420614531,0.0752413752684189
232,0.004200156006483541,1.6277529972599791,0.07568277509061747
233,0.0037303557939625804,1.5754241350992557,0.07612258505117578
234,0.0036132445183809517,1.548668251574306,0.0765605616790054
235,0.0036253714321196136,1.5566805473921241,0.07699681167987701
236,0.0036699764109943654,1.5942009308244085,0.0774317191077756
237,0.003955921325608784,1.6434855310418834,0.07786578250960607
238,0.004283078238001597,1.6857250741223506,0.07829942960498681
239,0.004355993756553496,1.7055702542731153,0.07873287748099178
240,0.006008520146674849,1.6959431517909165,0.07916608219807542
241,0.00848995344531131,1.6592918325985608,0.07961190145312594
242,0.009195751445815362,1.6097948401693642,0.08007543451118973
243,0.010475979245574134,1.5669496321906138,0.08053096697535414
244,0.012443248760699827,1.5444346451923412,0.08096600675388219
245,0.013047907566997263,1.549296825376827,0.08138986756347807
246,0.013196023206835127,1.5768332264978575,0.08180877976461798
247,0.013680969281116138,1.6116648549602033,0.08222590498211979
248,0.014308924114643518,1.6390906619874857,0.08264207020308814
249,0.014606118682193373,1.652557003971217,0.08305690001533639
250,0.01440619806683148,1.64750348981711,0.08346994168018115
251,0.01400215320817122,1.6225465356449513,0.0854554306700272
252,0.013578623293917375,1.588716221740762,0.09441782464569937
253,0.013039575636610776,1.557216246233959,0.1169748436126298
254,0.01266546085895233,1.5377824294208309,0.15915734105301194
255,0.01275486181349457,1.533129292927483,0.24223801312521964
0,0.013045444759840118,1.5432177713866908,0.3764615880819512
1,0.013273147379664611,1.5729857982548783,0.5209857107629753
2,0.013508744722996083,1.6053642490997833,0.6376611301654981
3,0.013820496376481965,1.6188038080246727,0.7305955821541916
4,0.014078331147246083,1.612068310929196,0.8152481732215655
5,0.013959369878394842,1.591687287976555,0.8995971028835101
6,0.013490295734718938,1.564615149906185,0.9844459148523992
7,0.013022899753480852,1.5386006500146845,1.06691916113565
8,0.012729972873387799,1.525112236790985,1.1435162100337983
9,0.012667980676549874,1.5275728888505453,1.212929438492568
10,0.012735758535604443,1.5394884123666865,1.2772978979801262
11,0.012981126201197672,1.5546927653174878,1.341225804649968
12,0.01344561568728491,1.5674526587240698,1.4098664111791814
13,0.013810418448563913,1.5744215499355727,1.4869769208858679
14,0.01379153037870598,1.5723331535646112,1.5733972428835297
15,0.01341615518006875,1.5601721364987329,1.6665922946373755
16,0.01297462075443992,1.5432210100127435,1.7609594522212424
17,0.012745933396511998,1.5281979925789733,1.8478003380009653
18,0.01277104075171727,1.5197419144040305,1.9179668510810322
19,0.012874099901403938,1.5175340699174797,1.9673294466823865
20,0.012965457199556673,1.5207202027742213,1.9981007665108867
21,0.013015620572009168,1.5279713610722974,2.0160607703072877
22,0.012985345721412949,1.5344959274795267,2.027429745023518
23,0.012977054950869774,1.537967564396515,2.0368701253992976
24,0.013006806381250603,1.5347411152771455,2.046623184195445
25,0.013045037225626846,1.5230309211829578,2.0557749033734707
26,0.01309100985179422,1.5111344045638777,2.061421181906116
27,0.013028721445762122,1.5038896138725155,2.0608794953272467
28,0.012775833015257233,1.4996817735285521,2.0531240014297056
29,0.012445694428537709,1.493327747616982,2.03842218930392
30,0.012289309706701348,1.487147720446961,2.019631675245649
31,0.012377965315709595,1.493850016099005,2.0028941035549392
32,0.012643259771091979,1.5056490017845876,1.9926653875594518
33,0.01298703358156714,1.5068180002998015,1.989744225884011
34,0.013098992175633206,1.5003378611417029,1.992801057930098
35,0.012937552347955412,1.493609131740273,1.9988844085328479
36,0.012823180934410428,1.4888148715310425,2.004424523442494
37,0.012784350821834406,1.4872730364351892,2.0061880889305623
38,0.012713273819938975,1.4873756720191649,2.002662990361464
39,0.012654729815506464,1.486509135566235,1.9948936336211034
40,0.012573565369521696,1.483064319341108,1.98527195459062
41,0.01243077526165811,1.476445265237277,1.9761255068801438
42,0.012438349140875837,1.4719247581557444,1.9692828926284704
43,0.012674736533283229,1.4724310010649884,1.966181059586095
44,0.012862077131423358,1.4734002406398283,1.9670898790998983
45,0.012769188009904162,1.4721347976593027,1.970258352965141
46,0.012449268974647265,1.4701900633275935,1.97301379072612
47,0.012168986467877736,1.466964289223446,1.9729891896729992
48,0.012059797923450334,1.4631246776620443,1.9691714963922706
49,0.012046472334977375,1.460320628688578,1.962508571567641
50,0.012058630117505614,1.455577279136349,1.9547723635329834
51,0.01206997340895432,1.450608430033526,1.9477520925416485
52,0.012157891228223812,1.4488554109560754,1.9429221594638424
53,0.012276261688560247,1.447326805155618,1.9408565905418662
54,0.012303155568526136,1.443339094679478,1.9410901941831105
55,0.012277218720467727,1.439850923407251,1.9423490723688772
56,0.012246877119926163,1.4414019867297307,1.9431025005226976
57,0.012227521918342414,1.4454944628048905,1.942117741326049
58,0.012212920811142253,1.4470670279853453,1.9388478095919721
59,0.012275013622141381,1.4431090719148263,1.9336392150807757
60,0.012281083437824778,1.4337236286195565,1.9275348460985269
61,0.01207400956943653,1.4238242552577645,1.9215095287543118
62,0.011946945113129988,1.4165030347065066,1.9161782918292056
63,0.011994332597239116,1.4131767162881044,1.912319144884326
64,0.012033245340049813,1.4130399768566533,1.9103582030351802
65,0.012038385472064164,1.4138671550804425,1.909313869997308
66,0.012034356533577761,1.417251926107653,1.9076083232366328
67,0.012115739966847817,1.4200923542102606,1.9047697435108377
68,0.012148969815658855,1.4193432570698823,1.9012477486303698
69,0.012046374707196036,1.4181314268112706,1.8973258579599603
70,0.012043816966254145,1.4153718905962358,1.893017675228367
71,0.012027146795372878,1.4075157582781048,1.8887268278341516
72,0.01190016057631288,1.3960691988490668,1.885352387842488
73,0.01025061058103351,1.3887824615206044,1.883212333478447
74,0.007940633108050953,1.3895933076524565,1.8816100676302314
75,0.008883628604335583,1.3935019248162783,1.879834969925625
76,0.011442649432349801,1.3967248958433904,1.8778145671699047
77,0.012235613591499505,1.397420544011565,1.8754855882030554
78,0.011731295586029328,1.3957029502235012,1.8726921543635884
79,0.011228799390666271,1.3945462611522021,1.8695472662571975
80,0.011300859176765567,1.392156008239462,1.8662897885192393
81,0.011587048903144739,1.385817884455233,1.8631621046309403
82,0.011807912675275374,1.3760843399450406,1.860324119272975
83,0.012079743872179083,1.3675022588909993,1.8575215297716197
84,0.012211984946837978,1.365895019380702,1.8545067889388172
85,0.011989032438928841,1.367636532263087,1.8515523830791603
86,0.011623115767035085,1.3674142237826392,1.8484403941580787
87,0.011397025518979566,1.3685840150201178,1.8448526242484027
88,0.011293136627568114,1.365890904081931,1.8402573902947834
89,0.011207078940827172,1.3506308734857835,1.833555648592836
90,0.011197546694132202,1.339681320615063,1.8263053834890943
91,0.011302627300862188,1.3451548815478453,1.8211715854952235
92,0.011568385902871868,1.3491190403985605,1.8181227185994846
93,0.011869416545361167,1.342061138401926,1.8162325175647762
94,0.012007388972472888,1.33441132025145,1.8148649753717025
95,0.011896914291613235,1.335143797240037,1.8135037358906905
96,0.011636234466003363,1.341770970410992,1.8118158388044812
97,0.011407923346271602,1.3476852735125027,1.8096212301431525
98,0.011153386545989658,1.3518330122325128,1.8075054574731366
99,0.010923664629208588,1.350779426621033,1.8062210770942055
100,0.010937129691389762,1.341623866277014,1.8055878961529404
101,0.011112910186141405,1.331483369490309,1.8045826363701023
102,0.011176068274037984,1.3258941981803347,1.8024659140484767
103,0.011232592352234401,1.3226464083453933,1.7994183365074994
104,0.011447094422503183,1.3206137165684302,1.7957763804098628
105,0.011527382952147988,1.3211280582112304,1.791793356110249
106,0.01138548832608302,1.3226580074255696,1.7876578534047614
107,0.011226800506179795,1.3243008925703328,1.7837472586619185
108,0.011108931526449595,1.3272688563605803,1.7808835252141781
109,0.011117227663544907,1.3282963362852214,1.7792678093276306
110,0.011123403225358382,1.322303702674649,1.7782755257016012
111,0.011048972707594105,1.3115318944734637,1.777163602037886
112,0.011041163088505015,1.3033048342783204,1.7750695536490433
113,0.011087192222762526,1.2991629693725573,1.7715682745251584
114,0.011131478784464056,1.2973587621449707,1.7672482953191055
115,0.011138207018593575,1.296627833266994,1.762825029015814
116,0.011183160395716513,1.2975048024729547,1.7587184475979063
117,0.011152122704732328,1.3021269433321785,1.7550607535293654
118,0.01099021075690837,1.306233100999175,1.7520178959977404
119,0.010877204188842946,1.3000710923703944,1.749009459417655
120,0.010835676289163945,1.2855454844084404,1.7454115263044354
121,0.010919545630825183,1.2779904169920697,1.7424411263097985
122,0.01097595286267549,1.2771388818172729,1.740371423884591
123,0.010830497059643368,1.274298323324409,1.7380293372917723
124,0.010758210145798856,1.2726912741331073,1.7349291608168311
125,0.010836219987672355,1.2727010077807788,1.7310296121889044
126,0.010788522465590922,1.2731619757968886,1.7268513098142773
127,0.010635239703576285,1.2768814142748504,1.723550694059509
128,0.010617012449498388,1.2793263892176867,1.721730668179326
129,0.010684330132983949,1.276849766582048,1.7210619778231289
130,0.010685532212362112,1.2733300825908969,1.7206225280769596
131,0.010730943770710478,1.269111501533697,1.7195133712990591
132,0.01074333744997899,1.263014025984463,1.7175306554224106
133,0.010662847185754207,1.2570971600035201,1.7146034508788262
134,0.010720596128873158,1.2537660019142236,1.710732370750792
135,0.010779890678065406,1.2534582736476558,1.7060658577994339
136,0.01071711010808657,1.255154655583075,1.7008743474118244
137,0.010745671898452193,1.2574291210513664,1.6961927289055048
138,0.010743608779327535,1.258318984193847,1.6928754938324984
139,0.010530502222581995,1.2566457121078525,1.6908048101126782
140,0.010305640593893627,1.2525861730189858,1.6896803339030715
141,0.010210321256519727,1.2469717236304838,1.6886049460433572
142,0.010271502648916495,1.2407249510226483,1.6865781768405386
143,0.01046994667616218,1.2351583117576843,1.6833710378906304
144,0.01062385659426928,1.2302678131593048,1.6791922870921319
145,0.010570531325378534,1.2257859567263316,1.6748319477953633
146,0.010357026350114745,1.2239412593527876,1.6707740572370309
147,0.010202166486935633,1.2263726177927632,1.6669738379471344
148,0.010268983407684035,1.23076694037578,1.66371207915435
149,0.010488660575056003,1.227031938660577,1.6606772137348562
150,0.010621226842040924,1.2162542388653987,1.6576469184001708
151,0.010495378036173793,1.2115258328594134,1.6554420701363988
152,0.01026925458691081,1.2110014344645994,1.6538442299723748
153,0.010156604648454047,1.2103522980521713,1.6518296009669644
154,0.010065857477817394,1.2101504803726044,1.649129890813244
155,0.010067019035745712,1.2082274966683975,1.6460283573311107
156,0.010279207271499696,1.2064151533358927,1.6427920778646978
157,0.01047725088082909,1.2066717940336265,1.639827959840738
158,0.010518781965611502,1.2051386082079745,1.6378762827873148
159,0.010385975859224073,1.202600980701492,1.6370126872669806
160,0.01011093033935865,1.2022807037612888,1.6365517071691018
161,0.009971488487236755,1.2007737459504852,1.6357270547658773
162,0.010014258194576485,1.1963531916661396,1.6339505956674403
163,0.009955506910409393,1.1916187411991972,1.6310322700804152
164,0.009902113513441137,1.186970736036487,1.6272205048318762
165,0.010048499243127795,1.183755920569853,1.623040329621558
166,0.010211846615557896,1.183678367079703,1.6190788204588689
167,0.010177323848395876,1.1848006668417583,1.6157981451579184
168,0.010045986779333368,1.1848908849549002,1.6134061926715448
169,0.010073670003936042,1.181048740393035,1.6117661471055884
170,0.01018739238169274,1.176045020804818,1.6104330394438229
171,0.010211109243285822,1.1741100885768838,1.6088468246067134
172,0.010081421895458308,1.170818193649605,1.60630745423002
173,0.009899308422609193,1.1654788270142293,1.6022908092811106
174,0.00981753335007805,1.162365470249608,1.5973659782236727
175,0.009723350695232023,1.161936258988578,1.5927118324216138
176,0.009610795818192207,1.1626863656409676,1.5888625949363657
177,0.009577646200606551,1.1628464967108565,1.5858627272818309
178,0.009580908535821806,1.1632460188050753,1.5834446088873078
179,0.009656030008945597,1.1564326166797159,1.580276622708185
180,0.009827198211156803,1.1422772823225857,1.5760708876787355
181,0.009855259604217969,1.139146385418302,1.572669918715473
182,0.00971682006034455,1.1459648047933109,1.570216313462967
183,0.009711257604960426,1.1487996330401065,1.5672944321805797
184,0.009739064441161502,1.1451359688644676,1.5638208268129494
185,0.00960124677566087,1.1402102394230775,1.5605684539194913
186,0.009546582744961701,1.138509895566687,1.5576846740283017
187,0.009722362108827952,1.1372514737489565,1.5548494367178005
188,0.009803297809951705,1.1366755013820025,1.5524519010018851
189,0.009604560789753618,1.1371159375627333,1.551084146222017
190,0.009367936803592058,1.13539861466771,1.5505039735510788
191,0.009341929700484117,1.1331612685988164,1.5500183365338946
192,0.009432359971964857,1.1306396572780684,1.5490411709499918
193,0.009460839408310929,1.1270115943651047,1.5472191468656513
194,0.009447823276171885,1.1224584912030928,1.5442811147184115
195,0.009358397424697854,1.1187248381007624,1.5401777511588968
196,0.009332358109231123,1.1195464696494009,1.5354958848882765
197,0.009514872452681147,1.1225194011738,1.531244981831743
198,0.009684786569008987,1.1230386116296516,1.528171114771241
199,0.009703323527916134,1.1207419674283425,1.5259327498867985
200,0.009559533726740878,1.1170517997429306,1.523595483686068
201,0.009290584215906339,1.1132528620258224,1.5210326781500143
202,0.009090771033312645,1.1099300648574233,1.518625193995685
203,0.009126000204369482,1.1071290316164615,1.5163104753056618
204,0.009259875615349942,1.1047715135783243,1.5139013878812846
205,0.009221032916843144,1.1029293042086636,1.5114419541847384
206,0.009076779306901026,1.101724492576341,1.5090419917614883
207,0.009002861755864691,1.0992651356545697,1.5068331318689885
208,0.008985444233861706,1.0957238301452148,1.5049135335105226
209,0.008978179069417957,1.088038238941258,1.5021847006730589
210,0.00904316643673284,1.0766009028305703,1.4977286040777664
211,0.009137214044777072,1.0738942569228045,1.4932016171121676
212,0.009147015846849078,1.0774681446723853,1.4899124444001282
213,0.009115962213448302,1.0787114437292495,1.487328095810669
214,0.00900963619837672,1.0777320923460518,1.4848914482355706
215,0.008884982837338563,1.0736450676415221,1.4824509459686381
216,0.008935590589924654,1.0695421550839788,1.4798742601633466
217,0.009065564454858038,1.069959424357485,1.4772559283541056
218,0.009017148135328997,1.0724404255033595,1.475190330400689
219,0.008857569853506511,1.0711908934200896,1.4735946318247093
220,0.008763701686420641,1.068561425388221,1.4719455141971003
221,0.008727361455284115,1.0669631328234184,1.4703056627764113
222,0.008709057833195526,1.0641693283132274,1.4685986986288415
223,0.008692627925085673,1.060589784730377,1.46645502287002
224,0.008678996842982244,1.0572851780971981,1.4637554625327103
225,0.0087532277141396,1.0566282374593081,1.4606877857500828
226,0.008869102613212089,1.0577358296120432,1.4575945965787347
227,0.008818872670710527,1.0575543490980346,1.4545308176343261
228,0.008762949215204232,1.0547935604879668,1.4515445807422007
229,0.008903477671315482,1.0494884293558089,1.4490729217654614
230,0.008968404509112106,1.0448727207429123,1.4471673079468093
231,0.008787245966765937,1.0420816731587936,1.4453831911810604
232,0.008590435751472711,1.0360153418977052,1.443069784209543
233,0.00860731415710347,1.0228700389222873,1.4399395219215787
234,0.007160717946025831,1.005715424519381,1.436542770655565
235,0.004825977624066422,0.9885598857342592,1.4333290925651174
236,0.00552482310838396,0.9740886460298053,1.4303839968524636
237,0.007864316754244038,0.9609421695201608,1.4277949590494243
238,0.008669121966259942,0.9458729474624343,1.4256030226835374
239,0.008374094584291572,0.9308920011670576,1.4229558938872402
240,0.008053018914192689,0.9178333646703454,1.4185193734165522
241,0.008098843466715848,0.9037305707147607,1.413236832178347
242,0.008363773662004602,0.8871277518081344,1.409214520449297
243,0.00870018271831697,0.8716119623124348,1.4065845533461236
244,0.008896774396319591,0.8591131874000375,1.4045025905881254
245,0.00898224609914644,0.8463694279229026,1.4025713236967299
246,0.009072670335640291,0.8315013492009871,1.4006906655311249
247,0.008994335549613007,0.8172948299447644,1.398718734333345
248,0.008709587354536887,0.8052344597256518,1.3966996334000594
249,0.008323835115844214,0.7939283231626701,1.3951254198149239
250,0.008045112130784089,0.7821124274324927,1.3938140076330878
251,0.008051782396970068,0.7680228677462604,1.3921950985090672
252,0.008184612862135211,0.7516807325770694,1.390334949968397
253,0.00834408866371704,0.7368537481360782,1.3882187057373505
254,0.008606244860782576,0.725092051813236,1.3856491157232957
255,0.00888964742164678,0.7144476578039385,1.3827279831456072
0,0.008960676423676806,0.7036147533593424,1.379725978879399
1,0.008679377438281902,0.6922160887384585,1.3768980836949933
2,0.008264000552767568,0.6804886454549461,1.3741868569671802
3,0.0064332647782066425,0.6688525095566455,1.371575342057045
4,0.002429700499643979,0.6573700088499692,1.3694272839119397
5,0.0010433435877656126,0.646013168230136,1.3674201765087615
6,0.004656448277108465,0.6347778442838794,1.364723638169735
7,0.0066078686520309885,0.6237522102713808,1.3611825371720059
8,0.004900811780596811,0.613070741839673,1.357359911126328
9,0.00510891984517723,0.6025282729999588,1.3536794465125568
10,0.0070904895100935535,0.5916493475164817,1.3499239842569808
11,0.00797611309211456,0.5801843590070295,1.346108074156981
12,0.00802362472581172,0.5683235838793785,1.3425996854794913
13,0.007950039874052468,0.5581997085533839,1.3387611933792383
14,0.00813033206511704,0.5508245541942889,1.334469763048232
15,0.008552684296480047,0.5428911312618885,1.331445843283531
16,0.008864298035354792,0.5328932242941118,1.33008019760857
17,0.008786896991479835,0.522442380395638,1.3292553299651706
18,0.006834104558854954,0.5121497525675318,1.3283368843142296
19,0.003977581507797098,0.5016619262979869,1.327122377731972
20,0.0044035107809235075,0.4923898225616721,1.3257250492743484
21,0.006752463742371991,0.48515481428436114,1.324089066960724
22,0.007738163037303292,0.4768217881800816,1.322224996125692
23,0.00785063261134945,0.46592494634368875,1.3206277018549795
24,0.007953888342224939,0.45410336447506827,1.3193890133726924
25,0.008229717903410216,0.4443047911268496,1.3178420229641996
26,0.008571231462880996,0.43792869207251517,1.315553574131712
27,0.008714693145639992,0.4315206391741844,1.3126045864603473
28,0.008511441498169597,0.42262400044294157,1.3091510099052832
29,0.008209896289800851,0.4137752635441436,1.3057006363963803
30,0.00794032880297459,0.40685868684116544,1.302676370970508
31,0.007634682167254027,0.3990229917229573,1.3000969807773783
32,0.00739879677367505,0.3882894564691769,1.2977047216263586
33,0.00734410112723809,0.3779198599818471,1.2953100085573812
34,0.007493587363821122,0.3704916947251634,1.2929792558668867
35,0.006045877873489643,0.36332939362133154,1.2903717788062594
36,0.00381423980699825,0.35592915913973855,1.287521629567439
37,0.004860703130395345,0.3500268005071807,1.2849810471503411
38,0.007424251469797078,0.34313364612465314,1.2827196991316097
39,0.008128346251253115,0.3352284183354618,1.280470159922443
40,0.005965464199868155,0.3285313909450336,1.278222805175942
41,0.003041535347368717,0.3222460813435958,1.2757878204761708
42,0.002176988013777085,0.3155781330691195,1.2731438917213431
43,0.002479642377501645,0.3072751746760094,1.2698075496606869
44,0.00296210519730717,0.2987440937332254,1.2644868556216973
45,0.0017360485507422214,0.2925255390696657,1.258413617587684
46,-0.0005326718473725196,0.28600071192370913,1.2542674577952502
47,-0.00157801374447142,0.27876580116376204,1.2521000668678455
48,-0.00023716864499969022,0.27282163926014125,1.2506569671364804
49,0.0020030822370191662,0.2673411434830747,1.249345728651177
50,0.0025613005026199863,0.26126013653925906,1.248067348129811
51,0.0021196775478238648,0.2546426847460441,1.2466875038149596
52,0.00012253009795925272,0.24813529208097895,1.2452683679549459
53,-0.0020016349541238238,0.24024746020156884,1.2443417717407814
54,-0.00047693964146923104,0.23206086004436233,1.2439585269134628
55,0.004323416803561679,0.22624084559193314,1.2436095706632666
56,0.006323728551690938,0.2217721488271438,1.2427989723908124
57,0.00440995626437611,0.21718479584028838,1.2411557616376125
58,0.0028596782202707227,0.21176539309775377,1.2386424783257928
59,0.0022240484241505794,0.20566742609816868,1.2355252797124128
60,0.003684832394881379,0.19942233572491663,1.2321766171332977
61,0.0046270327837518825,0.193116715661388,1.2290067726459841
62,0.0033828327568854247,0.18694271495555548,1.2263565693800245
63,0.00446896957384069,0.18148351047940742,1.2243417563904249
64,0.007022452088712675,0.1764539103746648,1.2227639179287149
65,0.00649282987516776,0.17138544486785762,1.2212622607223627
66,0.004119961354313265,0.16643620716641205,1.2195357866675156
67,0.004641576708459581,0.16145038048651067,1.217351583245244
68,0.006908511330221776,0.15598259685241728,1.2146147555502833
69,0.0075918032355742834,0.14996039217169288,1.2115035517588928
70,0.007050611418975769,0.1437327051254617,1.2080812024287484
71,0.00653591593986955,0.13764863970240954,1.204228322092297
72,0.006678074118642161,0.13194591656142768,1.2005135496217205
73,0.007260114197826312,0.12830144354823975,1.1966921029068085
74,0.007738986434024313,0.125682497439084,1.1922613743773711
75,0.008025586904630448,0.12149885116188164,1.1884747657408288
76,0.008209355469299233,0.11622791467208271,1.185529853632374
77,0.008114830554328711,0.1109700787613273,1.1828272514376876
78,0.007723207520783263,0.10596727510324866,1.1803314857077813
79,0.007184191676632628,0.10062452218705642,1.1778874543182276
80,0.006682117366796973,0.09660731356398236,1.1755843647258075
81,0.004924609674640604,0.09325725850777061,1.1733323065222692
82,0.002824859975158616,0.08815462673063851,1.171131791605632
83,0.0040471630312104954,0.0822898339299073,1.1691656386893876
84,0.006811235845828824,0.07682790206194723,1.1673505123500725
85,0.007893240585585704,0.07354768882624771,1.165709208233626
86,0.0076740948154303355,0.07136996213396898,1.164386355095541
87,0.006995204750286882,0.06756175668893083,1.1631386065680647
88,0.006559025864071423,0.0641059491544885,1.1613465091345643
89,0.006582605513783226,0.060859175414122446,1.158917849565979
90,0.006755000039480388,0.05567505850899984,1.1565640426747534
91,0.00705849339284241,0.05126727809789555,1.1547049751454588
92,0.0075357433118846025,0.047923473576257355,1.1532624451591778
93,0.007794463702711467,0.04361205489858069,1.1520913285328325
94,0.007685297458765188,0.04045816817009443,1.1507045325029726
95,0.007491545411546271,0.03792631749616257,1.1484913521893705
96,0.007198346038058405,0.03388566905188263,1.1453912467005232
97,0.006824163137597886,0.029013236894568042,1.141958561246279
98,0.006699593689888754,0.02378098144374788,1.1388208058406195
99,0.006838384423463163,0.02005715992073752,1.1361149871452896
100,0.007069526373637006,0.018694976522300608,1.133720441216807
101,0.007247312239918136,0.016360408704022833,1.1313830376944605
102,0.007265503715101037,0.01145192160231144,1.1290128560927641
103,0.007210852556860638,0.007330825901126138,1.126002201296199
104,0.007203764560409583,0.004423632180665875,1.1220262249840447
105,0.007134762152961259,0.0005713639703345923,1.118758146792937
106,0.006819004748444168,-0.0022655774567781756,1.1169084974007495
107,0.0065175998998393304,-0.004618402529563309,1.1152975006898767
108,0.00653659953996882,-0.008932325806975306,1.1132389384525907
109,0.006652836229926951,-0.01262352526033738,1.1108181637712677
110,0.0066707880811060286,-0.015700551134018137,1.1080572911945183
111,0.00681990260736055,-0.020650517532270804,1.1053653775737247
112,0.007097567543530709,-0.024844483788958566,1.1035161567066067
113,0.007149949157285101,-0.026247530130574903,1.1025448084331457
114,0.007042699416982949,-0.027852968746275894,1.1016992492970341
115,0.006992661281881434,-0.031557105105805394,1.100391114998605
116,0.006815082078298191,-0.034624380288332965,1.098557007368969
117,0.00817443814105305,-0.03547736623453751,1.0959665046643896
118,0.010523930018094527,-0.03706873710620513,1.0928938435489042
119,0.009805242836710394,-0.04117682668397275,1.0901626400916076
120,0.009131199226943304,-0.04488601696721188,1.0879465618155524
121,0.010878859924021947,-0.04634771436033634,1.0860248571048547
122,0.01200167727407063,-0.048544230621747037,1.0843095084801178
123,0.013759196515443842,-0.053189196160679186,1.0824968713028569
124,0.01586585677691723,-0.05690609321016346,1.0804032364070584
125,0.016312273146330693,-0.057763219823218526,1.078428687536809
126,0.01589520622228178,-0.05908457731483921,1.0767033114365163
127,0.015530468901694933,-0.06287357325158069,1.0749509341610683
128,0.015607092560717892,-0.06609203855203977,1.0730143267125944
129,0.016071919059896925,-0.0671399705594192,1.0706139953040452
130,0.01647937914805797,-0.06913659462384691,1.0677148988934015
131,0.016624426158340228,-0.07374428208701286,1.0646530479669192
132,0.01669840627870614,-0.07765778484075259,1.0616601332804612
133,0.016580576726294163,-0.07882442312332044,1.0580869121062224
134,0.016133675050781435,-0.07875634188281064,1.053360005351259
135,0.015643110491624763,-0.08014928398392568,1.0490947740983043
136,0.015349348863276116,-0.08411734777269192,1.046559601552508
137,0.01526802926765837,-0.08761073795652452,1.0448255841615715
138,0.015355965797573798,-0.08866325048543142,1.0430789712395407
139,0.015549180962635606,-0.09014994570077495,1.0412735676102867
140,0.015844949238801316,-0.09430036408442435,1.0391997530147328
141,0.016108591207627344,-0.09811878238571306,1.0370955050487862
142,0.016156039503527994,-0.099420459245317,1.0356628072714127
143,0.016014184704690217,-0.09970308999668953,1.0349240518089067
144,0.015774142938350534,-0.10003211213305863,1.0344153830605793
145,0.015613394834447791,-0.1020898825660802,1.0337223922787455
146,0.015483363174795137,-0.10634970515564152,1.0326226274475054
147,0.015270912439851042,-0.10934264002244148,1.0310708611767425
148,0.015178652409586511,-0.1096066083872329,1.029135975682109
149,0.01537187712717275,-0.10911549948815741,1.0269590438747853
150,0.015662508562350658,-0.1108063020403186,1.024447881337292
151,0.015793515448816672,-0.1153655521048742,1.0216196975613179
152,0.015828695691682118,-0.11906188109412619,1.0190366553807904
153,0.01578460627024625,-0.12023455302124636,1.0169273521123152
154,0.015613426310523405,-0.12052629473176052,1.0150019051689099
155,0.015421886299491705,-0.12079778077479608,1.0128004552129881
156,0.015227210084902736,-0.12262446993125226,1.0098890053902965
157,0.01502807010816961,-0.12667210681452268,1.0063991069973475
158,0.015049729762034413,-0.12969877397070517,1.0027538214020306
159,0.015272206315248268,-0.12999285109503228,0.9994648407093032
160,0.01534160889082345,-0.1294439619605824,0.9970082987102016
161,0.015313660334786587,-0.1310697981851892,0.9950122596726745
162,0.015370915347924785,-0.1357505601021063,0.9929651583635404
163,0.015280568370524404,-0.13979558326434782,0.9908843555415112
164,0.015018222926206679,-0.14092057393217766,0.9885531144911663
165,0.014830011452244406,-0.1407171450730617,0.985889288570899
166,0.014695775063827361,-0.14075556166711534,0.983393159396662
167,0.014631963110088478,-0.14272980845563998,0.981575196672162
168,0.014703838092973778,-0.14689502856236936,0.9801032444725801
169,0.014896749594941666,-0.1500540595282891,0.9781873402654058
170,0.015152946585940859,-0.1506159616075194,0.97595402755949
171,0.01526760954674046,-0.15018776760303282,0.9740409062204143
172,0.015170518192443201,-0.14996860468894896,0.9722588719457472
173,0.014990457557759858,-0.1502880077998237,0.9700034449862467
174,0.014841939484470532,-0.15102775909834448,0.9672627813040204
175,0.014776348133025377,-0.15325538413370493,0.9646005422967869
176,0.014795903432104969,-0.15750994923644424,0.9625788190157074
177,0.013223338096006329,-0.1605773002412964,0.9611522136133974
178,0.010821348232168577,-0.16075051176682642,0.9599458847258613
179,0.01156606430561092,-0.15976015629981077,0.9587328650295537
180,0.012373603469215705,-0.15916685850313722,0.9574075260003831
181,0.010837568153432516,-0.15945073899399587,0.9559460953047236
182,0.009611188362874126,-0.16035765188154516,0.9543656234259137
183,0.00741555034305456,-0.16308256133082483,0.9526911730404906
184,0.004970662209987226,-0.1677688343191338,0.9509631828199914
185,0.0043747864820147565,-0.17081891661307247,0.9491916076632307
186,0.00457783046073559,-0.17085253113374554,0.9473159702110037
187,0.004807550572518398,-0.16987647592056726,0.9450549345201682
188,0.004970438766175854,-0.16934561826577782,0.9420781507655338
189,0.004875220407409936,-0.1695937405960078,0.9385462218392795
190,0.0045017325138547015,-0.17015271397192366,0.9348593240963483
191,0.004181278897630466,-0.17066807913679466,0.9312272538554502
192,0.004102460044740262,-0.17281437109610537,0.9269451816315293
193,0.004276882394643914,-0.17708036013459638,0.9209393601796818
194,0.007850566149025955,-0.1799235660013077,0.9146972018678245
195,0.012844058732301447,-0.180033424712704,0.9106219789620655
196,0.009557829052400015,-0.1793413158572808,0.9086948659669662
197,0.000512739875568078,-0.17895039364280757,0.907858326373348
198,-0.0045149998598943,-0.17922083998577593,0.9071875369982849
199,-0.004776975682159495,-0.18003305239343587,0.9065248236533661
200,-0.003794602415567838,-0.182462820399322,0.9063945805119324
201,-0.0037733866090849215,-0.18686838699301994,0.9067823259719745
202,-0.004854792363254722,-0.1899049268430157,0.9070653056653084
203,-0.00606679704279324,-0.18995664220169184,0.9068231221331327
204,-0.006859776872561188,-0.18894681880035213,0.9062813712162248
205,-0.0070996402678652135,-0.18840176514929496,0.9052446407546255
206,-0.006542454918012315,-0.18858628321477167,0.9034066463040875
207,-0.005392613228473236,-0.1891889586875769,0.9010032941523876
208,-0.004259672824208853,-0.1898250960212169,0.8980046026860822
209,-0.003569896634624233,-0.19029403703343284,0.8945455529013082
210,-0.003529471770427707,-0.19213880168863184,0.891087572459972
211,-0.004024233180673076,-0.1958765595822879,0.8881476972026054
212,-0.004934369834664977,-0.19831076855136553,0.8859325706674275
213,-0.006048084732954068,-0.1982232957233171,0.8839011295250616
214,-0.008538432202915211,-0.19737652234475211,0.8816524875978979
215,-0.012701031404260085,-0.19729856858254602,0.8792127512839847
216,-0.015241314232711592,-0.19822170656193527,0.8766311395782536
217,-0.015116268609025721,-0.19933313708899036,0.8742288659351236
218,-0.014271890270254913,-0.20025127586082836,0.8722033652225174
219,-0.013911695927911139,-0.20062859595184168,0.8704159465047479
220,-0.014200618027786147,-0.20020830793067723,0.8688032896807893
221,-0.014938604222947668,-0.19909598169864334,0.8670642333488638
222,-0.016043179060164253,-0.19945803011307972,0.8653003257509071
223,-0.01692693614602732,-0.2026805774613885,0.8632642356707825
224,-0.01851680017154879,-0.2056231439731543,0.8605374936293155
225,-0.02173225006860904,-0.20673969305101436,0.8579910726637898
226,-0.024021841319615475,-0.20725693623851238,0.855788396595055
227,-0.02397152536895056,-0.20790348326561303,0.8534376597946438
228,-0.02325993798236603,-0.20880064338871984,0.8512347342764124
229,-0.023117442845828423,-0.20923746595380077,0.8493759676487094
230,-0.023809610668747025,-0.20904563574596968,0.8477416146371577
231,-0.025210942035869613,-0.20852624593779812,0.8463098433008072
232,-0.026513466728933413,-0.20743208285274262,0.8448017144778688
233,-0.02678783106567506,-0.20590145103247326,0.8432795795546308
234,-0.025901100720750657,-0.20498948698168395,0.841964987504368
235,-0.02630798024258498,-0.20693134742574537,0.8403826544396265
236,-0.02946785806956763,-0.21187982184502496,0.8385366287652976
237,-0.0320369598494803,-0.21589753078067941,0.8369490923366505
238,-0.0323129689539867,-0.21730097177261998,0.8355941587681612
239,-0.032245922505305766,-0.21765870922662578,0.8339768375158636
240,-0.03309198988218309,-0.2176623722966653,0.8319633659112791
241,-0.03451214015586038,-0.2172740812483437,0.8298618989797846
242,-0.03581018142234434,-0.21661788269499616,0.8278588130832123
243,-0.03806093750313877,-0.21596073098696844,0.8262385678869735
244,-0.041580117947241924,-0.21547536981103987,0.8250372099529533
245,-0.043335218003412945,-0.21507768522491955,0.8236564495211831
246,-0.042426398234717735,-0.21484971826037147,0.8215120468528272
247,-0.04105123965212709,-0.21508032845498903,0.8186386428819099
248,-0.04064996497557129,-0.21553752250522418,0.8154256343349675
249,-0.04148038329945081,-0.21582140125788807,0.812410890258346
250,-0.043032706437667906,-0.21755790813054388,0.8098892179955386
251,-0.04456198141373943,-0.22159072484371067,0.8074791928773228
252,-0.045356114993240326,-0.22458914388916718,0.8044474288567285
253,-0.04514130023824814,-0.2247087250176215,0.79992298656322
254,-0.04418719912404065,-0.2236763799068393,0.794920562397949
255,-0.04289253017373719,-0.22318697379609231,0.7915874605455597
0,-0.041612167815449574,-0.22356798597284444,0.7899779501475122
1,-0.04068165003413861,-0.22419531991758712,0.789085886336891
2,-0.04050699112684816,-0.22474081604905038,0.7881173237282599
3,-0.041297553834490214,-0.2251048992080117,0.786770987195633
4,-0.04254512487100928,-0.22500985327694512,0.7852970156654635
5,-0.0451803724607624,-0.22433238980506776,0.7841825676723353
6,-0.04812373076754074,-0.2233151433850632,0.7836261507749773
7,-0.04725280304344681,-0.22244434085478348,0.7832776624509594
8,-0.04570635179376774,-0.22210733203516675,0.7830590600305034
9,-0.04766885329365139,-0.22224719839898066,0.7828425502823433
10,-0.04988744377459073,-0.22252166601121304,0.7820167679972818
11,-0.04865469943546419,-0.22289992755327892,0.7800892226456329
12,-0.04455313332622299,-0.22502856385037928,0.7775030155512006
13,-0.04349306350371407,-0.22931843037299793,0.7751845358380685
14,-0.04626516424952479,-0.23227748540621818,0.7734048098994979
15,-0.04827280167165793,-0.23238156709360736,0.7719980715361365
16,-0.05024409849590272,-0.231525242855813,0.7705646788636775
17,-0.05013471769994694,-0.23099556878847816,0.7686049816317064
18,-0.047084067245887984,-0.23098968850838208,0.7661127741473757
19,-0.04657935003029405,-0.23143333438012403,0.7633328168997486
20,-0.04673642037537484,-0.23206091394049566,0.7603770092722588
21,-0.04376046480343729,-0.23228547211392425,0.7573386146594296
22,-0.04109246246272735,-0.23184296886276312,0.7545731728631546
23,-0.041038773807332785,-0.23113377605720653,0.7525228783265694
24,-0.04190383335081184,-0.23054513836712842,0.7508771440679243
25,-0.042230717134872156,-0.23008147399072554,0.7492616568819273
26,-0.041820024576602444,-0.22969333728973573,0.7480682046401943
27,-0.040978503667581906,-0.22947272985152845,0.7463588381424229
28,-0.03993003664261301,-0.2296610710169652,0.7433402494481447
29,-0.03906959540299779,-0.23013658419683658,0.7405492834353911
30,-0.038852577817191106,-0.23047561854935716,0.7387108007134762
31,-0.03921930345365443,-0.23048571944884078,0.7372002389061982
32,-0.03837833953043346,-0.2300691719504615,0.7353777728214785
33,-0.03525480246031748,-0.2293756497769477,0.7330290960103731
34,-0.03263318560930062,-0.23043382772174759,0.7307126057394009
35,-0.032039249051266525,-0.23418964496044004,0.7290666453681949
36,-0.03172414613885559,-0.23726133486162126,0.7281666563754634
37,-0.030685865484877763,-0.2379303222282273,0.7277479033322027
38,-0.029312168524092783,-0.23780135923920853,0.7275954201022079
39,-0.02826625108323761,-0.23800415795870888,0.7274617374519952
40,-0.028073137065728684,-0.23869328693197545,0.7268283463387999
41,-0.028745600552182976,-0.2392206918987111,0.7251389321758637
42,-0.029796500245155927,-0.2390262190664284,0.7227446151448966
43,-0.03083412948121783,-0.23833127038219615,0.7204465874970536
44,-0.031554635037073314,-0.23743136319509928,0.718389479278537
45,-0.03155984889166441,-0.23639424454537694,0.7164511652293506
46,-0.030912350598201847,-0.23556118973096507,0.714671964897649
47,-0.03000537940093176,-0.23535628845634304,0.7130616639757472
48,-0.029051809949176215,-0.23571849110999488,0.7115822488396342
49,-0.02825488551139123,-0.23622259466653217,0.7099634067832856
50,-0.027979123992395452,-0.23665076960581022,0.7080546814672322
51,-0.02849121476931324,-0.23689761235150808,0.7062632282667289
52,-0.02948645057065437,-0.23678292226252218,0.7044702963620315
53,-0.03033530743945395,-0.2363459072925166,0.7022641040978761
54,-0.030741146940137326,-0.23576420696786649,0.6999740214060737
55,-0.030751320237863644,-0.23503861665971126,0.6978850802133236
56,-0.03024168409724809,-0.2342915701653443,0.6951615235117279
57,-0.02922919260711329,-0.2339956527515561,0.6914829802662092
58,-0.02830710642480573,-0.23432240261598036,0.6881533296010167
59,-0.027862180925809804,-0.23480238825934785,0.6855414331183616
60,-0.027788183422256654,-0.235105042141053,0.6834580882304209
61,-0.02815573947016148,-0.23685932615968674,0.6821882681870874
62,-0.02886975272362663,-0.23909351896047637,0.6814201996604856
63,-0.031077462731159078,-0.23938753672619173,0.6804223881119407
64,-0.0353290022236476,-0.24034502469226782,0.6789031392889242
65,-0.038349931182366806,-0.24229847557730266,0.6773666841036834
66,-0.03859355329158817,-0.2428909720045005,0.67614672812554
67,-0.03783137232236036,-0.24254941668606878,0.6751088514566717
68,-0.03725735521551744,-0.24258367765656796,0.6741488993888254
69,-0.03734983530877403,-0.2433645515828139,0.6731880861778552
70,-0.038055269463917296,-0.24409553811187445,0.6721281253528253
71,-0.04046323133021387,-0.24402632526809032,0.6709014392872261
72,-0.04491107439065059,-0.2433009922550512,0.6694599093122147
73,-0.04793263748037638,-0.24258887057901946,0.6677501074331624
74,-0.04791549433181326,-0.2418440728628879,0.6658041105939512
75,-0.04695690814635378,-0.24106132252659374,0.6637391734182765
76,-0.04649259391510595,-0.24084081143134894,0.6614274852074613
77,-0.04663406841469456,-0.24096877919145698,0.658608206163533
78,-0.0487702461740773,-0.24112401858119836,0.6557003698447663
79,-0.05335547065381557,-0.24155423175091495,0.653430783617398
80,-0.056927627614551085,-0.2418105124242369,0.651809729128854
81,-0.057566288582316216,-0.2415497999368238,0.6504211491774827
82,-0.05677737567017599,-0.24121007098814995,0.6490360106994999
83,-0.05613641920502058,-0.24082301537010087,0.6473418935939503
84,-0.0560408032219879,-0.24010306421871253,0.6452093525676266
85,-0.05607972345202211,-0.2393586598219759,0.6431668597285567
86,-0.05617652801875045,-0.239027038925951,0.6407423288239644
87,-0.05641520990793902,-0.23906734343153424,0.637460978799175
88,-0.056564781643251766,-0.23928237948509445,0.6346998422885579
89,-0.058049393081041345,-0.23947618247103364,0.6330687849359813
90,-0.061667705476015744,-0.2396710942774788,0.6316686465143102
91,-0.06273586592478209,-0.23954793750546854,0.6297419638071011
92,-0.059000448919395515,-0.23881254843974775,0.6272409131918206
93,-0.0554890713257247,-0.23796879761698198,0.6247853118732858
94,-0.055030366726707164,-0.23757053251243165,0.6227844784943215
95,-0.055797106485284326,-0.23766537439418145,0.6209070937200356
96,-0.05612672348089914,-0.23767912609310193,0.6189260646625745
97,-0.05580319747880358,-0.23747960720382666,0.6172351216712302
98,-0.055232396071680956,-0.23757709967658536,0.6162255380961499
99,-0.054632390303688966,-0.23767844616076828,0.6156894602173582
100,-0.05409034067588858,-0.23896296698484798,0.6151515788265784
101,-0.05543933444204416,-0.24085516762818504,0.6143753666358476
102,-0.05780020988657966,-0.2395569584259496,0.6133611531961616
103,-0.05709931772341084,-0.23829825041279518,0.6122286125899117
104,-0.05502121648200206,-0.24129352840003404,0.6110836132382973
105,-0.05461187955003757,-0.2446896722904529,0.609989126826034
106,-0.05504642076109775,-0.24558288953479135,0.6089376259606443
107,-0.05523237664613162,-0.24544123233660775,0.6077912783229789
108,-0.05482207120552096,-0.24526819921740273,0.6061259256974532
109,-0.05409741794867265,-0.24517578796192885,0.6038082683539703
110,-0.05329615699259099,-0.24540058482588978,0.6013913671759779
111,-0.052564370149993045,-0.24561346057610878,0.5991795297001703
112,-0.05225951669736428,-0.2452532666459153,0.5971204040734452
113,-0.052575686645333713,-0.24434000868761696,0.5949982076382168
114,-0.05323531284029845,-0.24359260008566908,0.5924864198446318
115,-0.05372925076838417,-0.24326912355209562,0.5899483815213844
116,-0.052247428715007344,-0.24289500711694967,0.587258254603807
117,-0.04815761474735428,-0.24269772771972975,0.5837959847735414
118,-0.044792641068318095,-0.24285124305977612,0.5805542333940217
119,-0.04364265801731948,-0.2429923794146659,0.5784950728117568
120,-0.043173190042413975,-0.243009240736745,0.5769699486618736
121,-0.042610726617424904,-0.24271677153862992,0.5754097272254868
122,-0.040342054422715184,-0.2423755305652776,0.5741260538907174
123,-0.03592686040661021,-0.24233714754411217,0.5733092069991093
124,-0.03285057181930649,-0.24209474974294154,0.5728144445884862
125,-0.032788869965655346,-0.2415553343405522,0.5725421768655243
126,-0.03370892548762859,-0.24132386040441967,0.572090073016611
127,-0.03408574260660574,-0.24121974580268501,0.5709044519336988
128,-0.03375590634748751,-0.24100494612869028,0.5689028420187572
129,-0.03126889657798097,-0.24105767996583505,0.5665601999029657
130,-0.026270637773997227,-0.2410633755268633,0.5644502361681676
131,-0.02247697728236102,-0.2405980597839228,0.5626445034966654
132,-0.021752518696870476,-0.24018898833585334,0.560956893801855
133,-0.02242714631780613,-0.24019269063220883,0.5591541025250182
134,-0.021371404494666117,-0.24019534919200947,0.5569589411473777
135,-0.01742101295750169,-0.23979518493212482,0.5548108603887372
136,-0.01392962530250584,-0.23925641742662218,0.5534164163426136
137,-0.012701986544856776,-0.23913260680164317,0.55269337762026
138,-0.012655834780609207,-0.23927658666970386,0.5521312571011661
139,-0.012879074929521318,-0.2391327002700141,0.5513475256686928
140,-0.01258835417198222,-0.2387717924354532,0.5501798547334127
141,-0.010100612487767405,-0.23866175122477395,0.5486535740372973
142,-0.0054249170642287,-0.23850860367019366,0.5469107018316604
143,-0.0024297681562768132,-0.23792103566580358,0.5451908667251013
144,-0.002468452701804319,-0.23746408357368676,0.5434121394365083
145,-0.0015761506250028673,-0.2375076068494948,0.5414856082736907
146,0.0022925684385466695,-0.23761507512568814,0.5388032510383376
147,0.005857998034787415,-0.23750204524942187,0.5350454164018223
148,0.007149871701874604,-0.2372939082540264,0.5318724334406348
149,0.0075952782389091845,-0.23710697179050622,0.5300075528046151
150,0.008093511975222043,-0.23695711654282747,0.5286208222649751
151,0.00854279508650638,-0.23681095035008537,0.5270462978448376
152,0.008683389503290409,-0.23647274286386033,0.525144465420375
153,0.00841055591515457,-0.235856199021931,0.5235793171335406
154,0.009397670872927859,-0.235298418883522,0.5227182715361465
155,0.012683161246600776,-0.23514491155127026,0.5223685263804199
156,0.015332712170410136,-0.23515536801319425,0.5223178113285445
157,0.01582000081145387,-0.23498388984592955,0.5223143074456007
158,0.015886247773627217,-0.2348669376625726,0.5220128636303389
159,0.016537831763439967,-0.2346776793574905,0.5208685586587456
160,0.017573394533153222,-0.2343167185104046,0.5184627462193032
161,0.01848281158658488,-0.2340914082436606,0.5153239696351317
162,0.020507838234663955,-0.23398266383457156,0.5121888001715413
163,0.024190362385467137,-0.23388768771465862,0.509309165375835
164,0.02633180135479908,-0.2337382404575189,0.5068555211829222
165,0.02577419534225034,-0.23351495445012216,0.5048780177129697
166,0.024739792652210657,-0.2332307031314782,0.5035772744036819
167,0.024644659510512257,-0.23308074816552415,0.5029019903093241
168,0.025471996090082744,-0.23301324540371293,0.5023983241706205
169,0.026664449010149888,-0.23282040648987612,0.5015129357346733
170,0.027727356567684852,-0.23416404582753791,0.4999770166200972
171,0.028205923508993244,-0.23785570908559173,0.4982665383333458
172,0.027885136277748704,-0.24084591698882596,0.49673533274447457
173,0.02708205742325681,-0.2415565329669842,0.4953410058665879
174,0.026122022851771398,-0.24128026103561429,0.4940630068974059
175,0.02519235697448706,-0.24097622000976315,0.49289841576610494
176,0.024617253416685872,-0.23942330126796418,0.49077145609524986
177,0.024607807258872655,-0.23737621489703076,0.4871343414673581
178,0.025219031137850095,-0.23830478724187376,0.48365623474649255
179,0.026163850741466543,-0.24028925737201734,0.48093553755908447
180,0.026978718273724597,-0.24040315315028582,0.4786232747531727
181,0.02731616901319256,-0.23952490780222457,0.4770191340949217
182,0.027114772813378027,-0.23860481385871646,0.47604092131861253
183,0.026635839764585417,-0.23805373477453484,0.47536452975669796
184,0.026001902633554952,-0.23809991423016563,0.4748511907264956
185,0.02524284698932798,-0.23861314631326835,0.474493006526685
186,0.024593144875213052,-0.2392652474937983,0.4739875557487552
187,0.024395609374774932,-0.23973357820440078,0.47287322798080167
188,0.024800845948878367,-0.23959152595401945,0.4713907915308657
189,0.02550436588396407,-0.23882668423452824,0.4698307781438362
190,0.02599814059225379,-0.2378375231082802,0.46802111380244926
191,0.02614439011840565,-0.23684304317228022,0.4661818284043895
192,0.0261032256023586,-0.23610859345365776,0.46424348899631007
193,0.024286702030027987,-0.23587011662202617,0.46200689360284675
194,0.01987159321277754,-0.23614346998799218,0.4597801450696042
195,0.016167627284229588,-0.23675329519420152,0.45754467816541067
196,0.015036407097335308,-0.23727828750351132,0.4553119220068138
197,0.015187873624962628,-0.2373359606774449,0.4533051555901646
198,0.015464035053134952,-0.2369439435250773,0.45150161533254796
199,0.015334621863873339,-0.23631182326743616,0.4499868700102505
200,0.015006728177117377,-0.23556205602045066,0.4489337297630458
201,0.01490854890062844,-0.23493051956184785,0.4481175895899181
202,0.015054171008326775,-0.23453843527268992,0.44723888643316534
203,0.015176215612460603,-0.23436601978072213,0.4462767352920758
204,0.013699101595713761,-0.2344359723971139,0.44506648643719116
205,0.009978940423727337,-0.23466866794128816,0.4436378197611057
206,0.007055026361081532,-0.23481222351845177,0.4415096431768146
207,0.006324709133015645,-0.23465550282270686,0.4384448033913644
208,0.006231367814226726,-0.23434869783366685,0.43612464984308086
209,0.005931608029451547,-0.23394469298908416,0.4351387557429012
210,0.005344425373309154,-0.2332709705277859,0.4344840475765388
211,0.004734953372330878,-0.23251578149427066,0.4336294542368393
212,0.004483809665227104,-0.2320719384343507,0.4324597617019015
213,0.004664631855018753,-0.23196617512564954,0.43090461979447214
214,0.005129753511953911,-0.2319408284617357,0.42914808980941843
215,0.004199236591249295,-0.23195974640087735,0.4278881975333626
216,0.0007550542758714418,-0.23212722597416113,0.4271367663146084
217,-0.002290438119491027,-0.23232849784037668,0.42643327036021117
218,-0.0032495030798417868,-0.2322775163496109,0.4258320387841168
219,-0.0038421051951369398,-0.23188329780163974,0.42519450624986077
220,-0.0049130434380577626,-0.23123685428195961,0.42388975081122204
221,-0.006044056298475528,-0.23049303784247654,0.4214655201618138
222,-0.006741975061397745,-0.22994318696425364,0.4182075049138301
223,-0.006554957684739522,-0.22971569228748023,0.41478324805758526
224,-0.005595495482153663,-0.22969778106170702,0.4116862951606002
225,-0.004400475859054037,-0.22974566961577336,0.40916955002558786
226,-0.003330005101036454,-0.22982821056937086,0.40751393579275064
227,-0.002697401298620339,-0.22991012954876122,0.4068996348962646
228,-0.0025352154421397002,-0.2298014996882114,0.40662855076052873
229,-0.0030758681603962126,-0.2294473659876186,0.405720427279614
230,-0.004219873483569975,-0.2290002413484845,0.4040126866645999
231,-0.006748699766762907,-0.22851885545055206,0.40181852459830836
232,-0.011293764326380254,-0.22811758565776485,0.3997239637397658
233,-0.014731556995051538,-0.22800483283825634,0.39839791031003036
234,-0.015073674510094394,-0.22797531871478693,0.3978324232777313
235,-0.013824682411436924,-0.22784210801923754,0.3976364090788578
236,-0.012569749682886516,-0.2276857906126556,0.3965183637339398
237,-0.012361097106212728,-0.22747943558668682,0.3930464042861366
238,-0.013122895061199798,-0.22719530270457922,0.3887601549648434
239,-0.014064977383539012,-0.22676809035108425,0.3861100125924175
240,-0.014935349051975758,-0.22637540832595404,0.3850976531022925
241,-0.015288839112945707,-0.22614693733007962,0.3844729354485088
242,-0.014923652124091184,-0.2258730233009365,0.3833517332116969
243,-0.014249601227497969,-0.2256712380379039,0.38196384618845525
244,-0.0133372422915542,-0.2256202925616726,0.38084843655489986
245,-0.012648796749784825,-0.22545459625753528,0.38007642145608167
246,-0.012686643502436291,-0.22525609316847695,0.37961940547629447
247,-0.01312974811236825,-0.2251093293641826,0.37935274270874075
248,-0.013656297853110129,-0.22479418834256604,0.3790552169283067
249,-0.014049964982468459,-0.22437406092718604,0.37819488984275695
250,-0.014123233963791587,-0.22403252477241054,0.37649625557354904
251,-0.014040508040503719,-0.2237762123553586,0.3739390447523908
252,-0.014030997278239116,-0.22365436073484835,0.36988466938425646
253,-0.015604920478392605,-0.22367915144474404,0.363737561549465
254,-0.019195210991516068,-0.22358318379411013,0.355759977250907
255,-0.0217849575453807,-0.2232272408686098,0.3465471433407038
0,-0.02222711112584254,-0.22284658765027365,0.3364973400154253
1,-0.02217998888861046,-0.22257974263586477,0.3258203970018688
2,-0.022569531847282595,-0.22244037768200742,0.3145944571520489
3,-0.02343617573635179,-0.2223250708452611,0.30258800099366256
4,-0.02438380357487903,-0.22210863305931428,0.2895034071335325
5,-0.024802702488273695,-0.22184934775949927,0.27569460910382915
6,-0.024480837689004775,-0.22160938842426325,0.2618252218799306
7,-0.025356384659355677,-0.2214866304154116,0.24833404712481355
8,-0.028436953765360852,-0.22142107201122385,0.23545854325184745
9,-0.030589508003509125,-0.22126982325649902,0.2232385760312019
10,-0.03065734866538105,-0.2210555941660307,0.21158344476419133
11,-0.03067640421121441,-0.2208204115187853,0.20031439782377447
12,-0.03146323571075371,-0.22058361548882133,0.18921814298086548
13,-0.032753196197419454,-0.2203503448322267,0.1781556780543257
14,-0.03401193969346765,-0.22012267120508688,0.16705116479653015
15,-0.034556989391495874,-0.21981919033656094,0.15589072513529467
16,-0.034231917164249726,-0.21948260441647482,0.14478026419319878
17,-0.033317640054521244,-0.21931110501274453,0.13384295973627092
18,-0.03203899043053472,-0.21921672144157722,0.12311916272563744
19,-0.030808102343518398,-0.2189478354345472,0.11285099483823535
20,-0.03178803842751263,-0.21857619059130007,0.10332449595119508
21,-0.035990609258321496,-0.21836414019721206,0.09425482559568304
22,-0.03992296161156711,-0.21825949518658405,0.08513027200762088
23,-0.041511792814734924,-0.2180165192027822,0.07574928674961232
24,-0.04211656730332386,-0.2176122446719938,0.06611396781713072
25,-0.04268133635445792,-0.21724970312420122,0.05628056124829503
26,-0.04310438463984101,-0.21710150045503585,0.04632750469194752
27,-0.04284025916353623,-0.21702669672382535,0.036573800932369255
28,-0.04185905092599629,-0.21675161151082944,0.027397140139259507
29,-0.04075988406053829,-0.2163522924288953,0.018626948619678646
30,-0.039936393567032366,-0.216105212194189,0.009788664185520712
31,-0.03946943991932757,-0.21605461230326695,0.0006191762259339095
32,-0.03952253088457176,-0.21592006168264044,-0.008898111180245062
33,-0.04185972803693565,-0.21556183563072162,-0.018410768094312968
34,-0.046876484387841866,-0.21530063119701215,-0.027451883383085032
35,-0.05067423709269803,-0.21521946505523615,-0.036078159391204914
36,-0.05140170466849964,-0.2150201334498003,-0.044622066163742105
37,-0.050899981812406264,-0.2146964648617189,-0.05327817131380154
38,-0.05030552631360932,-0.21439193772628018,-0.06195267782606145
39,-0.04977146847850772,-0.21418602196572167,-0.07037644954679567
40,-0.049420145522330844,-0.2141016438448311,-0.0786846464048109
41,-0.04928601893552975,-0.21390337321628372,-0.08722157160739519
42,-0.04926225441970193,-0.21349326239485833,-0.09582311021762738
43,-0.04934736681730377,-0.2132134262662171,-0.10405208104621805
44,-0.04945475624315983,-0.2147994878383338,-0.1119838590258434
45,-0.0493637708854955,-0.21713648092072135,-0.11998501522709082
46,-0.04915434985619341,-0.2160957436751253,-0.12795673227668342
47,-0.049002185288286565,-0.21333100487842482,-0.13559988587881894
48,-0.048897632941953484,-0.21219043876925803,-0.1431196193985781
49,-0.04880122040963275,-0.2121098895421597,-0.15067784725063943
50,-0.04869544659726793,-0.21209788201453705,-0.1581124294052329
51,-0.048578534241556004,-0.21184374420797258,-0.16559826553203633
52,-0.048535290374609616,-0.21136283829438163,-0.17317026908883298
53,-0.048608427944038995,-0.2108919768257228,-0.180477472829066
54,-0.04855991478485397,-0.21062372453416112,-0.1875618216630121
55,-0.04836502257459352,-0.210405003421005,-0.19450656612441153
56,-0.04832210788855208,-0.21021421947362073,-0.2011631700934246
57,-0.04832694723324857,-0.21028227133238642,-0.2077842947466213
58,-0.0481688725134137,-0.21039963595043576,-0.21453377844610166
59,-0.0479968584037222,-0.21025679942500208,-0.22125321492411287
60,-0.04798545876113294,-0.21003234597481601,-0.22787700795244115
61,-0.04800313431828035,-0.20978621828835164,-0.2343525955770126
62,-0.04778736611649473,-0.2092973560471728,-0.24087869999642064
63,-0.04743358745425781,-0.20868292659456045,-0.24752254556395836
64,-0.04716307783534049,-0.2082834531039338,-0.25402827427820074
65,-0.047008498569866206,-0.20811512293715317,-0.2602319629600366
66,-0.0470337056168324,-0.2080347348462549,-0.2660905007220926
67,-0.04725237497931503,-0.2080202612225761,-0.27195344261701615
68,-0.04746452021754494,-0.20803391725817977,-0.27804609990420626
69,-0.047538628894197826,-0.2080835874524195,-0.28424049705039534
70,-0.04742599772524253,-0.2096214718790178,-0.29046672886128233
71,-0.047198582820116464,-0.2116567220149701,-0.2966257909247848
72,-0.0470671756801285,-0.21196837766383192,-0.3026211690765458
73,-0.046886314971037416,-0.21296467044906353,-0.3084061480356677
74,-0.04657708190981076,-0.21476756853066703,-0.313943025709557
75,-0.0463379990204002,-0.2153815260763342,-0.3191931518451582
76,-0.046140667146731,-0.2153949777907127,-0.3242189295564534
77,-0.04601382458620269,-0.21544706432705418,-0.3291375086965487
78,-0.046034593494013315,-0.2156066666393427,-0.33404516016998886
79,-0.046107711436792626,-0.21565812680691276,-0.3390399403173687
80,-0.04612884191426775,-0.2155093085694897,-0.3441561585003807
81,-0.04612638421333913,-0.21510355008938886,-0.34936169740819933
82,-0.04613789215099373,-0.21436422366871677,-0.35461334600836003
83,-0.045956494528864245,-0.21356125723350083,-0.35985129911220803
84,-0.04560780653938372,-0.21302838730544016,-0.3650148415046508
85,-0.04536022990990868,-0.2129090541969063,-0.37006202556703494
86,-0.045192856661476224,-0.213084485385167,-0.3749922033239448
87,-0.045112027141611624,-0.21329690490848574,-0.37985695728569546
88,-0.04517023613275925,-0.21342638093897448,-0.38473073862589824
89,-0.04525714942590883,-0.21338575245383573,-0.38966351138160316
90,-0.04526557301691925,-0.2131235786571819,-0.39467513070786486
91,-0.045231794194422054,-0.21257595847189115,-0.39975609342408247
92,-0.04512536266674347,-0.21188008169687544,-0.40484140065350105
93,-0.04479888083469989,-0.21137095161273778,-0.4098573780089658
94,-0.044490582877049586,-0.21116675478172797,-0.41476205011709166
95,-0.04446946650701927,-0.2110334936063325,-0.4192824168234508
96,-0.04284706060742606,-0.21090139392361995,-0.4233646232540913
97,-0.038763196026573604,-0.21097911867457808,-0.4273510350946219
98,-0.03573386814740166,-0.2111368817189937,-0.43140720212829686
99,-0.035316918780638196,-0.2111181538856749,-0.43559471903614577
100,-0.03553505898186886,-0.21088190307116672,-0.43971393874071163
101,-0.03524196830898539,-0.2104802752095818,-0.4436492188933019
102,-0.03458524600357846,-0.20999948563125204,-0.4475752924639358
103,-0.03390372289912991,-0.20953508021398848,-0.4515523002143691
104,-0.0334204389592532,-0.2091679572251144,-0.45557980843289436
105,-0.03160953917719886,-0.2088568919117164,-0.4596667781858046
106,-0.02777715989693698,-0.20855220600924962,-0.46385483117472615
107,-0.025178858850461228,-0.2083610813985125,-0.46791847229881056
108,-0.025079288738533392,-0.208286349828548,-0.47176436480231665
109,-0.025629509951310067,-0.2081739732036616,-0.47565673083780635
110,-0.023928726219791793,-0.20801294477903087,-0.4794594729787227
111,-0.0189740923885814,-0.2077644594083723,-0.48305576865399624
112,-0.014664799200593291,-0.20729260649830772,-0.4866217431809885
113,-0.013121358076735447,-0.20676230463790368,-0.49000074017612305
114,-0.011307288080726414,-0.2064031875081851,-0.4931544207969063
115,-0.007432416257516436,-0.20621390983569798,-0.4963048489090134
116,-0.0045427959236633494,-0.20620394953874566,-0.4995548487735302
117,-0.004527211802288579,-0.20625354016518238,-0.503032053022594
118,-0.005485314007497768,-0.2061810890185779,-0.5065603710179942
119,-0.005633700972085367,-0.2060681821578353,-0.5100219765631577
120,-0.0030825682606063307,-0.20590779265381853,-0.5136274692909328
121,0.002151832676165687,-0.20561564799055654,-0.5172164037491733
122,0.006136288949748393,-0.20526769650749832,-0.5206692127177164
123,0.00693140638017036,-0.2049480047977862,-0.5241504113732303
124,0.006330661340137239,-0.20469640057712302,-0.5274551892516761
125,0.007661879179355211,-0.204428385239799,-0.5304746680443697
126,0.011811834474619809,-0.20407796554923874,-0.533462368072974
127,0.014947690275116134,-0.2038547185197126,-0.5363367381449227
128,0.015319344457108044,-0.2037635869065968,-0.5388485081402956
129,0.014936029961953472,-0.20358329772835704,-0.5411916341665
130,0.015153261723047269,-0.20329763639041853,-0.5437270029322867
131,0.015837116044245175,-0.20296905716142932,-0.5463655605545421
132,0.016468495990971853,-0.20273966482039152,-0.5490265864013433
133,0.016692175928867986,-0.20251524598888715,-0.5518461206991521
134,0.01640061892784029,-0.20214281168577386,-0.5546032344725058
135,0.015914047326882792,-0.2018917744630484,-0.5572348719564579
136,0.01552265914328245,-0.20181691043970051,-0.5600368239919018
137,0.015186795501441454,-0.2016137585152069,-0.5629150264333431
138,0.014859581625282205,-0.20136170883413718,-0.5655325748705928
139,0.01466328367253511,-0.2011653924153468,-0.5680006916486549
140,0.014882177973420702,-0.2008242298620948,-0.5706615680676945
141,0.015518055639620311,-0.2004086738042129,-0.5733805715059834
142,0.0160451473345797,-0.2000957866791575,-0.576040429891046
143,0.016110618833775528,-0.1999592830198451,-0.5788214364320492
144,0.0158728011647183,-0.19998659743561387,-0.5815500261500806
145,0.015600584244758353,-0.19997422953969957,-0.5838805213700182
146,0.015308330643483678,-0.19981599247705484,-0.5859450684952157
147,0.014886513229889785,-0.1995828442781452,-0.5881667725705788
148,0.014618217516160194,-0.19933211944313178,-0.5905178264629751
149,0.014697954832674769,-0.19899808227067917,-0.5926732004359276
150,0.013315445997604633,-0.19854517599605448,-0.5947515838135056
151,0.011248999687309844,-0.19814291050596156,-0.5970992644494093
152,0.01079858211124389,-0.20950281359565548,-0.5995516462614896
153,0.01109946289778179,-0.2861953816554671,-0.6019409620736571
154,0.011177941612253064,-0.480269921963857,-0.6044298983115006
155,0.009065418773134822,-0.7293889863131338,-0.6079462083953284
156,0.005763533626327481,-0.9004991012258404,-0.621947549617063
157,0.004213723363089776,-0.9546224413416236,-0.6677443831484486
158,0.0042363551554326275,-0.9594618448461567,-0.7628437361829274
159,0.004922510065660718,-0.9755173697111754,-0.9015173951743922
160,0.005329466278844857,-1.008953110827043,-1.0577889261879325
161,0.005166011332926457,-1.0394177132650841,-1.2088324699056838
162,0.005125664374856403,-1.0486982906456168,-1.3446814697149616
163,0.005560331924204463,-1.031699470814492,-1.4620626467392666
164,0.005794095716132486,-0.9956477551289589,-1.5597733481972345
165,0.005431042747350876,-0.9548221778783803,-1.6363252143032545
166,0.006686871813189898,-0.9243172126232926,-1.6897725056749522
167,0.010710017878259138,-0.9144890200607969,-1.7189668982746742
168,0.01395690768883117,-0.9274712223448027,-1.7251390429219615
169,0.014676507741466109,-0.956796050546981,-1.7127885744376803
170,0.014639103734499205,-0.9901824552573371,-1.6893053514887475
171,0.014910441617199982,-1.0143741736970902,-1.6633577785107923
172,0.015429180540737802,-1.0201430087309138,-1.642629881716493
173,0.01593017193152582,-1.0055662791202153,-1.6317668735249997
174,0.01631538629872787,-0.9764169751200975,-1.6313099322276408
175,0.016283475725227363,-0.943648060877341,-1.6380146657894112
176,0.015760500856977562,-0.919049783825463,-1.6464177089678458
177,0.01680703863071696,-0.9107971202106118,-1.651052202358315
178,0.020307842180404205,-0.9205649860088081,-1.648490599193548
179,0.022983027551366136,-0.9432190511242382,-1.6384877717055346
180,0.02355123120370356,-0.9690727451900742,-1.623860528339908
181,0.025467406382137667,-0.9877367568619033,-1.6092234460623
182,0.030195242674202066,-0.9920371175584792,-1.5991182307303258
183,0.03415066898356464,-0.9805288997022465,-1.5962709353701454
184,0.03546533315199586,-0.9577353662374057,-1.6006245944955237
185,0.035515572302255674,-0.9321418057489295,-1.609470352950697
186,0.035195676196637674,-0.912814947177524,-1.6185713991937893
187,0.03477419996529085,-0.9059885088464128,-1.6238070715909467
188,0.034195894912788155,-0.9128957464185126,-1.6226939572636514
189,0.035225999115238535,-0.9295916881698449,-1.615220506723201
190,0.03896343788273404,-0.948719875628361,-1.6037185942594911
191,0.042136992828854,-0.9624514700295763,-1.5918708242209831
192,0.04294957970554528,-0.965429008105692,-1.5832704972146763
193,0.04310503024881643,-0.9566131264101894,-1.5800956537259276
194,0.04363727167725484,-0.9394068133611131,-1.5823847846400625
195,0.045968176827909796,-0.9200324659839527,-1.5881494968015701
196,0.05056124882210192,-0.9051317984596663,-1.594233392082356
197,0.05388616672328675,-0.8994994016668318,-1.5975531929890288
198,0.05391745144340043,-0.9041183666885018,-1.5962371384710732
199,0.052755453338917985,-0.9158399593717079,-1.5902432839494143
200,0.052062678674091895,-0.9291897471192652,-1.58125993190263
201,0.05196001691632737,-0.938625150239234,-1.5719573253459673
202,0.05228613681094965,-0.940419423561683,-1.5649516328439974
203,0.0526488895778541,-0.9338915721158902,-1.56186345949921
204,0.05306924067355814,-0.9214663475604445,-1.5627537210858433
205,0.053501561908642054,-0.9075673648836347,-1.5662027945431838
206,0.05335418841499853,-0.8968333969452305,-1.5699569375443696
207,0.05271519244017012,-0.8923821191247612,-1.5718158965089657
208,0.05202276832253058,-0.8947717805879329,-1.5704378076277283
209,0.05143541550838654,-0.9019960929072517,-1.565768848180217
210,0.05105026553389311,-0.9104329717093695,-1.558965793911617
211,0.051102803832828975,-0.9163166872720674,-1.551877927961666
212,0.05150160742778534,-0.9171415724940788,-1.546313616298523
213,0.05174435827330634,-0.9124793250077814,-1.5433797106487566
214,0.05200306998745763,-0.9039546402269139,-1.543132440967367
215,0.052364548218424595,-0.894461034943629,-1.5446437685291747
216,0.05227547404307209,-0.8869766465337379,-1.5464244079540088
217,0.05195519787615638,-0.8834581900315115,-1.5470171229740592
218,0.05185032404042303,-0.8842188016168357,-1.5455264329048939
219,0.05155399394441024,-0.8879762606915143,-1.5418946936646467
220,0.05087291175358763,-0.8924883856095134,-1.536845479293432
221,0.05052718527076061,-0.8954794401119943,-1.5315458521147836
222,0.05089822823209955,-0.8954811020061322,-1.5271386802309839
223,0.05145623160722268,-0.8922820723201679,-1.5243300430320663
224,0.051621808180002615,-0.8868602223694699,-1.5231782868911212
225,0.05149774618731601,-0.8808805675460922,-1.5231417684107234
226,0.05138299195790058,-0.875915402559138,-1.523340405655095
227,0.051059752074885056,-0.8730467803069133,-1.5229114999128845
228,0.05055582785240309,-0.8725996531231157,-1.5213182990383665
229,0.050314889014993314,-0.873781483821459,-1.5185032582308002
230,0.05026610541971091,-0.8752674454072169,-1.5148482752302366
231,0.049995355295652036,-0.8759720212856963,-1.5109805762336452
232,0.0480273862312265,-0.8752874080026434,-1.5075156456808538
233,0.04401095063622257,-0.8731925130401712,-1.5048402824320832
234,0.041191447491714245,-0.8701621970756332,-1.5030100025345292
235,0.04079773416049373,-0.8669045440730088,-1.5017817429499902
236,0.0409198611850895,-0.8640495327975515,-1.500748870579229
237,0.040600016471280406,-0.8619268727920217,-1.4995119249180462
238,0.03997617084839822,-0.8605119364529146,-1.4978156623049586
239,0.03933475362005244,-0.8595314723367862,-1.495607592044069
240,0.038785264489733864,-0.8586509423701418,-1.4930114525896725
241,0.03856994056478909,-0.857641464986282,-1.4902434692469462
242,0.03891779305655435,-0.8564507007596367,-1.4875162880336612
243,0.03802745370464612,-0.855160384643022,-1.4849708690557604
244,0.034601845579848814,-0.8538729837264154,-1.4826558558468932
245,0.03157942321433925,-0.8526025846279062,-1.4805487549380416
246,0.03073797883638152,-0.8512368176984286,-1.4785957196379895
247,0.030562003730985693,-0.8495938996461359,-1.4767437729695518
248,0.030027127384651575,-0.847544471332657,-1.474950145792751
249,0.029195342618453142,-0.8451295309902969,-1.4731706967775837
250,0.028425745912027886,-0.8426028630538296,-1.4713432942887321
251,0.026342974669555673,-0.8403610293480466,-1.469385234002687
252,0.022444857505964033,-0.8387800626145894,-1.4672148664875189
253,0.020126527159445268,-0.8380286127563674,-1.4647916664599347
254,0.020529988168538543,-0.8379473693462951,-1.4621416759246868
255,0.021455548455139903,-0.8380626077151758,-1.4593910578473719
0,0.02158643901235026,-0.8377454273551601,-1.4567608613392249
1,0.02075078656179681,-0.8364617236800331,-1.4544567562482342
2,0.019506990212212,-0.834011115589647,-1.4525795681318172
3,0.018336169332818064,-0.8306484833784284,-1.4510893750057514
4,0.015889153800321812,-0.8270242035698441,-1.4497958216785891
5,0.01187925599748104,-0.8239527443949268,-1.4484110949875206
6,0.009583200508785382,-0.8220936864705319,-1.4466514588214965
7,0.010119142500201184,-0.8216723169411466,-1.4443501227625521
8,0.011426919079226612,-0.8223585695241487,-1.4415351484082555
9,0.01187112866348285,-0.8233641884473322,-1.4384363010873589
10,0.01104766860793123,-0.8237309808771052,-1.4354113495846894
11,0.007880581992078216,-0.8227030243934434,-1.432815102665565
12,0.002316754545950315,-0.8200362479711902,-1.4308599354094573
13,-0.0017514662446628648,-0.8161177989250141,-1.4295234934803966
14,-0.0024096461909554265,-0.8118393855502937,-1.4285305329234799
15,-0.0013187236877629325,-0.8082658098276136,-1.4274630214705932
16,0.0000761481010546558,-0.8062235127964776,-1.425936513726091
17,0.0009166680994438306,-0.8059698941004814,-1.4237156249482457
18,0.0010250633492428704,-0.8069942188878958,-1.4208083560321998
19,0.0005324517490202935,-0.8083761252997252,-1.4174943903062043
20,-0.00018824705226294994,-0.8091798377920152,-1.4142238948091577
21,-0.0021775088434733882,-0.8084485001699875,-1.4114470875843357
22,-0.006381867064531373,-0.8057497165637049,-1.4094391375979183
23,-0.009838287120727169,-0.8015643659685661,-1.4081886084528117
24,-0.010541074960316404,-0.7969574318074739,-1.4073944936018412
25,-0.00984719295793864,-0.7931364142072712,-1.4065754455031105
26,-0.009132847770875627,-0.7910020477976258,-1.4052510485804577
27,-0.00925573164713913,-0.7908145659334966,-1.403126123667327
28,-0.010027026956428084,-0.7920937456267283,-1.400206690362812
29,-0.010663135272197574,-0.7937979689076933,-1.3968016934110716
30,-0.011033150992744323,-0.7946373707448573,-1.3934083226009788
31,-0.011045858422165707,-0.7937450439350493,-1.3905238463907388
32,-0.010432125495613674,-0.7910583644070164,-1.3884557518194152
33,-0.00940065127762351,-0.7869771252155895,-1.387203243022645
34,-0.008762576048850093,-0.782380298286006,-1.3864561062212752
35,-0.008788300207322295,-0.7785011017011338,-1.3857119436837793
36,-0.008940163640302104,-0.7763013952301037,-1.3844671956026788
37,-0.00915858173963955,-0.7759854855625474,-1.38240886841835
38,-0.00972910165562453,-0.7771178084304307,-1.379533530815726
39,-0.010493772043074917,-0.7788580164652688,-1.376148075496121
40,-0.01072984070702667,-0.7799235753791525,-1.372752167363707
41,-0.010297097783772888,-0.7792487769400185,-1.3698476527522514
42,-0.009703884264950224,-0.7765981685668992,-1.3677480137760076
43,-0.009185917904551094,-0.772494648520953,-1.3664605850817342
44,-0.009030456307154412,-0.767974455794479,-1.3656859968272301
45,-0.009222084521904858,-0.7642012615014875,-1.364934200853257
46,-0.00951998626037067,-0.7620383039294887,-1.363711918642109
47,-0.009741318804891368,-0.761730114641721,-1.3617094936033083
48,-0.009739481342440695,-0.7628181915501839,-1.3589029505131935
49,-0.00970200589171609,-0.7642418510067945,-1.3555752765739957
50,-0.009672375772165231,-0.7649261473014874,-1.35222663929513
51,-0.009457956369283302,-0.7642397618781347,-1.3493483843030982
52,-0.007379386244986776,-0.761861677197198,-1.3472333979316558
53,-0.004475397838800194,-0.7580619186132571,-1.3458895491159177
54,-0.003358626612082495,-0.7537989819707791,-1.3450390306135258
55,-0.0019229916099650704,-0.7501108070022364,-1.3442262263776934
56,-0.00007246443571735581,-0.7478599152148808,-1.3429914096773787
57,0.0003742450457433037,-0.7474761108047439,-1.3410432759624538
58,0.0001233393409523307,-0.74845532086136,-1.3383518282311715
59,-0.00003116719769895998,-0.7497403422760183,-1.3351697119858112
60,0.0001381379731407173,-0.7503429813389006,-1.3319523438528624
61,0.0006649482062274885,-0.7495639912743504,-1.3291483456898
62,0.001251653696907211,-0.7472112970532476,-1.3270266824768675
63,0.001341256542556457,-0.7436726090519603,-1.3256005255588632
64,0.0010405881205196553,-0.7397693067063167,-1.3246261483279698
65,0.00087901651974189,-0.7364404104780486,-1.323699082637697
66,0.0008169546418829755,-0.734385134955208,-1.3224089125116252
67,0.0006367494056609569,-0.7338051442403049,-1.3204928177127688
68,0.000315889286728141,-0.7343425570707944,-1.317929934584674
69,0.00009201875389848978,-0.7352311289439477,-1.3149424379808088
70,0.00039245617847202645,-0.7355967659251343,-1.3119053628946653
71,0.0009650730653063769,-0.7347893481929642,-1.309201572225048
72,0.0013467940570424247,-0.7326198489805178,-1.3070779664227463
73,0.0014754131171008204,-0.7294164592383166,-1.3055569805977507
74,0.0014030127463145864,-0.7258844360093153,-1.3044350187764335
75,0.001030669802588518,-0.7228288825655924,-1.3033526751527553
76,0.0003623374450986115,-0.7208493676301266,-1.301949810346076
77,-0.00017858140690054508,-0.7201222263187455,-1.3000219357309413
78,-0.00018106821105886347,-0.7203493759536246,-1.2975583632531302
79,0.0003001976851106933,-0.720887017111465,-1.2947354663707586
80,0.002362004335092221,-0.7209993962882977,-1.2918650498788251
81,0.004910637741180443,-0.720137726613993,-1.2892708238342996
82,0.005764864672494957,-0.7181385749044202,-1.2871651270858866
83,0.007284974506224298,-0.715270265011555,-1.285572152426404
84,0.009568401352109266,-0.7121157043296298,-1.2843247713799388
85,0.010584022261904864,-0.7093419674500909,-1.2831334207788978
86,0.010683214299745898,-0.7074475437316727,-1.281698511095244
87,0.010555427632955264,-0.7065829212696608,-1.2798225464916375
88,0.010681133924052885,-0.706508770967154,-1.277479914793771
89,0.01092999779197383,-0.7067017024219635,-1.274819800808019
90,0.010936589364949692,-0.7065617697214226,-1.272103713833264
91,0.010720118322080873,-0.7056396766239703,-1.269603575892439
92,0.010482428553241427,-0.7037977695443567,-1.2675000607505114
93,0.010280140815543525,-0.7012474777816382,-1.2658191707611102
94,0.010142131010304839,-0.6984547047589695,-1.26442915794382
95,0.010015127446306907,-0.6959545297970682,-1.2630963878059371
96,0.00995263331305463,-0.6941486641032217,-1.261576754945405
97,0.010130761889673455,-0.6931621661662524,-1.25970697640515
98,0.010410961592288836,-0.6928101505004798,-1.2574617010128786
99,0.010564276747322028,-0.6926816505535471,-1.254956666183666
100,0.010654330339333617,-0.6923036245381813,-1.2523991840979964
101,0.010680372980520998,-0.6913199339367717,-1.250006851276027
102,0.010571913499769884,-0.68961776483134,-1.2479262664174517
103,0.010417026018410349,-0.6873570064430936,-1.2461820369078977
104,0.010225117197795792,-0.6848966322148808,-1.2446736028619076
105,0.011649494074838888,-0.682650907138981,-1.2432187212784922
106,0.015691352102740815,-0.6809327182619747,-1.2416251135379537
107,0.019133418298065665,-0.6798430743885291,-1.2397622081529898
108,0.01994481170282779,-0.6792453970129144,-1.2376062991878523
109,0.019581474356487313,-0.6788294731540232,-1.235243714573706
110,0.019436051767794463,-0.6782362361829035,-1.2328330251443895
111,0.01985988639714749,-0.6771934984699906,-1.2305425130030465
112,0.020501202221717973,-0.6756115418505477,-1.228487449336594
113,0.020843894160021678,-0.6736054042717321,-1.2266904636208134
114,0.02061391146260067,-0.6714399605062582,-1.2250784144883973
115,0.020026740578059796,-0.6694228685900854,-1.2235148572358736
116,0.019530862004480197,-0.6677883246272758,-1.2218540343855206
117,0.01924966620099324,-0.6666153260111793,-1.219995140047744
118,0.019061285997144302,-0.6658085596809482,-1.2179167556626402
119,0.019062200843797013,-0.6651449556846094,-1.2156799084488878
120,0.019433052434580607,-0.6643643482439889,-1.2134005361218678
121,0.019965785779553387,-0.6632677278474473,-1.2112034303371901
122,0.020326916954257618,-0.6617862033171222,-1.2091758369299175
123,0.02041160011218259,-0.6599971838120271,-1.2073378638848995
124,0.020149612888586556,-0.6580855050227272,-1.2056395220897858
125,0.01958513711437198,-0.6562678026144921,-1.2039837297258336
126,0.019012986200597187,-0.6547107433325601,-1.2022650587736892
127,0.018656657257335646,-0.6534737548154979,-1.2004088795323002
128,0.018536158873865637,-0.652495531618668,-1.1983964705271513
129,0.01870454118842116,-0.6516259203124533,-1.1962678532294242
130,0.01914014398543875,-0.6506878678847121,-1.1941029145652435
131,0.017932761380917518,-0.6495442088283241,-1.1919893415226377
132,0.014128791485203823,-0.6481443156863789,-1.1899901177161483
133,0.01259191939138423,-0.646535140856279,-1.1881225301933882
134,0.015804169935711876,-0.6448356359021441,-1.1863554813680657
135,0.01903110493364579,-0.6431871455610871,-1.1846246394408775
136,0.017789361341298375,-0.6417001299890897,-1.1828584466920926
137,0.012814791414700408,-0.6404170861602756,-1.1810045914858143
138,0.009036772619015462,-0.6393037295831587,-1.1790341316855968
139,0.008535381278985517,-0.6382689377283484,-1.1769647918844766
140,0.009442353942661644,-0.6372033122354168,-1.1748723388974414
141,0.010251308539465487,-0.6360203753523122,-1.1728260890412274
142,0.01042110677559177,-0.6346850891761215,-1.1708593312148752
143,0.010112540293672116,-0.6332206706441861,-1.16898034882332
144,0.009480150982343592,-0.6316936419376216,-1.1671699903222916
145,0.008659395610704477,-0.6301850638487088,-1.1653896995991002
146,0.008170297951756014,-0.6287600516664071,-1.163596015284774
147,0.008305204501842314,-0.6274468454260249,-1.1617555887588868
148,0.008730812283096433,-0.6262317876230636,-1.1598552247420848
149,0.00911489723691359,-0.6250698917370192,-1.1579038733499152
150,0.009471735540799345,-0.6239050009142308,-1.1559267726169562
151,0.009829589814196828,-0.6226908611613771,-1.1539547457023858
152,0.010045877111654042,-0.6214053813838367,-1.1520130177491388
153,0.00990131944061479,-0.6200540632652776,-1.1501135137384213
154,0.009425892029976131,-0.6186632355104775,-1.1482528119997255
155,0.008823837497542671,-0.617267383429805,-1.1464156078748071
156,0.008308576290658325,-0.6158962622137971,-1.144581621538391
157,0.008239023981490033,-0.6145664407137827,-1.1427330127166102
158,0.008703693871342452,-0.6132792743813347,-1.1408596987155373
159,0.009234339943420405,-0.6120244089330664,-1.138961184722282
160,0.009552972071168033,-0.6107035748873848,-1.1370449984425934
161,0.009701360201594286,-0.6093458105772904,-1.135122968172242
162,0.009558195918758776,-0.6081424789865888,-1.133193913166814
163,0.009170810605178732,-0.6070039743371733,-1.1312611683095426
164,0.008833604145965741,-0.6057606611780253,-1.1293541675253578
165,0.00869014199064012,-0.6044378167994222,-1.1274844922205984
166,0.008658711182840471,-0.6030920186229256,-1.12563835816561
167,0.008705195697928748,-0.6017536856814107,-1.1238029363697364
168,0.008894099359398212,-0.6004327890268899,-1.1219677499355116
169,0.00911341913464871,-0.599133756406063,-1.1201252524930956
170,0.009290930542314856,-0.597860588830808,-1.118270974604934
171,0.009505648747649743,-0.5966144481483531,-1.1164036117859757
172,0.00960900080505308,-0.5953899445735438,-1.1145251368784517
173,0.011016612572719877,-0.5941739278151161,-1.1126406680421543
174,0.014640567562420676,-0.5929479952669257,-1.1107576641688386
175,0.01754905411651405,-0.5916941694041296,-1.108884196099888
176,0.018048015726127783,-0.5904018424217692,-1.1070265046061731
177,0.017657634903582464,-0.5890732221150217,-1.105186576120806
178,0.01779584938797775,-0.587724629468243,-1.103360748042988
179,0.020310754156087032,-0.5863823288727497,-1.1015401844358164
180,0.02527923072305288,-0.5850737386103,-1.0997134322486075
181,0.02885305949653994,-0.5838169934308275,-1.097870401953109
182,0.029294059776561354,-0.582612936955401,-1.0960063866124652
183,0.03000170476692874,-0.5814430932708192,-1.0941244981170986
184,0.03313444581728428,-0.5802750667970391,-1.092235333695391
185,0.035950483868611674,-0.5790739016748272,-1.0903536825967417
186,0.03683385705665246,-0.5778153652199853,-1.0884932743856868
187,0.03718360443139718,-0.5764960126414203,-1.0866614682256577
188,0.03948161084052197,-0.5751358093645837,-1.0848559805777702
189,0.04423702250119532,-0.5737717900543697,-1.0830651044658541
190,0.04758483620751246,-0.5724447195542264,-1.0812715877790762
191,0.04805997773763379,-0.5711836169819013,-1.0794588929606737
192,0.04914030251403689,-0.5699941023754669,-1.0776175348817887
193,0.05259267026965887,-0.5688552964132547,-1.0757490290158525
194,0.0554707666852963,-0.5677268405517408,-1.0738657919009884
195,0.05609783969778806,-0.5665636910323726,-1.0719868448369114
196,0.05618871990647595,-0.5653332084477645,-1.0701308092233521
197,0.056697730812857644,-0.563945551892145,-1.0683088010606006
198,0.05902907553541753,-0.5624665312421251,-1.0665199687704328
199,0.06350592230287,-0.5611416924755084,-1.0647514829966291
200,0.06662445281964219,-0.559936432864572,-1.0629831133841745
201,0.06688757507710771,-0.5587194861755784,-1.061194751977851
202,0.0660329818619167,-0.5575249835907374,-1.0593740596319452
203,0.06532791566906976,-0.5563849499427542,-1.0575212990325196
204,0.06509596884960106,-0.5552787824944896,-1.055649443433985
205,0.06526344639540843,-0.5541550907431017,-1.0537794368837226
206,0.06576332270347693,-0.5529670231932622,-1.0519323475325093
207,0.06617693753318182,-0.5516953384527112,-1.050121376610579
208,0.06612305409561828,-0.5503550879825283,-1.0483467789250374
209,0.06572580605920669,-0.5489884400377953,-1.0465956659593347
210,0.06517862201584762,-0.5476479911941861,-1.044846807638848
211,0.06466028602543575,-0.5463766813201512,-1.0430786337857412
212,0.06426131638824145,-0.5451915294364975,-1.0412642831205936
213,0.06392072313026212,-0.5440772399653069,-1.0393975952712524
214,0.06387145831963062,-0.542992126285045,-1.0375165747162072
215,0.06427005472904018,-0.5418840919658456,-1.035654681231231
216,0.06478166668303983,-0.5407105266283669,-1.0338111609002292
217,0.06500881430417396,-0.5394544774288901,-1.0319753745008406
218,0.06491570228564816,-0.5381309249163855,-1.0301654118455077
219,0.06463390290878476,-0.5367808311553022,-1.0284061851409598
220,0.06411603871887442,-0.5354553342005897,-1.0266804373294822
221,0.06357272116001392,-0.534196215649078,-1.0249386936075702
222,0.06330084467734118,-0.5330201340132215,-1.0231521637390775
223,0.0631390873269661,-0.531912596378789,-1.0213400906460275
224,0.06296806985272041,-0.5308338505507559,-1.0195245833776418
225,0.06297357907198725,-0.5297343005412951,-1.017715885735801
226,0.06161448913741685,-0.5285734458462332,-1.015928322350995
227,0.05952434813952648,-0.5074686288006469,-1.0141717658440577
228,0.06038280228563783,-0.34741093423273117,-1.01244582678085
229,0.06265207285815041,0.09363938388257975,-1.0107387819776505
230,0.061620927908932976,0.7108552598293849,-1.0090314057986767
231,0.05697472026742295,1.1874129298984777,-1.0073040130469306
232,0.05308294290533097,1.3689196945424706,-1.0055438536731596
233,0.0522131737889191,1.390710164955808,-1.003749941998525
234,0.052732034457589894,1.4189139363258434,-1.001933453472962
235,0.053057575019716585,1.4921909764200283,-1.0001135585459
236,0.05286553166704741,1.5772210896935102,-0.9983103127040396
237,0.05250566125329835,1.6196358966922668,-0.9965373199261713
238,0.051938692264560715,1.591358277211529,-0.9947969303014954
239,0.05148273407010086,1.5079402683035459,-0.9930797268852798
240,0.051532060096612625,1.4062145875739773,-0.9913552891893604
241,0.051745839167918584,1.324113077340265,-0.9895996886078775
242,0.05006351568309825,1.2907375555931075,-0.9878256527224862
243,0.04573393487532196,1.3183804332299927,-0.9860432413271898
244,0.04241597775820233,1.3920697152177857,-0.9842518787095171
245,0.041848476275150204,1.478858221428637,-0.9824616488300864
246,0.04209263132571489,1.5455886330450506,-0.9806869480637443
247,0.04198941745123924,1.5685608955866828,-0.9789391370898683
248,0.04154065398163678,1.5404456816315566,-0.977221003707192
249,0.040903596303581716,1.471570587096258,-0.9755250278739429
250,0.04037439904924571,1.3888946728466327,-0.9738359206988707
251,0.040330737223561064,1.3243217463387098,-0.9721362759839938
252,0.04067025222157594,1.2992103631753489,-0.970413039154431
253,0.04107969718915652,1.3209102903829963,-0.96866227094324
254,0.041686926056652696,1.3777800451602094,-0.9668772996755792
255,0.04224465435923233,1.4446806716276983,-0.9650668652727719
0,0.04045431395697542,1.4963233297515934,-0.9632728656877685
1,0.035614606881574376,1.5142252474981763,-0.9615202889344601
2,0.03302943646909284,1.4928433900024185,-0.9598041589525041
3,0.03384480407899755,1.441461358934963,-0.9581131434950101
4,0.032692555639208795,1.3782829071810898,-0.9564318241610938
5,0.03012843872155052,1.3264190833381906,-0.9547448360808897
6,0.02934983755225272,1.306903318045618,-0.9530412814693543
7,0.02992744001834252,1.3234452744455356,-0.9513046023918941
8,0.030625274447856732,1.3595655761580452,-0.9495337890997391
9,0.030941345996363542,1.4011314632717058,-0.94776430584316
10,0.0309808122527456,1.4418095871247694,-0.9460200742267921
11,0.03083084336307529,1.4626380169303106,-0.9443005583617858
12,0.030357604362199517,1.4494085477418657,-0.9426025588908451
13,0.029620475347189062,1.41031078267484,-0.9409194123177964
14,0.029055551864195867,1.3631603614640748,-0.9392419546084971
15,0.028923232040918553,1.3261312347351009,-0.9375608155882791
16,0.027583634893626405,1.3113090986056317,-0.9358690847742523
17,0.024050378570443565,1.3213137160237123,-0.9341642697976558
18,0.021228072328123085,1.3499473892413665,-0.9324487740220309
19,0.020773982015506676,1.384913722160288,-0.9307287103254742
20,0.021129640541854497,1.4121239342852792,-0.9290115054566153
21,0.020863298640781465,1.4210086756780607,-0.9273031906730984
22,0.01988057518420719,1.4086891928095078,-0.9255932450231166
23,0.018951759422931265,1.3804328782798754,-0.9238746984266544
24,0.018516156240840506,1.3471287525626856,-0.9221681861751523
25,0.018621320897489996,1.3207547857592603,-0.9204800169967813
26,0.01920797420261143,1.3093764310388405,-0.9187959689760046
27,0.01996371339493294,1.315251465651849,-0.9171079491343375
28,0.020601700562798586,1.3341087585302596,-0.9154014105270463
29,0.02102866097522653,1.3567357304457905,-0.9136745868871201
30,0.019288649669062276,1.3721592607083055,-0.9119587611739335
31,0.016128505705865846,1.374868002279078,-0.9102711482728076
32,0.014463582329346698,1.3654969241748662,-0.9086040329545617
33,0.012279729333860383,1.3452555761395364,-0.9069489183167891
34,0.009626959980515437,1.3226479404649294,-0.9052974352064909
35,0.008840664273072039,1.3079583974391955,-0.9036427047617064
36,0.009235278074925746,1.3011128309736533,-0.9019805820228326
37,0.009795195129857548,1.301907900628522,-0.9003102466224102
38,0.010072557159937039,1.306286222661944,-0.8986338677333827
39,0.010001431608937073,1.312008173050474,-0.8969554335876113
40,0.00987139678074151,1.326428514935723,-0.8952791518315042
41,0.009768300700102574,1.3392761206267134,-0.8936079751505073
42,0.009473172830590574,1.335553660132227,-0.8919427389724239
43,0.009097358657431824,1.3205631125743733,-0.890282152735113
44,0.008880989487749975,1.3050024744353363,-0.8886104487601147
45,0.00893821632903992,1.2940153779640289,-0.8869193457518514
46,0.009172899572904073,1.29079816992423,-0.8852323761117975
47,0.009306338871861268,1.2942823906311265,-0.8835616260076451
48,0.009342802147804564,1.3002031839386379,-0.8818991913900729
49,0.009385584179797908,1.3059299765233372,-0.8802414230434139
50,0.009379385229367626,1.3091386508950995,-0.8785878846791508
51,0.009282484923037494,1.30850506215411,-0.8769396232305238
52,0.009200014173545108,1.304514929774507,-0.8752974376348082
53,0.007500220234586297,1.2984769342773665,-0.8736476188712001
54,0.003281423357841172,1.29186755712142,-0.8719824807373397
55,-0.00004054846168887252,1.286340603567191,-0.8703241624837958
56,-0.0005714730320719591,1.2826759466479705,-0.8686818206885722
57,-0.00009477723141900624,1.2810495859423385,-0.8670442225024653
58,-0.000004562492328177847,1.2792162590456635,-0.8654052962961583
59,-0.00035072302957575574,1.2749492417779367,-0.8637640278321932
60,-0.0008772730985045982,1.2707588766557292,-0.8621229459131219
61,-0.0013101533021177957,1.268385787543108,-0.8604858289546726
62,-0.0012582531049814896,1.2665299221356259,-0.8588554674670812
63,-0.0008753439570083794,1.2660198062617094,-0.8572322275885349
64,-0.0005111122319195957,1.2676746463223614,-0.8556138194003697
65,-0.0001918133806067951,1.266956937664843,-0.8539962140560884
66,0.00002472551981724455,1.2614021643224373,-0.8523752468276431
67,-0.0000198909334958898,1.2570985770204932,-0.8507482324252313
68,-0.0002727529886291484,1.2522969037045493,-0.8491149678215311
69,-0.000651729456283695,1.2448348893999799,-0.8474777712020192
70,-0.0011569214624046129,1.24452552349931,-0.8458405889479512
71,-0.001525294764348921,1.2490257096878623,-0.844207547945905
72,-0.0014223745450127924,1.2502720563476166,-0.842581513754173
73,-0.0009549401908074719,1.2496331096331583,-0.8409631799008603
74,-0.00043590587151230015,1.249506309873667,-0.8393509872857732
75,-0.00003354384783260146,1.250122047922627,-0.8377418512805122
76,0.00006195310534345445,1.2499464969869511,-0.8361323819108626
77,-0.00015094439086548415,1.2459809332043674,-0.8345201246322849
78,-0.0004263564394101811,1.2389116938446603,-0.8329043741708002
79,-0.0007205192383488712,1.2335969262336133,-0.8312862996551402
80,-0.0011194985091039066,1.22971983160897,-0.8296683868498391
81,-0.0013364606660802034,1.2257099695983822,-0.8280534490876676
82,-0.0011878255334977703,1.2236896379842035,-0.826443594948564
83,0.000712609785387279,1.2248827991735536,-0.8248395265966884
84,0.0034699715573314315,1.2282370028939007,-0.8232403945446367
85,0.0047049719376203464,1.2314486476403474,-0.8216442169696352
86,0.004868736870133773,1.2323778733637911,-0.8200486686608124
87,0.0030570168304076967,1.2297761309533093,-0.818451928449293
88,0.000526591466176814,1.2217634603226442,-0.8168532791682872
89,0.0012832631655917606,1.2107475211649814,-0.8152532683898652
90,0.00523033001174594,1.2034754532277159,-0.8136534109333216
91,0.008291833687425068,1.2007771668057337,-0.8120424615041251
92,0.008740721739459563,1.2008597852821228,-0.8104165077674326
93,0.008376687836529813,1.2035575154327716,-0.8088016527338944
94,0.00827875552366663,1.206037483812616,-0.8071967949696583
95,0.008617183552835223,1.207350765992461,-0.8055860540168407
96,0.00933433331555407,1.2093269686853967,-0.8039872779024209
97,0.009933723153400166,1.2088954667055218,-0.8024085573465674
98,0.0100646102859877,1.2011506392495113,-0.8008261675935979
99,0.009890127358034947,1.1889788468856715,-0.799229181268879
100,0.009475555691480946,1.1806573931179196,-0.7976413096131614
101,0.008882336261026242,1.1778371112297283,-0.7960750807442016
102,0.008368301426387694,1.1764752365133941,-0.7945215356430086
103,0.008070794840223794,1.1775062739432869,-0.7929739834068759
104,0.008104408829826854,1.1838030834479984,-0.7914276903431205
105,0.008585816107798003,1.1907991432876677,-0.789879612596017
106,0.009160689337894337,1.1927461718459988,-0.7883281546234691
107,0.009495196522014616,1.188986104351439,-0.786772905630782
108,0.00966304651956943,1.1809358767484581,-0.7852143251529999
109,0.00950868169673702,1.1710901875287263,-0.7836533911018759
110,0.00900991382880386,1.1623637365079458,-0.7820912597630869
111,0.008555255267986322,1.1573871707099594,-0.7805289980010857
112,0.008204898936322442,1.1556375386122966,-0.7789674290976052
113,0.009549666227241883,1.1568991084450846,-0.7773939795424254
114,0.011919074280746851,1.161419573138656,-0.7758035016311804
115,0.013040929183994084,1.165897488786051,-0.774221543394316
116,0.015155373769656227,1.1684882017053648,-0.7726473664452862
117,0.017908371077753858,1.167052324903524,-0.7710530916077678
118,0.018855155240507994,1.160154191167868,-0.7694525255494438
119,0.01872254988037913,1.1504207157566348,-0.7678803263077216
120,0.018476791331796555,1.1416314370126335,-0.7663256119203621
121,0.018270987025224943,1.1368718223600514,-0.7647679098286084
122,0.018143454919367037,1.1368670596629098,-0.763224037731411
123,0.018174452266368032,1.1390617869767756,-0.7617025676061577
124,0.01817042358227651,1.14227780461946,-0.7601931049176966
125,0.017974179282051195,1.1457798181489927,-0.7586891188734557
126,0.017666444115792823,1.1444497369942717,-0.7571865333424439
127,0.017578491547234842,1.1343359624450415,-0.7556825571534187
128,0.017831805350996988,1.1156978971598037,-0.7541750108086109
129,0.0180446328885586,1.1024986749802514,-0.7526621861537981
130,0.017974576470262307,1.1063251255011153,-0.7511430804820725
131,0.016166176009709626,1.114502139683248,-0.7496177332884724
132,0.012079425957543265,1.1173590961209197,-0.7480873924085476
133,0.009001541469410464,1.1189600916838582,-0.7465412216396272
134,0.008385760418604855,1.122220188581566,-0.7449765486796398
135,0.010147208251466571,1.1264050285684961,-0.7434213272045265
136,0.014006552302230833,1.127153141510008,-0.7418895229182552
137,0.015001661769902886,1.123085883680285,-0.7403721775382472
138,0.011088664742682311,1.1179718442948205,-0.7388623085173467
139,0.007525988553894934,1.1119543610081708,-0.7373421577711496
140,0.007115188648565807,1.1044495299727486,-0.7358038494876089
141,0.008210113587822324,1.0980501303040047,-0.7342720790012713
142,0.009190485060918664,1.0952644750991065,-0.7327594717938393
143,0.009372032804967574,1.0968926496285296,-0.7312573329450129
144,0.008879256631245518,1.1012032038265134,-0.7297468684108925
145,0.00793519601558951,1.1055722686389702,-0.7282196345113279
146,0.006878911932488369,1.1060854505308173,-0.7266999602600221
147,0.006304176808288597,1.1004430250469905,-0.7252000719647418
148,0.006289891986765089,1.0917538378828873,-0.7237107155601055
149,0.006631986781104767,1.0848204481226968,-0.7222255123876857
150,0.007301393520280565,1.0812220292812706,-0.7207407829813706
151,0.008095323535563657,1.0786756109055933,-0.7192549956993322
152,0.008711038246186208,1.0765296839881597,-0.7177680118269383
153,0.008936001528285616,1.0767336239347562,-0.7162803222506944
154,0.008598831144042054,1.079905413002055,-0.7147924480615351
155,0.00782201949107549,1.0825331263405165,-0.7133046108810697
156,0.006920246260765733,1.0824269874977883,-0.7118166881361205
157,0.006292596137183365,1.0821512512746296,-0.7103283829108737
158,0.006318026300099042,1.073532938635315,-0.7088394842531498
159,0.006802354164483163,1.057535881430951,-0.707350086388429
160,0.007344256625120796,1.0513141118781943,-0.7058606724773229
161,0.007852646688501892,1.0526951055408835,-0.7043720333325689
162,0.00820362264965803,1.054181208551864,-0.7028850585938831
163,0.00819255683399214,1.0563797833937207,-0.7013873673346052
164,0.007779393715120115,1.0589139708763269,-0.6998738806900437
165,0.007200626994370315,1.0616315203154012,-0.6983699309184097
166,0.006668579590665155,1.0637406307178252,-0.6968873941806077
167,0.006303798645037475,1.0638976702057668,-0.6954163291009348
168,0.004710503281482221,1.0608253552724367,-0.6939500679769475
169,0.0026793738956426595,1.0550264904056137,-0.6924853237046968
170,0.0023230601086478807,1.0466866296247774,-0.6910214668632559
171,0.0012038007416890623,1.0368666544428233,-0.6895593014124293
172,-0.0007128475607732464,1.0316453261774003,-0.6880997824944661
173,-0.0015065982124757987,1.0322825423963615,-0.6866430900774863
174,-0.0019616444864555185,1.0345786524608074,-0.68517519116602
175,-0.0026301972455769,1.0366840704351419,-0.6836889103736008
176,-0.003476639532260538,1.0358619204267185,-0.6821947056224527
177,-0.00400353480148069,1.034206981782292,-0.6806982825967145
178,-0.0038107767083632137,1.0330878946360098,-0.6792157514089279
179,-0.0031176119518535553,1.0296182726015015,-0.6777546023832506
180,-0.002362604062045491,1.0245306728803674,-0.6762915325776386
181,-0.0017496943941926555,1.018093310188143,-0.6748165417519167
182,-0.001290868092946514,1.0140810860653238,-0.6733541020654781
183,-0.001194499965940031,1.0160987591077242,-0.6719167832050368
184,-0.0015978557504983558,1.019941531066582,-0.6704947215981005
185,-0.0023757611101954713,1.0201412138868156,-0.6690795509935983
186,-0.003167425455609111,1.017709134278034,-0.6676645924858986
187,-0.0035897633608783057,1.017318813521309,-0.6662452186022971
188,-0.00355625744700362,1.0124160358523828,-0.6648191347109349
189,-0.003150796948994587,1.002738600643403,-0.663386334783914
190,-0.0026407815620147538,1.0014961707413268,-0.6619355049292641
191,-0.002209330344002379,1.0049892196407915,-0.6604508393270863
192,-0.0019336086242434294,1.004342965657711,-0.6589550272513469
193,-0.0018693977961686974,1.0018975804197616,-0.6574876885120438
194,-0.0020772881842373407,1.000289733933431,-0.6560524710505478
195,-0.00263095696857419,0.9998367809786415,-0.6546334337508655
196,-0.0032453964363808527,1.0002039708010702,-0.6532202957842199
197,-0.00348929953870954,1.000535405457712,-0.6518081990284792
198,-0.0033401427759020413,0.9994283022568902,-0.6503962893301527
199,-0.00464553810438529,0.9963692179510897,-0.6489856787720374
200,-0.008190489479868024,0.9924023593696805,-0.6475643669200537
201,-0.009273628719519733,0.9884912963813282,-0.6461267314096271
202,-0.005689161912965113,0.9850556171898157,-0.6446964255664285
203,-0.002333463098518219,0.9827484020844834,-0.6432830814936432
204,-0.0020058975507398387,0.9814966136396666,-0.6418749336774865
205,-0.002985666900848019,0.980718052542259,-0.6404648187825281
206,-0.0037529648101652553,0.9803946488196535,-0.6390506931645901
207,-0.00391806005037065,0.9800357834089652,-0.6376346300101428
208,-0.003361345501400624,0.9787840367040075,-0.6362207252041159
209,-0.0023129937864738315,0.976617236056919,-0.6348126972372097
210,-0.0013921802907209645,0.9735722974876713,-0.6334120339829765
211,-0.001013753797021795,0.9698601596676331,-0.632017294459096
212,-0.0012034263586009602,0.9531658164902006,-0.6306247156369131
213,-0.0017969079774042863,0.861483591919205,-0.6292297816920567
214,-0.002534702509643775,0.6239675396503168,-0.6278290722614868
215,-0.00321868878718674,0.25594677545252065,-0.6264216397361462
216,-0.0035904812813287064,-0.1709913959024445,-0.62500938710976
217,-0.0034561638226064187,-0.5724403084102423,-0.6235963303122332
218,-0.0029435175202302353,-0.8462843669347533,-0.6221870665367859
219,-0.002227481989036844,-0.965496749274898,-0.6207850647585544
220,-0.0016939349603078187,-1.0150006865679932,-0.6193914395129219
221,-0.0016787102914906232,-1.068554613641747,-0.6180046578090439
222,-0.0019420706306863059,-1.1249111217595962,-0.6166212540125906
223,-0.0022256306408500025,-1.1526159332323758,-0.6152372393721355
224,-0.002578063640370779,-1.1325287585240393,-0.6138496410836467
225,-0.003023465444645255,-1.0707595205711824,-0.6124575809904218
226,-0.0033027394841817284,-0.9921227463995608,-0.611062505778178
227,-0.0031088820842302906,-0.9270177459533719,-0.6096675215508303
228,-0.0025888732386355655,-0.8989271289063249,-0.6082761291155474
229,-0.0020812464448584293,-0.9161230015937654,-0.6068908707373424
230,-0.0018313699765149915,-0.9695216705242635,-0.6055124083317354
231,-0.0018685047756383695,-1.0369494577649228,-0.6041393632202525
232,-0.0020721193676875495,-1.0920122738022267,-0.6027689409049117
233,-0.0024010496168947546,-1.1141345174299069,-0.601398063469734
234,-0.0026824063889820237,-1.0959810516739141,-0.6000245523020218
235,-0.002831616092346286,-1.0455912244930792,-0.5986479078327727
236,-0.00295253425647018,-0.9826575053981306,-0.5972694098791249
237,-0.002943838732298996,-0.9306137051650545,-0.5958915358223229
238,-0.002706092969165209,-0.9076984227053697,-0.5945169545105582
239,-0.002466628685210446,-0.9203947575714562,-0.593147502140289
240,-0.00235486240393374,-0.9615904111141247,-0.5917835314691646
241,-0.0023476516023476224,-1.0139147945245384,-0.5904238619334545
242,-0.002484182502364681,-1.0567436092443212,-0.5890663162822942
243,-0.0027361588564748483,-1.0740609865882735,-0.5877086058942298
244,-0.0029235862649690924,-1.060190979070832,-0.5863492070673673
245,-0.0028996996362580475,-1.0213641306497343,-0.5849878944234381
246,-0.0028467096899393897,-0.9727535885585272,-0.5836257477982498
247,-0.0028881430526025023,-0.9323332850134447,-0.582264661189771
248,-0.0028388108781509675,-0.9140288625298236,-0.5809065712399417
249,-0.0026512465809341423,-0.9227616511896102,-0.579552717146044
250,-0.0024881436854724097,-0.9531321493552496,-0.578203213118397
251,-0.0023856762566733976,-0.9920276253060525,-0.5768439608126401
252,-0.002396919575542769,-1.0239525681085815,-0.5754678695533602
253,-0.002572495340755234,-1.036931007492706,-0.5740987109468181
254,-0.002778148528525169,-1.0267424728624959,-0.5727478035206048
255,-0.0029718564207034514,-0.9980109796036203,-0.5714058062941596
0,-0.0030630424811022277,-0.9619339552065025,-0.5700675262841026
1,-0.002958239649203489,-0.9317082139293098,-0.5687314302694741
2,-0.0026835622696601714,-0.9175052639702517,-0.5673982545472767
3,-0.0023262867575028524,-0.9228988973965682,-0.5660692957605375
4,-0.0022036665667370947,-0.9439819693157099,-0.5647449986755615
5,-0.002443425792635498,-0.9713226783284852,-0.5634242837713834
6,-0.0027561823039761926,-0.9938392616932505,-0.5621047466541835
7,-0.002935658903067331,-1.0030175694524037,-0.5607835297830859
8,-0.0029975890212740825,-0.9958765963531486,-0.5594584356667525
9,-0.0029820330563168794,-0.975666816361354,-0.5581287977064635
10,-0.002831044883855198,-0.9502056699695585,-0.5567957573652318
11,-0.0026163562402167,-0.9286441523446602,-0.5554618522562742
12,-0.0024957540035838548,-0.9179857073147266,-0.5541300948652794
13,-0.002465516014375505,-0.9206715563117616,-0.5528029103938452
14,-0.002576655600623444,-0.9340473668181652,-0.5514813384369122
15,-0.002676771019230851,-0.9517597250550587,-0.5501647827976233
16,-0.0025811699845675745,-0.966406244298422,-0.5488513718122181
17,-0.0008159245359338832,-0.9723499565886238,-0.5475387587838347
18,0.0015385557783480185,-0.9676378157550816,-0.5462250374412059
19,0.00045767798048562593,-0.9543878343993404,-0.5449094246695174
20,-0.002193724032382882,-0.9376367203060743,-0.5435924725591965
21,-0.0013691409258764688,-0.9232160083429668,-0.5422757641830691
22,0.003141922878659679,-0.915536382491045,-0.5409612443312619
23,0.006920821096929906,-0.916112518248827,-0.5396504627800833
24,0.007599709937269723,-0.9233044627322284,-0.5383440208430075
25,0.006893661547781158,-0.9332496065478613,-0.5370414144250384
26,0.0065139395127090105,-0.9415157629658557,-0.5357413032486451
27,0.006768000576893314,-0.9447836856747216,-0.5344420731080399
28,0.007269443528588229,-0.9419294006332617,-0.5331424575005437
29,0.0076411940074473175,-0.9341708229204149,-0.5318419803693186
30,0.0076782042433394815,-0.9243330148670386,-0.5305410676253803
31,0.00756048842362508,-0.9156126126770321,-0.5292408122333279
32,0.0073520347473122055,-0.9102834731343736,-0.5279425096335357
33,0.006959978012862808,-0.909168661080249,-0.5266471575043119
34,0.006607799743276807,-0.9116220583292372,-0.5253551111358583
35,0.00644412532480939,-0.915644112254189,-0.52406601047907
36,0.006464525777738985,-0.9189522648204764,-0.5227789820291282
37,0.006702629020739124,-0.9200571296493183,-0.521493014166285
38,0.007095259184942998,-0.9185362014555603,-0.5202073479509921
39,0.0074917115334302425,-0.914943040676949,-0.5189217341717709
40,0.0077309384773488685,-0.910406493297987,-0.5176364724855147
41,0.0076334762767947505,-0.9060974768749026,-0.5163522397608158
42,0.007248719487723465,-0.902793429048161,-0.5150697946448635
43,0.006880366289409441,-0.9006191116515585,-0.5137896839629901
44,0.006600019404368671,-0.8993587232402669,-0.512512062774271
45,0.006305995507899667,-0.8987601138926744,-0.5112366842735963
46,0.006152896679874155,-0.8983649704020908,-0.5099630438488307
47,0.006389352595654537,-0.8978486451886705,-0.5086906034977479
48,0.006779132179889263,-0.8972538975484414,-0.5074189999440002
49,0.007056148325941279,-0.8966655250982098,-0.5061481574033952
50,0.007303654485327854,-0.895993550021231,-0.5048782731394454
51,0.0073237713135157305,-0.8949373856072551,-0.5036096984534073
52,0.007020143339501246,-0.8931209532459081,-0.5023427767841397
53,0.006705153681530637,-0.8903268765419585,-0.5010777101476211
54,0.0064726059591331785,-0.8867075842332028,-0.4998145042899258
55,0.0062981578035647846,-0.8828470207293364,-0.49853988690219175
56,0.006275037497372536,-0.8796067494490576,-0.4972481784523579
57,0.006358482700648226,-0.8777107613251123,-0.4959645888523887
58,0.006530213195357248,-0.8775769639021442,-0.49470135585340436
59,0.0067873660056968765,-0.8791009703959487,-0.49344921123985097
60,0.006887829292550145,-0.8812306301536283,-0.49220219543299515
61,0.006760563038080172,-0.8824814776833954,-0.4909574944263817
62,0.006601596613416274,-0.8817187026679076,-0.48971455618479354
63,0.006492847597597143,-0.8784925485083543,-0.4884738694995969
64,0.00634566159619024,-0.8732560963947646,-0.48723583663110914
65,0.006176149493406911,-0.8672848673714348,-0.4860000833068785
66,0.006135968427261301,-0.8622501293369025,-0.48476535795164644
67,0.006284213228784041,-0.8595835317854799,-0.48352994707360497
68,0.006559138333357466,-0.8598859145153765,-0.4822923561750061
69,0.006837696952378881,-0.8626313942123676,-0.4810519352551128
70,0.006920407870455614,-0.8663073180843637,-0.4797960652630757
71,0.006787177417282637,-0.8689578476134687,-0.47850767861909205
72,0.006565714285465617,-0.8689326004664677,-0.47720870923202763
73,0.006206450257191588,-0.8655495676991007,-0.47593866824942355
74,0.005895087582436035,-0.8594036015130462,-0.47470158436634624
75,0.005792609583969434,-0.8521833440414912,-0.4734689313862386
76,0.005802341625906695,-0.8460510217804333,-0.4722252930518791
77,0.005919882004924874,-0.8428156085617824,-0.47099108191246564
78,0.006038962267821513,-0.8432191136748637,-0.4697771640445274
79,0.00621485252989936,-0.8466200148632725,-0.4685744571406476
80,0.006437342339201419,-0.8511258745323032,-0.4673771279094352
81,0.006407972976278126,-0.8544775339962096,-0.46618151132453844
82,0.00615944847999963,-0.8549611367849912,-0.4649851703842134
83,0.005893652576011162,-0.8516280938592313,-0.46378632407402764
84,0.005753650045387736,-0.8450257011423696,-0.462583683660982
85,0.005729267268472333,-0.8372664398531828,-0.46137657408312216
86,0.0057298281962043125,-0.830709799904616,-0.4601651279605019
87,0.005879176092571997,-0.8271930575561233,-0.4589503469667322
88,0.006142671215775993,-0.8275488070230157,-0.45773391555479703
89,0.006348486847051291,-0.8311394972671264,-0.4565177823988924
90,0.006378987515196898,-0.8360611034365646,-0.4553036403388204
91,0.006190065086371484,-0.839880685609339,-0.45409248992899265
92,0.0060332008653521535,-0.840579920758362,-0.45288444580036646
93,0.005972967799086924,-0.8373313560726103,-0.4516788527549269
94,0.005772096014847274,-0.8307308777923836,-0.4504746593882536
95,0.005592817431235979,-0.8227445740435733,-0.44927090009131976
96,0.005674105166125281,-0.8160035429172137,-0.4480670996654965
97,0.0057699167798638245,-0.8124324375797949,-0.446863451509113
98,0.005781514927623398,-0.8126888029297819,-0.4456607139359612
99,0.005851441759735804,-0.8161322749002595,-0.44445988097932276
100,0.005950489284026781,-0.8209246016714769,-0.44326176952289
101,0.006005525871596799,-0.8247005166170718,-0.44206669111847674
102,0.005894623632694537,-0.8254853076175181,-0.4408743362802656
103,0.004104026788449511,-0.8224565094357859,-0.43968390985891137
104,0.0016396667173814022,-0.8162485727472681,-0.4384813383692743
105,0.0007212845218162959,-0.8086940661105773,-0.4372604221440264
106,-0.0009025614124016697,-0.8021118593071841,-0.4360463050232455
107,-0.003133799996883787,-0.7984208253068819,-0.4348516190630196
108,-0.004046861233501883,-0.7984185369507313,-0.43366779341018646
109,-0.0042457571361926225,-0.8014964619421834,-0.43248960941060943
110,-0.0042491642061505755,-0.8058930309828498,-0.4313147718640853
111,-0.004214927333851974,-0.8093797024669027,-0.4301428484053733
112,-0.004295989487870751,-0.8100296951528674,-0.42897401998596707
113,-0.004406614566545357,-0.8071175895778997,-0.4278080786912535
114,-0.004310838557003626,-0.8014212381241126,-0.426643966392408
115,-0.004131066514151195,-0.7945337066298193,-0.42547992081597474
116,-0.003968739218981098,-0.7884094536354576,-0.4243140672044017
117,-0.0038332837208473695,-0.7848299120988365,-0.42314514459944297
118,-0.003827071533022695,-0.7845851644333606,-0.42197303424164656
119,-0.003985696043852377,-0.7871610390025321,-0.4207988628029957
120,-0.004250638925276915,-0.7909770526151729,-0.4196246376114803
121,-0.004512400649986353,-0.7940230976624303,-0.4184525597974287
122,-0.004584327292429278,-0.7946324254451445,-0.4172842826153986
123,-0.004371895448875335,-0.7920998767917999,-0.4161203941301477
124,-0.005863251932878422,-0.7869207130709652,-0.41496030737142653
125,-0.009878520225593351,-0.780571395033755,-0.4138025794952611
126,-0.012724063178188026,-0.7749271294567666,-0.41264551954395934
127,-0.013110610047937165,-0.7715455203512136,-0.4114878437090652
128,-0.011437433904405346,-0.7710901564335555,-0.4103291325901961
129,-0.009273814480096655,-0.7731074895917813,-0.4091699330714338
130,-0.010595573611975738,-0.7762307647301863,-0.4080114897874987
131,-0.013682632737600647,-0.7786388985774408,-0.4068552309227753
132,-0.014919493449800487,-0.7789302770413387,-0.40570221741628965
133,-0.014692170633780255,-0.7766877642645462,-0.4045527651841174
134,-0.01396148648719022,-0.7722404493440755,-0.4034063714764029
135,-0.013170885074271124,-0.7666767527817828,-0.40226195350125726
136,-0.012848393932293756,-0.7616211510047572,-0.40111828928902615
137,-0.013071450074719406,-0.758459182262522,-0.3999744817151476
138,-0.013564800371973197,-0.7577893436147667,-0.3988302697937982
139,-0.01421375503825962,-0.7592399253882758,-0.39768608066690625
140,-0.014841856709443005,-0.7616582398102367,-0.3965428206727377
141,-0.015064083921481966,-0.7635757415841464,-0.39540150231877824
142,-0.014820840677460964,-0.7637686544347217,-0.3942628588901944
143,-0.014356081396995075,-0.761705012736712,-0.39312709228402376
144,-0.013747417538707674,-0.7577162843636385,-0.3919938388206754
145,-0.013305646365386229,-0.7528395907735421,-0.3908623492832013
146,-0.01297682245372922,-0.7484021414515485,-0.38973179899473775
147,-0.012751427290337281,-0.7455137444537057,-0.38860160118469755
148,-0.012954024502307482,-0.7446612892153897,-0.3874716055265006
149,-0.013304430692236816,-0.7455529594995758,-0.3863421165767724
150,-0.013614638790823697,-0.7472601105953034,-0.38521374026833555
151,-0.013880965360924681,-0.7485910827762787,-0.3840871308399807
152,-0.013900810666056265,-0.7485470752046233,-0.3829496255447362
153,-0.013595747674043993,-0.746685948840248,-0.38179586822496425
154,-0.013071808633396308,-0.7432619805215053,-0.3806509937017718
155,-0.012702305528944274,-0.7390993931800176,-0.37952682613484834
156,-0.0127650979438402,-0.7352590742345986,-0.3784135414719457
157,-0.012879184846387864,-0.732632572008693,-0.37729160787867844
158,-0.012793996959297282,-0.7316184202571174,-0.37615258209293245
159,-0.01288708440088842,-0.731997714984119,-0.3750214688999044
160,-0.01326154792452805,-0.7330457519198652,-0.37391147650541134
161,-0.013592667350291465,-0.733826498791013,-0.37281415794672923
162,-0.013798828525759907,-0.733550980763229,-0.37172338248340786
163,-0.013924115636231436,-0.7318627359518879,-0.3706350177880686
164,-0.013767232480912293,-0.7289476849586343,-0.36954651790217097
165,-0.013356626885208271,-0.7254365991068525,-0.3684565161284947
166,-0.013033780839470953,-0.7221474177956584,-0.3673644728975497
167,-0.013009820510457161,-0.7197719082751384,-0.36627039438779185
168,-0.013117994900525544,-0.7186262952286719,-0.3651746189250116
169,-0.013140150697439602,-0.7185551063073237,-0.3640776610590789
170,-0.01338359833207644,-0.7190154321014197,-0.3629801025897914
171,-0.013768725922745681,-0.7193000534771203,-0.36188252092110174
172,-0.013814530085475799,-0.718808541120022,-0.3607854454407161
173,-0.013510111502954503,-0.7171804037560969,-0.3596893322629944
174,-0.013050765948411286,-0.7145877883998233,-0.3585945482309878
175,-0.012647809344291855,-0.7116951406571412,-0.3575013578826366
176,-0.012446454391783143,-0.7090241558888513,-0.3564099123095794
177,-0.012497113474562102,-0.706923641973503,-0.3553202443628267
178,-0.012753969076668092,-0.7055785901417417,-0.3542322777164574
179,-0.013264412836360602,-0.7049844080971412,-0.3531458559362214
180,-0.013797280488490271,-0.7049807171040388,-0.35206079132290036
181,-0.013998629885563794,-0.7049739575141689,-0.3509769243803942
182,-0.01373678414187967,-0.7043511160871401,-0.34989417726296634
183,-0.013231257714330126,-0.7029196262156683,-0.3488125825956818
184,-0.013013937845727644,-0.7008067377389215,-0.3477322748797502
185,-0.013024678953993861,-0.6983518502025299,-0.34664032710604753
186,-0.013002480145238408,-0.6958954404042914,-0.3455314541819072
187,-0.013018692446306386,-0.6938415537935989,-0.3444311320409331
188,-0.0129783195414181,-0.6925675942734622,-0.34335162417597165
189,-0.012773114686181496,-0.6919303474302623,-0.3422834459428734
190,-0.012806630412732344,-0.6915070672426828,-0.3412202829472041
191,-0.013236563149036047,-0.6909798395281534,-0.3401589883116296
192,-0.013365374758006632,-0.6901039791651757,-0.339098844569352
193,-0.013021662911433737,-0.688754468787734,-0.33802729414199595
194,-0.012831437656025596,-0.6869723390749247,-0.33693955015533006
195,-0.012857610859307825,-0.6849488160413764,-0.33586097350648036
196,-0.012868252937691116,-0.6829470793108927,-0.334802887595513
197,-0.01291158549203529,-0.6811998783026851,-0.33375433625106676
198,-0.012870045806901202,-0.6798272424825047,-0.33270759879053546
199,-0.012632834590054438,-0.6788038919561017,-0.33165879539992094
200,-0.012452675090869794,-0.6779830798873281,-0.33060750225769453
201,-0.01243178251129319,-0.6771619664658755,-0.3295555533302972
202,-0.012384978417786283,-0.6761601753466981,-0.32850545678991594
203,-0.012389822984645409,-0.6748815507649208,-0.3274589585453719
204,-0.012406035368210298,-0.673338626396381,-0.3264162023189069
205,-0.012290487741730527,-0.6716352843401463,-0.3253756977684933
206,-0.012192839399733889,-0.6699189041000317,-0.32433500697125406
207,-0.012223583546351453,-0.6683230861782732,-0.3232918082955756
208,-0.012374274099686618,-0.6669228205136049,-0.3222448851759727
209,-0.012399266672513523,-0.6657165495329753,-0.32119464978156476
210,-0.012462394242570937,-0.6646377692775365,-0.3201430153225493
211,-0.012657850922828888,-0.6635876424323555,-0.3190926919422893
212,-0.010928444497231647,-0.6624737019919424,-0.3180461987426829
213,-0.006664098012678629,-0.6612398561653949,-0.3170049788998389
214,-0.003373245226948214,-0.659878551803841,-0.31596894736070125
215,-0.0026525786034476,-0.6584241008696321,-0.3149366212357825
216,-0.0027786407794809995,-0.6569332696087178,-0.3139057560281323
217,-0.002649172993036651,-0.6554626834356005,-0.31287422473714843
218,-0.0022544533229725498,-0.6540516938114771,-0.3118407996884033
219,-0.0017716992206359208,-0.6527152645764567,-0.3108055518997742
220,-0.0015452583373572765,-0.6514464645181062,-0.30976974195218765
221,-0.001727738541965047,-0.6502245700795826,-0.30873527379182186
222,-0.0020248730666851088,-0.6490238480650927,-0.30770394220853503
223,-0.002336276338910634,-0.6478196400273479,-0.3066767679909109
224,-0.0026515828342980295,-0.6465911038433307,-0.3056536639295543
225,-0.0028201830598397586,-0.6453222154260476,-0.304633535803721
226,-0.002743440961407325,-0.6440032237914177,-0.3036147528971114
227,-0.002443202946683813,-0.6426335583585747,-0.3025957883298962
228,-0.002120997109558157,-0.641225108325258,-0.301575778741764
229,-0.0019708378319052092,-0.6398032229791306,-0.3005547995106177
230,-0.001875175985418363,-0.6384028413658698,-0.29953377183697383
231,-0.001853381932237181,-0.6370590834333858,-0.2985140615359567
232,-0.0020771956618415932,-0.6357945987716123,-0.29749694075868716
233,-0.0024597251479215806,-0.6346084697989791,-0.2964831232906586
234,-0.002902683395386421,-0.633472051283259,-0.29547254149094637
235,-0.003210810075222323,-0.6323351438043028,-0.2944644303249412
236,-0.0031981256500971875,-0.6311418989159598,-0.29345766416151486
237,-0.0028499699926240857,-0.6298514444568635,-0.2924512014008349
238,-0.002278774768067527,-0.6284553905381804,-0.291444462699453
239,-0.0018822171822237893,-0.6269846166634943,-0.290437506974657
240,-0.0002441525711685327,-0.6255013010546273,-0.28943095591195867
241,0.0036767644784749904,-0.624077832820354,-0.28842571590690147
242,0.006702122108147477,-0.622769810120483,-0.2874226182452231
243,0.006990672114940236,-0.6215933973381611,-0.2864221187791276
244,0.006348348404551493,-0.6205163967817595,-0.28542416394965076
245,0.0061988321518279335,-0.6194675685367013,-0.2844282581624833
246,0.006769702867655825,-0.6183617269105333,-0.28343368876095676
247,0.007608711804875171,-0.6171316892043992,-0.28243980973555205
248,0.008103635896682261,-0.6157549150984092,-0.2814462724701139
249,0.00819741854317474,-0.6142641365877504,-0.28045312255976984
250,0.008070412181543151,-0.6127370821614959,-0.2794607401805985
251,0.007582870258975817,-0.6112684118152891,-0.2784696627091465
252,0.006869524223695443,-0.6099340896517766,-0.27748036878227156
253,0.006347371021105693,-0.6087617617407397,-0.2764931091267865
254,0.006117248989966118,-0.6077188188229701,-0.27550784232599246
255,0.006224132332185675,-0.6067232870550034,-0.27452428724474087
0,0.006745294616895589,-0.6056739492269967,-0.2735420580813068
1,0.007482922006230807,-0.6044885352886491,-0.2725608204811537
2,0.008023789641119067,-0.6031354341557418,-0.27158040667913286
3,0.008053569301306827,-0.6016465874821113,-0.270600851444584
4,0.007684015523178534,-0.600023842837454,-0.26962234633563864
5,0.00719698314817914,-0.598416947588466,-0.26864514194516087
6,0.006651813293173516,-0.5971153221941974,-0.26766944408410764
7,0.006208169868731151,-0.5960709428496014,-0.26669534552580887
8,0.006075423717333467,-0.5950864815335839,-0.2657228143621727
9,0.0062333058073258,-0.5941022926609845,-0.2647517336472187
10,0.006564265697900865,-0.5930646303851239,-0.2637819666330956
11,0.007003321316479221,-0.5919079419893603,-0.2628134153500219
12,0.007370112782989595,-0.5905939807317764,-0.26184604854682014
13,0.007457689154188617,-0.58914218824228,-0.26087989272594037
14,0.008942025824527283,-0.5876274792309788,-0.25991499808269314
15,0.012692631848931744,-0.5861510016317009,-0.2589514013182669
16,0.015533706503111294,-0.584800186112457,-0.2579891057298186
17,0.015924251603284194,-0.5836149762203713,-0.2570280874516595
18,0.015610129618203052,-0.5825728327652555,-0.2560683216450934
19,0.015770121371009305,-0.5815976746721434,-0.2551098115498094
20,0.01645654693340866,-0.5805890546568071,-0.25415260175034415
21,0.01722279113486041,-0.579460361019775,-0.2531967654629842
22,0.0176545884382511,-0.5781714945688019,-0.2522423697422457
23,0.01757005003475451,-0.5767436510454882,-0.2512894351262306
24,0.017025899781579056,-0.5752507360991599,-0.2503379110795697
25,0.01616544359999348,-0.5737908850722062,-0.24938768282528267
26,0.015409305442922669,-0.5724491041893058,-0.248438611131363
27,0.015167867912009109,-0.5712653135865653,-0.2474905905670287
28,0.015359531632286011,-0.570219853132387,-0.24654360123595997
29,0.015809542449902972,-0.5691592905696903,-0.24559772935093716
30,0.01640103941537721,-0.5680333424375437,-0.2446531437702587
31,0.01686573937544937,-0.5669625556879316,-0.2437100341598013
32,0.016963385222852914,-0.5658251082486625,-0.24276853390433983
33,0.01682516976498704,-0.5644725448029551,-0.2418286594942315
34,0.01651534659155824,-0.5629976576634788,-0.24089029344984136
35,0.017550000158687407,-0.5615443913554523,-0.239953221260364
36,0.01936045843156578,-0.5602150283974947,-0.2390172107578895
37,0.01984186412293098,-0.5590460724022519,-0.23808210388575812
38,0.019639997301357542,-0.5580112124494501,-0.23714788397626618
39,0.018122594531973638,-0.5570375961409517,-0.23621468978605598
40,0.018136359650607954,-0.5560335142779982,-0.23528276790373326
41,0.022327731976217305,-0.5549217986534216,-0.23435237988561852
42,0.026049250448531937,-0.5536678164885009,-0.23342369947924824
43,0.026559790070856848,-0.5522913904786846,-0.2324967406281363
44,0.025607219823550936,-0.5508580792387021,-0.2315713460741754
45,0.02475055055356122,-0.54945344241185,-0.23064724308141926
46,0.024355606357615064,-0.5481504306303393,-0.22972414622883652
47,0.02439568603799952,-0.5469823952223862,-0.22880186796451218
48,0.02472856744333242,-0.5459317260469931,-0.227880393581384
49,0.025258924042665304,-0.5449379391375153,-0.2266844391225672
50,0.025755435034503504,-0.5439216019294797,-0.22191228568023036
51,0.02594716792351249,-0.5428146359025259,-0.2061468538528548
52,0.025809700703726603,-0.5415854280056602,-0.17247387166754824
53,0.02535437837227856,-0.5402494917025584,-0.11888108637237194
54,0.02469203215608077,-0.5388621391652864,-0.04857881084042298
55,0.024229731905255347,-0.537496495925956,0.033093618198229924
56,0.02412645082402931,-0.5362155831777009,0.12144107098185064
57,0.024136278771691916,-0.5350491281274428,0.21265926370232036
58,0.024232180373708792,-0.5339836264448881,0.3037925110509744
59,0.0245390649143314,-0.5329689153793211,0.39309825476388405
60,0.02495093309001318,-0.5319382107233117,0.47980729666458766
61,0.02508316824940479,-0.5308336238873326,0.5642024966081622
62,0.02477164057035979,-0.5296274126726543,0.6476484905906987
63,0.02431597509307311,-0.5283311784140863,0.7307899037725161
64,0.024045985266830522,-0.5269900288956848,0.8153650576057778
65,0.024033136049356668,-0.5256644677580338,0.9159402305398656
66,0.024027714388945062,-0.5244072568596603,1.0394801360628096
67,0.023981210298698083,-0.5232440919790529,1.157717845138674
68,0.024140406090667324,-0.5221651514191084,1.24481831719359
69,0.024410850148899987,-0.5211302251579988,1.3037209752423595
70,0.02455685052491529,-0.5200849454850174,1.3454192430679575
71,0.024457102346076454,-0.5189815972608671,1.3782861713930297
72,0.02419355248713303,-0.517796553455379,1.4079660869365798
73,0.023947602015872455,-0.5165379860073047,1.4368823225344611
74,0.023749126000367438,-0.5152414096278561,1.4647567938865231
75,0.023611561878734283,-0.5139552634677118,1.4914422035013755
76,0.023553656754371766,-0.5127223511275534,1.5187771286263785
77,0.0236576673804636,-0.5115642358904484,1.5498067161506595
78,0.02376506405925384,-0.5104742567654941,1.5869100158841705
79,0.023748473395403452,-0.509421352136622,1.6297759206830467
80,0.023719316079255398,-0.5083627488006663,1.6745878014935744
81,0.023662899856680346,-0.5072603691740141,1.7154766942742068
82,0.025369727171170003,-0.5060946795293744,1.7467521746660033
83,0.027793917818219847,-0.5048709680230277,1.7640872281179156
84,0.026555502350979615,-0.5036161096652445,1.7660639402227591
85,0.025443806656641504,-0.50236751082124,1.7552508401062425
86,0.027201473256407746,-0.5011587423821906,1.7374056916922953
87,0.026784075915401356,-0.500007360999738,1.7195445919377086
88,0.02462396273030734,-0.4989093103568454,1.7076035617367058
89,0.025329743200858484,-0.49784161378891145,1.7045605507307942
90,0.02760568255660663,-0.4967719002706539,1.7096884749528574
91,0.028269089718096066,-0.4956708548935107,1.7191648384364626
92,0.029496376789886092,-0.4945228247268585,1.7275017783103648
93,0.03156720260419657,-0.49333076961746625,1.7300459796203294
94,0.032371142152718635,-0.4921140642845949,1.725071361043617
95,0.03232126196283362,-0.490900391963057,1.7128307260947153
96,0.032359514565917305,-0.48971507884158716,1.6962233371472264
97,0.033029989109185864,-0.48857195813661103,1.6812286577462663
98,0.033690705116329545,-0.48746903242236694,1.6725109412080394
99,0.03360165922330541,-0.4863902243111933,1.6714103141985586
100,0.033174569155010505,-0.48531217612666055,1.6764975508644797
101,0.03268067453396223,-0.4842132665081582,1.6844893582912412
102,0.03183166007614535,-0.48308138380132903,1.691593458960802
103,0.030953711197570677,-0.4819176880250149,1.694464353984535
104,0.03072923175020388,-0.4807352602993422,1.691715267462909
105,0.031272199636117284,-0.4794710621538616,1.6840072107226733
106,0.030343246700091114,-0.47818780956423135,1.673556379677609
107,0.028296094557424684,-0.47709900947230577,1.6635778704870434
108,0.027672490342498537,-0.4760392054838827,1.6566768491871295
109,0.028021059242920407,-0.4748760334783133,1.654196192295788
110,0.02974143122604652,-0.4738220028062632,1.6562460681044247
111,0.029630932021395114,-0.47283278032438214,1.661057091416426
112,0.02518096645533375,-0.4717560001216521,1.6656161307170319
113,0.021226326420267068,-0.4706151434831727,1.6673260294030081
114,0.020297661010261717,-0.4694615688449395,1.6649022476823347
115,0.020808220365745783,-0.46832165097608747,1.6584321994645919
116,0.0215056358910119,-0.4672000792841169,1.6495378629771817
117,0.021948095234051918,-0.46609262107758553,1.640791429493846
118,0.022011247458463314,-0.4649927448911171,1.6343240435951216
119,0.02181126229537321,-0.46389383320022315,1.6312126416408654
120,0.021510914818423987,-0.4627905931583016,1.6312547417601984
121,0.021044787435851052,-0.4616804654582489,1.6333578339240828
122,0.020479009144870955,-0.4605642579143696,1.6357073982922214
123,0.020187873172009076,-0.45944545639703827,1.6363992039612407
124,0.020412145103533258,-0.45832849966029854,1.6344803192444335
125,0.02093380921149307,-0.4190501739655135,1.62906711666316
126,0.02138958308725991,-0.3622208979031538,1.620810225729378
127,0.021708096079432394,-0.38183508853682024,1.6131865954938611
128,0.021793854344979754,-0.4396559094882786,1.6083961463121943
129,0.021468460298415593,-0.45859464877846456,1.606321414610206
130,0.02091429670328513,-0.450359943433718,1.6063390835835252
131,0.020446729984175675,-0.4246383913161834,1.6071592180336198
132,0.02010175458672326,-0.34863001016565076,1.6075272484313432
133,0.01995324117662943,-0.20321151220433253,1.6067455265091564
134,0.020172082060504873,-0.02773571271137243,1.6042357073593037
135,0.02066613769877805,0.13951797824070566,1.6000680759005812
136,0.019365078959897142,0.2942199980376372,1.5953148488608724
137,0.015341925307463679,0.44400213575835246,1.591152828943562
138,0.012131519178599393,0.6021743930108663,1.5880313234165246
139,0.011388050027706494,0.781362696216958,1.5859140443338484
140,0.011280516004469894,0.9805929292105007,1.5846359067151954
141,0.010723645190184022,1.1854665942574902,1.5838523638529036
142,0.009911901407837546,1.3687295053986084,1.5829211903017817
143,0.009342416373391307,1.4863244253798844,1.5813962614475479
144,0.00922679850019801,1.5202416479117429,1.5795655058700735
145,0.009626761053467069,1.5108293612990868,1.5775961068728588
146,0.01040865950182452,1.5043975471171072,1.5753286040314345
147,0.011163244776878481,1.5155964616249635,1.572474329249455
148,0.011576250861656853,1.5375695119882362,1.5689776491893914
149,0.011509499134132038,1.5539879884801726,1.565224184363676
150,0.011064913919940241,1.5572931144949163,1.5615389203245362
151,0.010582034425061664,1.548574823253123,1.5583906686739986
152,0.010086066960084131,1.5283384316955675,1.5560309450908143
153,0.009641667434910055,1.502637420458548,1.5542624214823149
154,0.00959266143885779,1.482387944176057,1.552856750730533
155,0.00991238333860293,1.4687196830400993,1.5508053763539733
156,0.01026842353762562,1.4663523713725404,1.5475408420275683
157,0.008910467319311468,1.486809879113279,1.5443333225895461
158,0.005161068734888634,1.5158536845630879,1.5417281789575874
159,0.002071744080601245,1.5321365500665536,1.539142619594592
160,0.0011634666773762334,1.5303445000873812,1.5364087618944744
161,0.000984022968991114,1.5151317186601285,1.5336557282030037
162,0.0005132757217947807,1.4963438365489337,1.5311347906220902
163,-0.00015724291748652267,1.4786932097309453,1.5291481229724733
164,-0.000644822825918212,1.4655359152584473,1.5278498668017537
165,-0.0007457106617873854,1.461428066792322,1.5270537275335085
166,-0.0004531966527234442,1.467156756980728,1.52634269772091
167,0.000059649596973705005,1.4794614678015945,1.5252220708261577
168,0.0006725053240359616,1.492482796708689,1.5232944040640204
169,0.001252587068962769,1.5004886099850823,1.5204002951824873
170,0.0014821411445050618,1.4996272173722578,1.5164147128580954
171,0.0011651648404721743,1.4895244324769563,1.5116887176500424
172,0.00048482286185592104,1.473874100766123,1.50734302387106
173,-0.0003257844880047364,1.4581211895607904,1.5041557235870728
174,-0.0008561962444116351,1.4473055027488662,1.5022222685952502
175,-0.0008680883802973903,1.4441690435695143,1.5012888287459747
176,-0.0005986358457415976,1.4483526924021395,1.5007550178073936
177,-0.00015271696228598072,1.4570372834916583,1.4999562881735162
178,0.00039627471385375243,1.4658700769352073,1.4983659394121793
179,0.0008874298583822823,1.4706507316361153,1.495696743476464
180,0.0010917694222007477,1.4689439386815417,1.4920792830117278
181,0.0008608872557095554,1.4610814460219212,1.4880508713969776
182,0.0004337842010716424,1.4493540121636066,1.484307824804457
183,0.000010975258305352675,1.4372458096805176,1.4814001159575216
184,-0.00040070654912743864,1.423833047374309,1.478484154375896
185,-0.0006027525043694913,1.4073509204660182,1.4738762352958727
186,0.001302498962820202,1.4029293822542308,1.4686572813427805
187,0.004168471767532467,1.4195820173207188,1.4652396771945537
188,0.0035589832872815665,1.4376494736862164,1.4633651598724655
189,0.001226920892056213,1.4426016039501812,1.4615188523084748
190,0.0005701872417420845,1.4380384208939252,1.4590853851147156
191,0.0008501369706413568,1.4297055683558137,1.456316876766723
192,0.0009436704682641919,1.4213541244710948,1.4538649386098643
193,0.0005154024594942117,1.414998502694012,1.4523330970600266
194,-0.00023287889662598066,1.4116199073637534,1.4520378150118773
195,-0.0007514434622898584,1.4110565969748414,1.4527622670590254
196,-0.0007394528077785019,1.412387734213909,1.4537363181034602
197,-0.002062069190224093,1.4141753634690222,1.4540061233522064
198,-0.004056459439884998,1.4146684749366853,1.4528204752167229
199,-0.002741270693336714,1.4129416849499306,1.4499156735174847
200,0.00005553619959543059,1.4089156399986638,1.445601211754219
201,0.0008629725109334397,1.4031753361394466,1.4406132391014017
202,0.0003021013429777347,1.3973539192484292,1.4359156723089668
203,-0.00044051324043067213,1.3930891336817006,1.4323819526312112
204,-0.0007931153323937003,1.3909563000549006,1.4304321228222934
205,-0.0006704701472265316,1.390596849422281,1.4298488939041398
206,-0.0004102627271768888,1.391008604001649,1.429875342967219
207,-0.00025132020635656484,1.3909844605119877,1.4295762061472956
208,-0.00007474290878362738,1.3896014293556802,1.4282251851598984
209,0.00013800569958299252,1.3867414511372398,1.425470814946011
210,0.00031131506874563846,1.3829121864462457,1.4214756280981775
211,0.0003982256621490633,1.3787005746729841,1.4169222801743837
212,0.00019263496736738293,1.374757554985361,1.4126696652653692
213,-0.00030796851346487006,1.371960447350494,1.409412848849322
214,-0.0007283366891112095,1.370681433696837,1.4074396927056467
215,-0.0007617612831466863,1.3651784772974693,1.405746654253191
216,-0.0005164509189801037,1.3572142633673905,1.4034248590230534
217,-0.00032288401761797897,1.35853812650274,1.4012846214937227
218,-0.00012952011368048532,1.3636810954425638,1.3994566185523891
219,0.00018381739487340412,1.3623986109639885,1.3970690489559598
220,0.00038150697372872156,1.3572129919158749,1.3935998898520792
221,0.0002479150040583331,1.3524229511822337,1.389007747380481
222,-0.00014722531274211689,1.3497554471699162,1.3843857499449022
223,-0.0005073577571256486,1.349375864087468,1.381147846138088
224,-0.0006673943806286007,1.3500595020329458,1.3796400384856042
225,-0.0005984508135495944,1.3486161374162573,1.3793994275408146
226,-0.0004148288955243395,1.3453194588869843,1.3794540593044107
227,-0.00036510725491273495,1.3436156069621368,1.3788775504211634
228,-0.0004015073288492505,1.3417452892213704,1.3774892740930467
229,-0.00038685777548051054,1.3375354396640518,1.375254517763981
230,-0.00028058782112340766,1.3326458198442341,1.372184322274737
231,-0.0001781115579000854,1.3289354256707946,1.3683891309806393
232,-0.00020415112169290105,1.3272129106691626,1.3643059656196854
233,-0.0002931586137913337,1.3272940779433786,1.3609750560895577
234,-0.00036779934961843515,1.3284485797355607,1.3589449023386098
235,-0.00039632433789558736,1.3289453037238146,1.357955322888572
236,-0.0004659671913064701,1.3272889164705064,1.3574871830938369
237,-0.00047009233004460804,1.3236653646330385,1.3568998549801274
238,-0.0003538723476952388,1.3187477466518196,1.3556047757274392
239,-0.00037275287986861076,1.3131404898747498,1.3533294597489425
240,-0.0004945501035411339,1.308367275243839,1.350201745394552
241,-0.0005612990992081585,1.305610327051597,1.3466627756772005
242,-0.0004998239206111879,1.3046695333774525,1.3432596178498852
243,-0.0003899845439914694,1.3050464093746896,1.3403974393451712
244,-0.0004491789189568097,1.305881838257668,1.338292271236858
245,-0.0005948765436261522,1.299267507928323,1.3358465970823428
246,-0.0006585672329939805,1.2879653822783177,1.332273092596747
247,-0.0006644253155433794,1.287956933241679,1.3291424192047563
248,-0.0005809011826559615,1.2928827432532004,1.3270455985273832
249,-0.00038820751008669316,1.2907667501875277,1.325013577957482
250,-0.0003266431885601568,1.2853508418215172,1.322599183600591
251,-0.0004218560090021254,1.2815428063124021,1.3198836075865166
252,-0.0003813441947270362,1.2808866047386926,1.3172836155651608
253,-0.00023326453290346306,1.282580207701399,1.315241684741217
254,-0.00015015934647360195,1.284768241038602,1.313953720613089
255,-0.00021985358829815227,1.2857695669213558,1.3132655510011255
0,-0.0004510847273982259,1.2843369198113845,1.312762477863438
1,-0.0005778777544440724,1.2799367691019459,1.3119660385875038
2,-0.0005490717357346311,1.2736221120038556,1.3104906048239067
3,-0.0006347615176390473,1.2672572605397239,1.3079064079707021
4,-0.0007103940319732648,1.2623630620165884,1.3042091086994136
5,-0.0005661516909204007,1.2598381850404698,1.300224778452376
6,-0.00046057789700339365,1.2579711632805965,1.2963984506867354
7,-0.0004867764148529675,1.2568270510301223,1.2928857773301123
8,-0.00048280598756523727,1.2590771715296167,1.2902825837431506
9,-0.0005349733786019356,1.2616509570188468,1.288677049444705
10,-0.0006489266711526033,1.260587590743881,1.2875916502398637
11,-0.0007291988235392987,1.256425310216652,1.2865879893664194
12,-0.0007204443639168764,1.2505537386940713,1.2853241559207245
13,-0.0006810952181732343,1.2447049637889798,1.2833122436189295
14,-0.0007926675578743582,1.2405713916787797,1.2803886089266108
15,-0.0008609207354980932,1.2385971019206763,1.276959954211081
16,-0.0007524455901552892,1.2385408941415728,1.273459444238227
17,-0.0006271700394573252,1.2396252059994723,1.2705135981619722
18,-0.0005328115467148316,1.2406191638090833,1.2684325933025278
19,-0.0004828643628799539,1.2353415152510414,1.2661283665730094
20,-0.00040540140941892205,1.2238864921942025,1.262911136315525
21,-0.00042828747990670234,1.2195130137606993,1.2600342724386229
22,-0.0006916671644053417,1.2224829532589898,1.2580759892516231
23,-0.0008753651836250348,1.222744094241127,1.2564355418085347
24,-0.0008583544956550261,1.2194580933471943,1.2548130497717507
25,-0.0008909475253079573,1.216244631215193,1.2530912754288988
26,-0.0009560222492839819,1.2137950823362171,1.2510350947583944
27,-0.0008432700206019109,1.2127664827209448,1.248673240478705
28,-0.0006477321716311856,1.2152481815016003,1.2466044548346402
29,-0.0006466557631982037,1.2180897505266222,1.245058667929361
30,-0.0007098960811527488,1.2172692743379656,1.2437666712232631
31,-0.0007092759586509014,1.2112823109637465,1.2424729470401958
32,-0.0007595478223749123,1.2026709983288115,1.240949795919629
33,-0.0007542436747411188,1.1975933548086126,1.2390741139563959
34,-0.0006824055004708987,1.1960052373970935,1.2368512183428981
35,-0.0006356222005111378,1.1951087915140963,1.2343857766837556
36,-0.0006643574361455979,1.1951254033169847,1.2318706005045241
37,-0.0007075590486526695,1.195994216566922,1.2294862679118053
38,-0.0005862449832842419,1.196518819297093,1.2270589084573498
39,-0.0005024871226447574,1.1959532195890574,1.2244509131785466
40,-0.0006828260425759394,1.1938751304688133,1.221786565329173
41,-0.000932570607077297,1.1899049449595807,1.2190682259290693
42,-0.0010060653502665263,1.184848632913269,1.2162606639615916
43,0.0006780989278980208,1.180068116931662,1.2133837274060153
44,0.003082212315069305,1.1766467529793867,1.2107761492598783
45,0.00383334662234929,1.1750670521595254,1.2086295296490608
46,0.003739818944988522,1.1746651292939316,1.206759496063888
47,0.003715418830483673,1.1746911050467896,1.2050856585852037
48,0.005542271513422525,1.1746313737775331,1.2035842949646587
49,0.008183757660492313,1.168600524557975,1.201134668016202
50,0.007552184691496249,1.158874979481106,1.1971933830884227
51,0.00518694261077754,1.1563948026320885,1.193668723799242
52,0.005874374072864492,1.1575667673988224,1.1914417261277754
53,0.008149868060679766,1.1569910062551658,1.189729559866283
54,0.008816769296905726,1.1536594172872379,1.188070224087721
55,0.008573020896865347,1.1490200945581557,1.1863373089548825
56,0.008279434809562971,1.1487913555149767,1.1846333699352778
57,0.00814834738210559,1.1513001768091975,1.183069995555286
58,0.00837759035664535,1.1525134901421046,1.1816843769335552
59,0.008912911695234872,1.1520732458084746,1.180466620401368
60,0.009335619246863956,1.1503384863715547,1.179342572434129
61,0.009402861134034386,1.1474235475006318,1.1781327670966637
62,0.009181697697144837,1.1434966405626819,1.1765914339567343
63,0.008820870938138908,1.1393210879832556,1.17460492074986
64,0.008466494759336803,1.1357418394268324,1.1722168874091308
65,0.00815333342057635,1.1332967715176165,1.1692674186557475
66,0.007909061516033131,1.1318759305839219,1.1658457794856365
67,0.007894516945068718,1.1313331493335324,1.1627219346583177
68,0.008120636041342479,1.131317937906395,1.1603319733859636
69,0.008392607309052294,1.1289443281735165,1.1584793487761367
70,0.008627225674955729,1.1245191902630833,1.1568786939357016
71,0.00879436571970496,1.120894123600582,1.1553042844020824
72,0.008667595946972126,1.1175012901234287,1.1536072518248663
73,0.008289978977512793,1.1138938581547775,1.1517039038170114
74,0.007971219317819786,1.1090322874095495,1.1493409300387145
75,0.007822702098580266,1.104197800456158,1.1465045194498198
76,0.009497111795871874,1.103382029512598,1.1438134682621683
77,0.013706574090654778,1.1048039477622291,1.1415832381493813
78,0.017155728570604194,1.104849630614407,1.1396574121130802
79,0.01806317544480364,1.098473470117884,1.1368460217174987
80,0.017835567135034855,1.0892151349765284,1.132605685637202
81,0.015969908351139386,1.0914504418133872,1.1288909519150363
82,0.013780067557948625,1.0989564490500578,1.1266105690427959
83,0.015085377711431133,1.0993909483258517,1.124995189985171
84,0.017695303945982045,1.095817268267794,1.1236071512424792
85,0.018231776034054487,1.0907478148292475,1.1219938521230413
86,0.017523933755224534,1.0864757755424201,1.1199709133556897
87,0.016744346143695348,1.0867580717322012,1.118056215303235
88,0.01628064348355565,1.088857890138156,1.1165617765157991
89,0.01636294359618056,1.0887721890899589,1.115322676091394
90,0.017023001179232874,1.0867160999293821,1.1141554468291548
91,0.017820253301657624,1.0835878632910871,1.11291120406811
92,0.018368670836290596,1.0785194164730108,1.1114711217927087
93,0.018461011255494437,1.0713095228964966,1.1097553132753264
94,0.018136574701161423,1.067066936650534,1.1078029284144857
95,0.017605599261163563,1.068296310552907,1.1057098085167016
96,0.017004509990763243,1.0702055681082494,1.1035422730676285
97,0.016496905615447116,1.0697943539088919,1.1010920115352256
98,0.016156354975563343,1.0665460282976893,1.0983165763775764
99,0.016099824979808906,1.0608011859418536,1.0957610551295822
100,0.01639840019343252,1.0574796086078235,1.093381316991104
101,0.016862868076302717,1.0587165539531393,1.0905707151649957
102,0.017339394585348264,1.0596932901032,1.0875525546972962
103,0.017615277418702092,1.056238802421412,1.0847062728653274
104,0.015864579741837158,1.051016175081581,1.0819718463532793
105,0.013072132351664108,1.0478179359260604,1.0796165264518214
106,0.013400880852902801,1.044418666907669,1.0777826213555253
107,0.015505902579485403,1.0424470840738782,1.076010149610751
108,0.016341155903606915,1.0446366556613929,1.0740948503868761
109,0.01625068996595287,1.0413903336775303,1.0716557425739763
110,0.016040397565620042,1.0325604008236993,1.0684959173991024
111,0.016169716595195872,1.032207321157725,1.0658669419835416
112,0.016733939745309796,1.035501266643858,1.0640335238617893
113,0.01735710216719727,1.0336437794458346,1.0619460501331992
114,0.01598556965783801,1.0318029759398177,1.0596056369999998
115,0.011792283031909455,1.0315140520263717,1.0576498102859229
116,0.008103441598824222,1.0291521975367388,1.056221572648854
117,0.006714700136654185,1.0254126861317148,1.0551100751706666
118,0.00795965621974204,1.0246847414365736,1.0541557493617795
119,0.010015023139811676,1.0240896207031,1.0532368278473818
120,0.008778983546773395,1.0209943132949513,1.052029085990711
121,0.006110813377510798,1.0194782683397974,1.0503568955316496
122,0.005318946905441265,1.0191672035866732,1.0486051529487135
123,0.005948663040597879,1.017638722815276,1.0469497901189384
124,0.006908878218092114,1.0152989892448248,1.0451920361266964
125,0.007554877000977629,1.0128634889467691,1.0432043661495114
126,0.007716720705697722,1.0109340822314548,1.0410363502794286
127,0.0073346369754207635,1.0098223940095963,1.038844268242841
128,0.006578364850160069,1.0088079844648,1.0367299194847592
129,0.0058295428478393994,1.0055346752884269,1.0347681632932813
130,0.005319426914758715,1.0010199865860239,1.0327408595155974
131,0.0051482789469042755,0.9994016053645649,1.030483623513537
132,0.005514328692152865,0.9993444266921019,1.0283600758687648
133,0.006343051941405501,0.997757511323524,1.0264790719336667
134,0.007124512480172804,0.9933789321775564,1.0246084645883493
135,0.007487393293273491,0.9883932204650705,1.0226357388119118
136,0.0073927556321732625,0.9874334645985559,1.0202712041000574
137,0.006867269323246095,0.9871351657767122,1.0174881301511962
138,0.006140594807328323,0.9848249925212365,1.0149152002203121
139,0.005549734370055981,0.9777276886596868,1.0121015964418079
140,0.005242517700710594,0.96838773754477,1.0085613771293152
141,0.005348152565839014,0.9705646851779637,1.0056602639165595
142,0.004128876963466345,0.9782879837437175,1.0039935697747948
143,0.0022218478795398115,0.9791300275270935,1.0028468008849454
144,0.0018957785442738663,0.9755461173192423,1.0017404748800178
145,0.0006228781813913536,0.9718174913604769,1.0004503889135594
146,-0.00013189085266506612,0.9699149413017936,0.9987050293143991
147,0.0009545138158228335,0.9695736136109985,0.9962849429722653
148,-0.00056788888931859,0.9695765193982551,0.9937225686264672
149,-0.0037260291460522073,0.9689327072323746,0.9917886451129512
150,-0.005105350812605734,0.9673485072859593,0.9905047673305853
151,-0.004911231505363826,0.964941284708309,0.9894739414797677
152,-0.004233139492226942,0.9617987858878596,0.9883572098007907
153,-0.0035316138656499296,0.9582031334341008,0.9869518251853937
154,-0.003010937604563023,0.9549913844336442,0.9852129518794253
155,-0.002834964659499126,0.9530278181588407,0.9832191960511358
156,-0.002968032622766157,0.9519827907951188,0.9811796449575727
157,-0.0033050818091534366,0.9510752973683001,0.9792830261786887
158,-0.003790823938746095,0.9501375672445671,0.9773016671918229
159,-0.004237162366591819,0.947372374364007,0.9750925617848369
160,-0.004415264475912183,0.9432282805459633,0.9730749745420377
161,-0.004409568661644339,0.9414787365000872,0.9713453631242377
162,-0.004268119428167539,0.9392712605700444,0.9693142855933656
163,-0.0039082350978111025,0.9349232480509602,0.9667189103806479
164,-0.003529697856062613,0.9331168855129617,0.9641031563311961
165,-0.003465501709111401,0.9332839114914346,0.9618145801050653
166,-0.003671777009275145,0.9328973543946426,0.9598268749361103
167,-0.0038540152859206584,0.93040176722341,0.958146033274629
168,-0.003987353138261451,0.9269539986149269,0.9567023312935699
169,-0.004143757457501799,0.9201211947222663,0.9545984863287109
170,-0.004236130506864923,0.9115287356049633,0.9513719803129281
171,-0.004279778368023856,0.913961728210587,0.9484472868838467
172,-0.004242682386865485,0.9211788960072749,0.9464687074851286
173,-0.003992186875169345,0.9210262089434997,0.9448050865505753
174,-0.003694825304352308,0.9168874191581744,0.9431478167779352
175,-0.003578034565826336,0.9133977016378165,0.9414515151741925
176,-0.0036349075724788384,0.9117446222434387,0.9395510916701846
177,-0.003869139960702683,0.911549929981228,0.9374519615100176
178,-0.004158134027599409,0.9119674440307652,0.9354355538803438
179,-0.004321491840125493,0.9120741716678942,0.9336053907050017
180,-0.004362149815623632,0.9110562683666004,0.9321373700265996
181,-0.004321081861600046,0.9083500924798589,0.9309258867391375
182,-0.004152753035296823,0.9044921789362554,0.9295771936295161
183,-0.0038539617861651117,0.9005229128686807,0.9279376423033994
184,-0.0037048792109744162,0.897153129860143,0.9260372562386205
185,-0.0037656871397012213,0.8949752906200898,0.9240279289488211
186,-0.003835988682824699,0.8939786462839838,0.9221188541534517
187,-0.003963847495107007,0.8936192837279608,0.9204748838073198
188,-0.004121252744001859,0.8933974060323147,0.9188273105135112
189,-0.004112059371209556,0.8926133372838216,0.9166582714163982
190,-0.003930572098244538,0.8911072777746383,0.9141838131828823
191,-0.0038642105629376096,0.8889185537633306,0.9119946404312267
192,-0.003963615645783267,0.8858020135595952,0.9100733639846337
193,-0.00393850788770642,0.8823122384912265,0.9078793382862576
194,-0.0038070055407114223,0.879283524453697,0.9049842914933142
195,-0.0038097677081795917,0.8772156237899198,0.9019028492600385
196,-0.0038958503982817524,0.8743721637731103,0.899269444617592
197,-0.0038303762125990242,0.8711603637931189,0.8970845332673578
198,-0.0037703814632472597,0.8713186676225688,0.8955140712943246
199,-0.003928996216556733,0.8661080818375728,0.89374398056952
200,-0.004041764462879655,0.855581769953516,0.8910621394794216
201,-0.003934021633589099,0.8566469298318702,0.8884487107089702
202,-0.0038208501361836657,0.8622691780655196,0.8863596130446183
203,-0.003910621797505499,0.8606555501095183,0.8844667905677568
204,-0.004155785166953963,0.8579699840472657,0.8826239319360405
205,-0.004231461221430279,0.8554007139785629,0.8810699423727475
206,-0.004085140550971052,0.8508078351353578,0.8799823059902687
207,-0.003948025328700644,0.8490102024550614,0.8792009885592096
208,-0.0038793693878594786,0.8522291291737045,0.8786057069139517
209,-0.0038710221313627367,0.8536305915761062,0.8780916983872147
210,-0.003826190639541727,0.8507811869980086,0.8774916548114668
211,-0.003858534889949859,0.8487635100737454,0.8763456664757951
212,-0.004024480061244565,0.846078273374335,0.8741816016705295
213,-0.0041393207532424495,0.839775442555915,0.871375798344507
214,-0.004171088306654504,0.8354529192516091,0.8684837404017283
215,-0.004140714319262393,0.8365417765321119,0.8653504036182764
216,-0.004073811287803969,0.8370763068044136,0.861984374274706
217,-0.003995171405050228,0.8332996978085485,0.8589657199958793
218,-0.003930940853850782,0.830948092923268,0.8568282142687869
219,-0.00382171224578157,0.833108840935719,0.8555062664357402
220,-0.0038059537061308464,0.8347459928842205,0.8543591113347517
221,-0.00395415354100037,0.8331488750018674,0.8527636603144675
222,-0.0040859921336698045,0.8300946862045229,0.8509278846142752
223,-0.004245797336657496,0.8271609807465437,0.8494961019308462
224,-0.004311966182958534,0.8233640703639487,0.8482229576553992
225,-0.004213683699545138,0.8179572938589326,0.8466339080672776
226,-0.004116245822313572,0.8138218312043439,0.8450634098753498
227,-0.003961828100352336,0.8137738343450538,0.8437575193092042
228,-0.003787750027094746,0.8166423355687247,0.8425273807614873
229,-0.003720289004468148,0.811386710417811,0.840193728758821
230,-0.0038161067142341272,0.7982169446494107,0.8360507566510673
231,-0.005636174602497155,0.7964934734106355,0.8320897696149991
232,-0.008061259968055796,0.8052353033099693,0.8298279521650178
233,-0.007178884920641053,0.8095193581423628,0.8286903697511252
234,-0.006395637013087738,0.8079508574942396,0.827953289336067
235,-0.009560182945388681,0.8035929322602415,0.8272344138251513
236,-0.011244265800561322,0.7997041589337237,0.8263561657808172
237,-0.00812724984526583,0.8002278117188935,0.8253656057785035
238,-0.004724766230062322,0.8025561329878732,0.8244235623860554
239,-0.0055206397376880816,0.8023481683981677,0.8235978316997832
240,-0.009983242763421038,0.7983848308756287,0.8228117004352398
241,-0.011866957989396165,0.7914166553634123,0.8219318300291198
242,-0.009853587177325564,0.7869368716712546,0.8205797408090834
243,-0.009900711890872313,0.7875958063942785,0.8185138910689873
244,-0.010489538064106092,0.7888403095616501,0.8161928176484774
245,-0.009362138905706821,0.7847853253394446,0.8139441970955796
246,-0.010633311255114512,0.7735271442344933,0.8116962143757505
247,-0.013422817316677688,0.7601735449322644,0.8094949396032955
248,-0.014488814848425041,0.7474856886606436,0.8074634846765059
249,-0.012562841915798529,0.7335565276790437,0.805439816806873
250,-0.009579242343360213,0.7195837937607168,0.8033274934124068
251,-0.010043590063221603,0.704880855339993,0.8015278769552339
252,-0.012375618095649646,0.6876416866452073,0.8001330926067438
253,-0.013221909618733346,0.6708903901487286,0.7988145630888033
254,-0.01313502431296244,0.6552235121509846,0.7973488421286401
255,-0.013075823450635064,0.6392209322173878,0.7956780120972171
0,-0.013212116035085555,0.625377405711053,0.7938845617163772
1,-0.013499037831061655,0.6145980797745205,0.7920557692841466
2,-0.01384477035471185,0.6047623985493398,0.7902583336925795
3,-0.014120198246496449,0.5945727401801835,0.7877944764541858
4,-0.01424890102060012,0.582058385673061,0.7844058978523312
5,-0.014094843492529666,0.5663481427124519,0.781600025578725
6,-0.01362277388951507,0.5509027833348621,0.7799601938886629
7,-0.013123209803669766,0.5378086951147834,0.7784661812034499
8,-0.012905264916266534,0.5257885801558793,0.7765586076508031
9,-0.012906626900696737,0.5141849102751788,0.7746222592832379
10,-0.013152277836039797,0.5031027590341726,0.7729673542340914
11,-0.0136620258076868,0.4925200920348811,0.7715135823487405
12,-0.014015041276976739,0.4823364521307216,0.7702652440532951
13,-0.014030080628405515,0.4704947859772517,0.7692431264757285
14,-0.013868538224276687,0.4558093396394487,0.7683867901690049
15,-0.01352087615399622,0.44162765144502836,0.7675557871748575
16,-0.01318430871433085,0.42972929805153415,0.7663245246262034
17,-0.01302595679982272,0.42015597235705715,0.7644408505458831
18,-0.012965718179614533,0.4109997713044071,0.7620727716983111
19,-0.013105799678686143,0.3998590291756159,0.7593926707359888
20,-0.013316411296969907,0.3879588077022825,0.7565906205467727
21,-0.013376457067096025,0.37681871668406597,0.7538844779063716
22,-0.01339728454470187,0.3684185564283382,0.7517192576714422
23,-0.013515318049596027,0.3612929979751879,0.7500001822291187
24,-0.011940410841213951,0.35228734213947255,0.7483186145842056
25,-0.007756813102842548,0.3416718322288348,0.7469703487049961
26,-0.004439927981363202,0.3305017409716885,0.7460744122916607
27,-0.0052988197435952684,0.31924958823984617,0.7453110031510486
28,-0.0076928932281099425,0.30786341053467703,0.7444363247072028
29,-0.008343425338640584,0.2964786093310767,0.7433372687886
30,-0.008037255796841043,0.2869263976991764,0.7420118415384522
31,-0.006096147680490674,0.28007833739301935,0.7405030063508315
32,-0.00533276413001723,0.27268607404516765,0.7388921378050923
33,-0.007220984848546944,0.2629463709337776,0.7373033564831024
34,-0.008539005617137538,0.25254915371695663,0.7357647081994971
35,-0.008962577349379726,0.24268717330579082,0.7339543933471913
36,-0.008889135564278679,0.23472644739270365,0.73147374076113
37,-0.010251717367955725,0.2287423322946157,0.7286820562379117
38,-0.010633466944379017,0.22125774802888853,0.7260329503263419
39,-0.008605603183190081,0.21052804410057857,0.7232409829456818
40,-0.009097820150300272,0.20017769099962235,0.7204567813222211
41,-0.009814292865462985,0.19280825503317955,0.7182919180648069
42,-0.008589167796154564,0.18543330544696218,0.7164779763381539
43,-0.008212085336618161,0.17781135986805624,0.7143746556517914
44,-0.007053697900917796,0.1720794653699641,0.7120114704073428
45,-0.006708625385225986,0.16569961568075847,0.7096918805723154
46,-0.009843280797396135,0.15665094062026658,0.7075278812520285
47,-0.012645336030036453,0.14778195813011802,0.7055025831345634
48,-0.01287228016430575,0.14105248348235022,0.7037808321579748
49,-0.012159806425057242,0.1334078629619086,0.7026280814594048
50,-0.011858980251753144,0.12479563791132353,0.7016231598048521
51,-0.012198146289563908,0.11773472838948834,0.7003209474418488
52,-0.013025789610775461,0.11008202518567417,0.6990925574917606
53,-0.01392679274526406,0.10206394481286779,0.698195628354086
54,-0.014380563216523382,0.09611963478120639,0.6975117622479057
55,-0.014297028130040912,0.08978599515010022,0.6969435341469703
56,-0.013932528961195415,0.08271533109268259,0.6964071624577457
57,-0.01338687542429039,0.07687204322366681,0.6957890775730582
58,-0.012748210895513583,0.07147010155314246,0.6949224314030558
59,-0.012203252708729215,0.06572774314894117,0.6937074295742929
60,-0.01199670056323622,0.057878468304035424,0.6921534778790295
61,-0.012271117812453824,0.04910643204928382,0.69036100110261
62,-0.012761893347357903,0.04231780642895086,0.6874127578854476
63,-0.013316479234116128,0.036968093278801184,0.6819194648540463
64,-0.013854346438586677,0.03226526489779902,0.6753168847341113
65,-0.013961769699645632,0.026053860861332864,0.6705924723282357
66,-0.013564454685153333,0.018891083855493637,0.6684707068293805
67,-0.013068585832281234,0.013159076540948944,0.6676085797258267
68,-0.0126569531581237,0.007997955838435121,0.6669022782433183
69,-0.01228624070573157,0.002552622914610732,0.6661310229367339
70,-0.012042745070701695,-0.003442213875913834,0.6653339774846145
71,-0.012124486458902475,-0.009786913133662353,0.6649253377653783
72,-0.012515751060935602,-0.015857240427326016,0.6651384501740032
73,-0.012957999710782576,-0.021272728868537996,0.6654120595616075
74,-0.013223918534771423,-0.027732162921320275,0.6652623734472469
75,-0.013212079836884057,-0.03450834748272731,0.6648658725441683
76,-0.011298586303026215,-0.03798029778769289,0.6639984438324504
77,-0.00857177020041952,-0.04033138199244514,0.6623020839677451
78,-0.009201996144410834,-0.04491261152126816,0.6602742375333142
79,-0.011552847773446291,-0.0507840526135664,0.6583488141626435
80,-0.012484473514841998,-0.05665065440835407,0.6565545630052547
81,-0.012486508060771152,-0.06236202167194704,0.654944390559105
82,-0.012343025517454677,-0.067962745142612,0.6536288906350414
83,-0.010815489064998497,-0.07321025487859553,0.6526368011269672
84,-0.00715620691645702,-0.07805500270829552,0.6518074823539737
85,-0.004297844837318411,-0.08260942709146779,0.6509220640377147
86,-0.005442429021621592,-0.08713086731495973,0.6497981941022868
87,-0.009684009696232206,-0.09021313266595749,0.6483452876856539
88,-0.01237996552592174,-0.09284959899137757,0.6465716270710196
89,-0.010391588966038378,-0.09762700386702125,0.6445401908871307
90,-0.005346921365213037,-0.10377389998527525,0.642413493266492
91,-0.0019776315063750084,-0.1097432745222865,0.6404010976071908
92,-0.001993424128648974,-0.11469920539265344,0.6378677974683418
93,-0.0033572682568287354,-0.11920243212553722,0.6334691706854281
94,-0.004540923584783276,-0.12227242851565873,0.6282098889237535
95,-0.004889880371978413,-0.12458259912497249,0.6247069467033826
96,-0.0043599671018624345,-0.1285176112045831,0.6232144750389059
97,-0.00335061455786694,-0.1336590355277426,0.622513981851889
98,-0.0022540960020676955,-0.13905603746901646,0.621929982892147
99,-0.001416198747567033,-0.14268328335068658,0.6212952235659874
100,-0.0012889238886879383,-0.14546371874064412,0.620707707575306
101,-0.0018912298007813227,-0.14986461088847192,0.6203062997211519
102,-0.0027958716884864017,-0.15505859339448236,0.6201918633291801
103,-0.003728365664429467,-0.1599520519681853,0.6203021266291819
104,-0.004282360967588977,-0.16287496096477933,0.6204069190238692
105,-0.004145157760689428,-0.1652288437618361,0.6202020074881833
106,-0.003623617916549998,-0.16952962129722726,0.6191058597660675
107,-0.002991563440658862,-0.17318890344615578,0.6168378257951397
108,-0.002258098503267876,-0.17613255053257854,0.614033507243466
109,-0.0017051375269993433,-0.1805364788357891,0.6110399296862268
110,-0.0017139319872620361,-0.18388611271126448,0.6079747417489505
111,-0.002290736115994771,-0.18630791215513043,0.6055268053683593
112,-0.003065257686058429,-0.19030051237761897,0.6040147529418138
113,-0.0036147446801796726,-0.19348848011890885,0.6031741171048581
114,-0.003847235099027321,-0.19585516922716195,0.6026522950336097
115,-0.003826659577447466,-0.19970728361588297,0.6021161255236713
116,-0.003542070895258177,-0.202867722306182,0.6013027785618381
117,-0.0031541213825449377,-0.20548083206184053,0.600040510231586
118,-0.002791082642292008,-0.20970370054494236,0.5981033966007747
119,-0.0024332758205262064,-0.21307061649269765,0.5955829357535136
120,-0.0022723393274521556,-0.2140789786334173,0.5931989170436176
121,-0.002551424059516352,-0.21583829870596027,0.5911267177721715
122,-0.0030091433409579187,-0.21985913597439932,0.5891923663877212
123,-0.003271370028969957,-0.22309813853562543,0.5866906120658371
124,-0.001801919253385369,-0.225481027070206,0.582926038364485
125,0.0020722396422220464,-0.22911084265762005,0.5791655991727489
126,0.003699306557621393,-0.23209710974743525,0.5765411493084873
127,0.0023228584220336187,-0.23323830185807048,0.5746946162361175
128,0.003274193030532057,-0.23511212641452073,0.5728928600779581
129,0.006049000015853675,-0.23928497347320554,0.5711361302078215
130,0.0074645885946055465,-0.24284232954970641,0.569809480219293
131,0.007467999974830195,-0.24366910849286838,0.5686539662425916
132,0.005278831647172258,-0.2450388528899844,0.5677801770003781
133,0.0008222130971827502,-0.24905499293153455,0.5676762036464074
134,-0.0008920917226413749,-0.25230834691859716,0.5681401223275768
135,0.002323723514709542,-0.2545434739756036,0.5685663495436386
136,0.005650643193914447,-0.25819696786020707,0.5685833663695439
137,0.006463046399783404,-0.2612227461797674,0.5680901905152651
138,0.006018026850107751,-0.26214822577159425,0.5671037182046439
139,0.0055957573814737795,-0.26241872553737633,0.5657369755098962
140,0.005856220382630624,-0.2644180765078009,0.5642136882468134
141,0.006698144268571897,-0.26871761278109907,0.5627739823699656
142,0.007496121523808887,-0.2719775297480065,0.5615259944353328
143,0.007830500800862714,-0.2725310004845266,0.5603905554933906
144,0.007672330582175986,-0.2735252402583841,0.5592271777117244
145,0.007075732504956406,-0.2769573893710888,0.5579170371528344
146,0.006293931002227672,-0.2798708727403416,0.5563792436236363
147,0.005679264544070877,-0.28048267370403435,0.5546119116015209
148,0.005304366463910165,-0.2820499835298733,0.552696143536048
149,0.005258812380631967,-0.28638353601454913,0.5507909261637676
150,0.005689349983504885,-0.29007940922321185,0.5490402840551998
151,0.006442868518571305,-0.29103847085497037,0.54747755916931
152,0.007020408654117856,-0.29083058169930986,0.5460853373123211
153,0.007103870401007191,-0.2923649166094191,0.5440417110211808
154,0.006853718193884417,-0.2962245039273975,0.5409270569929938
155,0.0064480314980322855,-0.2989624843407126,0.5381633279952709
156,0.005949885932257959,-0.29942404113666643,0.5364487985858553
157,0.005557746255784937,-0.29923614850256963,0.5351894979971865
158,0.005378285521102052,-0.30084000022927626,0.5340049371119371
159,0.005393536869195883,-0.3051700806049825,0.53282875814697
160,0.005639817596303198,-0.3087506730551558,0.5317499878206793
161,0.006056696781709829,-0.30957845131463557,0.5308144833532427
162,0.006490406737075252,-0.3091396920360848,0.5300310924672922
163,0.005122873061166412,-0.310285742235324,0.5293543035689305
164,0.0011697230847258974,-0.3141484567990317,0.5286788270872118
165,-0.000552042639908143,-0.31718222693281006,0.5278805233197463
166,0.0007341824477460415,-0.3175370588629728,0.5267969938740058
167,-0.00031724105994497195,-0.31701905719855683,0.5253205239560035
168,-0.0031098826883931598,-0.3168317424368903,0.5235174027217226
169,-0.00447397736908435,-0.3188128329078649,0.5215686450315082
170,-0.004530534689003468,-0.32332566255678197,0.519691408125911
171,-0.004141386251920629,-0.3265523833023838,0.518064287438587
172,-0.0037197635584387614,-0.32680424527259466,0.5166998203933233
173,-0.003236879449981028,-0.32606064752599495,0.515479957124271
174,-0.002942997325841811,-0.32714828933358353,0.5143149843700026
175,-0.003014343152685138,-0.3309931173842571,0.5131445195798867
176,-0.0032994464971259985,-0.3342279732642759,0.5116013254977045
177,-0.0037799637257286516,-0.3349574918296868,0.5095088551934466
178,-0.004292520138283757,-0.3346775471535104,0.5074207881927726
179,-0.004504629360008342,-0.3344925392145861,0.5056483528931
180,-0.004410465700702474,-0.3345392353145499,0.5040552330306112
181,-0.004252671383984063,-0.3361259922708554,0.5026260188295975
182,-0.003958602420551005,-0.3398577045986536,0.5013697564267945
183,-0.003532068497228206,-0.3425339562574553,0.49915991754167544
184,-0.003243619051410844,-0.3427386840939183,0.4944473504301181
185,-0.003189454417775979,-0.34216650457765596,0.48853717638566385
186,-0.0033547407390935157,-0.3416984199574473,0.484270245946828
187,-0.0036586164257514132,-0.3418401409485248,0.4820777560070466
188,-0.00406695654130813,-0.34428658884415553,0.4808656356305516
189,-0.004335930197753971,-0.3488512487804628,0.4802498145933125
190,-0.0042285019835149595,-0.351649256443583,0.4801380125004533
191,-0.003934614175189241,-0.3514424678311372,0.48034878185277585
192,-0.0037201835068465024,-0.3503212629309793,0.48082063906166184
193,-0.005219011102326228,-0.34971275522050715,0.48151536645936965
194,-0.007462112626195703,-0.3499045427175508,0.4823241387408208
195,-0.00656925136252773,-0.3519924052176344,0.48300458202397345
196,-0.005788062301676465,-0.3563052519663389,0.4832520681366381
197,-0.00903095416707577,-0.35951327892651475,0.48281426225444224
198,-0.012606999739157645,-0.3599699093516493,0.4815945574025464
199,-0.01390507337213727,-0.35926094964803124,0.479699448449896
200,-0.013947375863897389,-0.3586411052570062,0.4774365154785707
201,-0.013727473644845035,-0.35844620825964557,0.4749311281118498
202,-0.01368851216626358,-0.3584256467802104,0.47235392027470624
203,-0.013668230541958981,-0.3600574180051431,0.4703455418137854
204,-0.013422666051854548,-0.3639580596602129,0.46917601434784895
205,-0.01322491778098377,-0.3667236455489191,0.4685380805521817
206,-0.013198497178808267,-0.3667325612119299,0.4680114490203058
207,-0.013113051459957923,-0.3657611709106551,0.46721066405001843
208,-0.013087951776666672,-0.36523946539798946,0.4659961902765113
209,-0.013220461205490829,-0.36539610719586424,0.46442661188412115
210,-0.013344912235685777,-0.3658650397791817,0.462628942370102
211,-0.013420389671101214,-0.366253929008577,0.460809813970662
212,-0.01336119894964194,-0.3677627643687835,0.4592103165331396
213,-0.013211215369405907,-0.37112108332105476,0.45691050688733603
214,-0.013179235090189534,-0.3734650648201131,0.45339967369321776
215,-0.013202518855673032,-0.3733398260372752,0.4505481240481837
216,-0.013145450210086933,-0.37247301356946927,0.44920101353382536
217,-0.013146404666737565,-0.37217390109252235,0.44843977642347865
218,-0.013232511765025354,-0.37259260806049777,0.44739595388267017
219,-0.013305182342940869,-0.37327897900174056,0.445766333317831
220,-0.013298347628430511,-0.3737303224179851,0.44413801111320494
221,-0.013178653734345819,-0.37355905257665,0.4429607476760946
222,-0.013166029387813576,-0.37440927925079204,0.44223661496143696
223,-0.013348242688027305,-0.37733559207799505,0.4418911799851257
224,-0.01338092614734683,-0.3793117950930549,0.44174657556061026
225,-0.01318180448849051,-0.37905442252446053,0.4415559312027253
226,-0.012984754097493952,-0.3783290841812741,0.44107789190914404
227,-0.01278613466100472,-0.37820177834765834,0.4401563078723292
228,-0.012719068758969304,-0.37884770012818536,0.43879726620961046
229,-0.012844931530261353,-0.3797763048374865,0.4371292109509821
230,-0.01297887743797254,-0.38039122445031814,0.43533565036136035
231,-0.013075625282104847,-0.3803434845244925,0.4336248001764702
232,-0.013127987223429366,-0.3810408966592904,0.4321236952775278
233,-0.013209517828080816,-0.38187071834784847,0.430893986689765
234,-0.013189701536765186,-0.38108992479027737,0.42992911169763026
235,-0.01300643038976021,-0.38164219429964585,0.4290557711902545
236,-0.012849163079154246,-0.38387810299298963,0.42804065487099585
237,-0.012679278673180444,-0.3853778987458101,0.42676205452122007
238,-0.012617257153824616,-0.3862763857118483,0.4252469621323516
239,-0.012726174524341355,-0.38701462760495375,0.4236126656225836
240,-0.0127475415719005,-0.3874754035096284,0.4219511378345804
241,-0.012692473629053083,-0.38732284075980616,0.4203234865479044
242,-0.012685933420142896,-0.3864280131169632,0.4188443661564376
243,-0.012688583434741343,-0.3848324899099891,0.41654292882673194
244,-0.012734336303924072,-0.38453966459392197,0.4129070262039196
245,-0.012773821858011535,-0.3872561666111993,0.40982960854715067
246,-0.012713941068486802,-0.3900500274169538,0.4082247312561682
247,-0.01271015358086467,-0.3907311431993392,0.407055012029111
248,-0.014354863892270388,-0.39097092889732843,0.40567111885109863
249,-0.01661852773360708,-0.3919640413040839,0.4043376984562119
250,-0.015706692294807284,-0.3930890760306214,0.4033337440388516
251,-0.013319115188336492,-0.3933404047727467,0.40261601711571426
252,-0.014125663469135713,-0.39259331153704236,0.4021708063531142
253,-0.016724949597049253,-0.39143575314196655,0.4019628409467153
254,-0.017786636375775086,-0.39010020749570606,0.40186699143094096
255,-0.01942574018507639,-0.3885563351783874,0.4016467806510564
0,-0.021604532143690812,-0.3871662060491088,0.401126466566601
1,-0.021975870016385,-0.38671114377227256,0.40022852181204605
2,-0.02169302853349272,-0.38739589654850315,0.3986665288291762
3,-0.020273560294582563,-0.3900670219793263,0.39645283617216887
4,-0.018437814574342362,-0.3947846806952424,0.39430278886168324
5,-0.01995183894879657,-0.3980462212250018,0.39260280047292784
6,-0.02276800886007839,-0.3980988714139124,0.39123185915609016
7,-0.023281555962223442,-0.39677115295099075,0.39010557594402506
8,-0.022377240711132604,-0.3956737767259688,0.38914349802179027
9,-0.021433447104567023,-0.39513836362226185,0.3882373789087399
10,-0.021085921687508953,-0.3949141642103067,0.3873069519179224
11,-0.021255961871152168,-0.39483819025364664,0.3863144976759525
12,-0.021591355189623483,-0.3947940911612451,0.38522152649907904
13,-0.02202218584366411,-0.3946697605283058,0.3840155024698322
14,-0.02230033711850664,-0.39429637961688746,0.3827106981447561
15,-0.022533482027336627,-0.39361385652670555,0.3813314820430296
16,-0.022912825237385588,-0.3929228665878457,0.37969364554938234
17,-0.023004198876657382,-0.39244683352928234,0.3777528467130513
18,-0.02247251395887477,-0.393609414001999,0.3760240752453433
19,-0.02154619591764071,-0.397055944131385,0.3747222873452005
20,-0.0210222025601577,-0.3997307503433649,0.3735784645745427
21,-0.02112009836038435,-0.4001690826405828,0.37216018903095105
22,-0.021257239360903714,-0.39994043707372917,0.3703153808474703
23,-0.0215326401195442,-0.3998239231609382,0.36832166208092665
24,-0.022181159503861167,-0.3998272413816615,0.36639580460918597
25,-0.022539513218537963,-0.3998172019666004,0.3648870347913855
26,-0.022367467202926164,-0.39955597273293453,0.3638691402602404
27,-0.022043246484228736,-0.39895459234361996,0.36308458014530354
28,-0.021530382546037972,-0.3980175258219838,0.3624139214442752
29,-0.02097777776132243,-0.3969758110571009,0.3617344436632324
30,-0.019129506581277045,-0.39622648063386956,0.3606954477741312
31,-0.015161207786405964,-0.3958163818127163,0.35893134971042107
32,-0.012163233820346814,-0.3956055590951726,0.3566111240385038
33,-0.011737489216971979,-0.39554361821370776,0.35414515059586416
34,-0.01208528997800968,-0.3954590205086297,0.3519747807824317
35,-0.012017391866719396,-0.39534827127879035,0.3504894801669003
36,-0.011497710989748076,-0.3952584157446368,0.349294887981367
37,-0.010837818731877818,-0.3948626696347579,0.34791923080312337
38,-0.010439982877381569,-0.39411928364745785,0.34669604216882977
39,-0.010442878215260923,-0.3949717017569223,0.3456142683379221
40,-0.010741840839752638,-0.39832776898131694,0.3444856713538975
41,-0.0112469229175328,-0.39938486292576414,0.3437312975331358
42,-0.011708842361467693,-0.397270755848395,0.3434468838009366
43,-0.011969437935592839,-0.39753374305858125,0.3430583434321971
44,-0.012086074444357844,-0.39982536219690723,0.3419711990756301
45,-0.012035891819174516,-0.400960714225149,0.3396060902136244
46,-0.011632435247939943,-0.40102565166471815,0.335229280744316
47,-0.00606799665460097,-0.40061699694703856,0.3300146184009448
48,0.001580629509850509,-0.399865939649914,0.3265509879386824
49,-0.0010228633504307041,-0.39902934529561684,0.3252416880216976
50,-0.008899786143403931,-0.3982956468525858,0.32479368759063165
51,-0.011846677295982945,-0.397624359550256,0.3245140830832599
52,-0.011243886156794157,-0.39718131614660934,0.324380224044273
53,-0.008591759855126446,-0.39689838887260653,0.3244350062023472
54,-0.004461067121215186,-0.3966689004963304,0.32494276049757675
55,-0.002048670496837081,-0.3966308295567118,0.32592405819823267
56,-0.0038973778505201825,-0.3965400442373592,0.3266456932280719
57,-0.006923593196290309,-0.3961074528354558,0.3265704095898784
58,-0.006031238858097794,-0.3954780089559491,0.3257150295783756
59,-0.00292362638293156,-0.39480668248290485,0.324212348718656
60,-0.0010792497543879367,-0.39419118592577806,0.32227726345523966
61,-0.0004120105634417767,-0.3937118202938237,0.32017903080777144
62,-0.0020413842843508487,-0.39327996026847867,0.31843077286288535
63,-0.004669573757298113,-0.39452047370991483,0.3173272150665569
64,-0.004156337337601479,-0.3982804179733086,0.3164562312149021
65,-0.002148141471462403,-0.40126483707894556,0.31527567680222024
66,-0.003406178224830407,-0.40174288678664016,0.3137048060145188
67,-0.006325425235603886,-0.4012062280717563,0.31163236037536535
68,-0.007349893463038493,-0.40079737160144946,0.3084603580047165
69,-0.00684959715817724,-0.4007247720443057,0.3037303823661138
70,-0.004300835145831036,-0.4005512504764195,0.29736800960084286
71,-0.0028988286590778192,-0.40003195123372914,0.2895519170993942
72,-0.004439120800152095,-0.39924162255170903,0.2806137417491059
73,-0.004102445235391883,-0.39836566005130236,0.27060524211006365
74,-0.002317606037163609,-0.39761594888820606,0.2594076772043884
75,-0.0034449993513931756,-0.396934911515731,0.24733940381438158
76,-0.006158096592330822,-0.39632385749202004,0.23490037884034698
77,-0.0055648320142208975,-0.39603143317602285,0.2223293204925446
78,-0.004460990845829016,-0.39607640436506086,0.2097238642721969
79,-0.007117920329164001,-0.39626756936491914,0.19718976050532777
80,-0.010069225260305105,-0.39629253487493066,0.1848500556803877
81,-0.010620713244755229,-0.3958941755244747,0.17281433766946258
82,-0.010269523991667473,-0.395207952988994,0.16117579590207898
83,-0.01035548922320878,-0.3943725956341486,0.1500008632478862
84,-0.010860811612482313,-0.39339876015233677,0.13923694325402092
85,-0.011472651631858538,-0.3925509766997637,0.12873556737001962
86,-0.012025792949232048,-0.3920940504181887,0.11836168217496018
87,-0.01223527374999691,-0.3919863403121093,0.10799692681413986
88,-0.01184648174711618,-0.3921335069790004,0.0975346195781639
89,-0.01108487999264032,-0.3922849916562239,0.08689938291927102
90,-0.010451078091656824,-0.3921494054387813,0.07610180257360089
91,-0.010125494862168172,-0.39159515437780623,0.06525254562135224
92,-0.010089172880861048,-0.3906523882443287,0.054481830785845814
93,-0.010448662624776818,-0.38961997477371324,0.04386181269006756
94,-0.010993795453588827,-0.38874600203573917,0.03340420706237074
95,-0.01145719693544238,-0.3881775773130802,0.023334845854811076
96,-0.011868755261480492,-0.38797377695358737,0.013916648434697303
97,-0.01205429862689062,-0.3895121129472481,0.004913948371347801
98,-0.011847887983909573,-0.39350520303729364,-0.004074959728940349
99,-0.011294545373970344,-0.3968373839414987,-0.013230679680938155
100,-0.010663736994933861,-0.39753359915062125,-0.022585595713345258
101,-0.010275182614527614,-0.3967856901009408,-0.03209522481145455
102,-0.010202963857818773,-0.3957902377991487,-0.04145916616045617
103,-0.010403430351222102,-0.39516897252982,-0.050275126750536706
104,-0.010766854471343582,-0.3950526113540238,-0.05866199213522068
105,-0.011228778342355378,-0.3951375357720557,-0.06703276583769385
106,-0.011520664717684224,-0.39490869304209175,-0.07566311141329726
107,-0.011395793057325476,-0.3942417246176102,-0.0844160600271815
108,-0.011052459841248162,-0.3934461125017972,-0.09291354695955176
109,-0.010694845374752623,-0.3926139255111847,-0.10120728033594256
110,-0.010457176545755682,-0.3917634828922447,-0.10954559573426004
111,-0.010432518133139012,-0.3911967533722851,-0.11805232261899096
112,-0.010432373586494317,-0.3909832725772553,-0.12651798534146513
113,-0.010434905274588666,-0.3908365202669999,-0.13455733266183517
114,-0.010598028456200823,-0.39070230675619566,-0.14232158811860018
115,-0.01085151060371238,-0.390594476568235,-0.15026691321938335
116,-0.011141054763632075,-0.3900688870571436,-0.15839557510260632
117,-0.011245091553610906,-0.38915546768004905,-0.16636038481946236
118,-0.01098551504085199,-0.3885424637761583,-0.17420082133844605
119,-0.010611007348719066,-0.38810138518163484,-0.18196477385061954
120,-0.010332448520096363,-0.3876261581470075,-0.18937217168738374
121,-0.008597734151511542,-0.3875011127441157,-0.1965158952091734
122,-0.004678099390277208,-0.38755129506113173,-0.2035035041630766
123,-0.0032733944758648707,-0.3872148168131626,-0.210194402766255
124,-0.005084812007449035,-0.38656025095615143,-0.21684251457977866
125,-0.0045308477935794645,-0.38607528935377866,-0.22361866054604873
126,-0.0020539039890916932,-0.38567822138609564,-0.23031280005304233
127,-0.0008753517277758031,-0.3849491711368809,-0.237069893326046
128,-0.0007546454927237671,-0.38393287579588997,-0.2439808091452096
129,-0.0007517062673328186,-0.38327541251312014,-0.2507835306674473
130,-0.0006515396955282284,-0.3832656257225229,-0.2575725168039743
131,-0.0006424253709868422,-0.38336011211993326,-0.2643714950626367
132,-0.0007588728842973895,-0.38318809604615955,-0.2709298466782918
133,-0.001017107634137661,-0.38282067388609464,-0.2774340664724806
134,-0.0012854161541388034,-0.38235816139651946,-0.28401408916375104
135,-0.0013005374461258984,-0.38183993082863554,-0.29048716091483806
136,-0.001047383982328478,-0.38128583395019966,-0.2968036772019942
137,-0.0008473897715457713,-0.3805633364435107,-0.3029637522516395
138,-0.0008067237639360859,-0.37963667688274905,-0.3089388314585132
139,-0.000772197970353777,-0.3788640581691153,-0.31469206662976756
140,-0.0008339316829128716,-0.3800613076708508,-0.32044997392968255
141,-0.0009866104707025643,-0.3837948744904438,-0.32632780019746155
142,-0.0011105165456833255,-0.38660651992334305,-0.3321240541677931
143,-0.001207181841876184,-0.38679752474856954,-0.3377369005536296
144,-0.0012768880203007952,-0.3862258368794702,-0.34319535684055347
145,-0.001302962308068879,-0.38600939325826733,-0.34860327112186273
146,-0.0011939731503790869,-0.3860485795101847,-0.35400748231249124
147,-0.0009256385101549776,-0.38609130302758987,-0.3593949627074946
148,-0.0006943232890100548,-0.38575504785021586,-0.36472999555964436
149,-0.000615614367397703,-0.3850260165738081,-0.37021151303681765
150,-0.0007075288791734084,-0.384172857842324,-0.3758981734945376
151,-0.0008653260672586826,-0.38341742690738256,-0.3815507022011819
152,-0.0009427625005126034,-0.38292805049040946,-0.38704943461303865
153,-0.0009668181152763739,-0.382515379912433,-0.39235976492865565
154,-0.0009752743870652348,-0.381952268672345,-0.3975503598135375
155,-0.0009777377052158382,-0.3814959745002373,-0.402707008843749
156,-0.0009724687158186949,-0.3813993320638924,-0.40787453459459666
157,0.0006040510105282211,-0.38143100714921063,-0.4130457366539788
158,0.004628942553045894,-0.38130459310470277,-0.4181343866014593
159,0.00786911675096525,-0.38070534945475654,-0.4228294214588535
160,0.008514841612963116,-0.37973132909805396,-0.4270299559737498
161,0.008244368514436913,-0.3789140418371728,-0.43096501636692053
162,0.008192400664259344,-0.3784327489483871,-0.4348053055709695
163,0.008621665115765335,-0.3780313517272479,-0.43870406794274297
164,0.009257841183562744,-0.3774484591596867,-0.4427355012918688
165,0.009526727834696061,-0.3767824225979267,-0.4469163108855241
166,0.009406654283936468,-0.3765626796811057,-0.4512582184770728
167,0.009053147174326317,-0.37689612444583553,-0.4557686421059577
168,0.008499920408753445,-0.37710154557823683,-0.46016587722568913
169,0.007963475592237082,-0.37660688557667343,-0.46426645229843344
170,0.007580445571009666,-0.3756414162064926,-0.46822547384358315
171,0.0075860365432747975,-0.3748511472532303,-0.47216715586918534
172,0.008021199218003601,-0.37426394364614024,-0.47619116284341567
173,0.008493338756573945,-0.3735121677959161,-0.4803183811470615
174,0.008917894228652086,-0.3726319319981105,-0.484537446704123
175,0.009308368615444165,-0.3722066231012562,-0.48857957946143626
176,0.00931134686425138,-0.3722670658001491,-0.49233156947970946
177,0.008877046612422359,-0.37226999647656944,-0.4960662347363083
178,0.008327088102850912,-0.3720335192848394,-0.49993353655231565
179,0.007867971262322561,-0.37138928320541753,-0.5039561438563258
180,0.0077110649718699735,-0.3704864187050624,-0.5078472363120183
181,0.007785160272865008,-0.36982433375654,-0.5114492513720275
182,0.007897932800793917,-0.36934900684863226,-0.514958691922835
183,0.008135244797639093,-0.36882594092381715,-0.5182391567191749
184,0.008548563584693254,-0.3683572092372318,-0.5212753160328834
185,0.008880889825397427,-0.3678708063940357,-0.5243817129797981
186,0.008792451066377615,-0.36743050934946864,-0.5277144906992286
187,0.008373902556803335,-0.3673395373012319,-0.5313156683614755
188,0.00799161764456776,-0.3673240438117821,-0.534880664816151
189,0.007735950919403932,-0.3669868130898787,-0.5382447079954455
190,0.007570847019546682,-0.36654333619942414,-0.5416534831482533
191,0.007661218416353642,-0.3659039877852406,-0.5449504973275683
192,0.007987378839312744,-0.3648872049365087,-0.5480183972093466
193,0.008269126862798033,-0.36398193135816104,-0.5510926658232014
194,0.010020502492054491,-0.363476510649669,-0.5540458616712478
195,0.012518957294687154,-0.36321016946184126,-0.5568358590161246
196,0.013420289579503003,-0.3631560755155334,-0.5597372897388788
197,0.014893020302693991,-0.36311515349951684,-0.5625982953816782
198,0.01681610074445348,-0.36280169599573886,-0.5653205281167724
199,0.017270240936759836,-0.3622895935142896,-0.5681493626219887
200,0.017173312457808364,-0.3617015598628862,-0.57096989138512
201,0.01719900527324389,-0.3612821332017454,-0.5737463759137351
202,0.017551118708705453,-0.3608215652602771,-0.5767236509591773
203,0.01805035454168738,-0.3601893559898873,-0.5797136143500765
204,0.018211182385554053,-0.3598669014534307,-0.5825950986430044
205,0.01805514482182887,-0.35975735957066457,-0.5855768761639262
206,0.017742717697127867,-0.3593503694943285,-0.5884963507558081
207,0.017202434810243472,-0.3585681525306037,-0.5910134923213664
208,0.016654026127819126,-0.35780402502533226,-0.5932476881813677
209,0.016390270193054945,-0.3574221932782562,-0.5955584245037038
210,0.0165278865703853,-0.3573466716724374,-0.5978704698235768
211,0.016930620345791174,-0.3571481511628186,-0.6001321131102619
212,0.017333472370497587,-0.3565073599013341,-0.6025781021708803
213,0.017622261526138744,-0.3555667295326207,-0.6050499152673492
214,0.017726966458279522,-0.3548070317445692,-0.60720474211187
215,0.0176179272541514,-0.35456870098036053,-0.6091594606675694
216,0.01733129194608863,-0.3546983669156303,-0.6112849085667846
217,0.016966367707796,-0.354680415042542,-0.6135202487943374
218,0.016648735464992313,-0.35429573032431905,-0.6155215297651961
219,0.016562983574242456,-0.35357337306407643,-0.6173597753452646
220,0.016622622446496205,-0.3526083812072487,-0.6193596083093869
221,0.01671847179643863,-0.35195962626873156,-0.6214308515936204
222,0.017001937090887084,-0.3518699592244492,-0.6232649868711777
223,0.01724490864333137,-0.3533876506875824,-0.62496870979978
224,0.017251881968037494,-0.3570060815490137,-0.6268613909193979
225,0.017128499898918285,-0.3596727813458215,-0.6288746687518862
226,0.01690906183957086,-0.3581817378541491,-0.630711279967509
227,0.018290083977463574,-0.35517473016330514,-0.6324449340165637
228,0.020375760580080518,-0.3558149574803112,-0.6343866189441654
229,0.019222986882943188,-0.358428703385379,-0.6364580386396819
230,0.016719217039209706,-0.35929175056928453,-0.6386050210983905
231,0.01774003380731127,-0.3586856919416521,-0.6410098969123927
232,0.020660605898544397,-0.357772820946308,-0.6434818849417916
233,0.020384817703129082,-0.356903719268461,-0.6456732274012014
234,0.019615448827072487,-0.35600669740766566,-0.6474328897478727
235,0.02231395417111518,-0.3553640104215513,-0.6490135448744088
236,0.025091875485633942,-0.3550559064554737,-0.6508230790155412
237,0.02575324861677926,-0.35486285827283937,-0.6527381789727669
238,0.025526440756852523,-0.3547672618202531,-0.6543800182941024
239,0.02522691044725421,-0.35457381906371244,-0.6555946399642243
240,0.025285135386101484,-0.35406234716542473,-0.6566303494911765
241,0.025760383106558468,-0.35348646608646883,-0.657887931884424
242,0.026417207296718065,-0.3530314260689309,-0.6593046183004059
243,0.027004946691068107,-0.35244423103894906,-0.6605923574578698
244,0.026932489612073833,-0.35170731265930055,-0.6618896230604603
245,0.02622347187436625,-0.35108321542376475,-0.6635389829188072
246,0.025660687960826482,-0.35055621230202083,-0.6654137128443538
247,0.025257626421568792,-0.35021262891233484,-0.6671448539383964
248,0.024777763508237016,-0.35005068364962966,-0.6685423028496362
249,0.024774235560851565,-0.34983031221992655,-0.6697985340143293
250,0.025312707493841777,-0.34947934355325816,-0.6712862079378992
251,0.025679019840239625,-0.34891814061364657,-0.6729318885894751
252,0.025895835471630615,-0.3483056358186355,-0.6744409664682354
253,0.02605692149017673,-0.34776871311685775,-0.6756585524869583
254,0.025711395404366504,-0.3472091880439445,-0.6765018836993135
255,0.025034291524292734,-0.34675402852590176,-0.6772442425160625
0,0.024482325169708642,-0.3463355210509612,-0.6783277757090449
1,0.02416779764190158,-0.34588897084959436,-0.6796415990455951
2,0.024261229404542797,-0.3456196208629603,-0.6808447442934895
3,0.024640581012719723,-0.34535097037666485,-0.6818146637508873
4,0.024983855307039254,-0.3449215517120018,-0.6827420159134991
5,0.025245753341986768,-0.3444413922386058,-0.683979289158134
6,0.025396440571338025,-0.3438360715652343,-0.6854379282036376
7,0.02538753780321184,-0.34315236333849053,-0.6867789418678116
8,0.025205975160807678,-0.34254157888896675,-0.6878595252503608
9,0.02506905827025569,-0.34200972929715145,-0.6886651860046256
10,0.024988182841954587,-0.3416254198003147,-0.6894603021717447
11,0.024661692801763155,-0.34141927758174906,-0.6906000355173696
12,0.02415528396701941,-0.34112980314755514,-0.6919438077136888
13,0.0238941601279965,-0.3406088960688204,-0.6931420500094887
14,0.02401310074127555,-0.34007181422734134,-0.6940339930564594
15,0.024405159762158624,-0.3397155264761127,-0.694568480231688
16,0.02475758662807654,-0.33940734176973,-0.6947724140115452
17,0.024592390521949364,-0.338960222632415,-0.6949996180253548
18,0.02427700678806479,-0.3384153414722525,-0.6957034425764006
19,0.024309704631269732,-0.33777728566412546,-0.6967575588346933
20,0.024242979475147752,-0.33722897168405674,-0.6977690885342602
21,0.02396743687425884,-0.3368649229729299,-0.6985543211177683
22,0.02387129167780709,-0.33643629254196583,-0.6990652413745908
23,0.02380572136459795,-0.3360380785343502,-0.6995733855637407
24,0.023730494828290524,-0.33583034604317563,-0.7004846830106028
25,0.023765530834598224,-0.3355185255655172,-0.7017092378680754
26,0.02393590424633442,-0.33500409163154066,-0.702886819480878
27,0.024221747633889526,-0.33447361636083095,-0.7038197769023613
28,0.02414561941567976,-0.33388287975247566,-0.7044579159248923
29,0.023550481704748362,-0.3332677531794537,-0.7048271448088217
30,0.023187638831164495,-0.3327482178410729,-0.7051914722632593
31,0.0217364292503706,-0.33229586878047723,-0.7059329603123305
32,0.019479591494302104,-0.33187144838734295,-0.7069460139008139
33,0.020405424974354866,-0.3314583541507954,-0.7078434396955391
34,0.023075178859142155,-0.3310507736473428,-0.7084844199911942
35,0.023825920783322484,-0.33064203092941136,-0.7089123189203845
36,0.023364199716565358,-0.33022336974746114,-0.7091745585440254
37,0.021371859970880237,-0.3298702681873301,-0.7095543226073775
38,0.017173952454227107,-0.32961890697023666,-0.7104026495356193
39,0.013933251318997544,-0.3292261439722851,-0.7115528372260382
40,0.01514887667512363,-0.32858061601399124,-0.7126143020270526
41,0.018200984756982883,-0.32802465539410963,-0.7133558537076694
42,0.017442891636568397,-0.32774652800148774,-0.7137068437773124
43,0.014336798185547533,-0.32750704874230474,-0.7137263565911698
44,0.012693810479411857,-0.3271456310057592,-0.7135311133845579
45,0.012457078412386281,-0.32663494999216347,-0.7132140617252123
46,0.012718066130541054,-0.32599647449868163,-0.7128015639924257
47,0.01294781298658005,-0.32549149270734257,-0.7125716254884349
48,0.01313330523542034,-0.32514832831328655,-0.7128888668914277
49,0.013245467136046463,-0.324670799606273,-0.713593674805447
50,0.013212880365622015,-0.32416473191708306,-0.7143020344870574
51,0.013205890186883881,-0.3238358764612571,-0.7148565615286762
52,0.013297593505170263,-0.3234389229950404,-0.7152220894120012
53,0.01325469620231966,-0.322825047427836,-0.715405587769284
54,0.012923901479696034,-0.3223135685126871,-0.7154589910603679
55,0.012521519426640093,-0.32199858742672705,-0.7156829115527061
56,0.01240589722340469,-0.32167496593638045,-0.7164153094366656
57,0.012551564032442699,-0.3213747558414065,-0.7174381377253765
58,0.012678775759537707,-0.3209822684762925,-0.7183168875241541
59,0.012772934474913851,-0.3204376560769796,-0.7188698795044444
60,0.012907188132641849,-0.31999443041412956,-0.7190752562338867
61,0.012985140183826793,-0.31963009594441083,-0.7190157774546893
62,0.013007037403731186,-0.31920754050205635,-0.7188256641386741
63,0.011279874622330526,-0.3186760510510461,-0.7185894121230005
64,0.0069929136339501805,-0.3181283555747537,-0.7185570256708362
65,0.003580507137532187,-0.3176965300064154,-0.7190446989218007
66,0.0028186101937190174,-0.31724316392821894,-0.7198604080998154
67,0.0030770767048454396,-0.31674209887441773,-0.7205819049358544
68,0.0031576347507421172,-0.31628230397953094,-0.7210330673494183
69,0.0028806796666223933,-0.31582633750045275,-0.7212072091787991
70,0.0024306857082028524,-0.31542726916560015,-0.7211651454629271
71,0.002102282011072796,-0.31504977518372723,-0.7210125312821996
72,0.0021080576873446916,-0.314518778777916,-0.7208282901430323
73,0.002366349765238687,-0.31394043701341734,-0.720591330524905
74,0.002793293004064362,-0.31357132136009147,-0.7204974880738979
75,0.0031910814682454963,-0.3134145141708927,-0.7208648995777613
76,0.0016873539418414164,-0.3132300481551302,-0.7215291348181321
77,-0.000822895689900357,-0.31288734611279223,-0.722107108055716
78,-0.0019229271084201614,-0.31237040344172395,-0.7224386081748051
79,-0.0038663388074475814,-0.31178566792107987,-0.7225329946896681
80,-0.006367195494236196,-0.31292491728537575,-0.7225102016270755
81,-0.007352300833154218,-0.3165158226889252,-0.7224897690621555
82,-0.007529915246678551,-0.3192195198295672,-0.722485228578148
83,-0.007420784710081996,-0.3193007919861469,-0.7224014262677747
84,-0.0072805641853367735,-0.3450399723726222,-0.7223901978560581
85,-0.007279286427868133,-0.4449829970495849,-0.722740681245799
86,-0.007370794725867338,-0.6136395694557188,-0.7232508984733392
87,-0.00728250270959686,-0.7982697247107982,-0.7262398287231271
88,-0.008593724825986717,-0.9529007516355308,-0.7409936980623817
89,-0.012462830233522244,-1.0458467484034442,-0.7788383866189064
90,-0.015723292657299055,-1.056031127878481,-0.8313897348305637
91,-0.016518694335453978,-1.035931496511271,-0.889530793395835
92,-0.016445432578893138,-1.0736154402082083,-0.9714939752058047
93,-0.01655694738882238,-1.1371858381943376,-1.0818605794579388
94,-0.017055985742309168,-1.1596932111355982,-1.2006571638357761
95,-0.017728335993323657,-1.1428009343411336,-1.3123841761954855
96,-0.017977200226347037,-1.1075666651370395,-1.4095692924213359
97,-0.017552548238012465,-1.0724147112687668,-1.4894039134680024
98,-0.01680654721866049,-1.049461395947164,-1.5512543862775496
99,-0.01611467485370039,-1.0447799391325296,-1.595349609638073
100,-0.015731518638130784,-1.0580491910903262,-1.622480207875566
101,-0.01735817682515954,-1.082816766877674,-1.6342380269229029
102,-0.021567984380928065,-1.10874983145311,-1.6333313825745934
103,-0.02505186658560528,-1.1254834185969882,-1.623590576889013
104,-0.026311736896799137,-1.1265014995025506,-1.6095051787842092
105,-0.026710157405305787,-1.1114459592948585,-1.5953915771790141
106,-0.02697853128935819,-1.0859916093792465,-1.5844786178601922
107,-0.02740368919815281,-1.0594433308904017,-1.578254554614393
108,-0.027716462125289665,-1.0409945680110222,-1.576328042458817
109,-0.027389678900573686,-1.0364626166684379,-1.5768631444758743
110,-0.02647883755913065,-1.0463283652023456,-1.5774334442612465
111,-0.025751837210273278,-1.0654581536031857,-1.575987939942074
112,-0.02551650610901697,-1.0854604988555692,-1.5715882938897545
113,-0.02532822611289342,-1.0981980124235093,-1.564672091002003
114,-0.02541109634480558,-1.0986720735951252,-1.5567797033584925
115,-0.02606692651716852,-1.0866910057022467,-1.5498811321551527
116,-0.026785289564758702,-1.0667007629122103,-1.5455787078995944
117,-0.0271540453934995,-1.0458908282093025,-1.5444921672687792
118,-0.027190298312434205,-1.031365645467846,-1.546047872711867
119,-0.026988280190398686,-1.0274967158643094,-1.548730898851316
120,-0.02647588670481138,-1.0344426674260392,-1.5506821227464194
121,-0.025850083140675023,-1.0483284312605048,-1.5503990516288217
122,-0.025634759409270083,-1.0629225195874072,-1.5472724193876992
123,-0.027404413551959966,-1.072097924056696,-1.5417656551683652
124,-0.03144735204272203,-1.0721093776379567,-1.5351878042165392
125,-0.034554820719706336,-1.062845234023778,-1.5291650348124777
126,-0.03532319553873976,-1.0476468053921866,-1.5250229870190788
127,-0.03512158119467006,-1.031849864461257,-1.5233142754210265
128,-0.03519592758627538,-1.0206728959417002,-1.5236587378983382
129,-0.0357333352638111,-1.0172830333377485,-1.5249383206713496
130,-0.03609755769984112,-1.021751763215177,-1.5257540996258783
131,-0.036048188147474,-1.0312333830983542,-1.524960628728158
132,-0.035473304267999356,-1.0412191359534768,-1.5220747230323548
133,-0.03481231908675826,-1.0473263260694377,-1.517414422154633
134,-0.03443290471339176,-1.0469173361403263,-1.511932842979411
135,-0.0341956889579115,-1.039955194666633,-1.5068272154084785
136,-0.03433866082364766,-1.0288295830063254,-1.5030820204902908
137,-0.03481289169425898,-1.0172918562536384,-1.5011197083181624
138,-0.0352895477142782,-1.0089617709262289,-1.50068150617685
139,-0.03550600895370916,-1.0059955132214542,-1.5009674973792717
140,-0.03547094828913999,-1.0084004643697169,-1.50096700949996
141,-0.03535406243745269,-1.0142030046371118,-1.4998443352578614
142,-0.034911351052084844,-1.0203398757570912,-1.497233424395421
143,-0.034394354501866176,-1.023882330030757,-1.4933258856044902
144,-0.03424549026642064,-1.023108605104527,-1.488775665172771
145,-0.03405975786649974,-1.0180366032343415,-1.4844474138663624
146,-0.03378291922195868,-1.0102635370603577,-1.4810520043660005
147,-0.03381168912930223,-1.0022326015765102,-1.4788932732238114
148,-0.0339518070477598,-0.9962516725661774,-1.4778083607393877
149,-0.034086741223487746,-0.9936535524193726,-1.4772619579217663
150,-0.03426077644766869,-0.9943988291815242,-1.4765698022599114
151,-0.03428622877896939,-0.9972279076136656,-1.475158808588465
152,-0.03406259311917291,-1.000251684991596,-1.4727652166860814
153,-0.0336458393114704,-1.0017155232562525,-1.4695032082888018
154,-0.033186749012531686,-1.0006320322385753,-1.4657899566312436
155,-0.03301008664215424,-0.9970588211030615,-1.462167200248003
156,-0.03313033324498427,-0.9919553402241892,-1.459093967550849
157,-0.0331554044128341,-0.9867198787006295,-1.4567888825353106
158,-0.0333413778547776,-0.9826184107400229,-1.4551749041871012
159,-0.03380276733105125,-0.9803342592384334,-1.4539366263324798
160,-0.03394848190111567,-0.9797945341078096,-1.4526579244769153
161,-0.03391215061754965,-0.9803041307025415,-1.4509815184683195
162,-0.03387736238473646,-0.9808954740389586,-1.4487300919466226
163,-0.033453654737408745,-0.9807301656478611,-1.4459492082545422
164,-0.03283210759600268,-0.9793900203625032,-1.4428653361429293
165,-0.03260123877938295,-0.9769606350512894,-1.4397841501944386
166,-0.032881360537510604,-0.973906623902308,-1.4369731349065318
167,-0.03310856248236799,-0.9708214072198809,-1.4345728357132717
168,-0.03312172045408751,-0.9681731044075028,-1.4325649533703526
169,-0.033402303421902424,-0.9661511314837559,-1.4308009550923897
170,-0.033645718456476695,-0.9646594638614738,-1.4290722671725633
171,-0.03338763944616441,-0.9634322613989141,-1.427190690955963
172,-0.033121852462842535,-0.9621974885058981,-1.4250487436635462
173,-0.033202818160894224,-0.9608040029694269,-1.4226418308746678
174,-0.03324428213303311,-0.9592574386410306,-1.4200511799299593
175,-0.03288778542355705,-0.9576622237769095,-1.4174010083876114
176,-0.032274433440036346,-0.9561148718327503,-1.4148102423864595
177,-0.03190663749988355,-0.954614861352709,-1.4123568875925683
178,-0.03213073931373853,-0.9530455519580325,-1.4100644080414066
179,-0.032769308823950974,-0.9512372914461538,-1.407908959907192
180,-0.033097564252061035,-0.9490790492916323,-1.405838743455372
181,-0.032940385653050686,-0.9466165321074889,-1.4037946795128393
182,-0.0327049394435302,-0.9440780033600156,-1.401724781006549
183,-0.03248493515624021,-0.9418028358241424,-1.3995903346855685
184,-0.03227753836833891,-0.9400963521503889,-1.3973669224641734
185,-0.031935581575310554,-0.9390745769710507,-1.3950449576935458
186,-0.03174979465288391,-0.9385743232940276,-1.3926324213834773
187,-0.032057889939883094,-0.9381803885262614,-1.3901585484545698
188,-0.03227492481278643,-0.9373716025463268,-1.3876740469949458
189,-0.032025846743633,-0.9357326759465834,-1.385243262003343
190,-0.03189641163768486,-0.9331440266340163,-1.3829270448606104
191,-0.03205443065600999,-0.9298639312340407,-1.380760452303087
192,-0.032106990106577846,-0.9264576811858771,-1.3787339418836306
193,-0.032166968732731796,-0.9235913423967705,-1.376787713451034
194,-0.03206450071338267,-0.9217670418663126,-1.374825056088941
195,-0.0315655555776696,-0.9211066332205511,-1.3727430753085903
196,-0.031286854228672153,-0.9212768394587223,-1.3704710542545753
197,-0.03140872218631391,-0.9215952847064806,-1.3680016963114006
198,-0.031371203338182455,-0.9212840023680209,-1.365401337847754
199,-0.031179647560805296,-0.9197746747564381,-1.3627922608950986
200,-0.03126662046496183,-0.9169443261772372,-1.3603110747986564
201,-0.03148772289340242,-0.913183367887592,-1.35805746146056
202,-0.031347371926570666,-0.9092619545722092,-1.3560529199700375
203,-0.030987660590721472,-0.9060407029127706,-1.3542268087449316
204,-0.030933323365994497,-0.9041358429600366,-1.3524373329128556
205,-0.03108319846350789,-0.903670444874733,-1.3505216326046843
206,-0.031116216528408305,-0.9042127031167455,-1.3483570933955882
207,-0.031234740493065488,-0.9049304668142657,-1.3458973204200544
208,-0.031434941160195184,-0.9049061628322694,-1.343209881055372
209,-0.03133527088823421,-0.9034916828498698,-1.3404761224492159
210,-0.0309165206255166,-0.9005647773884262,-1.3378908302309656
211,-0.03073941868614112,-0.8965849173659333,-1.335584844743376
212,-0.03089165658309395,-0.8924237900237322,-1.3335949396286315
213,-0.030950067611606694,-0.8890335771674454,-1.331844418634958
214,-0.030863551840097703,-0.8870803362752224,-1.3301672509872282
215,-0.03071648688862544,-0.886684683415647,-1.3283677097503066
216,-0.03058250112595795,-0.8873713249413169,-1.326293366527699
217,-0.0304941073109809,-0.8882483886160926,-1.323893509898539
218,-0.03045517172736112,-0.8883483069279352,-1.3212400582153494
219,-0.030288925173683853,-0.8869990385209259,-1.3185020958242317
220,-0.030063779294559945,-0.8840823172163095,-1.3158829479876468
221,-0.030162402356945728,-0.8800791670664485,-1.3135433411779216
222,-0.03056517932701916,-0.8758851752648549,-1.311539918327556
223,-0.03084061825365346,-0.8724669642191656,-1.309802843009643
224,-0.030800935452134665,-0.8704924071183209,-1.3081614480129096
225,-0.030477293237491515,-0.8700767918678594,-1.3064085004661496
226,-0.029950424153314587,-0.8707418427143119,-1.30437875706486
227,-0.029590108658168704,-0.8716020753593337,-1.3020118568922987
228,-0.02970216872169655,-0.8717054845762542,-1.2993754712507952
229,-0.029991419417444737,-0.8703968504298758,-1.2966397806077308
230,-0.030067875423407137,-0.8675644069966273,-1.2940129633011015
231,-0.029978389929420896,-0.8636766750206148,-1.2916622961328534
232,-0.029846482920769885,-0.8595976358747035,-1.2896509453596439
233,-0.02990476044769967,-0.8562534267293889,-1.2879144732333998
234,-0.029915870058229946,-0.8542796457953887,-1.286285851602074
235,-0.029556425734173095,-0.8537840707711779,-1.284559236645702
236,-0.029217662988155313,-0.854313608352014,-1.2825680383773532
237,-0.02765386458521288,-0.8550349892255666,-1.2802475320819213
238,-0.02402246786604799,-0.8550570024165749,-1.2776583662377892
239,-0.02280127774918722,-0.8537692664850041,-1.2749623986213527
240,-0.02620349134640581,-0.8510683828018477,-1.2723604989390598
241,-0.02928629178688333,-0.8473875403927797,-1.2700163086186538
242,-0.02783178036048268,-0.8435220517500199,-1.2679950095205754
243,-0.024588764754016987,-0.8403211079076787,-1.2662400997440604
244,-0.02488117674734279,-0.8383655085422239,-1.2645964521824329
245,-0.027440263578793714,-0.8377539508834775,-1.2628702641091123
246,-0.028879809399327924,-0.838076560927747,-1.2609026620687134
247,-0.029233098045096703,-0.8385814771904951,-1.2586289166782185
248,-0.029184738736195107,-0.8384668718123054,-1.2560880164917365
249,-0.027557882422363386,-0.8371847942188322,-1.2534216818226458
250,-0.023522143958368158,-0.8346415035457997,-1.2508403771138932
251,-0.020131644136608187,-0.8312210851819213,-1.2485090458902826
252,-0.0193445864222375,-0.8276279973208198,-1.2464818781996474
253,-0.019587363537031652,-0.824612902130125,-1.2447052247812755
254,-0.019379357551074554,-0.8226885991800605,-1.243037833718819
255,-0.018605198593433035,-0.8219436780488683,-1.2413040339247638
0,-0.018125869375548803,-0.8220214951133289,-1.2393591066482976
1,-0.018255085956105914,-0.8222675987673256,-1.2371419043904988
2,-0.018595434266708552,-0.8219849466467033,-1.2346951442112304
3,-0.018972515433824735,-0.8206973447912405,-1.2321464538808735
4,-0.01912284976442715,-0.8183214901997755,-1.229658214929655
5,-0.019209247743406425,-0.8151856365677346,-1.2273658051331418
6,-0.019325232059435787,-0.8118927892548009,-1.2253277096779036
7,-0.019165317615224678,-0.8090850792508544,-1.223505884472298
8,-0.01896429802090438,-0.8072013698253646,-1.2217828771765453
9,-0.018660695288158266,-0.8063195940894197,-1.2200082116318263
10,-0.018259484794306093,-0.8061402322724671,-1.2180557618595076
11,-0.018312331996010005,-0.8061121685889097,-1.2158702553531815
12,-0.01856144364268262,-0.8056484792136631,-1.2134857922144149
13,-0.018535998607898008,-0.8043477292963876,-1.2110103066082645
14,-0.01864759325016018,-0.802137387231626,-1.2085828773542402
15,-0.01895106594172951,-0.7992883992783213,-1.2063207657943869
16,-0.018849772140119007,-0.796300384711238,-1.2042763634233893
17,-0.018562960103410076,-0.7937056001710001,-1.2024198436633706
18,-0.018547137985177778,-0.7918684807595686,-1.2006531381992458
19,-0.018551874186610043,-0.7908561683724562,-1.1988489210932283
20,-0.01843099154858384,-0.7904257089373621,-1.1968991330740963
21,-0.018373677796465336,-0.7901278905662319,-1.1947545552518841
22,-0.018327419475243863,-0.7894838879145287,-1.192440963551527
23,-0.018173776679430438,-0.7881653966592612,-1.1900466962074017
24,-0.018119488973026412,-0.7861106087100591,-1.1876873588517403
25,-0.0183749457064874,-0.7835354042246099,-1.1854617270502477
26,-0.01878335182366761,-0.7808402400826697,-1.183415654203261
27,-0.01873913994154757,-0.7784523087541988,-1.1815271387944963
28,-0.01822371672807404,-0.7766650079114736,-1.1797172714018491
29,-0.017781498267287685,-0.7755349023239844,-1.1778688046044024
30,-0.01741430620133628,-0.7748719975853238,-1.1758866790862403
31,-0.015629433250380964,-0.7743224908334359,-1.1737538741870654
32,-0.013607722151808041,-0.7734261415724881,-1.1715011816240257
33,-0.015115059400445809,-0.7719674605432063,-1.1691891319895298
34,-0.018062867253959648,-0.7700980138276126,-1.1669046604166113
35,-0.018852493482655316,-0.7679007210984641,-1.164725481771185
36,-0.01803591205661758,-0.7655186818536639,-1.162689944991389
37,-0.015549138427697673,-0.7633081982113445,-1.1607833386071476
38,-0.011365206120911978,-0.7615509266756835,-1.1589449311613174
39,-0.01003903262946218,-0.7603164635216486,-1.1570920840029992
40,-0.012018778594020639,-0.759460616496697,-1.1551515873499176
41,-0.01323912841623677,-0.7587053688164029,-1.1530861625011992
42,-0.013127838292745438,-0.7577543766487782,-1.1509064699677083
43,-0.012451706952533316,-0.7564031862201026,-1.1486648413798983
44,-0.013561781576245373,-0.7546082150541495,-1.146433945187538
45,-0.015749482328719935,-0.7524927849012335,-1.1442790383970767
46,-0.01656830991653435,-0.750291448242175,-1.1422343990234185
47,-0.016854064394746265,-0.7482565540173816,-1.1402924343620575
48,-0.01732057704047868,-0.746563900293135,-1.1384088130736298
49,-0.01768762092502145,-0.7452525929276306,-1.1365208529265005
50,-0.0178615060714028,-0.7442193391094036,-1.1345716394158667
51,-0.01791770770458541,-0.7432658340159253,-1.1325306482104396
52,-0.016154065734930972,-0.7421782038321645,-1.1304034595242305
53,-0.01183447369683167,-0.7408069104213977,-1.1282276118599084
54,-0.009814824602505174,-0.7391174526319158,-1.1260569379789493
55,-0.011038695040247161,-0.7371950664494935,-1.1239408426810709
56,-0.011794205396406587,-0.7352048811541365,-1.121906461930287
57,-0.011745693261889331,-0.733243005425742,-1.1199500952576105
58,-0.010020497442937915,-0.7314793173529872,-1.1180404869239249
59,-0.009437793068462062,-0.7301469684203128,-1.1161320012522689
60,-0.011409522524364016,-0.7290944912523414,-1.1141822170140498
61,-0.011045469397358003,-0.7280204279514708,-1.1121671939930584
62,-0.008874395157950486,-0.7268036944659675,-1.1100889661406281
63,-0.007914077642998105,-0.7253943089472565,-1.1079730388526183
64,-0.009325589259356011,-0.7237893472282402,-1.1058574919548736
65,-0.01131311422521045,-0.7220413773207348,-1.1037782604852664
66,-0.009923210472374537,-0.7202482227457419,-1.1017562447321656
67,-0.007086769080653695,-0.7185179156236663,-1.099790824517192
68,-0.006072072397960145,-0.7169278794183573,-1.0978616728031594
69,-0.006452428201194939,-0.7154984352491154,-1.0959375861265657
70,-0.007221817437853016,-0.7141905074039139,-1.093988582030554
71,-0.00781100747588449,-0.71292578218792,-1.0919966110605435
72,-0.008072096601366287,-0.7116192087446607,-1.0899611035914019
73,-0.007824716709651505,-0.7102104473648778,-1.0878977581113713
74,-0.0072041680150312926,-0.7086828433776191,-1.0858315681873743
75,-0.006706840261113454,-0.7070643893189281,-1.0837870954930713
76,-0.006497650426217826,-0.7054124008108402,-1.0817797374517069
77,-0.006443182158040541,-0.7037894435485506,-1.0798110483968526
78,-0.0065901191130860876,-0.7022403890807569,-1.077869431316759
79,-0.006980822938808348,-0.7007788463667233,-1.0759354556255865
80,-0.007333980533768658,-0.6993866876899979,-1.073989458420582
81,-0.007562227944524852,-0.698025034732386,-1.0720184915623991
82,-0.007630109967971088,-0.696651035909543,-1.070020203891918
83,-0.007313343222651349,-0.6952334265118079,-1.0680025927338757
84,-0.006849313053854084,-0.6937613788580343,-1.065980147777593
85,-0.006512228531366812,-0.6922445364877596,-1.0639681399525531
86,-0.006228536332252368,-0.6907057971114647,-1.0619772714570135
87,-0.006196342427885984,-0.6891708774336527,-1.0600105193662515
88,-0.006583051296929727,-0.6876591632449975,-1.0580630119665937
89,-0.007015112363640063,-0.6861789507352283,-1.0561246067929386
90,-0.0071826990741784,-0.6847277982808684,-1.0541839363511127
91,-0.007189547731161594,-0.6832964987758119,-1.0522323414898493
92,-0.007198771604810528,-0.6818740619458767,-1.0502663713953355
93,-0.0071989338416705295,-0.6804513610986858,-1.0482882141174237
94,-0.006964630678587883,-0.6790223844770042,-1.0463042242220677
95,-0.006563516951894419,-0.6775011144473733,-1.0443223301608335
96,-0.0063187541720533015,-0.6759296927039822,-1.04234934592604
97,-0.006235718993467858,-0.6745096244023978,-1.0403890600864276
98,-0.006307783996820627,-0.6731586994331074,-1.0384415577724289
99,-0.0065474379233513985,-0.6717143889570101,-1.0365037478989994
100,-0.0067988663765862906,-0.6701280862543026,-1.0345707015184482
101,-0.006923637409867442,-0.6685096370234238,-1.0326372566738136
102,-0.00695165601923442,-0.6670971273124933,-1.030699405178039
103,-0.006952168536937482,-0.6658133317299049,-1.0287551646171194
104,-0.006845661968263944,-0.6644796712671963,-1.0268048480371372
105,-0.006568174985563068,-0.663099631752462,-1.0248507951983008
106,-0.006243928715531245,-0.661700749543279,-1.0228967002790412
107,-0.006207426590686373,-0.660283707873315,-1.0209466875862456
108,-0.006555787237342507,-0.6588358450597209,-1.0190042931447039
109,-0.006951267828351999,-0.6573528945811697,-1.0170715338218823
110,-0.007070849578242956,-0.655847437175151,-1.0151482766714053
111,-0.00688609530555836,-0.6543447745765489,-1.0132321184878
112,-0.006621686082837372,-0.6528724606320668,-1.0113189060324315
113,-0.006500678028329718,-0.6514489667893644,-1.0094038587703817
114,-0.006455073008343911,-0.6500756996476393,-1.0074830376755313
115,-0.006281525098272837,-0.6487353275716241,-1.0055547198363555
116,-0.006177536432753674,-0.6473973484101838,-1.0036201829987976
117,-0.006367334967681812,-0.6460291664786724,-1.0016835345941675
118,-0.006642759820291586,-0.6446086462213783,-0.999750521408493
119,-0.006737193811697399,-0.6431332530499989,-0.997826633807815
120,-0.006618327156159931,-0.6416219772464902,-0.9959151281888694
121,-0.006555711686305119,-0.6401089285132668,-0.9940156957320885
122,-0.006595169487763819,-0.6386307557265616,-0.9921243350632944
123,-0.006464718365781195,-0.6372125875702013,-0.9902345785693538
124,-0.006220511034173034,-0.6358579531541984,-0.9883397161214096
125,-0.006062580994235945,-0.6345467597600671,-0.9864352487013863
126,-0.006093811596781653,-0.6332423645969971,-0.9845206601101602
127,-0.006237973595867776,-0.6319052404388272,-0.9825997954798287
128,-0.007906334986452757,-0.6305080875239615,-0.98067962583267
129,-0.011907280027011989,-0.6290465570269006,-0.9787677840891549
130,-0.013509116692207324,-0.6275413392414932,-0.9768697484488738
131,-0.012026751325889314,-0.6260306492024841,-0.9749867256575606
132,-0.01285184740919413,-0.6245558566643663,-0.9731150645797007
133,-0.013526202182477791,-0.6231457090294592,-0.9712474782413687
134,-0.012240859952199049,-0.6218052131571088,-0.9693756713560524
135,-0.013624797511482933,-0.6205135079946233,-0.967493419942937
136,-0.016359750529325555,-0.6192316289864472,-0.9655989480283775
137,-0.01716454120766129,-0.6179172548576384,-0.9636956826187495
138,-0.016520744267248352,-0.6165408160280932,-0.9617910635493123
139,-0.01550962527554852,-0.6150967921163246,-0.9598938189964317
140,-0.014974537444422967,-0.6136058538339346,-0.9580107103793889
141,-0.015247151902794173,-0.6121070128665029,-0.9561439707739199
142,-0.01588957318411848,-0.6106427785721094,-0.9542904170046191
143,-0.016184071127646353,-0.6092430021206834,-0.9524425930280445
144,-0.0162959939604543,-0.6079135832974099,-0.9505915343469953
145,-0.016415953314356607,-0.6066343353312451,-0.9487301227690339
146,-0.016279139860861193,-0.6053667832205434,-0.9468557672440716
147,-0.016109803647687167,-0.6040688688742402,-0.9449713927685952
148,-0.015989686092306,-0.6027109149626162,-0.9430843553061892
149,-0.0158244357815705,-0.6012867597041172,-0.941203685659135
150,-0.015763801942872344,-0.5998158659973181,-0.939336699998758
151,-0.015728072469937314,-0.5983356883203534,-0.9374862566570097
152,-0.01575872576532413,-0.5968873008670132,-0.935649694606703
153,-0.01597275178979466,-0.5954998229349833,-0.9338198515547762
154,-0.016167964453839466,-0.5941795704218265,-0.9319877716752432
155,-0.016177178266079686,-0.5929079889848141,-0.9301329581708346
156,-0.015808263979000946,-0.5916490298866213,-0.9282469045459694
157,-0.01539652423522845,-0.5903630317429152,-0.9263573930437774
158,-0.015386095093569384,-0.5890217455130653,-0.9244836187201653
159,-0.015487740805707542,-0.5875363594954632,-0.9226250236058706
160,-0.015511648361806608,-0.5859688889985202,-0.9207828596331744
161,-0.015432962988967437,-0.5845566863142573,-0.9189573723672875
162,-0.015406253789746784,-0.5832550784474919,-0.917145842820549
163,-0.015765519856002455,-0.5819246976917289,-0.915342249007371
164,-0.01605607058215046,-0.580597192751356,-0.9135386217511496
165,-0.015776367516292418,-0.5793095352683817,-0.9117274897014536
166,-0.01528634098137327,-0.5780524353788161,-0.9099043881415008
167,-0.01507358862669906,-0.5767883523705333,-0.9080693959599544
168,-0.015024258070723877,-0.5754815395945392,-0.9062270587018406
169,-0.014880424425160584,-0.5741164404834982,-0.9043846927536259
170,-0.014760412608087914,-0.5727022883845929,-0.9025496968563176
171,-0.014625142057175293,-0.5712675042461275,-0.9007268791383747
172,-0.014567700877566397,-0.5698478705259227,-0.8989167973371384
173,-0.014905454865240607,-0.5684728540252579,-0.897115716932646
174,-0.015359811575872066,-0.5671548129490167,-0.8953171726384945
175,-0.015348112543271723,-0.5658848934407534,-0.8935145134998388
176,-0.015146920235640828,-0.5646369824832316,-0.8917034517760829
177,-0.015213077793955206,-0.5633780363655547,-0.8898836537769261
178,-0.015099251357722498,-0.5620807182185632,-0.8880587933247854
179,-0.01472565719915351,-0.5607335056320277,-0.8862350829637791
180,-0.014527272283498947,-0.5593445283130449,-0.8844188740515495
181,-0.014403268099445754,-0.5579378830107038,-0.8826142559621162
182,-0.014345142209801383,-0.5565440560460524,-0.8808215633819292
183,-0.014475774640380315,-0.5551882566281725,-0.8790373353344281
184,-0.014792687507557113,-0.5538811269526147,-0.8772425900445011
185,-0.015063364415956904,-0.5526152482834477,-0.8754258626703368
186,-0.014849830532425647,-0.5513685590464454,-0.8736086535661003
187,-0.014369105075050646,-0.5501131548793157,-0.8718028996816245
188,-0.014205567055986447,-0.5488259667837112,-0.8700024749640338
189,-0.014301116161914998,-0.5474972324895357,-0.868206756216825
190,-0.014357337202687663,-0.5461336561040606,-0.8664184234324037
191,-0.01457281178343068,-0.5447552679419452,-0.8646405299111888
192,-0.014914215838828744,-0.5433874050914238,-0.8628739885073609
193,-0.015120308330819267,-0.5420510145096222,-0.8611163685544363
194,-0.015039949732905608,-0.5407549870903321,-0.859362344270902
195,-0.014802404203401176,-0.5394933198975074,-0.8576054905292079
196,-0.014661284868413844,-0.5382479757031613,-0.8558406259336375
197,-0.01438715117428814,-0.536996131626875,-0.8540657336474302
198,-0.014007333817080928,-0.5357189141722569,-0.8522826964907542
199,-0.01377980339290858,-0.5344082819029679,-0.8504965708776329
200,-0.013679725815899872,-0.5330695551786975,-0.8487136980500161
201,-0.013816593649337183,-0.531718835541293,-0.8469393896087141
202,-0.014242650934085534,-0.5303765086442145,-0.8451760662866361
203,-0.014613980888468263,-0.529059440604617,-0.843422531238041
204,-0.014742248643839752,-0.5277748490017165,-0.8416746094540652
205,-0.014600207527604006,-0.5265180651004497,-0.8399268633055144
206,-0.014204819878243784,-0.5252748419073823,-0.8381747006993687
207,-0.01388846731913259,-0.524027127040299,-0.8364160712851869
208,-0.013955571995882175,-0.5226775408104332,-0.8346521329583592
209,-0.014305580748560184,-0.521264166126395,-0.8328866828201118
210,-0.014506934178306376,-0.5199940668477707,-0.831124619604974
211,-0.014413139662161713,-0.5187971476827669,-0.8293700572218383
212,-0.014091255191873361,-0.5175227518812784,-0.8276248135323203
213,-0.01363210006979116,-0.5162092939642027,-0.8258878260203573
214,-0.013554141465610021,-0.514915776365555,-0.8241556732583013
215,-0.01387573423970722,-0.5136618388607763,-0.8224239573816066
216,-0.014111135102742513,-0.5124350057285789,-0.8206889901408574
217,-0.01415736844436296,-0.5112115834424655,-0.8189491363352652
218,-0.014064918961670995,-0.5099708726313839,-0.8172053268385153
219,-0.013901268975528777,-0.5087020003349707,-0.8154605879274213
220,-0.013557958899313036,-0.5073235867750887,-0.8137188100634587
221,-0.01317254190988935,-0.48932239954081225,-0.8119832540144087
222,-0.013187267826042286,-0.4273473511739887,-0.810255366406496
223,-0.01361484084433531,-0.3219276201419874,-0.8085343324550904
224,-0.014017390413087687,-0.2037538312787146,-0.8068174959273731
225,-0.014165172648533522,-0.09279846322534446,-0.8051014447223293
226,-0.014193226183747541,0.023764524685357835,-0.8033833214524915
227,-0.014200847438787016,0.1543660630277358,-0.8016618572405032
228,-0.01402923757572875,0.28936458121542374,-0.79993775724299
229,-0.01374390674265314,0.42022763044708644,-0.7982133291198794
230,-0.01358012348180275,0.5307041732293472,-0.7964915349528354
231,-0.01348106608275608,0.6098064085365678,-0.7947748529290806
232,-0.01338669714845957,0.6661964828838929,-0.7930643844800578
233,-0.013135229575746858,0.7090847620504193,-0.7913595258365649
234,-0.012844904602281815,0.7485919364897737,-0.7896582935451688
235,-0.012773245778249391,0.7971442693757436,-0.78795814366813
236,-0.012834940325369512,0.8484836704531789,-0.786243832768827
237,-0.013074553199976156,0.8789904095254983,-0.784508954388905
238,-0.013508103666160245,0.8706300398720437,-0.7827794044444119
239,-0.013793711249112696,0.8224725704236655,-0.7810691681956872
240,-0.013777738045026897,0.7416043002127144,-0.7793710814616763
241,-0.013485665942233743,0.6319475969077231,-0.7776808678223817
242,-0.012986452066136488,0.5013256457335307,-0.7759964103272257
243,-0.01264635813978688,0.35896080933841956,-0.7743166998871192
244,-0.012774967916405817,0.2032924663704364,-0.7726277536446635
245,-0.013247632238105447,0.044795452539916236,-0.7709228150032472
246,-0.013588803776695461,-0.09386662906169396,-0.7692254805501553
247,-0.013438979198651384,-0.2254029277950601,-0.7675461412818079
248,-0.013083342767147968,-0.36922082010746426,-0.7658740235059565
249,-0.01308290593207704,-0.48433050352913276,-0.7642025632439864
250,-0.013146569893544457,-0.5252655002748934,-0.762529527259779
251,-0.012844329218224523,-0.513861278584788,-0.7608559999519628
252,-0.012524623431134578,-0.495184855852435,-0.7591846511154563
253,-0.012599022645748553,-0.4887361290887491,-0.7575178993374903
254,-0.01284307843324052,-0.49389518500603,-0.7558565747439754
255,-0.012893301574622651,-0.5038798655261614,-0.7541994685955447
0,-0.012969504889953569,-0.5126873393019233,-0.7525438186804765
1,-0.01294302175333361,-0.5166414533829258,-0.7508864445963264
2,-0.012724621140351132,-0.5144112259239504,-0.7492250357767114
3,-0.012800971449319645,-0.5068866864655073,-0.7475590770844787
4,-0.01307664639774997,-0.4967342819367224,-0.7458900679433671
5,-0.013215745736096352,-0.4874094177252528,-0.7442209777705693
6,-0.013064380152507757,-0.48186868226521606,-0.742555170991138
7,-0.012783087771412904,-0.481408766127849,-0.7408952223601106
8,-0.012812542744659459,-0.48544007633715314,-0.7392420641922994
9,-0.012832517014375579,-0.49187110329425865,-0.73759476303237
10,-0.012608316907345974,-0.49762703558074683,-0.7359509767883032
11,-0.01261038430309927,-0.5000203559015142,-0.7343078911517416
12,-0.012626589915531686,-0.497945459947287,-0.7326632694682549
13,-0.012295921493051781,-0.4920517635369268,-0.7310162288397577
14,-0.011986462326197926,-0.4843497075479479,-0.7293674770962442
15,-0.011933863677490587,-0.477377704824667,-0.7277189571485383
16,-0.012146773225617115,-0.47322676271620745,-0.726073064224283
17,-0.012394525312885176,-0.4727892408069989,-0.7244317469246309
18,-0.012402598085187271,-0.47550511318171695,-0.7227958260225968
19,-0.012278600977493028,-0.479672864376232,-0.721164764794133
20,-0.011995345517170696,-0.4831702172080157,-0.7195369457280159
21,-0.011702195297392692,-0.48428309716176154,-0.7179103208199116
22,-0.011640291973437966,-0.48232077497829207,-0.716283175694153
23,-0.011871256807622237,-0.477799276839314,-0.7146547237901792
24,-0.012344232811125441,-0.4721550395283567,-0.7130253273150204
25,-0.012507007100742734,-0.467132311465398,-0.7113962904555282
26,-0.012279050356520209,-0.4641014479262997,-0.7097693286899804
27,-0.012253996453660945,-0.4635723483894074,-0.7081459275885182
28,-0.01224797523576343,-0.46507278927996176,-0.7065268290217865
29,-0.012057078741274908,-0.4674089992813697,-0.7049118197272692
30,-0.011959003037870973,-0.46917836821845205,-0.7032998757477595
31,-0.011958458187095088,-0.46923562664259033,-0.7016895846059541
32,-0.011986637887629693,-0.46727426348648304,-0.7000796737643527
33,-0.011832327730099207,-0.4639263226238901,-0.6984694492881149
34,-0.011735233743022579,-0.4600829543277971,-0.6968589960118581
35,-0.011851395380907959,-0.4566742533122685,-0.6952490873244193
36,-0.011710718541433521,-0.4545155661268261,-0.6936408600084811
37,-0.011401990545046058,-0.453872927023768,-0.6920353879691719
38,-0.011412160292582466,-0.45438237034639584,-0.6904333129791147
39,-0.011790488140515608,-0.4552663836041966,-0.6888346569570922
40,-0.012121173304824921,-0.4556902235045497,-0.6872388655499013
41,-0.012031007067519292,-0.45509434771994606,-0.6856450473992817
42,-0.011601917692421249,-0.4467846347789708,-0.6840523086740404
43,-0.011279892149525121,-0.4097721189865169,-0.6824600587156915
44,-0.0112392295376939,-0.3360106545630439,-0.6808681844931925
45,-0.011277193560655992,-0.2482411575157999,-0.679277046645566
46,-0.011414430531299171,-0.1634547453147881,-0.6776873156218055
47,-0.011712735319369904,-0.08146862127025623,-0.6760997189609657
48,-0.011892803668889357,-0.00043527800019244056,-0.6745147934254114
49,-0.011845373112209439,0.08067519699967651,-0.6729327242942185
50,-0.011607366584752435,0.16086341036356133,-0.6713533161789826
51,-0.01139062019082334,0.23924493220186616,-0.6697760913489501
52,-0.011427138157760579,0.3081775164781322,-0.6682004702649209
53,-0.011569473749713247,0.35072161633549015,-0.6666259673065755
54,-0.011820480069006434,0.3625160539242298,-0.6650523374515611
55,-0.012027172474415038,0.3498325880859985,-0.6634796327033754
56,-0.01179972611440537,0.3179029558315568,-0.6619081600375973
57,-0.011359406659939432,0.279142717681935,-0.6603383640649845
58,-0.011104742665322985,0.2456033264210984,-0.6587706779176534
59,-0.011037800936496062,0.22135245530983771,-0.6572053905515747
60,-0.0110754648547425,0.19786349628451272,-0.6556425684823088
61,-0.010994372974623003,0.16172362611228885,-0.654082050131573
62,-0.010844718896585184,0.11697235724395189,-0.652523508495396
63,-0.010832407453757131,0.0767516777529767,-0.6509665588851905
64,-0.011017840056120554,0.04029199013236545,-0.6494108777875591
65,-0.011375504840824804,-0.0015133268109176201,-0.6478562982019518
66,-0.011399758157732705,-0.04752209856787491,-0.646302855135644
67,-0.010898448896622278,-0.09515532943070473,-0.644750769710019
68,-0.010594401153755057,-0.1485406576944217,-0.6432003777665185
69,-0.010721610306503718,-0.20257937549482888,-0.6416520244540611
70,-0.010890856139436033,-0.24793308500296807,-0.6401059560992133
71,-0.01116869613116182,-0.2901838181230909,-0.6385622420431327
72,-0.011308301697595252,-0.3428427051300249,-0.6370207510961068
73,-0.011160774581830374,-0.39875377516324173,-0.6354811913378295
74,-0.011034965164030342,-0.4337149799080562,-0.63394320255955
75,-0.009217844897673369,-0.44385213638910925,-0.6324064733696848
76,-0.006600922298368575,-0.44386687410555004,-0.6308708455286642
77,-0.007442776824871253,-0.4377541805036691,-0.6293363702912629
78,-0.010200857095937137,-0.42073958486093543,-0.6278032957859427
79,-0.011150220440477192,-0.3914970979402752,-0.6262719869352611
80,-0.010674741736354819,-0.3591392928549003,-0.6247428026370536
81,-0.010359843972838803,-0.34255450646709973,-0.6232159710597793
82,-0.010424009111085843,-0.34758153570435946,-0.6216915066250597
83,-0.010421121609452355,-0.36986620262360337,-0.6201691995135676
84,-0.008925079250953441,-0.3985224414033578,-0.6186486840946726
85,-0.007002143207386888,-0.41493856299278264,-0.6171295646398305
86,-0.00817890341589294,-0.4181603044155773,-0.6155984384863125
87,-0.010343952742316023,-0.4200004158909447,-0.6140497745457962
88,-0.010543334995498858,-0.42496973113913894,-0.6125091324513157
89,-0.009740365371355095,-0.4307045346308451,-0.6109891741956301
90,-0.009059687508433377,-0.4334019952932231,-0.6094809986201055
91,-0.009105998440654618,-0.43112150429807694,-0.6079788572023725
92,-0.009731805926346409,-0.42443924614339434,-0.6064799470508375
93,-0.010441389688961127,-0.4157271801288309,-0.6049835418870562
94,-0.011027859986485762,-0.40797643565477215,-0.6034898327329525
95,-0.011355215213668918,-0.4035436367201055,-0.6019988892276611
96,-0.011497997185321122,-0.4035049638601109,-0.6005100616297525
97,-0.011213610999441462,-0.4073887763976183,-0.5990219536157289
98,-0.008751447292925735,-0.39979756626200214,-0.5975328759330525
99,-0.005736648296536676,-0.35357657551594657,-0.5960415208371006
100,-0.006560159156196663,-0.2647508885457166,-0.5945475364697028
101,-0.009131568421185223,-0.1548914653262614,-0.5930517452530442
102,-0.01006992584116698,-0.04281968735226538,-0.5915559096544452
103,-0.010108295392524023,0.06760537316651027,-0.5900621365987113
104,-0.010136854178451591,0.17852979539342828,-0.5885721547627256
105,-0.010532376152703249,0.2822893704490863,-0.5870867438748741
106,-0.009300737988319437,0.36749406857851286,-0.5856055291634559
107,-0.005212239782120938,0.4298604160942703,-0.584127207451014
108,-0.0017449109589223709,0.46660433128425827,-0.5826501039017966
109,-0.002509924674240313,0.48837229507759883,-0.5811728360990758
110,-0.006686481104037356,0.5095739317283896,-0.5796948301765696
111,-0.009689472693341899,0.5276647336266833,-0.5782165007609936
112,-0.009579008155952518,0.5568985718684243,-0.5767390429019734
113,-0.006862306405311366,0.6299905252436313,-0.5752639344263606
114,-0.004403686292139421,0.750551216462765,-0.5737923531477918
115,-0.004722878849373453,0.8937109773315428,-0.5723247363875041
116,-0.006151181469345027,1.0409791323385147,-0.5708606449844227
117,-0.007176826744588485,1.1843895576331955,-0.5693989695774797
118,-0.005529793845986685,1.3086478189179087,-0.5679383839948828
119,-0.0022640395955653286,1.4050153653631363,-0.5664647435518866
120,-0.0003133951697159264,1.4867313062300136,-0.5649722357354885
121,0.0007351818339741724,1.5524046581434412,-0.5634866699368164
122,0.001404366268030366,1.5848371469958487,-0.5620213460901013
123,0.0015473629641435671,1.5872668762483606,-0.5605681056147431
124,0.001126686927822607,1.574361960718611,-0.5591217461784044
125,-0.001212955059923991,1.5582105873410996,-0.5576796167348426
126,-0.004389467532741862,1.5472784479838322,-0.5562407238516085
127,-0.0042505291223659085,1.5433280356453785,-0.55480471674621
128,-0.0021153274690432697,1.5433685241235104,-0.5533710903864824
129,-0.002621771584990669,1.5455535825142652,-0.5519388215905385
130,-0.004549827940791492,1.5500250144064083,-0.5505064743747528
131,-0.003286295408305391,1.5552999248503019,-0.5490726391113057
132,-0.00026477154816865675,1.558659545229201,-0.5476364632569659
133,0.0010859296386849931,1.5580285270464849,-0.5461980221161047
134,0.0010586282750572199,1.5529289725451023,-0.5447583623790386
135,0.0005390032763768621,1.5443620014057058,-0.5433191920208291
136,-0.0001244941315165799,1.533016497216904,-0.5418823318974113
137,-0.0005682697353703919,1.5227701921899661,-0.5404491342486855
138,-0.0005303846714825033,1.5181786327999718,-0.539020080886679
139,-0.00020557123180612712,1.5170851477917022,-0.5375947006010702
140,0.00011702395181669833,1.5181802482103164,-0.5361587059468951
141,0.00032785216343149317,1.5229486215768127,-0.534705250399437
142,0.0004998248730825206,1.5291525513353825,-0.5332586445158023
143,0.0006152153242602572,1.5311358206638768,-0.5318308036635329
144,0.0005450881798004297,1.526645194586823,-0.5304128108922654
145,0.00035470064229912567,1.5186512017301683,-0.5289995886932914
146,0.00010495160574918935,1.5105779951104594,-0.5275762932945005
147,-0.0002565992089453746,1.5047507274618757,-0.5261378149247351
148,-0.0005281546390834514,1.4954368230852793,-0.5247104294902714
149,-0.0004994695519532806,1.4860699073904926,-0.5233066073139072
150,-0.00015310994896481842,1.4920406626893232,-0.5219158773105754
151,0.00039475997727994334,1.5049189237618101,-0.5205298753410381
152,0.0008356085420742586,1.5090812970029552,-0.5191430419895926
153,0.0009935278093470448,1.5054674694081362,-0.5177528035495949
154,0.0008424929924968801,1.4988526191961227,-0.5163591554927498
155,0.0004415983480635863,1.4920492803845073,-0.5149637529117703
156,0.00004706520746989781,1.4849742552058083,-0.5135687759451166
157,-0.00009416897448210823,1.4793559693730005,-0.5121759105200119
158,0.00003286069362665525,1.4792162985651887,-0.5107857354948799
159,0.00022681597365417378,1.4822424000334427,-0.509384538993179
160,0.0003767765642392843,1.4837637619481092,-0.5079655162522521
161,0.0004442632949274491,1.4816770860536495,-0.5065526523598769
162,0.00047964024592045407,1.475772959322355,-0.5051574581000202
163,0.0005607066190797911,1.459332487300038,-0.503770810867562
164,0.0006067661536030156,1.4081425414986053,-0.5023877842268143
165,0.0005618828263477121,1.3050273690541383,-0.5010071455493534
166,0.0003564213717023954,1.1507649563594766,-0.4996299184382269
167,0.00017119966547314742,0.9569973760135331,-0.4982576090371007
168,0.00014032453122661374,0.7620740603779339,-0.4968907364103987
169,0.00014341430614172972,0.6021038386564368,-0.49552813436438536
170,0.00026386921408061426,0.4572671923701539,-0.49416717187075676
171,0.0003887861957488654,0.28247163617654597,-0.49280469177644304
172,0.0004250032334444393,0.07924617698854608,-0.4914382188755051
173,0.0004926935984557335,-0.1182932911978763,-0.4900669228712735
174,0.0005633511583330109,-0.2872882662227375,-0.48869195236502305
175,0.0005854342552742697,-0.40675105698522085,-0.4873160222983808
176,0.0004602403881111168,-0.46207369834591516,-0.48594243166406437
177,0.00033383347783362896,-0.46824493373835585,-0.48457389907378867
178,0.00031797940319703427,-0.44369729221733856,-0.48321165634908625
179,0.0002891618700406398,-0.37786818775165676,-0.4818551238127782
180,0.0002630273112683799,-0.25873027415733296,-0.48050225849216943
181,0.0001966764166020877,-0.08203187709657445,-0.47915041155086024
182,0.0001438555834832808,0.16492637513185304,-0.4777973510456315
183,0.00020424935689176797,0.4948874776538039,-0.4764289472070362
184,0.0003063920216838552,0.8939355890713829,-0.4750402459019587
185,0.0003740808464444429,1.2442180932659999,-0.47365837525850396
186,0.00045940807241855695,1.419406815738872,-0.47229789158930746
187,0.0005246841732597547,1.4659242998690596,-0.47095137233638584
188,0.00047536984119743355,1.4909551088159123,-0.4696136011476524
189,0.0003820400491285139,1.5230864282083791,-0.46828122727773147
190,0.0002378341232614047,1.5440297719461524,-0.4669521819591895
191,0.00020140631021976947,1.534862210080088,-0.46562508414660364
192,0.00042674189487236936,1.494822538495225,-0.46429881105751236
193,0.0006040452255234143,1.4389762579052738,-0.46297231870925737
194,0.0006175444115512716,1.3890863604009556,-0.4616446980269995
195,0.0006288124250249608,1.3634087945985907,-0.4603153711839387
196,0.0005631870525417138,1.3694425164500847,-0.45898429335340074
197,0.00043053635701382695,1.400986564284767,-0.4576520366978323
198,0.00042174236741752795,1.444722912606923,-0.45631968925854527
199,0.000553819927611764,1.4857962039426242,-0.4549885797525366
200,0.0006462462912788141,1.506667930456329,-0.45364679449277334
201,0.00063143972544011,1.4975365770025455,-0.45228961678944524
202,0.0005331309195246384,1.4617157147964335,-0.450942528830544
203,0.0004624578194994556,1.4123397629518308,-0.4496041900972598
204,0.0006152579849857589,1.3710945125167746,-0.4482589029492714
205,0.0007811682934335869,1.3538570250739896,-0.4469250223055943
206,0.0007903470205754149,1.3613287280033464,-0.4456112909458889
207,0.0007582442990331662,1.3872617906402018,-0.4443077048528068
208,0.0006952123798954482,1.4154316460118705,-0.4430091983012048
209,0.0006811459862754842,1.4346872348147874,-0.4417142120586586
210,0.0006947491521652818,1.4487842788807281,-0.44040967828224353
211,0.0006545581378941106,1.45033713427584,-0.4390769721662293
212,0.0006305251325657724,1.4311717515393285,-0.43773487149088597
213,0.0006774224762919777,1.3983165655864243,-0.4364187241911297
214,0.0007080846305149999,1.3659265817491697,-0.43512866906115555
215,0.0007230296021886844,1.3478822986540666,-0.43384703574566297
216,0.00087310841169644,1.3501960809881433,-0.43256407575464695
217,0.0010381437119359113,1.3699183639263453,-0.43127746596775984
218,0.0010407848911029279,1.3976426862303866,-0.4299899748923255
219,0.0009243159582113906,1.4216870059893347,-0.42870618313868425
220,0.000699046104432042,1.432698163960131,-0.42742939453674933
221,0.0003964326870836551,1.424988359451743,-0.4261597276088738
222,0.00021623193432800548,1.4015810355038023,-0.42489389488329343
223,0.0003267864596519813,1.374335606994134,-0.42362654231934416
224,0.0006586089640305934,1.3518808467607086,-0.4223524687321121
225,0.0008635575968610927,1.3375469305190464,-0.42106877341713855
226,0.0007695464167597251,1.336015219324624,-0.41977607470329614
227,0.0006090515049009667,1.3499416252711924,-0.41847834945051243
228,0.0005291956806430746,1.37174067969787,-0.41718149617471956
229,0.0005572268904629283,1.3882545647550657,-0.41589120857119033
230,0.0006893694574985911,1.391833258759632,-0.41461098434231936
231,0.0006918139313467891,1.3854422014712688,-0.4133410093098189
232,0.00047911314996194974,1.3721805888601626,-0.4120782967410763
233,0.0004053519054657991,1.3531492353983503,-0.4108179757354591
234,0.0006473064543787896,1.3347748010490728,-0.409555198730138
235,0.0009374429485655977,1.3221215258634613,-0.4082869329948806
236,0.001000232256000955,1.3189807634290078,-0.40701298047637713
237,0.0008290439927670168,1.3229276755955452,-0.4057358903549979
238,0.0006421364890479737,1.3304478008787215,-0.4044598575569003
239,0.0006318328876760157,1.3448837778471385,-0.4031890719398523
240,0.0006883027252917191,1.3571655074299174,-0.4019261615313119
241,0.0005730905450831523,1.356187798549934,-0.4006713025001807
242,0.0004696763201641578,1.3450099619906064,-0.39942228846007244
243,0.0006139772474729661,1.3302980327973177,-0.39817547863602787
244,0.000828593073331428,1.319223850099215,-0.396927222440556
245,0.0009647539242715053,1.3144597899943595,-0.39567520454930794
246,0.0009701105802657978,1.3148966198266945,-0.39441921696806315
247,0.0009146883194847523,1.3197805543721999,-0.3931611067574572
248,0.0009089154501594823,1.3265041254234644,-0.39190396916078996
249,0.000899150931735101,1.3319548996226698,-0.3906509312606501
250,0.0008425113724554491,1.333840738124123,-0.38940400140283327
251,0.0007501015915783089,1.3309310931570244,-0.3881634049434166
252,0.0006627401738530775,1.3236049096316527,-0.3869145028239387
253,0.0005367968796163398,1.314451790492896,-0.38564924126829503
254,0.0005175504762120532,1.3064029573986504,-0.384390364435627
255,0.0007564268802293184,1.3012087871794873,-0.38314845391832164
0,0.001022670095317038,1.2995598083602422,-0.3819139534293695
1,0.0011510703567922543,1.3006489524009828,-0.3806820143111245
2,0.001098264330684333,1.3031107338376553,-0.379451853380395
3,0.0008765949440002517,1.3052365300686977,-0.3782250827243331
4,0.0007550999012145439,1.3036093208811272,-0.37700369762892616
5,0.0007844708265240695,1.2987038526975994,-0.37578844145469104
6,0.0007782785157636957,1.295175060349003,-0.3745780589371184
7,0.0007363928764668585,1.2924963921553374,-0.37336958403704035
8,0.0006299901381157044,1.2887398897242375,-0.37215942218386044
9,0.0006156049949746498,1.285051741561111,-0.370944718391358
10,0.0007632630857924709,1.2824145284235189,-0.369724440747351
11,0.0008051623243779402,1.2761753110792742,-0.3684997611377496
12,0.0007474640233829074,1.2682788404150154,-0.3672736110992193
13,0.0007217989025021607,1.2700839903297076,-0.3660496113626691
14,0.0007860239841461117,1.2764700041984662,-0.36483079884731917
15,0.0008626831360948912,1.277394702057356,-0.363618627518426
16,0.0007538214898282565,1.2743759610465548,-0.36241259163150397
17,0.0006526217249089173,1.2707349402905712,-0.36121057075509444
18,0.0007075559375705385,1.267980947720988,-0.3600097257418994
19,0.0007833033389551465,1.264479622849044,-0.3588075849040496
20,0.0009389086678205324,1.260447304485158,-0.3576029146151426
21,0.0011308152839634893,1.2593627211818745,-0.3563960752422938
22,0.0012264415649677913,1.259372169558909,-0.3551887718704011
23,0.0011629252812559972,1.2571000288659469,-0.35398333590729436
24,0.0010215282680481634,1.2536598654971383,-0.3527818338754424
25,0.001025465915874291,1.2509016184507495,-0.35158533980507767
26,0.002754319511710907,1.2494803289599714,-0.3503936220866174
27,0.005083911155559725,1.2491069005854833,-0.3492053253519416
28,0.003955280687277153,1.248989568559967,-0.34801854214997996
29,0.0012449691395341154,1.2482099792887764,-0.34683153663236554
30,0.0004665541138962753,1.246076824080761,-0.345643347248514
31,0.001052905960815611,1.2408557934716784,-0.34445406245440946
32,0.003252667901506908,1.2322998528038438,-0.3432646990019971
33,0.005646239883424114,1.2260830081903324,-0.3420767614207231
34,0.0044988501570544966,1.2255880153961525,-0.3408916685741833
35,0.001655094368569211,1.2270071896464358,-0.3397102633671004
36,0.00040746789331455157,1.2276462993079567,-0.33853257142055115
37,0.00035540976962558993,1.227908418635438,-0.33735786975982085
38,0.0007651489392695755,1.2282006950108633,-0.3361718935802285
39,0.001187605405174848,1.2279974369514357,-0.33496804920152934
40,0.0013401558373825036,1.2263872001009366,-0.33377099183143066
41,0.0012592269114347692,1.2162216430161363,-0.33259290320210266
42,0.0010562600581503381,1.2011757769490412,-0.3314249286609209
43,0.0009155426148697472,1.1990693660568943,-0.3302487058040232
44,0.0007913840681844282,1.2033898482195777,-0.32905673280716585
45,0.0005786734873392549,1.2006297351818427,-0.32787443707305053
46,0.0005752492723915164,1.1961586821328942,-0.32671485996521665
47,0.0008312928857694404,1.1970623189237712,-0.32556893991493807
48,0.0026541037543145315,1.2012151742756436,-0.3244297555947442
49,0.005095605551653979,1.203268913114862,-0.32329249474403265
50,0.004275949439137147,1.203687330794879,-0.32215424267224124
51,0.003508023803119157,1.202126958858952,-0.3210136372901926
52,0.006626529803262594,1.1973032316328878,-0.3198704471070499
53,0.008184745526089892,1.1910995631567727,-0.3187251391296021
54,0.006630670668123277,1.1859041865201556,-0.317578501263731
55,0.007231939464172731,1.1832731454633323,-0.31643136460073873
56,0.009640639080681721,1.1816982442040507,-0.3152844406731701
57,0.010846438162762376,1.1810670662497191,-0.3141382588031967
58,0.010959440461354462,1.183732201645197,-0.31299316981065417
59,0.010858947665191639,1.1866018993180876,-0.3118362628562551
60,0.009229338335137862,1.1839529383817204,-0.31066217752213976
61,0.005120715350037493,1.1770275152731453,-0.3094963257661556
62,0.0017544164959471323,1.1715632175320483,-0.30835099171806557
63,0.0025988784499616988,1.1679165621141196,-0.3072168273637491
64,0.005266168414232424,1.1645836874338515,-0.3060877581505128
65,0.006138601940582161,1.162899918062835,-0.3049478130280161
66,0.007220538502655069,1.1634025778674482,-0.30379108644868313
67,0.008771782538648038,1.1651715290320448,-0.3026436970363485
68,0.0075746230160951,1.1668912300804286,-0.3015186347421559
69,0.005490258478251572,1.167265591831716,-0.30040639076141873
70,0.007186851677730595,1.1402527002730345,-0.29929960265242084
71,0.009073343334429003,1.0262024481180307,-0.29819334671629705
72,0.006570865748885921,0.8071555500631367,-0.29708507312991184
73,0.0031768227508591,0.5413719766335179,-0.295974195667436
74,0.0015630531337075138,0.2853375196699548,-0.2948614297115152
75,0.0008497609453118615,0.04579928123309607,-0.2937480403413044
76,0.00020005968549646064,-0.18841789276079746,-0.29263518424038226
77,-0.0003923565351113649,-0.4179259914072664,-0.2915234936235894
78,-0.0006551264499999425,-0.632037794573582,-0.29041296892263435
79,-0.0005544536201431503,-0.7948432370943523,-0.2893031484285321
80,-0.000042252347654318095,-0.8741564135988455,-0.28819344180964934
81,0.0008708597724873049,-0.8916318505887335,-0.28708347710078763
82,0.0017716895136436553,-0.8860042992167463,-0.2859733267891471
83,0.0022040155174581667,-0.8715988201110259,-0.28486353814250187
84,0.0021456910626298092,-0.8501958910104641,-0.28375497192635046
85,0.003243038867994546,-0.8250972632731661,-0.28264852308884103
86,0.004786714227714537,-0.8036683375758327,-0.2815448336837898
87,0.004904842143933967,-0.7933063154074536,-0.28044410243587004
88,0.006130088595464933,-0.7972651191522584,-0.2793460530205629
89,0.008401585006961048,-0.8131259051056632,-0.2782369458134133
90,0.009678075982265798,-0.8339877652543328,-0.2771105862626143
91,0.008925357429518263,-0.8513524881307966,-0.27599176699408046
92,0.0073721973045985725,-0.8583999566588334,-0.2748925218970436
93,0.0070896170701422595,-0.8524406931746564,-0.2738036474632324
94,0.005570763407339911,-0.8357160900095391,-0.27271949577010024
95,0.00292743181988684,-0.8143416350836454,-0.2716377166276046
96,0.002964125842908217,-0.795868799038248,-0.2705582304700175
97,0.0060266586144915,-0.7682110330859664,-0.2694818558872615
98,0.008490358531246817,-0.7039031521481589,-0.2684090700082069
99,0.00716844332921775,-0.5925994988129397,-0.26733928381129557
100,0.0030648453071814505,-0.4393827746087786,-0.2662708007538992
101,0.0005552787957274624,-0.2532570818223565,-0.2652013721081492
102,0.0012647752962961362,-0.033099238771863604,-0.26412905605869197
103,0.002937550972408165,0.228820123821468,-0.26305300051966063
104,0.003726638355973016,0.5235081323352695,-0.2619738264610454
105,0.002986010495053107,0.8226150836316448,-0.26089346090011556
106,0.0012049951382785522,1.0651099169102918,-0.259814487510986
107,-0.0006081037135003825,1.192375315651606,-0.2587392651429442
108,-0.0018200347113958987,1.2260305743432678,-0.25766914489329085
109,-0.002042405194946341,1.2263678002063187,-0.2566040696240274
110,0.0005341252459262896,1.217607567181879,-0.25554268898316645
111,0.00620316372023463,1.2005499302983984,-0.25448292878458867
112,0.009187585960412456,1.1756680076040107,-0.25342278959650844
113,0.006672805577428949,1.147836055894429,-0.25236107497034566
114,0.0051672455008926685,1.1257383161948602,-0.2512977886556248
115,0.007995889377442174,1.116648826353884,-0.25023407277195586
116,0.008792902879800358,1.123222469484935,-0.24917173241414936
117,0.0060030904535123865,1.1422358050072332,-0.24811254098977664
118,0.005649376784442621,1.1669170571296092,-0.24705759103925518
119,0.0076591146684113305,1.1865554232888966,-0.24600692554874404
120,0.007266012874132569,1.1921707793327134,-0.24495957059105156
121,0.005679026366700462,1.181048386595359,-0.24391393733771072
122,0.005905863360489906,1.1577878222563855,-0.2428684282230883
123,0.0069700236417276,1.1323170677146113,-0.2418220160344654
124,0.009234516043418566,1.1125335242132572,-0.24077458643423943
125,0.011340182946117237,1.1053379846628943,-0.23972693157530778
126,0.00943579599460962,1.1100138836818547,-0.23868041553996344
127,0.003935844423365597,1.12086470208486,-0.2376364505127999
128,-0.0003183457487289029,1.137110330264726,-0.23659598382947722
129,-0.0009344624118140243,1.1545104639219836,-0.23555918117375274
130,0.000051589686452649386,1.1627649317849724,-0.23452540972409497
131,0.0009993999319546556,1.1519791176969236,-0.23349351045328515
132,0.0031773619240718694,1.1267463348948872,-0.23246224469673926
133,0.005684635888196329,1.1069479298802194,-0.23143074377222272
134,0.006275915035478112,1.0985457028770886,-0.23039879933309093
135,0.005718775764733415,1.0951395636444783,-0.22936689927875353
136,0.0033863708948321733,1.0970685238699134,-0.22833601154297767
137,0.0008472678738198555,1.1059771325059797,-0.2273072087378606
138,0.0020113666485035986,1.119000921125254,-0.22628127813764198
139,0.004836545825856579,1.1307556913187464,-0.22525845772470732
140,0.004313491946302797,1.136218105759883,-0.22423838486932812
141,0.0017974199398554068,1.1326959107525338,-0.22322026242742077
142,0.002267381858174884,1.1194764382863864,-0.22220316898531112
143,0.004579784971233708,1.101461184539704,-0.22118639329391
144,0.003782369611031764,1.0878544684320581,-0.22016967231204565
145,0.0010413709988741585,1.079565004866275,-0.21915325475125425
146,-0.00003517720125372978,1.076399688220036,-0.21813777936848344
147,0.0020545222296127486,1.08270046716875,-0.21712402376892903
148,0.005201206257406457,1.0949770255152154,-0.2161126214277359
149,0.004673693614545322,1.1055276652853285,-0.2151038488710303
150,0.00209832946829998,1.1101613632785727,-0.21409755285849918
151,0.0009620353102571966,1.1076929657959869,-0.21309323310377315
152,0.00248240677432246,1.099186771630749,-0.2120902402841508
153,0.004883632237656619,1.0872174378310948,-0.21108801177347536
154,0.0038725748815067167,1.0738314236861228,-0.2100731434946247
155,0.001066154187646072,1.0617614573034198,-0.20904024371901597
156,-0.000035451127323098824,1.0577361786911066,-0.20801507356786275
157,0.001985384117927938,1.0623770937121257,-0.20701046554903746
158,0.006808919819537417,1.0697128998202907,-0.20601759153200228
159,0.008741347802146412,1.07771802072059,-0.205030663629016
160,0.006790340708109497,1.0833868978826042,-0.20404676378722442
161,0.006881769444792381,1.07816982049654,-0.203065040253683
162,0.009020703391714811,1.065097565290503,-0.20208560950316679
163,0.008618017475350848,1.058914752366717,-0.20110854667174616
164,0.004905573080726238,1.0579009088194367,-0.20013327400110192
165,0.0018005881053646325,1.0058219202419885,-0.19915848753524734
166,0.00122178925676944,0.7036614731806967,-0.19818255716306876
167,0.0014326453114306484,0.05934524890518089,-0.19720416723489675
168,0.001372383748170409,-0.5696925760347562,-0.19622289342725452
169,0.0009778329054127913,-0.8353632082950209,-0.19523945844192114
170,0.0019419155006213107,-0.8475838324812432,-0.19425555131405003
171,0.005254690125102809,-0.8509832576279117,-0.19327327484738877
172,0.008173683237459602,-0.9255808243206731,-0.19229443335913
173,0.007621749467379903,-1.0296862515435299,-0.19131993302285227
174,0.004062748598037513,-1.0992818269587632,-0.19034951966026709
175,0.0015309678059354376,-1.0993313771219557,-0.18938194577292145
176,0.0017462447800958153,-1.0321363986701562,-0.1884154936349104
177,0.004285670341471419,-0.927260610090552,-0.18744864852700877
178,0.008304944854925098,-0.826096501138636,-0.18648066551906572
179,0.010400615141120118,-0.765848778502445,-0.18551182154943618
180,0.00793395760801377,-0.7664677599552443,-0.18454327024212286
181,0.0040688679071693434,-0.824290905773629,-0.1835765696845975
182,0.004491008909886796,-0.9145070091418317,-0.1826130743295189
183,0.007827082349143723,-1.0013567665262944,-0.18165342644513177
184,0.008562458588574129,-1.052000375713523,-0.1806973360566902
185,0.007468813941417102,-1.0486785446700457,-0.17974372190705828
186,0.007405132664013839,-0.9946539146115592,-0.1787911465391011
187,0.007594397542702358,-0.9119813046082612,-0.17783836975531092
188,0.007121311573579113,-0.832334765780602,-0.17688480663927547
189,0.005950597807175259,-0.7846771406627739,-0.1759307208498812
190,0.006149385686765714,-0.7845603026452701,-0.17497709061774658
191,0.007356771444683184,-0.828992201517782,-0.17402521117356828
192,0.00764894799211881,-0.8985146233164438,-0.17307619440339478
193,0.00649463060889012,-0.9653402441457914,-0.1721305586172407
194,0.0038653770666809,-1.0041792160442808,-0.1711880592385558
195,0.0024366669920378725,-1.0015514562766543,-0.17024781389338128
196,0.002972054052894718,-0.9601736175096209,-0.16930866186248067
197,0.0035511362608057484,-0.8970444482317179,-0.16836961210015283
198,0.003041306077047959,-0.8362949306497545,-0.16743020716570783
199,0.0013770361410027632,-0.7997767569823513,-0.16649066978064353
200,-0.0006925105261218201,-0.7990445635751924,-0.1655517869259549
201,-0.0005377581728696623,-0.8316551100962482,-0.16461458746480612
202,0.0015637929764645633,-0.882916388952883,-0.16367994432765043
203,0.003178190569864528,-0.9321072135059918,-0.1627482546078048
204,0.004602814717073259,-0.9605684246940314,-0.16181931408291583
205,0.004651313885894563,-0.9585219711178263,-0.16089242366138162
206,0.0038022259009415776,-0.9281448664322705,-0.1599666761439436
207,0.003664373119124653,-0.8819846573724779,-0.15904130628344348
208,0.0049373106233531645,-0.8376086733385808,-0.15811596930319938
209,0.007618949813652118,-0.8107347056490415,-0.1571908470580709
210,0.008706362689167642,-0.8095133334000022,-0.15626655107397996
211,0.00598681308548106,-0.8320226110962894,-0.15534386982055903
212,0.00105478567252449,-0.867691686557384,-0.15442346368374837
213,0.000053870428039330676,-0.9018470202114659,-0.15350562502904774
214,0.003586678136726265,-0.9214599212239425,-0.15259018972962046
215,0.006814058348340146,-0.9198599362507198,-0.15167662473454174
216,0.010124839626226345,-0.8987280669540185,-0.15076424862276372
217,0.011071728620653105,-0.8668282613473584,-0.14985249455063732
218,0.006731037102809825,-0.8361999980128503,-0.14894111444802377
219,0.0032026990937091097,-0.8174324923094058,-0.1480302514358513
220,0.0045247088598913375,-0.8158599756657359,-0.14712036141775386
221,0.005256544008576437,-0.8300261712828747,-0.1462120226621308
222,0.0021658760011957455,-0.8528051385294795,-0.14530571185040347
223,-0.00045224870591325725,-0.8745358042841684,-0.14440163272079953
224,-0.00004585855446803677,-0.8868245510234325,-0.14349965810308662
225,0.001795749828312175,-0.8855342788019511,-0.1425993995387541
226,0.003160022380792965,-0.8719141114091591,-0.14168725301248114
227,0.003200170441569665,-0.8516175696655011,-0.14075736131448224
228,0.0021245405306002125,-0.832175841843561,-0.1398349447802677
229,0.0004753047731073743,-0.8200225561243681,-0.13893241545016144
230,-0.0010382722754312766,-0.8182308673935776,-0.1380276598103779
231,-0.0017114254803101913,-0.8257405054891345,-0.13710954270560344
232,-0.001497702250629473,-0.8381276212687985,-0.13620085479270388
233,0.0010053027351583444,-0.849714063555892,-0.13531344409460638
234,0.004658021314217412,-0.8560483803277419,-0.13443843645804465
235,0.0048274093269409695,-0.8551153569407743,-0.13356999188409174
236,0.002847965243285226,-0.8475558485224184,-0.13270457598182112
237,0.003575328432227491,-0.8364114528110149,-0.13184010270570012
238,0.00547566923101186,-0.8257374760514784,-0.13097521284427643
239,0.0055279606227126,-0.8187882229176999,-0.13010884663513245
240,0.006214737489796928,-0.8169023728960809,-0.12924013829490594
241,0.006074520321123631,-0.8193304548021048,-0.1283685434095354
242,0.002576184134764962,-0.8238835911566089,-0.12749404143320825
243,0.0016045320637729649,-0.8280189674728919,-0.12661725271328067
244,0.006046822700811109,-0.8298714209299245,-0.12573936731396507
245,0.008933320084772219,-0.8288311054916442,-0.12486187561988965
246,0.00787057616979473,-0.8255088363356191,-0.12398618099856973
247,0.006540633719982171,-0.8212090566435588,-0.1231132286385846
248,0.004121906403053138,-0.8172221141931102,-0.12224328333907092
249,0.001205101387251363,-0.8142788666681415,-0.12137593499954696
250,0.0015355287510489639,-0.8123857461657442,-0.1205103265169879
251,0.0035901832975913546,-0.8110502489312486,-0.11964551761392483
252,0.0027256457577964086,-0.8097186125438771,-0.11878085056725596
253,0.0004010649526782588,-0.8081642916273424,-0.11791618715867058
254,-0.00009307776072292953,-0.806617913303235,-0.11705193768993738
255,0.0006008377319106882,-0.8055819978610312,-0.11618888189159182
0,0.0028702237256092514,-0.8054470154445856,-0.11532785797811568
1,0.005363712893385015,-0.8061333746412727,-0.11446944161662198
2,0.005762322675595883,-0.8069748159930268,-0.11361373508863837
3,0.00517585623311817,-0.8069377902177619,-0.11276034103390414
4,0.004641838017711231,-0.8050977554730454,-0.11190852358748254
5,0.00450000757752593,-0.8011514374417958,-0.11105748985538977
6,0.003246797178686412,-0.7774866571389012,-0.11020668252258403
7,0.0014749373187024281,-0.6872280419509165,-0.10935597454455437
8,0.0027634192064383487,-0.521842332807654,-0.10850569762855156
9,0.005364186014212319,-0.3445291611275829,-0.10765650057092235
10,0.004501445217453007,-0.19632351983036256,-0.10680909671122035
11,0.0014957880202177282,-0.06017060532739915,-0.1059639984156433
12,0.0014188227145433413,0.08242741720314295,-0.10512133715420613
13,0.0035135118480454745,0.23514500813442374,-0.10428083182653686
14,0.003051497308305437,0.39622195493023393,-0.10344191043476031
15,0.0009393528609605711,0.5556507004419244,-0.10260393335765683
16,0.00021278545430984674,0.7022738498752918,-0.10176643128694862
17,0.002205275296679691,0.8333624057595048,-0.10092926945014691
18,0.00505835202322346,0.9464617019325732,-0.10009268108870245
19,0.004240654980792277,1.0368717174004511,-0.09925716402215579
20,0.0014449108733270467,1.1044588632406467,-0.09842328496644209
21,0.00011036676305221232,1.144763332523838,-0.09759146811024066
22,0.0015174437113289196,1.1602064527183744,-0.09676184640394964
23,0.004040014745554356,1.171666428513988,-0.09593422708006741
24,0.005032008226062659,1.1903329340822477,-0.09510817832258259
25,0.00506806261467934,1.2094181095254877,-0.09428319904992435
26,0.003390093582709617,1.2199024711871473,-0.09345890519429265
27,0.0011968141640123862,1.2170327240021965,-0.0926351633377624
28,0.0007630665058503891,1.199979007923646,-0.09181212557134522
29,0.0010596286228655265,1.174985005045254,-0.09099015818299572
30,0.0009224204177975849,1.153564367009246,-0.09015657935799629
31,0.0020139302431343847,1.1395239247457356,-0.08930627098346589
32,0.003955414211003204,1.1350000620729084,-0.08846474889338729
33,0.004401913535377697,1.1446213918886516,-0.08764419728397785
34,0.0041953627724798034,1.161676852660952,-0.08683498679813967
35,0.002760686537240868,1.1768596398334732,-0.08603066406913187
36,0.0027402608239604706,1.1879707769309862,-0.0852280053816924
37,0.005239433103627244,1.188723906870607,-0.08442629851635444
38,0.006652216102890398,1.1765508023131521,-0.08362617019958427
39,0.006689176643995976,1.1592958544722678,-0.08282837785183855
40,0.004277981453009387,1.142156489480886,-0.08203295169090694
41,0.0007887817372546103,1.1286124639094717,-0.08123891562434957
42,0.0009444341767865967,1.1234528043134535,-0.08044459048439642
43,0.005093852567265505,1.1265488051993207,-0.07964827340521125
44,0.007158024930328199,1.1360934960189333,-0.07884896738520883
45,0.004110275034383763,1.1490364836437914,-0.07804684418142391
46,0.0009444267276877277,1.1590440475364279,-0.07724325103752222
47,0.002339803530430229,1.1628217316479006,-0.07644026307520341
48,0.005695531369944367,1.1577941646313947,-0.07563996278289298
49,0.006784605290013722,1.144012552259725,-0.07484372850085491
50,0.007698635756520774,1.1273844715485235,-0.07405180089297572
51,0.008982818797247176,1.1140735049047366,-0.07326328069873256
52,0.008979836066318896,1.108255197825816,-0.07247654161604974
53,0.008730169740882969,1.1106368552627899,-0.07168988609805754
54,0.009046641302888625,1.1188817003736822,-0.07090218813202445
55,0.009796639291887496,1.1227884384805211,-0.07011328404884357
56,0.010574672230893215,1.116618973581803,-0.06932397886689143
57,0.011124247322776372,1.1104860894687296,-0.06853568703391913
58,0.01133304137736158,1.1112626418766887,-0.06774986300646174
59,0.00938488435372913,1.112612879916759,-0.0669674479072691
60,0.006183260804485479,1.1057173704395438,-0.06618854016558914
61,0.004589540412963669,1.0946312436301704,-0.06541240210626806
62,0.00412005429672806,1.0879297612987955,-0.06463778141839235
63,0.005592005361954238,1.0881777095348668,-0.06386340868046522
64,0.00815887108746063,1.0952854133283996,-0.06308847337810058
65,0.009527804329210268,1.105965884451848,-0.062312900192582565
66,0.010033922960218038,1.1154302842839274,-0.061537332980316106
67,0.010300409356898455,1.119520456123896,-0.06076284964369874
68,0.010597558040329535,1.1162676309693231,-0.059990531328745544
69,0.010662424826920036,1.106467504817482,-0.05920794023714554
70,0.010461742629362527,1.0916600379335053,-0.05840966491920874
71,0.010188011144805668,1.0770352934810714,-0.05762053224012237
72,0.009817997003596625,1.0702331448821285,-0.05685192623016694
73,0.00943466078109037,1.0711267872466093,-0.05609361686599171
74,0.00917395339131101,1.0758790942476888,-0.055338966504567655
75,0.009179806002163046,1.083105071450004,-0.05458502917751487
76,0.00950762919457104,1.090394186341932,-0.05383169924765738
77,0.009870722357371804,1.0942592987784914,-0.05308028815990329
78,0.010170555831761258,1.0911058717005426,-0.05233205076071609
79,0.010349105816564851,1.0822089009405005,-0.05158714958222407
80,0.010230687614773158,1.0733507681014784,-0.05084434825322712
81,0.009889587293617805,1.063824888915141,-0.050101438915854446
82,0.00949728811389823,1.0542873674426039,-0.04935614048648804
83,0.009212980838890432,1.0513825198193762,-0.048607052025657654
84,0.009128360609791698,1.0548203490660848,-0.04785425825527967
85,0.009331331476771485,1.0554148092178286,-0.047099348229944424
86,0.009706577352547017,1.053705941864708,-0.04634485290784268
87,0.010020188622538503,1.060010803438407,-0.045593335499424945
88,0.01020027469948476,1.0662005587851429,-0.04484649417527167
89,0.010144556891535358,1.0609704318595927,-0.04410461741023511
90,0.00990935288530221,1.0513662457616029,-0.04336658297107242
91,0.009748080322117512,1.044845018687524,-0.042630376151493427
92,0.00965647897836297,1.0388515618523932,-0.04189390711530487
93,0.00946232267582546,1.0333285479713812,-0.04115580496400746
94,0.009280417128982532,1.033955869400213,-0.040415891716295255
95,0.00928318791333831,1.0395696755503887,-0.0396751764218308
96,0.009330970236177918,1.0451039775267086,-0.038935399964028936
97,0.009441427826600334,1.048308461294365,-0.03819832947473992
98,0.009613221179226125,1.048277900533276,-0.03746508472383184
99,0.009658589982889555,1.045042698550179,-0.036735750144978055
100,0.00958131811594301,1.03925270000516,-0.036009402709136926
101,0.009369968439244002,1.0321014968415865,-0.03528452013432842
102,0.009217502820716109,1.0254751141382537,-0.03455959138505227
103,0.009320756272368648,1.0209238042240862,-0.03383368529205247
104,0.009402172828864262,1.018950216002449,-0.033106764059185764
105,0.009278073144917753,1.018007064287736,-0.03237963865801784
106,0.009153008407676494,1.018169584810685,-0.031653605907158364
107,0.00922674927360457,1.021618664119047,-0.03092992566297366
108,0.009451433885072871,1.0252852277233795,-0.030209347200098713
109,0.00959360502816408,1.0249127788161747,-0.029491861456400634
110,0.009485855097075595,1.0205207570379016,-0.028776757961411117
111,0.009206470578887814,1.0125590248712104,-0.028062943793554493
112,0.00901023969208161,1.0040368898943455,-0.027349384838169885
113,0.008997055144285518,0.9985254111695725,-0.026635492605535077
114,0.009138878902109737,0.9962185933250125,-0.025921313088302464
115,0.009377251049237607,0.9929957710304107,-0.022282430315421056
116,0.009513257563987122,0.9894348410285279,-0.014502357105407968
117,0.009473449992815842,0.9944713159032976,-0.008243390242514054
118,0.009371232286022272,1.0026742773847608,-0.006249719343598262
119,0.009300465595003658,1.0038827263730772,-0.006443022799196792
120,0.009212641072160157,1.0001729393999592,-0.007467739251739769
121,0.009062905908909749,0.9951209187190435,-0.00867201078464776
122,0.009070181242606709,0.9886450800251554,-0.00992437430670011
123,0.009234269076533186,0.9808840950589981,-0.011344911095397592
124,0.00931476564489657,0.9771042925445297,-0.013032797230750237
125,0.00927058740895757,0.9794858901997858,-0.014918577142423027
126,0.009146366150329968,0.9828023986002039,-0.01675155567899418
127,0.009083814230427424,0.98366324074818,-0.01814377168330758
128,0.009007975217484773,0.9828304984624667,-0.01872016921023882
129,0.008879660161856257,0.9812137100745155,-0.018298571573949665
130,0.008870685070603998,0.9774633652999984,-0.016974183424197375
131,0.008972772061507622,0.9724132819211491,-0.015098046088174328
132,0.009193867688504949,0.9700794109557709,-0.013158433806817265
133,0.009417266109996311,0.9692620781546633,-0.011612046333964662
134,0.009476631251368377,0.9672251100724085,-0.010729947413873921
135,0.009397980750754029,0.9647636371041308,-0.010515598983672908
136,0.009166975121688351,0.9631480702746229,-0.010723119976284105
137,0.008889357034309469,0.9625694826842248,-0.010965128948198996
138,0.008735862141130295,0.9606629962112985,-0.010604016095736232
139,0.00870332059913492,0.9577990009567969,-0.007707483080851764
140,0.00875545255898235,0.9577579107277776,0.0010650151805399743
141,0.008775830689146058,0.9585064736091282,0.018225864189477275
142,0.00885282228311253,0.9563831265407958,0.044801093009009973
143,0.009101258203683564,0.9523325012902433,0.08113949291073008
144,0.009282354448311336,0.9482673898359217,0.12870389862663623
145,0.009172974984258214,0.9385923883758389,0.20586184869793991
146,0.008824074566116398,0.9271598730069237,0.3215016702079355
147,0.008508565723542923,0.9285017423796829,0.4346214292518106
148,0.008374642791035506,0.9348353248615262,0.5072524513527678
149,0.008447837726727879,0.9353236007365173,0.5441080940394367
150,0.008622319877480078,0.9344627097885367,0.5626720603429418
151,0.008661960127563803,0.9336343445356627,0.5745494117626739
152,0.00870469008105549,0.9295706860718265,0.5850201443412715
153,0.008923919790266306,0.9257296181765255,0.5954927808026538
154,0.00902079281260177,0.9247191526562011,0.6050738144854666
155,0.00889585164442689,0.9235361879599129,0.6125109432423759
156,0.008828216786264748,0.9236042621579532,0.6183735604600509
157,0.008746738693940753,0.9247897393139124,0.6256424753661385
158,0.008501322696257797,0.9232176581325295,0.6375117230259579
159,0.008385845811489857,0.9200181682366759,0.6562541341238486
160,0.008490147400073145,0.9194829112858924,0.6831034552674251
161,0.008613037306062839,0.9184226272013429,0.716497232893035
162,0.008781899540108454,0.9129172355925257,0.7521766411115669
163,0.008947356043118502,0.9084435401604307,0.7846679117997573
164,0.008902263449096948,0.9085174566539376,0.8090943392433791
165,0.00864400197494736,0.909226010802112,0.8235964233805206
166,0.008394059243629286,0.9080998411858765,0.830072576664812
167,0.008355800230131334,0.9062066830551987,0.8323194540201326
168,0.008425113509774738,0.904888632667777,0.8338201337039688
169,0.0083549497749008,0.904618409245852,0.8374198140004641
170,0.008224866975008526,0.9047500826299557,0.8447235422422463
171,0.008289201361619848,0.9041644721594255,0.854459186532504
172,0.008470415986671018,0.9021252051717492,0.8633517222088347
173,0.008573950118445816,0.898780226444226,0.8683903249926148
174,0.00867442735352458,0.893354504322482,0.8703233429053112
175,0.00867848807192206,0.8825847367643882,0.8903181567543688
176,0.008533511058261861,0.8735814587991961,0.9424315197719011
177,0.008497452740386914,0.8770646266934019,0.9918038252278021
178,0.008552515164937026,0.8847015601709152,1.0057840477801787
179,0.008481232650182604,0.8866708458204733,0.9918730398466815
180,0.008356655319441048,0.8834487800167898,0.9671723248563668
181,0.008339438898260717,0.8774273924243765,0.9400272418583433
182,0.008310461696488785,0.872750089376436,0.9112577410458256
183,0.008243395419969206,0.8724049786637962,0.878521952604904
184,0.008218732472765975,0.8749701018600038,0.8392623582192074
185,0.008191168278062665,0.8756503523139325,0.793154202705092
186,0.008127893437537129,0.871532913273076,0.744275484491727
187,0.008121908742952395,0.8644488353417477,0.7000764877838759
188,0.008161489829448972,0.8591667443341526,0.6672405024733499
189,0.008073233165962073,0.8575004946500568,0.6497828125564751
190,0.00803450794727736,0.8589373808617573,0.6476839949226258
191,0.00815928438734053,0.8608459299504632,0.6554912458944013
192,0.008278008575899921,0.8586877400175128,0.6651571478861587
193,0.008345704973369561,0.8556022165917159,0.6698559792766181
194,0.00836066842858622,0.8542122063367543,0.6652072067473622
195,0.00832702779243047,0.8521856578534024,0.6502811652504852
196,0.008254748075083064,0.8512631774139394,0.6286060777686473
197,0.008164756291870953,0.8497379383437251,0.6063445962082255
198,0.008002671379204403,0.8467686817164073,0.5892687730837436
199,0.00792013925290301,0.8453713351864569,0.5811975654990817
200,0.008004557443537931,0.8449695115189031,0.5827747772482472
201,0.008090848322382608,0.8443880174109428,0.5907109838456734
202,0.00814980392770626,0.8430283029372148,0.5997236146408118
203,0.008186774746907533,0.8407301847171555,0.6053180489994887
204,0.008280846385974146,0.837624185466479,0.6080488897571377
205,0.008379874570597773,0.8294026670545867,0.6300043953537395
206,0.008364707790392348,0.8128900361517051,0.6970885180089703
207,0.008287845063057794,0.805654591189445,0.7804683950195923
208,0.008217022442851718,0.8178908140617112,0.8259671917451741
209,0.008184878321418326,0.8304871648208092,0.8272360245682189
210,0.008111545679802285,0.8306523955351532,0.8075933112600371
211,0.007945357593724195,0.8249352380950854,0.7809232603939544
212,0.007830627248113821,0.8227233092820598,0.7499972967132442
213,0.007911345017590336,0.8240785071939158,0.7121488460679779
214,0.008044336504353006,0.8249549656101216,0.6641333987396898
215,0.007964286993487672,0.8243041149268966,0.6064176522583318
216,0.0078393190462792,0.8226079036448457,0.5451436961762954
217,0.00782625533245946,0.8204426668443623,0.4903455217040411
218,0.007814401495213636,0.8179250348811893,0.4521014607139695
219,0.007808533189777211,0.8153791146191502,0.4368350955602842
220,0.007749570489863463,0.8130306059788639,0.44463162083421337
221,0.007679924465894883,0.8107917791554051,0.4687701296789295
222,0.007696352767694148,0.8089767930655238,0.4984742862254343
223,0.007816039602306969,0.8061800764920335,0.523293383355923
224,0.007932336320794802,0.8013931728635253,0.5363470755422335
225,0.007912422935085529,0.7990642387421678,0.5355893027110246
226,0.00781738360893685,0.7994240894469025,0.5240376314122073
227,0.00772721807805286,0.7985271803729397,0.5091193412970785
228,0.0077655242343480195,0.7978073171369409,0.49936882614107403
229,0.007811524071418368,0.797192973114325,0.5004827674403278
230,0.00769216584907248,0.7952220490650057,0.5136963834740151
231,0.007585682404117708,0.7914048247127003,0.535343192073483
232,0.007676191647215867,0.7860450696982957,0.5584726304183194
233,0.007910429580406095,0.7840498419756816,0.5760995240626452
234,0.007968181640773852,0.7820963513531165,0.5914153322919473
235,0.007804430503224723,0.7708046052892752,0.621923936973932
236,0.007655826106664092,0.7628310600900654,0.6679454259585342
237,0.007499773495603303,0.770951807198498,0.7020210589900742
238,0.007367891995311036,0.7803465007578365,0.7106677094896776
239,0.0073586096951359925,0.7785517022247559,0.7058866521028648
240,0.007496376814106864,0.7718925831572792,0.7008313048417172
241,0.007752233870828473,0.7697950172895229,0.6991808404840913
242,0.006279425369201931,0.7721416532620191,0.6972835937889763
243,0.0038803315337315007,0.774610493713412,0.6894688249256382
244,0.004627099521062966,0.7758995152124721,0.672486113142305
245,0.006989802411201732,0.7756494602584283,0.6468025390630834
246,0.00778501604155026,0.7736959531467482,0.6168570158621469
247,0.0073962685001690304,0.7703852777424272,0.5905578696345453
248,0.006878560606919711,0.7664713379969093,0.5755234102696005
249,0.006790051681576158,0.7626200373588861,0.5758576695012267
250,0.007055519565990709,0.7578586286624662,0.5909689842737635
251,0.007431899830158104,0.7520421809307485,0.6150578463937322
252,0.00780592426505437,0.7501919137001165,0.6399283147334867
253,0.008026748096615629,0.7525411383469833,0.6587155729584564
254,0.007869562363628745,0.7525133682514122,0.6670574052651026
255,0.0074694332778383905,0.7511649837734267,0.6640356767281794
0,0.007097965547424742,0.7520137933023001,0.652862284675159
1,0.006932162433209524,0.751866765041936,0.6393215596271542
2,0.006964900587924098,0.7488534842920791,0.6294644315424669
3,0.006998969318640785,0.74516510832238,0.627777554249622
4,0.007077379140480768,0.742694814517799,0.6350100247346253
5,0.0072837763859381795,0.7403494990998092,0.6474427183572209
6,0.007577457310215554,0.7367012799592056,0.6596438479443496
7,0.00778587799983985,0.7340331915749345,0.6670880885456152
8,0.0076596246932949565,0.7348294190800531,0.670177603186791
9,0.0074002014251911,0.7326491678975264,0.6913758899634095
10,0.0072989022953956935,0.7257749397658098,0.7459440003843505
11,0.007262550733991995,0.7252919368772159,0.7986766998708013
12,0.0072265689465502644,0.7289946926376598,0.8167170357107261
13,0.00727325897000311,0.7285690242371983,0.8083006798019343
14,0.007347365695030989,0.7261425528450818,0.7906139763309019
15,0.007436303074886519,0.7233858965319402,0.7713643927706673
16,0.007652064461713133,0.7215306102159524,0.7507580443437778
17,0.007758067420595198,0.7233711208316962,0.7259249607003713
18,0.0075271623270733445,0.7246130161517315,0.6944342933324028
19,0.007179673868223706,0.7220079616860307,0.6565358117665039
20,0.006918069070592409,0.7198792238257345,0.616038503283727
21,0.006757286509334565,0.7183001761577064,0.5799765817985769
22,0.006693274854772786,0.7151901902375628,0.5554137867970363
23,0.006727840385523733,0.7118140497930276,0.546335243990117
24,0.006843434454630898,0.7096177099533012,0.5522698026186408
25,0.0070759058797646365,0.7089541799159196,0.5680590745043406
26,0.007320532173719349,0.7096809121538947,0.586042578693523
27,0.007325576803523259,0.710942162757809,0.5988553077673868
28,0.007155511032555233,0.7110723356572353,0.6015685722951347
29,0.00707696696245478,0.7091698977825944,0.5931015273003495
30,0.007146978020683807,0.7057889547714316,0.5762543579604964
31,0.007199748177687544,0.7002850478028915,0.5565402267793993
32,0.00708791418246257,0.6942603992022449,0.539657634782136
33,0.00695616409738499,0.6922439166693632,0.5290848509664827
34,0.007061070467621947,0.6932232321966807,0.5250971280722518
35,0.007215361410987033,0.6940409023356515,0.5250403344556158
36,0.0071593252913866035,0.6926009436212741,0.5245127821795683
37,0.007035703264075668,0.6899393533475611,0.5193143496561816
38,0.006960250546949088,0.6902490117700637,0.5101204576149447
39,0.006882509563302292,0.686419044448719,0.5193869630743819
40,0.006857453810840269,0.6725113274524659,0.5739032418704897
41,0.005300100843565029,0.6644918060708687,0.6452840839487599
42,0.0013291010095789375,0.6713682016295073,0.678771257794903
43,-0.0018936792048250238,0.6790277133593994,0.6668852767428604
44,-0.002593188991111238,0.6793324753924004,0.6324260162260273
45,-0.0005655861373431957,0.6768748869462671,0.5904018438361038
46,0.001928762642030863,0.6753212823323764,0.545479142351595
47,0.0005507997022011907,0.6736350216296307,0.496685680329922
48,-0.0024965106853248077,0.6720250411116955,0.44165055188853897
49,-0.002026092411490284,0.6734345373183943,0.38007529411205354
50,0.0006145853154488692,0.6753913745269031,0.3160859816128143
51,0.00041814390002096677,0.6739510137450506,0.257229985554175
52,-0.00164768074160445,0.6681892902060491,0.21153131935097058
53,-0.002321713472192004,0.661277910117251,0.18492862912946406
54,-0.00203073057524048,0.6586688290832348,0.17821619121298482
55,-0.001993241635793756,0.6592162243306707,0.1860456930709421
56,-0.0024921543033371678,0.6579995857043999,0.1998137798100892
57,-0.003175575076730077,0.6559575881797488,0.21059885301479875
58,-0.003726444913111176,0.657282808947576,0.2111276571610462
59,-0.0038625067924660476,0.6597845968833269,0.19844457059606557
60,-0.0034882332725228275,0.6594782231337095,0.1751731783861269
61,-0.0028533901673994094,0.6568778592028786,0.1475126958905466
62,-0.002313681492753801,0.6537252538411817,0.12166005046847661
63,-0.001965162454947966,0.6506599489934652,0.10201761602787401
64,-0.0018023526311257108,0.6478035814002387,0.09018476440671566
65,-0.001999887724800045,0.6457573778818215,0.08335658080480478
66,-0.002504273302539401,0.6447415842964892,0.07594110947284508
67,-0.002969792766551127,0.6443373128617575,0.06281973324873001
68,-0.0032766375904346584,0.6441462877005746,0.0437088936465862
69,-0.0035070320751633757,0.638759540139556,0.04053469301605758
70,-0.003444316581883148,0.6301590382318631,0.0686904366492001
71,-0.0030156163476702815,0.6306691510714815,0.09572123003746999
72,-0.002505161020920828,0.6358979819366954,0.09490022120303407
73,-0.0021020124872159376,0.6360844387889293,0.07820963287044633
74,-0.002006550190864362,0.6331899915409083,0.061258684863860824
75,-0.0021324648835992733,0.6305147713247485,0.04845061722924998
76,-0.0022713707825615954,0.6292118969055573,0.03654566993784464
77,-0.0025009811104594517,0.628925693973619,0.019670063978084268
78,-0.0027959583832939706,0.6289784635854301,-0.006128913430639565
79,-0.0030447124788420318,0.6289962425275537,-0.040241590911843345
80,-0.0030901352747599716,0.6282994727183882,-0.07736100859449327
81,-0.0027571056253347334,0.6262540309053606,-0.10955908261869479
82,-0.002334901737956445,0.623236753204961,-0.12948391127435627
83,-0.0020959138822182945,0.6200913376267216,-0.13328260148418503
84,-0.0020089941683187704,0.6171836086549862,-0.12208955747955952
85,-0.0021812161622706445,0.6149273682582646,-0.1015678121526683
86,-0.0025471072419546367,0.6138209018678016,-0.07977772412386946
87,-0.0028950066250426985,0.6135217925261991,-0.06426847744670627
88,-0.0030591065775319275,0.6131428639472469,-0.05952329361658404
89,-0.0029515392588555928,0.6125350541801053,-0.0656802912362803
90,-0.002800947549183158,0.6116093555800266,-0.07891015760741481
91,-0.002678686716616702,0.6082408793295944,-0.09318809615608586
92,-0.0024623855181957824,0.6019079534968657,-0.10270086214416072
93,-0.0023137488425801532,0.5979136292304004,-0.10395520436160577
94,-0.002306458744720052,0.5990245368488416,-0.09684159808533588
95,-0.0023768684597193137,0.6006080169773156,-0.08435706839258927
96,-0.0024576413887974456,0.5996471439319861,-0.07121273290013497
97,-0.002561320529132053,0.5978854164215568,-0.061943762842067374
98,-0.0028098868787811713,0.5968053248545069,-0.05926615934069973
99,-0.002958186667644562,0.589579156461348,-0.059287957055273344
100,-0.0027646523567869683,0.5795072444169347,-0.05803612513451961
101,-0.00243907982898798,0.5823620714925775,-0.059569838577384626
102,-0.0022631015680977373,0.5910878402338202,-0.06412140086833387
103,-0.0022104532748549307,0.5926942975854692,-0.06675228590750226
104,-0.002081511625158407,0.5893591999733059,-0.06548836760681737
105,-0.0020517617210972184,0.5852376607885581,-0.06110445176271062
106,-0.002232933298102732,0.5824671312676162,-0.05605864850847442
107,-0.002436760433918198,0.5799651448945939,-0.05306033343669825
108,-0.002670655697688799,0.5780066152752705,-0.05382430220427423
109,-0.002861272719700321,0.5793898200129761,-0.0584264271498543
110,-0.0028791743896674406,0.581853476488057,-0.06540377349724841
111,-0.002694234366235341,0.5818667401150177,-0.07245034898768693
112,-0.002352439201345924,0.5794161622650569,-0.07735965963198105
113,-0.0021633590521987506,0.5756562294867029,-0.07882137194080585
114,-0.0021989851403912755,0.5721292022067144,-0.07678912881762956
115,-0.0022626186163099936,0.5698545507130428,-0.07233873580706873
116,-0.002317981381086157,0.5687837765781858,-0.06714098486082731
117,-0.0023737153919497567,0.5683895058631843,-0.06280171877839469
118,-0.002507209464409377,0.5684634247304512,-0.06032079700256138
119,-0.0025744378562013127,0.5667620268166411,-0.059889317612159654
120,-0.0024054529559114192,0.5634032340626973,-0.061020639992178605
121,-0.002288876229360264,0.5624243778956708,-0.0628404426543015
122,-0.0024059121859337958,0.5625733195987055,-0.06446540809770457
123,-0.0024562582292403847,0.5608590484134615,-0.06531005131110701
124,-0.002349733003147768,0.5564977704449496,-0.06518196779594865
125,-0.0022800687920376816,0.5516997156161707,-0.0642048123439406
126,-0.0021932254178378186,0.5509799636653483,-0.06265469447212124
127,-0.0021815687580045884,0.552720853472696,-0.060812397672569185
128,-0.002372543787621837,0.5535005081699909,-0.05811080266816626
129,-0.0009014889826463627,0.5466771936870516,-0.03854320756790525
130,0.001552784995920326,0.5342966374417346,0.007011131581092955
131,0.0008921104518101255,0.5336788543503617,0.048655380714870466
132,-0.0015511558600185445,0.5427156399106416,0.06366316913439973
133,-0.0025050510093680453,0.545075698909878,0.05962958682592742
134,-0.002177968719021263,0.5405413236073469,0.0472667553556993
135,-0.0017261073257028364,0.5377869207072616,0.03253906618886657
136,-0.0017992522081307352,0.5362319224567502,0.0177061241064794
137,-0.002106286934526725,0.5342927520369389,0.002905602066124058
138,-0.002378403844476542,0.5358348406938396,-0.012034048455576471
139,-0.0026284396097483523,0.5386540899631325,-0.02664373845767304
140,-0.0027695768474817768,0.5390882131194459,-0.0400372104491698
141,-0.0011660187561022654,0.5375148059685324,-0.051185452641505896
142,0.0014097979040785958,0.5348677274858864,-0.05900387557731776
143,0.0009743784598909618,0.5318569689216894,-0.06224262709707551
144,-0.0012191469656281555,0.5290241035726349,-0.05984419861167023
145,-0.0021038317720597863,0.5267980462183479,-0.05178562178361157
146,-0.001994337919073134,0.5238389080980519,-0.03886381826918517
147,-0.0017893034470187526,0.5210900804905179,-0.02234781762990279
148,-0.0018645939676772295,0.5219806305665435,-0.004467294291479684
149,-0.0021246759277792036,0.5242264854568044,0.011747472594485275
150,-0.002474840355223582,0.5243177281133025,0.023358427049011588
151,-0.0027641619698019447,0.5224442819432638,0.028498709198954864
152,-0.0028739854352377563,0.5197861437098295,0.02688223882405394
153,-0.002796155696990929,0.5172898621154616,0.020227061455251327
154,-0.002395694325932207,0.515215012074046,0.011418254654002674
155,-0.0018254428597967104,0.5120461859360783,0.0022503374131315756
156,-0.001470120399661226,0.5086028389208557,-0.007011332993914876
157,-0.0014530794201869507,0.508612113442384,-0.01656717805809721
158,-0.00016154578570086366,0.5104436546066919,-0.02418843518916519
159,0.0017772737707033616,0.5106007272799034,-0.025923166740236175
160,0.0005490187610173152,0.5089919397530738,-0.02379654956185953
161,-0.0022850179464167855,0.506932460461943,-0.023353990074471476
162,-0.003192480176830198,0.5053777658848309,-0.024799920631169314
163,-0.002498010808041143,0.502371698809146,-0.025720142360432782
164,-0.0016300216696421062,0.4985741064987328,-0.02551374375938542
165,-0.0013573915771273237,0.49814185968391445,-0.024909641692343942
166,-0.0015504156353465404,0.49944452484413393,-0.025103113855015347
167,-0.0019446427960271191,0.4992970025179473,-0.02695004820479935
168,-0.002421382711882414,0.4977850373163184,-0.030504432489243477
169,-0.002853945874439868,0.495735198561982,-0.03497800955752911
170,-0.003102311203458283,0.4941330469438332,-0.039096092852339615
171,-0.002997974230762278,0.49299427690250996,-0.041650383877225805
172,-0.0026015070660524416,0.4901281074939601,-0.04199356755674827
173,-0.0021466088945261462,0.4864386465903756,-0.04027131434012382
174,-0.0017567907235694295,0.48635078374935703,-0.03731537532438223
175,-0.0016134942820616796,0.48779431156161945,-0.03426851710813883
176,-0.0016512454543524016,0.48711159873864607,-0.032116935868411356
177,-0.0016990234939845356,0.4835212518541938,-0.03132931272119399
178,-0.0019520546953699803,0.479045802043673,-0.03174088308520462
179,-0.0024437493228774455,0.47810300275019646,-0.03269453857126958
180,-0.0028157625212383358,0.47904648986168263,-0.033396506958398284
181,-0.0027720252482238113,0.47712480484400555,-0.03329760563379952
182,-0.002438248768902262,0.47371840182079694,-0.032276540954337185
183,-0.0020864288720586262,0.4734017548037879,-0.030642255143380537
184,-0.0017308442477373754,0.47491524421975106,-0.02896770654220121
185,-0.0014639950199851984,0.47499355028956436,-0.027797713057894524
186,-0.0015154575858629116,0.47345593100017336,-0.02739314192075859
187,-0.0017882057012595237,0.47105634506415917,-0.02761129805741369
188,-0.001971346578345358,0.46390333332340994,-0.028009134559997928
189,-0.0020466072108737124,0.4485889827015863,-0.02809044570199007
190,-0.0021915013913968865,0.4406329277822738,-0.027518246510064598
191,-0.002389479784377946,0.4510435635615917,-0.02627491536650961
192,-0.002439852340208783,0.46139199876871073,-0.02469154161708112
193,-0.002209709334834553,0.4603878079169652,-0.02328807660385196
194,-0.0018990851709805162,0.45734964265035427,-0.02252340722255415
195,-0.0017547520484675946,0.4565176400221844,-0.0225708041721997
196,-0.0017780270911288872,0.45471721335038917,-0.023222471367220443
197,-0.0019791299302970283,0.45258716922477604,-0.02396888164505323
198,-0.0022419691128601395,0.45398108587326713,-0.024220182801411083
199,-0.002390031019167097,0.4567494969102639,-0.023572789994011745
200,-0.002343404640051468,0.45695593113632405,-0.02200251581957588
201,-0.002183738844786132,0.4549213719092151,-0.019895874356090165
202,-0.0021460677586086184,0.45193658505512846,-0.017900616539227393
203,-0.0020964051265294475,0.449143795055015,-0.01665527769906963
204,-0.0018614721082519346,0.44702471204652405,-0.01651160665019051
205,-0.0016541221461098994,0.44544158890369645,-0.017369655201816853
206,-0.001697685777007252,0.4443735116307985,-0.01869992257823111
207,-0.0019558537277630577,0.4441062517797043,-0.01973584027842984
208,-0.002178675495997564,0.444425830604279,-0.019802065671869734
209,-0.002243924415971578,0.44433950689093926,-0.01862060329066606
210,-0.0021471408730874683,0.44324647768879366,-0.016406088968181548
211,-0.002001634707606587,0.4411163404158134,-0.01379096311038952
212,-0.002032236537981808,0.43828905423127473,-0.011600834598600451
213,-0.002155078996662854,0.4340010172168669,-0.010520200999166007
214,-0.0021982491449637695,0.4296623991700488,-0.01080803410453092
215,-0.0020995987679335634,0.4275318590523023,-0.012180557204980569
216,-0.0018697299228489696,0.42678709010553506,-0.01391211060035058
217,-0.0017759331540794492,0.4282302229079218,-0.015116962930603134
218,-0.0019375870553411563,0.43026977512318876,-0.015100971530589091
219,-0.002101381627814526,0.4233637483440511,-0.013642309728281427
220,-0.0020435198788311126,0.41213136916288207,-0.011087437615232038
221,-0.0018896962943638308,0.4140785836759786,-0.008221587045857265
222,-0.0018383288632903057,0.4226099962866565,-0.0059630702550073356
223,-0.0017879206831153197,0.4243050626159679,-0.005001584932684461
224,-0.0017190025208713138,0.4199978131998079,-0.0055238708711249085
225,-0.0017119524891557256,0.41494633911836076,-0.007136140323194373
226,-0.0017147500019939615,0.41475060458984947,-0.009015069962076128
227,-0.0016833722168266424,0.41753772871149586,-0.0102286767179543
228,-0.0016997914737070102,0.4187534958714687,-0.010101068394410412
229,-0.0018287731700841721,0.4163545312414696,-0.00847757564665294
230,-0.0019364400102126703,0.4123291657388739,-0.005785996646391872
231,-0.00196065231137611,0.41123489666713664,-0.002869984560530142
232,-0.0019053324747811944,0.4117505816691973,-0.000660154615898495
233,-0.0017753649373665973,0.40916493349309957,0.00018804879493927729
234,-0.0017955532064977565,0.40463739399019016,-0.0004518460861282769
235,-0.0020389091209746905,0.4035799259789712,-0.002130400735978366
236,-0.002138077180440884,0.4051489677088109,-0.003999369809184639
237,-0.0019059293293993513,0.4055429831740913,-0.005142512503126362
238,-0.0016889561032681823,0.40327748083355397,-0.004930415412091466
239,-0.0017230326671734478,0.40005100829890217,-0.0032613679374493693
240,-0.0017403041292133538,0.39983194157555935,-0.0005958977422650391
241,-0.0015792840269951412,0.40105092326170744,0.002226369029487807
242,-0.0015519981745954377,0.4004156445458922,0.004314289835418678
243,-0.001736765268615794,0.3965915777878628,0.0050688728544973916
244,-0.0019038446499837648,0.3918481852419311,0.0044100466572630365
245,-0.0020619108705530586,0.3910181068905594,0.00280053673906408
246,-0.002084014049062966,0.39253126164611896,0.0010604824185963257
247,-0.0018339763826842664,0.39287067955206134,0.00004733689410632569
248,-0.0016309147277466835,0.39229918139695275,0.00032641976492917
249,-0.0016004849523854358,0.3864935756574537,0.0019590548153745058
250,-0.001590559760252826,0.3779901361735245,0.004487762360625355
251,-0.0016788181129446318,0.37910208840444193,0.00712069750793784
252,-0.00184835697661756,0.3853373618354169,0.009040824451800433
253,-0.0018931429273785407,0.38663440621545253,0.00971877974465564
254,-0.0017794199680804795,0.3841237847642571,0.009109355118857423
255,-0.0016772237813097723,0.37958224139373253,0.007658677779311479
0,-0.0016553496740796961,0.37582890221216825,0.0061233555520448235
1,-0.0016209995719523838,0.3766738876786375,0.005274946870199804
2,-0.0016105218338753969,0.3794591717832255,0.005605428175646868
3,-0.001688256732564104,0.3804113931494604,0.007146280124954829
4,-0.001743974997212185,0.3796227624257402,0.009467638059498115
5,-0.0017380828040218974,0.37782219205237555,0.011853422486229878
6,-0.0016843467033065794,0.3756883455564384,0.01358115188555667
7,-0.0015838601317952304,0.37345312302188693,0.014196940926514731
8,-0.0015657724467394076,0.3714469403610716,0.01368089523244697
9,-0.0016485944818380692,0.3702104622929395,0.012442787660247763
10,-0.0016985453457821582,0.3695741436106804,0.011154346622827369
11,-0.0016419074779210295,0.36888628371819565,0.010486663467621053
12,-0.001577494327131542,0.3662251174737373,0.010855460496113134
13,-0.001525871969656747,0.36110816959962444,0.012270964406718807
14,-0.0014363922426152429,0.35850721684073295,0.01434637771059831
15,-0.0013932329582086221,0.3606223440222822,0.01645687437853602
16,-0.0014507435033900788,0.362463414252312,0.01798396751444588
17,-0.0015924344362132272,0.35957802278413087,0.020412224034656964
18,-0.001756630391680088,0.3531753758055266,0.028738174429188613
19,-0.0019572945444513348,0.34833768043338753,0.04862500100619447
20,-0.0021040270431511854,0.34856090269521445,0.08427451026419336
21,-0.0019857535167963156,0.3526879581376866,0.13766160627710738
22,-0.0016326721557879667,0.35595151036740313,0.21020513341314284
23,0.00033789645409606844,0.34914115776015053,0.32055041345800417
24,0.004530757301037332,0.3374548889467175,0.47699807088178314
25,0.005964635081158308,0.3391602057163401,0.6347107452353066
26,0.003986133199300994,0.3479020053273757,0.7518825278238452
27,0.0028453518954961333,0.3499237283071358,0.8317709651574732
28,0.0012178775358813315,0.3474493123342808,0.8910798672407219
29,0.0009456443638526588,0.3448453211541317,0.9408727245320749
30,0.003109178397894494,0.3421302247033232,0.9862266741620926
31,0.004169633094070061,0.3397977489505133,1.0288471196822302
32,0.005565084319602377,0.3408520940608796,1.0688462258888731
33,0.007288737861010303,0.3414908268991549,1.106026765812044
34,0.007469907895451482,0.33923307548564496,1.141660353008274
35,0.007027214556957482,0.3367563955131627,1.179351253805247
36,0.00699855454171882,0.3342022683883953,1.223605959779976
37,0.007576903379909065,0.3316315028928777,1.2774755567500704
38,0.008349791216450131,0.32799385549953686,1.3409580784288062
39,0.008883605046446988,0.3260698534724292,1.4103718175739721
40,0.009034060724662639,0.3271619711554289,1.4799463012261622
41,0.008758107556750605,0.32783407824320143,1.5449784440545402
42,0.008111942866721842,0.32915658309656814,1.6027308784159748
43,0.007484258473614561,0.3306110755858047,1.6519769738077006
44,0.007135499936020934,0.33010581219141655,1.6940296273374384
45,0.007115140207709907,0.32686311205333796,1.7321869920927693
46,0.007456030368117941,0.3227165518098938,1.7692011525779963
47,0.008046653994343213,0.3219743625667507,1.8072182131123329
48,0.008576748047775543,0.3231450166252309,1.8477131379940923
49,0.008852459972801353,0.3229961621763058,1.88879716222747
50,0.008930091983882373,0.32031868459831225,1.9244905707654274
51,0.008725857601556301,0.3152586568603116,1.9486289102271446
52,0.008210034155479698,0.312825905537061,1.9587727872762724
53,0.007623481838850903,0.30860957150976,1.9557414164996558
54,0.0071463609834013335,0.2996950474320107,1.944364155617735
55,0.006971168352569151,0.3003969358547517,1.932622289142552
56,0.007297288086613382,0.3079026335347994,1.9261750372113227
57,0.007828174065900053,0.30812235411048816,1.926977564355953
58,0.008243080346234891,0.3034610028975644,1.933613714723883
59,0.008581565548578338,0.30012500881749726,1.9419602214907572
60,0.008704393982846281,0.2991707641995056,1.9479857314316806
61,0.008473367265573403,0.30102706932756007,1.9490090067762962
62,0.007941872270221112,0.3037759559180522,1.9438932824661963
63,0.007369238340635076,0.3044324633300143,1.9336200911123056
64,0.00713559878679236,0.3049250662621623,1.9211650432228984
65,0.007162923235987072,0.3053724537004874,1.9102770459848646
66,0.007229323568857474,0.302490934839749,1.9039806920791085
67,0.007502528699911113,0.29814261325494884,1.9031450817773576
68,0.008007443744963837,0.2972635650946861,1.9065241058958238
69,0.008300133036062446,0.29882302579676867,1.9118244866888467
70,0.008209438245639626,0.29785327291763564,1.9160176357744003
71,0.008020329133671247,0.29508120871612165,1.9163850615316642
72,0.007724057088452436,0.2950905920660488,1.9116473174791278
73,0.007258602229597261,0.29642919205511153,1.9023468745180319
74,0.006915546498371623,0.2943799076428758,1.8909454615586085
75,0.006874001754059472,0.2904219670146143,1.8808675065455889
76,0.007050232256734804,0.289398426325543,1.8748245295936536
77,0.007306119035152006,0.2904040464754799,1.873506308654152
78,0.007524818938523345,0.2904558367532968,1.8754976439414852
79,0.007628741288925774,0.28962707300046553,1.8785131688032983
80,0.007588815496304906,0.2868810565162243,1.880653300673135
81,0.007428291376977685,0.28184684455743303,1.8804107805666614
82,0.007294327547826992,0.27948539805420647,1.8767547022554378
83,0.007222764802196101,0.2754778391814606,1.8690703766201695
84,0.007157993907051709,0.2684155253103633,1.8589238918545359
85,0.007164314766160074,0.26984865921232515,1.8503973901864281
86,0.007268276997173351,0.2754438241881464,1.8456601336382938
87,0.007511221389768438,0.2759930045836786,1.8442612487049708
88,0.007776159649334237,0.273515417319268,1.845137790815146
89,0.00788149556560849,0.2732066475114894,1.8468528937514144
90,0.007841113946835974,0.27352325164980285,1.8479578129385574
91,0.007718384368821857,0.2721398747866737,1.847457745246282
92,0.007491124060861689,0.2731690574570135,1.845028106130317
93,0.0071703632226722235,0.2738932623841016,1.8410426669099271
94,0.006954012667695665,0.2701537812281608,1.8363758571518423
95,0.006933813992379214,0.2668721079112164,1.8319515694936124
96,0.0070917928294722855,0.26747441482377154,1.8281138820599852
97,0.0072904360921274905,0.2681306468030352,1.8249230616407601
98,0.007283879794786447,0.2666861402494135,1.8226234913947046
99,0.007229091657489237,0.2648572605042503,1.8209347983616784
100,0.007258816526900693,0.26419925546320244,1.8191395310421097
101,0.007165738313779011,0.2647159801888953,1.816799768862257
102,0.0070027247004878085,0.2637571263094395,1.813845830971749
103,0.006930748916716942,0.25997144254873117,1.81044214505269
104,0.006931202088896044,0.2562962543302626,1.8066112195348554
105,0.006952165182304553,0.2541253201134094,1.802595306429982
106,0.0069627332707358006,0.25359383697183635,1.7991111321167512
107,0.007035731758114436,0.25495690285654327,1.7960888151577548
108,0.007211524195525846,0.25547036919627375,1.7930446019895463
109,0.007251911998091233,0.2522831828179173,1.7901786933446404
110,0.007049065417945057,0.24682797740265683,1.7875573560172935
111,0.0069454508201683765,0.24376057652123206,1.7846910436237255
112,0.0070419047641100095,0.2459271313825585,1.781195188147696
113,0.007133980149807862,0.24478157564673741,1.7764943924139924
114,0.007252865291391946,0.23687717084281956,1.7706785946787038
115,0.00736359539009953,0.23530868431805296,1.7656859719185327
116,0.0072775308464218015,0.2389561611376103,1.7625446250666252
117,0.0070066273253530965,0.23854560274701075,1.7604248184692164
118,0.006777498545717089,0.23713840364123262,1.758506682105696
119,0.006704902927638447,0.23853520348100332,1.7561833712333534
120,0.006796117183534841,0.23917387395283196,1.7534344270840574
121,0.006942687644922521,0.23662348446929726,1.751062126089395
122,0.007003413641324598,0.23648060378080282,1.7495811281584093
123,0.007095045868860256,0.24112490723028002,1.7488261511951384
124,0.007213988791312877,0.21836256949650623,1.7480756411973495
125,0.007245847503771087,0.10104881214882966,1.7463824495552984
126,0.007219309334176929,-0.138047299628411,1.7436172425512408
127,0.0071763428314058145,-0.45216531876675115,1.740227276062428
128,0.007137358275020555,-0.7869104164436965,1.736364243432158
129,0.007109767410428066,-1.1245664019443113,1.7321831275333182
130,0.007097428440795715,-1.431586229453405,1.7281608692236947
131,0.007101397048041157,-1.6392933472547595,1.7245911027772935
132,0.007117439911441363,-1.7350751729133922,1.7217071933275365
133,0.007053321266941286,-1.7787940743209711,1.7196946205423718
134,0.006941390196271536,-1.8134721505279963,1.718262455429735
135,0.00697520558408584,-1.835529550197819,1.716786446544571
136,0.006987401779230927,-1.8286334428270052,1.7145586709837932
137,0.006862386850966554,-1.7894025136462863,1.7114175903047002
138,0.0067591862453102,-1.7313364566310177,1.7075731586389988
139,0.006625595228117927,-1.6765398225211041,1.7033162503998458
140,0.006576542276161567,-1.6450683690695533,1.6989752712742003
141,0.006758070475311177,-1.6469999889293674,1.6950784425505727
142,0.006873928069890858,-1.67925439677175,1.6922378462785366
143,0.006743350631989116,-1.7275031321110648,1.689461331060011
144,0.006585550515099986,-1.7720827153209209,1.6861351993206526
145,0.006535922473929475,-1.7955814123139966,1.6833619534762478
146,0.00660553334032753,-1.7892430017314274,1.6807253581723245
147,0.006770693458548128,-1.755853734622498,1.6773124386006737
148,0.006780814508447773,-1.7081799074091615,1.673186073275006
149,0.006543509807898102,-1.6637362995880514,1.6686512675280145
150,0.006335664082392754,-1.6380145260471757,1.6647113041463326
151,0.00631080491895674,-1.6387844793820205,1.6619793980495245
152,0.006466925201315841,-1.663557528670622,1.660462511025317
153,0.0067458898992520284,-1.701012922206056,1.660063518569113
154,0.006853601563014719,-1.7355786158698168,1.6601858569812764
155,0.0066603475770535825,-1.7536336974824493,1.6599562171036188
156,0.006508228353487033,-1.7485502224585865,1.658575570169063
157,0.0065160162124807824,-1.722366167902174,1.6558855489933926
158,0.006511983774089618,-1.6849048514083775,1.6520903693614342
159,0.006564736537847067,-1.6498817759716387,1.6475575298002587
160,0.006584690833689632,-1.5644597507304803,1.6431061754576763
161,0.006434021728646287,-1.3117736593824016,1.639584007060412
162,0.006391180414911893,-0.8853666296739222,1.6374599809231158
163,0.006517964932474505,-0.424080879247569,1.6366335946732429
164,0.006599943965466568,-0.07155845012136375,1.6365036299098445
165,0.0065954570246004665,0.12079635976634506,1.6359275909450233
166,0.006452010200863549,0.20706782494652476,1.6339243233379737
167,0.006251362486526345,0.2772031904980867,1.6305207594428426
168,0.0061426404074882614,0.35347018901434524,1.6258452893180548
169,0.006107415432071205,0.3950203109725452,1.6202546123919825
170,0.006109030644829603,0.38058001186871415,1.6150014770185974
171,0.0062133821569662455,0.33190346308174923,1.6110895352041243
172,0.006367295350069906,0.2807741850194181,1.608509882322596
173,0.006355338594831245,0.22364228724372648,1.6061085856139004
174,0.006245002543033302,0.1586571778915884,1.6034226663535964
175,0.006192143862056944,0.12580614241921717,1.6011657015528487
176,0.006170799323197619,0.15416203990996902,1.5990419330993486
177,0.006137566821082031,0.23724171423183016,1.5962024861450654
178,0.006168302458717441,0.3431256503939144,1.5923975238404093
179,0.006236767233359456,0.4294764813397718,1.5879782390681072
180,0.006160224889830155,0.4634350911635985,1.5836748374169396
181,0.0061131951574700735,0.4351221147962909,1.5804554992533486
182,0.006213747196415726,0.36127729493744276,1.5788481512176364
183,0.006301939801306718,0.2703204871824837,1.5785440170347016
184,0.006344491973558526,0.19409995069678132,1.5788276870578084
185,0.006349202977130378,0.16059232076649688,1.578848305009215
186,0.006406497062599631,0.18062537833389547,1.5779030788779576
187,0.006478735163126099,0.24363068428629342,1.5756269446858733
188,0.006375069804394343,0.3232751720132325,1.5721093838383737
189,0.0061126174317434855,0.3883485134932423,1.5675959120882839
190,0.006000236710504519,0.41510107832260945,1.562688099236781
191,0.006095917151374055,0.39558399105545305,1.5585202456605414
192,0.006183685211980622,0.337643017610217,1.5557181775498892
193,0.006219137108913246,0.2647847119420572,1.5541054842950608
194,0.0062196273979972655,0.20764313450303795,1.5531268047735214
195,0.006283114671522507,0.18336142391765786,1.5518107752434451
196,0.006288581534565924,0.1948097166781717,1.5494892287556183
197,0.006083028528237087,0.2373670006095786,1.5461397719091865
198,0.005961274386873551,0.29582906888084615,1.5419760330377077
199,0.006099799828220502,0.3473455747666879,1.5377032751730262
200,0.006268529377107252,0.36879607703619877,1.5339611951714751
201,0.006235810566142783,0.3530212172335404,1.5309173648935568
202,0.0061072914493364855,0.3128633316673065,1.5283987922429096
203,0.006145943598598977,0.2466181087308461,1.5251580273299483
204,0.006197764820718096,0.1799688889269795,1.5209570904663483
205,0.006127110840972474,0.17186905662508778,1.5176444591515845
206,0.006066958638108197,0.20940191463589525,1.5155805723955385
207,0.006029511343250674,0.24856261550634526,1.513403632325148
208,0.005997499820958865,0.28220418128559477,1.510528524393326
209,0.005883787747889552,0.3106832821417257,1.5074821325843684
210,0.005822284649439791,0.3242053766190052,1.504793344752541
211,0.005978344048864225,0.3159363504494155,1.5023533830938156
212,0.006066480725072529,0.29328060637355313,1.5002033558498313
213,0.005996164985868198,0.2651247854135226,1.4985445832389468
214,0.005949379445140804,0.24009232620461907,1.4971530046724917
215,0.005945444668298078,0.22561864917646468,1.4958721372145471
216,0.006032270741019223,0.22609671270253284,1.4944224493802771
217,0.006142070431946468,0.24279917861258354,1.4923011158116228
218,0.006152416090180064,0.2669128456115017,1.4894105424755564
219,0.006110792211764714,0.28649426499218367,1.4860295529418375
220,0.00599175463253164,0.2952610856032848,1.482610988883133
221,0.005777939388823941,0.2897718895613195,1.4795831792549854
222,0.005712009227077784,0.2734589626874906,1.4771811489054065
223,0.005818806962814459,0.25635452295721883,1.4753664928790435
224,0.005881231370256364,0.24368248908254575,1.4738586344507398
225,0.0058701912374365135,0.2367297470852543,1.4722574914197386
226,0.00582342199642737,0.23538811517056557,1.470204806704364
227,0.005857076488927509,0.23820972785855554,1.4675203377968455
228,0.005860710274481307,0.24188710611382513,1.4642626696703154
229,0.005681068669358498,0.23051723714151895,1.4606960599277512
230,0.005519881757891892,0.19025276357899557,1.4571814244379766
231,0.005581355935113703,0.11584104302218867,1.4540371571869812
232,0.00582205890902579,-0.08273900275869339,1.450637072771162
233,0.0059180417686692625,-0.34334487440181793,1.446607758185992
234,0.005808900579947084,-0.3584181499275274,1.443251092617916
235,0.005710559021464804,-0.1475063353920103,1.441029198621386
236,0.005664846776033173,-0.0076291838272648516,1.439128858555426
237,0.005650196111612625,-0.021295254048845358,1.4370032143901552
238,0.005647857298151737,-0.09451395897499637,1.4344937959487347
239,0.005733881560171062,-0.148400810444687,1.431796278331296
240,0.0057783797934313295,-0.16905510545918423,1.429242779326191
241,0.005700578323527985,-0.16714037376581992,1.4270458944771511
242,0.005736137296659316,-0.1548320545022066,1.4252182708249421
243,0.005845280507826537,-0.1519627706429203,1.4236664383294069
244,0.005875241376106424,-0.19742408713835768,1.4221944299054696
245,0.004199835730722003,-0.33904081249814766,1.4202286521196363
246,0.0017585604086917152,-0.5698523760550298,1.4173783976832959
247,0.0009857608815574664,-0.8232895871160482,1.4140958284280982
248,0.0011205238045757307,-1.047950635218089,1.4108130641602785
249,0.002803190777396652,-1.2404066632184425,1.4075902223763492
250,0.004842013448355128,-1.4196586570860155,1.4042823328213294
251,0.005132672667557501,-1.571480663340619,1.400935597377985
252,0.004805079779285559,-1.6557694112238344,1.3981395922091386
253,0.004764655252193772,-1.6839048481703776,1.3960971988388589
254,0.005099128896733949,-1.7056857122233566,1.3944308883908731
255,0.005627836065236657,-1.7425185085758512,1.392730604043054
0,0.006102683710856399,-1.7820835279801797,1.3906987060842257
1,0.006414464107053517,-1.803757689218724,1.3882552594470274
2,0.006440893254379264,-1.7963214869032935,1.385502476594675
3,0.00610957643388981,-1.7624293262140087,1.382624457662677
4,0.00552323917216775,-1.715237255598299,1.3798381684600187
5,0.00487729735169106,-1.6719987470741828,1.3773087228871188
6,0.0045889692431869055,-1.6473816971720496,1.3742489363057055
7,0.004840549939731001,-1.648400254825534,1.3701901103063658
8,0.005332032864886781,-1.672379346793155,1.3664955501170368
9,0.0057034955734121436,-1.7084752190461998,1.3637941483966989
10,0.005910136645675919,-1.7420503194942176,1.3614787387358653
11,0.004363776853282434,-1.7601865157528476,1.3592008224912435
12,0.0018822432439893032,-1.7562729586269112,1.3568617467746429
13,0.002510451741756619,-1.7320471999138842,1.3545337621220566
14,0.0046846082761952046,-1.6964895979490002,1.3523466990753672
15,0.005298427868243259,-1.6621548532318648,1.3503836249521775
16,0.00328795477986209,-1.6404241841639435,1.3486471404956233
17,-0.0011868921996996303,-1.6374653879465084,1.3470440249917024
18,-0.0027433592804469754,-1.6523220157969587,1.3453487712020769
19,0.0011072489059604368,-1.677692429300457,1.343320965716277
20,0.00358861715433839,-1.7029492220031779,1.3409029233626528
21,0.002341269231908662,-1.718166702221561,1.3381754013168567
22,0.000996183517652403,-1.7176388440640453,1.335270880660111
23,0.0003371307673913186,-1.701653356115881,1.3323930760957543
24,0.00006564053363474365,-1.6759986231423456,1.3296809918394081
25,-0.001628266771732056,-1.6495324803273412,1.3271758945935237
26,-0.0039985488025476145,-1.630816777101466,1.324893271406419
27,-0.004675305348870506,-1.6250877375398955,1.3227503383200667
28,-0.004296949740209883,-1.6326221821017164,1.3203175313083273
29,-0.0038801700326952203,-1.6489838392409943,1.3170818743698547
30,-0.0037500319390655693,-1.6669265004199056,1.3133836504134289
31,-0.003980142327430318,-1.6791558795319306,1.3100326391715948
32,-0.004445026750645984,-1.6808235755446326,1.307231497284886
33,-0.004717988700444872,-1.671228757248218,1.304788823965608
34,-0.004718656797849989,-1.6538135045418363,1.3025777419658118
35,-0.0046497986017531405,-1.6342855155373055,1.3002482468013734
36,-0.004580837456292343,-1.6186037958060697,1.2965747265870795
37,-0.004413787574617865,-1.6110953715969907,1.291342626415183
38,-0.004176955668300716,-1.6129398073315344,1.2866889113815954
39,-0.004053524374973227,-1.6219709747511488,1.283828969990585
40,-0.004056328603297181,-1.6337013229808512,1.2820272578007899
41,-0.004111033631832992,-1.643064715891673,1.2805124024538692
42,-0.004265224949647248,-1.6462029253506207,1.2789571869785434
43,-0.004552547216449761,-1.6416821825156633,1.2773344687733914
44,-0.004835868191372407,-1.6307789276144984,1.2757652622492626
45,-0.0047887559877577805,-1.6168226946890991,1.2743662858220834
46,-0.00442094673862755,-1.6039042092366556,1.272897105005312
47,-0.004056711999155468,-1.5954417521540911,1.2711271628783756
48,-0.0038420978893600917,-1.5930988084310527,1.2693219684744275
49,-0.0038170781704621216,-1.5963802156490177,1.2674982834054256
50,-0.003878078738137898,-1.6029762476626472,1.265353599276307
51,-0.0040008166563566365,-1.6096706839594903,1.262543994675875
52,-0.0042073861397936875,-1.6134633241935736,1.2590736091741177
53,-0.004447300580173973,-1.6125236969873837,1.2556612013592638
54,-0.0045745975480013315,-1.6066862035985157,1.252820364324851
55,-0.004460168437170926,-1.5972899120634603,1.2505503527652895
56,-0.004209565156327077,-1.58681470637831,1.2487009211739872
57,-0.003886581036655884,-1.5780679460980473,1.247086797317536
58,-0.0036377242486401607,-1.5728266769567973,1.2452446416339154
59,-0.0037038623889719575,-1.5716849260669652,1.242819251371274
60,-0.004061853088909453,-1.5742147868874765,1.2401768219205143
61,-0.004432630384129544,-1.5786427781905612,1.2375764408931937
62,-0.004635190173110062,-1.5825927301135723,1.2349681390248999
63,-0.004690236452529676,-1.584082750413291,1.2324050530701607
64,-0.004637347058517652,-1.581990317865495,1.2299615818279448
65,-0.004508875590075017,-1.5763343176704687,1.2277364177298873
66,-0.0042662394230398885,-1.5682454621916087,1.2257305968205747
67,-0.004009693233026315,-1.559598877899584,1.2238492443370381
68,-0.00390759758237481,-1.5524151074744479,1.2219855005112343
69,-0.0038583471528578356,-1.5482183986260698,1.2200142049427423
70,-0.00384279305473576,-1.5475540943499047,1.2178402803842783
71,-0.0040053588680673685,-1.5498168514966286,1.2154074198063705
72,-0.004216785813735495,-1.5534461224881397,1.2127482508415866
73,-0.004280515064810523,-1.5564314504914876,1.2099853004597545
74,-0.004216116576105756,-1.5569704642452047,1.2069846719930268
75,-0.004015210446916144,-1.5540685425824172,1.2037339495836243
76,-0.003784208526475147,-1.5478810210375737,1.2005318221761434
77,-0.0036828420344361523,-1.5396768811177335,1.19750022740751
78,-0.003771851572843451,-1.531425279828615,1.1948709245633795
79,-0.004035905872711442,-1.5251342925829356,1.1926776025004244
80,-0.0042693013090158195,-1.5221611518201623,1.1906221447396792
81,-0.0042769051312111575,-1.5227314912969443,1.1885507139272877
82,-0.004082825628306148,-1.5258411292246707,1.1864320127968817
83,-0.0039024929075958115,-1.5295859145127695,1.1840579267017701
84,-0.003915735755509082,-1.5318154900784249,1.1813800746290277
85,-0.004000524094638719,-1.53088820054451,1.1789311425755287
86,-0.0039078596691321365,-1.5262610791611086,1.1769295134471727
87,-0.0038124880957945643,-1.5186998974287245,1.1750802707448504
88,-0.003944757388951042,-1.5100249230364389,1.1731652308540927
89,-0.004044248640115589,-1.5024735925682036,1.1708435724296864
90,-0.003929603346787252,-1.4979023104280165,1.1680310469110329
91,-0.003888885569960754,-1.497113382337965,1.1652796541142174
92,-0.003998531840749544,-1.4995537903912748,1.1628851854639128
93,-0.0039728651334629455,-1.5035016801173917,1.160467522752405
94,-0.003826203612309842,-1.5066800270954213,1.1577994502665563
95,-0.0038030119061404953,-1.5070792069976076,1.1542626213828378
96,-0.003864757527204131,-1.5036900161806708,1.1485771053380462
97,-0.003871318460133574,-1.4968774111921626,1.142082992692162
98,-0.0038563322720850564,-1.488254178053376,1.137659904383447
99,-0.0037839467501765162,-1.4800966022394095,1.13550336270242
100,-0.00378666588831879,-1.4745137236648582,1.1343440047846047
101,-0.003917521774350693,-1.472674618113333,1.1332362900210025
102,-0.003908721142336372,-1.4743788623729794,1.131611896799952
103,-0.003782094308279165,-1.4781299912027244,1.1298754028440468
104,-0.003692983534436891,-1.4816861979188367,1.1288112706917106
105,-0.003638581037738716,-1.4828855837624895,1.1281960957682742
106,-0.003596920593957914,-1.4804410166772088,1.1274566171238032
107,-0.0036511355319047145,-1.474410609667665,1.1266285164715413
108,-0.0037667340449844336,-1.4661702242663037,1.1256376555852916
109,-0.003824811477572654,-1.4578994691527316,1.1239085048485284
110,-0.003852418578385407,-1.4517733017810017,1.1209800189291528
111,-0.003795311684342261,-1.4491600718287838,1.1174351464721446
112,-0.0037777571910173995,-1.4501231719705583,1.1140799688094543
113,-0.003861979079335491,-1.4534090798570487,1.110852747410095
114,-0.0038012788405758207,-1.4569226612912,1.107970268961306
115,-0.0036397265587604054,-1.458509466139943,1.1059719254992664
116,-0.0035462601154097693,-1.456752066411073,1.1044312553154887
117,-0.0036003686251579407,-1.4514848845114998,1.102732572991314
118,-0.0037227006203668957,-1.4438395354910512,1.1010040054090853
119,-0.0036914864643317214,-1.435809295025959,1.0992978455997444
120,-0.0035817858167088695,-1.4295002589134849,1.0974812936672391
121,-0.0036358153135117085,-1.4263512051558482,1.0955965750712444
122,-0.003776578617763416,-1.4266121059128865,1.0937174557766545
123,-0.0038262799271467085,-1.4292710179949908,1.091908000329378
124,-0.0038843893455126795,-1.4324495621039475,1.0902078002673896
125,-0.003961171865248929,-1.4341126519307799,1.088606404146951
126,-0.0038851681223158185,-1.4328237915848443,1.0862118781358747
127,-0.0037471918020785602,-1.4282648669772686,1.0824989186777074
128,-0.0037928857927214173,-1.421331868383028,1.0788390977659166
129,-0.0038618259248415724,-1.4137790777735266,1.0760012663826388
130,-0.003732121813785589,-1.4075526034244734,1.0733126976442038
131,-0.003574906603933897,-1.4040668102290272,1.0704367164517232
132,-0.003515754510929353,-1.4036932350575633,1.0675712116434526
133,-0.003495172010584682,-1.4056469419517255,1.064936703696063
134,-0.003546037640814694,-1.4083036048882307,1.0629212057917639
135,-0.0036235805423384428,-1.4098198776219557,1.0613591069483608
136,-0.003628717792327112,-1.4088199174835614,1.0594866582610942
137,-0.003615544568719523,-1.4048919854380162,1.0573303469218236
138,-0.003630719582059275,-1.398715781146607,1.0551413557211946
139,-0.003757236811148158,-1.3917827053388874,1.0527835835937585
140,-0.003842819039109704,-1.3858232716288588,1.0504738603355959
141,-0.0037029644447312965,-1.3821615538499157,1.0484032192306065
142,-0.0035277760311499956,-1.3812377303934005,1.0462440186019588
143,-0.0035312736219566673,-1.3824708438479663,1.043938074064945
144,-0.003613800247253279,-1.3845029305437837,1.0417534042505157
145,-0.0035278944781352807,-1.3857231252967472,1.0397339497399414
146,-0.003358962683320782,-1.3848695426668067,1.0380489044494925
147,-0.0033762144100214567,-1.3814839336070563,1.0367024435905354
148,-0.0035207600397130154,-1.3760554789650463,1.035360609500974
149,-0.0035304503068843817,-1.3698102626099602,1.0337766719491337
150,-0.0034474694000983276,-1.36423551753672,1.0318421815142265
151,-0.003502900878620367,-1.3605230514262296,1.0296524310807071
152,-0.0036234818334746604,-1.359140145072808,1.0274006428933005
153,-0.0035596701089036613,-1.3596821446314613,1.0249991062220865
154,-0.0033854733998229056,-1.3610515846589095,1.0224427149817417
155,-0.0033690547633708837,-1.3618864190599504,1.0201921452425071
156,-0.0035470974611369332,-1.3610705716369362,1.017545767134325
157,-0.003633197463336551,-1.3581355207621026,1.0138460019326794
158,-0.003484075725225008,-1.3534087740971623,1.010422678152163
159,-0.0034209298878102676,-1.3478638222086703,1.0079484302737978
160,-0.0036145095967377253,-1.3427380325803564,1.005879816906634
161,-0.0037307958062539528,-1.3390680605407344,1.0039640893199957
162,-0.0035693667070662615,-1.3373170474438383,1.001934483191171
163,-0.0034436784087256526,-1.3372272583347136,0.9997722987110422
164,-0.003471283189036862,-1.337943449939751,0.9980031226377206
165,-0.0018346673321557767,-1.338350706336191,0.9967814012189806
166,0.0022395230611162026,-1.3374937813107683,0.9957973964055049
167,0.005497562351560905,-1.3349204549466749,0.9947250764262963
168,0.006142795751344986,-1.3308259472385058,0.9932827644852433
169,0.005783441713348972,-1.3259538076036987,0.9913853283843599
170,0.005850759410587117,-1.321300140629504,0.9891452009504342
171,0.006348619912050359,-1.317738258103291,0.986745508428887
172,0.006820959446034232,-1.3157049125832012,0.9843301749403852
173,0.007082743990060196,-1.315060353029081,0.9820517042765018
174,0.0069238558867334,-1.315165579833422,0.980001447956421
175,0.006492198805218674,-1.3150560967819254,0.9778549567781969
176,0.006100652309235124,-1.3139843290526736,0.9754082267767066
177,0.005759848777099614,-1.311735648257847,0.9730462668245314
178,0.0054441867558624405,-1.308318521179272,0.9706188687626174
179,0.005357212965992409,-1.304108440572743,0.9677990349946248
180,0.005647826765955811,-1.2999043698318942,0.9647728464299807
181,0.006150096449464137,-1.2964722379975901,0.9617270993842717
182,0.0066151222335805795,-1.2942308660841881,0.9590982498485854
183,0.006767167353267725,-1.2931298446835306,0.9568561406562246
184,0.006652983897038604,-1.2927065140669103,0.9546415632175091
185,0.006473535632023233,-1.2922799995504053,0.9527366996031996
186,0.006081734256338621,-1.2912086940589798,0.9504553203641724
187,0.005490265645759513,-1.2891190335287752,0.9471821151669291
188,0.0050875522151913564,-1.2860256257202192,0.9439971033311516
189,0.005092240043494465,-1.2823048661419918,0.9414678483326031
190,0.005401492704626934,-1.2785392615055202,0.9395219247420878
191,0.0058231588418236994,-1.2752959057039308,0.9380266005979498
192,0.006177300729720541,-1.2729230016125386,0.9366974545741793
193,0.006419438183664399,-1.271436978568111,0.9354642771024921
194,0.006457091953757554,-1.2705357032177904,0.9340206963978046
195,0.00612812797706179,-1.2697255752177066,0.9322425291717567
196,0.005627112339959899,-1.2685099049389068,0.9303676937057821
197,0.005342489403832779,-1.2665670708385464,0.9284804413344072
198,0.005400874096223172,-1.263855048970039,0.9265194534407692
199,0.00554841253812448,-1.2606093641686686,0.9243381343573565
200,0.00560733293924371,-1.2572418998314134,0.9221412560549869
201,0.005812426802812895,-1.254183104630696,0.9198555248651372
202,0.007796768068822839,-1.2517276528433992,0.9172312948146901
203,0.010298708104665572,-1.2499384213157003,0.9147945066232528
204,0.010960940146013436,-1.2486391448420466,0.9128999650801095
205,0.012408681390475775,-1.247492423870991,0.9113905425499729
206,0.014492102581598908,-1.2461295941452457,0.9101079086062778
207,0.01500090644305567,-1.2442004282945338,0.9086563947307362
208,0.014950397681378416,-1.2416700097904498,0.9067981521918282
209,0.015269457323669279,-1.2388653941514765,0.9049172788484166
210,0.015835645412548185,-1.235974063109285,0.9031341825261219
211,0.016264100052364325,-1.2331410244366827,0.901229993355452
212,0.01639026359041717,-1.2306329109451775,0.8992015721508144
213,0.016121216658270432,-1.228595164685419,0.897108734734331
214,0.01559352757083321,-1.2269724149321943,0.8950078449116101
215,0.015165874587791048,-1.2255533261041096,0.8929961026845663
216,0.014923839629110695,-1.2240689293846474,0.8903638685813737
217,0.01482271554490723,-1.222294321235426,0.8867874000473828
218,0.014919793001233209,-1.220122231387224,0.8837054351832849
219,0.01511963327086608,-1.217589960410021,0.8816857675108123
220,0.01527239044340406,-1.2148556318918713,0.8800130893921985
221,0.01539246840496962,-1.2121356171126307,0.8783226417537024
222,0.015529171094378201,-1.2096270161443456,0.8765560088632913
223,0.01560261083393756,-1.2074424519121076,0.8747562637925452
224,0.01544463621757175,-1.2055782091058633,0.8730025392420937
225,0.015085009418359448,-1.2039238242527173,0.871435324518322
226,0.014756484232182392,-1.2023066564668148,0.8698633589850169
227,0.01462788177918118,-1.2005538358993113,0.868048325992925
228,0.014651980202025662,-1.1985496913253417,0.8662746736492202
229,0.014718530292533977,-1.1962700726498485,0.864608157297984
230,0.014947288509819134,-1.1937840963712092,0.8627621260740885
231,0.01532974666080042,-1.191225233633559,0.86037068326715
232,0.01553299225292852,-1.1887434333352713,0.8571378298171495
233,0.015321840203935566,-1.1864551475886973,0.8536181003547001
234,0.014879819723012076,-1.1844074865918088,0.8507594865812482
235,0.014591693542270759,-1.182567005202145,0.8488018099965666
236,0.014504058381433087,-1.1808350605219489,0.847441496755069
237,0.014507955590799121,-1.1790007433022311,0.8463364411931322
238,0.01461612527177003,-1.1769932276411175,0.8452349556682286
239,0.014812339003344631,-1.174949898908646,0.844001709262824
240,0.014938674093496716,-1.17279122877998,0.8423042842832906
241,0.014947846516737535,-1.1704186849351923,0.8399727689976841
242,0.014984594297386529,-1.16796608633503,0.8375454956591395
243,0.014966477180158776,-1.1655994074103249,0.8353828778873917
244,0.014781137166024923,-1.1634219127447425,0.8333730255945486
245,0.014453954746109304,-1.1614544316388478,0.8314591957607189
246,0.014159656941569038,-1.1596458261887412,0.8288500850203135
247,0.014166628835244922,-1.1578966624676519,0.8252279416382944
248,0.01430222622631467,-1.156092359066069,0.8221189520757086
249,0.014303649669716749,-1.1541399183725383,0.8201744551454127
250,0.014365143513476286,-1.1519978789856138,0.8187382692540912
251,0.01459252027951579,-1.1496894790398775,0.8174418369819594
252,0.014643975902027012,-1.1472943030218188,0.8160884003572066
253,0.014432078388272061,-1.1449210734093458,0.8145985543634664
254,0.014193900459919022,-1.142670714236365,0.8130399956949592
255,0.014022259400325213,-1.1406021375684077,0.8115186302702093
0,0.01394078105541708,-1.1387123365510425,0.8101016929053868
1,0.015513587939091869,-1.136937595294909,0.8087869367381915
2,0.01787246045495724,-1.1351754953701696,0.8074373522240426
3,0.017118545171718604,-1.1333202824459097,0.8058690430447388
4,0.014772646424031671,-1.1312994824893443,0.803755894466748
5,0.013961984381670262,-1.1290990921836372,0.8010233301934675
6,0.014195982956716847,-1.1267684966343685,0.798268687345137
7,0.016128681540059114,-1.124403243756785,0.7958618215144031
8,0.01846834365748922,-1.1221115509136381,0.7936986306801321
9,0.017226193934246944,-1.119976214461619,0.7917502568173664
10,0.015917840445291806,-1.1180253452887072,0.7900141644272152
11,0.018811323093227,-1.1161399313965217,0.7884017910488308
12,0.02062545816557365,-1.1142761564601296,0.7868503889087086
13,0.019410097246738617,-1.1125283662342897,0.7850616684467582
14,0.020295761395191972,-1.110723731306663,0.7828209208121151
15,0.02296373266700344,-1.1086561830489128,0.7802963991204224
16,0.02423729007441306,-1.1063762526597278,0.7776297900411797
17,0.024223432907598333,-1.1040181892561423,0.7751929399419146
18,0.023792328853706288,-1.1017125318304162,0.7731744770730318
19,0.023418917321841884,-1.09955282246611,0.7713537108544022
20,0.023204748946354117,-1.0975777763884693,0.7688549345009503
21,0.023044075587467516,-1.0957628040029825,0.7651046407079165
22,0.02294829014528544,-1.0940285262009914,0.7615295352625762
23,0.023084366337083516,-1.0922682744860794,0.7593578100236196
24,0.02332018916934022,-1.0903861919897357,0.7581806216222227
25,0.023434777230262487,-1.0883318055485005,0.7573078040115779
26,0.023414434113014727,-1.0861180406592568,0.7563648466876656
27,0.02322209878683755,-1.0838160334212894,0.7549896429221228
28,0.022949941574614476,-1.081528786440574,0.7531117748919145
29,0.022844286663761704,-1.079353458073749,0.7513078842114933
30,0.022858881891332866,-1.0773461340405333,0.7498902768819311
31,0.022847746586982277,-1.075501904173254,0.7486977673055619
32,0.022751464338518303,-1.0737573672364018,0.7475605393115197
33,0.022644720521796995,-1.0720144255561377,0.7463518554364303
34,0.022637813852174817,-1.0701764542266168,0.7449767416308792
35,0.022661501387780683,-1.0681834877711047,0.7433465440564853
36,0.022727945288923267,-1.0660335688472342,0.7414687687314945
37,0.022775292956621562,-1.06378262001552,0.7394455061185377
38,0.022621854768317386,-1.061523164988488,0.7374171371704661
39,0.022383910179267025,-1.0593499801342525,0.7354856892594626
40,0.022255705681961196,-1.0573254450157683,0.7336444463608283
41,0.022142179889137976,-1.0554572937693978,0.7318601036282109
42,0.02203026801341299,-1.0536967314385368,0.7298403504094921
43,0.022000512124998296,-1.0519572778865904,0.7274246331460767
44,0.0219952116940679,-1.0501470818048095,0.7250751336583601
45,0.022044226382201375,-1.0482026180416861,0.7230451429981322
46,0.022093756440064005,-1.0461113782222622,0.7212005182749246
47,0.022042508741593823,-1.0439154303087972,0.7194222530536651
48,0.02203687959341199,-1.0416949055916644,0.7176292387229462
49,0.02201402416289941,-1.0395378681518,0.7158470927922209
50,0.021914842389263806,-1.0375079043988245,0.7131005161669919
51,0.02196332104086382,-1.0356213815773172,0.7089769817258402
52,0.022011786828900155,-1.0338425195531804,0.7054776883467173
53,0.02184445069618776,-1.032097696188449,0.7035197756661289
54,0.021715899754670143,-1.030303301564429,0.7022431339738617
55,0.02179502816205304,-1.0283965992428374,0.7011182478832618
56,0.021868787360514994,-1.0262757561637326,0.6999343939904941
57,0.021817642801853457,-1.02401523895275,0.6986415206018328
58,0.021649943235553727,-1.0218851357211887,0.6973557226043481
59,0.02148837703036042,-1.0198815269645238,0.6962205695612074
60,0.021464637348111867,-1.017899050627023,0.6952286920578898
61,0.02142719720699786,-1.0159846883974115,0.6942824241271561
62,0.021417129659797536,-1.0141671595207984,0.6932415759980823
63,0.021551896321510597,-1.0124089836091126,0.6919689339007677
64,0.02162837668264546,-1.0106351457242817,0.6903644099900519
65,0.021460197204790213,-1.0087767923700928,0.688370981932223
66,0.02111533052628374,-1.0068013119645287,0.6860714440063131
67,0.020857104997479725,-1.0047225386815546,0.6836692072941271
68,0.020801907330133734,-1.0025928521092422,0.6813992868792234
69,0.01928502770413891,-1.0004822081492297,0.6794447863524737
70,0.017138166571039525,-0.9984519465070023,0.6778054952494628
71,0.018208786997379545,-0.9965326839561466,0.6763620585255661
72,0.020748119613942566,-0.9947141063011795,0.6750013776375539
73,0.01986604841966913,-0.992950050406114,0.6735557918390649
74,0.015387808488110083,-0.9911765713997238,0.6718553024629912
75,0.011716379427918415,-0.9893359591977084,0.6698729197518845
76,0.012542709194543984,-0.9873976846062651,0.6677264186333087
77,0.015229260411517648,-0.9853686749091075,0.6655625593895014
78,0.014502885748679951,-0.983289499513686,0.6634930682565974
79,0.011871961178650234,-0.9812183469448299,0.6615971994952115
80,0.010836160924476618,-0.9792090997066372,0.6588293746720493
81,0.010931141827952795,-0.9772917628571447,0.654724114322222
82,0.011158236974185665,-0.9754623448438133,0.6512281215139619
83,0.01120133490851176,-0.9736855608429158,0.6492003704893579
84,0.011046675547464226,-0.9719088968040062,0.6478506311710492
85,0.010771606842408899,-0.9700824551954366,0.646686526539993
86,0.010671545726231045,-0.9681770911396907,0.64548824781127
87,0.010861350547292235,-0.9661942601242361,0.6442439653601273
88,0.010984580741577453,-0.964164291725476,0.643034815123102
89,0.010836698023271682,-0.9621341763092008,0.641969894576035
90,0.010642867297065435,-0.960149751153879,0.6411045290561297
91,0.010554033572627946,-0.9582390276414601,0.6400907948703987
92,0.010511968272716006,-0.9564027096503329,0.6386050705280482
93,0.010543890935564012,-0.9546150705998651,0.6369231628243772
94,0.010601255455525538,-0.9528344347353643,0.6351672604971323
95,0.010584622052176296,-0.9509365952392681,0.632938185790652
96,0.010550125304673755,-0.9489393991396864,0.6301722323959646
97,0.010547369000578653,-0.9470433449290443,0.627521603700977
98,0.010661583154037691,-0.945187338866869,0.6253953993256902
99,0.010822998585597172,-0.9432415002209957,0.6234926306148767
100,0.01079985166349939,-0.9412688832184686,0.6216552833146503
101,0.01057430208447159,-0.9393479684462673,0.6202148773478595
102,0.010437726664145323,-0.9375058728815309,0.6191473707581614
103,0.010536272646206959,-0.9357233355558519,0.6178090987925937
104,0.01063589349125,-0.9339585818421283,0.6158788599065912
105,0.010608551353417171,-0.9321684670853605,0.6138062678592908
106,0.010460558313705869,-0.9303235570351283,0.6119157340381833
107,0.010232541069840045,-0.9284167678670894,0.6101640134193609
108,0.010102969990311048,-0.9264642984761418,0.6085818145500168
109,0.010127110859325814,-0.9244986409903846,0.6071766503650347
110,0.010184516890946297,-0.922556126835556,0.6051484723997025
111,0.008622863335443775,-0.9206636188378652,0.6021185245774334
112,0.004705891034278067,-0.9188292387782,0.5994705264564053
113,0.0031624147432549356,-0.9170403452472611,0.5978311807557257
114,0.004670582113814017,-0.915269152091466,0.5965749258204069
115,0.0038563827961504557,-0.9134835563100459,0.5952781858885992
116,0.0013970189553350896,-0.9116589718207071,0.5938329597417031
117,0.0002722920263751394,-0.90978682267313,0.5923755044333654
118,0.00015459978547391253,-0.9078767950739501,0.5910348663127796
119,0.0003324770136035205,-0.9059523692135723,0.5898885022817473
120,0.0005071478620020517,-0.9040416130879603,0.5889805986429328
121,0.000571781622062539,-0.9021668263613933,0.5881906740003695
122,0.0005847219898945715,-0.9003368370845677,0.5872713776342631
123,0.0007241263975147532,-0.898544579935455,0.5860336385230718
124,0.0008698286389289102,-0.896770527382579,0.584394846322021
125,0.0008428661781038184,-0.8949904004224636,0.5823785427268227
126,0.0006110698959165797,-0.8931841366991562,0.5801163827350957
127,0.00024063619173546802,-0.8913428216537564,0.5778058425379333
128,0.00005631371652392776,-0.8894712180058097,0.5756686548666898
129,0.00021275868448279332,-0.8875852541373654,0.5738696757646071
130,0.00037344227563373576,-0.8857056789159627,0.5723902174071962
131,0.00040615792208037417,-0.8838503867123251,0.5710711543331792
132,0.00045830505588951914,-0.8819458008912995,0.5697570369995317
133,0.0004366219839045328,-0.880033669696398,0.5683496036755629
134,0.00041482166583589044,-0.8783043265408579,0.5667738733298502
135,0.0005285169491045193,-0.8766577031701299,0.5649934150279579
136,0.0005101063114423465,-0.8749114890025536,0.5630601279045657
137,0.00023394671941926728,-0.8730822952221304,0.5610578526232011
138,0.00006010542314284744,-0.8712244940382652,0.5590956535119342
139,0.00020065503451960386,-0.8693709695902267,0.5573071318471572
140,0.00042399532942477254,-0.8675345736870659,0.5549469490750396
141,0.0004737455106112857,-0.8657192106388525,0.5515927393976483
142,0.00034078910184855496,-0.8639239949589137,0.5484026293250865
143,0.0002230246185957398,-0.8621434288759864,0.5459321716673293
144,0.00028337967424976306,-0.8603684379729377,0.5440774199130853
145,0.0004667286302091054,-0.8585893323368476,0.5427390310558389
146,0.0005556943470524688,-0.8567992514594862,0.5415677307090949
147,0.0004851697313495054,-0.8549963892852266,0.5404103905420157
148,0.000302166497887093,-0.8531841615348066,0.5393384757005342
149,0.00014608952649469687,-0.8513694807965604,0.5384877400206427
150,0.00023639767107134623,-0.8495599951013539,0.5375882551994755
151,0.0003762343813677599,-0.8477613916594415,0.5363983370434404
152,0.0003145458466769836,-0.8459756938390952,0.5352637465699983
153,0.00020139760093203078,-0.8442010123013,0.5342292823629167
154,0.00015072198481896892,-0.8424326472082262,0.5329679035131647
155,0.00010332188811639832,-0.8406649876288737,0.531367116547256
156,0.00010408370420850904,-0.8388934592387782,0.5294578283127935
157,0.00012748653804678422,-0.8371158649402912,0.5274034136165948
158,0.00001140343844423697,-0.8353327672527748,0.5254338669693885
159,-0.000050398835041093456,-0.8335469368038244,0.5237391340549109
160,0.00014933625455280984,-0.8317621946167315,0.5223744351113844
161,0.00031710785811223715,-0.8299821128768214,0.5212354797500531
162,0.0002459356118964726,-0.8282089967996078,0.5201465283934052
163,0.0002121982166800227,-0.8264433985878168,0.5186378393950375
164,0.0003776468972476125,-0.8246842014258866,0.5164678854104638
165,0.0005085991469720448,-0.8229291397039575,0.5141469067047173
166,0.0004732405334378607,-0.8211755349959207,0.512038885991658
167,0.00028530475520592796,-0.819421027835233,0.5101162234517076
168,0.00008807277377578782,-0.8176641421498982,0.5083572185731096
169,0.00012265634613622522,-0.8159045924071555,0.5067799900731436
170,0.00021587179657697416,-0.8141433043381823,0.5046248510614164
171,0.00021592886230037715,-0.8123821623468328,0.5015532483139076
172,0.00023405527366525495,-0.8106235303301772,0.499003726967185
173,0.00017505098575986086,-0.808787198499854,0.4975416173350822
174,0.00012987316169125806,-0.8069191332524523,0.49647721684780066
175,0.0002476587594831207,-0.8052225595455802,0.49543697247251406
176,0.00034300801638435075,-0.8036137088356434,0.49430894749994714
177,0.00023312288307321687,-0.8019237584524381,0.4928472954685501
178,-0.000025693673460118645,-0.8001751845534901,0.4910086561424658
179,-0.00011046219826027514,-0.7984188991289001,0.4894195085683186
180,0.00010881890962962694,-0.7966768497986911,0.4883931117231197
181,0.00027094564185507655,-0.7949479717871344,0.48764844163764587
182,0.0001594427868657505,-0.7932245857450155,0.4869016032296032
183,-0.000008798396984009216,-0.7915006677018463,0.48597495067687824
184,-0.0000012821056190370815,-0.7897734940003271,0.4845144035764941
185,0.00016676322691668965,-0.7880431305726736,0.48236483304306965
186,0.0002822992997457285,-0.7863116071315033,0.48011237840727516
187,0.00018186839642185787,-0.7845818846088473,0.4781790318868593
188,0.000016382063220656473,-0.7828566125572483,0.4765024696600826
189,-0.00001996429799624674,-0.7811370471054087,0.47506870926821665
190,-0.000044145420722935215,-0.7794225966874779,0.47388656689311826
191,-0.00009006513232961608,-0.7777111990112724,0.4728702333872261
192,-0.00008521768358820997,-0.776000337385716,0.4718548895490495
193,-0.00008188487606393033,-0.7742882154953508,0.4707115178725494
194,-0.00003640556876408985,-0.77257455765035,0.46941744949290953
195,0.000012967620149576019,-0.7708606897748682,0.46795464525356434
196,-0.00002341612971130686,-0.7691488882659501,0.466303234104829
197,0.000005428688615043489,-0.7674413087323937,0.46455928240340194
198,0.00011650240647616619,-0.765738984401799,0.4628657566056229
199,0.00011634121482175311,-0.7640413430622406,0.46125483959505864
200,-0.00002077197213362983,-0.7623464540054994,0.4588923711023607
201,-0.00011942043480166545,-0.7606518914550631,0.45545957334909715
202,-0.0017607116908271,-0.7589558299687589,0.45223634252178546
203,-0.004074281379095704,-0.7572578857027674,0.449784085941195
204,-0.003105662180803208,-0.7555593290240201,0.44798054487614647
205,-0.0006987312823547882,-0.7538625680811617,0.44670665728441916
206,-0.0016228519987042563,-0.7521701195357675,0.4456325805506556
207,-0.004236675625877189,-0.750483507733058,0.44437343113808914
208,-0.005315397138686683,-0.7488025683112574,0.4428489924722496
209,-0.005337361319826572,-0.747125463744635,0.4416136849531991
210,-0.005052827430443338,-0.745449417979066,0.4408867264413072
211,-0.006372949578547782,-0.7437718697555273,0.4404239351619321
212,-0.008504587078791773,-0.7420915632972991,0.4399582994158442
213,-0.009275762396055019,-0.7404091148061536,0.43926107511619583
214,-0.009417922470261464,-0.7387268069061805,0.43824141068596245
215,-0.009559668887315416,-0.7370476828049155,0.4368816256572867
216,-0.009858135037033283,-0.7353743049107517,0.43526073645250674
217,-0.010156871545053042,-0.7337076872562511,0.4335605014138837
218,-0.010275133002619539,-0.7320468447963129,0.4319290109032248
219,-0.010146220259597615,-0.7303891540292757,0.4303975059000922
220,-0.009825799213209047,-0.7287313889884162,0.4289796615245385
221,-0.00936169173675298,-0.7270710185382594,0.42768390547852975
222,-0.008942373487489094,-0.725407240337355,0.4264317827886972
223,-0.008874113527132597,-0.7237413294839106,0.42509436212978935
224,-0.009184564044346238,-0.7220761541111456,0.42360743977364956
225,-0.009609353380762152,-0.7204150457243563,0.42199890338559753
226,-0.009860377542079052,-0.7187604731701998,0.4203036372094564
227,-0.009950230251120688,-0.7171130507682955,0.4185819964061894
228,-0.010061460546796946,-0.7154712791688222,0.4169407243973273
229,-0.010016237699089405,-0.7138321254071636,0.4154273473714518
230,-0.009639886705607354,-0.7121922145851884,0.4132092025493994
231,-0.009199848990408207,-0.7105491611300081,0.409927059248979
232,-0.009010113801816242,-0.7089025119385968,0.40706094219315436
233,-0.009122779271288364,-0.7072539282458685,0.4052635298202789
234,-0.009338068880147377,-0.7056065345247899,0.4039834110178695
235,-0.009527331123606375,-0.7039636922428412,0.4026605167099293
236,-0.009710750592379205,-0.7023276829321095,0.40103762524326125
237,-0.009790742171979533,-0.7006988184240155,0.3996114952680463
238,-0.009757727084545129,-0.69907532558183,0.39864532139332853
239,-0.009692516703534427,-0.6974540469054056,0.39792603403851246
240,-0.00956387092647613,-0.6958316775398758,0.39732840511576595
241,-0.009376609687385979,-0.6942060516574082,0.39676838906192136
242,-0.009105975220828701,-0.6925769756175264,0.3960873790761834
243,-0.008947232504150963,-0.6909462866621148,0.39487528989527054
244,-0.009015893633986152,-0.6893171218358938,0.3927329508034705
245,-0.009148055794085598,-0.687692689602875,0.390102506900204
246,-0.009292205387199208,-0.6860750271835596,0.38783197458417074
247,-0.009419485286430895,-0.6844642264315932,0.3861047581327246
248,-0.00957667054767054,-0.6828584223297389,0.38473570612607155
249,-0.009692423969703993,-0.6812545383582229,0.3836291011387605
250,-0.009646791998420112,-0.6796494899304335,0.38269434501504507
251,-0.009425624789581727,-0.6780413729225057,0.3818191448000843
252,-0.009083650277072516,-0.6764301777462842,0.38090633656193884
253,-0.008842831589110079,-0.6748177620807279,0.3799440094874258
254,-0.008885859050357822,-0.6732071047629937,0.3789577723756621
255,-0.009154928998518802,-0.6716011406809528,0.3779096246831404
0,-0.009395351439378384,-0.6700016344844812,0.37671367221689833
1,-0.00939873925200263,-0.6684085259683754,0.3753100020713249
2,-0.009196931467105984,-0.6668199892627469,0.37372829993681755
3,-0.009097034326041625,-0.6652331685766952,0.3720535318598902
4,-0.009236549940465626,-0.663645293603675,0.3695795349937522
5,-0.009367899988148229,-0.6620547379921917,0.36604263235674095
6,-0.00935418156490651,-0.6604616155169114,0.36300271655271443
7,-0.00919958455510754,-0.6588676957867752,0.36120319829904435
8,-0.008949028146275847,-0.6572756880666537,0.3600884207884435
9,-0.008872997187898257,-0.6556881831667936,0.35929082234393406
10,-0.009077214018286268,-0.6541066669017239,0.3585785030771761
11,-0.009205490484400173,-0.6525309811644815,0.35784613041328983
12,-0.009058153939336205,-0.6509594276238118,0.3570691930452652
13,-0.008867353660026604,-0.6493894566810188,0.35624540310468555
14,-0.008872830181902002,-0.6478186623173809,0.3553993908677463
15,-0.009056842344848166,-0.646163260873617,0.3545311531062685
16,-0.009113471236449917,-0.6444679537653184,0.35360738778729917
17,-0.008910051509760698,-0.642937366203258,0.3523093440714373
18,-0.008706996568291256,-0.6414912957099637,0.35042609184986606
19,-0.008739243156881633,-0.6399654647599051,0.34841512253441154
20,-0.008969733974765508,-0.6383863812719128,0.34661811587100266
21,-0.009072056752085913,-0.6368071561057602,0.34501437293216475
22,-0.008981448605312619,-0.6352493844107263,0.3435688274106853
23,-0.008990549557187463,-0.6337092179598953,0.34223457094063114
24,-0.009089365259758012,-0.6321746900048653,0.341018430343602
25,-0.009128095090548932,-0.6306354215768162,0.33992368357392244
26,-0.009120369451378417,-0.6290857385486441,0.3389245336079265
27,-0.00902169458191612,-0.6275251728478948,0.33794500543044703
28,-0.008807442799564611,-0.6259578369221326,0.33659752432177004
29,-0.008638386952019742,-0.6243906965080899,0.33472518855923483
30,-0.008673548761416617,-0.6228309609475509,0.33286398750655133
31,-0.008866624971191856,-0.6212834230427697,0.33126992994245086
32,-0.00891627095438427,-0.6197487617672426,0.3297788928108122
33,-0.008702982336598764,-0.6182234527048331,0.32838164204548626
34,-0.008497594290726055,-0.616701272723355,0.3263472653337267
35,-0.008539363903125232,-0.6151757621921061,0.32332189051506244
36,-0.008788724549644956,-0.6136426682033667,0.3205152911436271
37,-0.008911047106076368,-0.6121014442644876,0.31851845705306947
38,-0.008831113102011939,-0.6105552830886394,0.3172049255858874
39,-0.008751424562682405,-0.609009738770828,0.3164133703640142
40,-0.00862342108678658,-0.6074705244241816,0.3157899214082265
41,-0.008470180644475717,-0.6059413558687583,0.3151667835290032
42,-0.008483939587611303,-0.6044226530843575,0.31451772316521054
43,-0.008588053213934327,-0.6029115471237283,0.31387855839590195
44,-0.008541948288986023,-0.6014031245177118,0.31301771038493487
45,-0.008416114999600884,-0.5998923776293477,0.3115827468716382
46,-0.008376252246829297,-0.5983760901347699,0.3096486113890179
47,-0.00847705315563587,-0.5968539498105154,0.3077339817611253
48,-0.008615066502438894,-0.5953285096029359,0.30629342802907056
49,-0.00855951854270844,-0.5938040732731011,0.3051664500004476
50,-0.00839455012009676,-0.5922849834645003,0.3037125974217608
51,-0.008301676767062453,-0.5907739899733633,0.3017611889981069
52,-0.008272976053570535,-0.5892713084040477,0.299938399977674
53,-0.008268511691005828,-0.5877746851018335,0.2986634891183947
54,-0.008270593203431431,-0.5862803864670907,0.2979014910068689
55,-0.008276680327369699,-0.5847846861939814,0.29755644839360573
56,-0.008284550433609074,-0.5832852615862645,0.29738297648358136
57,-0.00828809823962793,-0.5817819780617661,0.297070916317108
58,-0.008280730021806612,-0.5802768031549108,0.29644203455277063
59,-0.008259764378702628,-0.5787729366529648,0.2954610562405371
60,-0.008228345009018485,-0.5772735326673717,0.29387677536610013
61,-0.008194306496480192,-0.5757805204953446,0.29139631692844814
62,-0.008249351893367153,-0.5742939626902741,0.2886046405990066
63,-0.008438242202175282,-0.5728121569414146,0.28645934151890784
64,-0.008597401897976923,-0.5713323937495893,0.28432669066291516
65,-0.008557324641444559,-0.5698520407249339,0.28155873697782396
66,-0.00843757851848458,-0.5683695228579237,0.2794336632189165
67,-0.008407667610410494,-0.5668848361383836,0.27846933842875166
68,-0.008345781578001268,-0.5653994337835178,0.2779300446810674
69,-0.008231942640163574,-0.5639155731671941,0.27743097028357266
70,-0.008245742851346105,-0.5624354091687889,0.2768508812848086
71,-0.00831551167047458,-0.5609601947282312,0.2759182773526557
72,-0.00821585228318043,-0.5594898821709415,0.2746252868534156
73,-0.00803783142005976,-0.5580232450552247,0.2735828904730806
74,-0.00804935143379525,-0.5565584339929905,0.2729959610254453
75,-0.008272549879244088,-0.5550937218482623,0.2725367372448678
76,-0.008400389426159737,-0.5536281407535573,0.2719589687734343
77,-0.008354017327804664,-0.5521617787730697,0.2711221709699305
78,-0.00831890835799291,-0.5506956525132505,0.2699801274647945
79,-0.00822805263099631,-0.5492312404808608,0.26861266260830285
80,-0.008090825313107761,-0.5477698839959952,0.26715591338555933
81,-0.00801159379135329,-0.5463122953441673,0.26573120156745444
82,-0.008044873081637548,-0.5447759175296674,0.26443712671562714
83,-0.008203350312181553,-0.5432044334013415,0.2633091566173149
84,-0.008325848217940447,-0.5417997072780738,0.26205928721090266
85,-0.008342851369510941,-0.5404781582622271,0.2604643649373908
86,-0.0083423265366342,-0.539072803510354,0.2588887817574951
87,-0.008374018377777598,-0.5376090843872965,0.2572644685754437
88,-0.008426804864284689,-0.5361409841536513,0.2553064839846433
89,-0.008466952964259575,-0.534692469906457,0.25343352156543864
90,-0.00838700894222704,-0.533262593559749,0.25166489304171713
91,-0.008144085719681029,-0.5318417089351164,0.24980380541422997
92,-0.007916649134009152,-0.5304203539284382,0.24831873689391182
93,-0.007811084650263027,-0.5289921167358975,0.2474212611196177
94,-0.007767781233138812,-0.5275545172681395,0.24685251118300278
95,-0.007826222051769523,-0.5261092097908171,0.24642150048852984
96,-0.007938231729892012,-0.524661194692482,0.24597528690140225
97,-0.007906296383573527,-0.5232169023898439,0.2451134629360464
98,-0.007890690666091053,-0.5217817392724158,0.24364617452348225
99,-0.00808093798910815,-0.520358065848171,0.24208296103477833
100,-0.008270316841846523,-0.5189444101166305,0.24074746230425437
101,-0.008230811812737302,-0.517536187840421,0.23928102640853466
102,-0.00798586932484147,-0.5161275911325127,0.23726381587122636
103,-0.007853070346770002,-0.5147138658955019,0.23481593424481195
104,-0.007900221555573992,-0.5132930847966675,0.23254402985891542
105,-0.007927758898028197,-0.5118667575019045,0.23096761262971155
106,-0.00791228018478941,-0.5104390956870595,0.23001358198032296
107,-0.00788905747806214,-0.5090152761829352,0.2293220299539943
108,-0.00788119230904552,-0.5075994144289762,0.22872666148562637
109,-0.007889061175094775,-0.506193039295793,0.22817318480806348
110,-0.007902055013575285,-0.5047946314324261,0.22761307595456526
111,-0.007909186900131884,-0.5034003516036414,0.2270332378450144
112,-0.00798635085688331,-0.5020056231843697,0.22643481966949008
113,-0.00800562680249985,-0.500606920372787,0.22580063828188723
114,-0.007894789125244071,-0.49920306523720703,0.22507155122263667
115,-0.007819233720973488,-0.49779555980225343,0.22388493461899406
116,-0.007711454248785818,-0.4963878734805234,0.22211640700134916
117,-0.007670216107720885,-0.49498401208487564,0.22031253700275533
118,-0.007835133323498136,-0.4935869548361549,0.21875298552217304
119,-0.007997642395508223,-0.49219756670859094,0.21737478314820358
120,-0.00794640836201916,-0.4891657109319152,0.21618500365572835
121,-0.007796897260271888,-0.48208118364892494,0.21487185524737096
122,-0.007817952850567172,-0.4734015169721444,0.21328165823386458
123,-0.007943214068646794,-0.46647221258269256,0.21085326226890044
124,-0.007995592154457797,-0.45897687703100565,0.2062900727130409
125,-0.00798630749459562,-0.4487554702887966,0.20093155125855344
126,-0.00796017262474857,-0.43720040020803186,0.19764641189275034
127,-0.007855849651194118,-0.4256942028038839,0.1965993718619965
128,-0.007637036823153039,-0.415940117032809,0.19651987518195374
129,-0.007548116333456513,-0.4086072055515928,0.19673262010684783
130,-0.007708138689269083,-0.4004947439194255,0.19705232652253707
131,-0.007868323254969098,-0.38996626592215833,0.19752981666266028
132,-0.007805330896624916,-0.3787439701829939,0.19826850577970423
133,-0.007559262504133649,-0.3697611875209156,0.19921092228560278
134,-0.007452665854976795,-0.3637536545888045,0.20011672767033273
135,-0.007625781567376654,-0.3566604190595045,0.20043688127239823
136,-0.007816742137504048,-0.3464900647242384,0.19975173387026024
137,-0.007782469085504451,-0.3349904091346857,0.1984024528188162
138,-0.007549439079260374,-0.3251247972988345,0.19670902307060661
139,-0.0074357390877560145,-0.31792803088932486,0.19473576957300942
140,-0.007503239835145156,-0.31016189230880087,0.19275649020321345
141,-0.007544667618387364,-0.3018763660695529,0.19108474049694135
142,-0.007614402760802774,-0.29523528716606584,0.18962744860458125
143,-0.007621071338033927,-0.2877533205792483,0.18826743303143445
144,-0.007433691003991997,-0.27946239304405707,0.18736732606337758
145,-0.007261997193166246,-0.2728693275106747,0.18692133175787662
146,-0.0072291861418713015,-0.26572585295057727,0.18647551481490687
147,-0.007255751671720639,-0.25769835497138427,0.18570509194033352
148,-0.0073508909736368505,-0.2507788277855284,0.18444984304565842
149,-0.007450273613410913,-0.24283066153415966,0.18255238128273027
150,-0.00744503885571951,-0.2341961682501258,0.18019220670147007
151,-0.005826104621490396,-0.2270864336834305,0.17815417852824417
152,-0.003500391326104791,-0.22085408828640496,0.17662502744829928
153,-0.0044282996551704736,-0.2150215913573298,0.17538017323463106
154,-0.005257487253884394,-0.2078704822500883,0.17386720449884951
155,-0.003538371407206451,-0.2001263247610373,0.17059869358746033
156,-0.003997254268846105,-0.1939170018357873,0.16594807959658614
157,-0.0061120893832286366,-0.1883555816456609,0.1620566091940045
158,-0.006999931880818441,-0.18253196202124883,0.15969618182650153
159,-0.00711289302491145,-0.17452197177214923,0.15861848529885725
160,-0.007160361331771444,-0.16572426030257992,0.1583879826889436
161,-0.007289564151881658,-0.15912639478675833,0.15862250994683091
162,-0.007427980518183115,-0.15377721928712645,0.15926114714442963
163,-0.007577698704935978,-0.14829546294975327,0.1602960034396671
164,-0.007677508712386073,-0.14235859184797894,0.16136669903291245
165,-0.007672188317096387,-0.13650526718322792,0.16184253601944304
166,-0.00758514725460273,-0.13103837278108194,0.16148447254822934
167,-0.007359047358633597,-0.12554712368823973,0.16059019172404126
168,-0.007063517383712031,-0.11984358742225026,0.15952142044834278
169,-0.006821202367371094,-0.11418325838535254,0.15824816805425945
170,-0.006697371743083845,-0.10849928472741238,0.15642727364826597
171,-0.006819839677559385,-0.10272885972305434,0.1541656754282878
172,-0.007227556147235557,-0.09695749759571753,0.15228627076162254
173,-0.005997112124458116,-0.09124591547086683,0.15130112634165338
174,-0.0019996194712611944,-0.08567993393782508,0.1511356446921558
175,-0.00022785090358773408,-0.08002177926187662,0.15126821076497227
176,-0.0017551966285328981,-0.07437146345350057,0.151139186633451
177,-0.002625948295389152,-0.06889540358086949,0.15079821736436744
178,-0.003905991928744943,-0.06339562006051633,0.14996453075294996
179,-0.005464140552173327,-0.05783029533957468,0.1483207682608843
180,-0.005772194208874724,-0.05215404116344133,0.14613304395309779
181,-0.005864624944614181,-0.04645557552197885,0.14347047095497079
182,-0.004755179297563701,-0.04096367188482272,0.14059826785969803
183,-0.0032278759100556817,-0.03725112276215438,0.1383291223386912
184,-0.0033395473606569887,-0.034254103627414476,0.13703554975552346
185,-0.003919587317509885,-0.029488436991494588,0.13643380937721106
186,-0.005373507492997934,-0.023795201369309987,0.13613328724797646
187,-0.006763865910749362,-0.01822116008367064,0.13574835195817353
188,-0.006285475955642154,-0.014622738127216511,0.13532476016823664
189,-0.005216653801040489,-0.01198865965173293,0.13492882568536108
190,-0.003225707768741669,-0.007559569423580999,0.13435129519020728
191,0.0001657049625358488,-0.0019189430864952894,0.1333616361122335
192,0.002102006288617189,0.003926278665375444,0.13204050548750262
193,0.0014537982279264061,0.007932692636714988,0.13102113112645158
194,-0.0012849777245328257,0.010850108879017752,0.1305329726892711
195,-0.00541580613376362,0.015291233506920299,0.13030617147103618
196,-0.007430752047890659,0.020718437959360965,0.1298438550648353
197,-0.006328242166479564,0.026198418472468586,0.12883104913144944
198,-0.0046444109802028614,0.029768303346046708,0.12736716321566427
199,-0.002406799444607921,0.03243572548588346,0.1253091447989274
200,0.0008802459891577782,0.03697694602658633,0.12271251729491439
201,0.0024442629800380603,0.04117381520632182,0.12000967116461769
202,-0.00025978299771676344,0.044512576294343464,0.1175085906979006
203,-0.004006590208944144,0.04883951401523705,0.11534671428172771
204,-0.004838367330379616,0.05244778872034003,0.11353908464133977
205,-0.0050594469442283505,0.055768130740738775,0.11204077283655295
206,-0.003837812727028961,0.06051709532618227,0.11101040976162524
207,0.000907014577776144,0.06403467260459908,0.1104673080389661
208,0.004711599617962303,0.06657219037045653,0.11010853675356314
209,0.004825419647791759,0.07069174902996317,0.11002792718641946
210,0.003048093217548793,0.07426080878447788,0.11027155611946898
211,0.0013033562848793756,0.0772939325682157,0.11055265594316205
212,0.0002697522361740992,0.08187850661287902,0.11073358986601173
213,-0.0014528499351807618,0.0856406819796765,0.10973335584206956
214,-0.0030044438925193873,0.08698945032287236,0.10606075605024057
215,-0.0006803864850667071,0.08907118879379208,0.10131764857891307
216,0.0016868554506955721,0.09368660988251659,0.09847728978020193
217,0.0009274556925577791,0.09742116989047178,0.09769843072042139
218,0.00124990735671748,0.10012400019194642,0.09749289820974635
219,0.000828331312596825,0.10426788925294966,0.09685117715264008
220,-0.001873297138814442,0.1076519082257894,0.09594887862514301
221,-0.0036997287760444884,0.10901123811267416,0.09531335345612846
222,-0.0057384945860507845,0.11136965428543916,0.09503732415703389
223,-0.005996980834425297,0.11601384442267998,0.09538923924744919
224,-0.0035738687331021493,0.11979646733981997,0.09608141658113029
225,-0.0033935423655458846,0.12277873506817133,0.09650199665109593
226,-0.0049017817455372405,0.12706515777216315,0.09646473418880125
227,-0.003943549126471352,0.13029895203344932,0.09587196333576364
228,-0.000285861261760223,0.13110718280649336,0.09499116668017227
229,0.0023335447133376597,0.13276292844335896,0.09402886001480107
230,0.0022129749364517975,0.13712858022296176,0.09298299159450152
231,-0.00046703822172031173,0.14109151931528635,0.09176669546490718
232,-0.00486788719778411,0.14255345188845525,0.09043409023209023
233,-0.00565115177555893,0.14446944461296785,0.08955354384406825
234,-0.0025771933136688394,0.14888829579956475,0.08929506741386214
235,-0.0019849208219908133,0.1526173690501662,0.08927507629447917
236,-0.003922990264708572,0.15356160744456543,0.08914814034605337
237,-0.0038106563599862447,0.15489465906021693,0.088399238014118
238,-0.0009446226682401498,0.15887609051778745,0.08684464997623634
239,-0.0005610535928175509,0.162588908290559,0.0851067167508586
240,-0.0031766042564069924,0.1639275025669905,0.08363133968082628
241,-0.0027679855997907524,0.16411657701761778,0.0824632769489341
242,0.0003674858996908642,0.16607069400531693,0.081378521556633
243,0.0027835101900945958,0.17080242000261192,0.07967765119519382
244,0.002479439442715753,0.17441585970984713,0.07646218704374591
245,0.0006266627332366694,0.17526934727814147,0.07215356830095157
246,-0.00030210842493803847,0.1751801233955259,0.06859598241331571
247,-0.0024746082608672337,0.17661700781572404,0.06633135526096773
248,-0.005709469799386829,0.18070113949479938,0.06493717012156897
249,-0.0077621250057186425,0.18424836893561247,0.0644003020039387
250,-0.00880332547760354,0.18551072295452958,0.06423822004562663
251,-0.009028330864719557,0.18603143106056014,0.06355127157586316
252,-0.008529651403488138,0.18815321387532713,0.06180507832793483
253,-0.007668679722332244,0.1925758156940185,0.058590072539034144
254,-0.006743119874053861,0.19606326554325915,0.05344909238330792
255,-0.005915815571886364,0.19694128272104972,0.04643356432287901
0,-0.005568762997743639,0.19685086331126767,0.037818890263639576
1,-0.005832004416182767,0.19864900217880233,0.027712494718781483
2,-0.006432153993965087,0.2030696474790551,0.01627239333247324
3,-0.007176512783428388,0.20657102313181497,0.003813808796191462
4,-0.00796321173715197,0.20758109151454407,-0.009206099841019555
5,-0.00844074129870397,0.2076634346303331,-0.0222244459767049
6,-0.008326274298212115,0.20948626175594431,-0.03467411906753759
7,-0.007646062837399308,0.21390551666293078,-0.04619559588247395
8,-0.0066573580922301215,0.2173527870996963,-0.05677014894003743
9,-0.005845601982625421,0.21820207642173028,-0.06692238008200646
10,-0.005526527570492646,0.21817840618923878,-0.07717123346845722
11,-0.0056929965656315785,0.21818137870390875,-0.08747254391875708
12,-0.006192384642534375,0.22000010609200205,-0.09792093102437643
13,-0.006883396451127514,0.22437932191100607,-0.10874731999928072
14,-0.007486594861343435,0.2278371699868853,-0.11988979556100327
15,-0.007626201658905639,0.2286901271772095,-0.13111650487154308
16,-0.00741610125021038,0.22856463163189744,-0.1421112406904521
17,-0.007062390787294058,0.22849573057682848,-0.15260936858095314
18,-0.006598575244861488,0.2303319907745499,-0.16252211346236195
19,-0.006208817144434563,0.23493516503205825,-0.17199392550165293
20,-0.0060572175343900775,0.23873150647994656,-0.18134003072298582
21,-0.006191238678598977,0.23944157382896503,-0.19088555565427695
22,-0.006533568881352272,0.23901280582399143,-0.20088726493275993
23,-0.006929805253596941,0.23911704868435435,-0.21144825123977018
24,-0.007135618063668336,0.23964312117638797,-0.2224119515492916
25,-0.007171997387341695,0.24177067857812407,-0.23319751317814807
26,-0.0071832616555402825,0.2459886689934624,-0.24314689875136952
27,-0.0069590606948746365,0.24892131763568148,-0.25220906870954984
28,-0.006461079246565346,0.2492587750574099,-0.2606962121181041
29,-0.0061346485012080815,0.24903829784509823,-0.26892812157766155
30,-0.006242157500554887,0.24940269478112165,-0.27722691497262064
31,-0.006467488202859535,0.2500925007534025,-0.2855674143698176
32,-0.00663214055182142,0.25048072306125835,-0.2937409660636118
33,-0.006896267334908156,0.25221486125914305,-0.3019270018892726
34,-0.007064921028059156,0.2564638842567307,-0.31043079813934304
35,-0.006902820261907238,0.2597027314762228,-0.3190556378434236
36,-0.006604966308505064,0.25997406655998934,-0.32730884558378526
37,-0.0063599458210267905,0.259364126687637,-0.3351622219467746
38,-0.006185958973393635,0.25939388574929145,-0.3429238169440566
39,-0.00609168849560042,0.25996931183473626,-0.3507763284156068
40,-0.006174221776009202,0.26056717859199097,-0.35857702378304124
41,-0.006461690277727399,0.26276052415028817,-0.36606057542144665
42,-0.005096274133137953,0.267171745870342,-0.3734451038547937
43,-0.0027434387206841924,0.2701698728106018,-0.38116934297700567
44,-0.003544887157937021,0.27029981420899396,-0.3891862703525435
45,-0.006096794390430655,0.26963247231796705,-0.3971410728210445
46,-0.007014563478558307,0.269396669730511,-0.4050150192918962
47,-0.006665498295775926,0.2697581262069342,-0.4127182132745486
48,-0.006089627620334499,0.27049188556725123,-0.41991078178858987
49,-0.005867894715792674,0.27282734204890524,-0.42673449562947163
50,-0.006193317196641415,0.2771932873601449,-0.4333667529215046
51,-0.0067618795737131795,0.28037090348277693,-0.4397088875933344
52,-0.0070984005847219075,0.28083062608133935,-0.4460244204869459
53,-0.007038513194254545,0.280156707015622,-0.4525002218353833
54,-0.006750846732624221,0.27962651262079863,-0.458971685506927
55,-0.006395651016152786,0.2796678010563912,-0.46556858232045073
56,-0.004453843124932203,0.28006838477944085,-0.47232465511301513
57,-0.0018602567766959986,0.2805760644537405,-0.4789643801414498
58,-0.0025779822605435723,0.2810404665025624,-0.4855746468672646
59,-0.005169318377099764,0.2811657706094428,-0.4921672607610508
60,-0.006382625000746853,0.28254941321965954,-0.4985067655652593
61,-0.006459864545615573,0.2862192537413356,-0.5045447919119106
62,-0.006395136815357845,0.28897277832340007,-0.5102927603836358
63,-0.006443840817421819,0.28912373426872184,-0.5160482363710464
64,-0.006402959417037,0.2886635409343148,-0.5219883307026176
65,-0.00468841301468481,0.28894463227630973,-0.5279535847305508
66,-0.0022467808713735535,0.28986518308697073,-0.5338526000140844
67,-0.001424185043395039,0.29089825954623083,-0.5396007551116446
68,-0.0014398818211250539,0.29147691622460514,-0.5451540562178365
69,-0.003062545651012976,0.293044464486212,-0.5504849916041179
70,-0.00528089075121705,0.29485114259471046,-0.555844782929543
71,-0.005818408346456303,0.2946898189141717,-0.5613737175060189
72,-0.005440122166929309,0.29528470920276784,-0.5668830098903073
73,-0.0052369401208592035,0.2971565338800295,-0.5722924380419954
74,-0.005684833835698084,0.29826392593065876,-0.577557983666878
75,-0.006544961560365499,0.2989742541731357,-0.5827216376552422
76,-0.007181262731462537,0.29986982428571163,-0.5878647313746566
77,-0.007226596915734872,0.30069944126564163,-0.5929944058800771
78,-0.006870234026543163,0.3011169007194432,-0.5980866983400503
79,-0.006350017276702837,0.30103618561810375,-0.6030967391621567
80,-0.005783347426340885,0.30036781399594625,-0.607952568608567
81,-0.005314848857208479,0.2994604234014252,-0.612618297660545
82,-0.003525265293251501,0.2987843449395997,-0.6171157749925165
83,-0.0014132376495894824,0.29989677467736264,-0.6215008182480315
84,-0.0027443432618853465,0.3037138481287922,-0.6258509580351213
85,-0.005682887983524544,0.30732265630304,-0.6302572683126415
86,-0.007001135740368588,0.30886381531547147,-0.6347804394824585
87,-0.007028452747695559,0.30956374761196226,-0.6393977127669861
88,-0.00660401323740133,0.31002323725192704,-0.6440766499981891
89,-0.0061544087273873,0.3102280303091818,-0.6487966892862402
90,-0.005852829537653172,0.310097649280731,-0.6532430102642801
91,-0.005797765934881811,0.30963868716210063,-0.657254850017956
92,-0.005819890925867162,0.30905600141733147,-0.6610276547220544
93,-0.005862669450599626,0.3083717866265828,-0.6646779263429874
94,-0.005971329479869999,0.307622689774638,-0.6683305754638773
95,-0.00614037288754272,0.30711054227116097,-0.6720939627185463
96,-0.006340147569330719,0.3072633509804651,-0.6760134365375605
97,-0.006320824990486652,0.309764734712055,-0.6801109161553449
98,-0.00600676667143759,0.3148782120949388,-0.6843900114921724
99,-0.0057058087111107915,0.31868008941890724,-0.6885780723557191
100,-0.005687197493801928,0.3193237358680773,-0.6925121512318613
101,-0.005844918431033606,0.31866893024291365,-0.6963402817370732
102,-0.005885765937781846,0.31793984895298333,-0.7001399917470188
103,-0.0059179312699525095,0.3175268044164631,-0.7039291522676872
104,-0.006116799568609213,0.3175377914484804,-0.7074642943130927
105,-0.006199451981318089,0.317796148687423,-0.7107004748075532
106,-0.005999501546293893,0.31809454905376267,-0.7139352671251324
107,-0.005764822290133566,0.31819454610342723,-0.7173409832840325
108,-0.005665622858530367,0.31805650697056265,-0.7209945868927912
109,-0.0057364395315181,0.3178801774902926,-0.724630835246814
110,-0.005953454038588289,0.31765440097674946,-0.7280698982730058
111,-0.006124733339948892,0.3172461626328186,-0.7314577741379613
112,-0.006077225218148918,0.31692124442320146,-0.734890786706051
113,-0.005852963571093939,0.31852452860040215,-0.7384400651040219
114,-0.005674962733145701,0.322593215279238,-0.7418222485008288
115,-0.00563680701367264,0.32587576188481227,-0.744908267044055
116,-0.005730648078904553,0.3268039524832649,-0.7479912365157113
117,-0.005848952561488161,0.3267751913963335,-0.7509937125194073
118,-0.005782674627079654,0.3267870045016422,-0.7539154925362652
119,-0.005713101664505296,0.32702643250903596,-0.7569971791581924
120,-0.005856223166529249,0.32718335171126667,-0.7600095436617027
121,-0.005939527908688503,0.32699891119668,-0.7628103623637053
122,-0.005782761854118263,0.3266579269708829,-0.765609310742037
123,-0.0056876367843236575,0.3263583470568534,-0.7682617948847197
124,-0.0057502526811203745,0.3259188777848505,-0.7706975670354645
125,-0.0057024291693311795,0.32539882831123046,-0.7731760913979921
126,-0.005566840045429601,0.32510582423428747,-0.7756333940824747
127,-0.005583654849846156,0.32502423581243745,-0.7780782461202955
128,-0.005781094724836528,0.3251181156375945,-0.7807732204982107
129,-0.005953187074073184,0.32544985136365945,-0.7835621126018792
130,-0.0059116833870758445,0.3258747439983597,-0.7863026485545817
131,-0.005776753332035943,0.32599257707760954,-0.7891505125098393
132,-0.005725101395964043,0.32571344115532297,-0.7919000031369459
133,-0.005725230130106597,0.325287072883384,-0.7944062160651226
134,-0.005802295115687688,0.3248425305166558,-0.7969252839808472
135,-0.0058938356114853225,0.32619760342055193,-0.799412704173597
136,-0.005892007919698777,0.3301373386250801,-0.801592051190323
137,-0.005772565487686057,0.33327380810033624,-0.8035992352913874
138,-0.00563868152510285,0.3338897950029016,-0.8057925157279748
139,-0.005624035600754796,0.333680586387178,-0.8080815218496689
140,-0.005589905950147873,0.3339368072596831,-0.8103554355616578
141,-0.0055904161316371916,0.3345890525638433,-0.812758575950653
142,-0.005750601611201039,0.3350609586477965,-0.8150976585232508
143,-0.005785331463470645,0.33506072590903735,-0.8170318193706003
144,-0.005629606770239845,0.33449476638371933,-0.818689456187748
145,-0.005583802500419349,0.3335813288453957,-0.8204678509717
146,-0.005573355398804648,0.3327050044615265,-0.822339182674134
147,-0.005506091214731147,0.33200657182859006,-0.8240360387511574
148,-0.00551417906883226,0.33165619492237275,-0.8257046673563395
149,-0.005579775770494396,0.3317865245969477,-0.8276537578391125
150,-0.005643817003698041,0.33232291629476307,-0.8297079764197504
151,-0.005581788358167104,0.33304083907398196,-0.8314606746838082
152,-0.005425562818169229,0.3335274266719619,-0.8329999469218996
153,-0.005390295870783291,0.333459910902852,-0.834710628567529
154,-0.005421641391239261,0.3329413718068981,-0.8364948680851914
155,-0.005386562124140109,0.332341984154377,-0.837999677113721
156,-0.005419363807512824,0.3333494762659086,-0.8394067800021361
157,-0.005538608588876235,0.3350653292451541,-0.8411488150592401
158,-0.005553431925058985,0.3354850752114391,-0.8430908155467174
159,-0.00543471536778797,0.33713807415617136,-0.8447990850678622
160,-0.005349853529587539,0.3397838244573682,-0.846100966558053
161,-0.005358159766587694,0.34115879518638137,-0.847251278255027
162,-0.005435435992564099,0.341678176831515,-0.8486281250392058
163,-0.005560344818095156,0.3417394397203448,-0.8501000739972193
164,-0.005586877437415871,0.341534010384304,-0.8513201596940307
165,-0.005406270165426989,0.34122096903982624,-0.8524467571793575
166,-0.005199149565953083,0.3406530046906595,-0.8538779994922177
167,-0.005252650276855363,0.33985753888736014,-0.855529700502061
168,-0.005399310907105718,0.3391923032854972,-0.8570696735637
169,-0.005463986868560328,0.33884428297144864,-0.858325541730232
170,-0.005528015912006749,0.3388508910361916,-0.8594832083649462
171,-0.00555769324475364,0.33912816037241944,-0.860888729045274
172,-0.00559471748322635,0.33950667226718323,-0.8624075098519555
173,-0.005597414851670602,0.3397894087144897,-0.8636658362373595
174,-0.005404892895446371,0.3399036753794521,-0.8647680800652235
175,-0.0050729211477940715,0.33974682864467565,-0.8661035308532985
176,-0.0048560387340928265,0.3392555040905758,-0.867618035745803
177,-0.004864534618612743,0.3385327865695037,-0.8690084728281642
178,-0.005071757389637728,0.3378490431494824,-0.8701538208076367
179,-0.0054042777576110285,0.3375649520288515,-0.8710009537785401
180,-0.005553301956318018,0.33764846371647106,-0.8717669234019745
181,-0.005376988838590632,0.3377935927522909,-0.8728378627250595
182,-0.005213428196128479,0.3379345365851456,-0.8741202900667551
183,-0.005270268541048277,0.33816548500659693,-0.8752316892907022
184,-0.005345550773056908,0.3382151391345626,-0.8762393496754828
185,-0.005238707154924539,0.33782636030857927,-0.8774683173040971
186,-0.0050817091153639565,0.33730456603113834,-0.8788239371858682
187,-0.005065351985988991,0.3369306904557561,-0.880068344623099
188,-0.005069268176762259,0.3365348322032078,-0.8811576827797878
189,-0.005050593847042505,0.33786604054123515,-0.882021821774944
190,-0.005070621800974038,0.3420443613987172,-0.8828435785080084
191,-0.005069238228552356,0.345559197808592,-0.8839687421091629
192,-0.00508942580099655,0.3462678107292465,-0.8852181121417586
193,-0.005182387495075406,0.3459121268858951,-0.8861977362016553
194,-0.005143774051211879,0.34589717143208376,-0.8867778772396036
195,-0.004896669067558309,0.3460578401318918,-0.8869635746639584
196,-0.004714763835013116,0.34603597678722386,-0.8870974544435675
197,-0.004737612763627257,0.345949051728204,-0.8876800510691467
198,-0.004861535926551492,0.3456242595518968,-0.8886915383982057
199,-0.004972315914800417,0.3449126464464095,-0.8897962135887343
200,-0.005095046341646262,0.34411818082640955,-0.8907417517885223
201,-0.005258555172090614,0.3434022718578681,-0.8913515462039943
202,-0.005236180404670072,0.34317741172782446,-0.8918205753853399
203,-0.005027551087962786,0.3437295109077261,-0.8925456521720196
204,-0.004961417325472093,0.34431600754768943,-0.893463232763724
205,-0.005045952413948231,0.3445356047409517,-0.8942655614521846
206,-0.005048910005640714,0.3445634673533462,-0.8948295364829333
207,-0.0049269709481299835,0.3441809094471504,-0.8951434532330325
208,-0.004933394890000574,0.3434410311093754,-0.8952475757278386
209,-0.005168091484073106,0.3426800551885326,-0.8954622308224849
210,-0.005271911270130925,0.3420117389885835,-0.8961528890702173
211,-0.005054615409223168,0.34169979006348683,-0.8971321697713446
212,-0.00477321103638873,0.3419039742864305,-0.8979835126052369
213,-0.004700156717762024,0.3422985109804847,-0.8984884497643693
214,-0.004845974365769378,0.34245446009874825,-0.8986032544412192
215,-0.004918128139757743,0.3424615339418662,-0.8984063366822248
216,-0.004778011128479143,0.34251019857579534,-0.8982709712408115
217,-0.0047458947253025355,0.34243100409916005,-0.8986856512810815
218,-0.004899014201070091,0.34225791786833326,-0.8995670957265718
219,-0.005013904531569819,0.34193770790152045,-0.9004746143248754
220,-0.00503438428700629,0.3413831585838091,-0.901177705065582
221,-0.004981809974204677,0.3408479883036267,-0.9016238003462962
222,-0.004975546881983459,0.3405479193943054,-0.9017640895678092
223,-0.004923003249672951,0.34037211352138597,-0.9015863700759912
224,-0.004693857382181289,0.3401600045155966,-0.9014389387861246
225,-0.0045909949790300785,0.3400845053189828,-0.9017642147781584
226,-0.00469970524069591,0.3401493117782053,-0.9024493364999904
227,-0.004730827102746313,0.3402430757789201,-0.9031321620700719
228,-0.006324166523036126,0.3403035524032345,-0.9036356717613496
229,-0.00871446663155135,0.3400590523477526,-0.9038808010851209
230,-0.009625142220960897,0.3395093423550499,-0.9038410142495938
231,-0.009771768693898585,0.3389935605466815,-0.9035823222273072
232,-0.009786613861977354,0.33873851453748527,-0.9034436160865598
233,-0.009824346644529067,0.33877037007447874,-0.9037935213340655
234,-0.008126020138151474,0.3389778385437049,-0.9044666771354528
235,-0.007320636730741827,0.3390303381290459,-0.9050692764576591
236,-0.009096195181700132,0.33886524167639964,-0.9054387556555032
237,-0.008412506085936293,0.33880097558289846,-0.9055598565982943
238,-0.005720878994896577,0.33867403292513243,-0.9054664493497304
239,-0.004325083172101302,0.33807119707635314,-0.9052046687274355
240,-0.004200518149852063,0.33874802388627856,-0.9048305822301623
241,-0.004408156680320996,0.34219319149431815,-0.9046225389924731
242,-0.00451257370653977,0.3454697560437885,-0.9048950300712857
243,-0.00615402334346086,0.34642731489135514,-0.9054578290297179
244,-0.00858929313102164,0.3462070948083307,-0.9059333140859884
245,-0.007860766742326573,0.3459325051698766,-0.9061645581385522
246,-0.005493555222387807,0.3460711800193417,-0.9061409342567157
247,-0.004692677183922578,0.3465692625195841,-0.9059524474199825
248,-0.0049136516281952855,0.3468260400151215,-0.905690797622539
249,-0.00521220610515522,0.3462260228104225,-0.9053861126940967
250,-0.005163482291156042,0.34522875444788514,-0.9050126995506584
251,-0.004765935762590259,0.3445480213204155,-0.9045041357117456
252,-0.004315392556876477,0.34411649303561986,-0.9040385250061549
253,-0.003973859797078431,0.34386607412419146,-0.9039448188029313
254,-0.003798847043003796,0.3437862144835835,-0.9041333074083386
255,-0.004000123144270661,0.34378444374936756,-0.9043002322263067
0,-0.00448988448137054,0.34397389874795814,-0.90434877914364
1,-0.004903820065654763,0.3442407533209727,-0.9043217107660881
2,-0.005084957704334838,0.3443822172480159,-0.9042655808805584
3,-0.00500807860537116,0.34414865379838,-0.9041973384754871
4,-0.00481174405543991,0.3434057759847634,-0.9040858406522356
5,-0.004563618146511034,0.3426534034906299,-0.9038211027002458
6,-0.0041958724518371335,0.3421667630619072,-0.9032790065922209
7,-0.0039037894018273973,0.34174564644882377,-0.9026588907020914
8,-0.003986176412300729,0.3415720859600645,-0.9023593644254415
9,-0.004261339151108493,0.3420062603039917,-0.9023560619411124
10,-0.004422958429711341,0.3426831899039272,-0.9024129446924087
11,-0.004529974316351566,0.3430272399969153,-0.902468073493714
12,-0.004611336700792501,0.3427542684960254,-0.9025622328286969
13,-0.004643784017725416,0.3420274773768206,-0.9027140313518034
14,-0.0045518143216966185,0.34140623363443934,-0.9028455851270003
15,-0.004205286114544115,0.3409190404563901,-0.902832461935509
16,-0.003806275184019204,0.34025652383077787,-0.9025203288075305
17,-0.0037053323221602217,0.33968227088759206,-0.9017837592329463
18,-0.0038758607053456517,0.33972561341771446,-0.9006370824513792
19,-0.0041178259297248165,0.34017468871598977,-0.8994687986117205
20,-0.004366155100815169,0.34053050437300947,-0.8985608780173422
21,-0.0045678496087460455,0.3406554037195684,-0.8978539273445181
22,-0.004662991730322174,0.3405258208480094,-0.8975980745176697
23,-0.004618225226013644,0.3401586080375931,-0.8979114573814089
24,-0.004533901115846244,0.3396234163547295,-0.898504790751689
25,-0.004347325787420605,0.33887621649981303,-0.8990995285230161
26,-0.003983322750778083,0.3379751635603011,-0.899504582581875
27,-0.0037964310175715894,0.3373468457068326,-0.8995892109005168
28,-0.0038999177221046774,0.33734496425813565,-0.8992757732263637
29,-0.004001036832020598,0.3378241270995973,-0.8985591605221859
30,-0.002493796851280804,0.33806659444262366,-0.8974994721247822
31,-0.00030421953614850894,0.3378706365361459,-0.8962711900709346
32,-0.0012185703045383151,0.33759867517289344,-0.8950514884898966
33,-0.0036881991114767077,0.33713703526713457,-0.8941569598208572
34,-0.004507254016465007,0.336711728389671,-0.8939934450363758
35,-0.004004032736593854,0.3364917215373979,-0.8944517309936333
36,-0.0034214936703213204,0.3360529245525625,-0.8950852405430325
37,-0.0033702528393238073,0.3356885961698174,-0.8956022351113204
38,-0.003608264915867739,0.3358033437537301,-0.895847203230522
39,-0.003958679205526845,0.33584830540136246,-0.8957620675708164
40,-0.0026972715556619273,0.33545142736471234,-0.8954192852192908
41,-0.0005285844774210735,0.33518862847936304,-0.8949106113694856
42,-0.0013953617118301568,0.3353818379135014,-0.8942329192245326
43,-0.0037406735741757798,0.33554034674178423,-0.8934043188230736
44,-0.004309067918964597,0.33536433478140815,-0.8924563511140642
45,-0.003650285924938169,0.33484511051941923,-0.891384660572422
46,-0.003011487968911118,0.3340814244649273,-0.8902096011644258
47,-0.002887243018740486,0.3336436041923522,-0.8889763518412037
48,-0.003276075499640374,0.3337781720940347,-0.8877690360054062
49,-0.002420976872480149,0.33379971366464434,-0.8869126815395436
50,-0.0007931050867477918,0.3334843809948067,-0.8867826056725696
51,-0.0019592598054467628,0.3333652918352873,-0.8872253303691937
52,-0.0025942791979141136,0.33340685161910033,-0.8878079291081034
53,0.0011457937756103789,0.3333078692960266,-0.8882822689515923
54,0.005267680145273929,0.33309842156990177,-0.8885462810900018
55,0.006850924586503382,0.33286020035277974,-0.8885716671041699
56,0.006929449349233938,0.33262739609194236,-0.8883646856303375
57,0.00654355812451975,0.33239801127785495,-0.8879276226737458
58,0.006100113612030649,0.33372972155839375,-0.8872686745726548
59,0.005723386976202848,0.33734213525012835,-0.8864258055687388
60,0.0053063848860303384,0.3385395813821197,-0.8854427442761281
61,0.005020859334152427,0.3366930520046768,-0.8843334570770143
62,0.005103673358936085,0.3372189121411229,-0.8831068141223444
63,0.003732461161839014,0.3377299531572445,-0.8818290337636441
64,-0.00002991605097564347,0.33617394267679324,-0.8805902093653661
65,-0.0013509138098206919,0.3371088737989648,-0.879436311886447
66,0.0005249761116318027,0.33789957982857266,-0.8786219126734962
67,-0.00008367262699238501,0.3345865637462252,-0.8784839512871829
68,-0.0011971625302894025,0.332490923973233,-0.8788716544079875
69,-0.00036858807100931083,0.334972582939392,-0.8793972665311003
70,0.00006506894328352046,0.3376431575880262,-0.8798162433443433
71,0.0016647663367940595,0.33795460917462783,-0.8800115971534033
72,0.003985559991949586,0.33749553869813753,-0.8799721616071321
73,0.004982557042623948,0.337529188549212,-0.8797073373050988
74,0.0038771207981205848,0.3380571170439002,-0.8792490504096464
75,0.002103061548940771,0.3385377310883051,-0.8786409814750891
76,0.0018972433300553579,0.3386104625286023,-0.8778738991727741
77,0.002256947162353997,0.3383633198704812,-0.87691894471895
78,0.0038094539753524455,0.33792398221470443,-0.8757931361923603
79,0.005496297359427275,0.33720245479536337,-0.8745496475469747
80,0.005193163217685318,0.3363112132852806,-0.8732633040210294
81,0.002435942810471629,0.33550153077309985,-0.8719998312941013
82,-0.0004983908114940677,0.3349736013233213,-0.8707935959307687
83,0.0008532873694570738,0.3350066181089655,-0.8696745298771331
84,0.004450186345004013,0.3354867963047129,-0.8686430792938595
85,0.004831767859380769,0.3359577833222074,-0.8676633426681866
86,0.002905505538584093,0.3361496700147458,-0.8666954707546806
87,0.003376073898479129,0.3358651594023647,-0.865705773307778
88,0.00516763096552628,0.33517042863154634,-0.8646616624516925
89,0.005411096819866637,0.33441185717915556,-0.863555624758443
90,0.004703302080497707,0.33380723209928653,-0.8624259144559212
91,0.004089211966088102,0.3332771316456995,-0.8613057356872007
92,0.004120853381023732,0.3329015422203849,-0.8604554085239338
93,0.004676154536886416,0.33297586609154606,-0.860234675208404
94,0.005456954193975717,0.33336224205845155,-0.8605131292540604
95,0.006273450717658682,0.3336250889978011,-0.8609189347919899
96,0.006753417419742249,0.3336229405482217,-0.8612659172419295
97,0.00654247956705141,0.3333924982849459,-0.8614757149246723
98,0.00588865912571286,0.3328240365082531,-0.8615118328343638
99,0.005251643800288634,0.332023368737302,-0.8613607238802095
100,0.004668595920974958,0.3312701749234995,-0.8610087469092318
101,0.004290888047826718,0.3307899128733506,-0.8604522128422167
102,0.004471987311157076,0.33061250430268163,-0.8596740919208323
103,0.005020561489909564,0.33053503528924755,-0.858655984933689
104,0.005610895432334638,0.33055397516521434,-0.8574406794349474
105,0.006119613951979682,0.3306877529912027,-0.8561275160951731
106,0.006349874179513047,0.3308389017147947,-0.8548264167740571
107,0.006286079666009711,0.33080752462806995,-0.8535940941422924
108,0.00586593821359673,0.3303545023682716,-0.8524370151058154
109,0.005202445540455037,0.3296406648070711,-0.8513552890477127
110,0.00467922215313547,0.3289752721598721,-0.8503437914249115
111,0.004391474974410864,0.3285612188881444,-0.8493626263168226
112,0.0027563887672217117,0.32839567362800315,-0.8483368319625422
113,0.0006922695975064581,0.32834809427829503,-0.8472354454566404
114,0.002138545576673357,0.3283897777564939,-0.8460856039317495
115,0.005173302100810402,0.32837420521395144,-0.8449168616713556
116,0.0062031314102418125,0.32832631000385104,-0.8437618953913906
117,0.005743924192735541,0.3282386687414418,-0.8426462424990215
118,0.004902209644338021,0.32793220601190687,-0.8415750742191426
119,0.0027723567092191315,0.3275319192686572,-0.8408135843527873
120,0.0004284864191447975,0.327041085697799,-0.8407204022373365
121,0.0015803926491109663,0.3264248454595302,-0.8411205533884121
122,0.004439427580694901,0.3260423743487283,-0.8415887105895803
123,0.005646990699383795,0.32598695650943177,-0.8419156006014012
124,0.005542349346321668,0.32601739979221434,-0.8420347748971801
125,0.0034305766628660132,0.3261023652321027,-0.84193612486823
126,-0.0008862318150152692,0.32613872396010324,-0.8416511835095064
127,-0.004061042655932113,0.32597122264021683,-0.8412336890386141
128,-0.004681955900841257,0.32563598528359305,-0.8407101310346685
129,-0.00439874157090862,0.3252175843818059,-0.8400417925996009
130,-0.00420267381780798,0.32471381366974417,-0.8391667946450898
131,-0.004271195545175398,0.32423171619025093,-0.8380899704977507
132,-0.0029783274479627253,0.32392719160531414,-0.8368614126162113
133,-0.0009920003005295525,0.3237622734863699,-0.8355417478633882
134,-0.002024402115109028,0.3237400517195711,-0.8342107948393274
135,-0.004468220657310555,0.323667775732577,-0.8329303338604754
136,-0.003418733102227102,0.3233425960951497,-0.8317415820185752
137,-0.0002330004978239944,0.3230289840443019,-0.8306617969982195
138,-0.00018915949643092886,0.3228977576690093,-0.8296756182018963
139,-0.002491165056479838,0.32273960547127123,-0.8287444078231245
140,-0.003931770915851713,0.3224444191803898,-0.8278006020721493
141,-0.004419561043990789,0.32203303595530064,-0.8267848772430719
142,-0.002878653887060663,0.3215570359357599,-0.8256690825567867
143,-0.0006474618153721745,0.32128235943115635,-0.8244739188201682
144,-0.00012401167386678208,0.32130060933060023,-0.8232756876233793
145,-0.00029666591003350146,0.32123749821333525,-0.8221259581323643
146,-0.0017903395565093787,0.3208785672807378,-0.8210423603792121
147,-0.0036307044358704667,0.32045016641262236,-0.820031516935336
148,-0.002052332746968012,0.32011449562622096,-0.8190538473852675
149,0.0010179440876316066,0.3199112023520406,-0.8180580720411621
150,0.00025178191032034294,0.31975252312764,-0.8170241482670408
151,-0.001237615179246948,0.319434400348634,-0.815937461179085
152,-0.0006292645259782549,0.31913622880290105,-0.8147901672073576
153,-0.0005119871377216381,0.3189855627679369,-0.8138668552157706
154,-0.000716871321522608,0.3188286244376719,-0.8133172602150651
155,-0.0022573769197000437,0.3187178803029799,-0.8126878593337574
156,-0.004187877830352148,0.3185359466197567,-0.8120122635685174
157,-0.004295276293827827,0.31821454771323343,-0.8115677796504568
158,-0.003426645696777461,0.3179158601534656,-0.8112369786660785
159,-0.002692896666140466,0.3175706473637935,-0.8111658041652556
160,-0.002838828424213062,0.3171984071359296,-0.8113233564590563
161,-0.002200788968963356,0.3169894967867183,-0.8114027975957017
162,-0.0009186591079243314,0.3168621232275245,-0.811307441440885
163,-0.002524089833813442,0.3166535639459601,-0.8110273428112253
164,-0.005356400269718106,0.31647328837022726,-0.8105766645386496
165,-0.005922967385394766,0.31633017482419024,-0.8100249381109945
166,-0.0030455236798753744,0.31612659939951115,-0.8094216321279752
167,0.0008370184503816522,0.3158988877107609,-0.8087579659045461
168,0.0006613228290527854,0.31559970499695555,-0.8079860974602
169,-0.0021032569279609524,0.31527448813618864,-0.8070697114150969
170,-0.003688392228050579,0.31502624587648154,-0.8060442784133475
171,-0.004240491805143173,0.31471754876149194,-0.8049403381921798
172,-0.004665695208607934,0.31442267377303446,-0.8037431291635384
173,-0.005048072827352385,0.31421014428688243,-0.8024508536773438
174,-0.005190683222047521,0.3139433345999212,-0.8011223422578788
175,-0.003455599612852703,0.31372580504648206,-0.79983376965991
176,-0.0006775386576594513,0.313567906991028,-0.7986218542610071
177,0.0006969636020752908,0.3132944907870854,-0.797511504731871
178,0.002794692169074634,0.31290060224020233,-0.7964854268530783
179,0.005468603504623061,0.31265451051759263,-0.7954810161865211
180,0.0064151184348165795,0.3126582325539492,-0.7944799805184672
181,0.006191320504401042,0.3125472817836713,-0.7934752331631447
182,0.004080716095942901,0.3122032848202768,-0.7924499621825398
183,0.0013816943724076942,0.3119088100062606,-0.7913886685111877
184,0.0004591690594387132,0.3116796315939344,-0.790275969138623
185,-0.0011206947736174845,0.3113215428021531,-0.7891422049218204
186,-0.0032470965666248925,0.3108419128530716,-0.7880270100609446
187,-0.002332977231107144,0.31054040789769477,-0.7869344343094444
188,-0.00013364673633439045,0.3105432188813907,-0.7858720671489658
189,-0.0011837450241332162,0.31057040594791296,-0.7848267329394645
190,-0.0022447610124032777,0.31043851828547686,-0.7837333519123506
191,-0.000971644343238938,0.3101928381685526,-0.7825709620759711
192,-0.001657675528694313,0.30981462807079874,-0.781405058364042
193,-0.00356857826399206,0.3092984530452111,-0.7802877056182038
194,-0.004127206602191942,0.30891004715230996,-0.7791993243022195
195,-0.0021610647584334765,0.3087877987567098,-0.7781279494388254
196,0.0005555743728258081,0.30869816155653373,-0.777110528789771
197,0.0011211376534867347,0.30850513029004145,-0.7761468496328985
198,0.0005258217766966472,0.30819582533713763,-0.7751635514177444
199,-0.0017533556083858294,0.307870741138803,-0.7741148118619323
200,-0.004463951897619913,0.30773030215514874,-0.7730097588637217
201,-0.005025665066786141,0.30766178478887085,-0.7718932230686177
202,-0.004236166975336218,0.30739080645505434,-0.7708015234790224
203,-0.003321110053321554,0.3069802020163518,-0.7697095725342291
204,-0.002986650429377378,0.3066979514129462,-0.7686113325539075
205,-0.003378198659192304,0.3065081035215209,-0.7675580066428767
206,-0.004207756381076705,0.3062682844569117,-0.7665659975073513
207,-0.004972659915784265,0.30592981967386734,-0.7655745141589954
208,-0.005270151530476285,0.30558566064954673,-0.7645680713681267
209,-0.005033963954391653,0.30544504267302475,-0.7635614301164153
210,-0.0045121604572121166,0.30531741711105265,-0.762536637022005
211,-0.00393959270782469,0.30504839049252597,-0.761517894495298
212,-0.0035129831008246758,0.3048442835841715,-0.7604994622371408
213,-0.003399436352900376,0.30467170534817534,-0.7596958804002787
214,-0.0034547889653721003,0.3043183090345992,-0.7594894306912074
215,-0.003645960107736844,0.3038772745751558,-0.759805354624975
216,-0.004147797406764967,0.3035394823950799,-0.7602845092262458
217,-0.004668247952700232,0.30321703895006835,-0.7607023229029559
218,-0.004907285945833728,0.3029048599488603,-0.7609862673275458
219,-0.00496631402941871,0.30276923562582925,-0.7611173896551451
220,-0.004804817263566692,0.30278706309302317,-0.7610395087658985
221,-0.004303983476225331,0.3026492203448359,-0.760722210364563
222,-0.0036273555694666393,0.3022972618602283,-0.7601991466481657
223,-0.003242521339972375,0.3019468029876383,-0.7594596100262492
224,-0.0033917100779104585,0.3015610599767363,-0.7584840387320868
225,-0.0037366568459936064,0.3011703085447257,-0.7573216371350464
226,-0.004066113434604075,0.3009660264768532,-0.756016282320271
227,-0.004408605997540876,0.30086308745572454,-0.7546378825053621
228,-0.004641821702079538,0.3006910380576442,-0.7532852849553033
229,-0.004732367092998107,0.30054753209955576,-0.7520222435308779
230,-0.002889777034067166,0.3003458714217605,-0.7508692333284437
231,0.00006301288686578685,0.299940420517979,-0.7498066082680963
232,-0.00036898542640234795,0.29952958707197386,-0.7488148008439428
233,-0.0027606813165634205,0.2992369012002881,-0.7478530371988679
234,-0.0035893851512924877,0.2990752734476644,-0.7468327202932219
235,-0.0033699698898878964,0.2989407828083984,-0.7457442446733509
236,-0.003312916360187927,0.29862237158687943,-0.7446343270980573
237,-0.003688935790370631,0.29830225236856056,-0.7435271523150353
238,-0.0040987430261672855,0.2981190678687161,-0.742481326695446
239,-0.004424657500199273,0.29785079290710503,-0.7415305943813562
240,-0.004698402833405117,0.2975227064809295,-0.7406519441752015
241,-0.004617138120858655,0.297350081412467,-0.7397837201776487
242,-0.004091486229201952,0.2973347321125036,-0.7388456707543645
243,-0.0034981111337359103,0.29717594118020196,-0.7378374221668105
244,-0.003221151583037025,0.29681815947205314,-0.7368085428546942
245,-0.0032576479584087202,0.2965594621966352,-0.7357349406317995
246,-0.003361338260904916,0.29639705608639977,-0.734567203496965
247,-0.003531987199425317,0.2961059746932212,-0.7333347075262173
248,-0.0038205081852483863,0.2956658053497664,-0.7321055544810109
249,-0.0040791741588247325,0.2952780956921325,-0.7309266651003874
250,-0.004249878684284898,0.2950319927327666,-0.7298431302753705
251,-0.004245872333401127,0.29482930419468434,-0.7288573881544711
252,-0.00392029924866585,0.2962439582816223,-0.7278911062800624
253,-0.0034700696588268647,0.29845537829296476,-0.7268860444595251
254,-0.003265772828715603,0.29746209660098644,-0.725860660689094
255,-0.003321186166944808,0.2946951428442989,-0.7248279874824435
0,-0.0034800707889960578,0.29346624676187893,-0.7237516522949636
1,-0.003706776716505286,0.29356479490353005,-0.7226567048016501
2,-0.0038703312839311037,0.29381392984028176,-0.7216240779599927
3,-0.003934768352581854,0.29362098384500945,-0.720670887563404
4,-0.0040335973519647055,0.2948599298334418,-0.7197707877756754
5,-0.004065021389155725,0.29669571649800364,-0.7188973988775325
6,-0.0038201912944246068,0.29514110653723646,-0.7180237204921942
7,-0.0035315855394393927,0.2921984245312238,-0.7170989184173995
8,-0.0018489860713717405,0.2912169319549086,-0.7160945783808652
9,0.0021063618607280715,0.2915233068040738,-0.7150287775189055
10,0.003501737771853664,0.2935554180539732,-0.7139209264069781
11,-0.000013846037085424659,0.29585015871381404,-0.712818672936578
12,-0.0034094168832266222,0.2961042555080622,-0.7117544856849618
13,-0.0023969539961146546,0.2969488386824468,-0.7106957642864045
14,0.0005863847673971689,0.29851805163209744,-0.7096028889556882
15,0.0018280457926547113,0.2987839711616038,-0.7085120039915391
16,0.001654205490640037,0.2985781827388936,-0.7074642585284157
17,-0.000535469384742646,0.2970741582447811,-0.7064423529942714
18,-0.0033924579931992258,0.29345537597200044,-0.7054521748735247
19,-0.0043637799487731815,0.29057561262577014,-0.70446224947545
20,-0.004068829722435564,0.2899100593037899,-0.703403817246701
21,-0.003594994275912926,0.2915433194689465,-0.7022800448502646
22,-0.0034567101898604347,0.2933722697729223,-0.7011342282393196
23,-0.003573792585107394,0.29122038580731824,-0.6999980186055985
24,-0.0037575704184810432,0.287335652359758,-0.6988893762299531
25,-0.0038922220320313852,0.28718364682324804,-0.6978130003150274
26,-0.003934940770852519,0.2913075320455476,-0.6967633099561787
27,-0.00380193659524089,0.2938001599959712,-0.6957554349738901
28,-0.003644655067695993,0.2913762208418148,-0.6947888353301594
29,-0.0035818518633515374,0.2901096068814266,-0.6938312665088415
30,-0.003421561264210406,0.2918030289176269,-0.6928670893896998
31,-0.003322321494214033,0.29246708925231935,-0.6918675511521468
32,-0.0034093566267171718,0.29160167189013986,-0.6908528201132631
33,-0.0034492341093185497,0.2885699077340139,-0.6898645343191114
34,-0.0035283785166498726,0.286634168262336,-0.6888685925937457
35,-0.003706454849166884,0.28915419485121285,-0.6878704551297237
36,-0.0037193630080756233,0.29216279173560455,-0.6869212302554693
37,-0.003585285547722576,0.2931728746678727,-0.6860119661279431
38,-0.0035420390382658335,0.29349343410985773,-0.6850788694991825
39,-0.003634266126963293,0.29403576933121156,-0.684092665383218
40,-0.003609444897460491,0.2945848738852297,-0.6831009711615088
41,-0.0034486935843757918,0.2945987883704818,-0.6821340903071977
42,-0.0033801655411426065,0.29234354095828785,-0.6811550108143929
43,-0.003347982268419652,0.28904841155891836,-0.6801193549474067
44,-0.003338532046171235,0.28897763652607455,-0.6790346297216936
45,-0.003408643378458115,0.29054796416430784,-0.6779593673048914
46,-0.0034764459315401574,0.2890876757481432,-0.6771942046399395
47,-0.0034763091335039114,0.286327882698427,-0.6768330795980002
48,-0.003399721898769288,0.28558805856823566,-0.6763561167135705
49,-0.0033613506521377717,0.284521074142816,-0.6755125001589442
50,-0.003445925733658441,0.284376675524167,-0.6744778237484053
51,-0.0035293232731772707,0.2860197898276571,-0.6733738676870049
52,-0.003550980607435316,0.2863501144853241,-0.6722624194260007
53,-0.003509690311958513,0.28710990739281916,-0.6711555541585179
54,-0.0034837610675686713,0.28833798618436657,-0.6700370607360684
55,-0.0035620284810605456,0.2882845881076055,-0.6688867893175467
56,-0.003653123762531742,0.2877292404645475,-0.6676995251955962
57,-0.0037560811436631817,0.2875603555593267,-0.6664926648811935
58,-0.0038071887980116285,0.28815722909357944,-0.665550697614556
59,-0.0036338843887753942,0.28908304111144234,-0.665265998901412
60,-0.0033700741777660803,0.2896914786117506,-0.6655365687667485
61,-0.0033133482555045904,0.28959601510210886,-0.6657537483102907
62,-0.0034237198304329797,0.2888236245809359,-0.6653561550784894
63,-0.0035299114045151733,0.2877772663051714,-0.6643618569465224
64,-0.003540770893329553,0.2866247005284658,-0.6633236365175375
65,-0.003508185177779644,0.28550973025603854,-0.6627440658147983
66,-0.003533960415937185,0.28486258334284875,-0.6622912420417684
67,-0.0035541100023733507,0.2849502704378921,-0.6612555289412276
68,-0.003595960991431847,0.28551672229438885,-0.6595985857800497
69,-0.00361716311342143,0.28601562456702445,-0.6576692247427787
70,-0.0035364568421874546,0.2862122232755363,-0.6559905867394684
71,-0.003354974324973517,0.28607411124661863,-0.6550966467283683
72,-0.0031939426065710997,0.2856273653239433,-0.6549048486832738
73,-0.0032760264992577927,0.28499064766813353,-0.655016225467721
74,-0.003494445816260088,0.2842163607310222,-0.6551876270788819
75,-0.003557319239646653,0.28347611966744735,-0.6550157202051206
76,-0.003492777701338528,0.2829515854339073,-0.6543337378648344
77,-0.0035305186644817334,0.2827852494204779,-0.6536268719549199
78,-0.003524422164873156,0.2830794732067473,-0.6531108084239767
79,-0.0033688778318654716,0.2834509274203667,-0.6525939904605589
80,-0.0032323812175106582,0.28346563430131777,-0.6519796787328216
81,-0.003073134249073693,0.28159530949037737,-0.6512393687434435
82,-0.0030135920376464145,0.2788771726797269,-0.6504098432008045
83,-0.003201606092677555,0.2792433573800479,-0.6495340357770407
84,-0.0033373004462061272,0.2809934705940381,-0.6486315643458438
85,-0.0033157254297008065,0.2810123556899211,-0.6477317823415063
86,-0.0033872029187332724,0.28016091467758253,-0.6468631014340163
87,-0.003434495466610144,0.2796247693704442,-0.64601298649303
88,-0.003345453907218304,0.2796883400150135,-0.6451208796120682
89,-0.0032622494943513273,0.2800991135463098,-0.6441425670360519
90,-0.003120625479457448,0.28049426150871704,-0.6430755754795432
91,-0.0029542458905076298,0.28060615256223864,-0.6419546940436387
92,-0.002966112399931592,0.28040486869520753,-0.6408400069969169
93,-0.003163551822367195,0.27997125665654343,-0.6397600562677865
94,-0.0032561346854242433,0.27922071222772626,-0.6387164923731947
95,-0.0031043858808004095,0.27833233717963435,-0.6377366849716504
96,-0.0030342216393909518,0.277701882180483,-0.6368447720631705
97,-0.0032209726126506306,0.2773660014394008,-0.6360107749926245
98,-0.0034167229754672734,0.27730516413527406,-0.6351639332574963
99,-0.0034602707337538976,0.2774812834155752,-0.6342394066422421
100,-0.003333246746697561,0.2776692093762201,-0.6332208922167148
101,-0.003073114089332831,0.27774968930179167,-0.6321448701068464
102,-0.002958883133131936,0.27758945928349976,-0.631066538159889
103,-0.003114811700657855,0.2770997575839228,-0.6300072094506521
104,-0.0032873948852567125,0.27643762859231713,-0.6289636551635085
105,-0.0033293195289954593,0.2758018002552347,-0.6279509035877615
106,-0.0032293089949864988,0.27533447071603667,-0.6269816632855512
107,-0.0031000699807678563,0.2750905220278622,-0.6260442520568887
108,-0.003076710576211228,0.275038519980089,-0.6251251893503542
109,-0.0031062096218340933,0.27500089426744145,-0.6242016584054952
110,-0.0032071475803622847,0.274902625585529,-0.6232304820839645
111,-0.0033124207125916297,0.27484711160630615,-0.6222121076686304
112,-0.0033086261183536206,0.27478813828898296,-0.6211780427262068
113,-0.003169136448684459,0.27445103174227115,-0.6201358939071824
114,-0.0030018914131670314,0.27377280552601146,-0.6191160307216503
115,-0.0029525186330447047,0.2731009182062111,-0.6181633642888305
116,-0.002897298626724165,0.27266370024513753,-0.6172771116018712
117,-0.002902083270746366,0.2724250365077303,-0.6164254960828646
118,-0.0030946983699549,0.2723796108412154,-0.6155618533547165
119,-0.003263928390977623,0.2724078591392032,-0.6146396027054557
120,-0.003200280503517129,0.272329490415505,-0.6136495645873925
121,-0.0029429860852920216,0.27222263120676915,-0.6126099273831169
122,-0.002815245914419163,0.2719898692397673,-0.6115561697302154
123,-0.002964483684813048,0.2714986838583706,-0.610531016343177
124,-0.003139158372063241,0.27106233108445055,-0.6095359763586614
125,-0.0031042959770045614,0.270795657384329,-0.6085474210409296
126,-0.0029709951992159846,0.2705326709148791,-0.6075792788508549
127,-0.0030082070942904823,0.27025726430977537,-0.606659117886972
128,-0.0031475571664883358,0.2699957779137264,-0.6057755811200427
129,-0.003208746725495237,0.2697583634938049,-0.6048842585285552
130,-0.0032012451574117314,0.2694536554900535,-0.6039573305205104
131,-0.0030884269204655215,0.2691124353062132,-0.6029964909684569
132,-0.0029392125772294136,0.26884577246821684,-0.6020096741878642
133,-0.0028800028697920513,0.26861120493123913,-0.6010226484802612
134,-0.0027906126769596746,0.26844334061478536,-0.6000549762224745
135,-0.002752194826550228,0.2682834766112564,-0.5990930024455066
136,-0.00290988472400985,0.2680178482877654,-0.5981176326337847
137,-0.003065406031438506,0.26769716859477877,-0.5971324011890988
138,-0.0030964188967982477,0.26729795448471705,-0.5961495612745769
139,-0.0030753349524321964,0.26689019403147496,-0.5951696238546267
140,-0.0029830232716666523,0.26659790506223824,-0.5941870931684001
141,-0.002875496930848844,0.2664606596327418,-0.5932095006410498
142,-0.002857936685657725,0.26637890938670705,-0.5922540372606926
143,-0.002875302254542817,0.26612296287033643,-0.5913051491906902
144,-0.0029557787512885974,0.26584779344011755,-0.5903340012110707
145,-0.0029607323413710024,0.2657516466744977,-0.589347675069201
146,-0.0027469484811397235,0.2655580285496826,-0.5883690152151777
147,-0.0025387642653273814,0.2651785224831934,-0.5874089697070681
148,-0.0025623944895659077,0.26488907287739727,-0.5864797375408657
149,-0.0027072974281534736,0.2646867374015679,-0.5855905326326918
150,-0.0026991174761949177,0.2643584413348262,-0.5847090986676076
151,-0.0026743119853935918,0.26389713305907814,-0.5838011736471753
152,-0.002833943220366953,0.2635121626523722,-0.5828660728026773
153,-0.0029914001476765767,0.263290935361868,-0.5819113147164576
154,-0.003016468091285229,0.2631233856362677,-0.5809490747621515
155,-0.0028950926550389295,0.26291630929564147,-0.5799916212245808
156,-0.0026581169930109403,0.26263888447767214,-0.5790472431666052
157,-0.0025749549629799666,0.26230224581574413,-0.578104827559508
158,-0.002677196325126807,0.2620196644848586,-0.5771678151382889
159,-0.0027466718255067177,0.26178406586834546,-0.5762588168733846
160,-0.002750959852132544,0.26142610252263965,-0.5753558927288729
161,-0.0027230127039353375,0.2610478905019131,-0.5744312678695804
162,-0.00269090298968152,0.26081396674812984,-0.5734868441168695
163,-0.0025839057635128823,0.26067516809922964,-0.5725163827577673
164,-0.002449748875818528,0.26054012812195015,-0.5715239940773431
165,-0.0024916119493759593,0.2604294815924917,-0.5705442636190534
166,-0.0026248030307204203,0.26035783380907285,-0.5696086762677259
167,-0.002595822074081847,0.26008610038900115,-0.5687016374873461
168,-0.002468474189483134,0.2596087796659914,-0.5677961406055088
169,-0.0024113188835204824,0.2591762481078168,-0.5668884978038664
170,-0.0024067074184048543,0.25885312579925424,-0.5659621366546743
171,-0.0024080104933158104,0.2587078387002901,-0.565009375697741
172,-0.0024790766907889974,0.2586643989540105,-0.5640421477939563
173,-0.0025792508048360224,0.25856501056929027,-0.5630689231900379
174,-0.0025151565238777703,0.25832361997226116,-0.562095749949729
175,-0.002376059201739611,0.2579107673048434,-0.5611401968359038
176,-0.0024128329198196807,0.2575665492687744,-0.5602110331490955
177,-0.002553692614547947,0.2573271078317877,-0.5592982258178332
178,-0.0025378033794943205,0.25700761159489405,-0.5584090209709098
179,-0.0025017598597919894,0.2566254386993162,-0.5575454003348441
180,-0.0026473419358507434,0.2562621107936205,-0.5566791392067607
181,-0.0027098988765117734,0.25605784698462486,-0.5557814928799178
182,-0.0025262883188034253,0.255979717747864,-0.554865447751492
183,-0.0024146893511647017,0.25579798242503704,-0.5539508639854718
184,-0.0024802784012815686,0.2555467797103541,-0.5530325255391351
185,-0.002453459286780025,0.255423770248589,-0.5521198489403178
186,-0.002346429363447076,0.25524071923099545,-0.5512047909222431
187,-0.002385266903390625,0.25486013041704025,-0.550272919958188
188,-0.002505082034947666,0.25452243861332324,-0.5493354676883351
189,-0.002460041525254931,0.2541546629387986,-0.5483892806527726
190,-0.002317333179105847,0.25370728902828743,-0.5474350113733224
191,-0.0022492579980854964,0.2533644992294706,-0.5464989612771434
192,-0.002241620692135453,0.25306435316332776,-0.5455895469173104
193,-0.002248838059698539,0.2528042953937625,-0.5446907699768055
194,-0.002250067149567118,0.2526455481741996,-0.5437899694473782
195,-0.002326866530700203,0.25257997377225183,-0.5428673141637212
196,-0.0025214821028463766,0.2525637176213944,-0.54193038344143
197,-0.0026716323792305135,0.2523260401430968,-0.5410151656735631
198,-0.002695680759451851,0.25177225496383915,-0.5401159594368352
199,-0.0026776216178645692,0.251284849051975,-0.5392173147462518
200,-0.002675845288492117,0.2510965688400497,-0.538337873304169
201,-0.0026951868057574335,0.2510012319059456,-0.5374705427476345
202,-0.0026347818655372297,0.25084904503408656,-0.5365803470952497
203,-0.0025224385174223768,0.25068096529787376,-0.5356605751276056
204,-0.00247233064977899,0.25052366386477165,-0.5347343616924787
205,-0.0023673480238957934,0.2503527109396866,-0.5338133563694059
206,-0.0022158176903422,0.2500469976179742,-0.5328777246713969
207,-0.0022197432791288317,0.24963261176934803,-0.5319218494195737
208,-0.0023958576225654084,0.24924275747683045,-0.5309627984207885
209,-0.0024648993035734585,0.2488755401810656,-0.5300138949921331
210,-0.002378864091935629,0.24861112724140144,-0.5290957846733659
211,-0.0024240942327955527,0.24834389092756048,-0.5282148629456132
212,-0.0024905392934101572,0.24801742927601012,-0.5273410082919621
213,-0.002453294821300399,0.24786981571851108,-0.5264539701891942
214,-0.002432089965614148,0.24775451739166565,-0.5255682357016731
215,-0.002339576069824284,0.24744013137081367,-0.5246902726721054
216,-0.002275744716728493,0.24715650966273706,-0.5238101345700923
217,-0.002312364932371136,0.24704931180794454,-0.5229383683922155
218,-0.00230628611908496,0.2468928731236002,-0.5220831157640538
219,-0.0023515069176699996,0.24648830871127891,-0.521223722540743
220,-0.002366060814302574,0.24598920968313076,-0.5203383906580736
221,-0.0022117251563149934,0.24570417881839524,-0.5194314096844543
222,-0.0020842607929729513,0.24558848213320084,-0.5185310820609703
223,-0.0020915918439547,0.24537820040025982,-0.5176602481952555
224,-0.002224338881375413,0.2450196348680287,-0.5168100666498321
225,-0.0023590415986377514,0.2446844563625653,-0.5159452132647848
226,-0.0007091628544481261,0.24452383291029622,-0.515037196752506
227,0.0034244580716250514,0.24447439812592442,-0.5140935886873894
228,0.005013694382552568,0.24423002453380505,-0.5131538730035867
229,0.001610872916816099,0.24368677896376711,-0.5122417797795367
230,-0.00007732194074530976,0.24314567104069607,-0.5113407652356554
231,0.0034170892485684175,0.24287841406141175,-0.5104517849205452
232,0.007165139112284159,0.24278542549430926,-0.5095837150533093
233,0.00816945685368027,0.24266346121010263,-0.5087090899833904
234,0.005974573652321255,0.24249859377487515,-0.507824974481544
235,0.002893795663946361,0.24222384942837383,-0.5069571952959107
236,0.0020064263604661348,0.24187810104243734,-0.5061064476331425
237,0.002397458203088093,0.24157006465012376,-0.5052613255998226
238,0.004366398401471518,0.24126395294043734,-0.504418976980745
239,0.006782001870517875,0.2409343565852814,-0.5035805109513585
240,0.007509414925269067,0.2406806958730091,-0.5027467906038217
241,0.007215765093923794,0.24049196371498527,-0.5019027650842818
242,0.005208077715779205,0.24018777876444097,-0.5010247956718021
243,0.0029559511872103462,0.23985108339330685,-0.500113113321321
244,0.004353189876077468,0.23971107495260424,-0.4991813358609558
245,0.007349895263184261,0.2396677851015011,-0.49825032500622046
246,0.00836587218352795,0.2395187945675733,-0.49733175061983026
247,0.007829872834082199,0.23926256179267824,-0.4964074253758619
248,0.00709293079112871,0.23886510021226437,-0.49548657462317935
249,0.006753501215476321,0.2384931154022406,-0.49459196300256236
250,0.0067088418044576,0.23825068182026832,-0.49372255418666655
251,0.006948361900706055,0.23799987157797886,-0.49287486797112523
252,0.0072712289658514555,0.23774393357114743,-0.4920287399368972
253,0.007421817405403108,0.23743089687744878,-0.49116894248377596
254,0.007572386066011582,0.23719179982561445,-0.49029764121995734
255,0.007802471966816885,0.2371646087384751,-0.4894272372666668
0,0.007853415087462741,0.23703736074024928,-0.48856330917820356
1,0.007545334502948526,0.23662625041813612,-0.48769685193696066
2,0.007093649381220889,0.23624766794115237,-0.48682766169851077
3,0.006884706360337863,0.23610006536954575,-0.4859611171736842
4,0.006936510272275508,0.235970566697283,-0.48511686864982195
5,0.007009996102113461,0.2356445738064995,-0.484290958764642
6,0.007113735144986661,0.23524341558909012,-0.48345121636301847
7,0.007319858456144548,0.23495660080892844,-0.48260458915377624
8,0.007426814283758104,0.23475550057485495,-0.48177717008890064
9,0.007444722957846747,0.2346514144320676,-0.48096334495670856
10,0.007416318986906114,0.23455719296227973,-0.48013053741769296
11,0.0072303439519120945,0.23425823244398758,-0.4792522412926741
12,0.0070536824003791625,0.23376131540929657,-0.4783371800680123
13,0.006888004645261972,0.23337580034099048,-0.4774253057275746
14,0.006740673417882551,0.2332542084786957,-0.4765535611192968
15,0.0067835626891185885,0.23315690478125306,-0.4757240595799199
16,0.006894366239490985,0.23294134704842784,-0.4749181584767985
17,0.007001523426490137,0.23259631396023062,-0.4741208050264365
18,0.007120331324807983,0.23223125394232602,-0.47332093066352576
19,0.00723602602276726,0.23205823398577896,-0.47251172642223405
20,0.007254396244352323,0.2318915504740473,-0.4716774040370564
21,0.00700491912003965,0.23150494795239096,-0.47080016875803254
22,0.00673450260061316,0.23107807985863182,-0.4698898714946045
23,0.006650536934035799,0.23074835875807287,-0.46896948313838904
24,0.006660925470897545,0.23054794449718974,-0.4680652711627069
25,0.00683783479906731,0.23038667540570312,-0.4671884122916472
26,0.007035540616505343,0.2300596411213922,-0.46631473891118835
27,0.007122954516705037,0.2297479285085613,-0.4654313739246161
28,0.007191548326576851,0.22966568810258725,-0.4645602429653717
29,0.00720416009097281,0.2295365070507328,-0.46372627869676886
30,0.007124413620527171,0.22917355251739568,-0.46292637881248777
31,0.006969551756739585,0.2288696444185846,-0.46212934484173984
32,0.006797416803536266,0.2287936938585734,-0.4613055216806201
33,0.006589537460452946,0.22862525732436823,-0.46046831992170123
34,0.004865341744766605,0.22826348327838575,-0.45963829540087087
35,0.0026778830477624423,0.22799058325998178,-0.4588102028765908
36,0.0037710941360468726,0.22780922332685138,-0.4579921214752456
37,0.006358041103416123,0.22750362591423867,-0.45717338390474516
38,0.007331682481894319,0.22705805844671922,-0.4563362549301726
39,0.007066679394542707,0.22667360825221738,-0.45548895119190047
40,0.006438319988192984,0.22651819457399536,-0.4546265682784174
41,0.006195709761757828,0.2264443138921559,-0.4537498892886296
42,0.006506688312936791,0.22625238497163802,-0.4528741235000149
43,0.006979040311180983,0.22604763988036103,-0.4520055164369312
44,0.007225320705210057,0.2257697879865148,-0.45115692841600996
45,0.007245629857186634,0.2253021208569922,-0.4503304871047942
46,0.0071757163173470535,0.22494612651016788,-0.44951080857585546
47,0.007008475887104064,0.22486966241811845,-0.44870344870192014
48,0.006759612590065182,0.22482927958825083,-0.44790000803869634
49,0.006423468220824442,0.22458063973508424,-0.4470729705335523
50,0.004573206081298178,0.22422087361561915,-0.4462394117267341
51,0.002235232953915707,0.22401090326110806,-0.4454227514656055
52,0.003226479506673055,0.22380140592034203,-0.4446048680838772
53,0.005871035733072731,0.22346594885098403,-0.4437722822258161
54,0.005251526433842923,0.223229832772056,-0.4429419912733592
55,0.0027418900586734223,0.2230674159984123,-0.4421203909075049
56,0.0033337080042982557,0.22275948532579026,-0.44129667278732243
57,0.005625272898621673,0.22229695934186977,-0.44048109055365137
58,0.006479224116237141,0.2219723337884142,-0.4396826493310637
59,0.006415333401260792,0.22183533335466254,-0.43889561875366145
60,0.0062490854305617335,0.221586887826694,-0.4381056462709225
61,0.00635007773586501,0.2213163756656924,-0.43730601617955833
62,0.0050098834061587175,0.2212116834176311,-0.4365181083056735
63,0.002918887432756312,0.22101532157039172,-0.4357340681005304
64,0.003895412388074549,0.22057495323739806,-0.43493089399160545
65,0.006268883611824426,0.22013280165083726,-0.4341213918524305
66,0.006942036591843011,0.21992196510890016,-0.4333127090561799
67,0.006434670009704815,0.21991060051004885,-0.4324980281475932
68,0.005687949789262991,0.2197755170835738,-0.4319416456178897
69,0.005338732411334868,0.21936831413419933,-0.431746572820086
70,0.0055761762507495274,0.2189399880721805,-0.4314067510149193
71,0.004595938572071398,0.2186424048055532,-0.43070486509443984
72,0.0013591452255454425,0.21849010916384715,-0.429837336316621
73,0.0003992890529221013,0.21837071584346046,-0.4288960848914236
74,0.00217782412792206,0.2181471905408362,-0.4279187354447662
75,0.002653862886980992,0.21795178746003374,-0.4269187249001023
76,0.0018515066431677718,0.21771805202846084,-0.4258753162894715
77,0.0008304198017577806,0.21739033619488413,-0.4247791147370479
78,0.001747491185793034,0.2172027752860196,-0.42366984271711794
79,0.0040180723128029686,0.21710403243411425,-0.4225935000095289
80,0.0053039061979818745,0.21684559330732833,-0.42158325472007463
81,0.004501858678881365,0.21648298968571056,-0.42066801417741395
82,0.0013254974933140512,0.21617904407258515,-0.4198447519879307
83,0.0005252924368767953,0.21583524081860106,-0.4190920566147931
84,0.004231621154643771,0.21545605850545413,-0.41838332447991844
85,0.007341761178197424,0.2151510232928776,-0.4176888939652359
86,0.007231907432314718,0.2149735071163945,-0.4169863050677123
87,0.005644005155029989,0.21484378870106946,-0.41624541405491366
88,0.004291960888504039,0.21454979768222815,-0.41544971351382776
89,0.004062776569907656,0.21426043409410855,-0.4146158508019693
90,0.0049273154352532725,0.21410036785148634,-0.4137793077293448
91,0.006387942071113185,0.21383888550095997,-0.41297584341570115
92,0.00784659344200872,0.21349987438602824,-0.4122123479377249
93,0.00866559900288303,0.2132215518490269,-0.41146645893475053
94,0.006908040223398186,0.21305985980244224,-0.4107327004082788
95,0.0019959028605870434,0.21300958986650576,-0.41001247788744166
96,-0.0007966011133743994,0.21281242172185544,-0.4095254127377199
97,-0.00019759429593748518,0.21236011376876518,-0.40959276569081426
98,-0.001361065043537505,0.2119182171648195,-0.4098196490814967
99,-0.0021496459360021303,0.21163826216703763,-0.40975540874701233
100,-0.00043820559877552623,0.2114430234055067,-0.40975625106213864
101,-0.0005960863732678359,0.21124966828251346,-0.4097803701120897
102,-0.0021002502870209588,0.21102567288089868,-0.4092896886280255
103,-0.0005914886545577147,0.2107710400622479,-0.4082829779896133
104,0.003938573352765307,0.21049694867335844,-0.4070269015194954
105,0.007011724382773016,0.21021676932538014,-0.40563927894191965
106,0.006835675904268883,0.2100255350965835,-0.40414129123674636
107,0.0055800573530351075,0.2099704315752252,-0.40253060675485974
108,0.004765568212662462,0.20988970505974347,-0.40086978890132685
109,0.004815146979344247,0.20969728512793018,-0.399277995199788
110,0.005566571486262106,0.20946824993551905,-0.3978476223726184
111,0.006613437739969044,0.20916813451672456,-0.396632967927818
112,0.0058188929929743095,0.20875587339760004,-0.395670898290563
113,0.0020385572739933765,0.20845790847655354,-0.3949483517374923
114,-0.0014378961184170619,0.20838126728587947,-0.39439808070422133
115,-0.0028455807257837633,0.20827803418362345,-0.3939208340722855
116,-0.0035217946166398,0.2079366566181452,-0.39338319512791164
117,-0.004136290256925856,0.2074965223541696,-0.392676559272082
118,-0.0029421012030462733,0.20716858033608043,-0.39180366324219285
119,0.000922317861505581,0.20694308946920137,-0.3908383416477468
120,0.00264751323180136,0.20676039932666412,-0.3898658669168318
121,-0.0000014369481236668757,0.20649620136049396,-0.3892331919141079
122,-0.002460248713464855,0.20617359617472786,-0.38934965348015393
123,-0.0024530323204785126,0.20590343016424517,-0.3900728304769072
124,-0.0015437399840147192,0.2056470336246975,-0.3907338406715912
125,-0.0012474599134529689,0.20536731111760098,-0.3909756376090694
126,-0.00204932363425072,0.20506746209545323,-0.3911400062146295
127,-0.003391034708044499,0.20485485325732433,-0.39111376921411156
128,-0.004603595937760573,0.20470786794387952,-0.3905956177534129
129,-0.005264502293898944,0.2044323955299493,-0.38976711595445424
130,-0.0051969074875302945,0.20410445409185507,-0.3887777690092087
131,-0.0027773395136186946,0.203873095443311,-0.3877184080754319
132,0.0009451252778910728,0.2036921693259206,-0.3863785941533542
133,0.0013372371991179702,0.20357430134324028,-0.3846897541729073
134,-0.0005376393049081295,0.2034454365872591,-0.38292727146783334
135,-0.0015237294918066212,0.20310956840926486,-0.3812327892891272
136,-0.00042424187063105565,0.20267373052694493,-0.37966393923838504
137,0.0011069967228061438,0.20233154073541126,-0.3785008896977796
138,-0.0008679754209290833,0.20216048484093485,-0.3778263383108136
139,-0.0024979910134262998,0.20215300942293724,-0.3771205437552396
140,-0.0011080359145377305,0.20203220889945483,-0.37640530716888565
141,-0.0013306333691537522,0.20166199551251152,-0.37596860267329024
142,-0.0027006327935299532,0.2012799042049368,-0.3754226623934972
143,-0.0026883898289184176,0.20110127612697326,-0.3748250701324711
144,-0.00195880873635549,0.20108386166842673,-0.37472646709664603
145,-0.0015529849460956206,0.20091040241735403,-0.37483885548015794
146,-0.001986628929791189,0.20053394629027554,-0.3744348488076006
147,-0.00300581175680603,0.20026638631633986,-0.37341468142768075
148,-0.004174393055901841,0.20002966088676621,-0.37232391257195896
149,-0.004914308310484013,0.19964159541720583,-0.37147446420881636
150,-0.004912655420275854,0.19927686331639727,-0.37049115470258087
151,-0.004344202638550076,0.19904448926940732,-0.3694720112903991
152,-0.0034491614150315934,0.19894161893211315,-0.36898715335078935
153,-0.0026262855373984256,0.19884766634046425,-0.3690032522825595
154,-0.002062351796103514,0.19854057139568793,-0.36895865854228505
155,-0.001794453078704671,0.1982022547001442,-0.3686038188576587
156,-0.002112235681853328,0.1980642882030592,-0.36835070781037493
157,-0.0013525444230451382,0.19795943598388432,-0.36838405191301504
158,0.000200312888710091,0.19776456822113375,-0.3684914624184997
159,-0.0010471507224132093,0.19754050835872383,-0.3685218375368313
160,-0.003588251275386173,0.1972536684822308,-0.36839918557115636
161,-0.00419477707100461,0.1969457999234111,-0.3680983707967914
162,-0.0033362823597397956,0.1967113601550543,-0.36761185659046225
163,-0.002369177172247065,0.1964088776439855,-0.366714657216186
164,-0.0019703878298816084,0.19603235392450458,-0.36538105510070584
165,-0.0021515911099230173,0.19570019667258587,-0.3641701265524184
166,-0.0027675491763018596,0.1954833108382661,-0.3633442273125569
167,-0.003559401155617924,0.19532109726146174,-0.36272765807938223
168,-0.004227825849129748,0.19501624825577946,-0.3621722811705803
169,-0.00453596515513134,0.19474343159808472,-0.36158930416044355
170,-0.004311608160185557,0.19470495078636585,-0.36095779937536066
171,-0.0035997501683167656,0.19469501944885148,-0.3602890386713038
172,-0.0027786569253011126,0.19447420828294992,-0.35962229129947443
173,-0.0021850332752295296,0.19413033159689153,-0.3589998822201875
174,-0.0020144677356115394,0.19383695649930688,-0.3584112661271128
175,-0.002234832828262232,0.19349373307986006,-0.3578101963874737
176,-0.0026489089683487677,0.19310514687751035,-0.3571719429321576
177,-0.003137168025737206,0.1927867011131028,-0.3565001968133247
178,-0.003556228610228182,0.19260054291261908,-0.35580555406853387
179,-0.0038510194273932547,0.19255632416202229,-0.3548074582035301
180,-0.003912891336916473,0.19248203960403987,-0.3533866676639079
181,-0.003661825194763258,0.1922958851699863,-0.35207789629191877
182,-0.003177469202184563,0.19199515056536398,-0.35114441037196187
183,-0.002702506960973707,0.1916727041540649,-0.3504309351199242
184,-0.002572709928530148,0.19152559805509173,-0.34985629146781294
185,-0.002744349351837175,0.191446403660939,-0.3493559741392799
186,-0.002921558201262657,0.19116981114117865,-0.34888424264198503
187,-0.003071670578736113,0.19068317066760992,-0.3484210486171754
188,-0.003253971169230218,0.1902179403795436,-0.34795541154168663
189,-0.003369509459378658,0.189981179628346,-0.3474609807339627
190,-0.003344471863481052,0.18994267903684098,-0.3469000937462021
191,-0.0031902350682804018,0.18987869382423816,-0.34600899100186555
192,-0.002978935805111469,0.1896914301253521,-0.34468715381686843
193,-0.002795956020019176,0.18946619280404786,-0.3434238189311173
194,-0.002784210336639059,0.18925964086184843,-0.34248316621906016
195,-0.0028338018494141887,0.18906945800088049,-0.3417350823718567
196,-0.0027613321717364636,0.1887875348609383,-0.34109120202806187
197,-0.0027198199675152485,0.18835644931764622,-0.34049386712064855
198,-0.0028680516440494283,0.18793778717192622,-0.33992056865314124
199,-0.0030563978468095276,0.18762459935811843,-0.3393965666393154
200,-0.0030919116071340402,0.1874336072628286,-0.3386876305292946
201,-0.003015084709383598,0.18736268201523526,-0.33764033824724293
202,-0.002913760937889781,0.1872537609591748,-0.3364269733525539
203,-0.0029256362512211885,0.1870440828062015,-0.3351479336730876
204,-0.0029391617336845706,0.18682496922330688,-0.33408695777124187
205,-0.0028676869735321762,0.18664525131800447,-0.3333538222489424
206,-0.002847922451384455,0.18648994033323502,-0.3327589457467103
207,-0.0027845115929204193,0.1862377224828045,-0.33223665771650457
208,-0.0026785319425191804,0.185820955897136,-0.3317888223132759
209,-0.0026338881176239653,0.18547957450065977,-0.3314479883492315
210,-0.002622910545588336,0.18526548260736736,-0.33121104746022967
211,-0.0026182177115458647,0.18500173402994224,-0.3310185917097913
212,-0.0027000600188759535,0.18478032383686693,-0.33080212184791835
213,-0.0028272822416520633,0.1846188923026132,-0.33047943149101533
214,-0.0027910193132542824,0.18435037670136695,-0.32995023456840855
215,-0.002742775513740154,0.1839714261972944,-0.32917705307950273
216,-0.002793615786239812,0.18374663972559524,-0.32820979971660524
217,-0.002798503380937253,0.18377281357408054,-0.32715016538946384
218,-0.00283945957490518,0.18376402856395724,-0.32611909966250596
219,-0.0028354512257472604,0.18355606716921502,-0.3252164286020921
220,-0.0027452692403923257,0.1831469004722523,-0.3245014713329448
221,-0.002736907893715647,0.1826811713562148,-0.3239729739344043
222,-0.0027223762579120965,0.18241795889940188,-0.3235500707692126
223,-0.002767085340895918,0.18229484572347676,-0.3231030630320846
224,-0.0028946176320995033,0.1821433193478993,-0.3225334407704509
225,-0.002837911381089549,0.18188797443462412,-0.32181089730361556
226,-0.0026352460536592844,0.18151508059996047,-0.32094580846528875
227,-0.002466319625853341,0.18118214268129285,-0.3200124742529724
228,-0.0024373887521868826,0.1809487072357121,-0.3191122350954746
229,-0.002503463743040177,0.18071661726440647,-0.3183089903457238
230,-0.002470550046076105,0.18051421208631674,-0.31764260192570737
231,-0.0024215514435206066,0.18039423818926004,-0.3170995256555901
232,-0.002498328695709335,0.18015304263162824,-0.3166118103207347
233,-0.0026297695209186733,0.1797077497955336,-0.31610267780075796
234,-0.002796310432836152,0.17940504693091675,-0.3155116267805528
235,-0.002982281191175604,0.17941486774365006,-0.3148002112904613
236,-0.0030256713209765567,0.1794663650648285,-0.31396540555436947
237,-0.0028880552009885787,0.17936683616238924,-0.31307444059186207
238,-0.002634670322687511,0.17915110675768298,-0.31221103285050456
239,-0.0023458781812009362,0.17887766629483381,-0.31142090018545765
240,-0.0023081109768396182,0.17857880613655108,-0.3107210706406366
241,-0.0025359724957517496,0.17827536288235685,-0.31008295414720366
242,-0.0026828857234120554,0.17790621817344332,-0.3094743246955389
243,-0.0027838144644360893,0.17753405337235784,-0.30886501008899625
244,-0.0028965698947081495,0.1773683670533865,-0.30819868948552165
245,-0.002785115022388167,0.17723519443266933,-0.30746453998390233
246,-0.0025948576611316,0.176991735594273,-0.3066901944964895
247,-0.0024854511774256797,0.17684212099793462,-0.3059015301797604
248,-0.0023807704882561204,0.17673893000040175,-0.30514624232527676
249,-0.002327221629672112,0.17653311107976927,-0.30444449393422934
250,-0.0023729724013447657,0.17625652283042526,-0.3037882614426475
251,-0.002594734099416237,0.17588834482869153,-0.3031843728215008
252,-0.002811294158408778,0.17542535941464593,-0.3026143738740904
253,-0.00279175477016037,0.17504073913467588,-0.3020355227565683
254,-0.0026806128340038163,0.17481007988605335,-0.30140349598233107
255,-0.002583718504749289,0.1746352275165517,-0.30070092903272727
0,-0.0025334044933605915,0.17452362012693934,-0.29996156091660076
1,-0.0024752253960697856,0.1744943848302033,-0.2992204068410217
2,-0.0022602315231830157,0.17439397961979536,-0.29848191158220794
3,-0.002122382724128247,0.17415888845672867,-0.29775510940107064
4,-0.002222107155708109,0.17388964888986824,-0.29706977785513256
5,-0.002403395840139053,0.17365534016374984,-0.2964173496127819
6,-0.0026812519092674902,0.1733811946716507,-0.29576632489758403
7,-0.002961985550753006,0.1730056541329597,-0.2951038123153501
8,-0.002993310811332743,0.17266616612805802,-0.2944062722386115
9,-0.0028288392341092013,0.17250895341963213,-0.29366578548951994
10,-0.002728483983666696,0.1723999981548654,-0.2929145680597852
11,-0.0025904733951509964,0.17216751493539234,-0.2921913504660949
12,-0.002273460325807432,0.17186091905577544,-0.2915067480421475
13,-0.0020201803421870156,0.17156316262235616,-0.2908526361521987
14,-0.0019915452834487904,0.17140001497744728,-0.2902218728414607
15,-0.002114118652147433,0.17132996376979887,-0.2896057838779025
16,-0.0022813751913606847,0.17121175140278078,-0.2889808995162608
17,-0.0024158239962205133,0.1710532238386221,-0.288318313451951
18,-0.002471596623135645,0.17087167360810523,-0.28763001764244545
19,-0.0025153468936565697,0.17057976096547672,-0.28693684578264456
20,-0.002518504302784022,0.17021355188553466,-0.2862241047428449
21,-0.0024035789791921943,0.16989864726387466,-0.285487740962574
22,-0.0023464181850305285,0.16953411633856197,-0.28474409786801225
23,-0.002395458221351162,0.16922585046770716,-0.2840184468209943
24,-0.002381526976706407,0.1691385922886663,-0.2833239834100506
25,-0.002284925560748694,0.16908228457281388,-0.2826520568964904
26,-0.0022657778262031372,0.16892969356358328,-0.2819961124269673
27,-0.0023608719468693994,0.16865569973814154,-0.2813511792332418
28,-0.0024336303654078056,0.1683492253236386,-0.2807262468369437
29,-0.002480778650890569,0.16820951779394144,-0.28010967071373505
30,-0.0025459421972161903,0.1680500775070125,-0.27946639418075037
31,-0.002442120952848885,0.16773670695502085,-0.27879214833382693
32,-0.0022036669374865974,0.16750235561842397,-0.2780995943508531
33,-0.0021715543315194083,0.16725203315623882,-0.27739604241637117
34,-0.0023405359034810317,0.16682435954636204,-0.27669923116020056
35,-0.002528935627310743,0.16642304129087077,-0.2760321214885294
36,-0.002611553147838848,0.16617881055513034,-0.2753933492459155
37,-0.0026096737500429963,0.16601518971440699,-0.2747700374648223
38,-0.0026954306615247225,0.16593401769429522,-0.27414472385792577
39,-0.0027699022305063123,0.16593951972799786,-0.2735108458493878
40,-0.0026010532926373175,0.16578237186399142,-0.2728913274771503
41,-0.0022233843949129467,0.16543607378797204,-0.27227919237764653
42,-0.0019958669057002507,0.16520372444657372,-0.27165034336695226
43,-0.0021077769387840093,0.16499527245111273,-0.27100139151870606
44,-0.0022421635961892943,0.16462366715488536,-0.27033018834298606
45,-0.0021917388816554938,0.16434784590652785,-0.2696394103999685
46,-0.002228978134785165,0.16423762372094913,-0.26893764853325774
47,-0.0024095448941589253,0.16409315476388947,-0.2682506785915434
48,-0.0025071576138690228,0.16396372428863965,-0.26759668403796333
49,-0.002476865462380122,0.163751754051288,-0.26695857456731786
50,-0.0022787227484227486,0.163410531755392,-0.2663248179518247
51,-0.0021008772833485904,0.1631156198403081,-0.2656976097000291
52,-0.0021552124157333073,0.16280091728650387,-0.265057500120904
53,-0.002191426448731647,0.16248029827943578,-0.2644020180641583
54,-0.002135934391868154,0.1622504737232357,-0.2637407049364303
55,-0.0022464102292845236,0.16214378489706743,-0.26305325545975244
56,-0.0024695688673110564,0.1621454766064584,-0.2623365167868513
57,-0.0025291632579015275,0.1619914991811991,-0.2616259250048012
58,-0.0023674934615244853,0.16165190229358273,-0.2609598895920383
59,-0.002258420996499976,0.1614297239455315,-0.2603446391587759
60,-0.002349507791594212,0.1612333502459377,-0.2597513635014622
61,-0.0023376052503334428,0.16095517295959627,-0.25915860356696885
62,-0.002075387651743702,0.16080699407516752,-0.2585621232920081
63,-0.0018341863037959778,0.1607370025158213,-0.2579537053214901
64,-0.0017858519446425601,0.16050163803161105,-0.2573257064302058
65,-0.0018608254370247861,0.16015993461805883,-0.2566621824443712
66,-0.002047424657785621,0.1598766837010716,-0.2559749183332444
67,-0.0022456179158351006,0.1596374888868507,-0.25529189677671604
68,-0.002228844196372648,0.1594864865965333,-0.2546075133379103
69,-0.002076130668771858,0.15928696755120036,-0.2539233988304225
70,-0.002048711649635413,0.1588896151558436,-0.25325469311675364
71,-0.0021013964528901483,0.1585070054632327,-0.25260489868026104
72,-0.0020068855047622345,0.15826870084578976,-0.25196804863465516
73,-0.0018477047537203964,0.1581792324702878,-0.2513465185739565
74,-0.001883223734702259,0.1581176280474788,-0.2507489326575867
75,-0.00204553704124078,0.15785579439637837,-0.25016379611069706
76,-0.0020666469710719348,0.15756589140432609,-0.24957446357723356
77,-0.001986605062781586,0.15746935863166667,-0.24897954609902928
78,-0.0019553712287743953,0.15730982532321408,-0.24837290389654165
79,-0.002030189008609815,0.15700782479902986,-0.24774362964220453
80,-0.0021239985385392594,0.1568321346638621,-0.24710100528563284
81,-0.002027917023404731,0.15675734943171443,-0.24645908710112185
82,-0.0018443640893108012,0.15653991147575413,-0.24581669636811732
83,-0.0018451294373090683,0.1561457689508311,-0.24516514257877686
84,-0.0020554152219537155,0.15577204156297542,-0.24449665140828303
85,-0.0021733144258823953,0.15559738367531845,-0.24382363108206406
86,-0.0021256863444847366,0.15557771987839458,-0.24315982765461586
87,-0.0021838839276655505,0.15540989090924667,-0.24250770110807884
88,-0.002235620601336783,0.1550578711380784,-0.2418890919292601
89,-0.0020821466784062296,0.1547520973351949,-0.24130362751289647
90,-0.00198502239626952,0.1544514312449075,-0.24072043287801048
91,-0.0020305692475294035,0.1542473309434917,-0.24014330654775096
92,-0.001960518002912328,0.15417605169476384,-0.23959088857350674
93,-0.001808287178973753,0.15405260297663337,-0.23903493679328747
94,-0.001735666752353801,0.15385468606080066,-0.23842916598457708
95,-0.0017317983166653013,0.15361155406528482,-0.23776844513487394
96,-0.00183580884473888,0.15343269311872781,-0.23708854339351026
97,-0.002061151575329383,0.15329205048601868,-0.23641896099261916
98,-0.0022346160861816244,0.1530831761198322,-0.2357554551881338
99,-0.0022710570441255226,0.15277121222324647,-0.23509953188652066
100,-0.0022533551019901154,0.15244823620835884,-0.23447740057744237
101,-0.0021588076912612744,0.15224013850958085,-0.23390769833212854
102,-0.001958638569393746,0.1520875135812128,-0.23336085419324926
103,-0.0018881610166458472,0.1520015982516289,-0.23278576676516716
104,-0.0020570605325154,0.15190909149942478,-0.2321686355539606
105,-0.002213481643914794,0.15169455101799,-0.23152117839240616
106,-0.002137391067669755,0.15133428111713088,-0.23087022342055696
107,-0.0018762064316366106,0.1509425074404786,-0.2302487370901325
108,-0.0016782617950746384,0.15075410735481587,-0.22964929234616738
109,-0.0017343064057363479,0.15060558726869444,-0.2290421342279083
110,-0.0019044890842338218,0.15036104018862062,-0.2284391755366023
111,-0.0019038371164625638,0.1502287709223784,-0.22787024461925764
112,-0.0017875681350830392,0.15015995334549992,-0.2273163962170528
113,-0.0018076590941258396,0.1499979871014006,-0.22674783503106755
114,-0.001906370210590141,0.1497638665722671,-0.22617387890381757
115,-0.0018409227029597608,0.14950945196653787,-0.22560014267668482
116,-0.001766081973842076,0.14926455942910843,-0.22500585935055806
117,-0.001897456153962653,0.14895637053533772,-0.22438658886942064
118,-0.0019753974395008366,0.1486293897613441,-0.22376028152898053
119,-0.0019134709611794047,0.14839928288401977,-0.22312653498136403
120,-0.0018885304979333805,0.1481371626769859,-0.2224854639146815
121,-0.0019120438651574192,0.1479143134559573,-0.22186121171315465
122,-0.001941179571036687,0.14778620532186265,-0.22126034122426497
123,-0.0019457148131560385,0.14759860235443373,-0.2206535831499289
124,-0.002002779508901221,0.14735680620196168,-0.220037826902036
125,-0.0020786726562860743,0.1470245503124853,-0.21942727739563705
126,-0.0020697354077745776,0.1467580460009104,-0.21881948259077588
127,-0.0019474926866732472,0.1466394403453361,-0.21821718101361187
128,-0.001729740615753807,0.14650224319011407,-0.21761162319359884
129,-0.0015951295792949894,0.1463250429131066,-0.21699988768966705
130,-0.0016929904889807562,0.14604477284660605,-0.21640599367073
131,-0.0018705316541650467,0.145716492892294,-0.21585003254662483
132,-0.0019283144857909287,0.14554363944145748,-0.21530752646544749
133,-0.0019716299134715457,0.14544428574605195,-0.2147346408959272
134,-0.002022073175979807,0.1452572402032914,-0.2141246527051881
135,-0.0019184933105557854,0.14509811768751063,-0.21349382803621542
136,-0.0016781924277539401,0.14489967310138052,-0.21285648797100576
137,-0.0015156225721646112,0.14461089104433106,-0.21223686352885562
138,-0.0015204807248767917,0.1444681147914918,-0.21166034225081842
139,-0.0015883844676915938,0.14441815629226656,-0.21110913191720448
140,-0.0017158683739549319,0.14429073814841442,-0.21054365121654461
141,-0.0019147220180086846,0.14409275599253318,-0.20995656368889615
142,-0.002029564299868859,0.1438642835901474,-0.20935845362823602
143,-0.0019174674199119827,0.14354552230954515,-0.20875483777001191
144,-0.0017297817642370362,0.1431075822524922,-0.20816120660372017
145,-0.0017459618844636107,0.14280404587524398,-0.20759737280461965
146,-0.0018145754879822723,0.1426782241316254,-0.20704494623918657
147,-0.0017924031799319276,0.14244503662680674,-0.2064686114938682
148,-0.0018781127431144462,0.14220747615179247,-0.20588138419634383
149,-0.001935599144020684,0.14207462438829838,-0.20531976880783165
150,-0.0018531135211177028,0.14182733042733986,-0.20478722858197096
151,-0.001776005052894489,0.14158722117888,-0.20426766128004137
152,-0.0016408129909819863,0.14154032276288847,-0.20373603125741868
153,-0.0015630441150622275,0.1414159084150664,-0.20317894363972955
154,-0.0017006146699066423,0.1410480268209957,-0.2026044692453135
155,-0.0018574844253598129,0.1406683758835981,-0.20201851199998544
156,-0.0018253403839873245,0.140504273168022,-0.20142554956128045
157,-0.0017130099124484134,0.14044149771504189,-0.20081618412675684
158,-0.001693810028655738,0.1402069063992457,-0.2001882719705732
159,-0.0017317313955852948,0.13986390683629835,-0.19957010700489974
160,-0.001760533468650613,0.139589610341936,-0.1989762303905669
161,-0.001669114707865003,0.1393748298645161,-0.1983985696166941
162,-0.0015071937136681103,0.13917740577135734,-0.19784422961513448
163,-0.0014151501978449418,0.13906087575308262,-0.19730157593265485
164,-0.0013758156496820437,0.13906263815811665,-0.19675044482946902
165,-0.0014405193649365293,0.13902051942081928,-0.1962078027253612
166,-0.0016394631415592577,0.1388520513893738,-0.19568167938915193
167,-0.0018095785526202651,0.13855657542172128,-0.19514748849671515
168,-0.0018654478246661116,0.13823518640724003,-0.19459226496171333
169,-0.0018809420453376876,0.13809573190247532,-0.19402407998906168
170,-0.0018201681417080295,0.13803916691882695,-0.19343509466479647
171,-0.0016422716110816192,0.1378853725979819,-0.19283629539259006
172,-0.0015758363914065423,0.13757367440044094,-0.19224778790535768
173,-0.0017310472573016907,0.1372067712662164,-0.19166630084597958
174,-0.0017804345388087051,0.1369375406468879,-0.19110323847824068
175,-0.0015585107291022013,0.13665325089913344,-0.19055074164342184
176,-0.0014074327939475762,0.13643124531970002,-0.18997853174961787
177,-0.0015361567509022942,0.13632657719205687,-0.1893869299419595
178,-0.0017212252919873283,0.13609544543014784,-0.18880460101956242
179,-0.0017226820330947332,0.1358577697643979,-0.18824423964289705
180,-0.0016329909232355722,0.13580507468502412,-0.18769469713599196
181,-0.0017027193313551986,0.1356722202172591,-0.18714721952549979
182,-0.0018520668950924189,0.13529781568956234,-0.18658374678645478
183,-0.0018164239451798217,0.1349994451738935,-0.18601103105725264
184,-0.0015746761067283047,0.13496160261798812,-0.18544895634505953
185,-0.0013511191688901324,0.13494875865986622,-0.18488240612967605
186,-0.0013493711144607614,0.134805253962192,-0.18431792051697865
187,-0.001538922094875871,0.1345092168604955,-0.1837849175102022
188,-0.0016155185589239634,0.13408814013190362,-0.18326794585508582
189,-0.0014466906372989433,0.13380893882902672,-0.18272909445294555
190,-0.001368765003717617,0.13378596659477737,-0.18216292792360306
191,-0.001479034798572503,0.1337611430284767,-0.18158259328641546
192,-0.0014891580236592351,0.13350665908822956,-0.1810097968321841
193,-0.0013964454450198348,0.13314562640925331,-0.18046846956826051
194,-0.0013401818917967157,0.13287700275767667,-0.17995517172810044
195,-0.001306417536552992,0.1326042074174945,-0.1794399256426179
196,-0.0012660103036367261,0.1323988285406395,-0.17889588532413947
197,-0.0013014733320028322,0.13238861893170767,-0.17832695741754717
198,-0.0014681838735389387,0.13236269809330387,-0.17775142549480466
199,-0.001533547135788952,0.13211170372887832,-0.1771779325937231
200,-0.001379848155905524,0.1316731940706714,-0.17662086939922816
201,-0.0013291630925694187,0.1312843039658324,-0.17608317480828528
202,-0.0014617887623796302,0.1310500492182608,-0.17554988774136382
203,-0.0014795455019780386,0.13088014215638177,-0.17502694536237118
204,-0.001377930260971617,0.13078503304297012,-0.1745196359297797
205,-0.001300761107373172,0.13070335621401763,-0.17401983058745413
206,-0.0012425431279839247,0.13052466112549277,-0.17352560818983592
207,-0.0012658337759288826,0.13030020540750004,-0.17303664616478137
208,-0.001332985077302602,0.13000187329714552,-0.17255092472652145
209,-0.0013427799527453833,0.12977280561197324,-0.17206360089455924
210,-0.0013446859169164022,0.12968105522208045,-0.17156803225051753
211,-0.0013798565744220937,0.12955384497293332,-0.17105814489597415
212,-0.0015255817944253526,0.12937189252247505,-0.17051780231570302
213,-0.0016248300770048017,0.1291623418591974,-0.16992991175318212
214,-0.0014904171185544735,0.12902781847251582,-0.1693201511260265
215,-0.0013947211313547168,0.12893202734407294,-0.16872126114243435
216,-0.0015092856683771817,0.12867585209697863,-0.1681254926175728
217,-0.0016172729820500202,0.12834500362188678,-0.16754232306239192
218,-0.0015130809595741137,0.12810748424872825,-0.16698793323867867
219,-0.0013313434997783281,0.12785407169802399,-0.1664527853132946
220,-0.001356221014196789,0.12757163217079515,-0.16592766853596136
221,-0.0015220165347614358,0.12743459643481475,-0.16540542637371297
222,-0.0015551121880008761,0.12735757381591017,-0.16489508706846467
223,-0.0014892161682041587,0.12709978096689917,-0.16440114561138242
224,-0.0014688412767385611,0.12682413659196418,-0.1639126523262292
225,-0.0014649112541899947,0.1267522499106638,-0.16341187677791075
226,-0.0014335731675297046,0.12662830752432758,-0.16289215630995907
227,-0.0012884307063549365,0.12636852928497905,-0.1623784546854491
228,-0.001180836719588974,0.12623365250386953,-0.16186869580966978
229,-0.001297659796422432,0.1261905198238969,-0.16133254892515098
230,-0.0013701145564026967,0.12599168064211674,-0.16076788374162504
231,-0.0012320211914539775,0.12560456414722754,-0.1601888495661163
232,-0.0011877425607801978,0.1252323243017885,-0.1596045062129593
233,-0.0013190722483575378,0.12506162464504356,-0.1590343552699635
234,-0.0013330856866514496,0.12497271473793475,-0.15850216709641712
235,-0.001228540329462788,0.12470985164369686,-0.1579923963356476
236,-0.0011505257082478084,0.12443807461084866,-0.15748359277014917
237,-0.001176174228972399,0.12429937461456331,-0.15697937283169316
238,-0.0013229747640960423,0.12407877453515137,-0.1564684710560098
239,-0.0013490656163885786,0.12388712950221775,-0.15594411397569535
240,-0.0011518826893002292,0.12389426789494873,-0.15542749750552887
241,-0.001073142967391541,0.12381361321661405,-0.15492549624917878
242,-0.0012044445532839515,0.12346835761396896,-0.15441120119327972
243,-0.0013294061560660169,0.12317010764747238,-0.1538844892220102
244,-0.0013885312560823837,0.12302563631745989,-0.15337506648160293
245,-0.0013896527683360665,0.12285727151554654,-0.1528738977258428
246,-0.0014332990535297625,0.12264676540107544,-0.15235259253550287
247,-0.0014100379697663057,0.12234812929528238,-0.1518274785016317
248,-0.0011810909279601147,0.12203135220311884,-0.1513346567083333
249,-0.0009697351141679028,0.12190216140114735,-0.15086133579727934
250,-0.0010007789004724131,0.12194985852505236,-0.15038177570629152
251,-0.0011607308753639762,0.12194969944532208,-0.1499060293851071
252,-0.0011702416444047273,0.1217130740619603,-0.14942399566457865
253,-0.0011602844076500046,0.1212884782473812,-0.14890468405580876
254,-0.0013280916839541498,0.12091187336850973,-0.1483639963709104
255,-0.0014037111787602867,0.12068435868773353,-0.14784185320313542
0,-0.0013033351764784491,0.12059709821425074,-0.14733331860083132
1,-0.00130185723085519,0.12053614803146945,-0.14682234790954274
2,-0.0013889916407557289,0.12028600101931503,-0.14631426591750796
3,-0.0013399954184062143,0.1199435062778163,-0.14579782379338985
4,-0.0012188002842582432,0.11977316211659372,-0.14526635600341514
5,-0.001184748132087676,0.11979586111368484,-0.14474227328647127
6,-0.00120940023592787,0.11979405790070446,-0.14424793210543013
7,-0.0013184547159186101,0.11957507554954167,-0.14377775976327017
8,-0.0013588465211137536,0.11926121656727806,-0.14331376030571708
9,-0.001255387318695466,0.11911581928424264,-0.14283527651448946
10,-0.0012611126480779199,0.11906507126449245,-0.14233647934714494
11,-0.00126999771614646,0.11884681722112556,-0.14183228010266308
12,-0.0011001331274794546,0.11843777055379345,-0.14133150365177488
13,-0.0010211522913855771,0.11805519982472812,-0.14083629175544254
14,-0.0011945495137854686,0.11789310140915099,-0.14033052183898348
15,-0.0013817209207453965,0.11782991976517077,-0.1398166203731101
16,-0.0014304986458969402,0.11768386799562419,-0.1393211337230873
17,-0.0014056493100961273,0.11748200040890272,-0.13884297679725222
18,-0.0012941896563473366,0.11719838779063046,-0.13836868243813893
19,-0.0010810985353175112,0.11698146907226165,-0.13788156479886698
20,-0.0010097523393609743,0.11698302260396215,-0.13736540709287637
21,-0.00110855115545318,0.11690241096056725,-0.13683068443105145
22,-0.0010832799012063504,0.11664385818839917,-0.1362977906960528
23,-0.0010359806342580325,0.11639414679613602,-0.13578687385935123
24,-0.0011640137649866344,0.11618326611526686,-0.13530094539270476
25,-0.0012133944963021283,0.11607071367506888,-0.1348082006009771
26,-0.001030163146834644,0.11599685979254964,-0.13430430685882705
27,-0.0009340228658852475,0.11575878289140956,-0.13381661501517506
28,-0.0011072920499303482,0.11536131694704638,-0.1333359086844697
29,-0.001227070131848306,0.11501715593153422,-0.1328483836484845
30,-0.0010938490533598435,0.11481901547078477,-0.1323778768221378
31,-0.0010107026872774151,0.11467067473981007,-0.13193658304546108
32,-0.001078535100286093,0.11449857696815291,-0.13151266150145546
33,-0.001112917403982549,0.11437165931004745,-0.13109381436973772
34,-0.0011732213998560267,0.11426333095231361,-0.13065536967758906
35,-0.0011692542284800719,0.11407575668865,-0.1301831457126738
36,-0.001056264022439776,0.11386302672065723,-0.12968539594506973
37,-0.0010046139616063116,0.1136771972812558,-0.1291703479791929
38,-0.0009376261973805867,0.11360976713896326,-0.12865994650136708
39,-0.000939954135414776,0.11359746268580845,-0.12816852977227156
40,-0.0011380499090439377,0.11349475555941513,-0.12767827010385113
41,-0.0012324387016492623,0.11323908756070877,-0.12716849873965141
42,-0.001137103504774533,0.11283236483782277,-0.12665724745987073
43,-0.0010489743348487757,0.11254136286515487,-0.12616583206550208
44,-0.0010061706168177469,0.11241232498590975,-0.1256869012022822
45,-0.0009906205161740018,0.11216655630739697,-0.12521176677065987
46,-0.0009053635799826489,0.11183678254585916,-0.12472047002022857
47,-0.0007913562888167756,0.11167144896574543,-0.12421774362199933
48,-0.0008499147876785762,0.1116988158916723,-0.12372269753915893
49,-0.000993497766061422,0.11170808962157386,-0.12323434544871043
50,-0.0009661264411949342,0.11150607640260596,-0.12276715908000796
51,-0.0009143627838912667,0.1112101905695585,-0.12232814374954576
52,-0.0009658647289472007,0.11099630573777675,-0.12189186490705611
53,-0.0009878493278885057,0.11075002359690322,-0.12144360945082683
54,-0.0010592199595853462,0.11045708893498724,-0.12100147188473298
55,-0.0010830445405904318,0.11029987809348757,-0.12055893383821709
56,-0.0009993346028251706,0.11028835176686752,-0.12009728311874435
57,-0.001047985271365376,0.11014866010484342,-0.11962091887928372
58,-0.0011838298208047974,0.10984594801190506,-0.11913426959019946
59,-0.0012449228642327078,0.10959940645423483,-0.11865533365076597
60,-0.0012444045650586632,0.10943778803463927,-0.11819465652643851
61,-0.0012247438362935751,0.1093165910885125,-0.11774451294042831
62,-0.001206432458530755,0.10910997890897006,-0.11730119264942857
63,-0.0011103268769229288,0.10883836737243957,-0.11684974942160126
64,-0.0008975764770765651,0.10861478062089558,-0.11636988243045832
65,-0.0007331761533078424,0.10840609696840425,-0.1158789665849006
66,-0.0006998418597429132,0.10818065131800803,-0.11541134531755187
67,-0.0007952515666782172,0.1079444043870118,-0.11495352113383678
68,-0.00099676381730718,0.10780388799802848,-0.11448232194010699
69,-0.0010492908386013152,0.10781601298536792,-0.11400060048430322
70,-0.0008485272263791996,0.10781916777476075,-0.11351342223037347
71,-0.0006591385147348967,0.10763690440450041,-0.11304022399520125
72,-0.0007115502656787993,0.1072951363107843,-0.11259235577107923
73,-0.000880891651466909,0.10707965571965244,-0.11216130711206146
74,-0.0009626797887209797,0.10710310935534195,-0.11172770558488998
75,-0.0009638094490717055,0.10701476030547868,-0.11128057114958761
76,-0.0009334755661066737,0.10671191593652607,-0.11083984864593766
77,-0.0008997709289004239,0.10648738579521116,-0.11041272549057146
78,-0.0008722689929453677,0.1062735082604494,-0.10998593038507071
79,-0.0008550331381727678,0.10590798168443155,-0.1095515170621929
80,-0.0008508010038448671,0.10566441569332086,-0.10910727967103662
81,-0.0009417481235664874,0.10569747674802432,-0.10865571936774915
82,-0.001078709526976682,0.10567220770302271,-0.10818879818531402
83,-0.0011332739284926605,0.10538199097417611,-0.10769307772652648
84,-0.0011355707162985277,0.10512546183681748,-0.10717846786614621
85,-0.0011266491588796078,0.10500400772000035,-0.10666409506390279
86,-0.0011193493456227066,0.10475706747294666,-0.10615692031547436
87,-0.0010286663060468698,0.10449839073763945,-0.1056562960495907
88,-0.000896400039182608,0.10443257812984674,-0.10517205495310616
89,-0.0009272102846829911,0.10439286990814695,-0.10470768163078054
90,-0.0009600631392821042,0.10417917282407729,-0.10425219475428293
91,-0.0008762651338473028,0.10389889604911207,-0.10381616653448672
92,-0.0009050088321674037,0.10372087850901929,-0.10339437700332299
93,-0.001015337693422368,0.10352088537440862,-0.1029591508030353
94,-0.001060473090584507,0.10327102217752865,-0.10251090806379975
95,-0.001060405296027733,0.1030583068133657,-0.10206201773281942
96,-0.0010560389725961972,0.10284793567289441,-0.10162729708747265
97,-0.0009783654520900257,0.10261548372308366,-0.1012205824081846
98,-0.0008661016611677366,0.10245609458245891,-0.10081606187060671
99,-0.0009135832116774867,0.10243557686900606,-0.10038658814605367
100,-0.0010342906416253785,0.10240883285814628,-0.09995066805446412
101,-0.0010630561967519534,0.10229562505238415,-0.09951157160011331
102,-0.0009472720141463424,0.10216572900152465,-0.09906357623753737
103,-0.0007077191041911543,0.1020544900072427,-0.09863393828985473
104,-0.0006192387962906764,0.10186184273620058,-0.09822152123302413
105,-0.0007198469472135625,0.10151785851164818,-0.09780698103482793
106,-0.0007113185896007357,0.10117065421230609,-0.09738830914461793
107,-0.0006046578328422262,0.10099104426769517,-0.09696022285152583
108,-0.0005506335039913582,0.10087343383293523,-0.09653134139124481
109,-0.0005361885320084253,0.10066738486783217,-0.09609339851281007
110,-0.0006071062932975603,0.10042907029566345,-0.09563301664453902
111,-0.0007080793328453686,0.10023210571968444,-0.09517686962021837
112,-0.000726333494251869,0.1000990498683148,-0.0947303015507984
113,-0.0007921294337350612,0.100009302880324,-0.09428463602823106
114,-0.0008279417441992253,0.10000724611607537,-0.09384831430579682
115,-0.0007672359713297473,0.0999305955336604,-0.09342214663771639
116,-0.000836493881183854,0.09960033862039508,-0.09300106555385332
117,-0.0008985903469805922,0.09921920870695261,-0.09257753565639851
118,-0.0008332930741834269,0.09893379981762068,-0.09214529927062026
119,-0.0007775649612136908,0.09870205998559023,-0.09170211815431348
120,-0.0007430376645727215,0.09848689491094353,-0.09125063123239752
121,-0.0007126799453176938,0.09829089487993264,-0.09079719513199566
122,-0.0006010935601498042,0.09812747638690145,-0.09034931801275634
123,-0.0005440594481225763,0.09807971679541144,-0.08989964990166255
124,-0.0007077651852725228,0.0981700743953623,-0.08945777381670833
125,-0.0008886614473988615,0.09812792921520708,-0.08903894184074396
126,-0.0009502714588622168,0.09789520151049264,-0.08861882492698406
127,-0.0009523168406202565,0.09774945984544908,-0.08818122580039772
128,-0.0008684785547269222,0.09758831029519816,-0.08774394636572544
129,-0.0006717476480361281,0.09731009369242177,-0.08732953043565167
130,-0.0005995079875751436,0.0970628493316254,-0.08692279034143197
131,-0.0006814213060982064,0.0968631559225056,-0.08650484401951727
132,-0.0006306322091440876,0.0966908609613269,-0.08609699262417944
133,-0.0005595752956865153,0.09653218890855964,-0.08571210023900355
134,-0.0005925668679758719,0.09646384354777943,-0.08532855441098533
135,-0.0006073870715268735,0.09643624158752845,-0.0849331356630929
136,-0.0006070894864153526,0.09623961182747459,-0.0845304368368476
137,-0.0005362976156510694,0.09586789685192892,-0.08412027917273132
138,-0.0005281964493513125,0.09552932628709021,-0.08370049270857868
139,-0.0006461183464032032,0.09540347190336057,-0.08326979250904498
140,-0.0006318951012706481,0.09544251758641528,-0.08284278673148848
141,-0.0005936967715606625,0.09541963157665143,-0.08241640459407742
142,-0.0007222376876811938,0.09516507629521612,-0.08196628376959358
143,-0.0008426958621668153,0.09482800152533222,-0.08149867472415376
144,-0.0007605043658046979,0.09468905996616381,-0.08104683860252271
145,-0.000517753684151891,0.09467847105252547,-0.08063878248902759
146,-0.000348806246115118,0.09452562941867326,-0.08026822278299575
147,-0.00034878158411523474,0.09419016317993559,-0.07989807432145771
148,-0.0004953493820333754,0.09395228929738977,-0.0794938076605885
149,-0.0006581020083551081,0.09386413580736247,-0.07905442665002535
150,-0.0006914997990595828,0.09364057820185737,-0.07859796878815337
151,-0.0006442966266528239,0.09330943542317999,-0.07815046863603992
152,-0.000501737537267668,0.09304156461593494,-0.0777255477463056
153,-0.0003424338892914013,0.09292319971009977,-0.07730199280043329
154,-0.0002951290096618825,0.09288000902815352,-0.07686873939114527
155,-0.00040013483419697833,0.09277473826562058,-0.07644767822154808
156,-0.0006392628984194209,0.09263721137196529,-0.0760490380015513
157,-0.0007386852871781131,0.09242078910419987,-0.07564899252808674
158,-0.0006546839530846215,0.09217002581421965,-0.07524784652468006
159,-0.0005938465230833317,0.09207044149107729,-0.07487209764387698
160,-0.000582016719473155,0.09202655562601655,-0.07450656381382895
161,-0.0006686189323851419,0.09187230077535469,-0.07412889541362638
162,-0.0007868466256044249,0.09172741106437171,-0.07375534956732258
163,-0.000731149022539671,0.09161799262630574,-0.0733814944450249
164,-0.0005900267636017808,0.09137964774442664,-0.0729920451843992
165,-0.0006180921345216024,0.09101897657231292,-0.07260691880628986
166,-0.0006658593835580564,0.09073512503444511,-0.07223595674851749
167,-0.000603973950787335,0.09068567197647054,-0.0718560057555544
168,-0.0005661589525966537,0.09079574787537964,-0.0714555694062968
169,-0.0005591420694047021,0.0908150736638377,-0.07104418689371989
170,-0.0005569363353440774,0.09064425778538726,-0.07062824009837479
171,-0.0004642454793026163,0.09030859727900722,-0.07022449609921322
172,-0.0004104062122885007,0.0899467669462575,-0.06984013668894826
173,-0.0004788051873552211,0.08979795482388497,-0.06945049451778085
174,-0.00043356175795237627,0.08977935388070224,-0.06904376875560003
175,-0.0003124196939704553,0.0896261833981998,-0.06863000900757896
176,-0.0002667225840164252,0.08930371782198199,-0.0682031617584028
177,-0.00035681819440852016,0.08900780751708548,-0.06776161988792692
178,-0.0004909734267154759,0.08882741896635649,-0.06731866245526905
179,-0.00044610748061888665,0.08867162185850225,-0.06689326380031058
180,-0.00038891615122476036,0.08847945897376078,-0.06650507015949209
181,-0.0005321366750136191,0.08825363583479859,-0.06613320528455383
182,-0.0006099793705855886,0.08802617780164212,-0.06573920472515377
183,-0.0005348433963943315,0.08782666708824291,-0.06532063564222537
184,-0.0005710652036187754,0.0877508757245482,-0.06489477424555956
185,-0.0006941439324873603,0.08774975129933363,-0.06447295276672743
186,-0.0006665496128876475,0.0876848076365069,-0.06406024109797143
187,-0.0004631700727179104,0.08765303258758717,-0.06365647722198503
188,-0.00037205553618229934,0.08763550718448826,-0.06325830566199098
189,-0.00044978475406981175,0.08751446241219482,-0.06286158259763044
190,-0.00041079405475572385,0.08724160156355837,-0.06246341979137601
191,-0.0002763116026189848,0.08682952694035459,-0.06207641733545605
192,-0.00028854751164122364,0.08647063941679542,-0.06172097381399677
193,-0.0004776251328473569,0.08633994318116861,-0.06139344018637677
194,-0.0006408552159657073,0.08639353704100944,-0.06107773109676576
195,-0.0005955329910312859,0.08640463409638588,-0.06075249579191308
196,-0.000385424025191739,0.08627757463155994,-0.0604079536378864
197,-0.0003173610095856267,0.08602104344020767,-0.06006609580808417
198,-0.0005159612606123777,0.08566213106908932,-0.05973534199195396
199,-0.0007124727137848748,0.08537206876888742,-0.059389046866465234
200,-0.0007488487381617334,0.08529569987635865,-0.05899922361541171
201,-0.0006986435425527602,0.08536809702614273,-0.05858183234709105
202,-0.0005613408046108636,0.08535749131447978,-0.058162932653894966
203,-0.00041444122038620016,0.0851787148861684,-0.057745569218228654
204,-0.000461917413588615,0.08494355789096561,-0.0573337478832453
205,-0.0005286013367719969,0.08473989287085973,-0.05693142595428524
206,-0.0003975277040423515,0.08459069765342386,-0.05655427191917359
207,-0.0002469434074429805,0.0844809825352594,-0.056207851584261864
208,-0.00028596250434620744,0.08430156243881531,-0.05587731593457751
209,-0.00040575212564172,0.08407153761943018,-0.055538138506710744
210,-0.0003463485250518621,0.08397639553720443,-0.05516363671654198
211,-0.00018378697745377083,0.08392798905019788,-0.05476881944071971
212,-0.0001860305661689108,0.08368484282738736,-0.05437630346136221
213,-0.00038417688573241966,0.08333410204507366,-0.05397104242847492
214,-0.0005670228015528123,0.08315270501744826,-0.05354677110003109
215,-0.000542262485862807,0.08301494121331668,-0.05311677865146283
216,-0.0003459250416386606,0.08280321076769487,-0.05270354999052157
217,-0.00019795829298149999,0.08273000330638627,-0.052318449917750226
218,-0.00026728449882801645,0.08265929576398803,-0.05195203788797781
219,-0.0004096702031176991,0.08238564682616692,-0.05159766406836405
220,-0.0004355423668348759,0.08208133546859853,-0.05125054176864932
221,-0.00046159540385690243,0.08186859144167544,-0.050906839411026555
222,-0.0005166557649031905,0.08168709269722493,-0.05055003157924756
223,-0.0005208348687528418,0.08148974682609594,-0.0501716420532865
224,-0.0005199483110364664,0.08128034347381874,-0.04978167507909828
225,-0.00046722420315201433,0.08108441306213271,-0.04939905045678178
226,-0.0004019481313788172,0.08092105500861307,-0.049032644442068785
227,-0.00041800060490916526,0.08087500817767501,-0.04865968521991407
228,-0.000452168186621249,0.08097166931442445,-0.048283684366200064
229,-0.0005295599521159705,0.08094331573542124,-0.0479222497822934
230,-0.0005152140786129962,0.08073237564614752,-0.047571561467746756
231,-0.00027514247836154225,0.08061389684037959,-0.04724193985282822
232,-0.00012727810452992149,0.08056346532811845,-0.04692271238445976
233,-0.00026218672134475766,0.08034795375345871,-0.04657933874456001
234,-0.0004522500989792319,0.08003642941090652,-0.04622091702571213
235,-0.0005409250150852588,0.07980374085497277,-0.04587884901441722
236,-0.0004938039701955516,0.07963963459634799,-0.04555365560586426
237,-0.00031923911870973803,0.07958317030174913,-0.04521729784057303
238,-0.0002665352993887482,0.07956755779626318,-0.04484455766007808
239,-0.0004408056051768538,0.07946667488911052,-0.04444185792674196
240,-0.0005861052114621675,0.07931692225360751,-0.04403115489034322
241,-0.0005690693291640053,0.07907953329634457,-0.043625268019372
242,-0.0004026903924458288,0.07872784633880323,-0.04322896726643202
243,-0.00022498751594520134,0.07842050725650143,-0.04285453121979996
244,-0.00018841305037293533,0.07823318434981505,-0.042504042736901074
245,-0.00024373564558036295,0.07816322251612068,-0.04214901281145132
246,-0.0003993489977068192,0.0781935136711504,-0.04177610844451518
247,-0.0004860838986989679,0.07815921507069229,-0.0413960910145736
248,-0.0003310753961610093,0.0780006462212994,-0.04103118126309359
249,-0.00022188005747586807,0.0778207031626248,-0.040705863953263324
250,-0.00025502254805467487,0.07760147735952086,-0.04040214294905359
251,-0.0002578992741562315,0.07730398173564682,-0.04008058740586559
252,-0.0003045850137230783,0.07714386205504575,-0.039734124768374096
253,-0.000311572164181127,0.07720946070695983,-0.0393736083387064
254,-0.0001472102253551288,0.07723349878757099,-0.03901796570384988
255,-0.000013640972932965623,0.07707400958656255,-0.03867544875361929
0,-0.00010451343415495817,0.0768240904199744,-0.03833566503586544
1,-0.0003660608399908712,0.07658362050425838,-0.03799418624427214
2,-0.00046951238971187307,0.07631521501396207,-0.037651433015597494
3,-0.0003558770994906422,0.0760669267529489,-0.037310401971423324
4,-0.00024701709672821803,0.07594148987642918,-0.036960976891595054
5,-0.00010993328756088764,0.07587323891180983,-0.03659872350467491
6,-0.0000562383735021666,0.07586981278972818,-0.03623419067474075
7,-0.00014588663510872193,0.07577007743057904,-0.035883443052142985
8,-0.00012977250764973855,0.07541608173869416,-0.03555037187356243
9,-0.00011915833022635078,0.0750311083266472,-0.035207044664058176
10,-0.0002950333095055269,0.07485408000743668,-0.03485354824024957
11,-0.0003820014705679219,0.07487817180631207,-0.0345069812036673
12,-0.0002944359867466395,0.07488863596929063,-0.03415286284107086
13,-0.0002223251890897728,0.07478846178364759,-0.033787310282258454
14,-0.00011463297222864496,0.07457731237467574,-0.03343727137497979
15,-0.00007499233072296124,0.0743508757705903,-0.033114415300439806
16,-0.0001612312379421011,0.07422122724889696,-0.032805891130834694
17,-0.0002095422512497769,0.07411980521146624,-0.03251317042911449
18,-0.0002939474197631967,0.07406193230850408,-0.032219981342281226
19,-0.00040186106733502817,0.07398872397020295,-0.03189116214544839
20,-0.00034868858307021493,0.07380205001129383,-0.03152684903430962
21,-0.00021933458336700928,0.07349122066843292,-0.031146829612429067
22,0.0013891526750277128,0.07309216942888,-0.030778411617883764
23,0.0036589897433753184,0.07279624381048261,-0.030435300573230906
24,0.0044361434516813885,0.07275724734034233,-0.030095035816116805
25,0.004505566961808342,0.07290055606265028,-0.029757510589479466
26,0.0029247009047312315,0.07297126328384071,-0.029434674785834128
27,0.0023005878166750815,0.07277575089814048,-0.02910435061168172
28,0.005698923796556017,0.0724516166392351,-0.028755553703101858
29,0.007510784531845796,0.07228471430572608,-0.02841141371913257
30,0.006070766800299247,0.07214254752492061,-0.028097446733646753
31,0.006506927872488589,0.07190788069583517,-0.027810996571111413
32,0.00844787722188821,0.07172201659049007,-0.02753484996988946
33,0.009181550099689054,0.07150884927245382,-0.027259542660707514
34,0.009042005657870424,0.07136018914865869,-0.02698083203103084
35,0.008879601480956192,0.0713248450753749,-0.026684041222819213
36,0.007509637159727987,0.07123276095978792,-0.02634979261213101
37,0.003950949841076981,0.07107553170157402,-0.025996993538838317
38,0.0027645501464606675,0.07089216081933708,-0.025648928507374005
39,0.0062468145775792724,0.07071224766804601,-0.025289013274948993
40,0.009452875009197587,0.07046616465940159,-0.024921805126384006
41,0.009662668173861803,0.07020086377236878,-0.024564361810832713
42,0.008580836771329332,0.07003331966702911,-0.024200419714122817
43,0.00786088563642984,0.07000016120299227,-0.023824901974888756
44,0.008010066438983273,0.07000141700536358,-0.023452301829341382
45,0.007152519739377798,0.06989567055661605,-0.023104450215157897
46,0.0057254770724598295,0.06972478484653843,-0.022789516723779824
47,0.007454721861853329,0.06946457945387757,-0.022492991283833502
48,0.010375089927331372,0.06926705480758721,-0.02220292023677859
49,0.010886806457887092,0.06929188460917879,-0.021910855373316405
50,0.008069698001707218,0.06932859893081714,-0.02161226615138908
51,0.0027688938292709173,0.06923997189447753,-0.021306232004516937
52,0.0006525759548684932,0.06900669035252091,-0.020994452482974227
53,0.004079962351009402,0.06873368164436286,-0.02067984489408757
54,0.00799837699370479,0.06863810740385076,-0.02036513989847774
55,0.009527059694732352,0.0685461790834099,-0.020038760981989416
56,0.009803776025918143,0.06832695474051875,-0.019708362284404944
57,0.009783719311632251,0.06820662208422601,-0.01940355590934008
58,0.009709955912081868,0.0681588864421322,-0.019109556669910273
59,0.009610007340031916,0.06804498769365905,-0.018790325993695706
60,0.009436650153812905,0.06789239514266127,-0.018456493212310104
61,0.009208865901115328,0.06774624637606202,-0.018129859462142038
62,0.009032644202123137,0.06753732006930588,-0.0177959830233698
63,0.008882540236035963,0.06721772675860843,-0.017448603267452824
64,0.008708302024264692,0.06693765752820857,-0.017112344314702488
65,0.008589951955955629,0.06685239903535706,-0.016798449072526866
66,0.0086980886970526,0.06683174461387015,-0.016483071148363594
67,0.009008941165871795,0.06661914114462225,-0.016166252144226526
68,0.009379194125054374,0.06638335831237169,-0.015861498508377384
69,0.009681519497356711,0.06627348389171273,-0.015548946058463603
70,0.009712706925751189,0.06608340592697151,-0.015219771787984407
71,0.009371201564545122,0.06593170237782808,-0.01488519169655031
72,0.008902211880453884,0.06599195847770681,-0.014551996128806616
73,0.00860630871383548,0.06597615575251214,-0.014222989577087126
74,0.006886181181422906,0.06578416963332406,-0.013911251332446965
75,0.004671562744460591,0.06559311503451412,-0.013633972111278939
76,0.00590395648243653,0.06542736561545259,-0.013369887262289208
77,0.008721810390632294,0.06534751565425598,-0.013094040541769651
78,0.009746773531187688,0.06521768576499928,-0.012809688681566782
79,0.009472796232370975,0.06496993919292918,-0.012508346602743081
80,0.00896955556625819,0.06477426125479296,-0.012188129118665694
81,0.00873168426716784,0.0646431506320568,-0.01186240925207293
82,0.008704945845516565,0.06462186107546727,-0.011536559902445575
83,0.007155372943032118,0.0646358707343066,-0.01121053644224975
84,0.004958275260466494,0.06446831577397807,-0.010882239498721656
85,0.005949242459316079,0.06411621681742743,-0.01055049767244048
86,0.00849541104133306,0.06387655618095225,-0.010216749560960171
87,0.009321218426217377,0.06389075293453522,-0.009885040174823344
88,0.008827394413071132,0.06391264682734435,-0.009573699819605274
89,0.008248768903696472,0.06379955278701227,-0.009292454382959177
90,0.00812926857846779,0.06354601954478617,-0.009030512268842196
91,0.008309870447833718,0.06318819641812967,-0.008778936112203775
92,0.008595302962966761,0.06290917753025399,-0.008516586008220906
93,0.00895271496855693,0.06285882395024095,-0.008244035528132639
94,0.007703587237993657,0.06296984633044775,-0.007986736376371463
95,0.005562907153774461,0.06292121234076001,-0.007728826051972296
96,0.004703456442715565,0.06266427808950331,-0.007435918168187113
97,0.002731663672544956,0.062425020408890225,-0.00712211791452717
98,0.0015508838186916486,0.06225026521490104,-0.0068132613157433596
99,0.004253362018461909,0.06211810827008832,-0.006498228222572844
100,0.0053670732724994865,0.06200512897272348,-0.006185578515788836
101,0.0020058951119509387,0.061897974486648105,-0.005905203543705821
102,-0.000995685211378508,0.06170472133171942,-0.005641264796907181
103,-0.0010919178181759345,0.06154400507423613,-0.005355299095169328
104,-0.00003318069102227483,0.061569561697306596,-0.005041646211459338
105,0.0022874231232559734,0.06149719625093747,-0.0047137298375193645
106,0.004539950263762239,0.061250373686659615,-0.004380787294745026
107,0.0028930665258016693,0.06111363242410828,-0.004061993679202356
108,0.0010724371625452957,0.06099707041154914,-0.0037797235478072636
109,0.003472229524287343,0.06079858143838124,-0.0035162524377371236
110,0.006497454401395819,0.06073241701417931,-0.0032480092132309932
111,0.006008818252790815,0.06066399855939189,-0.002977481226271776
112,0.002496061937543488,0.060475551931548605,-0.002706965249683593
113,0.00006601319983103038,0.060301389078025125,-0.0024371415761855527
114,0.0001894302553684321,0.06006503902509197,-0.00215362248821282
115,0.0009098426253285642,0.05987136671591409,-0.0018615170070957884
116,0.002376595600341057,0.05987382146104339,-0.0015891099383699451
117,0.005146864755006232,0.05987944522626318,-0.0013220108522447116
118,0.0050943602290605405,0.05968891522919584,-0.0010261726539361423
119,0.0006804600961485448,0.059339693563051465,-0.0007151194877640455
120,-0.0028334911342291907,0.05914083084885699,-0.00042657414436656914
121,-0.0028454886841079163,0.05913573318243215,-0.00015334219341502932
122,-0.001043679821705626,0.05901414231443042,0.0001228710475191288
123,0.0007223321400742153,0.058858888621708544,0.00038557121651477814
124,0.0014247820368981819,0.058775382266622545,0.0006418361843125613
125,0.0009815033065091947,0.058638099468278276,0.0009241013988262291
126,-0.00032076559335746796,0.058460722716349584,0.00123482939781871
127,-0.0018103187559535688,0.0582069448331696,0.0015596673001648685
128,-0.002858920237988581,0.0579474607396534,0.0018897449199707364
129,-0.003225852443704314,0.0578035993821335,0.0022065065397735215
130,-0.002718842922192582,0.05780508726227973,0.002500777994187087
131,-0.001547705625120844,0.05784174264814268,0.002794973410540377
132,-0.0003248195645868049,0.05776317824434793,0.003085842469919279
133,0.0005463102337045639,0.05760612256418812,0.003343929903181905
134,0.0009496631675417651,0.05734644388551943,0.0035829032182837957
135,0.0006265777801935206,0.05714115190977806,0.0038389928173468008
136,-0.00037222128773139324,0.0570755067436963,0.004117499066642867
137,-0.0015278568256526792,0.05690907349261029,0.004407233454021393
138,-0.0024001467331970297,0.05675701701615124,0.004703178044256431
139,-0.002699743264076281,0.05672043292020654,0.005003910834676342
140,-0.00235522506001919,0.056650373277069066,0.005295753633376124
141,-0.0014481016150353528,0.05653272763607184,0.005571574196025098
142,-0.0003561823551196282,0.05630934774358637,0.005853305393937544
143,0.0003460597653160459,0.05612425830569753,0.006135542493675504
144,0.0003915217813195201,0.05606025488663691,0.00639926925244368
145,0.0000066681241322960605,0.05587966042247869,0.0066615091561644385
146,-0.0005274830173255703,0.055622074786322195,0.006919170040599488
147,-0.0011729228364861597,0.055525023552641634,0.007147268871447697
148,-0.0017599508123139068,0.055607012856239785,0.0073654400635028185
149,-0.0020732981550779725,0.05565578000751506,0.007614200941032923
150,-0.0020257231935430116,0.055566368077185097,0.00788606742284291
151,-0.0014793012553326271,0.05533851511940052,0.008147108410588862
152,-0.0006582494947361315,0.05508078529720098,0.008404882281729757
153,-0.00013659480051479624,0.055007419356488646,0.008687707882691641
154,-0.00008801797466360256,0.05502284293976756,0.008979161977185762
155,-0.0003100782502299688,0.05494756620387667,0.009255174123738278
156,-0.0007360117701135076,0.05471904816150194,0.009531715283690598
157,-0.001383287402189362,0.0544363746498594,0.009819313740052661
158,-0.0018681908598322744,0.054330841203698466,0.0100984253109106
159,-0.0018291252853441914,0.054324803548227885,0.010361657873321956
160,-0.0015110609731813452,0.05416515678896963,0.010634066328992102
161,-0.0011127874058708448,0.05383310892575899,0.010913856539895753
162,-0.0005624955697570884,0.05354075292697755,0.011183620146223719
163,-0.0001614603730970554,0.05338818719978575,0.011458732754088766
164,-0.0001420148801112419,0.053286455552664674,0.011744627775657383
165,-0.00037894322310338957,0.05316687127357034,0.01202897736480053
166,-0.0007698728734842879,0.05310033473582024,0.012306428453552253
167,-0.0011804453174882358,0.05305914856016078,0.012577487063253415
168,-0.0015473301988939876,0.05285936055110818,0.012832944875577693
169,-0.0016457969338280927,0.05259472557476502,0.01305861497649128
170,-0.0013921571821009114,0.052516235591959254,0.013276883572306185
171,-0.0010270658352882081,0.05263115201406271,0.013511682956511666
172,-0.0006089469188166573,0.052711127665078295,0.013757116077808752
173,-0.0002772633668234985,0.05255737713477221,0.014018482319716766
174,-0.0002065335407847521,0.052292350516487424,0.014295120399466246
175,-0.00035217695918934,0.05210322073431822,0.014559495204810757
176,-0.0006823449260647488,0.051970620365451664,0.014801484811049252
177,-0.001119666736985575,0.051927502632302724,0.015048591930561878
178,-0.0013299782295025098,0.051911543803159294,0.015317801152252127
179,-0.0012364981987936282,0.05172551514511228,0.015589980189184983
180,-0.0010605532953908321,0.05137967357723208,0.01585312077750009
181,-0.0008840790767682752,0.051090153145789186,0.016112087918487478
182,-0.0008272957137649348,0.05103393991932534,0.016366357400175488
183,-0.0008780577977478728,0.05115310451044447,0.016626226937168434
184,-0.0009309873136602257,0.0511253700055333,0.01688207086622953
185,-0.0009251953189308906,0.05081427825113122,0.017117105036639026
186,-0.000825370676881312,0.050483717221349395,0.01735409149200151
187,-0.0008422284300285496,0.050377437385251744,0.017608596000373698
188,-0.000972943702264641,0.05046955927202246,0.017863383055754384
189,-0.0009159067034051078,0.05044294762791934,0.01809727998209762
190,-0.0007127762693978634,0.05023680385584817,0.018326885789271587
191,-0.0006446379246390181,0.05014162073516604,0.018584901646717673
192,-0.0006968087606925577,0.05005868722140089,0.01885507620469682
193,-0.0007318128795062717,0.049875802592206225,0.019097732077575404
194,-0.0007668389014768243,0.0498053071079729,0.019320259778437508
195,-0.0007400842484244071,0.04980238478598345,0.019556612446650093
196,-0.0006790487155398199,0.04963466973539185,0.01979971910578606
197,-0.0006728146925476138,0.04937205300127334,0.02003509536833855
198,-0.0006661315475411708,0.04918543765402317,0.020285046541793486
199,-0.0007035545793835536,0.04905946212081275,0.02054791280819617
200,-0.0007546686474752037,0.048948376272952454,0.020794155147408386
201,-0.0006543816819481116,0.04874917721552696,0.02103373883759275
202,-0.0005969282037232605,0.04850575044788802,0.021295663558078978
203,-0.0007911062746511696,0.048343088011014945,0.021563246570835214
204,-0.001026516367345123,0.048225868874654965,0.021812130369945393
205,-0.0010520172406752607,0.048191297329195304,0.022045522858746065
206,-0.0009433514516848998,0.048264238557168715,0.022269690933582824
207,-0.0008687972185754678,0.04828637916353265,0.02250536450605225
208,-0.000733283694626951,0.048102308186113135,0.02276468419457827
209,-0.0005552449174040866,0.04776307207293651,0.0230260536239772
210,-0.0005483243153908933,0.04757483503903734,0.02326404665770098
211,-0.0006566123438801249,0.04766002100671268,0.023492283533248913
212,-0.0006449912448477143,0.047747088441496624,0.023729437964501714
213,-0.0005725360316540095,0.047592060892709745,0.023968163282690684
214,-0.0005834325831584226,0.04730957192465693,0.024215500494905035
215,-0.0006288575343487059,0.04718243803288996,0.02446122903223577
216,-0.0006391097386226913,0.047078643562305206,0.024689161805851498
217,-0.0005912734252090848,0.04687917439885296,0.024922418134153676
218,-0.000505760768760407,0.04680524312978869,0.025162675881554394
219,-0.00042252223039493213,0.046735434165881926,0.025385237535284447
220,-0.0003790053341278174,0.046477812197458265,0.025604802192951165
221,-0.0003946479037987031,0.04629411365728334,0.0258534339675945
222,-0.0005459832253726597,0.04626049560313457,0.026114924283110616
223,-0.0008421811278160746,0.04618717747717749,0.026362838866478555
224,-0.0009957769824826112,0.04605268978590668,0.02660981686704729
225,-0.0008517354504537049,0.04589542874204576,0.026863743824327282
226,-0.0007269690855277091,0.04574747457831377,0.027117371788070554
227,-0.0007301894992657754,0.04553877708478744,0.027370045826457648
228,-0.0006964519344759244,0.04539511293715477,0.02762423057968623
229,-0.0006301373071666986,0.045384396718004844,0.027869016284964757
230,-0.0005070047587085076,0.04525453086339308,0.028085570650394867
231,-0.00040659024271394624,0.045114249555313526,0.028277501132970936
232,-0.0005264952874057972,0.04506640492130182,0.02847200491881001
233,-0.0007504276459569595,0.04488989224806951,0.028692622595828124
234,-0.0007869248968395224,0.044712509136503764,0.028920519153749283
235,-0.0007550573249966086,0.04464818477334338,0.029119508449027803
236,-0.0008557184878861517,0.04447973456512082,0.029290679406987374
237,-0.0009243103510704065,0.04433063320871575,0.029455828534874204
238,-0.0008665063185545989,0.044385748102727524,0.029643774344714185
239,-0.0007029688169355106,0.04445140806811322,0.029867873946609946
240,-0.0005661249232735161,0.044391907971434205,0.030102916824364445
241,-0.0005940760471717446,0.04418482469348761,0.030344141458907986
242,-0.0007159094409160786,0.0438518731717575,0.030598248518136806
243,-0.000916256924244175,0.04365691469873885,0.030838799602241743
244,-0.0010909005430996674,0.04371468049753231,0.031052771761433867
245,-0.0011009815933124703,0.043769142164794744,0.03126390553594163
246,-0.0009162333512766256,0.04359464393785112,0.03148735655125985
247,-0.0006641334944013592,0.04323326431366774,0.03171870764071831
248,-0.0006076346695351523,0.04292882995763635,0.03196934936337206
249,-0.0006974029627906091,0.04286963277635958,0.032230623194483915
250,-0.0006931114709652839,0.04299905547564299,0.03248310034308123
251,-0.0005661776996353715,0.04299176435732817,0.03274245229684712
252,-0.0005815690459815871,0.042706071156126624,0.033001329991385525
253,-0.0008392767604423861,0.04248220916826839,0.03322780363222516
254,-0.0009711879121329647,0.04251422900204413,0.033420695927016186
255,-0.0007753684546615847,0.04257068368750991,0.033596142154941736
0,-0.0005004732791151767,0.04241789326361646,0.03377793154447424
1,-0.0003353817579580167,0.042165303263099155,0.033991416609556235
2,-0.0002592915081908228,0.04200068536442764,0.034220957081639025
3,-0.00023863488287839945,0.041903233579681204,0.03443163985311
4,-0.0003488421320596525,0.04181573476652145,0.03463534571960242
5,-0.0005399338636425544,0.041710323051998066,0.034853728984671734
6,-0.0005869478529198805,0.04158576414223293,0.035083252410743906
7,-0.0006206131815548526,0.04145119455669838,0.03531917689649783
8,-0.0007316707373690159,0.04139915399718677,0.03554307498459966
9,-0.0007600810750111727,0.041310417317122844,0.035744672902698754
10,-0.0007818100549929693,0.04103042252903355,0.035946129389311104
11,-0.000803159433095136,0.04084420053861082,0.03617191287260266
12,-0.0006716388928037775,0.040913456841100815,0.03641951524874962
13,-0.00042012848564768664,0.04099502675237139,0.03667358859150535
14,-0.00027143061413540705,0.040933906194460384,0.03691478025814268
15,-0.0003118000506444349,0.04071249152317066,0.03713694960886717
16,-0.000506400963462608,0.04044668034789395,0.03735343592074737
17,-0.000790725075011346,0.04036497116617947,0.037557873713655196
18,-0.0008775872479825256,0.04030051395613604,0.037758325543878896
19,-0.0007334368573960865,0.04012312507912838,0.03796873383178584
20,-0.0005899212927543756,0.039971579932319604,0.038178831343706573
21,-0.00042156792513526947,0.03985570595904306,0.03839490097596232
22,-0.0003492209004171691,0.03983140811484255,0.03862093023233426
23,-0.0005224962562559695,0.03983856431391132,0.038835194976358386
24,-0.0006485267441122531,0.03975599228014376,0.03901896894085505
25,-0.000546055496904614,0.03962725418300431,0.0391958842481156
26,-0.0005105813278688488,0.03950340259952276,0.03940664182613289
27,-0.0006228093828648928,0.039317335954688684,0.03965352669431274
28,-0.0005976839938501375,0.03902352923962275,0.039916065939509554
29,-0.0005310532018602677,0.03877436024517804,0.04017740079893986
30,-0.0005398273381668427,0.0387254417513002,0.04042634319626598
31,-0.0004278466958553854,0.038826876971143606,0.04065836875356113
32,-0.00026098413750848867,0.03877393959033486,0.04086196888621112
33,-0.00028799813442860803,0.038528906542003485,0.041037448325675754
34,-0.0005262915312400753,0.03840416836267191,0.041217293487765566
35,-0.0007520968461515861,0.03839882078895204,0.04140635873138922
36,-0.000759790406271707,0.038361528317639615,0.04159225133469356
37,-0.0005748348246667045,0.03821338949161063,0.041779848783108
38,-0.0004962229225614727,0.038022160780717754,0.041969054714677045
39,-0.000653801716712268,0.03790740970786374,0.04217054567192585
40,-0.0007125364604770752,0.037817269817309054,0.042387555428693616
41,-0.0004973381626462651,0.037780182971628815,0.04260750437185562
42,-0.00026465565408301467,0.03766130691981484,0.04281247039771344
43,-0.0002696445954198215,0.03740697497183855,0.04298453844438875
44,-0.0004952987838718314,0.03720402794978758,0.04314655378344452
45,-0.0007044984871591019,0.03699705490106113,0.04332527860607463
46,-0.0007801543014906965,0.036884407344878786,0.043517864358601
47,-0.0007947689645643589,0.03699471337293393,0.043731124818034345
48,-0.000802714628469931,0.037102711801017194,0.043963563805557895
49,-0.0007267576168271225,0.037063388023179725,0.04419786919766347
50,-0.000517140660077815,0.03685557885972546,0.044425586327068806
51,-0.0003344344685493098,0.03650733017593026,0.04463252729947262
52,-0.00035075446422854113,0.03629205286249744,0.04481657179340692
53,-0.0005330863300774012,0.03633495498206628,0.04500742185772624
54,-0.0006694013705464328,0.03630567053841592,0.04521988814475453
55,-0.0006774259547451685,0.036025960955615055,0.04543090387253157
56,-0.0005742083619457601,0.035820192550713933,0.04562551473613864
57,-0.00047027528228002274,0.03579731642126109,0.04582161933842736
58,-0.0004860215261312567,0.03576679508568474,0.046027319949159026
59,-0.00046992281276638697,0.035690056296151754,0.046232833491977
60,-0.0004730416471298319,0.03550318454724716,0.0464347437560457
61,-0.0006261225923933912,0.03535009698527973,0.04662131082064688
62,-0.0006532762672769431,0.035312941787139646,0.04679059324618266
63,-0.00041448581411882577,0.03515321159099988,0.046970913167200284
64,-0.00025692979171682223,0.03491127499745997,0.04716195251703825
65,-0.00038831678190720683,0.03474508909101982,0.0473334279673379
66,-0.0005830865537936616,0.03472167937767233,0.047481752929319165
67,-0.0005981978028522582,0.03475291296005234,0.04763178692669619
68,-0.0005217636320183332,0.03461500451060538,0.047808573891907874
69,-0.0005175307997668187,0.03438784297124761,0.04800965016535334
70,-0.0004652180867712563,0.03424014137898522,0.048206976433956605
71,-0.00034820585543862605,0.03423064869762285,0.04838979526114748
72,-0.000269150504039787,0.03434492754101856,0.048570704451285224
73,-0.00029051463281251047,0.0343959838491817,0.04875807031509294
74,-0.0003520332123869076,0.03430444554872636,0.04895423101530899
75,-0.00026283751994175754,0.034165460982135146,0.0491428177303134
76,-0.00020651554871013527,0.03396505098813497,0.04931187136215051
77,-0.0003931707573968939,0.03367618023492672,0.04946716494679021
78,-0.0005384248704031779,0.033447093275476306,0.04961193701055194
79,-0.0005284467897970812,0.0333409628282724,0.04974990325059522
80,-0.000521391884830948,0.03334405477629962,0.0498996958886927
81,-0.0005245632663956768,0.03343208310248716,0.0500866815720733
82,-0.0005882537628682447,0.0334387116962596,0.05029719602886712
83,-0.0005759682669419778,0.03330859900847516,0.050497210041925006
84,-0.0004286844861514042,0.0330705355726931,0.05068346133044083
85,-0.00041371089723335036,0.032842705210110415,0.05086715353824542
86,-0.0005141661280733032,0.03283376673151818,0.05106371144023558
87,-0.0005819781036010467,0.032931384770729266,0.05127518571935766
88,-0.0005435620546286354,0.032934142996414006,0.051471350274809924
89,-0.0003849794117189516,0.032842723854952474,0.05163741704251648
90,-0.0003498266026099603,0.032619780573587664,0.051797705939322425
91,-0.0004584691620615152,0.03234152788157098,0.05196973940807004
92,-0.0004130096381173428,0.03223034238670293,0.0521389682945467
93,-0.00032364243550787137,0.03213640941160979,0.05231361345310592
94,-0.00032276904599895604,0.031948255913979776,0.0525241528152528
95,-0.00030218957586591844,0.031895607701585144,0.052767623918602125
96,-0.00027868710527418803,0.03185759994822873,0.05300913688673581
97,-0.00028752307904095784,0.03171901304136254,0.0532274714421036
98,-0.0003350024093620131,0.0316895464570285,0.05343866330499231
99,-0.00031847152430770475,0.03163658362183808,0.05365172294331014
100,-0.0003360568046471262,0.03145084554956759,0.053858855649519394
101,-0.00044153527245395117,0.03127928445855073,0.05405838756243933
102,-0.00046850060130808986,0.031139896062647304,0.054239396131092965
103,-0.00041713795944808976,0.031099757308711853,0.05438673033998928
104,-0.0002576643130326857,0.031025904807198745,0.054522765996872447
105,-0.0001602749892820313,0.030762241322086076,0.054672365553914165
106,-0.00030432452708784323,0.030594788562694625,0.05483122064567053
107,-0.0004885820411470298,0.030601807972859454,0.05500638440348235
108,-0.0004901691960849128,0.03058214918505893,0.055198559756209686
109,-0.00040432437171663725,0.030581687836778698,0.05539387582549227
110,-0.0004784402002117249,0.030582001991043425,0.05558725550412866
111,-0.0006303095636207533,0.03048881434269851,0.05576651618351941
112,-0.0005953298947280797,0.03035462534604376,0.05591628626875997
113,-0.00043627166425971604,0.030232752821274897,0.05604548675275034
114,-0.0004168807655944018,0.030139407812022165,0.056172318966296014
115,-0.000493952994773451,0.02998388452299132,0.05631570981413023
116,-0.0004337050284970018,0.02979501716648432,0.056479329938720985
117,-0.00022422556890142466,0.02976200941089638,0.056633863506876325
118,-0.00007583483405326015,0.029794283016577952,0.05676528183678742
119,-0.00008035975771608628,0.029642215244623238,0.0568853885219657
120,-0.000219276251405605,0.029299268432296202,0.0570194573752677
121,-0.0003677679355394759,0.028994089096024828,0.057196114643184415
122,-0.0003866145670037325,0.028925032681495252,0.05741415809575745
123,-0.00041289574712223434,0.028968371733421275,0.05765450240794434
124,-0.0003909240212569531,0.028935149275179747,0.057889294446332756
125,-0.00019617219130767553,0.028843110502208155,0.058101629219274975
126,-0.00003623531183976703,0.028658528130989736,0.05829542628644763
127,-0.000029780619580461673,0.028444194982511897,0.05845946953782316
128,-0.0001725593634333228,0.028398967953901233,0.05860309708911304
129,-0.0003376986608599194,0.02851481652653398,0.05876007112874723
130,-0.0003765886585424313,0.028577590821175683,0.05893506332829271
131,-0.0004172456078396987,0.02849368305107984,0.059104549820844954
132,-0.0003989786506062394,0.028358418875218755,0.059246443836075274
133,-0.00019724427520056986,0.02816224960235214,0.0593676602064295
134,-0.000023718336990064155,0.02788073596874234,0.059487780809261065
135,-0.00008557843570194913,0.027744332765167842,0.05962837429777368
136,-0.00033957889572500165,0.027852278391823304,0.05979490008205643
137,-0.0005411488569954485,0.027858809836129594,0.059957619085437674
138,-0.000579170093152168,0.027662445935845992,0.060099680347522916
139,-0.0005417437619792572,0.0275489191808493,0.060241725949234604
140,-0.0005033956909585871,0.027440193155002554,0.06041036687277565
141,-0.0004045921390252858,0.0271661125574522,0.06060646983548332
142,-0.0002866301234198277,0.02699810561721773,0.06080372151725785
143,-0.00034423107228535995,0.027012121627774263,0.060989795521141865
144,-0.0004873478102084194,0.027007848424501574,0.061172724925271454
145,-0.00046036912549380846,0.027028255242304303,0.06135515832483096
146,-0.0003277247853860721,0.0269659926680116,0.06154809437775463
147,-0.0003434124000870303,0.02676484804697113,0.06175244478046529
148,-0.00036744713261380245,0.026594843312522792,0.06193879253197879
149,-0.00028189538363507694,0.026472847242927144,0.06208056900084841
150,-0.00031244159636740544,0.026456943699177865,0.06218429189770322
151,-0.00042658119756111036,0.02648819036040763,0.062287139338030206
152,-0.0004773638756614502,0.02644278003963109,0.06241110114574408
153,-0.0004842178884575275,0.026356720275236487,0.06253974936960391
154,-0.00048650698830417704,0.026271029017277125,0.0626632472493481
155,-0.0004132422668151848,0.026192711403162344,0.06278889424471584
156,-0.0002192425753366001,0.026111036586092373,0.06291869633566952
157,-0.00006075209304279663,0.0260165785644835,0.06306479190862913
158,-0.000017723412887944842,0.025908269418589883,0.06324406375581779
159,-0.00009247655387502958,0.025792120026805518,0.06344889043275445
160,-0.0002715698121674415,0.025677115131532743,0.06366082530158051
161,-0.0003094292275027371,0.025571129098260426,0.06385874130196872
162,-0.00010780170730238033,0.02539557970325035,0.06402229211128521
163,0.00006818885173945008,0.025111233893865798,0.06417169201286202
164,-0.000006842527589220101,0.024959979121864803,0.0643440048659345
165,-0.00019965239976657383,0.024972262249974037,0.064539549087103
166,-0.00021496502872978386,0.024854635728523866,0.06473886375131685
167,-0.00009904768128691816,0.024710506140430327,0.06492920836571953
168,-0.00010403217161726597,0.02474047974778526,0.06509236119429926
169,-0.00026267378057539354,0.02477710204729966,0.06521129488361185
170,-0.0002987530774618782,0.02470723160069066,0.0652984555904483
171,-0.00009055040547300023,0.024520831775763433,0.0653925154349203
172,0.00009834690951351184,0.024239310683502865,0.06552620360467648
173,0.00003446895038780617,0.02411470107616874,0.06568400797104287
174,-0.00023804322565218906,0.024243322028579928,0.06583931766616558
175,-0.00038085877121956085,0.024268948694584104,0.06599003520169888
176,-0.00023407588968495379,0.024000108855034938,0.06613557472483714
177,-0.00012676559728969512,0.02368267682223387,0.06627719832731149
178,-0.0002524460219275248,0.023571441397025168,0.06641754031826572
179,-0.0003883106416034646,0.023660360601590713,0.06655954628965499
180,-0.00039677825858651177,0.023730614773739063,0.06669217100252711
181,-0.00035609857285903745,0.023683612486759514,0.0668103400961281
182,-0.0002590282783549848,0.023603551464222383,0.06692491200889883
183,-0.00008472738954559255,0.023463187077707046,0.06705326045130258
184,-0.00006135116985751853,0.023219955939233906,0.0672142347372594
185,-0.0001991396875807754,0.023093227453937597,0.06740011578498606
186,-0.00019014947097780225,0.023182483769638787,0.06757868580683371
187,-0.0001322664674637138,0.023235364353538027,0.06773647391486975
188,-0.0001468997142285006,0.02304035220504344,0.06789824278826756
189,-0.0001209962234397623,0.022740776686766224,0.06807856476632593
190,-0.00015716444396276564,0.022635899815290378,0.06825633886983756
191,-0.00017369420479876698,0.022676776008492397,0.06841836832096432
192,-0.00011305978875612648,0.022603412100106614,0.06856943554475181
193,-0.00020569769933792255,0.022455702918126347,0.06871015003062875
194,-0.00030706859180619885,0.022375063937802503,0.06883982854470233
195,-0.0002819853692489849,0.022321681912096693,0.0689591222609745
196,-0.0002523094389797701,0.022320209964687206,0.06907139653258088
197,-0.000220785346601148,0.022310432214078094,0.06916933407416251
198,-0.00017083759786714844,0.022190809988876355,0.0692671593814127
199,-0.000026158335089654892,0.022030297222907017,0.06938769026428046
200,0.00014609412978824812,0.021818054344560897,0.06952727530125402
201,0.0002046038890303911,0.02162299522919258,0.06967984615207243
202,0.0000980322212002986,0.021635970184236013,0.06983792495798921
203,-0.00007428311149862074,0.021746137184509164,0.06999433681268918
204,-0.00007669704509389891,0.021675143151942987,0.07014399773576452
205,0.00002312531431742054,0.021389657211251314,0.07028508789522309
206,-0.000017872310037630112,0.021184514431053146,0.07040603412883098
207,-0.00013130028394218627,0.021130567553398885,0.0705052672291816
208,-0.00015215327502608408,0.020960252910912754,0.07061266606133731
209,-0.00010935743009131849,0.020711516678964093,0.07075692945065046
210,0.000018025081035752725,0.02063637471591087,0.0709219324460493
211,0.00015420000820746727,0.020764418970193016,0.07108210159634637
212,0.00009415909574328951,0.020800248239570995,0.07123640236245621
213,-0.00014955758609587157,0.020672420823771617,0.07138432885672366
214,-0.00026706049534960666,0.020568319787249684,0.07152606688955776
215,-0.00011051122775595601,0.020418218844320775,0.0716494614143128
216,-0.000010092910164542676,0.02022554882517147,0.07176377388551444
217,-0.00007237655803853636,0.020087462315194732,0.07188861703582297
218,-0.00011145017258311728,0.019969962535790718,0.07202024187988904
219,-0.00010165369257486491,0.019845048079148296,0.07215580001481689
220,0.0000062892569215940055,0.019800711102630077,0.0722933117039781
221,0.0001414702011138731,0.019811015169750812,0.07244460866820998
222,0.00009419618142628253,0.019684500373265218,0.07260122954142612
223,-0.000047730156848315916,0.019501622956716647,0.07274493892421588
224,-0.000026477109297513867,0.01941593868666472,0.07288083639648804
225,0.000013842849851935049,0.01938508198385426,0.07299949010479823
226,-0.00013350511586235803,0.01942384266340305,0.07311063040343305
227,-0.00028752773406265874,0.019540447665977186,0.07324582114938027
228,-0.00032125506540465825,0.019491952845041564,0.07340500754689475
229,-0.0002192383767258702,0.019178573447318964,0.07355864699562245
230,-0.000006401073194148505,0.018872736469786836,0.0736791973721733
231,0.00013829991349036228,0.01881606152556571,0.07378350491816696
232,0.0000630530224618659,0.018893146249399577,0.0739096990196084
233,-0.000087433944295496,0.018820366323076584,0.07406229592827587
234,-0.00012466659168104536,0.018645020258253577,0.07422670317146701
235,-0.00008042761182200158,0.018609709298169456,0.07438007276973696
236,-0.000023950393819056805,0.018648621877333925,0.07451140901134085
237,0.000006776636283874985,0.018595897318805267,0.07463059479360043
238,0.0000039270214241928555,0.01855975474385707,0.07474405888592872
239,-0.000024709010102855764,0.01855448411750865,0.07485525064140944
240,0.000017845272501725018,0.018490101897670697,0.07495248295106491
241,0.000021004285828670442,0.018408155520355268,0.07503079734788048
242,-0.00016026366618266492,0.018345100076410416,0.07511603965715005
243,-0.0003166400976197829,0.01830053164745253,0.07523450165972972
244,-0.00024056898625224223,0.018254886915868476,0.07538357703637083
245,0.000023317215891092676,0.018107535023052103,0.07554615716740593
246,0.00022896362854693683,0.017895790538190744,0.0757000580854989
247,0.00018315511458962994,0.017744906875745793,0.07583604787777903
248,-0.00006159025921122219,0.017629601785828564,0.0759649396633309
249,-0.00026238038358431545,0.017519107743883364,0.07609213758298833
250,-0.00022849247518927157,0.017412337236757898,0.07623122745569014
251,-0.000007669527246860507,0.017320870927137792,0.07637203244740073
252,0.00016788362891312174,0.01725068808421243,0.07649388649768551
253,0.00011887809368896804,0.01719692265357333,0.07661419476860307
254,-0.000017347635720212063,0.017065097768631167,0.07673093834054459
255,0.000029496342571176562,0.016886791838074858,0.07681974099626573
0,0.00018458353964372672,0.016774040112324168,0.07689973952799095
1,0.0002620538233576264,0.016769806490945595,0.0769967526498545
2,0.00018591037824729315,0.0167892387110824,0.07709575054990345
3,-0.000036929444249588205,0.01670886819377637,0.0771995648964369
4,-0.00013395831332326316,0.016666825510979325,0.07733287209903739
5,-0.00005980303041102546,0.016681625009233154,0.0774900809774261
6,-0.00001697881143642658,0.016652375628323446,0.07763842684455205
7,0.00005752855531493601,0.01660571604648646,0.07774973139825714
8,0.00007672073055001714,0.016565833950808663,0.07782917201834827
9,-0.00009085531846936572,0.016443677276074098,0.07791187042393116
10,-0.00023883436403133578,0.016265157256234467,0.07802992762949795
11,-0.00016583182443271336,0.016222119077472924,0.07818201492700586
12,0.0000830191195681781,0.016152420649360066,0.07833531399438415
13,0.00018514671776353726,0.015865563619323342,0.07845769998897964
14,6.115867729565832e-7,0.01565231315145916,0.07856141986539289
15,-0.0001252630959534645,0.015701169041213048,0.0786813530991082
16,-0.00007372159553922493,0.015710136843477628,0.07880790743259372
17,-0.00002592738197811225,0.015494835364591973,0.07892241114995074
18,-0.000010697416966141677,0.015359896560189323,0.07904356812816346
19,-0.00008624207154588287,0.01539572194284753,0.07918162491008188
20,-0.00011019251634165563,0.015400993064163294,0.07931437376989697
21,-0.000008684722376689404,0.01541847973730829,0.0794176178064625
22,0.00005072345178956498,0.015429794123320607,0.07949469563714545
23,0.000053801999185893444,0.015261776818276028,0.07956236896777638
24,0.00003294280216802005,0.014933874629751924,0.07962865302617794
25,0.000012421000026839081,0.014668442036518355,0.0796959752580485
26,-0.00008076172076740745,0.014565906442184896,0.07977764608419316
27,-0.00011802903361144763,0.01453319218954096,0.0798927656839539
28,-0.000025048996562343452,0.014493143245152315,0.08002343764817524
29,-0.000046911151132384614,0.0145053588021547,0.08013524159980906
30,-0.00007001945635778646,0.014614218030434216,0.08024155047906473
31,0.000009516338409410732,0.01466810370532564,0.08036490499193108
32,0.000050077347690978265,0.014514230265172047,0.08048801633745717
33,0.00012934547741922427,0.014289802000476144,0.08059855317828929
34,0.00015223975033683463,0.014260465841278262,0.08070067890272609
35,-0.000019933969955810793,0.014264921024038667,0.08079417358786797
36,-0.000180366100997394,0.014157020629904184,0.08089120311774461
37,-0.0001222285753691003,0.01405803052422687,0.08099834097197142
38,0.00011547409037543919,0.013887499650640886,0.08109444159915097
39,0.00021410953510279007,0.013749749093269592,0.08118686815794454
40,0.00003434670426554257,0.01371759367206346,0.08129712203903722
41,-0.0000809755599602643,0.013646810713811193,0.08142346938171471
42,-0.00001744617659728818,0.013546668397858994,0.08157562099423357
43,-0.00004313382080386739,0.013459294488602357,0.08173989679062416
44,-0.00006289068632660234,0.013402373024585065,0.08189072264343542
45,0.00010546009762881859,0.013284627992706792,0.08203900887115687
46,0.0002760449921237057,0.013130406425341822,0.08217588189167407
47,0.0002391802326106926,0.013041824579694376,0.08228479283351278
48,0.00002277068082096479,0.013053691410774636,0.0823751957846047
49,-0.00006354584334478759,0.013159708308348755,0.08245711839814188
50,0.00011613152472397169,0.01319325502614302,0.08253934090286633
51,0.0003034706693650234,0.013012732728147215,0.08262775511594211
52,0.0003455254965519385,0.012688830317263526,0.08272449332045001
53,0.00023229652395628388,0.012458317486552482,0.08281502811510805
54,0.00008411856488868861,0.01240714763263237,0.08289016816715544
55,0.0001285371010548409,0.012419546465059078,0.08297102815884866
56,0.00019385246400422458,0.012483404772352026,0.0830668063985732
57,0.00014380005035010985,0.012607466335123746,0.08316730705851774
58,0.00019482307554835837,0.012638533337794404,0.08328102858671135
59,0.0003105161474457885,0.012439476338257142,0.08341350760238803
60,0.0002631295953410187,0.012086185700315957,0.08355510441334055
61,0.0000416244816333405,0.011825570367888137,0.08368853374049423
62,-0.000055953949927304695,0.0117553356423888,0.08379302982845563
63,0.00011302388707524444,0.011849883270479304,0.083872702737492
64,0.00021594851536906848,0.012052729577513625,0.08394254756543176
65,0.00006400359782414433,0.012079735691490116,0.08400744067456778
66,-0.00010915802825573297,0.01189300534083819,0.08408004784947357
67,-0.00015193649038959393,0.01179602720637217,0.08416481998091649
68,-0.00013012478851254867,0.01178832981377649,0.08423802822116702
69,-0.00011262220239466341,0.011650332741006242,0.08429256577389968
70,-0.0001186484494451952,0.011451474321924601,0.08434511571337217
71,-0.000055887016386688354,0.011436773724309436,0.08442169394474883
72,0.00012840323038500342,0.011448719548805098,0.0845473413713626
73,0.00019632243202756484,0.011347024460248184,0.08470141237390186
74,0.00011284160031693378,0.011254397128837149,0.08483976511533509
75,0.00007994222707925487,0.011089180529468955,0.08496346301694388
76,0.00011188883963840403,0.010872012533879604,0.08508532073187369
77,0.0002428529172386971,0.010802512205396183,0.0851979424196618
78,0.0003090722972926433,0.010895962810987925,0.08529896359033062
79,0.0002231751700470312,0.010960178025170901,0.08537760416139592
80,0.0002323342764990636,0.012476877812778057,0.08543373137848106
81,0.00031433809907126687,0.014607985006781489,0.08548548138617279
82,0.00024942881635622307,0.013515679095049443,0.08554378802735624
83,0.00011306032012066284,0.011010892616011979,0.08562563535868925
84,0.0001568341867170727,0.010262461309831453,0.08574803571012482
85,0.0003119757058532952,0.010557708265097325,0.08588666823670277
86,0.00031647218577675004,0.01093560851624343,0.08601247993877048
87,0.00021958227304864908,0.010879166705653202,0.08612543671348169
88,0.000179650354359335,0.010312485350247723,0.0862158331540464
89,0.0000937019760946235,0.00974291078824914,0.08628296053023893
90,-0.00003655360874476265,0.009445193734335246,0.08634314208398755
91,-0.00010093126509232587,0.009254622712714773,0.08641833593861603
92,-0.00012445711278985007,0.009206195223188378,0.08652968446804585
93,-0.000136702995388835,0.009385259246972505,0.08665593176549241
94,-0.00014194456405598494,0.009656360287445667,0.08675689450252086
95,-0.00005191177315007247,0.00984869135873017,0.08682813770511019
96,0.00017243823774787002,0.00985395811646591,0.08688571021598102
97,0.0003593276662795447,0.009653595494191654,0.0869411216260389
98,0.0003333470278689309,0.009309133012301338,0.08700102603155338
99,0.00021406056991544022,0.00893126154308196,0.08708081438548043
100,0.0002594027012156324,0.008719010624863546,0.08719816006378772
101,0.0003121794690676169,0.008707512929542915,0.08733069248227746
102,0.00023998505917756418,0.00870877522009117,0.08743835864848054
103,0.0002641959167606956,0.008753209986748837,0.08751703905535693
104,0.0003569209029830998,0.00891067799037958,0.08759571314292428
105,0.00029866551044862547,0.009053185516028323,0.08769048807052793
106,0.0001645377917381467,0.009057472212586681,0.08778136754571003
107,0.00012312863968673025,0.008970283211266961,0.0878571657125356
108,0.00015108012759335575,0.008795322539263243,0.0879257246499957
109,0.0002745022967094936,0.00842469707652093,0.08800403582789301
110,0.0003364679300743483,0.008122534382966316,0.08809908416991241
111,0.00025525264388251445,0.008159705840795183,0.08819939443537417
112,0.00027727897239120775,0.008357888872801866,0.08831243323671298
113,0.0003749134093406414,0.008455482017815496,0.08842955475517245
114,0.0004042838092517499,0.00839596228472446,0.08853462674487864
115,0.00030920059946641643,0.008320778866515902,0.08863499586538817
116,0.000181615494355003,0.00827088163335954,0.088735071175331
117,0.00015854839815318306,0.008226234773837552,0.08883544990000306
118,0.00019410459506202728,0.008193723203438523,0.08892049711400218
119,0.0003100494900141074,0.008067368321083877,0.08898094161032666
120,0.00035518169043570957,0.007855543863502856,0.08903921965648776
121,0.0002561027868343742,0.007710519723058921,0.08910718141415047
122,0.0001839148356086009,0.007709701128950901,0.08916495277502537
123,0.00015953400429065894,0.007743747332060912,0.08921894255156848
124,0.00024217862802699495,0.007690816723335794,0.08930249141245139
125,0.00028941498436041923,0.007709451607843459,0.08941911446148071
126,0.00022076163544285142,0.00786169929947535,0.08954136409192598
127,0.00019259642118138064,0.007887982274414947,0.08964026359033517
128,0.00020865584436802111,0.007683618017706329,0.08971437618587388
129,0.00031368054177743833,0.007311402963943135,0.08977591881814767
130,0.0004405918996902209,0.006962441819504939,0.0898424138605867
131,0.000466948218763987,0.0069086926246686615,0.08993297589135119
132,0.0004393301708110758,0.007064604032343314,0.0900281515155375
133,0.00033165093633263313,0.007213547191307443,0.09009307021273699
134,0.00012683943605782148,0.007226923997522127,0.09013031598526558
135,0.0000687298318209407,0.007135872178038547,0.0901752888267203
136,0.00026617547129080803,0.007044878499860161,0.09024823326172315
137,0.0003765396330069437,0.006914843490153234,0.09034281389001991
138,0.0002954375669790758,0.006727592555041077,0.0904501961106034
139,0.00030158589023007124,0.006519341518360013,0.09054730156598675
140,0.0003086757935913045,0.006429702562617417,0.09061978026407455
141,0.00014013068341356546,0.006454971666378838,0.09068735288055652
142,0.00006513353717024209,0.006398543529630318,0.09076112534373679
143,0.00024466895551773847,0.006233832878315415,0.09082176458029206
144,0.0003577170914967442,0.006208320311556874,0.09086359936414934
145,0.0002960580302405415,0.006409150760009263,0.09091537376304165
146,0.00024346011143732636,0.006550791604415636,0.09099318771865994
147,0.00014688344843767222,0.006478999789944224,0.0910761877479124
148,0.00010890290526482889,0.006206626435806387,0.0911509266132266
149,0.00018872437114874399,0.0058089064541347255,0.09122176890574912
150,0.00014468605504921412,0.005512651494747466,0.0912887089636599
151,0.00010154723354922947,0.005499424230453024,0.09136317712286146
152,0.0001723926310699264,0.005628364396246935,0.09146288286657728
153,0.00013620007419443201,0.005690030400724626,0.09156932731326672
154,0.000029443573940929812,0.00568008567275027,0.09166172857086255
155,-0.0000028989882975164003,0.005630977868920152,0.0917606560735276
156,0.00009495677566466687,0.005556970168787513,0.09186592548782285
157,0.0003126466715372257,0.005463014621304501,0.09195090847427928
158,0.00046681164177939246,0.005441062824953862,0.09202821873534225
159,0.0003976270252293855,0.005378914623962956,0.09211498343009936
160,0.0002456411750083021,0.005213404055014945,0.09220170722703408
161,0.0002823296756695433,0.005190435080904554,0.09228007783267464
162,0.0003526061533618344,0.005268672339045927,0.09233286548988831
163,0.0002334474759432669,0.0052834201800021005,0.09235592894266273
164,0.0000939376179301529,0.005240732571245511,0.09238051833856611
165,0.00013881588016123494,0.005093528800145859,0.09242680001480519
166,0.0003415272099614611,0.004820354763229258,0.09249216233531721
167,0.0003996431386919827,0.0046719183265272,0.0925735334362631
168,0.00027155585272085176,0.004687943209761158,0.09265316041540694
169,0.0002662183828006134,0.004667083369928205,0.092732493141788
170,0.000380236699986568,0.004591044383765236,0.09283564251341805
171,0.0004601134892266293,0.0044998000916630625,0.09295698052809223
172,0.0005077305881698185,0.004420852734766114,0.09307722339546812
173,0.0005458445814152829,0.004277147181608147,0.09317436034040524
174,0.0005744725230483311,0.004190052570820101,0.09324229356226965
175,0.0005820713587907185,0.004228180394629178,0.09329737186811077
176,0.0005632114917426792,0.004144518510388811,0.09333829509819713
177,0.00044236832700041075,0.004054318830722077,0.09336545476256783
178,0.0002796678626746351,0.004064870284271866,0.09340449608977239
179,0.00029494846254378074,0.003955051351752404,0.09347740812845734
180,0.00033429953435960727,0.0038480490667966456,0.0935627678338419
181,0.00019473318164572515,0.003933168058409299,0.09362066560424653
182,0.00014080458235136983,0.003942637117534278,0.0936611867605106
183,0.0002494832456282495,0.003794933753958835,0.09372134040581243
184,0.0003245596046355969,0.0037609124841004662,0.09379531581861988
185,0.00033417477806999067,0.003738569481529383,0.09386707373665773
186,0.00022546176038436923,0.003537560992680171,0.09394180245689052
187,0.00015410917793289575,0.003335321375240251,0.09402052949769948
188,0.00021180616029674296,0.0033332593354795294,0.09410052602792746
189,0.0002469248411720133,0.00349711655037885,0.0941771086571406
190,0.00033563404791541964,0.003597338099594602,0.09424601566857108
191,0.00038057972355714294,0.0034562139153299174,0.0943053964016724
192,0.00023552074141863582,0.003218624703126196,0.09435667600890738
193,0.0001793013275914032,0.0031673965121737074,0.0943909238762772
194,0.0003659165553777711,0.003157653432455044,0.09440802335243059
195,0.00046830384617478323,0.003055171694603948,0.09443785568992355
196,0.0002988015130011016,0.0030684853337414626,0.09450787913845368
197,0.00017844681556805804,0.0031511779884634324,0.09460008872484815
198,0.00022467495544781024,0.003065919120033506,0.09468715206577988
199,0.0001802958644407272,0.002794073298300734,0.09476701754818723
200,0.00014907429439930438,0.002629920330608236,0.09482604190693295
201,0.00031677605276462964,0.0027174699890652187,0.09487286750766624
202,0.000496485779311665,0.004379114357776261,0.09494042757348373
203,0.00047420285090590646,0.006627589551261965,0.09501811652564535
204,0.00035449957968601304,0.005683504361522405,0.09508641166614351
205,0.00031489629584545106,0.0031910309957058278,0.09516283603767214
206,0.00032993798026918547,0.002332364353615529,0.09524295051476431
207,0.00042717613346547655,0.002529158155258747,0.09529745800265696
208,0.0004582443261514585,0.002789577805017915,0.09532636039692868
209,0.0002704734847478521,0.0028593244723942486,0.09535807983086494
210,0.0001635451593328167,0.002595700346954246,0.09540614313016166
211,0.00023281708172717127,0.00198432354744716,0.0954615520014035
212,0.00029188810287049833,0.001484674977714772,0.09553160926874438
213,0.0003943194816528826,0.0013982270267229842,0.09560645378835003
214,0.0005200138831260601,0.0014678769957508176,0.09565590141704283
215,0.0004823360850927876,0.0015655788065478092,0.0956950717621236
216,0.00028181533967283536,0.0018666363452683101,0.09574736698204811
217,0.00012415363792718493,0.002228750579368567,0.0958098883779972
218,0.0001013701167690399,0.002308485961347407,0.09589114288316752
219,0.0001226477661921768,0.0020265852703946347,0.0959914872434155
220,0.00012215347820628843,0.001605523755704163,0.09609448213720762
221,0.00017514625359858294,0.0012252658119424175,0.09619114613996649
222,0.0003400675705643949,0.0009943982218174425,0.09626567680107712
223,0.00039040624646257023,0.0009862008613750247,0.0963009376479872
224,0.000216687243598845,0.0010783001525123993,0.09631989472733038
225,0.00015027029554416844,0.0011918643627121255,0.09634960427321737
226,0.0002790184404007443,0.0012753746282833421,0.09638829631772239
227,0.00030781906050720686,0.0012593849147831612,0.0964448095243855
228,0.00022963713774533205,0.001307180766945415,0.09652029615809032
229,0.00026373101337936,0.0014674815792486869,0.0966000586585829
230,0.0004338848343158842,0.0014753339070803272,0.09667749636161876
231,0.0005481309303204058,0.0011522354493578124,0.09675211437037673
232,0.000527965181420369,0.0007049617281217374,0.09682643477330666
233,0.00047884539842222044,0.0005003949166912432,0.09690289147901276
234,0.0003944550643528125,0.0005358344041617438,0.09698170600139594
235,0.00024498136574345117,0.0006428534958289652,0.09704720168458836
236,0.00024841822095875155,0.0007877021877773019,0.09708953443119384
237,0.000406584692981762,0.0009366659903587713,0.09712977690933622
238,0.00040628628832361634,0.0009469515012619639,0.09717792856148116
239,0.0002619900800848328,0.0008101139616712161,0.09722552092538406
240,0.00022544862836801826,0.0006341765651822436,0.09727036034374914
241,0.00034855918059405384,0.0004161702951959261,0.0973151107999154
242,0.0003729894237629759,0.0002592131374310981,0.09736447767934109
243,0.0002652283760218323,0.00009402409753051736,0.09742213921198767
244,0.00031955035272503325,-0.00010043121000547633,0.09747545561975823
245,0.0005063711235507714,-0.00006400709898433986,0.09751569533301363
246,0.0005617090673509417,0.0001415697827023873,0.09754925564345301
247,0.0005112921538882229,0.0002240119405713904,0.09756365358179597
248,0.0005744625562403329,0.00018227374455186867,0.09755223953042169
249,0.0006781801128133496,0.00021565950176406215,0.09754066912516013
250,0.0005831654016701308,0.0002448519466155042,0.09755767421324274
251,0.0003781158439287453,0.0001227135131276404,0.09760532578642439
252,0.0003444076331582702,-0.0000851814441355128,0.0976587446523196
253,0.00044361410620288383,-0.0003583910033106337,0.09770744398559855
254,0.0005157901844063757,-0.0005896117957943227,0.09777425435579351
255,0.00048630235134969986,-0.0005625660263664069,0.09785485936336125
0,0.0003416042485059269,-0.0004662031960040317,0.0979285310402257
1,0.00024029768380675644,-0.0005499911971346108,0.0980068159579604
2,0.00032514208383017723,-0.0005899600506974693,0.09807854155362766
3,0.0005352680591733984,-0.0005307674007464412,0.09811062247030816
4,0.000566946960020103,-0.0005654679098847197,0.09810426783200915
5,0.00039416526235098743,-0.0006187559785010772,0.09808076844337532
6,0.0002628491321950662,-0.0007524581066070647,0.0980698653321877
7,0.00014750441538134045,-0.000981401218554672,0.09808822463559397
8,0.00015022386775761587,-0.0010310378460442163,0.09811592345433817
9,0.0003094984351674204,-0.0009330196545854035,0.09815398892165816
10,0.00043388510157684,-0.0008587696570629966,0.09821356073119414
11,0.0004888143196194166,-0.0008218522926161775,0.09828297762560317
12,0.000407824114393661,-0.0008951607719516873,0.09835312858222417
13,0.00025303769076589924,-0.001040620889246667,0.0984052178955716
14,0.00016101335202028862,-0.0011462409483180818,0.09844480809671441
15,0.00011267699822434444,-0.0012449680897699776,0.09850358414619753
16,0.00016398136266079219,-0.0013626395939566015,0.09857098218034255
17,0.0003527826058350461,-0.0015684661242529908,0.09862813764117917
18,0.0005220972163268226,-0.0017071294701840713,0.09868011389663389
19,0.0005884112479887153,-0.0016836935144361196,0.09871726117052854
20,0.0006230581991972003,-0.0016566645073659621,0.09873538942727561
21,0.0006670730722418135,-0.0016497116819239365,0.09875925882535563
22,0.0007113891986718118,-0.0017356364539536078,0.09879958617782197
23,0.0006501568288534011,-0.0017892183808142542,0.0988325211045753
24,0.000516271334999375,-0.0016620445151175095,0.09885927952615442
25,0.0005186998873528076,-0.001644938149135009,0.09890879055021773
26,0.0005102341523401027,-0.0018989643263090192,0.09898257007315159
27,0.00038958845844890076,-0.0020920804697088713,0.0990673925275421
28,0.0004006039641929462,-0.0020223551829463586,0.09915660983403052
29,0.000519295573374366,-0.0019113332346128928,0.09923386009480983
30,0.000596206124533649,-0.0019074147096049422,0.09929123995102446
31,0.0006405183165250632,-0.001950664050563801,0.09933799146480754
32,0.0006785049525887508,-0.00198329940986747,0.09936418263717917
33,0.0007105389858095457,-0.0019978242888329684,0.09937706339627611
34,0.000723870750955737,-0.002012633294690321,0.09939332605281243
35,0.0007110472018687823,-0.0020457056273474545,0.09939509697990645
36,0.0006765975216619187,-0.0021042694704603462,0.09937636172860659
37,0.000551696636360148,-0.002184792288462551,0.09935263245938758
38,0.00031450269406587783,-0.0023589323079769697,0.09933582544810127
39,0.00022472753824808914,-0.0025684644794859886,0.09933321295653808
40,0.00032456543255416715,-0.002680512285992467,0.09936012227849494
41,0.00032229621847973514,-0.00272597357071375,0.09943285652902878
42,0.00023038802732137513,-0.0027508415723307977,0.09952627744398718
43,0.00019626056860500506,-0.0028575121204822383,0.0995966488606973
44,0.00020132759618939565,-0.003005942215942311,0.09964924841938072
45,0.00020372374512508387,-0.0029954375924403608,0.09970260622488591
46,0.00027196359169255765,-0.002829643761611234,0.09974083395632527
47,0.00036926256189046913,-0.002721988257184331,0.09977085419253756
48,0.00030532117419314683,-0.002849158369508085,0.09981080578389318
49,0.0002536497776957357,-0.0030703358414586237,0.09984287082225718
50,0.00033830422247006574,-0.0031060977241995115,0.09987129089627783
51,0.00041001577866542826,-0.003020469301818202,0.09992473964579607
52,0.0005291853943358787,-0.002992389113096249,0.09998902782903302
53,0.0006665185797914467,-0.003098080674511179,0.10004220314090417
54,0.0006275589945421932,-0.003338082049312214,0.10008760158030355
55,0.0004950623438274003,-0.0034519193864763426,0.1001154483112619
56,0.0004361621571130356,-0.003324113978618647,0.10012267956604276
57,0.00034814190967127857,-0.003292321981346268,0.100135700059029
58,0.00022987198798785666,-0.00345307074094558,0.10017972039669959
59,0.00018561748496478438,-0.003601145065583117,0.10023692668731504
60,0.00018214930221358634,-0.0037720683317030174,0.10026969488279253
61,0.000264603072133344,-0.003855687559462237,0.10028822517738367
62,0.0004623993419316354,-0.00379610060223071,0.10032764244903364
63,0.0005346277243575316,-0.003764390185663007,0.10039234275313841
64,0.0003670775376616404,-0.0036961041787133813,0.1004691092709376
65,0.00020916812918356014,-0.0036129023735133846,0.10054958204207393
66,0.00019763974538658568,-0.0037055075985243137,0.10061538482067145
67,0.0002476383903711049,-0.0039729669650764125,0.10064439193177932
68,0.0002775839398181622,-0.004121569032442419,0.10065394905321762
69,0.0003463985555958631,-0.004095772437493287,0.10068001676468469
70,0.0005053925611677149,-0.0040996791889827255,0.10072495588404967
71,0.0006136590534898769,-0.004074463960951295,0.10076100517047709
72,0.0005276419551422662,-0.004026037935522701,0.100775812066011
73,0.0003886301728673674,-0.004128349952377607,0.10078115452354258
74,0.0004599462849540596,-0.004292118564720931,0.10077386868459987
75,0.0006550416844791612,-0.004275144965292301,0.10076806153956203
76,0.0006906027813084236,-0.004158595294390827,0.10078359221950339
77,0.0006026741903790165,-0.0042098307800833654,0.10081322479223814
78,0.0006294122976818499,-0.00437690006631866,0.10084879783165235
79,0.0006300881595203477,-0.004493429434090951,0.10088346749102817
80,0.0004987156363281231,-0.004570123386676613,0.10092648993543107
81,0.00039777974409759215,-0.0046415151537339185,0.1009699002811239
82,0.0003586167806655233,-0.004796350681032549,0.10098543628480733
83,0.00036737360233016735,-0.00489597348521373,0.10097695435004489
84,0.00040688661811978536,-0.004854161240038799,0.10096392672845522
85,0.0005434308317855759,-0.004912359998663407,0.1009566351755179
86,0.0006320638095035054,-0.004961522969327104,0.10095743018191572
87,0.0005795947672981579,-0.004824417046771614,0.10097666443636394
88,0.0006170767779275848,-0.004696624220862365,0.10101537146457967
89,0.0007092331678203827,-0.004792072650191452,0.10105820073887806
90,0.000632248864895806,-0.005079300815865715,0.10109826311245629
91,0.000384389198568453,-0.005239732792240624,0.10113559854365423
92,0.00019084762164779656,-0.00512727493040053,0.10117402448527774
93,0.00016097225350228481,-0.005075276650093084,0.10121754527846161
94,0.00020732483634523118,-0.005190272447899585,0.10126755952656713
95,0.00025344617633202954,-0.005201062412942823,0.10130861442821876
96,0.0003559860783193922,-0.005123129026946746,0.1013299216404937
97,0.000554651175676194,-0.005190723093913316,0.10135066838924284
98,0.0006934362769132863,-0.005347958398724149,0.10137861998775016
99,0.0006172157438801867,-0.005354656633616594,0.10139034930506008
100,0.00046387667841162104,-0.005360437278270671,0.10139048439715975
101,0.0004200958423797301,-0.005487549712628806,0.10141296455770166
102,0.0003739115596008971,-0.005509938412454299,0.10146402655285869
103,0.0003039244854403677,-0.005538291378764618,0.10152006204645542
104,0.0003774937634366698,-0.005750845945530297,0.10155569132997638
105,0.0005046858784724965,-0.005956383677222883,0.10158474500176273
106,0.0005253727843506856,-0.005946281447993876,0.10163810002834045
107,0.0004766608437157476,-0.005837247869211309,0.10169840597686297
108,0.0004252439624163837,-0.005819520264340749,0.10173871394356654
109,0.0004880381280661248,-0.005793100195167239,0.10177224790753725
110,0.0006246729787334061,-0.005747853024304542,0.10180868346512828
111,0.000702869978080509,-0.005858234039571728,0.1018434136511171
112,0.0006605180541975012,-0.0061184140592404415,0.10187856123210126
113,0.0004879808711058908,-0.0063200721095840705,0.10191868325815229
114,0.00043326911306142916,-0.0062899192950390224,0.10195365249606503
115,0.000523865675860098,-0.006086675395255307,0.10196392152930639
116,0.0004693166331697173,-0.006032605254232999,0.10196433067747906
117,0.0003841332735877033,-0.006181581026856637,0.10197210006848001
118,0.00048246675584323823,-0.00623129697509275,0.10197804101830621
119,0.0006063181313294345,-0.006266929878877312,0.10198876802906548
120,0.0006441699386733843,-0.006471311408475015,0.10199582011043701
121,0.0005796936443803937,-0.0065812255408584375,0.1019734310771051
122,0.0005054692243355767,-0.006439636264703456,0.10194328069985625
123,0.0005348972022600701,-0.006369442571763553,0.10194846688419884
124,0.0005980509019166062,-0.0064787148857527455,0.10199577749602318
125,0.0006231119772457578,-0.006581819822849999,0.1020555061675062
126,0.0005079047920766278,-0.006646632006008374,0.10210646802875617
127,0.000398479848450671,-0.006612642544914282,0.10214734146827115
128,0.00040451169180341965,-0.006540014446422444,0.1021752415792847
129,0.00039819241850875685,-0.0066327038202326355,0.1021885798571911
130,0.0003896160315478421,-0.006886477097621302,0.10218898339454358
131,0.00032995869304437925,-0.007005960871433167,0.10219469584568441
132,0.00035054472243093576,-0.006859497894425547,0.10221845626536802
133,0.0005873618902006673,-0.006707034827705433,0.1022550877296246
134,0.0007250435316432267,-0.006703531514704476,0.10228919046012702
135,0.0005762804872869521,-0.006860621633595389,0.1022998417248171
136,0.00045525042499269656,-0.007140326017373123,0.1023028739812889
137,0.00047787910152253415,-0.00726854201284317,0.10231698878916123
138,0.0004777293835344431,-0.007128333526904885,0.10233340784651668
139,0.0004462170402127159,-0.007062439441536127,0.10234422262533965
140,0.0004248232724352975,-0.007177617804520607,0.10233252808859977
141,0.000520317075422082,-0.0071994124023704205,0.10229440556674341
142,0.0006842812353004659,-0.007137602876956681,0.10226107758983483
143,0.0007762271859723434,-0.007136634780087945,0.10226542515996512
144,0.0007296251319082077,-0.007178272154428966,0.10230952329048609
145,0.0006196566632777488,-0.007221683474353542,0.10236392560137375
146,0.0006582788114019196,-0.0073351011176468785,0.1023976267985569
147,0.0007632464534842449,-0.007480061325157664,0.10240761517969704
148,0.0007733491855925706,-0.007464006434400955,0.10241837895890077
149,0.0007253790883557318,-0.007458395121504542,0.10243964739714195
150,0.0006022889848575671,-0.007585885980460193,0.10244686333120429
151,0.0003961421801173385,-0.0076142037723436334,0.10244163014681235
152,0.00035190199695502434,-0.007566099244514825,0.10245466494816569
153,0.0004898568179475048,-0.007578420349978163,0.10249036557319569
154,0.0005849671997688645,-0.007623322308179824,0.10253869543121491
155,0.0006829000897175864,-0.007739477135340438,0.10258242628935149
156,0.0007721586007460493,-0.007954496060953813,0.1026008518016614
157,0.0007654080344720727,-0.008034406469198976,0.10261085342656717
158,0.0007207276666415451,-0.007959202830192101,0.10263193955637295
159,0.0006951888748850939,-0.007944644468060268,0.1026421431381212
160,0.0007061871483088423,-0.008012488518373155,0.10262708495552447
161,0.0007437396749264097,-0.008196922232295772,0.10259374376872621
162,0.000705813440244423,-0.008327666125971377,0.10256233644856305
163,0.0006185183623485047,-0.008224587780037818,0.10255981140174197
164,0.0005909181702880651,-0.00816913367349979,0.10258835531004423
165,0.0005006075009716382,-0.006687081796622734,0.1026234951484874
166,0.00043609832602961595,-0.004448569719135667,0.10265441409266407
167,0.0005566233264361195,-0.005384165376348671,0.102689489321862
168,0.0005981132666074892,-0.007843205602312985,0.10271698716938993
169,0.00041387329414158125,-0.008534463447418305,0.10273972935000886
170,0.000329644288380141,-0.008227124356972476,0.10276746081804206
171,0.0004431266139241158,-0.008003602012670417,0.10277450606471256
172,0.0005502226565161947,-0.008090653181318061,0.10274858941205833
173,0.0006010204393470471,-0.008493559777387076,0.10271568597703601
174,0.0006076180626035464,-0.008917394000512072,0.10270810589155666
175,0.0005870909712338678,-0.009053602715024575,0.10273189519070314
176,0.0005517727891685609,-0.009095406027113707,0.10276437079892647
177,0.0005964392850053577,-0.009189384281293626,0.10279452814003298
178,0.0006896104129961969,-0.009151006291983815,0.10284236002762898
179,0.0007202022879132088,-0.00885108766880292,0.1028997494206233
180,0.0007280793725684565,-0.008515740226976806,0.10294287540319902
181,0.0006700673828034377,-0.008501053789219958,0.10296908611042538
182,0.0005088960503420634,-0.008684920056103104,0.10296314634325254
183,0.00047214785505755646,-0.008810393310727641,0.10293386620424744
184,0.0006618633751711881,-0.008962887865343962,0.10290441414775192
185,0.0008224119695816022,-0.009249183919899508,0.10286496246377808
186,0.0008184543564172281,-0.009486010180913954,0.10282873716608487
187,0.0006600957516737761,-0.00947389180704358,0.10281849736151488
188,0.0004015997883576915,-0.009362448250440785,0.10281765236762586
189,0.00032352262875832505,-0.00916703666386105,0.10282759358679
190,0.0004557028334070891,-0.008848738012149759,0.10285765527424168
191,0.00048651975558698353,-0.008758748726746445,0.10289360715728602
192,0.0004131079288511156,-0.009068509305373184,0.10292447614317396
193,0.00037587979591916214,-0.00941021858468373,0.10294445155047427
194,0.0003581894673865537,-0.009514557015259162,0.10295329507151385
195,0.0003275997252009202,-0.009612077349743852,0.10294203157800186
196,0.0002833886116783221,-0.009755175937756915,0.10292449062930603
197,0.00024510943116643803,-0.009670207281787468,0.10293704455848701
198,0.0002312727457525355,-0.009496738303603217,0.10296939002304317
199,0.00024788437659794106,-0.009409972441306369,0.10299907845524603
200,0.00036975515223146055,-0.009346563036841317,0.10303860328522552
201,0.0006184668561395673,-0.009434187637706065,0.10307822413998469
202,0.0008111742183627283,-0.009581512333296207,0.10309801254918471
203,0.0007706893796287559,-0.009609381386948047,0.10311551809046676
204,0.0006230686876880075,-0.009658267415267496,0.10314107258274735
205,0.0005552700427225521,-0.009786864300966536,0.10316748691858502
206,0.0004664110303524765,-0.009960106803533583,0.10319265115065157
207,0.0003522842792200152,-0.010142940430829642,0.10321731349748098
208,0.00039684457167455615,-0.010186472567643504,0.10324281526525114
209,0.0006023982253217243,-0.009993683104356138,0.10326943982701736
210,0.0007640393991009323,-0.009683899029894402,0.10328264691058825
211,0.0007887140641168476,-0.009610697620892745,0.10326110370987146
212,0.0007665538656354856,-0.009907315335316386,0.10322172435547572
213,0.0007641806189982494,-0.010275995645014063,0.10320018280683746
214,0.0007907710016889264,-0.010422141333936239,0.1031993449919208
215,0.0007455863669074149,-0.010323327628962285,0.10319267651620712
216,0.0005710502175593321,-0.010268764752946597,0.10315610768489436
217,0.00042114031768231575,-0.010320940683513302,0.10309685373429839
218,0.00045927802311739865,-0.01030060171059742,0.10305017194391874
219,0.0006456978421710911,-0.010222861718860693,0.10303366505711475
220,0.0006853190241388853,-0.010164515664114419,0.10302511852885599
221,0.00046436418782601157,-0.01017721991870811,0.1030090843048242
222,0.00034086607439738907,-0.010184500708120301,0.10298893538691184
223,0.00043018720090919646,-0.010202386221663133,0.10297848007103799
224,0.00045251358950011006,-0.010390055933723549,0.10299667718621436
225,0.0004013802260874285,-0.010624094211131783,0.10303829235452422
226,0.0004841710695961039,-0.010714326084097212,0.10307417735011587
227,0.0006231504835744577,-0.010768844113629314,0.10309291446976832
228,0.0005692132460172234,-0.010736296726555149,0.10310631203893966
229,0.0003965194201649198,-0.010515484309584724,0.10310870071082695
230,0.00029173108740148594,-0.010340372104384602,0.10309625049763321
231,0.0003393740457444803,-0.010430645127119366,0.10309098029198227
232,0.00046154211912321466,-0.010660522551705218,0.10309935947377313
233,0.0004381448104687206,-0.010736636463477906,0.1030938018990783
234,0.0003451603958855077,-0.010778888789900524,0.10306085661837283
235,0.0003406494373286162,-0.010897734360236788,0.10301224040686946
236,0.00046972887280273675,-0.010871411941737998,0.10297323046524176
237,0.0007064765420466603,-0.010828836012022641,0.1029731935339408
238,0.0008587850282682249,-0.010891175107525585,0.10299952250864097
239,0.0008501822048213308,-0.01085169488268294,0.10303006162670575
240,0.0007028547021625637,-0.010842323324320433,0.10306470437606152
241,0.0004595618536499097,-0.010968431099825596,0.10310035906696674
242,0.00038904889443481736,-0.01099541079258285,0.10314482784793916
243,0.0005171931220145528,-0.011028292905195736,0.1031979907283529
244,0.0006177517767614609,-0.011240340881922845,0.10324395119514063
245,0.0007321636518310005,-0.011355114849372593,0.10327572516951239
246,0.0008422294798416559,-0.011291737192831146,0.10329394157035354
247,0.0007704047447924566,-0.011329146626408795,0.10330399011346664
248,0.0005306041967674789,-0.011458822231442248,0.10329939089122969
249,0.00034262458118732714,-0.011537494965685374,0.10326635758747471
250,0.0003086688846582063,-0.01149916127237672,0.10322597895806124
251,0.0004230603613176564,-0.011340952791946461,0.10320029223037536
252,0.0006524080494475378,-0.011317290449010402,0.1031689096078856
253,0.0007307991955625596,-0.011455102273890728,0.1031184315400207
254,0.0006283098472209727,-0.011539310931460812,0.10306937229340685
255,0.0005615392558522168,-0.011630336236526671,0.10304715489762045
0,0.0005596680178508763,-0.011731334230672137,0.10305233965703814
1,0.0006690747845451506,-0.011680612483559377,0.1030731578559172
2,0.0007329638444992679,-0.011578476610700515,0.10309245995149457
3,0.0005811858651567471,-0.011673047966719481,0.1031036150973702
4,0.0004979217873850245,-0.011882165172230667,0.10311658606867935
5,0.0006522663524484741,-0.011931577213111076,0.1031197413058918
6,0.0008130735568230215,-0.011863773633623745,0.10311575592937788
7,0.0007559992471604249,-0.011837178654619293,0.10311489126220164
8,0.0006003193356158124,-0.011755311924019372,0.10310607919702525
9,0.0005412957283697448,-0.011712762046796527,0.10309776641246315
10,0.0005619196869822997,-0.011867953531360838,0.103084947451686
11,0.0006865846139208166,-0.012036713040057746,0.10304484795484808
12,0.0007552454167612608,-0.01202347101014304,0.1029871378032915
13,0.000600359355000061,-0.011862149615250013,0.10293518340554997
14,0.0004267904186751499,-0.011853144304093607,0.10289981047891611
15,0.00045134478992485405,-0.012112587310616915,0.10289355170092684
16,0.0005668043991036881,-0.012279044083889079,0.1029269529403935
17,0.0005134505827476041,-0.012231424141906748,0.10296999132333579
18,0.00036564449906568725,-0.012162958434891555,0.10297778933705382
19,0.0003871769049961849,-0.012123930550662874,0.10295918338769244
20,0.0005211652888597721,-0.01211238705649506,0.10295294399675448
21,0.0005136267521336257,-0.01047855735594811,0.10296982553532114
22,0.00041735479261442113,-0.008198235918916101,0.10298972341404872
23,0.00047191341156278734,-0.009201080572810938,0.10298941736509754
24,0.0006893232891685757,-0.011744936289661573,0.1029836185712682
25,0.0008541808487083241,-0.012638509187983055,0.10300317257406616
26,0.000866817541888639,-0.012296320461635122,0.10304339492905179
27,0.0008208670285276016,-0.011790041836864558,0.10306924163893055
28,0.0007925973616410599,-0.011688953095427286,0.10306291032759057
29,0.000801130871378607,-0.01201800488666594,0.103047265446361
30,0.0007518095258467502,-0.012594394542006324,0.10302646409875127
31,0.0006699293939964055,-0.012991981775489561,0.10299415767825748
32,0.0007426284745975175,-0.013070144800321086,0.10297721563830298
33,0.000795561105399118,-0.013082852463322234,0.10297539855174204
34,0.0006227600807270006,-0.012955142202816038,0.1029585462245714
35,0.0004206383639541808,-0.012653368915177841,0.10292220319326789
36,0.000336287147172819,-0.01241120948175151,0.10287596061742604
37,0.0004035552963174501,-0.012234957268001959,0.10283642510233848
38,0.0005263671933703729,-0.01226343974143625,0.10282365230010504
39,0.0004885504483122927,-0.012539968557812267,0.10283326086889355
40,0.00037613490836999985,-0.012756643794963343,0.10285061985801708
41,0.00035581475329928914,-0.01286645755275645,0.10285863345831442
42,0.0003955223460742818,-0.013032949187450169,0.10284029133403377
43,0.0005153626638145213,-0.013241094148750875,0.10280436524832409
44,0.0007241702408877562,-0.013297485110644026,0.10276880577995123
45,0.000858147568851002,-0.013076953876301822,0.10273813577228802
46,0.0007673061390532361,-0.012786445286720474,0.10270815231462443
47,0.0005975444550114135,-0.01267795224439219,0.10268513865546042
48,0.0006244930878397219,-0.012754560125375632,0.10268355440790133
49,0.0007778152032851251,-0.012940579179584855,0.10269811339695079
50,0.0007890400783959117,-0.013155392296318541,0.10271670156491847
51,0.0006200292570840019,-0.013412942436047438,0.1027392416019246
52,0.0005521625394697533,-0.013621210763897634,0.10277049247432707
53,0.0007199519648884299,-0.013644253429074792,0.10280033068158667
54,0.0007927055901808034,-0.013459188729665658,0.10280751192892174
55,0.0005934696668285819,-0.013206354450647557,0.10280337312354532
56,0.00037362691100725504,-0.013078006289756396,0.1028008762926908
57,0.00030164672075533327,-0.013074181618111892,0.1027742822334935
58,0.0004038098227202014,-0.013154483783771466,0.10271037520976711
59,0.0005657536065495124,-0.013282298338171045,0.10263521438738249
60,0.0006369658795007166,-0.013503736800458119,0.10258303864206864
61,0.0007318438701146,-0.013737106580700813,0.10255019082107009
62,0.0008515992562187925,-0.013751297295260055,0.10252535586745609
63,0.0008071661052184479,-0.013620865266106598,0.10253098931006599
64,0.0005951883376575482,-0.01360988421472191,0.10256142494625775
65,0.0004232590497970086,-0.013680198259114582,0.10257976947165709
66,0.0003886175768521719,-0.013610719518670225,0.10258757829257792
67,0.0004873342123769956,-0.013403915596562649,0.10260716624205307
68,0.0006104457089937087,-0.013361734619564032,0.10261904593073357
69,0.0005458116648450822,-0.013531998832421739,0.10260065926068646
70,0.00047477913383340057,-0.013685604726592047,0.10256069263219614
71,0.0006181003298448985,-0.013768318588907862,0.10249929287641402
72,0.0007104825614340378,-0.013713397534409186,0.10243769681287879
73,0.0006594161351409448,-0.013587698678453955,0.10240325493988439
74,0.0006390986189105312,-0.013611787661696004,0.10238036137061596
75,0.0005793319668578865,-0.013719629029069202,0.10235566124370027
76,0.000567229715795699,-0.013677422832991754,0.10234358660317389
77,0.0007348523050547744,-0.01356393953032941,0.10234583030222305
78,0.0008768409296886935,-0.013552304426574721,0.10233287443336253
79,0.000876855592791467,-0.013617707381109609,0.1022914501931545
80,0.0008220074559888327,-0.013780597390191558,0.10224751388330189
81,0.0007914198433817975,-0.013960717319397568,0.1022195887284631
82,0.0007246092446630769,-0.013946348402742496,0.10220614629718816
83,0.0005696396607621224,-0.013825765616285901,0.10220657293519647
84,0.0005491703553743847,-0.013777274894398596,0.10220558210065023
85,0.0007612374729885772,-0.013871298716951093,0.10220609019721699
86,0.0008604803142881743,-0.014103241659484213,0.10221913353881262
87,0.0006653659137475462,-0.014289957879088856,0.10223242209506833
88,0.0005109931469540057,-0.014348649954268995,0.1022502291337124
89,0.0005284840886022866,-0.014283352882500697,0.10227428333932775
90,0.0004703919157073094,-0.01411463850384368,0.10229374541689562
91,0.0003617833177079207,-0.01401125691623193,0.10229373600443631
92,0.00042990391553855527,-0.014036826374015501,0.10225899777300079
93,0.0005998861020339026,-0.014091279381838837,0.10221364583566644
94,0.0006088348788599409,-0.014192750556165971,0.10218417295720689
95,0.0005063073870667251,-0.014294715736216997,0.10216648608415002
96,0.00045295415747958296,-0.014302878832611755,0.1021660951816813
97,0.00043297047620801483,-0.014281399196022372,0.10216785410952356
98,0.0004093150426730799,-0.014290573402199074,0.1021365149399337
99,0.00045857079032425347,-0.014426640824781421,0.10207209708689247
100,0.0006333007026508021,-0.014545436971303838,0.10199473716932722
101,0.000700532312256686,-0.014544660991811752,0.10191934079556131
102,0.0005440572491698899,-0.014643578112432776,0.10186791818187785
103,0.0004888128437748654,-0.014794411474098379,0.10184898269124298
104,0.0006184603309490923,-0.01484484882212199,0.10184871915472093
105,0.0007200333193651694,-0.014742315689909892,0.10185616047329948
106,0.000828202173975457,-0.014591766406620806,0.10185074508769554
107,0.0008385571372173405,-0.014547461593574777,0.10182311657800569
108,0.0006227705170919037,-0.014496359328132466,0.10179766033588372
109,0.000406792050517437,-0.01443050578086797,0.10180055253601011
110,0.0003357304074577777,-0.014527469125557496,0.10182919287665765
111,0.0004311276652200198,-0.01478033613779884,0.10185291380204353
112,0.000666108989286544,-0.014894365463079137,0.1018433038677567
113,0.000768943803254136,-0.01481887623968415,0.10180290059396546
114,0.000615939168671644,-0.014850401267377765,0.10174979906189163
115,0.00045576146293676775,-0.014979708786076303,0.10169408270930608
116,0.0005108231695006606,-0.015056488367064975,0.10165291386785424
117,0.0007409149861217308,-0.015010055100867871,0.10163240278690672
118,0.0008257879763742945,-0.014919947412219255,0.10161997921068061
119,0.0006293759470861388,-0.014917024296332057,0.10162225870063296
120,0.0005002785093517433,-0.014874176932534719,0.10164321315465547
121,0.0006398576217851047,-0.014782826083966097,0.10165879068295769
122,0.0008191579574097878,-0.01475016862976647,0.10165842086664534
123,0.0008011602573845971,-0.01475067491822743,0.10166486641833439
124,0.0006878090276340152,-0.014838234448004299,0.1016879234297432
125,0.0007407651787255578,-0.014966607251321859,0.10171496207356628
126,0.0008882868955229595,-0.01502440429337934,0.1017230963904095
127,0.0008679257097379419,-0.015136195315239707,0.101687946882421
128,0.0006543390899444749,-0.0152982893631156,0.1016148687832546
129,0.00046301987470525816,-0.015309999206174638,0.10153835409030931
130,0.0004875904668363445,-0.015154003791681962,0.10147812012380858
131,0.0006076133864149455,-0.015025677031768166,0.10143036884270518
132,0.0006434456032856125,-0.015015706497466065,0.10140554469749924
133,0.0007070567783481073,-0.01503885185767359,0.10140745640865162
134,0.0007300943441303584,-0.01503844456635147,0.10140958831802666
135,0.0005766217845614022,-0.015016220034783145,0.10139846172920103
136,0.0005252089135942685,-0.014997937831547022,0.10139490610935364
137,0.0006430907850300113,-0.015086810782011656,0.10140835086444183
138,0.0007241104102523334,-0.015244062262144857,0.10142708638863357
139,0.0007326196593369491,-0.015341247392072238,0.10144269330296068
140,0.0006164965282527671,-0.015400763539005075,0.10143707843951644
141,0.0005342838579076175,-0.015369431862013318,0.10138992355374438
142,0.0006636208655302542,-0.015292946457244938,0.10132203378565663
143,0.000729163712150069,-0.015281647659720392,0.10127365019862095
144,0.0005682350760759962,-0.015293361721683274,0.10125088723105186
145,0.0004963334745378759,-0.015371108931822523,0.10124105969965375
146,0.0006904770001178603,-0.015470494183982622,0.1012367743650282
147,0.0009046334966375251,-0.015491202847994025,0.1012347766595455
148,0.000974454857039897,-0.015571846789996555,0.10123413024428135
149,0.0009572663707536865,-0.0156375559546545,0.10122127660812386
150,0.0008392295821799379,-0.015536633235086632,0.10118957136197015
151,0.0006097903658390928,-0.015451070941151647,0.10116214713173716
152,0.00043747461097258284,-0.015483323542107102,0.10113541496816975
153,0.00040326770410367956,-0.015626980562699795,0.10107924187838002
154,0.00042188508219857313,-0.015766742975894248,0.10099369355480231
155,0.0005145838864159143,-0.015774071138270784,0.1009094820237561
156,0.0007093039391107646,-0.015715127134658217,0.10084445728789626
157,0.0007707246443503317,-0.015669712234249997,0.10078145286967838
158,0.0006726352426089349,-0.015756417802780018,0.10072598520450698
159,0.0007067561615946736,-0.015847899723994988,0.10069443483974266
160,0.0007654658555687351,-0.01584865897811305,0.10066643036730966
161,0.000644902620137193,-0.01597359738812399,0.10062953959488591
162,0.0005117179379382042,-0.01616190135793561,0.10058958920174765
163,0.0005630953906503203,-0.01624496385928255,0.10054810453667812
164,0.0007676961134391216,-0.016239397942701052,0.10051764870802704
165,0.0008220837885798758,-0.016117768667893412,0.10050319349245634
166,0.0006862398573421264,-0.015879658671435877,0.10049341076570606
167,0.0005895854049071362,-0.015790983690431575,0.100497173749998
168,0.0005762972332476698,-0.015978968764968238,0.10052043728198629
169,0.0006156159256086534,-0.016192389079862604,0.10055308357980819
170,0.0006718698127562658,-0.016197376465832337,0.10058935873747576
171,0.0008030660718883489,-0.016019421836018913,0.10061173372289428
172,0.0008669859288572925,-0.01588530650358904,0.10061006474120154
173,0.0007806831749580896,-0.015890074153480316,0.10059164285910721
174,0.0007882396661615474,-0.015937948497826135,0.1005591685213556
175,0.0007828758670490642,-0.016041382044905038,0.10052686519366566
176,0.0005902485638505373,-0.01623025608952032,0.10050235689895332
177,0.0004089971564573765,-0.016361582617921165,0.10046479482607251
178,0.0004551458190150343,-0.016376541967905535,0.10040841791541716
179,0.0006976507074450532,-0.014724195064805254,0.1003493856433002
180,0.000816770741891344,-0.012355584146053429,0.10029872372245063
181,0.0006643753614415169,-0.013246361703506751,0.10027384868964878
182,0.0005717966876987476,-0.01567579869636826,0.10027817914077475
183,0.0007266821737364193,-0.01644859760921786,0.10028015595655076
184,0.0008953839092777553,-0.016136499336026178,0.1002603961643988
185,0.0009287163490860919,-0.01572204751433602,0.10023642863562054
186,0.0008143757832701859,-0.015622690486646822,0.1002058114655281
187,0.0005878751208246735,-0.015821648143470875,0.10014390006189211
188,0.00043643222040445386,-0.016158968329352166,0.10007021993728438
189,0.00043288710394546537,-0.016560627052065346,0.10002488361011241
190,0.00047600834384830355,-0.01695375725623645,0.10001314964808372
191,0.0005758975894580979,-0.01703939989121314,0.10001966455007949
192,0.0007581291323740245,-0.016712068118917053,0.10003264662587535
193,0.000875431542239676,-0.016294296956621435,0.10004387797257763
194,0.000785168925554179,-0.016031425330926066,0.10003541176682829
195,0.0006318450351992997,-0.01602246570298834,0.09999992495029408
196,0.0006838227151407953,-0.016197118652233215,0.09995008902787178
197,0.0008609441436318727,-0.016319597162216537,0.09988138478717984
198,0.0008858636563771499,-0.016417765377658593,0.09979345940529827
199,0.0007980149842350044,-0.01658365925438826,0.09971425098733344
200,0.0008350649444072494,-0.01672286411029207,0.09967019539891442
201,0.0008521058933372424,-0.01682880571868963,0.09964466673425837
202,0.000654426933735933,-0.01684552131596013,0.09961410415367822
203,0.00044294660469342613,-0.016706889479155967,0.0995813475221391
204,0.00044834701045510085,-0.01661509184765913,0.09953689546060168
205,0.000656646972176428,-0.016560713946743237,0.09949114488435173
206,0.00076086271284407,-0.016433655842017336,0.09947566251134987
207,0.0006174572840011959,-0.016419118639044973,0.09948891799015264
208,0.0005532388680480607,-0.01666791366363657,0.09951155924396854
209,0.0006619207507711912,-0.016990556925444204,0.09951791176884273
210,0.0006580116869742379,-0.017140239704754888,0.09949634936636631
211,0.0006288024718526847,-0.017113458505248404,0.09945806264131934
212,0.000760700785989746,-0.016983987257474006,0.09939887418954618
213,0.0007996367865982232,-0.01682971450377086,0.0993194889190131
214,0.0005989103283782127,-0.0167154214269348,0.09923557445172981
215,0.0004874301027215323,-0.01676683770138157,0.09916820297174223
216,0.0005721911336516563,-0.016951287196202904,0.09913852457538219
217,0.0005776374466294138,-0.01704273811139772,0.09913951577127328
218,0.0005054485882841761,-0.016992695769312963,0.09913813338136807
219,0.0005708464535444939,-0.01703967530334745,0.09911902315660176
220,0.0007017820232307148,-0.01719450976920589,0.09910475901624943
221,0.0006514684878498821,-0.017234719050448898,0.0990951089507835
222,0.0005748607135747121,-0.017233020936267766,0.09906290175347376
223,0.0006914877713535916,-0.017140239869750933,0.09902092547453545
224,0.0008316049569364937,-0.016875012883280825,0.09898771365027981
225,0.0008732328756698971,-0.016685577004596865,0.09894303703504848
226,0.000797582791288708,-0.016708767342774405,0.09887566823519173
227,0.0007019487147703288,-0.01693256577738693,0.09880861028736326
228,0.00079065279079772,-0.017203024237047553,0.09876880206291372
229,0.0009578203059859339,-0.01725483667666694,0.0987567671463967
230,0.0010165975918858812,-0.01715000725911943,0.09874621881818946
231,0.0009860228248742661,-0.01706356231418319,0.0987125457595584
232,0.0009269627761549098,-0.0170816911182108,0.09867287671466085
233,0.0007960799944912895,-0.01722820021461889,0.09864901424608225
234,0.0006537120643794882,-0.017350371652789867,0.09863413264107351
235,0.0007053898746134128,-0.017386158110086813,0.09861938527857261
236,0.0008624603142042557,-0.01742529364824196,0.09859707552875008
237,0.0009458618878454678,-0.01742906535463786,0.0985763683587299
238,0.000965494004663163,-0.017337133935508932,0.098550495752675
239,0.000961848384905021,-0.017269296091563663,0.09850672810615457
240,0.0009524911899094421,-0.017275841656124155,0.09845741163808625
241,0.0008569198666277785,-0.017267281313211112,0.09841251582820165
242,0.0006381833904046861,-0.017203793005157043,0.0983771811244179
243,0.0005482211845001385,-0.017194943081993166,0.09833789678442201
244,0.00063026264044136,-0.015680097671180303,0.09829757924614757
245,0.0006823472982838794,-0.013420591971648424,0.09826741459580751
246,0.0007649000432030852,-0.014401567093785358,0.09822341545673602
247,0.0007870005909801896,-0.017035623546051905,0.09816719127236173
248,0.0006151234325075762,-0.017933319674673535,0.09812926933062299
249,0.0004568213020795383,-0.017531106811130938,0.09810082000825532
250,0.00043485397743512006,-0.017018865634555312,0.0980664266334213
251,0.0004707676090202721,-0.01692216130471564,0.09803447366612822
252,0.0004929059061795113,-0.017135310189705814,0.09799680179459747
253,0.0005650258901527818,-0.017516179267615818,0.09794799696118367
254,0.0007369158659541539,-0.01786807470769905,0.09790913857202271
255,0.0008617515524538563,-0.017917266369283168,0.09789918164441763
0,0.0007886209820241687,-0.017734788569127552,0.09789539407168063
1,0.000653031606984455,-0.017523411186834842,0.09787132320922609
2,0.0007163822336545595,-0.017329896406543234,0.09784410073981448
3,0.0008948409968597545,-0.017267645632615167,0.09781441450821804
4,0.0009113918147241815,-0.017335209627452747,0.09777386757429185
5,0.0007270011234813459,-0.017437215719030945,0.09774794694492578
6,0.0006297680824287216,-0.0176770178168243,0.09773521922449263
7,0.000765689219319678,-0.01799910988687424,0.09770438627919842
8,0.0008982533519437182,-0.018222401701012192,0.09765006410534566
9,0.0008136411233507271,-0.018317486252469824,0.09759452837192112
10,0.0006436133118997778,-0.01829590192113934,0.09754702827791584
11,0.0006714618136863574,-0.018184515052870567,0.09749784246814847
12,0.0007501931970891806,-0.017947781487718098,0.09745729389649682
13,0.00073660755544093,-0.01769114313119815,0.097434120774743
14,0.0007454271648494643,-0.017589801683721283,0.0974224804390596
15,0.0007671504900454919,-0.017550128444762288,0.09740829172170401
16,0.0008498482022741938,-0.017559472223440495,0.0973723381726242
17,0.0008554051957465275,-0.017763883989145114,0.09731813770015357
18,0.0006383166025110388,-0.01811136416604727,0.09725823629189972
19,0.0005067715088318541,-0.018349829876706275,0.09719414193851472
20,0.0005640241067620688,-0.018365245575498026,0.09713545496856962
21,0.0005447532521843754,-0.018177524910968933,0.09708490652226087
22,0.0005443659128255348,-0.017854543385570097,0.09701888145655291
23,0.0006556586774259347,-0.017620764011927185,0.0969451212341984
24,0.000644452863369935,-0.017664890618992908,0.09690143883447916
25,0.0006226961492874577,-0.01793997417400367,0.09688314032641188
26,0.0007738610045270348,-0.01811834723167057,0.09686023499728014
27,0.0008318699008751373,-0.018120921270881565,0.09682875621402187
28,0.0006406182533413483,-0.01821448291297375,0.09679607974109217
29,0.0004431247757998786,-0.018282485927131165,0.09675993756924905
30,0.00039292914132919724,-0.018126879702352695,0.09672696323433749
31,0.0005057513803452198,-0.017934340875065617,0.09671067510256542
32,0.0007459412368534103,-0.01784768458999992,0.09669136403001571
33,0.0008385335537464591,-0.017823305429540054,0.0966508473499843
34,0.0007463299112210255,-0.017818783965364113,0.09660211942692115
35,0.0006822741526645328,-0.01782872647880837,0.09654594619654783
36,0.0006751908269617803,-0.01794224746796228,0.09648597988426666
37,0.0006913248516667038,-0.01819548954202612,0.09644876583234274
38,0.0006223933564857816,-0.01841063644666404,0.09644000153967658
39,0.0005880130833724566,-0.01848871026470012,0.09643918550331337
40,0.000665987737100103,-0.018501510486775244,0.09644234892894904
41,0.0007013412770032169,-0.018422118687892446,0.09643247718008902
42,0.0006898570391093605,-0.01830677502742547,0.09637867245822018
43,0.0006680709250362165,-0.01835361599077269,0.0963016796804112
44,0.0007412720489717477,-0.018478217724890215,0.0962475790539829
45,0.0008689362788994542,-0.018518305318038816,0.09622872175332525
46,0.0008423905859849088,-0.01850526602184814,0.09622156664912374
47,0.0006534152960719383,-0.01841394110438016,0.09620972725439658
48,0.0005052109826627297,-0.01831206055765492,0.09620710884888972
49,0.000570165878873746,-0.01831510766836251,0.09620230335083307
50,0.0007109252461902926,-0.018287135348942128,0.09617290451970611
51,0.0007407554041376264,-0.018211914720039822,0.09613521545564918
52,0.0006927732963836835,-0.01827010998089306,0.09610063485342518
53,0.0006374718626019761,-0.018466494994312417,0.09605207205506378
54,0.0006952937834136487,-0.01860505573988805,0.0959730138208772
55,0.000827907691504293,-0.018523718568889812,0.09587453305095395
56,0.0009042428702624125,-0.01837026952041556,0.09579172557911542
57,0.0009451478771629824,-0.018339720179221898,0.09575227125872976
58,0.0009784680292715163,-0.01832041874052527,0.09573554656856165
59,0.0009208049861030108,-0.018367177883402697,0.09571124052569646
60,0.0008041805774482345,-0.01851158303074253,0.09568902320949185
61,0.0007440554452546177,-0.018579908733092038,0.09567484025976464
62,0.0007099782309654229,-0.01864910554857021,0.09566041308604195
63,0.0007544305056826413,-0.01863801284424281,0.09564467975264823
64,0.0008367806409242941,-0.018509228108062735,0.09562999275475942
65,0.0008544675189791751,-0.01852551976093659,0.09560537524059104
66,0.0008567343568925772,-0.018575983496927552,0.0955649916949482
67,0.0008040464803308126,-0.018465978232831,0.0955309036945477
68,0.0006569349058540867,-0.018448471835006988,0.0954972686202322
69,0.0005546166514205295,-0.018669136336119482,0.0954315980526958
70,0.0005541942009548769,-0.018797075071451654,0.09534558922734207
71,0.0005597021048729025,-0.018641471196657877,0.09526217777989804
72,0.0005165638113538769,-0.018440312004805025,0.09516951418950659
73,0.0004360314179089324,-0.01844145505970156,0.09507848393746082
74,0.00035780063512171425,-0.018552876979903266,0.09502351131009612
75,0.0003168875009581266,-0.018517538417501846,0.09499355937703954
76,0.00032850074772800865,-0.018404348007307537,0.09496626992853699
77,0.0003857507557724865,-0.016818018351326167,0.09495439297392877
78,0.0004649660485937174,-0.014662571457042285,0.09494801204823583
79,0.0006180720622715767,-0.015690803716401698,0.09492626882542793
80,0.0007747303829629651,-0.018097950688811364,0.0948919412782539
81,0.0008025108951330653,-0.018880271111190963,0.09484784015749595
82,0.0008278308948007648,-0.018731138317992037,0.09481016049931457
83,0.0007903646862841377,-0.018404211669121706,0.09477448571180075
84,0.0006539288064267479,-0.018178274694076214,0.09471299326022609
85,0.0005928386798089726,-0.018257845236266272,0.09462799772392036
86,0.0005327629021257686,-0.01868281006908777,0.09453700273884366
87,0.00047402800584080357,-0.01915971924881299,0.09446241721468926
88,0.0005806200136590132,-0.019379486633701565,0.09442590116712063
89,0.0007464779518817181,-0.019317961516086994,0.09442017349193335
90,0.000712306978309855,-0.01906583569303475,0.09441148556549939
91,0.0006317722001068496,-0.018747407140241062,0.094370616000135
92,0.000646295991851723,-0.01848704538836051,0.09431421208926477
93,0.0006388803959206063,-0.01846161735766419,0.09428052390991029
94,0.0007007290333846093,-0.018662324825166055,0.09427366828951478
95,0.000739290223111046,-0.018933880358856958,0.09427788347548272
96,0.0006071781729126281,-0.019223842842320427,0.09428184667069414
97,0.0004942643005710025,-0.019385396251583982,0.09427870992140205
98,0.0005061188457353492,-0.01938826590836719,0.09426573256581483
99,0.0006347007358899208,-0.019312883612323292,0.09423029509586325
100,0.0007610030006321781,-0.01914273533507596,0.09416938028601576
101,0.0006706056046035902,-0.01890752213401723,0.09411131505808826
102,0.000554735096629966,-0.018691838363189217,0.09405749505452415
103,0.0005692738071010903,-0.018665558514572765,0.09399394409576806
104,0.0005931875544029251,-0.0187450803734844,0.09393939922125272
105,0.0006202153216638786,-0.01883615528130532,0.09388881323506384
106,0.0005831866474381637,-0.019111470014004074,0.09382569421079204
107,0.0005211740519095944,-0.019363051849742123,0.0937697605506968
108,0.0005330777457858912,-0.01940725385171728,0.09373209703464619
109,0.0005603902541355312,-0.019432043219282207,0.09370476006773104
110,0.0005497373980679494,-0.01933392773757591,0.09368350163088593
111,0.0004962486242070743,-0.01898596119821535,0.09365284620970735
112,0.0004260330983353244,-0.01873572968477609,0.09360527068745647
113,0.0003708154128820513,-0.018731894696112812,0.09356352857812808
114,0.0003521546127921915,-0.01881677406983294,0.09352364615798597
115,0.0004575052701818209,-0.018950754504110358,0.09346791920692507
116,0.000713667384334031,-0.01903126877863842,0.09341398790744568
117,0.0008513796777030662,-0.01906047699088758,0.09337156167912355
118,0.0007265681198811618,-0.019192397588555232,0.09332001280433724
119,0.0006540775028473218,-0.01939963646684576,0.09325211708018774
120,0.0008091810017366824,-0.01939738998404622,0.09318164704838092
121,0.0008754191190711461,-0.01909203708572798,0.0931042131829474
122,0.0007571475560015453,-0.018875344849571978,0.09301732059550841
123,0.00074018454902759,-0.018899232578749675,0.09294437706244613
124,0.0007438389746521391,-0.018908453454652432,0.0928928483364588
125,0.0006736068514930098,-0.018899980428291066,0.09284836018218295
126,0.0007465552177803934,-0.019063805751080423,0.09281497719610182
127,0.0008264234262551091,-0.01937478699024462,0.09279553559317821
128,0.0007083159074236993,-0.019591664940113954,0.09276738662614376
129,0.0005652471880346161,-0.0196042380619618,0.09272364048341039
130,0.0006011915784013791,-0.019514115466101205,0.09267847317827616
131,0.0007912711948898264,-0.019338289992368134,0.09262656864521979
132,0.0008374138360438999,-0.019169244643714792,0.09257607355868724
133,0.0007022220666826481,-0.01913857758301305,0.09253952069055046
134,0.000613944853860734,-0.019115978477710502,0.09249089144696712
135,0.0005299468579897664,-0.01907757623584129,0.09242802947486434
136,0.0004584371877138058,-0.019103367954437185,0.09237805585337938
137,0.0005625367650530354,-0.019138969395232852,0.09234393485392497
138,0.0008165538957222299,-0.019137653679620087,0.09231718243352063
139,0.0009965181584826123,-0.01917976824985558,0.09229766314402352
140,0.001004804374930934,-0.019246504811405142,0.09227492040930271
141,0.00094046304269963,-0.019164426339574617,0.09224412424528791
142,0.0008875330505434208,-0.019117008850455634,0.09222671655227924
143,0.0007915936196776184,-0.019310456162971397,0.0922268037557159
144,0.000692223351753291,-0.019458691228783118,0.09221217476107527
145,0.000776327472772286,-0.019448851199206696,0.0921636155423056
146,0.0009434992305557611,-0.019524231759177724,0.09208794193320358
147,0.0010121095350929341,-0.019568712333989782,0.09199516362826701
148,0.0009163968302003972,-0.019394898597548865,0.09191070815617974
149,0.0006722473480860922,-0.019198028653508017,0.09183898156516909
150,0.0004769707449839573,-0.019204876392509326,0.09177099584319451
151,0.0005077614397690966,-0.01932181917521194,0.09172843324981095
152,0.0007216647583953087,-0.019375869326756293,0.09170454696780925
153,0.0008102942362176514,-0.01947155342502576,0.09167618318360118
154,0.0007230918783591007,-0.01960992590451817,0.09164024613043104
155,0.0007541864750643026,-0.019598495111668765,0.09159292203239966
156,0.0008031200620887851,-0.019423945109463846,0.09154578657225959
157,0.0007536935947875481,-0.019282073090170784,0.09150663362077097
158,0.000814364630875261,-0.01926240124506723,0.09145600567910653
159,0.0009379583204416344,-0.019277934784257204,0.09138921922252638
160,0.0008918722219165109,-0.019269947686838707,0.09132223422371039
161,0.0007476802121117723,-0.019238056887116453,0.09125133834210544
162,0.0007614279450392416,-0.019288723159497888,0.09117292282568196
163,0.0007933295643038673,-0.019479844538610278,0.09110804441588252
164,0.0007228764376178945,-0.019652589601508307,0.0910747447311572
165,0.0006878244775861599,-0.019718469493780318,0.09106243602847314
166,0.0006113146136835393,-0.019666176383317475,0.09104963098012314
167,0.0005070181930426371,-0.019585155083625724,0.091015094558443
168,0.000476463418380046,-0.019591740489355518,0.09094232451835921
169,0.0005613407391168784,-0.01954511198365718,0.09085823582354377
170,0.0006763506097646505,-0.019514683086897078,0.09080691885829659
171,0.0006120582662186166,-0.019566533160638472,0.09079325476266037
172,0.0005456058091429104,-0.01956203212949815,0.09079802689478961
173,0.0006113386047836913,-0.019519087539156287,0.09079113532881472
174,0.0006682963467070425,-0.01940643077636827,0.09074172909487899
175,0.0007809575589819923,-0.01937699989832549,0.09066382917827329
176,0.0008377252840093938,-0.019586287830142143,0.09059569241250073
177,0.000685930311347909,-0.019812512464717366,0.09054574079303393
178,0.0006072889332894189,-0.019822863821927765,0.09050608437046245
179,0.0007650626182144564,-0.019633465366271627,0.09046113068309869
180,0.0008433864710191523,-0.019550294723213464,0.09040517501183493
181,0.0007457065670391375,-0.019630295985678663,0.09036277492668848
182,0.000751537631774588,-0.019668942478378575,0.09033017230992718
183,0.0008541724010287881,-0.01972827070580155,0.09028760936504518
184,0.0009084850620622955,-0.019726225435421664,0.09024877050619518
185,0.0008449632520668494,-0.019539912954775432,0.09020557862355097
186,0.0007408720062903585,-0.019466162146568426,0.0901280742141741
187,0.0008060427443497289,-0.0195837431973337,0.09001948513031177
188,0.0009482407715062399,-0.019605807030835573,0.08991432908970803
189,0.0009095420549049217,-0.019616793055639084,0.08983279350900514
190,0.0007589123239705184,-0.019710770391357185,0.08975745559771622
191,0.0006767626715689951,-0.019664758935572818,0.08969116062485763
192,0.0006578077861199177,-0.019524354483819617,0.08965958808686045
193,0.0006629460288876065,-0.019449982400671743,0.08964458932386368
194,0.0006736157205818128,-0.019514132002794143,0.08962022615206328
195,0.0007690998127792997,-0.019636613654579166,0.089599887622867
196,0.0009035811839092835,-0.019600680416753995,0.08957775144472913
197,0.000952686133884949,-0.01957187869382527,0.08953864207266457
198,0.0008679676773139316,-0.01975517997285413,0.08950351255841227
199,0.0007383730941002762,-0.019956047369485766,0.0894833437619057
200,0.0006992723215582027,-0.019949416620400083,0.08946865818667826
201,0.0007095883461464636,-0.019752305998179516,0.08944000732123503
202,0.0007178064529003896,-0.01966985529436941,0.08938824398084422
203,0.0007085092861974182,-0.01975658923050487,0.0893371736362169
204,0.0007715881368059495,-0.019804054387909588,0.08929904369681183
205,0.000874256442068871,-0.019870235137984527,0.08925227929678681
206,0.0009036057478417558,-0.019870609471651215,0.08918654623615002
207,0.0009000236685703092,-0.019682244837836073,0.08911228125326376
208,0.0008248920328930206,-0.019603922369108337,0.08903646215868599
209,0.0006479864258867774,-0.01979945809356045,0.0889760390341611
210,0.000603181807774585,-0.02002175280935395,0.08893788725851809
211,0.0007128049394612029,-0.020025500803831177,0.08890968804739902
212,0.0007638422500050317,-0.019910011402177748,0.08887089924360847
213,0.0007360632014532188,-0.01994048816253391,0.08881267034850687
214,0.0005949746412340852,-0.019972440672285256,0.08875959983854861
215,0.0004266174658414132,-0.019801023899741574,0.08872424469807436
216,0.0004532656983154106,-0.019698376981631918,0.0886842197266447
217,0.0006770687105951439,-0.01984213682101941,0.08861410128213085
218,0.0008783734133179205,-0.020011236593773553,0.088529389527395
219,0.0009466336249642211,-0.020064808314930703,0.0884655666942962
220,0.0009562749551176872,-0.02006915119215931,0.08842523449971301
221,0.0009632769533127164,-0.02000312891419561,0.0883938901372022
222,0.0009741112247797345,-0.019837312335919677,0.08835095369532378
223,0.0009765443156716336,-0.019800103503096605,0.08827590284262024
224,0.0009635751085811158,-0.019992661959427338,0.08818973186439014
225,0.0008562738416570698,-0.020158074729209594,0.08813159467671153
226,0.0006264885877449574,-0.0201594495278219,0.08809131844039264
227,0.00044960317480248555,-0.020005601238229087,0.08803272173211898
228,0.0004147290887109538,-0.01983291399755839,0.08796297187438917
229,0.0005211385394746669,-0.019795867271107673,0.08789929680660588
230,0.000660748029381868,-0.019767282490372184,0.08782378685524123
231,0.0006990338986985487,-0.01972220756761088,0.08772929113436431
232,0.0007651836095501959,-0.019823910371967478,0.08762927311317825
233,0.0008704400153974998,-0.019974800952884383,0.08753338278699574
234,0.0009118839537973445,-0.019924632734657943,0.08744724302843151
235,0.00092105843155821,-0.01983401884970326,0.08738575306304397
236,0.0009321937442163821,-0.0198484052069538,0.08736614783502439
237,0.0008674030020478546,-0.019851395159992395,0.08737834085785467
238,0.000678256997853767,-0.01984902620794622,0.08738630618610022
239,0.0006034252162303655,-0.019870645834233577,0.08737175867253216
240,0.0007623588006046387,-0.019921746885433918,0.08735491400599074
241,0.0009117325962383497,-0.01998468632346556,0.0873475542373395
242,0.0009190432589043147,-0.02011727672216313,0.0873416718075063
243,0.0008706689258752259,-0.020256956726834585,0.08731920484235867
244,0.0008470104190180083,-0.0202783813376603,0.08725870760934673
245,0.0008685114078842179,-0.02014621685317383,0.08716552837798075
246,0.0008358714193005949,-0.019886967731369685,0.0870583526603195
247,0.0006846764557624503,-0.019699198139041342,0.0869473933079033
248,0.0006409114251256444,-0.019755607947240413,0.08683749897881185
249,0.0008141743751900437,-0.019921621383147736,0.08673112596205157
250,0.0009568256964641969,-0.019921956656524464,0.08664351583324842
251,0.0009396508401075459,-0.019899351801524592,0.08659583498473639
252,0.0007764603331211078,-0.019978317018752946,0.08658397986156585
253,0.0005222865097529428,-0.019938230757676492,0.08657754332810169
254,0.00037297265775388094,-0.01989821814361764,0.08654809369924854
255,0.0003983524928435193,-0.020046659784322983,0.08650945421031273
0,0.00048468238250416783,-0.02020080617386716,0.08649419708871403
1,0.0005425812037962068,-0.02015546919847791,0.08648685269874318
2,0.0006269977112669056,-0.020024424290817917,0.08646134769752109
3,0.0007860018038284762,-0.019989941289036882,0.08641715442034614
4,0.0008791330773136591,-0.020024778144213405,0.08635661563599359
5,0.0007684047613792358,-0.02006676655746622,0.08629824953076434
6,0.0006039753570547587,-0.020084829945929306,0.0862417410524555
7,0.0006577979525527896,-0.020076534922099376,0.08616352622958792
8,0.0007660545211539485,-0.01996962728058374,0.08608180540452232
9,0.000772471048051772,-0.019904114876180753,0.0860197473334986
10,0.0007845943978184509,-0.02005009353009015,0.08595879093926098
11,0.0007923097549870077,-0.02012937125861071,0.08588547477769667
12,0.0007669423325099641,-0.020059357345096764,0.0858041971266095
13,0.0007072578773466161,-0.020026914336687324,0.0857296269263933
14,0.0007191608590859331,-0.020050928446935484,0.08568197182811435
15,0.0007877160348937533,-0.020091358690610815,0.08565775034536438
16,0.0008124766604487811,-0.020116602325959174,0.08564287152481007
17,0.0007523246278612491,-0.02019931657767607,0.08561982344181451
18,0.0006019296750502797,-0.0202997664862945,0.08558333548941444
19,0.0005155671551092525,-0.020308647883075168,0.08555888798258035
20,0.0006264450689488182,-0.02027656774217889,0.08554283980878535
21,0.0008623479100665259,-0.020176944585381593,0.08550119177971366
22,0.0009095479715224504,-0.01998903473573141,0.08542708946341723
23,0.0006541384644114497,-0.019868182078558394,0.08534363596439987
24,0.0003874117886329911,-0.01996108753459626,0.08526325228585338
25,0.0002933698050100865,-0.020205609273032256,0.08516768801967722
26,0.0004007487097046612,-0.020286329448945394,0.08506631251907079
27,0.0006721463945106713,-0.020159272941666716,0.08499619933262773
28,0.0008184624440897991,-0.020054048487575735,0.08495117863676738
29,0.0007809738895487636,-0.020019498933585234,0.08491351016028181
30,0.0008340167601238718,-0.02011595807479092,0.08488510275840366
31,0.000866858351337068,-0.020190748968003033,0.08486265077564828
32,0.0007701101519450048,-0.020068502947766277,0.08485221308554977
33,0.0007718692130672499,-0.020021941741977856,0.08485140910613292
34,0.0007655425300738855,-0.02012462026581619,0.0848425549238101
35,0.0006625030679396782,-0.02017989854644734,0.08480488347961165
36,0.0006979066450553658,-0.02016288358028409,0.08472102135080523
37,0.0007519389571117893,-0.02011397210533885,0.08460458704348583
38,0.0007109931970568609,-0.020071037917854577,0.08449600086762432
39,0.0007034924877658078,-0.019970756490961895,0.08442939287422205
40,0.0006403750647112477,-0.019861439877075525,0.0843896623961338
41,0.0005298190973499377,-0.01985699833884326,0.08434942550149901
42,0.0005591395598353694,-0.019988445349955537,0.08431801763419958
43,0.0007350729729153826,-0.02014991003674979,0.0842852178578215
44,0.0008630081141263878,-0.02019589078862006,0.08423301620273427
45,0.0008626322301804096,-0.02016734434669057,0.08416894868748173
46,0.0007507168624334179,-0.020124993768429897,0.08408745934052184
47,0.0005573381603331284,-0.020181152338531926,0.08400222539387758
48,0.0004502940765949452,-0.02021538448041483,0.0839474533569648
49,0.00048269801430864253,-0.02006576598740248,0.08391046801239035
50,0.0005400467183289286,-0.020010164921821567,0.08385459906276341
51,0.0006286970777730164,-0.02012239006366502,0.0837877339362211
52,0.0007801902803705858,-0.020200712732739275,0.08374119915320766
53,0.0008600599461964225,-0.020210690816069715,0.08370297401621532
54,0.0007401415434224965,-0.020182081875873482,0.08363995766117263
55,0.0004930833612701619,-0.02014520366103857,0.08355181105142928
56,0.00043466001186616464,-0.020117538129999925,0.08345557373693557
57,0.0006823298265097224,-0.020189929194075418,0.08337444983257386
58,0.0008650811032205369,-0.020237422452456168,0.08331800221162003
59,0.0008437075914070214,-0.02009724394674759,0.08327397764094416
60,0.000872689775152132,-0.020045487852906857,0.08323371703112933
61,0.0008586363271319395,-0.02015464084039221,0.0831794654904856
62,0.0006350377543444072,-0.020141533157883633,0.08311770818814987
63,0.00049314027229701,-0.02001962249757864,0.08306716824606908
64,0.0005367420486843601,-0.020026046162479876,0.08301087525004136
65,0.0005906447841968893,-0.020112042669734362,0.08294029229782515
66,0.0006284175295973838,-0.020047445613081916,0.08286489465369545
67,0.0006662316428773943,-0.019909145652637746,0.08278890022287366
68,0.0007885812895769419,-0.019869766429512575,0.0827261703587718
69,0.0008551979181938205,-0.019906217904475443,0.08268157049235153
70,0.0006947392439157431,-0.019958496382722485,0.08262956314068406
71,0.0005082895939597153,-0.019991507165005473,0.08257216928367161
72,0.0005161686426096365,-0.020078149016202744,0.08252661472540301
73,0.0006184592400214587,-0.02026067680868232,0.08248946493555967
74,0.0006435746789536043,-0.020385133482917962,0.08245864199400416
75,0.0007048418502155454,-0.020300580435820288,0.082431771356054
76,0.0007323870583395415,-0.020065834794953552,0.08241856530701241
77,0.0005870068252626982,-0.01991190693206342,0.08242036553810195
78,0.0005431324334538559,-0.01992581784943432,0.08242114124774569
79,0.0006644864049495823,-0.02007987453747888,0.082411896532683
80,0.0006610590176615028,-0.020242325399142128,0.08237684196093914
81,0.0005429316925206645,-0.0201870938040409,0.08229933241769985
82,0.000464149057069191,-0.020011425482687133,0.08219038090671335
83,0.0005041855620157455,-0.019908226299826144,0.08208636013754769
84,0.0005939484168342171,-0.019959657611924045,0.08201802201337932
85,0.000527778566190906,-0.020084822581460764,0.08196912820038932
86,0.00047945133987067207,-0.020062323090671894,0.08191392498926553
87,0.0005746684365303641,-0.02005041662182923,0.08185242232021675
88,0.0005785421306644804,-0.020245391078462946,0.08178658895294985
89,0.0005895726282387312,-0.020363024101394837,0.08171977150320778
90,0.0006933927111224278,-0.0203024944432717,0.08164243325058729
91,0.0006554578102713267,-0.020325139663234716,0.08156479358976099
92,0.0005149223277711881,-0.02033201589357582,0.08151836741525953
93,0.000513979056920633,-0.020145507389421884,0.08150178822808415
94,0.0006837805122761522,-0.019960034179902435,0.08149600652782527
95,0.0008282200062646485,-0.01990983688950307,0.08147560892840705
96,0.0008550649766245898,-0.020013763634912522,0.0814289991825154
97,0.0007682841319897311,-0.02016222135847534,0.08138017432889136
98,0.0006710069172325746,-0.020130190244236394,0.08132979127773121
99,0.0007650604885401941,-0.020084638296196958,0.08126550339501365
100,0.0009406048327710134,-0.02015408779286526,0.08119543349978334
101,0.0010074865577656233,-0.020115192121400942,0.08112419030797491
102,0.0009822708892192607,-0.020083248117321935,0.08105361578192358
103,0.0008418511646599461,-0.020159862870678703,0.08098391013574915
104,0.0006695329118632399,-0.02011967540492119,0.08091476317063145
105,0.0006852231283443174,-0.020083526363967832,0.08084617090752433
106,0.0008110140674615206,-0.020156863699186407,0.08077875882640506
107,0.0007944885649810568,-0.020115348816035,0.08071361939153243
108,0.0006126412552332409,-0.020079484149336177,0.0806649530962062
109,0.0004695948598318876,-0.02023653817036307,0.08063876637152079
110,0.00045777820260705184,-0.020317122746045482,0.08060934956379315
111,0.0005667264307174548,-0.02023829050748529,0.0805632146746929
112,0.0007667676824714819,-0.02018709971111761,0.0805079776053729
113,0.0008865323071130407,-0.02010488617945487,0.08043491612975262
114,0.0008673779971221582,-0.0200037984204256,0.08035347631263726
115,0.0007359664202411995,-0.019979431021320333,0.08028171383036933
116,0.00052712017644616,-0.019986629976211437,0.08020115559716876
117,0.0004122756121213581,-0.020064650736205142,0.08010312427734093
118,0.00044653945719802307,-0.020244292147091295,0.08001237925408047
119,0.0005143023156569833,-0.02029116950023504,0.07995572682220517
120,0.0005352946392977087,-0.020182190092227,0.07991834042792531
121,0.0004974722452163536,-0.020130045100485043,0.07986483176630613
122,0.000509006437423819,-0.02015521945869296,0.07980531007123923
123,0.0006423003827221439,-0.02021041610257996,0.0797589409005684
124,0.0007598343976320115,-0.020254891856176245,0.0797067770253202
125,0.0007923366803408161,-0.020270116042637863,0.07965052432267328
126,0.0007378487380738348,-0.020171890591938926,0.07960298680721534
127,0.0006819418199960248,-0.02001360810647007,0.07955585190839207
128,0.0008085316151891691,-0.01993098196192549,0.0795048563318991
129,0.000995520652652182,-0.019902431726447387,0.07944969556930012
130,0.0010493424312764984,-0.019976773505203882,0.07939282783491286
131,0.0009925361560783233,-0.020100531404524537,0.07933763967302215
132,0.0008972257108242295,-0.020072285672847544,0.07928663068980421
133,0.0007343506888030714,-0.019972014747011393,0.07924023012716938
134,0.0004935963990729299,-0.02003946661717077,0.07920971443255032
135,0.0003475457692065625,-0.020193948110459242,0.07918407983466022
136,0.0003692925150167569,-0.020254450903282997,0.07912898455741746
137,0.00045237950367609447,-0.020235539472963894,0.07904213989110481
138,0.0005928713828551656,-0.020108440841603098,0.07893957052390621
139,0.0007182523469105287,-0.019950286802672773,0.07884544749807737
140,0.0006340071853728227,-0.01989334512013413,0.07877234157000565
141,0.0005282830000911457,-0.01998364036173681,0.07869903632651318
142,0.0005489763962073133,-0.020127173832389413,0.07861527834758589
143,0.0005712831065962803,-0.020182796592165868,0.07854403114575764
144,0.000590040217355189,-0.020185702085143878,0.07849625469174992
145,0.0006241859336703522,-0.020100278325535563,0.07846124176879232
146,0.0007547757945157809,-0.020066894367897548,0.0784440129009725
147,0.0009186576452683967,-0.020155599665091367,0.07844452710879746
148,0.0009761266920020322,-0.020200377714972025,0.07844737895693754
149,0.0008748493660489496,-0.020273844406337456,0.07843142148618001
150,0.0006288130318162939,-0.020367322167777334,0.07838845435355199
151,0.0005144552734748368,-0.020385119474340498,0.07833098057001764
152,0.0005813618791004572,-0.02037265046321353,0.07825392856775337
153,0.000628856719694159,-0.02037389017842267,0.07816877370641703
154,0.0007171809228027591,-0.020313925234706653,0.07809408808456089
155,0.0007526324409268819,-0.020141205855250442,0.07802401863674849
156,0.000596037699601655,-0.02000471198551535,0.07795451518201063
157,0.000530823031275445,-0.02005983251138041,0.07788439029821012
158,0.0007130592989539458,-0.02017707041449396,0.07782820410255079
159,0.000816147291603616,-0.020183392041810168,0.07779424116515263
160,0.0006515919537077,-0.02012194009424905,0.07775965312960126
161,0.00045598622321422555,-0.020067043893834388,0.07769987678146809
162,0.00047094994153598765,-0.020137090848016327,0.07761735287144222
163,0.0006775139320850071,-0.020204980212833477,0.07754023977173549
164,0.0008475715981853065,-0.02017617848561755,0.07747973798047134
165,0.0008798021580072903,-0.020268005082635238,0.07741070852872176
166,0.0008632467218513047,-0.020423048280459037,0.0773327910486282
167,0.0007813176208298659,-0.020475888048964483,0.07726119912462723
168,0.0006038914363898653,-0.020362608871065675,0.07717985775372868
169,0.0005598268403282816,-0.02018288539172218,0.07709782334247126
170,0.0007515663181219103,-0.02017585095101472,0.07704898479618869
171,0.0009221300276092553,-0.020275018865198176,0.07702217176789253
172,0.0008496491015703494,-0.020235835184144797,0.0769947548946689
173,0.0006653685224282811,-0.020124098332960416,0.07696581550341561
174,0.0005769001322390966,-0.02010261314513794,0.07693245456172762
175,0.000576904479149697,-0.01849277460336262,0.07689119344076911
176,0.0006128031101581785,-0.016123661175911477,0.07682657268696405
177,0.0006518304498702007,-0.015376934507472934,0.0767331860343331
178,0.0006805004161947114,-0.015573405190650334,0.0766391550482449
179,0.0006107121976953124,-0.01733039602249748,0.07656141386111634
180,0.0004853495590707072,-0.019443252912772345,0.07649564817713747
181,0.0005106893965167237,-0.01990417975099136,0.07643950737377594
182,0.0006945714290409553,-0.0195700660345968,0.0763913613641227
183,0.0007534936196595299,-0.01928217835347129,0.07636234884253965
184,0.000644646462784078,-0.019478457611978126,0.07634199823859927
185,0.0005830014991712693,-0.02005284143017863,0.07630913812740839
186,0.0005967508464033489,-0.020609612420784504,0.07626585968594682
187,0.0006441204273191967,-0.020857491085569974,0.07620060483988908
188,0.0006868133341174974,-0.02079125357255255,0.07610942152907901
189,0.0007065026300393481,-0.02045248346491689,0.07601955492929208
190,0.0006999537180460902,-0.019913918002637608,0.07594563127003931
191,0.000673301401368496,-0.019434981028753885,0.07586777826053137
192,0.000638309932894335,-0.01923153323292827,0.07578991927911166
193,0.000608428092747476,-0.019458775757161005,0.0757284757073744
194,0.0005117849937943397,-0.01999768471285554,0.07566484846519292
195,0.0004793463611041625,-0.020553646384108296,0.07558962830684415
196,0.0005835428615677011,-0.02096414082209859,0.07552508095000879
197,0.0005738769488428364,-0.021040682151416648,0.07549383586165864
198,0.000558239121905381,-0.020790541365056155,0.07547632212400252
199,0.0006372229420144593,-0.020392276213734746,0.07544654488349764
200,0.0006694281975213198,-0.019865851874842987,0.07541873015544107
201,0.0007357675449094106,-0.01946223089022031,0.07540136831061323
202,0.0008282308888865552,-0.019460377235373097,0.07537271695684755
203,0.0007677035352497293,-0.019629320798520075,0.0753104430783973
204,0.000642435974990847,-0.019760543498241946,0.07523329347613211
205,0.0006142852400211063,-0.019968767191940864,0.07516533245334303
206,0.0006495387466510716,-0.020334936747519655,0.07509002987607799
207,0.0006863749806675825,-0.020709027670448243,0.07499724804171393
208,0.0006132439985967312,-0.020727048983552154,0.0748954629926642
209,0.000474570198679686,-0.020370926895318456,0.07480317691202013
210,0.0004037574943693284,-0.019960774232019626,0.07474314759735076
211,0.00046056203006507865,-0.019661014282197485,0.07471250593229387
212,0.000649587601547564,-0.019626220120853938,0.07468270870961496
213,0.0007993983687036958,-0.019742301149654272,0.07462813892761255
214,0.0007510720485446364,-0.019805983876822142,0.07455288118838804
215,0.0006351310964298408,-0.019927779595020526,0.07447401332502851
216,0.000624853552727522,-0.020126999334471492,0.07439785016663947
217,0.0006774591248489186,-0.020330102634248233,0.07433605027530149
218,0.0008030700853989591,-0.02039694764469084,0.07428930223159916
219,0.0008423550586407298,-0.020225037798504354,0.0742284806768263
220,0.0006406530116235454,-0.020027375629702977,0.07415451964846545
221,0.0005041526693962328,-0.01983275561583396,0.07409984094468947
222,0.0005400831932594464,-0.01965931429474635,0.07407101688406953
223,0.0005744502541723804,-0.0196848861369307,0.07404591057407392
224,0.0006690099376375866,-0.0197919562745969,0.07401397811693994
225,0.0007223658555096232,-0.019993480672385794,0.07399568828202688
226,0.000668964948020434,-0.020258094410362998,0.07399671203485261
227,0.0006577486560586441,-0.020279629924329558,0.07399968136611018
228,0.0005987284168524655,-0.0200831168921817,0.0739909695149486
229,0.0004938240796577801,-0.019942577956919012,0.07396302031767443
230,0.00044383657215919825,-0.019865173002835336,0.07391524392560783
231,0.0004988561153015513,-0.019761170389910647,0.0738530084333219
232,0.0006679321124236051,-0.019702014730450745,0.07377187635271401
233,0.0007897367087984783,-0.019746166418134245,0.07367498189614624
234,0.000798873906443758,-0.019882258347142717,0.07358011448787868
235,0.000707845091162511,-0.020049690264451636,0.07349496516317419
236,0.0005356174110939579,-0.02017866856715366,0.07341890373909105
237,0.0005231991863868662,-0.02022160920186781,0.07334654137437602
238,0.0007576294959160609,-0.020168505086215413,0.07328495837165264
239,0.0008783253354567276,-0.020046217131389328,0.07323625047528493
240,0.0007766822497810646,-0.01990476070047608,0.07317589350110124
241,0.0007404356512979381,-0.019796632044441292,0.07308305471768653
242,0.0007824217179981043,-0.019757124356597433,0.0729678042028819
243,0.0006988388182123826,-0.019710356707937818,0.07286672757818044
244,0.0005673694053284647,-0.01976133052868563,0.07281000836816756
245,0.0006335893804921455,-0.020029015707043685,0.0727921089746161
246,0.0007354369564412004,-0.020187184547770652,0.07278856492992977
247,0.0006433155258867358,-0.020125483710255736,0.07276914123964812
248,0.0006002848986360514,-0.020114305147837783,0.07271945878425767
249,0.0006789990405861603,-0.020154982496175998,0.07266334943898037
250,0.0006138175917029418,-0.020044693081278903,0.07261661760297225
251,0.0005230389015426595,-0.019788987882527316,0.07256230685686671
252,0.0005358098488928963,-0.019691629462762997,0.07248033099089143
253,0.0004546347538545118,-0.019805496730555275,0.07237638333502167
254,0.00033292297280374753,-0.019825451011746556,0.07226767240831966
255,0.0004016628454114955,-0.01974673598597556,0.07216112814031758
0,0.0006624143000158237,-0.019790161365967812,0.07207044035576085
1,0.0008837143012467943,-0.019976955978013994,0.07199950659150434
2,0.0009457123381817326,-0.02002758382405679,0.07192247393225212
3,0.0008421695040547819,-0.019902230069668375,0.07182910314369945
4,0.0006860048579595572,-0.01982160101532606,0.07173284628717791
5,0.0006213755158438585,-0.01973749326150985,0.07164420455862372
6,0.000529984342823532,-0.019655532130479075,0.07158182936448201
7,0.0004920488887525921,-0.018090472872895787,0.0715642540872247
8,0.0005703184684645918,-0.015910316483020277,0.07158011542161924
9,0.0006111075922984055,-0.016875334443389775,0.07160360863628235
10,0.0006943332452715978,-0.019206217817519015,0.07161891867906856
11,0.0008086472647393679,-0.01992623293932736,0.07160609648189242
12,0.0008501288460492464,-0.01974804850295274,0.0715464670360714
13,0.0007732689405994461,-0.019431111037237193,0.07145049469337567
14,0.000578738455131267,-0.019244587193204113,0.07134173625391257
15,0.0005206365753142655,-0.01937145530941642,0.07124613918969794
16,0.0007089470784942074,-0.019826429624282327,0.07118668435194231
17,0.0008842627832011123,-0.020379734528504043,0.07114293883284734
18,0.0008196109284039321,-0.020673129772815692,0.07107540340630183
19,0.0006417070620493243,-0.020491055689829014,0.07099374177028359
20,0.0006378741111769836,-0.020030232607905145,0.07092071382041254
21,0.0007558854530934986,-0.019607514532187877,0.07085671187716497
22,0.0007419737045899871,-0.019257840949335192,0.07081523257927314
23,0.0006489780786602447,-0.0191524171472561,0.07080068488196853
24,0.0007150391659042463,-0.01936652347196568,0.07078463668974977
25,0.0008657189076847513,-0.019601263999084503,0.07075023487826354
26,0.0008419093980409592,-0.01978633639901691,0.07071516351384888
27,0.0006211623670729248,-0.020039256424894583,0.07068755514901925
28,0.00042113042355477895,-0.020296535591578756,0.07064403746960277
29,0.0003552571556776395,-0.020251476927222317,0.07057475399598323
30,0.00043231019335206763,-0.019904013518597587,0.07049237035624975
31,0.00055021718920171,-0.01956331082558372,0.07039378457184556
32,0.0005799375572578269,-0.019282330487705925,0.07029321946343167
33,0.0006531577861109015,-0.019141083209922825,0.07021131408400769
34,0.0007784752229302084,-0.019322549675434744,0.07014240616814299
35,0.0008456692360421167,-0.01968053968593552,0.07008035471524068
36,0.0008770183162646562,-0.019874431579366365,0.07000703760658941
37,0.000898960957315089,-0.01988466306629154,0.06991417421841586
38,0.0009124846996927949,-0.01991400409506168,0.06981363034041349
39,0.0008264572162351761,-0.019987564042008528,0.0697267983474057
40,0.0006829115386868649,-0.019947866213901322,0.06966423195001395
41,0.0006924459521082893,-0.019691982509400525,0.06961605456947412
42,0.0007859090179822397,-0.019344402835155948,0.06957568252753382
43,0.000727187952866832,-0.019260941759476867,0.06952583305687768
44,0.0005930478737060367,-0.01956558233517528,0.06947141657464137
45,0.0006384912972087287,-0.01985960352088357,0.0694411814213528
46,0.0007127866256765405,-0.019873363447270545,0.0694333535769116
47,0.0006795301534212061,-0.019857881584307,0.06941718435106109
48,0.0007452798731882354,-0.019975893072345055,0.06936422374311565
49,0.0008650765622136981,-0.019933440669928727,0.06929076583569826
50,0.000808468554968064,-0.019679520145642074,0.0692349023989772
51,0.0005675777715036333,-0.019551179075707692,0.06918860198372592
52,0.0003649716228545925,-0.019507317008577725,0.06911979652501343
53,0.000313208818520837,-0.019466870515434914,0.06902695107933418
54,0.00041547225328287965,-0.019547413674791354,0.06892497450521867
55,0.0006430463786258043,-0.01969982435749766,0.06883535656652301
56,0.0008125471560781299,-0.01983161052309542,0.06876728565836185
57,0.0008455654638596776,-0.01987852323091672,0.0687096841619885
58,0.000749200548544179,-0.01990682195072624,0.06866923716113088
59,0.000546264265888427,-0.019898476458146422,0.06864911037345739
60,0.0004901902987382136,-0.01970320490759525,0.06863736778861484
61,0.000684583602317294,-0.019460791934580203,0.06861512647306342
62,0.0007832669632253217,-0.019377903822058548,0.06856109583408768
63,0.0006021616905345097,-0.019355742729470778,0.06849304931460987
64,0.0003884284848744996,-0.019443827224350993,0.06843271032982556
65,0.000309306122808298,-0.01973140816706794,0.06836101778072384
66,0.0003941048502198066,-0.01996779442750523,0.06826632523929482
67,0.0005351400748836738,-0.01991907250495624,0.0681705027664068
68,0.0005896591341462598,-0.01970537721398713,0.068086481723179
69,0.000677808598798858,-0.019625354429129577,0.06800935685077747
70,0.0007199673428703219,-0.019655403236558587,0.06793934987067135
71,0.0006511039478388635,-0.019657052023705053,0.06787911738954755
72,0.0006203543985563976,-0.019661140242209357,0.06784379062190199
73,0.0005431167344325141,-0.019623895669097273,0.0678379574178723
74,0.0005105179717625663,-0.01958259451168754,0.06784496459233508
75,0.000582434000496969,-0.01962097586518302,0.06783805694530015
76,0.0006045719688072128,-0.019664652826880562,0.06778876109758908
77,0.0005808030282863064,-0.019733496331192465,0.06771158140323977
78,0.0005540505859815195,-0.019778209547724655,0.06763032210213363
79,0.000631196819625663,-0.019630035112652593,0.06753256510399519
80,0.0006866230844345383,-0.0193330127806928,0.06741528182447093
81,0.0005512100525533713,-0.01913059739278724,0.06730763279398713
82,0.00041478092035908973,-0.019128237085537438,0.06723891715204566
83,0.0003949209368436287,-0.019220945502404024,0.06720779982730987
84,0.0004974601867000605,-0.019309309894440706,0.06719607630488769
85,0.0006130395243423389,-0.019430145566943335,0.06719158107284037
86,0.0006124248924693416,-0.019613764959541022,0.06718660713051894
87,0.000638110214642216,-0.019626136911573284,0.06716328564168653
88,0.0007163583319724256,-0.019455115570397565,0.06710014439117659
89,0.0007540095640430277,-0.019335458456972536,0.06701547938543745
90,0.0007832314505616896,-0.019312130185987333,0.06694643419182372
91,0.0008299114050564506,-0.019354017072764955,0.06689654802096287
92,0.0008023974835819547,-0.01942167896154586,0.06685206167411328
93,0.0007208402482928519,-0.019483153617164982,0.06680647200234716
94,0.000688124718091195,-0.019514700786350564,0.06674603924660738
95,0.00066441858785375,-0.019503954361752646,0.06665480372273141
96,0.0006992244611947712,-0.019453997295221563,0.06655560513851994
97,0.0006737827384246762,-0.019465240583071017,0.06647395734322414
98,0.0004573461389347015,-0.019519204811533596,0.06639231776637874
99,0.0003580714395221038,-0.01943654135826505,0.06631095641979864
100,0.00046571000681121526,-0.019229266454829683,0.06624055257078576
101,0.0004949915246531562,-0.019103964528148533,0.06617159020562874
102,0.00044075427522499624,-0.01913734629054046,0.06610021659881912
103,0.00043058485715385215,-0.019295435762953873,0.06602788069048082
104,0.0004350505958451629,-0.01952575051188503,0.06597229982707042
105,0.0004954325887275682,-0.019642704399720323,0.06594370430997087
106,0.0006459010916255436,-0.019587190832091234,0.06591900317760674
107,0.0007439896870518689,-0.01939907241061338,0.06587124532577815
108,0.0006512208057385142,-0.019216837350748937,0.06579928389546522
109,0.0005120198480371508,-0.019270235646116483,0.06572790342176382
110,0.0005886555903375354,-0.019460470723872747,0.06567956670079508
111,0.0007909503213019888,-0.019504573534634764,0.0656349581124302
112,0.0009142498577266729,-0.01943603311766519,0.06555764541315456
113,0.0009478908050546669,-0.019401322067709822,0.0654486683482502
114,0.0008445565659781838,-0.019375330487008527,0.06533009933854322
115,0.0006747463580228665,-0.01932072019396973,0.06521834802247845
116,0.0005773796243263441,-0.019241158748567938,0.06513552231208536
117,0.0004503762433172799,-0.019166966372468223,0.06510162751075083
118,0.00030894293185796166,-0.01904569882539396,0.06509224507326677
119,0.0003514874948755526,-0.019017461881909573,0.06506223470045533
120,0.0004986423255058975,-0.019150684918787332,0.06501465563482958
121,0.0005793822599891153,-0.019263213892058574,0.06497942267958348
122,0.000605415300590632,-0.019400334742265483,0.06494571498401838
123,0.0005318345572167173,-0.019526977950109846,0.06488305294734595
124,0.00041563115501864556,-0.019451015089130164,0.06480699757423602
125,0.0004567432607455895,-0.019266097330969192,0.06474199542993331
126,0.0005702679801438144,-0.0192385119482871,0.06468647512575912
127,0.0005935269562537258,-0.019319985466098706,0.06463703659771089
128,0.0006416742724590038,-0.019354113145721753,0.06457621466327101
129,0.0006478473217852952,-0.019361796919740812,0.06450763927572348
130,0.0005623028050793601,-0.01938254628067205,0.06445961765762878
131,0.0005409127270860213,-0.01942049380339171,0.06441864064161923
132,0.000494604553726494,-0.01937350547570378,0.06436464499145014
133,0.00041947728957003713,-0.01918306800701447,0.06431673133081225
134,0.0004872458149933665,-0.019005661663013644,0.06427317149089062
135,0.0006902373017373372,-0.01901185577241566,0.06420720513447928
136,0.0008245484502176856,-0.019088954441275757,0.06412008411003045
137,0.0007260683138562399,-0.019076659333523455,0.06403969087795422
138,0.00046288129071431054,-0.01910488361917391,0.0639906027674399
139,0.00028025839813814574,-0.019115557615423967,0.06395344911850881
140,0.0002762082193493785,-0.019055571772323893,0.06390243133005599
141,0.00034591166307859026,-0.019150390572320125,0.06385297929391465
142,0.00040145543383231913,-0.019332867782736997,0.06380274298743996
143,0.00041397600583693264,-0.01942142177774584,0.06374027028587764
144,0.00038933830920791034,-0.019418336985664177,0.0636891303034885
145,0.0003452160733913005,-0.01936709325293396,0.06366083386310367
146,0.0003834097528899727,-0.01921766547123674,0.06364412816983878
147,0.0005581096518656615,-0.018953393338226737,0.06362921487472567
148,0.0006309169909464727,-0.018837889146032315,0.06359533609250542
149,0.00048075704982291755,-0.01900108567552388,0.06353235306253047
150,0.0003469174832008404,-0.0191928634319019,0.06345123181748732
151,0.00035576745624156915,-0.019259998237895037,0.06336058058129046
152,0.0004147426942691982,-0.01918021099729491,0.06328025568530399
153,0.00043964689631466444,-0.01897443312496634,0.06320769153693415
154,0.0004100503490927223,-0.018819263768686943,0.06312859511160893
155,0.00042885265980601654,-0.018869193707252964,0.0630632285766781
156,0.00048357700017206463,-0.018987748717226367,0.06302101489120007
157,0.00048038744215575107,-0.018914614341336497,0.06299060213705887
158,0.0004710717771728226,-0.018817005859703473,0.0629638261011008
159,0.0004997403019234474,-0.01884322833602864,0.06293538471954344
160,0.0005639530160026192,-0.01878687300008724,0.0628892321914642
161,0.0006340501352780684,-0.018684572470716504,0.06280565370914076
162,0.0007614967308401479,-0.018673289007807917,0.06269151222514835
163,0.0008846717526600776,-0.018714151026861782,0.06256662837460697
164,0.0008018879905800397,-0.018746234689070447,0.06245486893967897
165,0.0006126373391658335,-0.018742278630322615,0.06236637261380962
166,0.0005906320049575758,-0.01878749036065335,0.062290536963324705
167,0.0006889603715320536,-0.01885430375934978,0.06222150298298362
168,0.0007462816075157397,-0.018841925096065477,0.06214465002550068
169,0.0007756773356924823,-0.018886623442697953,0.06205561314705352
170,0.0007275160984601655,-0.018914722381336194,0.06196806225168472
171,0.0005652952951467841,-0.018777672857605267,0.06188863289709204
172,0.0004366072030500168,-0.018742274273060425,0.061817616664727765
173,0.0004917348660071941,-0.01886679859173141,0.06175112928718535
174,0.0006829676710331223,-0.018857935341577224,0.06169715162129097
175,0.0007971016870592381,-0.018807717681864622,0.0616705927064595
176,0.0007629122682496938,-0.01891076894287936,0.06166410138354397
177,0.0006975729120130357,-0.01900401650541795,0.06164817736297798
178,0.0006843475994096921,-0.01890342154131701,0.06159918641513737
179,0.0007336670435277642,-0.018738766961104387,0.06152489468819411
180,0.0007327140284522746,-0.018698999288852554,0.06145933633792497
181,0.000604726365464305,-0.018670288256083217,0.061416928695535916
182,0.0005677364246474727,-0.01870454105260009,0.061371529528313595
183,0.00072996232579764,-0.018830409682429758,0.06130489471848921
184,0.0008490709571974367,-0.01887335890850765,0.06122033953122835
185,0.0008055117318141792,-0.018912531774000867,0.061121832664200904
186,0.000623204859066762,-0.01887106117222119,0.0610156586947333
187,0.00044628379669720887,-0.018715987489697807,0.06091014657102639
188,0.0005094096825490747,-0.018630280037805882,0.06082692894212613
189,0.0007124936252330739,-0.01862970116913716,0.06077767611371279
190,0.0007685352064117543,-0.018757522399078262,0.06073892427890751
191,0.000625852957577405,-0.01893216639326635,0.0607085315599219
192,0.0004755475143829542,-0.018925988563278894,0.06070765063309502
193,0.0004978130588648928,-0.018807597893910823,0.06071428730268799
194,0.0006578823055162105,-0.01882272927882147,0.0607000460044686
195,0.0006674349999632797,-0.018909698561895713,0.06066483425928226
196,0.00042293132343093685,-0.01882883887035191,0.06061246726599362
197,0.0002084546539589309,-0.018658514897589955,0.060562502408791324
198,0.00018590257228066984,-0.01866312791588287,0.060527530906103466
199,0.00035563082533477883,-0.018704050246845648,0.06048797943346318
200,0.0006567221939942835,-0.018571377839657247,0.06042148061884986
201,0.0007903227939558041,-0.01843610924765017,0.060331755745981486
202,0.0006223897881852398,-0.018496276031482503,0.060247602726918204
203,0.00040968966942701575,-0.018632608810018242,0.06018050632094382
204,0.0003140248433564388,-0.018577787292808852,0.060105478465174916
205,0.00036618140856332394,-0.018405375413043643,0.06000918068055325
206,0.00046987564946160475,-0.018386273038645047,0.059901517074353955
207,0.0004967110284392537,-0.01847612821723505,0.05979192006746448
208,0.0005766996922075896,-0.01843399743711073,0.05970177980662475
209,0.0006317715514079934,-0.018321305516453418,0.05964245075422686
210,0.0005903838136598219,-0.018296523695029626,0.05960412139576904
211,0.0005903651433138695,-0.01832787912884773,0.059578672037066766
212,0.0006180778868620127,-0.018354710962929073,0.0595588614266698
213,0.0006302832331318401,-0.018349181937558703,0.05953818699068125
214,0.0006097456369952953,-0.018396278006226632,0.05951134431770064
215,0.000565930487468883,-0.018467811892854444,0.059488053654563694
216,0.0005193595797889992,-0.01681281985697792,0.05945969014531072
217,0.0004887449038160319,-0.014373283812647561,0.05939686433256414
218,0.00040169412484940075,-0.015178335716557016,0.059315908660267286
219,0.0003844159810582504,-0.017712130003420354,0.05924238283444305
220,0.0005855216791939266,-0.018702202261742427,0.05917644551105522
221,0.0007048186056105975,-0.018471500485796946,0.05912997910921822
222,0.0005623464340275586,-0.018144281231787115,0.059093061669861585
223,0.0004690910631935368,-0.018084483293491035,0.05904533200865536
224,0.0006120520558189307,-0.018210876830713672,0.05898996183987462
225,0.0006832103947960956,-0.01858436846585209,0.05891641874980136
226,0.0005854830314893909,-0.01899532896000597,0.05882127802656009
227,0.0005955738251468856,-0.01917904345534579,0.05873148850084267
228,0.000703734039643315,-0.01903238415511855,0.058673633159033206
229,0.0007621590800334487,-0.018675601009429568,0.0586315604704252
230,0.000782094028973797,-0.01833532607732901,0.05858200302750202
231,0.000713744370966145,-0.01800085064983057,0.05854088017110687
232,0.0006098446997504993,-0.01784034923440421,0.05850393019498851
233,0.0005834852004501863,-0.018036888917441977,0.05844294157816482
234,0.0005069848828977907,-0.018369440447382195,0.05837199855741826
235,0.00046111490703597876,-0.018560205235244306,0.05831192569386201
236,0.0005971889442330726,-0.018631975401270366,0.058244299895810814
237,0.0006447734209517992,-0.018772052108445632,0.058171277468487215
238,0.000454367593840155,-0.018792044418695357,0.058119784991309875
239,0.0002712056545123943,-0.018492439793700605,0.058075484745615136
240,0.0003259763935974353,-0.018111862333048852,0.058005120628276174
241,0.0005808948229512982,-0.017943705539701024,0.057922909124570515
242,0.000706909828926881,-0.017953174273303986,0.05786650001897184
243,0.0005522720507518397,-0.01799741448059245,0.05782759966858206
244,0.0004503212939607603,-0.01817404017003063,0.057785999547458
245,0.0005110428286146597,-0.018444891830683326,0.05774292143356424
246,0.0005500543798157885,-0.01856155390959076,0.05768412710494267
247,0.0006240649194075663,-0.018541282088752165,0.05760187325164767
248,0.0006384635432315801,-0.018588438722552857,0.05751962919214032
249,0.0004603049854635388,-0.0186301796540266,0.05744938970407448
250,0.00029908057945486274,-0.01844698147264725,0.05737050621436818
251,0.0002783177932248065,-0.018157737032719383,0.057288021786295634
252,0.000401130615077431,-0.017988750023015372,0.05722075335097529
253,0.0005495349170909954,-0.017877653721431443,0.05715274878265042
254,0.0004999050071000676,-0.01790830777098948,0.05708958138396397
255,0.0003451897772761825,-0.018190134461396612,0.05704628308583973
0,0.0003517736387425095,-0.018472474046456938,0.05700043297230248
1,0.0005462346635102804,-0.018584521956939763,0.05695111510097148
2,0.0006352940357324266,-0.018488293434851408,0.05690946203831307
3,0.00047615657721839823,-0.0182927235147302,0.056853293879232825
4,0.0003142825321876603,-0.018240327631009294,0.05678600719514312
5,0.0002918702895674612,-0.018193595439171407,0.05673862328977969
6,0.0004128435397547941,-0.01797204723474235,0.056701153932702975
7,0.0006385066697747149,-0.017781461250668942,0.05665588115708867
8,0.0007007226394707092,-0.017839929533478384,0.05662189731244846
9,0.0005749228685448136,-0.01802573913353666,0.05659505357631539
10,0.000486743026958808,-0.01813220729329159,0.05654471257050575
11,0.000390458521144076,-0.018157197178677913,0.05646830753198562
12,0.000379881330102993,-0.018057815888360536,0.05639141432490932
13,0.0005815303041766672,-0.01790143512442223,0.056325541365008114
14,0.0007749992279344629,-0.017818904904150744,0.056248205955899105
15,0.0008239909624534256,-0.017864085319752435,0.05616275408157789
16,0.0007152200748873343,-0.018039401722224443,0.05610072774421923
17,0.00048038680128348896,-0.018174006212636595,0.05606612294761362
18,0.00039106072317236806,-0.018110547744106725,0.056034247831777156
19,0.0005659296328114263,-0.017898966495355162,0.05599332012628039
20,0.0007483150011212544,-0.017758862736041513,0.05596439303857789
21,0.0007077099051214617,-0.017851630314732865,0.05594207851566438
22,0.0004791059775798249,-0.018104528730911597,0.05589299831954975
23,0.00038231161842310567,-0.018189565021434408,0.05581227110435896
24,0.0005578668081714733,-0.01805610787784511,0.055711911100065764
25,0.000747319964575728,-0.01801514313586402,0.05561298454437999
26,0.0007953270682298161,-0.017991305565646577,0.05552751488652474
27,0.0006888154219175764,-0.01780911034639719,0.05544984151966337
28,0.0005452691359183947,-0.017734531179955895,0.05537973804285881
29,0.0005078287250812118,-0.0178400591024373,0.055306635640416074
30,0.0004486782745306418,-0.016275498687900625,0.05524035328635543
31,0.00043539824733648683,-0.013974884458429107,0.055197989474415704
32,0.000603834574418097,-0.014975665916399379,0.0551698860653749
33,0.0007535770334626965,-0.017445119800398035,0.055145282432084025
34,0.0007668170804063085,-0.01814800310950998,0.055101596960147825
35,0.0006425999024682017,-0.017764390323877596,0.05504057217680963
36,0.0004990253795698202,-0.01734159159732236,0.05499191887664023
37,0.000558332347869319,-0.017374034131162563,0.05495903302418173
38,0.0007247217735586414,-0.017677307469113446,0.05493191893001137
39,0.0007279441975711468,-0.017890524011100938,0.05490803527594573
40,0.0006200843367888541,-0.01811679368324827,0.05488811785655484
41,0.0006476375422110998,-0.018408428778561352,0.05487246513184857
42,0.0007506963510184391,-0.0184953145264192,0.05484567677241925
43,0.0007695001699248741,-0.01819146795758931,0.05478417689290693
44,0.0006509881514131437,-0.017631292311466117,0.05468862306576072
45,0.0004982077362196321,-0.017174282486026163,0.05457318837721223
46,0.000541023890926428,-0.017021166781432992,0.054446005740802356
47,0.000694648773984037,-0.017115303341602592,0.05431328842103403
48,0.0007774589290007912,-0.017347480875464207,0.05419492617727206
49,0.0007976349332798551,-0.017610908217443495,0.05410407819805596
50,0.000795198806933664,-0.017809716659666255,0.05403573092896671
51,0.0007047321765436538,-0.017958052140567872,0.053987729849984095
52,0.0004891987254449933,-0.01799204141964858,0.053957528183636666
53,0.0003961224794263353,-0.017827923602904944,0.05394005517445177
54,0.000550201726580431,-0.017664241370290816,0.053914325167866206
55,0.0007085711896527142,-0.017590458835828028,0.05387884023155037
56,0.0007344039851454886,-0.017480547127329278,0.05384341366694359
57,0.0007066996646116555,-0.01742706872102786,0.05379835546960024
58,0.0006982571220363351,-0.017635341584652728,0.05375355903818707
59,0.0006420170771595192,-0.017878956030782357,0.053704393605548045
60,0.0004822797163320839,-0.017952427367743266,0.053640205531681
61,0.00044330949008629947,-0.018023161160467982,0.05357422351894875
62,0.0005474339916767602,-0.01639946947198502,0.0535156450047235
63,0.0005030104923007981,-0.013780376767840774,0.053480582938870896
64,0.0004220807968705665,-0.014360054269007362,0.053458303625630754
65,0.00043428844033823843,-0.016720678999791058,0.053424135702806214
66,0.00042686869770531275,-0.017473139339188412,0.05338916741831659
67,0.0004951510760873676,-0.017205528943936087,0.05334487545220093
68,0.0006279868676713973,-0.017087667174740452,0.053262445015227616
69,0.0007114389882622446,-0.017240609047756865,0.05314703585498276
70,0.0006829681828519839,-0.017416281659197327,0.05302193678890951
71,0.0006069657320299637,-0.01762355461654814,0.052916195420614764
72,0.0006794254121790123,-0.017909246599296505,0.052856569106766865
73,0.0007216238268418014,-0.018072840796779892,0.052824471224423686
74,0.0005270035109166927,-0.017931520268475137,0.05277878063483424
75,0.0003812054186986886,-0.017587287934382738,0.05271100702233994
76,0.00039671140094258176,-0.017138176837057373,0.05263154025525649
77,0.00041199401187645907,-0.01685953376416139,0.052546631514316794
78,0.0004156528799672622,-0.016903801720698795,0.05247296354513287
79,0.0003540580514226903,-0.01710782030614784,0.052431373079458804
80,0.0002798116835520813,-0.01738941459606161,0.052403832168400444
81,0.00037967799718084455,-0.017585451596530917,0.05235454868485806
82,0.0006298981478430762,-0.017732185131665662,0.05228227538642924
83,0.0008030764621324248,-0.01784065462903408,0.05221664738057902
84,0.0007187918419551405,-0.017662800563662852,0.05217218037283314
85,0.00044106082310635636,-0.017372877732490577,0.052125802753451994
86,0.0003051084573326235,-0.017173943851940397,0.05207613261007191
87,0.0004618464917442633,-0.017022611093248013,0.05203416678085057
88,0.0005752603572740482,-0.017057298069911693,0.0519778788372314
89,0.0005309505238002108,-0.01718603723846751,0.05189782261567569
90,0.0005072543517120733,-0.017218064590041327,0.05180664115903311
91,0.0005239190297117711,-0.01727546293857006,0.05171426612692409
92,0.0005450465550270935,-0.01739827989437929,0.051640445118089545
93,0.0004630708675220029,-0.017538825191759568,0.05160691144999466
94,0.00040298902298774655,-0.017659243733703645,0.051606928929159135
95,0.00045247412120545097,-0.01761790386929267,0.051619294469606225
96,0.00046744878597853776,-0.01741443887358305,0.05161806708243705
97,0.00045114158810746156,-0.01722212823153875,0.05157817765214967
98,0.0004410976663528206,-0.01715950735468659,0.051517085212767405
99,0.0005370074689449438,-0.01724448897612539,0.051472010139491875
100,0.0006062339907221227,-0.01742494086164205,0.05144609432665495
101,0.0005573231996411326,-0.017537100900797895,0.05142413825367359
102,0.0006170685146158496,-0.017466391568275515,0.051397436372427996
103,0.000741039698712866,-0.01733097604811363,0.05135013372182057
104,0.0006934554271469605,-0.017291842298449087,0.05126519562920376
105,0.00046166173385864674,-0.017340020844980646,0.051152908309107264
106,0.0002649359963912308,-0.01723124043262255,0.05104861029297597
107,0.00021385332602321663,-0.016984815252577008,0.05096871062102731
108,0.00031118146248656017,-0.016863703333573947,0.050903401693037836
109,0.00044723513838110934,-0.016910126477345487,0.050856765914976926
110,0.0004862101618361426,-0.01714313355456413,0.050815109677705056
111,0.0005563894496831848,-0.017351779791023973,0.05074551028868496
112,0.0006676519006287423,-0.017390448610056036,0.05066248543417301
113,0.0006328044028403236,-0.017376554240932936,0.05060415645285207
114,0.00044370856696857855,-0.0173118548190416,0.05057604326736184
115,0.0003809764592424777,-0.017190972039676976,0.05055110047729247
116,0.00048686163126668075,-0.01704355910232872,0.05050044183058433
117,0.0004643675836762133,-0.01700196096952126,0.050436467124041234
118,0.00032961361518553454,-0.01706290743287566,0.050391627568619035
119,0.00032655539517820013,-0.01711972584731493,0.05035265800974842
120,0.0004102491139596387,-0.017111566471530608,0.05028450728490866
121,0.00043264657196532804,-0.015442564246506939,0.0501989305642328
122,0.0005055541322613608,-0.013093262667683764,0.05011931950258203
123,0.0006326159437363445,-0.01396338387521643,0.05003318831059933
124,0.0006224931945223982,-0.01646037785651655,0.049936157662031994
125,0.0005419060945175899,-0.017405848850868606,0.04984097272113683
126,0.0006175656777789788,-0.01705550206335748,0.04976668696597206
127,0.0007644141288923015,-0.01635715551376663,0.04973237634327013
128,0.0008050837607413834,-0.016129876034819794,0.049728518759154766
129,0.0007623800667724429,-0.01654423909554803,0.049719391937558255
130,0.0006991335984886589,-0.017078780578985125,0.04968742024425793
131,0.0005723542797743273,-0.017413323981457528,0.04965409395976769
132,0.0003579965999587608,-0.017661781895532053,0.0496327338097412
133,0.00030215935082616497,-0.01774093491288281,0.049603470199541366
134,0.00043217013829116666,-0.017447105242683968,0.04954324146418845
135,0.0004448408049219175,-0.016864715517500448,0.04945541949645746
136,0.00042964447046864697,-0.016343352462592733,0.04936932441950509
137,0.0005738617983112374,-0.01610855796875739,0.04931105008601641
138,0.0006199457822940089,-0.016219830171207615,0.049263175712207646
139,0.0005001820803818374,-0.01654725223975683,0.04918904955512768
140,0.0004989741758014156,-0.016787163731508854,0.049100754027903565
141,0.0006065208694255963,-0.016997587632280403,0.04903584197311925
142,0.0005910675732724562,-0.017209626555207948,0.048987799569901486
143,0.0005053874049190843,-0.017232761626464428,0.04892605025227506
144,0.0005800683221131274,-0.017151911230384585,0.04884884456076069
145,0.000734768237923642,-0.017016673001228784,0.048781620997343844
146,0.0007085135937439221,-0.016816020306302755,0.04874687903473948
147,0.0004804198399923146,-0.01667219950947886,0.04872349369113746
148,0.0002717080355606532,-0.01658608675705111,0.04868433017881599
149,0.00028217000591911935,-0.016598974390240828,0.04863093336704208
150,0.000478717627565357,-0.016764727876055485,0.04855539099403597
151,0.0006390219058201169,-0.0169568627642959,0.048459045114322113
152,0.0005875603336789983,-0.017139314513808963,0.048373259504634614
153,0.0004603846178481783,-0.017222797758943427,0.04831355950896882
154,0.0004404015463925241,-0.01711038960136472,0.0482571884835635
155,0.00040810947483139494,-0.016904858062726305,0.048189307923097946
156,0.0004189265690988102,-0.016644764796892253,0.048114591471895146
157,0.0005960989904984328,-0.016362711964318072,0.048048350174291876
158,0.0006530964327600907,-0.016320289191014886,0.048010802116307094
159,0.0004394242849295935,-0.016525633635481506,0.047997409014814585
160,0.0002942595985380703,-0.016718466584736955,0.04799214766412371
161,0.000339635937282277,-0.016900951160400635,0.04798847886724117
162,0.00039714045263464356,-0.016944633558439073,0.047971944507125386
163,0.00043427200670442595,-0.016793505919239254,0.04793690216805871
164,0.0004660975908491187,-0.016637356875636396,0.04790708378974237
165,0.0005802063443740868,-0.01652395859347639,0.04787785908342962
166,0.0006404185394703267,-0.016458406606019084,0.047829517276533395
167,0.0004780320278395811,-0.016360606927643226,0.047764192351189935
168,0.00037677816915966623,-0.01635321365235045,0.04767138645828471
169,0.0005105330872528632,-0.016493809392548416,0.04755035156767737
170,0.0006558418984046713,-0.016595377847653192,0.04743328736575338
171,0.0005941833406515355,-0.01670638203574072,0.04733999435764315
172,0.00044581400659606777,-0.016802607201651797,0.04725411048150026
173,0.00040197951914195426,-0.01678829330927644,0.04716691142028159
174,0.00043870018773324387,-0.016722806208028275,0.04709963400753929
175,0.0005734868958120899,-0.016670538978379175,0.04705933461429869
176,0.000642254560802464,-0.016574175479979983,0.04701779825228081
177,0.000477692078097383,-0.01639009303423325,0.04697138715559558
178,0.0003712378532692085,-0.016263625139368208,0.04693139776691223
179,0.00041890125963438664,-0.014689483260704274,0.04689072535603621
180,0.0004429587097993145,-0.01241440508646343,0.04684733919793971
181,0.00042754204426815657,-0.013233616065040331,0.04678943993024258
182,0.00040936634581376443,-0.015581692607873478,0.04671401739894086
183,0.0004119602747210834,-0.016329891080974532,0.046648093732445925
184,0.0004354386920751112,-0.01599191056196501,0.04661682331675043
185,0.00046741349977316997,-0.015679057911641085,0.04661418464188338
186,0.0004937683484713361,-0.015780616404648645,0.046605574849190964
187,0.0005046876685385346,-0.01604036629925721,0.04655987813300573
188,0.0004971784041978775,-0.016405843373509636,0.046479127022881594
189,0.0004751595968588002,-0.0167991430315362,0.046383034538470064
190,0.00044747061354561486,-0.0168712605096071,0.046284474605594594
191,0.00042439038363817946,-0.016625406589090598,0.04620324725222626
192,0.0004138501029152964,-0.01635090936087156,0.04615995771496441
193,0.00041870968242774416,-0.016104806095176748,0.04614716331876177
194,0.0004360476914354852,-0.01577948059790124,0.0461312568246391
195,0.000541043490065111,-0.015543487655635575,0.04609621846144542
196,0.0006805330560626735,-0.015595165154509608,0.046050961125874895
197,0.0006446954777297128,-0.015946024870453414,0.04598959631413853
198,0.0004310555369422275,-0.01639176716185601,0.045923698307756805
199,0.0002528309423416742,-0.016583300989791258,0.04588440796220526
200,0.00029363414737545133,-0.016514645367315818,0.04586938647822403
201,0.0005071566172184296,-0.016420820242051652,0.04584608757413354
202,0.0006650324921262303,-0.016372251170579707,0.04579774695594947
203,0.0006759960730776907,-0.01617264868679561,0.045732950024982844
204,0.0005573577196213489,-0.015788810449587645,0.0456604575608416
205,0.0004272810244557152,-0.0156279526817603,0.04560093471386814
206,0.0004175661533272301,-0.015807802643652544,0.04555182433785175
207,0.00038745733505282046,-0.016085278832948628,0.04548426791392225
208,0.0003941340048988838,-0.016334007098505417,0.045397266715402826
209,0.0005675701521860857,-0.0164013501885023,0.04531712966111523
210,0.0007070647895733738,-0.01629217077489241,0.045254795549336466
211,0.0006172765444462569,-0.016210905603415884,0.04518587335241554
212,0.0003498032130654171,-0.01612407909956011,0.04509780903549168
213,0.00023390049380144396,-0.015863677652514875,0.04500072103318316
214,0.00041461641180129004,-0.015580224087138092,0.04491647751582947
215,0.0005482280207397463,-0.015496284585224604,0.04485739034616068
216,0.0005134058450989762,-0.015595884498788133,0.04481542690986978
217,0.00048556362786221865,-0.015783710030952164,0.044798032132875254
218,0.00048678431897815214,-0.0160460192343531,0.04480597625517531
219,0.0005700410682602742,-0.01634951536377565,0.044822424556050594
220,0.000673497832161384,-0.01649487909973571,0.04482288073124169
221,0.0005983420473370624,-0.016408711771551655,0.04478186572060987
222,0.00044109272669356657,-0.016139657077080677,0.04471600600795829
223,0.00046319921372641425,-0.015774563655729608,0.044662498297437084
224,0.0005181660236833821,-0.01562530334376873,0.04461274534834653
225,0.0003921829412250539,-0.01574156843035588,0.044535540907790855
226,0.0002573513843225673,-0.01581032932715902,0.04444501490929412
227,0.00031565427170754477,-0.01580609147890822,0.04437826988082058
228,0.00045213998408139325,-0.015835333647884288,0.04432724923185641
229,0.00040234431360694413,-0.015932975838527215,0.044273240120301885
230,0.00024032675373683327,-0.016088952641839953,0.04421988915695611
231,0.00023523604147199933,-0.01614249093528375,0.04415543700693335
232,0.0004221296039975469,-0.016052944808231814,0.04408680202924674
233,0.0005950775406582188,-0.015952375291247975,0.04402974156406317
234,0.0006488297483218388,-0.015930004827105188,0.04396368332773787
235,0.0006596256426668512,-0.01591109831387052,0.04387823396343361
236,0.0005990759289649099,-0.01581592934146986,0.043797082285152
237,0.00042972544328751926,-0.01575454041325637,0.04374678630892179
238,0.00037852850655272635,-0.01584818650015849,0.043713067796572955
239,0.0005512767092256832,-0.015950181205753117,0.04366163224510096
240,0.0006981756024938692,-0.015892786468094028,0.04360382806829276
241,0.0006882400214701652,-0.014177461504343188,0.0435729126749661
242,0.0005325236128008108,-0.011757324201755175,0.04355583337537376
243,0.0003653385073874218,-0.01255338766808825,0.04351563375017857
244,0.000335973890901701,-0.015007950198637349,0.04344677335415724
245,0.0003113748401005615,-0.0160128047851002,0.04336183400458567
246,0.0003450674234612345,-0.01587317830182712,0.0432689807935326
247,0.0005554413896411987,-0.015475755243054688,0.043173694202350135
248,0.0006451600814993332,-0.015384219497360047,0.04309324148820827
249,0.0004519084299655871,-0.015487087675314329,0.04303656211221009
250,0.000225372845516418,-0.01571332179880796,0.04299417123451724
251,0.0002151072634541184,-0.015985434969984356,0.042960882572751435
252,0.00032629333352651583,-0.016074255253381894,0.04292070806235365
253,0.00029653302023892347,-0.016051533393844762,0.04286580061375189
254,0.00018805436668180493,-0.015870151354082776,0.04280545211783403
255,0.0001657757474915868,-0.015550780248912544,0.04274285002470174
0,0.00028473188992519114,-0.015417707498334994,0.04267734031411374
1,0.0004411340389277302,-0.015403468203180164,0.042620335224575145
2,0.0004858865968817035,-0.01532402698837386,0.042576862391394646
3,0.0004576728312043377,-0.015325384315359167,0.04252350568873524
4,0.0004162473802128612,-0.015548751839011533,0.04245204242960322
5,0.000390515609473922,-0.015811982919425614,0.04237657246630669
6,0.0003857744991617527,-0.015802200013250493,0.04230681909613232
7,0.00048020388510227946,-0.015579769317998447,0.04224675843643241
8,0.0006217384486017058,-0.015437527097752222,0.04220807566856513
9,0.000598538086237897,-0.01537836913879656,0.04219127128683581
10,0.00048514115250566795,-0.015297934766961563,0.04216519107705588
11,0.0005257704792850457,-0.015254219677894934,0.042113543368022255
12,0.0005684563998785716,-0.015298938258730091,0.04205812947741845
13,0.000488708692509741,-0.015421399866737871,0.0420132968077532
14,0.0005118364122579475,-0.01548444472093214,0.04196154419230484
15,0.0005271146507095422,-0.015470271923550584,0.041909311398961424
16,0.0004387998627157243,-0.015457552239893937,0.04187393008508515
17,0.0003938188240871533,-0.015400157172093275,0.04184866279768816
18,0.00039849265192218775,-0.015277400898574635,0.04183988205931409
19,0.0005024537915748248,-0.015205556451347697,0.04183386030429985
20,0.0006390924031026312,-0.015197196985046187,0.04180845134299123
21,0.0006814237635068788,-0.015094290422424855,0.04176710946367716
22,0.000669132344631181,-0.014993346327042183,0.04170128188588007
23,0.0005700075880102668,-0.015041824097409062,0.04162358214336917
24,0.0003638293922370063,-0.015255259639513602,0.04156934027163364
25,0.00029505586596998215,-0.015571064482584017,0.041528713273323734
26,0.00047634162549038163,-0.01568318312460297,0.0414685322301515
27,0.0005704136932514611,-0.015460996924527931,0.04138653203716172
28,0.00039538998284111763,-0.015177815225108034,0.041310081365906776
29,0.00019492055528149376,-0.015099982297166074,0.04126537853278339
30,0.00013021353317424478,-0.015149450366478849,0.04123536736562727
31,0.00014252644720966776,-0.015079138430376553,0.04119581447687144
32,0.00016547374508654055,-0.01504205712442084,0.0411489307970605
33,0.000259336762475936,-0.015239025229584341,0.0410981540342073
34,0.0004645327513596593,-0.015466237082606749,0.04105992598216299
35,0.0005392490808570466,-0.015565927112643325,0.04102871957333082
36,0.0003652948478316356,-0.015578819543324143,0.04098723950579758
37,0.00019184816982602184,-0.015555595469464473,0.04095295534625659
38,0.00016024215566985646,-0.015432847384012967,0.040920252880355
39,0.00019272534923356777,-0.015261017581572889,0.040858790459246355
40,0.00021411101430066494,-0.015169383614362493,0.04076854613807665
41,0.00028637856058941164,-0.015132068716262576,0.040666085175490765
42,0.00045932584440411,-0.015112958273213552,0.0405616493883027
43,0.000504033457419339,-0.015102145488292022,0.04047394204011946
44,0.00031386607349077227,-0.015102292036049986,0.04042419484139226
45,0.00022638875231019298,-0.015113732898995376,0.04040673168602202
46,0.00033662837955673224,-0.015213186635015148,0.04040294385465509
47,0.0004375552287797027,-0.015264832694349709,0.0403901464436275
48,0.0004799542954018578,-0.015102136773448481,0.04035905462127999
49,0.0004785513123727206,-0.015006319894124931,0.04032047004989037
50,0.00045276015254473387,-0.015144279329201253,0.04026650764309028
51,0.00041593470006565103,-0.015202553147938447,0.04019183678029177
52,0.0004625172301920544,-0.015003057357151718,0.040105828139504904
53,0.0005597593814680106,-0.014870705169169357,0.040025261314018956
54,0.0005949064836271059,-0.01500350285613851,0.03995743971390482
55,0.0006062352867777883,-0.01509337427286249,0.03989296461083715
56,0.0005494297372771822,-0.01494996390533581,0.03982994041245286
57,0.00038673121089096135,-0.014795348343871056,0.03975855364813222
58,0.00026350598400184813,-0.014850925936956132,0.039678191146830744
59,0.00032714587509385246,-0.014996199264383031,0.039617079167916305
60,0.00044386341010341375,-0.014953573636864996,0.03958619231955905
61,0.00035921493385835095,-0.014786810839897406,0.039557501026432865
62,0.00016552476641596087,-0.01476135925477659,0.03952455726704607
63,0.00014585473262881737,-0.014833150669577258,0.039494609526887284
64,0.00025792213520696005,-0.014849407797112434,0.03945732267249499
65,0.0002540035736333709,-0.014918434710003307,0.03942292790551559
66,0.0001834572268618953,-0.01504204934301022,0.039387098222271086
67,0.0001920784250132577,-0.015027626728546128,0.039325606132976657
68,0.0002393240176789687,-0.014858139991234795,0.039244795858977374
69,0.0002625852515290661,-0.014803604077658211,0.03916407376197993
70,0.00023923710112853241,-0.014898874883300633,0.039091268197600545
71,0.00018193355922241643,-0.014846383470427535,0.03902502567695862
72,0.00011805926399987166,-0.014751435824447004,0.03897231686291616
73,0.00015628329276672743,-0.01474260676379928,0.038945592938487386
74,0.0002678917155840429,-0.014628483392546528,0.038935583725063436
75,0.0003335402364423011,-0.014554616533221522,0.038925786382212
76,0.00037877569379835495,-0.014635280733042717,0.03889993358139082
77,0.0004286400006088993,-0.01472043639908055,0.0388567282062965
78,0.00047487409150874125,-0.01486472004069582,0.03881347343393873
79,0.0004967735995805465,-0.014943323696061231,0.03877815820033098
80,0.0005655237212690453,-0.014791842904137882,0.03874922852817214
81,0.0006420409666836894,-0.014687370944130085,0.038705557110054564
82,0.0005413589994807638,-0.014715633591592454,0.03864530626682344
83,0.00028548229898405137,-0.014618034236022967,0.03858010454954998
84,0.00010221082136595175,-0.014516946626639708,0.03849169129061707
85,0.00009258656454418112,-0.014622550311100116,0.038390630808984236
86,0.00015850120717733596,-0.014684964053204401,0.038303224598805474
87,0.00029744758716375224,-0.01454259923030396,0.038233924584255535
88,0.0004351657493208321,-0.014497200264143757,0.03819862516015099
89,0.0003718088039244026,-0.01462678975847468,0.03820112853629169
90,0.00020489718492936447,-0.014718096091983296,0.03822247374138288
91,0.00011860889978673782,-0.01480648041630886,0.03824577621010662
92,0.00018618722873383286,-0.014789916767061637,0.03825787299297537
93,0.0004025798084692151,-0.014544859070350032,0.03825096185837398
94,0.000498500247362656,-0.014303346590309927,0.038210233830659524
95,0.00034726388295777027,-0.014298064502996824,0.038133988343395625
96,0.00027649949765384146,-0.014508121539401411,0.038041697908915595
97,0.00046046135136195267,-0.014701670671627073,0.037948096286402486
98,0.0005698991625537018,-0.014766584693452336,0.037862101499081424
99,0.0004091740179198658,-0.014776660061253027,0.03777377370955859
100,0.00021131184348193756,-0.014784312119381568,0.03768944865784417
101,0.00013629304831329575,-0.014791118293581818,0.03762307646009351
102,0.00021302070053600558,-0.014699173001580128,0.0375651982393177
103,0.0003379218928123101,-0.014546171017727733,0.03752246070572503
104,0.0002921347677608769,-0.014459690296246601,0.037484658405508686
105,0.00016421653780416168,-0.014334214501207997,0.03743488684249266
106,0.0001263944378649408,-0.014183345209127937,0.037394279180783294
107,0.00015262493760054855,-0.014206197218778853,0.037361485309011205
108,0.0002674088829986251,-0.014409823181562302,0.037308570990896295
109,0.00039850069401710706,-0.014502384773470621,0.03723472377817512
110,0.0004245288751682527,-0.014342809540609507,0.037152691415152206
111,0.00047618614113126257,-0.014257187351743889,0.037067339737790236
112,0.0005665201896257654,-0.014341162847597455,0.036992509311700505
113,0.0005969411382618808,-0.014313662722188127,0.03693376915008338
114,0.0005205487705022545,-0.014266324178242522,0.03688058964014232
115,0.00033461218445973284,-0.014387692307790786,0.036829984849570216
116,0.000206128498078024,-0.014505297745123227,0.03678391343076129
117,0.00028456684205175665,-0.014507090586461144,0.0367456950345207
118,0.0005098500035407269,-0.014470113985146901,0.036716833637818205
119,0.0005714346467970207,-0.014377149648133157,0.03669533114611988
120,0.0004313242277195536,-0.014282239965046246,0.03667591657224724
121,0.00032305792605381563,-0.014284280493354617,0.03665186325683646
122,0.0002954156536471805,-0.01431948974885091,0.03660438238960412
123,0.0003222959460309192,-0.014408062471563364,0.036538634923155705
124,0.0002893058852298093,-0.014407071758871244,0.03647391473167799
125,0.00021814641790868445,-0.014256609796452165,0.036409760956437304
126,0.00021316025837683577,-0.014224492826513307,0.03634875780005474
127,0.00022635569617688298,-0.014297496819965061,0.03629435902828135
128,0.00021092242883913878,-0.014252281064665168,0.036248715081545355
129,0.00016308242248028334,-0.014068033387115514,0.03619821291852304
130,0.00018831623796819073,-0.013939798735600882,0.03614728319881809
131,0.0002685231530746285,-0.013947496664173914,0.03612190589748897
132,0.00021667746157238163,-0.01406837397741239,0.0361042325258939
133,0.00019882669280400236,-0.014264000924282129,0.036069645212745624
134,0.0003246747833819128,-0.014360696304704802,0.03603423028603939
135,0.00042853757460599917,-0.014304828440714928,0.03600896460836682
136,0.0005581264088313218,-0.014133391332047655,0.035987876351879014
137,0.0005974873252526559,-0.013892680920274243,0.03595617110360047
138,0.0004024914640745798,-0.013762136280560403,0.03590808249942336
139,0.00027241828016314834,-0.013880690992236419,0.035867939221678094
140,0.0003901219674743243,-0.014082582487953854,0.03584542392113027
141,0.00045392223868599615,-0.014074248181482604,0.035814397943596685
142,0.0002885893562659795,-0.013915500140580433,0.03575983579719032
143,0.00012824864542987195,-0.013791679754022616,0.035689209172542605
144,0.00011608245507059296,-0.013711580217719385,0.03560935449944283
145,0.00025517470452342847,-0.013655563494094157,0.035539850394803355
146,0.0004180806297532666,-0.013623815378265937,0.03547872967662635
147,0.000372998623965982,-0.013624402661154715,0.03539931816436864
148,0.00021061934727189277,-0.013655497437987933,0.03530358668111781
149,0.00011856246908009476,-0.01370149432035147,0.03520734870818784
150,0.00009271625419093285,-0.013822545102866693,0.03511735841521545
151,0.00009482871694038264,-0.014037754924690948,0.035047154388751695
152,0.00010721709725630192,-0.014091797359628719,0.03501278650663986
153,0.00020872418318771606,-0.013952293729727831,0.03500498401489403
154,0.0003512984203824192,-0.013922343209253056,0.0349909706217538
155,0.0003249052319992032,-0.013997938677682412,0.03495721543700182
156,0.0002052322639010627,-0.0139514512070378,0.03492844905113415
157,0.00023855039601516096,-0.013841111778867925,0.03491898691368166
158,0.0004404456083530613,-0.01381933775475877,0.03490726716469893
159,0.0005995622457785706,-0.013850733020656682,0.034879638450787856
160,0.000618283760312944,-0.013956019996838001,0.03485378765659525
161,0.0005054811833018137,-0.014063426650428049,0.03483592079301971
162,0.00037554041197467025,-0.014056461931418025,0.03480036354698368
163,0.000360302111805847,-0.013909069782663944,0.03472276011013664
164,0.0004034581100570262,-0.013731812393621728,0.03461050321377518
165,0.0005206331259007388,-0.013755286476594485,0.03450063952896003
166,0.0006419932914355545,-0.013894929754866912,0.034427549595242316
167,0.0005695887307789181,-0.013886488038487771,0.034379358478891814
168,0.000402611714394581,-0.01369859334212753,0.034320093085791745
169,0.0004073294828778355,-0.013616006170822065,0.03424435899033519
170,0.0005266540824951363,-0.013773481698816668,0.03416348971073825
171,0.0005916219659156505,-0.013838979614250888,0.034082885101377663
172,0.0006132945938634254,-0.01371608204702359,0.034017289071656326
173,0.0005458918061820102,-0.013692214528037788,0.03398534166146039
174,0.0004431149097406475,-0.013769290422350457,0.03398037771280327
175,0.00041658058261375883,-0.013807891852346175,0.03397114559946836
176,0.00041972037208748664,-0.013739807122493973,0.03394407662580569
177,0.00040672705795755787,-0.01355673413248417,0.03392252755277697
178,0.00037246627475169937,-0.013506832387149038,0.033918862624858256
179,0.00033479849620909126,-0.013694107950791685,0.03392303935782591
180,0.00023008704125928215,-0.013773366389015392,0.0339263334575018
181,0.00019431765474652333,-0.013563866199769369,0.03392179757222907
182,0.00030115756210590135,-0.013319200015398061,0.0339050487980488
183,0.00029859803672916655,-0.013214110545531711,0.033861708311628186
184,0.0002913575514742286,-0.01328335835306009,0.033774965098393395
185,0.0004588529504164744,-0.013420412781742663,0.03366868577835361
186,0.0005300611387481698,-0.013479060961081743,0.03358528505490484
187,0.00034431095216199065,-0.013490531708450819,0.03351866655719331
188,0.00022539708279883637,-0.01341291917189965,0.033437132728243446
189,0.0002845253661217306,-0.013297351731740473,0.03335177305035751
190,0.0002568551431477819,-0.013336901013666719,0.03329522309635598
191,0.00023914447488034788,-0.013524932418273204,0.033268110034755785
192,0.00041189062896515973,-0.013653652746295611,0.033240972333523744
193,0.0005035653185382329,-0.013555160626788458,0.03319869865639846
194,0.0003463773812119157,-0.013376107843626694,0.03314903849373746
195,0.00017047691074014392,-0.013313110695473147,0.03308422235682522
196,0.00012172038292183245,-0.013340149934235247,0.03300130600678722
197,0.00013409668552099484,-0.013388990167611803,0.03291266578531306
198,0.00014223759589510407,-0.013418717972801184,0.03282390419961874
199,0.0001305533102961062,-0.013498940458081247,0.03273666330971789
200,0.00019288384841922596,-0.013505397196377444,0.03266447180458243
201,0.00029850848522599985,-0.013373044495124144,0.0326138243797886
202,0.0003336538705393661,-0.01327599792157997,0.032561572186527235
203,0.00033611799136057505,-0.013237419860534914,0.032498258495511925
204,0.0002645386002188653,-0.013316544696662116,0.03243540427004582
205,0.0002519038418891395,-0.013367238901572986,0.03239255387195544
206,0.00036074091284214824,-0.01330249575876468,0.03237604569611942
207,0.0004185657989094469,-0.013354409147137931,0.032370171412071394
208,0.0004943482383844586,-0.013478075555372108,0.03236276347129412
209,0.0004973420209552523,-0.013515299625296427,0.03233326834127831
210,0.0002980131583893825,-0.013485717053493503,0.03228696143683525
211,0.00019536910258142982,-0.013439815661508675,0.0322565726912233
212,0.000359496513488336,-0.01340502446368029,0.032246535588048575
213,0.000469645852361385,-0.013305380117041882,0.032232305573692194
214,0.00041531856006701904,-0.013100192142863454,0.03218943260612271
215,0.00037636481863816595,-0.011382134252089962,0.032121565059097926
216,0.0003767586578465104,-0.009154208746192015,0.032058320918479974
217,0.00046894173991336914,-0.01022027149408685,0.03201191740361445
218,0.0005052155290375321,-0.01270045610562202,0.03195744514997753
219,0.00040818683049308733,-0.013387845232599786,0.031880934424704965
220,0.0003447627662636623,-0.013071980358075854,0.03179130101666856
221,0.00024912790316556775,-0.012682671292532397,0.03171027413240669
222,0.00022031088157524535,-0.012555205043663469,0.031664483378095826
223,0.00031496437607459653,-0.012787000882861978,0.03165354219839647
224,0.00036847081920051637,-0.013096358176586359,0.03166189532375978
225,0.0004546711281526503,-0.013307027728942163,0.031666618439593036
226,0.00047960067438565496,-0.013401010018589676,0.03164210277341348
227,0.00030510833605858884,-0.01330168446920111,0.03160212981275208
228,0.00013846836680059065,-0.013097149386538373,0.03157865911301573
229,0.0001056437707329333,-0.012927420425788476,0.03155691965949105
230,0.00021465291214323298,-0.012687199846056117,0.031500542339771315
231,0.0004346741969342785,-0.012454084614050898,0.03142114484514753
232,0.000500448866159542,-0.012558656673289474,0.03134354113391459
233,0.00030242689428660924,-0.012853791223502754,0.03127099374021311
234,0.0001881065248480665,-0.013117824199760028,0.031207533111588942
235,0.00034799666608616614,-0.013352311561136643,0.031155869570599237
236,0.0005432748778834502,-0.01337442305945822,0.031115870742029136
237,0.0006136682672846332,-0.013163315356721175,0.03107111447090051
238,0.0006153154415440582,-0.01286582214463106,0.03101063121398487
239,0.0005269531360725397,-0.012544347077727277,0.030953942393015826
240,0.00040909909433758246,-0.012277367505776415,0.030909112077067855
241,0.0003748165733489018,-0.012148546567869647,0.030852438030688836
242,0.0002957147675928882,-0.012198787262188288,0.030774311639244503
243,0.00025199540435114174,-0.012400244828959475,0.030688256132575545
244,0.00031133497719464955,-0.012667119317500274,0.030618354840297998
245,0.00032834747274604077,-0.012891938231057762,0.030590126385595384
246,0.00039246417119220074,-0.013070687071828825,0.030599018276722803
247,0.00041727347594752175,-0.013207615078557583,0.03062398003165788
248,0.0002632437740735063,-0.013166553701950363,0.03065062852102804
249,0.00021122265400347036,-0.012942256652810763,0.030656985875654366
250,0.00032993996795863123,-0.012712735233905155,0.030619932708787267
251,0.00041266671625708523,-0.012611341906136588,0.030558012725922984
252,0.0005047668618319674,-0.012671844074798544,0.03050963375214065
253,0.0005910442249153337,-0.012768143819203305,0.030479686866387037
254,0.0005824835774219457,-0.012778748734093494,0.030442035463383726
255,0.0021033309325984755,-0.012781196081037303,0.030371449962542915
0,0.004365156026447458,-0.012879507758431864,0.030286377164523065
1,0.003445587547745594,-0.01301288552184169,0.03021294921145022
2,0.0008652757743906996,-0.012909019383889515,0.03013781536700956
3,0.000014697815653797255,-0.012591680186537987,0.03005345800962049
4,0.0005142797290661333,-0.01235652613046281,0.029982144088750357
5,0.0010892061862450616,-0.012209545292520108,0.029932880389275607
6,0.0011566032630634243,-0.012172828792211147,0.029880558945893032
7,0.0008340408545875755,-0.012303521591992835,0.029812114750031163
8,0.00040147948290186405,-0.01257057078890688,0.029749746898252966
9,-0.00000952127373605137,-0.012814664022453674,0.029705895112299388
10,-0.00024250326770166968,-0.012859538831907102,0.029659849687457815
11,-0.00007528042969701457,-0.0127474526108253,0.029614758680658992
12,0.00026546475665936535,-0.012570709792857258,0.02959875255370001
13,0.0004569353388713289,-0.01240771572680871,0.02959666234624872
14,0.0005566823363538208,-0.01231114729688211,0.02957160296869092
15,0.00060192778508347,-0.012304107963238449,0.029532163028490988
16,0.0005030279625240931,-0.012377096632261504,0.02949711660583114
17,0.00024890133062443077,-0.012575051154147691,0.029448911577127562
18,0.000012222167959855326,-0.012802704534342357,0.029379213879075966
19,-0.00004093236283631181,-0.012812787023624213,0.029299316117888788
20,-0.000059648032176577194,-0.01266658548696235,0.02922992672050545
21,-0.00013496842598799234,-0.012538870622247358,0.029181306126474987
22,0.001667767071691281,-0.012354508114777611,0.0291440348566311
23,0.0044570266458641965,-0.01222977560253808,0.029125903046988824
24,0.00542889528719538,-0.012335709993638089,0.029129961715992067
25,0.006918119713616902,-0.012486324179162678,0.0291297922957163
26,0.007508212239678088,-0.012554148989244965,0.029112090138420407
27,0.00591569345742602,-0.01250912947502324,0.029097581500561798
28,0.00674529140679575,-0.012350433362840304,0.029082285063726343
29,0.009266452164244848,-0.01231544077938521,0.029048932791022858
30,0.010288938253980084,-0.01241763022371294,0.029001905515165155
31,0.008397627112572994,-0.012441029635642586,0.028944450017867565
32,0.0040086680205319025,-0.012455473636895621,0.028879849321754344
33,0.0009562471753018428,-0.012395089033824865,0.028798880290253764
34,0.000539665039047614,-0.012154239907119668,0.028700384862813733
35,0.002410575703407348,-0.011959999459275651,0.028613650265283258
36,0.006298255617892391,-0.011940066993228825,0.028553482977639266
37,0.008999683244919857,-0.012088776656090223,0.028497853404812507
38,0.009205841179859866,-0.010704853499707054,0.028446595105860034
39,0.008721580615727474,-0.008392380068758531,0.028411274084027008
40,0.008704886590786245,-0.009172016416295649,0.028369173699732964
41,0.009295037252097668,-0.01161217468461458,0.02832190111374193
42,0.01021483929798754,-0.012342673113129726,0.02828455934827802
43,0.011099049243764057,-0.011976246621722725,0.02825168462660932
44,0.01156067934334172,-0.011638190673512468,0.028220681364710357
45,0.01130859826767916,-0.011625285929737252,0.028177604098030926
46,0.010439927557605725,-0.01189159243685467,0.02811675117272909
47,0.009320522573101694,-0.012182033255274047,0.02806297581931308
48,0.008360157943171404,-0.012451967155738618,0.028027409007380558
49,0.008079041098390484,-0.012661036097455641,0.027986004794871094
50,0.008634159450086849,-0.012530281634182391,0.027925744662801122
51,0.009592622833295164,-0.012222958036102939,0.02785524702069249
52,0.010490747628352011,-0.012036412307452848,0.027781171839283553
53,0.011070944999648516,-0.011913546725520363,0.027721628726319114
54,0.011184841234114291,-0.011744657789071588,0.027698610278961866
55,0.01081927068970432,-0.011675839475666146,0.027694015911086806
56,0.010122167898392334,-0.011850051338372726,0.027670436884630376
57,0.009358606804989168,-0.012147678089087587,0.0276369742980615
58,0.008726981855990225,-0.012398777792832716,0.027612594635675294
59,0.00837747138588845,-0.012408259616344265,0.027591885971087554
60,0.008502678767069068,-0.012274714342421129,0.027582845663746802
61,0.009049614099912805,-0.012203300206683209,0.027573912964868344
62,0.009695548795367097,-0.012003035762229178,0.027532342878143087
63,0.010217686880112885,-0.011694758136244609,0.027458492912070573
64,0.010404865810932161,-0.011628884113714818,0.027383935831399753
65,0.010051540383671044,-0.01172762343580553,0.027339517221136464
66,0.009459135730321307,-0.011845986494651205,0.02732511524256971
67,0.008963450348396691,-0.01211981180466562,0.02732398487239003
68,0.00862748716478241,-0.012332328153158496,0.027325989086604066
69,0.008563541939995697,-0.012311045267295002,0.027312824709296704
70,0.008797993596938267,-0.012264363854441653,0.02727686073028933
71,0.009230874699438764,-0.012191881047076431,0.0272295160931042
72,0.009682416757779998,-0.012018073987122267,0.027177004466800936
73,0.01005647095663715,-0.011762329459755888,0.027121481689121887
74,0.010119834331659004,-0.011487195977209139,0.027049840391227556
75,0.009798040327251175,-0.011386920747387876,0.026969540176617443
76,0.00935076357761375,-0.011507081639031351,0.02689922907528146
77,0.008858829971971929,-0.011692064786516448,0.026822750750943328
78,0.008563707073760533,-0.011892967799034815,0.026734022237334676
79,0.00860629744874088,-0.012013201799167438,0.02665924537314744
80,0.010386137334379136,-0.011943829926182044,0.026624658577215632
81,0.013049731709238725,-0.011854938009575357,0.026612872023356673
82,0.012521241756057538,-0.011811660849034865,0.026597897883876787
83,0.010196472134635596,-0.011678808989956775,0.026578629753891705
84,0.009417329273603274,-0.011476759285885464,0.026554360735306717
85,0.009669548841624527,-0.011398079894126015,0.02652468219632377
86,0.009852862214541187,-0.011576322691845997,0.026489593146623122
87,0.009646211477976393,-0.011823257792207355,0.02644964542690266
88,0.010782480860377745,-0.011825885891820872,0.026405975145864444
89,0.012672068291775578,-0.011723218228184527,0.02636014677207639
90,0.011542032433655997,-0.011669838769283226,0.02630071525729903
91,0.008971964810591943,-0.01149447216908132,0.026236730836683805
92,0.008324069134636167,-0.011363852227827292,0.026186719824561056
93,0.009044108895036977,-0.01141102875132706,0.026145319105527906
94,0.009782368759530556,-0.011494875081000652,0.026108058504242165
95,0.010054765769717144,-0.011665666064580256,0.026058706897366335
96,0.009842254630265015,-0.011784010880147338,0.025990160506473098
97,0.009187680109911184,-0.011750419825586188,0.025914290287116185
98,0.008361612359697533,-0.0117021671362607,0.025838319283534028
99,0.0077928600787760954,-0.011562791346494898,0.025765810653138405
100,0.007779788317421994,-0.011364803156403501,0.025697925215078715
101,0.008182991955018284,-0.011242876049905232,0.025647751617565828
102,0.008610517663499882,-0.011270444481905187,0.02562044362371156
103,0.008945715174947737,-0.011378205277112717,0.025590500857989765
104,0.009270728438783047,-0.011351139169830625,0.025558853690376485
105,0.009505126220852724,-0.011343150568154006,0.0255403732710678
106,0.009438032953546064,-0.011540975366439138,0.025528598211838463
107,0.008982643218293142,-0.01165258603989918,0.025518768178016737
108,0.008422340327010606,-0.011575118407118636,0.025507151809859616
109,0.008092058003771982,-0.011491485451128686,0.02550394783087119
110,0.008053413878440684,-0.011354669388933172,0.0255126552818747
111,0.008328411055979243,-0.011196879982425821,0.025520268303831972
112,0.008762532817239092,-0.01121512772913029,0.025507445696285796
113,0.009107439314044893,-0.011329940706615312,0.025454454508484478
114,0.009206082323186395,-0.011375618643239528,0.025369797897978108
115,0.009003669426946498,-0.011453328798462753,0.025274982586145245
116,0.008684796344023558,-0.011561058760331477,0.025194460403787478
117,0.008476560955868951,-0.011509862160597926,0.025137453436677823
118,0.008342480685246574,-0.011295450531493681,0.025078187925898734
119,0.008110042661470609,-0.011123239576905995,0.025016159251397913
120,0.007909503620687514,-0.011170563377621859,0.024979173103584162
121,0.008007159001917742,-0.011304559302877291,0.024955192907080107
122,0.00830024090106982,-0.011256034225758937,0.024925590819942944
123,0.008545780080160872,-0.011096926855619069,0.024896168101277857
124,0.007035441771125323,-0.011091610220684663,0.024857327663470652
125,0.0046556730673695534,-0.01118711206181067,0.024816673733694547
126,0.005477548867755675,-0.011219514388656225,0.024801783398142097
127,0.0062300436524600974,-0.011289323246639865,0.024794765565981203
128,0.004521667378486232,-0.01139737524835412,0.024756764466692588
129,0.0032400184475819566,-0.011439723208312585,0.02469711688800129
130,0.0028549687993782128,-0.011448092568648996,0.024651590301478496
131,0.003079479003666932,-0.011373367129407848,0.024613957169254616
132,0.0033219720294009945,-0.011180660498935617,0.02455624300974353
133,0.00341217310958643,-0.01110570919589756,0.02448090205260571
134,0.001957289024006513,-0.011259662866092333,0.024404691001674972
135,-0.0002005932525269323,-0.011393420580834396,0.02434784323603288
136,-0.0009232246363295206,-0.011291742767901205,0.024328688554420108
137,-0.000934152031172435,-0.011090532331952476,0.024323288320585362
138,-0.000979264889590119,-0.011081457219221217,0.02428988841672826
139,-0.0012963205511513972,-0.011210574933228131,0.024224058095245804
140,-0.0016513756858600806,-0.011299163892790606,0.0241563917102586
141,-0.00185656165448286,-0.011262357298079263,0.024119178129983557
142,-0.0018893956026887829,-0.011169317229736561,0.02410124179597127
143,-0.0016967008615887819,-0.011224772886743485,0.024068376787562934
144,-0.0014047063498074837,-0.011253626469294366,0.024029716177308272
145,-0.0011037075503805699,-0.011048456186656567,0.02400233189977352
146,-0.0007476947638241464,-0.010892577183006624,0.023978498662833914
147,-0.0006118590174360641,-0.0108968697969474,0.023951638194371044
148,-0.0008416192169224453,-0.01089977714842126,0.02390477844444374
149,-0.0011422171838228815,-0.010891218333019658,0.023832007784648723
150,-0.001415819188404676,-0.010819297825472158,0.02374810455514885
151,-0.0016668990897654237,-0.010820033988265823,0.023664008071379167
152,-0.0018538294612792348,-0.011035087443237064,0.02359969650378979
153,-0.0019432592990755362,-0.011153064127380687,0.0235767210781348
154,-0.0018073657058244076,-0.010988309695743659,0.023574953339961083
155,-0.001479137531213117,-0.010854607920972488,0.023567586475325836
156,-0.0010953741415695162,-0.010948734245401163,0.023554151010905966
157,-0.000860519031503356,-0.011058125034769179,0.0235221590185326
158,-0.0010162690505004209,-0.01105291128890714,0.023466965628377565
159,-0.0013380103992011658,-0.01093066936554744,0.023401341524255687
160,-0.001589900406817146,-0.010724826254091418,0.02334535361584071
161,-0.0017957210757734692,-0.010692551067107002,0.023307358708578405
162,-0.0017995073323194555,-0.010844144564258064,0.02326288814744374
163,-0.0016780096791532816,-0.010940847136158088,0.023213435793999995
164,-0.0015329497542220308,-0.010938665387605191,0.023188300667848327
165,-0.0012929397917372026,-0.010872090189988297,0.02317580430565576
166,-0.0010561515760924914,-0.010782780703132568,0.023143446579730248
167,-0.0008551514779864787,-0.010620162439740424,0.023103352080249814
168,-0.0007842942658792323,-0.010533377383351413,0.02308872803741286
169,-0.0010201394149667907,-0.010691840760685363,0.023086090035973755
170,-0.0014838032952350392,-0.010889014017513767,0.023058162188560917
171,-0.0018688702741308637,-0.010979444018742342,0.02301266785878893
172,-0.0019204756163792146,-0.010927253372112214,0.02298147877543088
173,-0.0016585278466767807,-0.010820027927445228,0.02296706518074114
174,-0.0013359784754137186,-0.010781222501704442,0.022943852939522766
175,-0.0011903748955767821,-0.010762681819768017,0.022888481619643103
176,-0.00115591004092723,-0.010800696195260983,0.022807799915385833
177,-0.0011030970037912598,-0.010768734862168661,0.022722537230254213
178,-0.001170443067648426,-0.010617312893001541,0.022656185814805385
179,-0.0012828040649989717,-0.010613747942942647,0.022616204399940602
180,-0.0013504207370904188,-0.010650965181007561,0.022574253835988385
181,-0.0015561262922032222,-0.01053243263316423,0.02251389841642322
182,-0.0017166965312491334,-0.010423253774518644,0.022442128756610773
183,-0.0015985367175832162,-0.010508133375864724,0.02236589901416714
184,-0.0013774302173335425,-0.010656108325347025,0.022291834363663082
185,-0.0012878997540441434,-0.010594161869665858,0.022238433855103323
186,-0.0012675255284325072,-0.010397418805644761,0.02221427091023683
187,-0.0011055202898902694,-0.010262185741426812,0.022194205462740417
188,-0.0009116688851034506,-0.01019985412833923,0.022176602851106043
189,-0.0008789327506500237,-0.010265499329701298,0.02218517521471658
190,-0.0009807726189699694,-0.01048192854274193,0.022214714508681316
191,-0.0012150305709286522,-0.01059284646099632,0.02223258536233671
192,-0.0015490688782169443,-0.010464041325465086,0.02222288841005015
193,-0.0016921162146431804,-0.010326085995832703,0.022207759995464864
194,-0.0015896012969938856,-0.010386995937650752,0.02218768039283555
195,-0.0014555390850227064,-0.010600405544541,0.02213785015003153
196,-0.001342112909296059,-0.010648924028955915,0.022074830784418374
197,-0.001252066089592831,-0.010406520500340896,0.022021410154619087
198,-0.0011127776366994116,-0.010235039417734022,0.021960885251183067
199,-0.0010662381100543994,-0.010264884670801885,0.02188381142169704
200,-0.0012746893191391247,-0.01031707999173101,0.021799687296570378
201,-0.0014378589794390856,-0.010355180312626073,0.02172775481551291
202,-0.001443486225939216,-0.01038934413604456,0.021690775295120188
203,-0.0014522152810155422,-0.010502443569798302,0.02167190110377152
204,-0.0014693135529509228,-0.010637386904202028,0.021635637070955234
205,-0.001540136674103687,-0.010580038164766901,0.02159324665199934
206,-0.0015238346020670316,-0.010330503743929614,0.021565391990059267
207,-0.0012780544432582624,-0.010111197821260808,0.0215341178881052
208,-0.0011185235023812518,-0.01011716339039356,0.021501121400273958
209,-0.001239450431096762,-0.01031087659694287,0.02149129692811696
210,-0.0013374055359380802,-0.010384389799421977,0.021487040393591235
211,-0.001224303225227312,-0.010287071859172877,0.021451636370916682
212,-0.0011987901791078465,-0.010230350501759796,0.021383771047996505
213,-0.0013428872631125778,-0.010239352682955182,0.0213020573989479
214,-0.001446154438159748,-0.01027126128341348,0.021232952075975926
215,-0.0014619713291705288,-0.010207718992523589,0.021189594968979618
216,-0.0014144611974406,-0.010162444602682223,0.021149160527691883
217,-0.0014202526720206805,-0.010214014319825711,0.021098166737066743
218,-0.0014640283966455914,-0.010214145858295796,0.021042877414749667
219,-0.001449047910093061,-0.010250623836744337,0.02098627016195776
220,-0.0014293302336459224,-0.010241625075496183,0.02092943159221365
221,-0.0014541293110425179,-0.010138388109287393,0.020885976335813274
222,-0.0015249802666468977,-0.010184944850718788,0.020862119902630004
223,-0.0016120270692590068,-0.010333249947893263,0.020833731093486657
224,-0.001679102624096939,-0.010330889540997923,0.020803096229370113
225,-0.0016180069353506996,-0.010143071644017582,0.02078612801346006
226,-0.0013833948740022096,-0.010051512465926251,0.020763793903185508
227,-0.0012347444194404388,-0.010193578082866878,0.020725910308515054
228,-0.0013188242641011191,-0.010243365444252781,0.020680679908387033
229,-0.001417711747913727,-0.010027922299139704,0.02064465452534761
230,-0.0014150502616539634,-0.009882329518648324,0.020623851047732435
231,-0.0013167568215385747,-0.009928729543114183,0.02060579233786332
232,-0.0012350908549381024,-0.009904030262813054,0.020584271552765196
233,-0.0013707819663095252,-0.009816555987516275,0.020545350079887975
234,-0.0015171907563349303,-0.009799599412341885,0.020486051931115974
235,-0.0014252825315354146,-0.009903114505959574,0.020435034592078807
236,-0.0013410529637306896,-0.010112788245165774,0.02040653993865206
237,-0.0013541799679547542,-0.010244563173239168,0.02037765468395924
238,-0.0013048388738726045,-0.010224957057191397,0.020334124247824194
239,-0.0012066753807713393,-0.010157529908566887,0.02029464470368557
240,-0.0010446932981639755,-0.010036633470413687,0.020280845668094204
241,-0.0009913908360120616,-0.009922725096026718,0.020275014598355075
242,-0.0012111798307986926,-0.010001858923420908,0.02025506942787269
243,-0.0014760224105646643,-0.010167096260012998,0.02023964683068051
244,-0.0015348712873673297,-0.010232009643533505,0.020227339499005244
245,-0.0014638258809898524,-0.010210992588994588,0.020191801755281097
246,-0.00150670910813735,-0.010157240022579922,0.020134357021525502
247,-0.0015940693469056661,-0.010021136065899348,0.020069394663613425
248,-0.0014854039813044743,-0.009778674533508263,0.020002279967913157
249,-0.001270135460669697,-0.009600457365093448,0.01994613838544796
250,-0.0012317754925630928,-0.009569315825417719,0.019905072853746417
251,-0.0012507985111708483,-0.009595858235913409,0.019853981072441934
252,-0.001128602384791566,-0.009693655836272737,0.019783693439298852
253,-0.0010352093875425437,-0.009883906688828083,0.01972194499399016
254,-0.001155703179183597,-0.01001113274616796,0.01969887356535366
255,-0.001350762542012442,-0.009924616772574113,0.019713998017215913
0,-0.0014159311030505183,-0.0096813595593611,0.019735480933084568
1,-0.0013686162089831034,-0.009511209242559136,0.0197435810949809
2,-0.0011950146213615608,-0.00950281732823614,0.019739923225715383
3,-0.000990761250034519,-0.009632601553611283,0.019724127863035013
4,-0.0009045962670637137,-0.009855994877368313,0.019695415639621475
5,-0.0009098798491397621,-0.00998824329472708,0.01964113702567704
6,-0.0010396197813707121,-0.009879895291203186,0.019571597674889023
7,-0.0013016689268581243,-0.00968401376130203,0.019509209622012122
8,-0.001430153655912595,-0.009683725017849636,0.019441021694229697
9,-0.0012898544032797351,-0.009732459668730188,0.019362575228863532
10,-0.0012027412594502237,-0.009610115537812679,0.01929983398155144
11,-0.001265798177213743,-0.009564417959214453,0.019264285537765713
12,-0.0012909346708840246,-0.009746423195220812,0.0192441205268081
13,-0.0013401541169111727,-0.009833051428356544,0.01922958371128032
14,-0.0014113094156996896,-0.009640205218554604,0.019213910200397734
15,-0.0014194342624062174,-0.009492628988358617,0.0191936408243078
16,-0.0014151237596032422,-0.009594952806231839,0.01915511217306897
17,-0.0014394835061868564,-0.009732745692315258,0.019094261099693963
18,-0.0014912085942736944,-0.009682845860747073,0.01902546719466714
19,-0.0015458448472361703,-0.00947254783622906,0.018957291828411778
20,-0.001496123543548179,-0.009408213965350794,0.018893348855950655
21,-0.0012909953196191806,-0.009614609085692786,0.01883393051612666
22,-0.001179673599507403,-0.0097363644095553,0.01879098825097146
23,-0.001296636309030706,-0.00957152311821257,0.018782034886449618
24,-0.0013307841978925671,-0.009354805122092396,0.018800160563175315
25,-0.0012045553882779104,-0.009250880707903426,0.01881404728260494
26,-0.0012105734614904196,-0.009212999212282195,0.01880977527653143
27,-0.0013418580679639023,-0.009189826987685907,0.01880992398071986
28,-0.0014414509799429726,-0.00917181113812783,0.018812699525512407
29,-0.001504815609188589,-0.009249802648739529,0.01880165407792457
30,-0.0032795268610924235,-0.00946496709583744,0.018779878278357164
31,-0.005828185885889026,-0.00964490718417662,0.018747568723274224
32,-0.0047957327992332365,-0.009694361541980709,0.018704368739502486
33,-0.00196142607016344,-0.009686057257708373,0.018638265187643617
34,-0.0009564492727587096,-0.009673639021656341,0.018560378993833372
35,-0.0012331950763282123,-0.00958268784439397,0.01849379007783168
36,-0.001645345692192525,-0.009366369302198564,0.018438776116482723
37,-0.0017043972447660692,-0.009185072630527095,0.018408747238198485
38,-0.0014490049412898918,-0.00920720712413372,0.01839513318924884
39,-0.001083765851864843,-0.009311789735119876,0.018364363124884153
40,-0.0008721894722459184,-0.009326344427599297,0.018312157077540983
41,-0.0008765715875799886,-0.009369198391629169,0.018263073535855004
42,-0.0010033630031219074,-0.009375793033928381,0.018240876329780435
43,-0.0012437609732371437,-0.00921157748006958,0.018227470851619673
44,-0.0014608579844142718,-0.009154316267325584,0.018186323455324394
45,-0.0015127021351780297,-0.009351136871515151,0.018116586737991804
46,-0.001549442988462853,-0.009465660216530235,0.018037079901485967
47,-0.003216961401664339,-0.009301035773189133,0.017960668822782133
48,-0.005370494012928235,-0.009172109134678558,0.01789378124981402
49,-0.004062934808239933,-0.009195322847995673,0.0178503315292199
50,-0.0012980336130095156,-0.009200461353905811,0.01783284425869045
51,-0.0005216981642937428,-0.009255017268177082,0.017811683709255413
52,-0.0009749401731345541,-0.009267978451283805,0.017771183272075407
53,-0.0014221400659560086,-0.00910281918917603,0.017719520001803053
54,-0.0015685482104293713,-0.008960215523197097,0.01766400711191484
55,-0.001575626050712869,-0.009035359244405551,0.01761028241451342
56,-0.0015247661956261753,-0.009195569297655179,0.01756166360605503
57,-0.0013303626162966143,-0.009160668498581773,0.017532086671693106
58,-0.0010336102606157069,-0.009077917242245923,0.017525756987759246
59,-0.0008392783624307631,-0.009170475812965505,0.017514891046518148
60,-0.0008703122344036751,-0.009276205977851223,0.017484782762674435
61,-0.0011133829679098664,-0.009282392794900639,0.017456414085038147
62,-0.0014592353962095614,-0.00917917547278728,0.017441272356243764
63,-0.001766081238445084,-0.00898727167461335,0.017418086749893827
64,-0.0019176062189060414,-0.008873718734473592,0.017376918492801964
65,-0.0018635122894567879,-0.00897535606268219,0.01732804133846312
66,-0.001633731757361874,-0.0091350105803772,0.0172906520632884
67,-0.0012405185389180512,-0.00915862337928243,0.017272677846345896
68,-0.0007666486915935264,-0.009080973912771156,0.017248842957419387
69,-0.00047710834083785226,-0.008981306399047609,0.017206088368561884
70,-0.0005791008324730999,-0.008910616869954532,0.017153355424838396
71,-0.000997940542087409,-0.008805418206658172,0.01709736254790447
72,-0.002990881865314275,-0.008790174424162252,0.017042614299098778
73,-0.005517647942506839,-0.00900675062954948,0.01699157614885189
74,-0.004736084209603802,-0.00922731556729708,0.016958127527988455
75,-0.0021728072990864176,-0.009216377669075272,0.01694726661798064
76,-0.0009923927540421828,-0.009073677948075919,0.016945602313727784
77,-0.0009347536026250002,-0.008984187418705485,0.016945065147441193
78,-0.002786163010747862,-0.008938192402941803,0.016928690593107427
79,-0.007003956957213094,-0.008981856161804854,0.016903023148480974
80,-0.010192138616965718,-0.009064208860983393,0.016885946316247707
81,-0.008808226357296256,-0.008994070033067045,0.0168592227634365
82,-0.005892139717146496,-0.008780829654832387,0.016826503852359932
83,-0.007150427956409095,-0.008715964349846783,0.016802779205604343
84,-0.010485462604727588,-0.008839089870234074,0.016768127512492376
85,-0.011970277703804301,-0.008924063080302375,0.01672622515638343
86,-0.01206574619541887,-0.009011270884895645,0.016706650854908724
87,-0.01167774717802924,-0.009086915719149397,0.01671016236097457
88,-0.011385013929765809,-0.008982000396341984,0.016722242545425335
89,-0.011037911599833385,-0.008801142839179581,0.01672224479870999
90,-0.010379643868281337,-0.00880632252890599,0.016688509153786994
91,-0.010058965498865285,-0.008933401355750825,0.016626710298425745
92,-0.010452820211291392,-0.009005826132241077,0.016554967249591393
93,-0.011056092864581955,-0.009028164988767882,0.01649455722182136
94,-0.011468044177936898,-0.009033586270566909,0.01645258799653041
95,-0.011528976759011107,-0.008949517282233775,0.016402788372821137
96,-0.011198064132110115,-0.008733429334358049,0.016332689538844883
97,-0.01080557126476172,-0.008630425240923254,0.0162669322251626
98,-0.010699473553320727,-0.008766289108647428,0.01623456204897146
99,-0.010853441512068965,-0.00881953033339463,0.01622356747220078
100,-0.0109145891946004,-0.008620255398774462,0.016200337327416436
101,-0.00905912376577337,-0.008416608263924118,0.016174807325971603
102,-0.006298185516748798,-0.00844827634377672,0.01617716822563322
103,-0.007114028167658961,-0.008684051886689435,0.016190786024238818
104,-0.009970748779801992,-0.00879753458454081,0.01618906290364419
105,-0.011169447878710461,-0.008636526221945464,0.016170981642768298
106,-0.011028189704582001,-0.008449508698829857,0.016138026742982772
107,-0.010574873423360377,-0.008387749626889537,0.016107415483458877
108,-0.010478793688067319,-0.008384597369516737,0.016077337107357488
109,-0.01053724735819938,-0.008457142272533635,0.016022974668445662
110,-0.010498425523121621,-0.008547381549433155,0.015948828310350487
111,-0.010742877729052316,-0.008548923469065873,0.015886036500540032
112,-0.010956017304032332,-0.008515545539226715,0.01584801152293061
113,-0.010868057581137455,-0.008417854808131058,0.015809776068458813
114,-0.010901451772736739,-0.008311640830414725,0.01575558185818237
115,-0.01099625922237693,-0.008302998374290303,0.015691110783511
116,-0.010905652795860588,-0.008416764956797024,0.015621166352856458
117,-0.010574664551192933,-0.008548705248805202,0.015563710624720527
118,-0.010235900551052685,-0.00847831307011886,0.015529041749069265
119,-0.010185728976204955,-0.008299726225864713,0.01550895775666171
120,-0.01015666326343248,-0.008282746204186228,0.015512059627142812
121,-0.010243254442745,-0.008458579598703928,0.015527687940054734
122,-0.010665189990075846,-0.008537217068082466,0.015521844576771415
123,-0.010817124282943569,-0.008376081714578213,0.01550364562461265
124,-0.010376716992016973,-0.008300099064110836,0.015490299277585537
125,-0.009858059957379532,-0.008401973239677393,0.015461633439182158
126,-0.009781009275721973,-0.008477499219006708,0.015406976793970774
127,-0.010138489747106003,-0.008484757386984197,0.015336665800064826
128,-0.010323469486374658,-0.008366201108609465,0.01525917774085566
129,-0.010046957194121152,-0.008277647057827818,0.0151817362504892
130,-0.009785029417730372,-0.008313565912933873,0.015110251248749929
131,-0.00979313699493136,-0.008243692313749159,0.015048820787193821
132,-0.008236425444090763,-0.00810987734180249,0.015012314965416121
133,-0.00583745604145065,-0.008147142841695224,0.015005424820105903
134,-0.006622629418853797,-0.008285749192706277,0.015012987334854032
135,-0.009158239789688067,-0.008351115114402691,0.015024081775177951
136,-0.010266551171887866,-0.00835345532744618,0.01501860163784767
137,-0.010183555330091045,-0.008252173722720111,0.01498744364784553
138,-0.008105249629941243,-0.008193663224827837,0.014954925306546261
139,-0.005582744162380339,-0.008338880914913381,0.014933999175742445
140,-0.006753509631788494,-0.008401635660382229,0.014916892546544554
141,-0.00972596505490158,-0.008299483424096667,0.01489929497293347
142,-0.010975199457297306,-0.008308993167245274,0.014866692541997469
143,-0.010621059465228098,-0.008332368514868946,0.014814094920532372
144,-0.009745894869530404,-0.008262473322186034,0.01476800251449862
145,-0.009307062336576376,-0.008313358416046687,0.014741437078319979
146,-0.009458697535535084,-0.008437448115163865,0.014724830425483067
147,-0.009779825474985286,-0.008397248524337111,0.014710900611254137
148,-0.009864765044192828,-0.008257710516596014,0.014681953038015366
149,-0.009727153108761592,-0.008186813172343769,0.014643693006152918
150,-0.00987310345655626,-0.008169068418310513,0.014627094669628839
151,-0.010278438511534906,-0.00816114051936746,0.014620417911658294
152,-0.010263352175793793,-0.008063913188082666,0.014590541629262765
153,-0.010009256287364744,-0.007925175742966376,0.014549493432832863
154,-0.009808308467647527,-0.007872517756546599,0.014518390872744924
155,-0.007790761190301903,-0.007953585080741399,0.014480381922073376
156,-0.005017756521970961,-0.008159549491589799,0.014426102383951617
157,-0.005893361378820312,-0.00830938705834031,0.014364517212841245
158,-0.008882454650796328,-0.008324216692593544,0.014300409120727865
159,-0.010161293935818248,-0.008212766013596596,0.014236214067046803
160,-0.008165304215174314,-0.008082358944634258,0.014173585987953617
161,-0.005184337727893413,-0.008059654771457567,0.014127419685920184
162,-0.004379764436823003,-0.008087457201302679,0.014118331358211465
163,-0.0032037635338224846,-0.008101499538354096,0.014141350444023405
164,-0.0011948575926946058,-0.008080717531325197,0.014165184985048526
165,-0.0018791791533655138,-0.0081168783273914,0.01416096316130249
166,-0.005456432584560494,-0.008184952137626326,0.014129756915107691
167,-0.0066255683911783225,-0.00818231235602223,0.014099923604855971
168,-0.0029400722932084056,-0.00815802302541908,0.014083242153661774
169,-0.0009273537835605087,-0.008077167467288905,0.014054799832555247
170,-0.00433731800872016,-0.007906985714561065,0.014013936601131823
171,-0.0068036125230203776,-0.007791453289825275,0.013975329032442425
172,-0.004338725438499176,-0.0077882640285403745,0.013922633430306516
173,-0.0013244661418199064,-0.007797953814726942,0.013852218148539291
174,-0.0004904167135162396,-0.007842510824801596,0.01379376466656184
175,-0.0020649261894329727,-0.007965285301587032,0.013763312087149121
176,-0.005658917288917384,-0.0080372647404236,0.013739274973155156
177,-0.006462940661363877,-0.00801070675994488,0.013707252337273192
178,-0.002481306089983709,-0.00798774994505087,0.013670867024189522
179,0.0011637615449312522,-0.008024994150444283,0.013629872919370463
180,0.0014662475860681562,-0.008108858929779018,0.013582911748222244
181,0.00010047556804942959,-0.008193998245083527,0.013529857620145885
182,-0.0009992219552842838,-0.008238652303652207,0.013472986414397474
183,-0.0011472385633326289,-0.00822240581966167,0.013416705657870238
184,-0.0005822896393513667,-0.008068005677423332,0.013379249578071364
185,0.000291732939640528,-0.007845936261343844,0.013370026386925582
186,0.0011066215369833696,-0.007712513488960789,0.01337802763076855
187,0.0016332026311124265,-0.007661469512329461,0.0134075697985424
188,0.0017822373568490632,-0.0077455243975467596,0.013443533942253387
189,0.001382462478797846,-0.007820144240139944,0.013448835195133624
190,0.0006556111498501205,-0.007711116777984164,0.013418887932171171
191,-0.000058631791536284394,-0.007600011605248695,0.013380723734974634
192,-0.0006938396526243226,-0.007675156362110282,0.013349202971877534
193,-0.0009953660226640331,-0.007807085263942765,0.013305342632314657
194,-0.000762627813024646,-0.007727864874098964,0.013241614055672923
195,-0.0001451756302885722,-0.007602220808161558,0.013184410150008957
196,0.0006467943175085793,-0.0076696328036548606,0.013161674628480391
197,0.001366978841315489,-0.0076945307806594206,0.013158693925242139
198,0.0016693634813640446,-0.0076071802149682705,0.01313918820313486
199,0.00144269742683678,-0.007672107293244541,0.01311184498096641
200,0.0008097532606145931,-0.007766995731983067,0.01309456610628447
201,0.000008987013740721465,-0.007757294914854995,0.013081023098395587
202,-0.00047863258963026984,-0.00775314828017298,0.013078936287106338
203,-0.00039767781913159104,-0.007742975697272961,0.013090312599030304
204,0.000011238589749677699,-0.007699332964333238,0.013101895087444228
205,0.0004955868845531882,-0.007624049667538012,0.01309502651666522
206,0.0009496417374620075,-0.007625224611219988,0.01306406135080547
207,0.0011821861717556915,-0.007687831610914499,0.01302353043902816
208,0.0011424277326318444,-0.007709295140452967,0.012982383713619185
209,0.0010131246086556417,-0.00772796548855258,0.012943915576618989
210,0.0007881945697546418,-0.007773990974688574,0.012907166908964637
211,0.00036067875695548453,-0.007835567494849597,0.012869213865846885
212,-0.000052125971673885104,-0.007799202711815095,0.012814403676737432
213,-0.0000985680616220029,-0.0076026653822674,0.012736768656295791
214,0.00017249379480933176,-0.007405626372883004,0.012663675227738681
215,0.0005212717837486014,-0.007303907822893554,0.01261115940137579
216,0.0008425188769862696,-0.007320653703247925,0.012573877364167735
217,0.0010598308805117866,-0.007460869510134596,0.012548353406278148
218,0.0010329043866770353,-0.007571336778840653,0.012518708606025837
219,0.0007975538340496803,-0.007590182234472515,0.012476499518172784
220,0.0005274851154687789,-0.007523408523205873,0.012430443906099063
221,0.00019672944698989267,-0.007459396994165021,0.012396692180151707
222,-0.00001723748495158304,-0.00758145087935597,0.012380344757001074
223,0.000009606084841912686,-0.00768309807452678,0.012354799089399973
224,0.00013089481221120053,-0.007530517885686153,0.012307637522922014
225,0.0003838437762108387,-0.007391562045867391,0.01226312287533099
226,0.0006030895648350149,-0.007374894971651218,0.012249299067645082
227,0.0005757639110497304,-0.007246832371361957,0.012265980760701546
228,0.0004598279716567285,-0.007060468304102053,0.01229715913508505
229,0.00037311591122918177,-0.006987299440990601,0.012319621092146738
230,0.0002728406449158411,-0.007013550536926854,0.01230829133404654
231,0.0001454249717192345,-0.007164229008735746,0.012278506274865889
232,0.000028507580453085435,-0.0073505665143526605,0.012264474059601571
233,-0.00003227576999965953,-0.007426017564665367,0.012253675667399246
234,-0.00001742993673267343,-0.007499217937341783,0.01221125626575617
235,0.0001416411365130826,-0.007573022936930577,0.01213602128776764
236,0.0004469994335541301,-0.0074711582543770146,0.012046411963016656
237,0.0006934840590117029,-0.007208134774983013,0.01196939790495993
238,0.0023361956483534986,-0.00708866134907854,0.01191958219196797
239,0.004604700871964545,-0.007253697336267968,0.011876144774090915
240,0.003711393096301351,-0.007364812387105794,0.011840464338078463
241,0.0011713765212108297,-0.0073072231475745965,0.011824948021921734
242,0.00019947105760709238,-0.007343806800030588,0.011806385102337988
243,0.0021676835753976186,-0.0073725660021347235,0.011771417380635259
244,0.005088589614674573,-0.007205862154147119,0.011740167512860014
245,0.0042106015165014055,-0.007109646030104239,0.011722384817487129
246,0.0012831386666453427,-0.007250137959130817,0.01169543096613906
247,-0.0000022376232010797026,-0.007400058285217191,0.011649182483919933
248,0.00001180319481171744,-0.007419547228807409,0.011595078892300655
249,0.0004081335929919886,-0.007381427142222782,0.011541252735403396
250,0.0006105631017519937,-0.007273844810571386,0.011492244721356449
251,0.000529827075811699,-0.007076380038685697,0.011462468775315062
252,0.00042195467581665827,-0.007023295910194925,0.011456341409941645
253,0.0002744034958056434,-0.007134026554766686,0.011446308280939434
254,0.00011861228178356754,-0.007108875376335994,0.011417966098304571
255,0.000059434372132285626,-0.006967066596609076,0.011379449270546238
0,0.00005817148951817348,-0.0069546620033615995,0.011349989990081192
1,0.00015621599700286343,-0.0071096859092725125,0.011338994112303907
2,0.0003794194672988079,-0.007239635539365987,0.011336179336386792
3,0.0005637245331572022,-0.007171171368136768,0.011348344807757715
4,0.0006252008522625247,-0.006953366042316805,0.011377701369790771
5,0.0022888537530897247,-0.006892553260779168,0.011410691588018728
6,0.006279049758766489,-0.0070251098196246475,0.011426996302049512
7,0.009336205609697244,-0.007035677247191681,0.011404918212300191
8,0.008345938146125482,-0.006923050751358326,0.011350176721530277
9,0.005704648029038351,-0.006920832114262306,0.011281408441922911
10,0.006450062601569179,-0.007064835438386031,0.01120792705832134
11,0.007681219664591652,-0.007168737339125226,0.011133041644226394
12,0.0067980785887769915,-0.007152682353173942,0.011070787499477399
13,0.0061832574737599386,-0.0071152070265424715,0.011041056236904618
14,0.00422679567732492,-0.007122965166916066,0.01102689387019215
15,0.0013973039093643919,-0.0071758569516007335,0.010994885181253383
16,0.0016531468009512492,-0.007158153846580247,0.01094613701557742
17,0.005316710976348711,-0.006997757714253778,0.0109112989138338
18,0.008420951550303642,-0.006840290947527774,0.010903825657582949
19,0.009032382704576939,-0.005201152523853055,0.01091077924102556
20,0.008929524254169242,-0.002939549694723702,0.010932307201208316
21,0.009370161375308252,-0.003915922710970309,0.010963655963753077
22,0.01017838929073124,-0.0047657589738359955,0.010974177273363986
23,0.010784445315803984,-0.003083511437871164,0.01093888720980803
24,0.01110515294865995,-0.0034732313252142308,0.010879877826706085
25,0.011149474191107248,-0.00559671782402728,0.01084143804614696
26,0.010667624307026738,-0.006665876736124464,0.010820059772096154
27,0.009790223544469512,-0.006859400640724624,0.01079821638404781
28,0.009006956814175147,-0.0067917186963956724,0.010791012574695853
29,0.008605804631505457,-0.006773286208548366,0.010802204170338819
30,0.008682056435681327,-0.0069925224920035466,0.010816072660176337
31,0.009079834491802826,-0.007385081271198583,0.01082283344494504
32,0.009639206393876915,-0.007579450098380194,0.010805694648589534
33,0.010217335886241137,-0.005774782883386179,0.010760505458933665
34,0.010630630127659482,-0.003018237000342731,0.010703716959997923
35,0.010677766802478617,-0.003568726831277088,0.010633660272840885
36,0.010267563990518699,-0.004264435140642757,0.010550822412936048
37,0.009700680447667892,-0.0026418367673805825,0.01048171680571863
38,0.009222129731829981,-0.0032925589845989086,0.010449703209485225
39,0.008934655927812299,-0.005670236160778684,0.010447740863769508
40,0.008889213635365191,-0.0066728792012796904,0.010455038863191345
41,0.009047511658702132,-0.006667762916183262,0.01044811579443325
42,0.009428016152673736,-0.006656154330841841,0.0104193224174658
43,0.009896812046802247,-0.006849490752816129,0.010383216306467692
44,0.010261429383055992,-0.0070111193681273234,0.010336428944774451
45,0.010324996816615133,-0.0070376582025952865,0.010290282050634321
46,0.009910649411565442,-0.006932927908530662,0.010273901047769436
47,0.009255586247355157,-0.006834811473830705,0.010269377800657748
48,0.008810451288582308,-0.006770392370215313,0.01025011913636703
49,0.00875760129260137,-0.006601429312273614,0.010216789295669184
50,0.008958514387444202,-0.004800927061168803,0.010160482777152764
51,0.009193052173424102,-0.0024270439934866647,0.010095482642302128
52,0.009383737754276311,-0.0034791034919806584,0.01005954510089467
53,0.009597328714702813,-0.006276045050878681,0.010044501837361604
54,0.009868180368473398,-0.007278969377630434,0.010030114692102379
55,0.010066556575627696,-0.0068819168103822145,0.010017260146321288
56,0.00989517733459239,-0.006399794263901179,0.009991004578471904
57,0.009405974781469786,-0.00465058648637243,0.00995579433901797
58,0.009042587858639262,-0.0023967617078204766,0.009926500071611968
59,0.008924423161570185,-0.0035731506834560597,0.009896651564286065
60,0.008883720739944048,-0.006417483898698815,0.009863748484349021
61,0.008877930707515875,-0.007496982364043812,0.00981590183194191
62,0.00910399776309884,-0.00724341665487049,0.00975110729999907
63,0.009490957784696066,-0.00662384371944408,0.009685225529913057
64,0.009719828545812086,-0.006111143004993467,0.009640082190459393
65,0.009704258944194428,-0.005932433104711636,0.00963638997513631
66,0.009492382405658334,-0.006075018860397102,0.009664850456642199
67,0.00918704851833391,-0.0063415356671618975,0.009688816842283263
68,0.008819424093897774,-0.006652866199581411,0.009689281924922761
69,0.008608929542596028,-0.006876446319550349,0.009673413019046666
70,0.008759380433823204,-0.006783419131211572,0.009635510224112864
71,0.008971494974660266,-0.006483292144726684,0.009576107458298951
72,0.009015115357226253,-0.00629280709586532,0.009510991982064048
73,0.009039153719249009,-0.0062273160396771575,0.009460981456264048
74,0.009114587855839924,-0.006101756771510997,0.00943334533749365
75,0.009132372032856974,-0.006088975234936872,0.009414645808225947
76,0.00902936228739288,-0.006375179783240606,0.00939661157207794
77,0.008915700551157323,-0.006718766121073867,0.009363242638073276
78,0.008823724247320131,-0.006833314900902231,0.00931029158291399
79,0.008708970610319642,-0.006766622836852372,0.009253087589189038
80,0.008736188423541617,-0.006757975158098766,0.009201012934689026
81,0.008825826091148105,-0.006675381897035341,0.009170489504173329
82,0.008878707262837914,-0.0063568085456520065,0.00917858677754236
83,0.009072079518109392,-0.006127794594803454,0.009214433983712605
84,0.009221249862684126,-0.006125774504030698,0.00924170998560438
85,0.009176127863176373,-0.006107138929199844,0.009243023274795654
86,0.009069796052303385,-0.0060802869416448566,0.009227594361245699
87,0.008934325726850479,-0.006237334048313996,0.009191382656491776
88,0.008787614680070315,-0.0064651065495783325,0.009148742056067354
89,0.008580147184245747,-0.006558208220866009,0.009120519967644
90,0.00839003229749049,-0.006519760731781638,0.009087798971506664
91,0.008352483211062136,-0.006410557618099517,0.009038574091445699
92,0.008418337770306372,-0.006369439550104425,0.008979817069724966
93,0.008511189163463868,-0.006312003412669694,0.008915777544886039
94,0.008663822524895573,-0.0061068946601683695,0.008849964998714144
95,0.007242898690505484,-0.006046575426556067,0.008799306658516533
96,0.004969742603370037,-0.006281831144877018,0.00877333025135519
97,0.005832132312731997,-0.006461804698987491,0.008750132195436529
98,0.008281876119380499,-0.006363959605077064,0.00873234169636504
99,0.009070329110366003,-0.006195822216403111,0.008734156866811338
100,0.008644971025476891,-0.006186766622454976,0.00873331569340595
101,0.006460309590859669,-0.006244032593775449,0.008715958908495976
102,0.004055298376683029,-0.0061265573769985725,0.008687376070389278
103,0.003710796377411573,-0.006011127475699294,0.008662884107543935
104,0.0026407438213285027,-0.00613113719316731,0.008662363626057368
105,0.0005688674933477696,-0.006311630759685129,0.00868112675760076
106,-0.0004517196135129624,-0.0064094555517733125,0.008703672741870571
107,-0.0007981225047907804,-0.006461604245820471,0.00872483867576817
108,-0.001017135516920795,-0.006500088907268782,0.008745288854796182
109,-0.0014842785684369766,-0.006519124254678231,0.008753808106815156
110,-0.0021041640503472042,-0.0065038418356548056,0.008744793582209791
111,-0.002399503949328533,-0.006371132270309356,0.008727156083075682
112,-0.0020827038865131545,-0.006181856101022742,0.008702102184263493
113,-0.0013064938722870418,-0.006080681404463519,0.008666973867026175
114,-0.000528414562606775,-0.005967493265708043,0.008619470822961661
115,-0.00007712492344172893,-0.005849633523767571,0.008560689671445677
116,-0.0000066208570442087555,-0.005829706594481206,0.008496006718675744
117,-0.00034662353438339594,-0.005943578441493373,0.00843371684808061
118,-0.000931177397819765,-0.00609148540977885,0.008369074649850927
119,-0.0014664601663758846,-0.006047735150093032,0.008302016257580116
120,-0.001895190800336944,-0.00589666710865871,0.008245239185497206
121,-0.0020164184798547244,-0.005899080408622234,0.008214018316963837
122,-0.001665733416593495,-0.0060811598388811824,0.008221820641673871
123,-0.001124634340277146,-0.006235224655499937,0.008254094775020263
124,-0.0006645579736903216,-0.006260674540068876,0.008272672872329905
125,-0.00036930104237988155,-0.0062412930998245915,0.008247877050002756
126,-0.00036358445271449796,-0.006155843793326232,0.00819969688355886
127,-0.0006108091682275598,-0.004405203579128863,0.008172107087932402
128,-0.0008548554527348651,-0.002063068328492323,0.008162041702134675
129,-0.0010694214355885176,-0.003007698803709007,0.008139155679031347
130,-0.0012957436322563092,-0.005460169845009643,0.008099628725699169
131,-0.00149777417085388,-0.006323844272317396,0.008066132792012279
132,-0.001550016566464656,-0.006003343625078964,0.008046225018954425
133,-0.0012703973160238836,-0.005477307442988069,0.00801348675733796
134,-0.000838080907929134,-0.005442032070053537,0.007955323784291743
135,-0.0005374835954393186,-0.005826825627011048,0.007896819113379888
136,-0.00043382442486582283,-0.0062758211872494425,0.007855137137072591
137,-0.0005068480356290395,-0.006613053568048841,0.007814664080671278
138,-0.0007849884609282473,-0.006671582843369855,0.007782299178902229
139,-0.0012290859881982068,-0.006386944601276232,0.007787333763469007
140,-0.0015889656892044118,-0.006045983858307359,0.00781289150881576
141,-0.0017150606619093667,-0.005870232240071188,0.007831410909970665
142,-0.001665370088325185,-0.005657093980619062,0.007852574847600907
143,-0.0015210805277046085,-0.005417255126773534,0.00787959315124151
144,-0.0013473203346587494,-0.005477391783454128,0.007886992077685149
145,-0.001116821042640553,-0.005799199989266812,0.007864862495472382
146,-0.0024833749193646903,-0.006143954918871163,0.007826847957654828
147,-0.006389986978392426,-0.006326138662390703,0.007770920423009045
148,-0.008040183618470134,-0.006329788159720271,0.007698770542911883
149,-0.006673973284999058,-0.006245685594778318,0.007625544717696581
150,-0.007633236496564187,-0.006056857538346288,0.0075574519899155625
151,-0.010235367330442516,-0.005873876542579058,0.007507969004077814
152,-0.011661979071363057,-0.0057400597517773735,0.007231344148803182
153,-0.012061392023310434,-0.005629543026306975,0.006596980529791848
154,-0.011775270044452571,-0.005548908457404914,0.0060754648647015075
155,-0.011302045195046163,-0.005492555094638186,0.005925487860432302
156,-0.011009306860148001,-0.005652435616001591,0.0059847223100581316
157,-0.010836020358807971,-0.005966219995056473,0.006117502682919867
158,-0.010709967249661837,-0.004407231838925992,0.0062566257356745075
159,-0.010473268641073282,-0.00027873796871622294,0.006397087882217361
160,-0.01041010959025205,0.0029037539008511318,0.006563292098274647
161,-0.010838408107624303,0.00203283194848646,0.00678161966878758
162,-0.011148345585225893,-0.0003317832900822486,0.006775531394701231
163,-0.010947176002526975,0.000700016634001533,0.006379958151952577
164,-0.010652103764006743,0.0020075168988692854,0.006042568587966361
165,-0.010695854025672975,0.0010080576752337124,0.005985622028184846
166,-0.010859719882449534,0.00018092492214361391,0.006043684811996901
167,-0.010636273671388523,-0.001984632046277411,0.0061347807399543645
168,-0.01020661394723606,-0.004860680234217886,0.0062269744299858765
169,-0.009974802084776729,-0.004491396512607326,0.00606570938706485
170,-0.010114469735416211,-0.000759000183350695,0.005576571024648595
171,-0.01061186769524916,0.002491333890391894,0.005280084718265672
172,-0.010898802842468254,0.0033795056591616884,0.005410806745258262
173,-0.010681280580999361,0.0033045527636118358,0.005752699478640828
174,-0.010413770596818334,0.003471448220391714,0.006127475803424667
175,-0.010349899982691785,0.002441816798453268,0.006432176739491997
176,-0.01049492146123849,0.0006675334005030939,0.006614748801663479
177,-0.010799275085590011,0.0002441747357858279,0.0066627630208703804
178,-0.010938023298637991,-0.0014047881199936683,0.006646224567854953
179,-0.010820330195481752,-0.00438444276172428,0.006650672431794093
180,-0.010687484731826825,-0.0061088062387909675,0.006715639410392219
181,-0.010693269407276145,-0.006699967221043754,0.006843832377054
182,-0.010839328179169647,-0.006854155472219403,0.0070026263518565
183,-0.010879053625933492,-0.006872778536503102,0.0071397542608619795
184,-0.010640109627966396,-0.006681500924153913,0.007192892173175699
185,-0.010382092339749467,-0.0061399341305438376,0.007143977602761177
186,-0.010245334524600757,-0.0053964367527525245,0.007018844170729996
187,-0.010087248767480541,-0.0047484447837574505,0.006850735677572484
188,-0.010019280967868843,-0.004422301052572285,0.006690033232059012
189,-0.010184733116764579,-0.004619221254191435,0.00658402540707171
190,-0.01035225823266558,-0.005258945274693831,0.006558819990906198
191,-0.010249596499596725,-0.005985988173888165,0.006610184401240685
192,-0.01012512322995994,-0.006552996659727944,0.006719455767067423
193,-0.010272876107248481,-0.00673714513741526,0.006832723757952266
194,-0.0105365497622915,-0.00641831115725231,0.006876292031090279
195,-0.010707082680930888,-0.0058703649191217434,0.006826360767295179
196,-0.010683977852646097,-0.00525267243201394,0.006702102072798921
197,-0.010480329607596397,-0.004656717025517051,0.006539579107803891
198,-0.010016339539620833,-0.0045090051405296695,0.0063950929806521895
199,-0.009493078921351188,-0.004974748258183628,0.006324265091172218
200,-0.009414428925413967,-0.005685041248775426,0.006326738118228613
201,-0.009666042245112309,-0.006198854456606104,0.006361909184345444
202,-0.009737865463181523,-0.0063391669361703915,0.006404458697815918
203,-0.009701141320762711,-0.006212936985792325,0.006437707296346025
204,-0.009971336445278915,-0.005999521205444395,0.006454372055928036
205,-0.010505543388238954,-0.005674101682310235,0.006447143661542105
206,-0.009099687014419561,-0.005226458023678209,0.006405410970257777
207,-0.006322887149300061,-0.004944633495358122,0.006338537558415961
208,-0.006587965041090559,-0.004876332075014974,0.006255232023871311
209,-0.008869818006551256,-0.004984139405016826,0.006173365984673652
210,-0.009847189455622789,-0.00533556158627076,0.006119926539840781
211,-0.009655277415807705,-0.005691812808242432,0.00610219286897918
212,-0.00933578251751628,-0.005896906038531616,0.006109729060679392
213,-0.009225109956865367,-0.006024049796027615,0.006135055891688546
214,-0.009365701173414086,-0.006053576715485898,0.006162866518194527
215,-0.009914940876666,-0.005772970903431384,0.006168606849230044
216,-0.010482374415330321,-0.005190171475930186,0.00614596801519663
217,-0.008882571833821684,-0.004790095300965405,0.006104229339415949
218,-0.006260863683367934,-0.004777891030576091,0.006074058913036952
219,-0.0068277123071089265,-0.004895581790881091,0.006064647237369585
220,-0.008731385150334793,-0.00508595173467364,0.00606712378957841
221,-0.009198299588233701,-0.005373511108190343,0.006084629866255738
222,-0.009172557336153141,-0.0056972945464996705,0.00609617825341827
223,-0.009293433241805718,-0.005970015741013281,0.006095690927311383
224,-0.009493170314434536,-0.0059141801923021965,0.006088111886804585
225,-0.009823302548534911,-0.005469138068563674,0.006061855391190618
226,-0.010487587918110157,-0.005075671455096818,0.006015960776689068
227,-0.010922929223654058,-0.004941791854099917,0.0059588822739600235
228,-0.010747544147147563,-0.004859116148644534,0.005903888540173981
229,-0.010431175166828979,-0.004928717889103439,0.005850047594728649
230,-0.010064045187842527,-0.005203293609831478,0.005811285951652763
231,-0.009578444072620308,-0.005462266672827763,0.005803644835713415
232,-0.00922505967692176,-0.005701330708179617,0.005800173438038651
233,-0.007472400166762729,-0.005851901791401718,0.005780105324653626
234,-0.005267572633555914,-0.00580231100554893,0.005743620063940627
235,-0.004913552181970836,-0.005546843975651892,0.005705042901780947
236,-0.0037071161904407637,-0.005236477445784621,0.005687415453667358
237,-0.003193251666048093,-0.005067206884107479,0.005678359877540479
238,-0.006171420181125495,-0.005035789759140432,0.005648766182482799
239,-0.008880678161795347,-0.005093889008692173,0.0056156331607936615
240,-0.007505978600165528,-0.005114215399943856,0.005602830050716295
241,-0.004173398136083768,-0.005100475774452804,0.0055924797436031955
242,-0.004375834567890225,-0.0052194261626211744,0.005570803109235346
243,-0.0072108706969682725,-0.0053653141455022035,0.005540810811419456
244,-0.009105617410385798,-0.005369087548852878,0.005515238642835969
245,-0.009900884317238672,-0.005356075577485332,0.005512505534496434
246,-0.01013377665398072,-0.0052820232999529135,0.005528004581534225
247,-0.008386933425339808,-0.00512320151492587,0.005547389614976287
248,-0.004013192278741966,-0.005055509453970122,0.005553704658285839
249,-0.0021679412045561702,-0.005080493508725295,0.005529744273869066
250,-0.0036031547618446177,-0.005227793595642049,0.005484029367116432
251,-0.00425452107542791,-0.005408334772886873,0.005434730595766553
252,-0.0057088319623361215,-0.005395332122577253,0.005387490040255903
253,-0.006216442060307256,-0.005182422583861639,0.005340148557846012
254,-0.0029399110523201342,-0.0050691681205117,0.005288353230385042
255,-0.00007995065457062911,-0.0052027635569111864,0.005230054547300142
0,-0.001584632475337213,-0.005342619298042837,0.005167573914287923
1,-0.004803580242109983,-0.005349142849412798,0.005106980365059747
2,-0.006042361290500007,-0.005299703849385131,0.005055542986977451
3,-0.007157849164327087,-0.005185121917767283,0.005018645331219927
4,-0.008157021416261106,-0.003419213200943006,0.004997568150648661
5,-0.007710061057437437,-0.00099957360607438,0.0049890217203615115
6,-0.005596516573788038,-0.0019303437955824248,0.004986498316161013
7,-0.003485521521019906,-0.004584078058928725,0.004995882311893804
8,-0.005369147569689606,-0.00548533065318529,0.005030348279119237
9,-0.009128247735422444,-0.004987719298834004,0.005068011424948109
10,-0.009131468959898095,-0.004455702526736723,0.005072809514478353
11,-0.0065514525956649645,-0.00452774577920665,0.0050457476898858895
12,-0.006528367436523252,-0.004940428221149994,0.005006621186481845
13,-0.008062743381467032,-0.005266475391492026,0.00498053750733524
14,-0.00819358133058163,-0.005350946010001634,0.004990196714348827
15,-0.0076974248623597075,-0.005310918816431523,0.005014108949255953
16,-0.007745913360130228,-0.005293500884686747,0.0050238801214227535
17,-0.008412022299845598,-0.0052843585430056,0.005019219734377111
18,-0.00932885380234412,-0.005062794722463813,0.004990423570179639
19,-0.008501848925870754,-0.004613397178777626,0.004950745091874435
20,-0.00485988264532778,-0.004376372389798796,0.004923498703385997
21,-0.003394301992372912,-0.00450050129842388,0.004893667232598877
22,-0.0048711458442371805,-0.004762379139057114,0.0048522653474860605
23,-0.004997027140123858,-0.0051217210783754095,0.004806850351069774
24,-0.005455820165486982,-0.005451668029934555,0.004759577351935492
25,-0.006875330011070577,-0.005569348199720381,0.004710205044328298
26,-0.007395456105656253,-0.0038411642276863518,0.00467198437658263
27,-0.0076850366025883465,-0.0011526660881615493,0.00465246272070436
28,-0.008353415288569914,-0.001615573207450989,0.00463025417244132
29,-0.009255418628254818,-0.0038260418894056746,0.004597559232247259
30,-0.010154653661306828,-0.0046762122921554265,0.004579831618716498
31,-0.010841712088645566,-0.004557328453486584,0.004601680529954659
32,-0.01083569182622474,-0.004323500856693445,0.004642611724574379
33,-0.00991920901123831,-0.0044040934109787,0.004659642934231236
34,-0.008728397152971915,-0.00475885947398641,0.004656192501984367
35,-0.007630856494431662,-0.0052518534910259256,0.004648435112181893
36,-0.0067615435378383035,-0.005642950907511171,0.004632751883879429
37,-0.006680070685287028,-0.005712034744230557,0.004623226550553791
38,-0.007490545019740884,-0.005502099011482919,0.004616537038185665
39,-0.00884143058077743,-0.0034995961178800033,0.004600339189037798
40,-0.010066401054938418,-0.0007418373854922861,0.004583974350170588
41,-0.010543188543785428,-0.0013284203370135103,0.004572029652733839
42,-0.010405554975676082,-0.0036375181415987785,0.004563844521179644
43,-0.00964581668431505,-0.00450004037049632,0.004541854691389726
44,-0.008308142298234327,-0.004515204323322657,0.004495113615854487
45,-0.007169012357262961,-0.004593766281701295,0.004445388036922815
46,-0.006921239164261853,-0.004868724171454883,0.004418261210129641
47,-0.007418864050672321,-0.00515661665926357,0.004400908616844836
48,-0.008001363513211374,-0.005278474722378867,0.004376137035109563
49,-0.008693554015481046,-0.005227139250610139,0.004352932094352047
50,-0.009449008850752567,-0.005191415238362192,0.004325248090743326
51,-0.009772175596700256,-0.005036926335252876,0.0043030051891815874
52,-0.009577907411694918,-0.004629485605078412,0.004300654407777415
53,-0.00901985992341436,-0.004328219074804001,0.004292408107572247
54,-0.008513894167627923,-0.004295336929810796,0.004273968392900951
55,-0.008057244444060738,-0.004296858305793876,0.004268519704261056
56,-0.007672151364858975,-0.004334264032695117,0.004261632215932534
57,-0.007887507556253285,-0.004578868681147874,0.004223264537864596
58,-0.008542447818395612,-0.004889266419844853,0.0041595188011151266
59,-0.008984898081503084,-0.004950827960170778,0.004094148054505706
60,-0.00897626989572962,-0.004794527949341092,0.004054379956732973
61,-0.008790517153874876,-0.004600917890224826,0.004049389576752752
62,-0.008589304517817295,-0.004403988113440943,0.004062246708675334
63,-0.00827151508832719,-0.004227625088062093,0.004077180191861601
64,-0.007850598678870772,-0.004116102012152431,0.004069702587558743
65,-0.007629479696917615,-0.004106084051762748,0.004029481337947758
66,-0.007828452024668104,-0.004199304114356604,0.003970563934190466
67,-0.00818006540257591,-0.004440554983918037,0.003919454762916323
68,-0.008479599871931458,-0.0048061146424000015,0.00390574215553253
69,-0.008782209931464387,-0.004987069234465739,0.003929525040556329
70,-0.008906790695708856,-0.0049068325681798815,0.00397355128845763
71,-0.008685596982158983,-0.0047672105266694555,0.004012076237619429
72,-0.008375339431334387,-0.004539098318321338,0.004030052659743044
73,-0.008141693728094292,-0.004364081512143918,0.004045615354965426
74,-0.008052635815357818,-0.004344858200537832,0.004053108356504563
75,-0.008005625984632343,-0.004352719688946576,0.004022609531433796
76,-0.0076766857793136335,-0.004390940200465725,0.003968953328997224
77,-0.007480950338037903,-0.004393001819616639,0.003917375827933023
78,-0.007854273778120698,-0.004384351257438263,0.0038567947175346274
79,-0.008377566226512406,-0.004525257269889428,0.0037842837862489802
80,-0.008535796461481464,-0.004693561158791857,0.003727298352114293
81,-0.008290929235036692,-0.004622836330125044,0.0036987407631197625
82,-0.008034049460226733,-0.0044756461312528886,0.00368790700661005
83,-0.0081064819897625,-0.004496498527659177,0.003698716127157043
84,-0.008421208714558807,-0.00454755550780974,0.003716665384293707
85,-0.008395730318447404,-0.004452675982437697,0.0037068451114764898
86,-0.007993299826432598,-0.004335452443782134,0.003680933594064406
87,-0.007707741095989755,-0.004449216202065915,0.003674254486220826
88,-0.007478282007421544,-0.0046934029176779295,0.0036905799260118846
89,-0.007494698511169354,-0.004849096116891084,0.003702845382185349
90,-0.007822824242563121,-0.0048926975201947255,0.0036839477467795357
91,-0.007911028717508093,-0.004771033953641427,0.0036361995660834784
92,-0.007946073121643832,-0.004558365941400792,0.0035767807332327452
93,-0.008279832537253208,-0.0044056992953178595,0.003514904401700913
94,-0.008375263047160908,-0.004227177877669012,0.0034673938608343457
95,-0.007924950279390823,-0.004135309294332154,0.003440720306950742
96,-0.007595034356175281,-0.004292507535027921,0.0034232369827583257
97,-0.007791569346522403,-0.004415688891966134,0.0034226861306442848
98,-0.007911667922237194,-0.004406699049361664,0.0034308066742157577
99,-0.007753747115842043,-0.0045107236525602536,0.003418347737518406
100,-0.0076837055338219145,-0.004597121478936653,0.0033864608762701597
101,-0.0077423027918731655,-0.004538047690844552,0.003350358079073232
102,-0.008013718647589652,-0.0044638496870490155,0.0033156522546639467
103,-0.008337222385821463,-0.00430677078207696,0.003281170257121128
104,-0.00843744801601802,-0.004106525077204857,0.0032430225642471906
105,-0.00821905265425301,-0.004079262665781152,0.003198458206646885
106,-0.007708980108704577,-0.004164943191211107,0.003148241360065836
107,-0.007451697150671836,-0.004128754763963791,0.0030969182200827755
108,-0.007705290494069561,-0.0040371057861982255,0.003051159559953798
109,-0.007818492690264172,-0.004126948155439727,0.003030177162643333
110,-0.007444729001144302,-0.004311642183369085,0.00305552901579657
111,-0.007076605060993922,-0.004398521006239711,0.003118954988947849
112,-0.007024631735974934,-0.004389884000495663,0.003195877836845138
113,-0.007308134892764474,-0.0042501204668188835,0.0032689831412992185
114,-0.007669158375790908,-0.00405815706172187,0.003314562833047296
115,-0.00762529877578319,-0.003956116932772553,0.0033094098610429116
116,-0.0073306199598580195,-0.003921798592254465,0.003273632660607236
117,-0.007136499985643745,-0.003918963208976533,0.0032352415651731616
118,-0.00702602327593257,-0.004016813459370957,0.003183559118693221
119,-0.007099895575699289,-0.004166620560236662,0.0031278486983084986
120,-0.007263851541199481,-0.004156708258011588,0.0031001650740891413
121,-0.007305838637806375,-0.004138466943001594,0.003088380753042243
122,-0.007486869548707732,-0.004304041804318221,0.0030583911536465136
123,-0.006069935577845954,-0.004375628677449074,0.0030212536017821586
124,-0.0037399219421869745,-0.004183992332577477,0.0029974202418304686
125,-0.0046116932461229415,-0.003967332951367352,0.00296968098655042
126,-0.007073788752013633,-0.0038838112439925597,0.002941551400162513
127,-0.007869764510706779,-0.003959936869680124,0.0029402194616455803
128,-0.005721450126381693,-0.004089648778312666,0.0029499119027298756
129,-0.002616293068652146,-0.004133305685589259,0.0029475857376505587
130,-0.0015951399483151694,-0.004213655974711968,0.0029494640984321936
131,-0.001890755938743948,-0.00425202387528547,0.0029650227316375564
132,-0.003949214780665667,-0.004099824963898269,0.0029725607713149147
133,-0.006636125228851599,-0.003947958293115689,0.0029621815853342406
134,-0.007733423207252402,-0.00399408741602416,0.002943916133388038
135,-0.0077490255230682065,-0.0041176951436894624,0.002923044494928386
136,-0.007489645521409828,-0.004053726628514701,0.0029008460389639765
137,-0.007274000873241267,-0.0038787777391911804,0.002863170231619902
138,-0.007220720569592134,-0.003864821853391487,0.0028031614701141874
139,-0.007412022396892495,-0.004048377442604787,0.002732866193919938
140,-0.007618251445011669,-0.004140545988846157,0.0026738460713565506
141,-0.0061000572169438855,-0.00407811077561555,0.002637597128677541
142,-0.0036728552613801823,-0.004054154733635353,0.0026161080773386873
143,-0.004264137222151241,-0.003998461045923118,0.002618264868232187
144,-0.006249258332885482,-0.00399018264721991,0.002634311921309641
145,-0.0068179254875852194,-0.004072194950911065,0.0026316766194944318
146,-0.006658315858281987,-0.0039990734056888876,0.0026208879762946386
147,-0.00629768287275456,-0.00390431974734572,0.0026330239129650386
148,-0.00635619595981643,-0.0039181288512259785,0.0026530325759596225
149,-0.007100253199596243,-0.003920614849902127,0.002643414043910385
150,-0.007730523609040734,-0.003999318346638914,0.002600083982730682
151,-0.007700037548530141,-0.004136804296013515,0.002538737297093886
152,-0.007531823769164257,-0.0042153202147515705,0.0024712690570121857
153,-0.007439038591882587,-0.004254258711503828,0.0024062094982238063
154,-0.006984282482213366,-0.004276491237413579,0.0023621538056185698
155,-0.006515090821083012,-0.004198069677129709,0.002347251010518971
156,-0.006384928192053102,-0.004055858798559327,0.0023363676379108437
157,-0.006242707057591671,-0.004055141204362371,0.002315568423760209
158,-0.006172125716212656,-0.004127311035205004,0.0023045277307694395
159,-0.0065566902388472965,-0.004042082772943481,0.0023117464349400657
160,-0.005567228509274144,-0.0038839452762743937,0.0023122307799287407
161,-0.00359088177166917,-0.003914086543366958,0.0023058853885837127
162,-0.004448591043775239,-0.0040666422624576655,0.0023066301301750266
163,-0.006667564024259859,-0.0041588305792027574,0.0022952721114645218
164,-0.007360649589179268,-0.004189081315736344,0.002276892235334586
165,-0.006861063933242515,-0.004188782894515332,0.0022821323009909137
166,-0.005955048185071796,-0.004171426047484763,0.0023118449453029127
167,-0.005538657727387354,-0.004139751453434376,0.002350542160206747
168,-0.005996274330479796,-0.004016936899784515,0.0023759276282213915
169,-0.00528241714215192,-0.0038585455666147964,0.0023778000418202853
170,-0.003605837366081395,-0.0038790165970303374,0.0023663011561837503
171,-0.0031094072553283607,-0.004001818560272746,0.002334255974278378
172,-0.0029404447047521876,-0.0024098220221976125,0.002278716489873712
173,-0.003984033527019013,-0.000009709515598940385,0.0022125636584167316
174,-0.005709113058789106,0.0007454849684399231,0.002156101899400629
175,-0.005974421792149647,0.0006866204806154552,0.0021320837126526347
176,-0.005508452285576213,-0.0008724956292676311,0.002123777415826638
177,-0.003751929465819386,-0.0030260551725418226,0.002109768340820663
178,-0.0017397331081639641,-0.003629968969933879,0.002108643985023577
179,-0.00349552375664431,-0.0034078272286068075,0.0021310243343771046
180,-0.007058644168218983,-0.0032588202763682676,0.0021538786486644057
181,-0.008426055850904586,-0.0018821452561797597,0.0021503125854884066
182,-0.008115776998119602,0.00005400729793899467,0.002119552273035871
183,-0.007100538192608027,-0.0012586639019182486,0.002087233645683157
184,-0.005996894028069333,-0.004132450020915338,0.0020639636714118188
185,-0.003858457074368167,-0.005054108835050293,0.0020263616404896725
186,0.00012363019617128712,-0.004408180937188021,0.001977649869035432
187,0.0029572056103778013,-0.0033608924046854022,0.001937205534882463
188,0.0030338557535553035,-0.0026767115631210914,0.0019053532293195861
189,0.0020989810715772265,-0.0027240689883532027,0.0018847763652982174
190,0.001676274286663195,-0.003302665664227971,0.0018643247139303173
191,0.0021737986707809007,-0.0040135858548055875,0.0018375236855915338
192,0.0032513828944629244,-0.0045351178283788394,0.0018120137897188271
193,0.002736503352762279,-0.004739757937586003,0.0017875162575733813
194,-0.0006887980041562838,-0.0047375126322519185,0.0017596781719435278
195,-0.0023863081119751967,-0.004393429057437045,0.0017374056455878315
196,-0.001539046251446706,-0.0037392917577405227,0.0017252187709239399
197,-0.001695284471127212,-0.003141213504237147,0.001714271037838454
198,-0.0027117719370693405,-0.002732155194008919,0.0017175368611386573
199,-0.005359785742757819,-0.0026377563401493685,0.0017317892071376218
200,-0.007926095372098136,-0.003019014351847718,0.0017436561043399764
201,-0.007734257453221708,-0.003730839937979402,0.0017724633944537545
202,-0.00637968905288774,-0.004365396919694297,0.001810389950963471
203,-0.005518363061820211,-0.004651207268634879,0.0018210439401290489
204,-0.0051712684954798895,-0.004589098765644898,0.0017966104969268362
205,-0.0034158693719482346,-0.004273620415652183,0.0017602033467551386
206,0.0002443543061226641,-0.0037599423752318365,0.0017378580196396832
207,0.002468006282779718,-0.0032498863265662797,0.0017304704831232354
208,0.0005035812120294768,-0.002998984933312243,0.0017278563910428008
209,-0.0041047475688286775,-0.003034942607320538,0.0017163749512325343
210,-0.00682613995466054,-0.0017187431818555827,0.0016944231302567282
211,-0.006367759874556379,0.00030519677700129033,0.0016772602691534303
212,-0.003388408431205997,-0.0007309578710203556,0.0016572895026261266
213,0.0014522406194929227,-0.0033503154869652437,0.001638793223132224
214,0.004391691586151495,-0.004256164236723825,0.0016308801248392487
215,0.002139892452661288,-0.0037061100426089774,0.0016060731346518881
216,-0.003672731536703583,-0.0028727050682404954,0.001550129804389816
217,-0.006120289370807296,-0.0024849240507398753,0.0014745464213412624
218,-0.0024459849230119846,-0.002675924630034271,0.0014057570299260687
219,0.0020040005821567557,-0.0032074355187832887,0.0013624875704237134
220,0.003854923079063509,-0.002086806443039279,0.0013428083723393035
221,0.004213486507259823,-0.00013326782974934503,0.0013578880602441576
222,0.004299061930179315,-0.0012791542279864208,0.0014086778331553226
223,0.0027362390102874303,-0.003645981058277256,0.001475136385856472
224,-0.0013661890501140694,-0.003962920820015509,0.0015406489349219865
225,-0.004899845181428216,-0.0031615189737170223,0.0015799293446780195
226,-0.00611244113902246,-0.0025979844527466624,0.001580783736521138
227,-0.006341502662343873,-0.0025965137853870782,0.0015544474481846132
228,-0.004952023459482306,-0.0029254684435042234,0.001511573861312887
229,-0.0012934871165392048,-0.0033633453340134907,0.0014749869144101632
230,0.00014806276504996524,-0.003924506857277112,0.0014581844157543484
231,-0.0028233521982824698,-0.0044157649525797225,0.0014413590667232698
232,-0.005576527228180736,-0.004489900406430932,0.0014017238246762662
233,-0.005626566242371515,-0.004130352151025273,0.0013429032507577291
234,-0.00481346495402496,-0.0034419870331118853,0.001293950753516185
235,-0.004592186762566472,-0.002809508522359159,0.0012666334818943695
236,-0.004942442322329595,-0.002616589300427845,0.0012358274213626515
237,-0.005857965135778315,-0.002779102941409862,0.00118732949369324
238,-0.005491723400993978,-0.0030647522935032187,0.0011294523719943684
239,-0.003968266153086299,-0.0033607299885986854,0.001069656476560665
240,-0.004894529324773671,-0.0036885333195788954,0.0010275478023064589
241,-0.004955663218297154,-0.004038105224105198,0.0010134501325765322
242,-0.0022279578347641476,-0.0042513653515897165,0.00100448681956406
243,-0.002009114041321194,-0.004113003382528313,0.0009881589043889585
244,-0.0022559116589196855,-0.0020094945177176727,0.0009711718732617609
245,0.00094879368696875,0.0009671699432683215,0.0009554846040503058
246,0.002293649794302124,0.00047020387371871173,0.0009396734775610378
247,-0.0017083617165659752,-0.0020694174254622093,0.0009209921017227455
248,-0.004546943273543694,-0.003243481482252222,0.0009105056627082735
249,-0.001932646844695211,-0.0034555652236337104,0.0009136392657914418
250,0.0015835682973597814,-0.003456311175238083,0.000907255300315679
251,0.002877067534548493,-0.003410046867989969,0.0008959429798113625
252,0.0032012768501712974,-0.0034322783052928695,0.0008983854462256994
253,0.0019013447223383273,-0.0035773447340917575,0.0008978469749922409
254,-0.0017422524541487946,-0.003745041642369447,0.000885233970523243
255,-0.004457900416696345,-0.0037331245094891705,0.0008814612941298568
0,-0.0031381942356326978,-0.0035233835252252987,0.0009068820299822731
1,-0.000893568485650257,-0.0032160059848289346,0.0009530011954155112
2,-0.001123791865201583,-0.002909015967720829,0.0009985261753678362
3,-0.002362703356517455,-0.0028015190823373172,0.0010202110912663881
4,-0.0031680336148744367,-0.0030176276390585614,0.0010113870855901195
5,-0.0015902741319283147,-0.003434755264442096,0.0009883634340106212
6,-0.00006695812734803033,-0.0036676710620690937,0.0009501700857830805
7,-0.002123048973174479,-0.003535077533150544,0.0008977087539510939
8,-0.0026517807948446895,-0.0033701931358441836,0.0008440017201005014
9,-0.00013582430184182204,-0.0033934988287327526,0.0008058914544450185
10,-0.0005500346117986443,-0.0034214480679728085,0.0007873846410447276
11,-0.00386196060848603,-0.00327056889123724,0.0007606616332160982
12,-0.006369564738195513,-0.0030021896153008838,0.0007261345646154928
13,-0.0058521395113205615,-0.0029389263747376148,0.0007144196495259864
14,-0.003635340518420946,-0.003200076140779179,0.0007166785539366946
15,-0.004466958994721659,-0.0034900444708455512,0.0007033657475358603
16,-0.006920208350024444,-0.0036148099742745136,0.0006752280315323851
17,-0.007098941994264099,-0.003535114164415179,0.0006466811200227126
18,-0.0054403773864953875,-0.0032803089695365405,0.0006220866242866571
19,-0.00386079721984982,-0.0031348644655026826,0.0005987219372372379
20,-0.0018444249479417328,-0.00315635054776749,0.0005711490196678513
21,-0.00015034782380362807,-0.0031550922790725307,0.0005485118272311111
22,-0.0005052847701488908,-0.003202762424883111,0.0005363827071019408
23,-0.00005799906342942793,-0.003213851449611867,0.000513933290636431
24,0.0014030479055200072,-0.003052233962512277,0.00047613356705668297
25,0.0019622356571627475,-0.0029169104137380265,0.00045249602985661624
26,0.0007318389900684147,-0.003002675748375546,0.0004586108663694225
27,-0.0023254160476019435,-0.003260391592646788,0.00047143755421751466
28,-0.004144932998184511,-0.0034483385367545024,0.0004873722180622933
29,-0.0038312372619828255,-0.0033815779542257264,0.0005130733299200134
30,-0.001729788545691946,-0.0031193507969609797,0.0005213110174552727
31,-0.00009990976495204487,-0.002906534979349647,0.0004983032320827624
32,-0.0029059495935318397,-0.0029311934844255486,0.0004677980410698673
33,-0.007192482738497853,-0.0031410053725275354,0.0004460958501781955
34,-0.00871238602901881,-0.003218444965091289,0.0004309214837261153
35,-0.006480256530855389,-0.003112414083063211,0.0004362178102416428
36,-0.0027232910847045733,-0.0031240321705263406,0.0004554934324151629
37,-0.0021935440992653012,-0.003162205649186939,0.0004572945836132041
38,-0.003658019646751125,-0.0030343740435797625,0.0004384153559060216
39,-0.003856809127910643,-0.0029100189803113914,0.00042303152072918713
40,-0.001998649562029748,-0.0028984328411426653,0.0004202225441794392
41,0.0014284108400322683,-0.0029190480970281256,0.00041755790791418615
42,0.0032708436839961087,-0.002985924338273066,0.00040784009893346084
43,0.002558754448266514,-0.0030445763957232053,0.00037681071870084427
44,0.001572281481596105,-0.003000050343746682,0.00033587715981748883
45,0.0016949306468801127,-0.0030065007658088266,0.00032194234936943624
46,0.002874776370497562,-0.003008505089846676,0.0003404082489386199
47,0.00450401882033645,-0.002952663082413276,0.0003643549294841037
48,0.005880480610863898,-0.0029820525832932876,0.0003777551638512578
49,0.004762321064302327,-0.00298851732754655,0.00038447216841679664
50,0.00026084042330122223,-0.002947499216118088,0.0003716388954176761
51,-0.004017326336393264,-0.002932903282373467,0.00033217856286328206
52,-0.004362661725370958,-0.0029776079326120364,0.0002769777405424883
53,-0.0010454234325725648,-0.003090551163209735,0.0002133415095955354
54,0.00012192311720656684,-0.0031282840447674123,0.00014709425653827018
55,-0.001812709871684623,-0.0030548774267665194,0.00008370114613091985
56,-0.0024710278926903684,-0.0029126011797765876,0.00002829685476834836
57,-0.003214770582659305,-0.00282119900484533,-0.000015069471091376562
58,-0.004175568005442139,-0.0029765917407488015,-0.0002936322988970867
59,-0.0035728205629095185,-0.003243112463836637,-0.0008987112773747614
60,-0.001185314363474188,-0.0033936967624954746,-0.0013326709978142444
61,0.0006628321839623613,-0.0034104998821238436,-0.0013735631543932338
62,-0.0018873211259028723,-0.0032517348375681893,-0.0012359844907855865
63,-0.004462433060437053,-0.0029227048135513087,-0.0010678493794644825
64,-0.0023461356136033236,-0.0027138041341408787,-0.0009102559833294365
65,-0.0006847945166210088,-0.0027876944789234906,-0.0007367370832865854
66,-0.001294937314792792,-0.002926473519788701,-0.0005446495628550815
67,0.0007294025738251546,-0.002996978237698918,-0.00034245996468423336
68,0.002843976755335492,-0.003058639168402386,-0.00013055771877100225
69,0.0023516401236103046,-0.0031484482566421033,0.00005823922209097611
70,0.003267029994292042,-0.0032431591317187234,0.00020008089838995536
71,0.004896929304764132,-0.0032155772212474395,0.000283102115488021
72,0.004596916357744441,-0.0029990446819347545,0.000274558053456836
73,0.0032801175365483274,-0.0027606625912972704,0.00018687924030839475
74,0.002235429675875523,-0.0026945536367974712,0.00007873253298832728
75,0.0019291802574361236,-0.001148796699444152,-0.000022174311032240133
76,0.0008817365171564881,0.0012530260740770318,-0.0001115257416994999
77,-0.0018336509076496213,0.00047228937472458283,-0.00015474199153051277
78,-0.003608518986912619,-0.0021404761746965178,-0.00013013351784778348
79,-0.001811216574285364,-0.0031381104462780353,-0.00007479241834380162
80,0.002485820995101442,-0.002876148887693152,-0.000030450274733497245
81,0.005077043996069494,-0.0025910781843708048,-0.000019984714447906235
82,0.004303590389606447,-0.002587216434162945,-0.00005819160612302826
83,0.002452218753439357,-0.002635971063858435,-0.0001434314185012537
84,-0.0000450524316113754,-0.0027465481318587684,-0.0002569098177691424
85,-0.001966277242288008,-0.0029841353856692177,-0.0003692598744240816
86,0.00023268638846419068,-0.0032473081061077137,-0.00043825251334904305
87,0.004427167018729495,-0.0033038470749659943,-0.00044017931956891925
88,0.0065179896517563105,-0.0030248311795089662,-0.0003993217747529068
89,0.004846799823676211,-0.0009856968044951583,-0.0003437392370253669
90,0.0015238027355767708,0.0016427531570221044,-0.00027714670727294847
91,-0.0003502658511522101,0.0007668168183619702,-0.00021459840105209071
92,-0.0012359604349294123,-0.0019079292985480214,-0.0001960107765329108
93,-0.0001539704308193869,-0.0029765170554683635,-0.00023572895945761743
94,0.001911799281261015,-0.002946774442003937,-0.0003128779462645249
95,0.0029000100438591357,-0.0027694035390351903,-0.00038744326378948213
96,0.003543703742367581,-0.0027450809294786967,-0.0004287330739205747
97,0.004211301097842759,-0.0028006199984616214,-0.0004458043066730738
98,0.004946946610454492,-0.0027922588791823005,-0.00044760906445047693
99,0.005499374955215642,-0.002865179961435607,-0.0004339704097300857
100,0.005413521484154518,-0.002998241918700559,-0.00041577232885997855
101,0.004760611888118462,-0.0029758503285259507,-0.00040791224652463075
102,0.0039302646064581295,-0.002890893614250155,-0.00040875491023375675
103,0.003298425250856628,-0.002798683264200308,-0.0004157917672150453
104,0.0030345545640044387,-0.0025926299668616428,-0.00044765152019260544
105,0.0014648470354593282,-0.0024127910073234197,-0.0004898567837890871
106,-0.0005382360399702225,-0.0008696194817668758,-0.000499311454086504
107,0.0008652626515129758,0.001249599915146041,-0.00047881979377867377
108,0.0022791536891706814,0.00020296827955307468,-0.00044697257767143403
109,0.0012199447463358305,-0.0023495278481864383,-0.0003931718740939193
110,0.00030621874332921115,-0.0032796436158338375,-0.00033417622095456394
111,-0.0002463393334236341,-0.003020581270753547,-0.0003123988680554517
112,0.000887565638744342,-0.0008523673687115671,-0.00032386805213284963
113,0.002740283304923572,0.001879127239212808,-0.00034990235937055076
114,0.003180116893309555,0.0010734033931568566,-0.00038935475590859425
115,0.0032076877004531303,-0.0017325459838131978,-0.0004353202712864432
116,0.0019955242009955607,-0.0030706243474779788,-0.0004780692317829932
117,0.00023780455935359414,-0.003090362993883981,-0.0005088487503791517
118,-0.0001720823981219699,-0.0028247474551474213,-0.0005230606982328692
119,-0.0017299062226236745,-0.0027140228161935706,-0.0005085851979650898
120,-0.004275108465599321,-0.0026140836708833754,-0.0004658812476098094
121,-0.003852486017423987,-0.002533508555580429,-0.00042881146747193255
122,-0.00017596696568410088,-0.0025749233289251213,-0.0004176451420315598
123,0.0010969127565336684,-0.002674633086450471,-0.00042789574935899925
124,-0.001095301208523843,-0.0028341249305237678,-0.00045388189302159087
125,-0.0023619246762475008,-0.002966527786935168,-0.0004889758820127818
126,-0.003643491004698151,-0.0028665836479758603,-0.0005395882430635007
127,-0.0033386339258487142,-0.002641992597601054,-0.0005923928140574494
128,0.0010417218010273519,-0.0024976528868372733,-0.0006259585340354212
129,0.003412816047239544,-0.0023630298104019044,-0.0006575224934739234
130,0.0001714754153376314,-0.002252001949523682,-0.0006842317300694086
131,-0.003985772840557087,-0.002262241902884779,-0.0006929990716957458
132,-0.004240733566380055,-0.00241807609377386,-0.0007061974402946159
133,-0.000752172945477126,-0.0026045179338197878,-0.0007227518264290131
134,0.002290487662185455,-0.002664047935354994,-0.0007286578404825444
135,0.0030141418144934533,-0.0026286934277222965,-0.0007437887535189725
136,0.003054746491193092,-0.0024760037326351765,-0.0007772431334659668
137,0.0035228643474891344,-0.0023710050132201574,-0.000817941665641554
138,0.002830365794915011,-0.002492346638579797,-0.000858697103434379
139,0.0013329107776822603,-0.0025643005475103724,-0.0008956091545858219
140,0.0025753544705002275,-0.0024202351584805756,-0.0009271276244035057
141,0.004919950238245537,-0.0022849513274896763,-0.0009531127433243937
142,0.005107176674252081,-0.002369993184639905,-0.0009610159000905134
143,0.002229072830488078,-0.0025424084985077207,-0.0009462687693997857
144,-0.0028555955505557605,-0.0025157410291334276,-0.0009222117941757983
145,-0.004640225143134883,-0.0024335947085107456,-0.000896873318978774
146,-0.0008865012512621027,-0.00243804677657178,-0.0008743743596333544
147,0.0017309501201757567,-0.0023339299560203013,-0.0008564003307915721
148,-0.0006169822237633085,-0.0021792777322342414,-0.0008433754036239562
149,-0.0038188854591734347,-0.0021329483308643125,-0.000822074490364394
150,-0.0049685668710250565,-0.0021698379674479715,-0.0007998444012354911
151,-0.0032847727815641797,-0.002312206400227744,-0.0007939934048162541
152,0.0006372775162280988,-0.0024763951489727674,-0.0007985825299519191
153,0.001589047066404883,-0.002525373869812709,-0.0008222804068976574
154,-0.002328713164905489,-0.0025779809278780354,-0.0008678460410137037
155,-0.005939781280374319,-0.002644772571450329,-0.0009218484015094568
156,-0.006547323774736873,-0.0026349300619826366,-0.0009641168329075924
157,-0.0056280112326494575,-0.0025985175985220607,-0.0009862166322706413
158,-0.004440997927409637,-0.002585889874547667,-0.0010122668135891903
159,-0.003804770290078932,-0.0025261276317121804,-0.0010532587917303875
160,-0.002457159828654413,-0.002448533875803823,-0.0010846923955706977
161,-0.0010728487390589021,-0.002450665628048715,-0.0010925678815881038
162,-0.0031425011344658514,-0.002475661925836271,-0.0010975218853025914
163,-0.006261716304985487,-0.0025514333413746955,-0.001098057072559098
164,-0.0051996411586156845,-0.0025416353140054913,-0.0010821351523829666
165,-0.0002600697258842658,-0.0023085717033548715,-0.0010606309008590956
166,0.002030988268942926,-0.0021662870306220277,-0.0010421680833460362
167,-0.001139915580486513,-0.0022203720365182736,-0.0010451926063784586
168,-0.004436584458179529,-0.0022871633909782056,-0.0010766936834907723
169,-0.003305249246709432,-0.002331891096278663,-0.0011224834487029364
170,0.0010865913619828825,-0.0022841770187968877,-0.0011715776062960937
171,0.004055521142790182,-0.0022733090422385575,-0.0012164329941720107
172,0.0024312496706305666,-0.0023654775428161535,-0.001239879256722419
173,-0.002392232257223896,-0.002394176212864343,-0.001235604517387643
174,-0.005739976656372429,-0.002436758359856207,-0.001217511340537874
175,-0.004227212761035624,-0.002494592116199455,-0.0011954677840222568
176,-0.0008804500017400296,-0.0024839930484948126,-0.0011755861219422763
177,-0.0012737310678627538,-0.0024595454272395463,-0.0011608323586499822
178,-0.0038187963840301264,-0.0023854457649519897,-0.0011649511387275898
179,-0.004916204933047515,-0.002226492606129102,-0.0011925786467262898
180,-0.005147702808937879,-0.0022063843423916693,-0.001230018906306007
181,-0.0054256688290796815,-0.002335519239135669,-0.0012559808002646005
182,-0.005924224666712004,-0.0023090511600756206,-0.001248151854332082
183,-0.006436519462187245,-0.0022303159349782564,-0.0012124823819040045
184,-0.006333662171572753,-0.0022270767664926646,-0.0011685075937948046
185,-0.0039059655790821303,-0.002108924558215628,-0.001126477561772545
186,-0.0008898670059065347,-0.0020249373635298318,-0.0010899270904727765
187,-0.0015624136693935947,-0.002094630646314229,-0.0010718834279881645
188,-0.003920176529131774,-0.0021731867566567743,-0.001089940249319151
189,-0.0048022608960805145,-0.0022363571131731952,-0.0011371413046949853
190,-0.004846857562755307,-0.002287201793830164,-0.0011824384053580237
191,-0.003279790990527347,-0.002400481204698066,-0.0012125312045971576
192,0.000505180249917617,-0.0025194257964060943,-0.0012375956214775315
193,0.0035431190849019127,-0.0024382895684001956,-0.0012639340728430974
194,0.0025926288097071187,-0.0022512790298132848,-0.001305804531877767
195,0.000004317373829798923,-0.000579792337686731,-0.001352375795808253
196,-0.0007911547498639249,0.001816715429796294,-0.0013676880838673234
197,-0.00027622795768659884,0.0009941399058243433,-0.0013606084581253308
198,0.0022403112156454547,-0.0016142376834860509,-0.0013516076753090967
199,0.0034788454926700085,-0.002549110609942099,-0.0013269650361849893
200,-0.0000913768290196279,-0.002197839916544487,-0.001296730883623786
201,-0.002595161833437073,-0.0017558044684655646,-0.0012827266263821416
202,-0.00024077536136374918,-0.0016845930393742103,-0.0012833708066111978
203,0.0028576322737769357,-0.002006857393119888,-0.0013097356916719196
204,0.0021639534791050366,-0.002390610964936174,-0.0013640754029337777
205,-0.0003073283715250381,-0.0025868201697445657,-0.00142977986865787
206,-0.0006904616067605245,-0.0026529609153667644,-0.0014952461446655347
207,-0.0013335460471513606,-0.002569498970341505,-0.001553420252192646
208,-0.0013359913081252995,-0.0023451465303207025,-0.0016010675114434894
209,0.00032100592167941255,-0.0020533941484908473,-0.0016247018926889628
210,-0.0008672080950718978,-0.0018027051412895963,-0.0016071805739090051
211,-0.0039174148404258775,-0.0016031292760430613,-0.0015706619748196713
212,-0.005753515897883157,-0.0015369473771915266,-0.0015419628318842733
213,-0.004724730658982185,-0.0016954129111128,-0.001507282939208059
214,-0.0004483060447208094,-0.002041107633656768,-0.0014723592837879076
215,0.0031954964944163767,-0.0024652805359068955,-0.001453490128833247
216,0.004245684316747449,-0.002626644220047483,-0.001432017518474053
217,0.0026643166939637076,-0.002462848152533206,-0.0014127666275829242
218,0.00044826623539652097,-0.002298322904614538,-0.0014257927147732015
219,0.00013878033773332896,-0.0021880291388296086,-0.0014579433083613345
220,0.000587700320792816,-0.0019783365164630137,-0.0014869464691088206
221,0.002348883241447986,-0.0017894298303239675,-0.0015272039317808569
222,0.002519101809204515,-0.0018013856663146042,-0.0015841711714909166
223,-0.00015006041198253016,-0.001963308885479638,-0.0016312661817958892
224,-0.000140034783988904,-0.0022449584569485728,-0.00164145456279909
225,0.002171492724231566,-0.0024264318283327025,-0.0016306723028968895
226,0.0020336065797739184,-0.0023806505036501864,-0.0016361061305576081
227,0.00042647906782729804,-0.0023426443911815217,-0.0016624217181829166
228,0.0019689001363265082,-0.002309872457981229,-0.0016835931093080172
229,0.0033430662623046524,-0.00210616925030652,-0.0016741869677418817
230,0.0019823103042795505,-0.0017747900868565962,-0.0016517499759412394
231,0.00083126353945202,-0.0016495026464961055,-0.001653966686317402
232,0.00010540495147248231,-0.0017937563906870284,-0.0016842562326797204
233,0.0011724271264582364,-0.0018902850053361848,-0.001726869804259578
234,0.0012499380434470159,-0.001904601989925492,-0.0017582545614044506
235,-0.0027263052459470874,-0.002021637511049647,-0.0017543086339699534
236,-0.006023596676990227,-0.002151834538644832,-0.0017332368360066146
237,-0.004267200740675372,-0.0021325627389859264,-0.0017201710406287499
238,0.0011621141743187041,-0.002012118118787181,-0.0017008202064759002
239,0.0050925651052010044,-0.0018819912225001203,-0.0016674825579711576
240,0.005730910897354162,-0.0018864925487395946,-0.0016302135334227662
241,0.005051694092566948,-0.0020033276196973846,-0.0015944357441072515
242,0.004396425431235425,-0.0020199137307542678,-0.0015627737038793619
243,0.004256547718963562,-0.0019053263478335481,-0.0015497121071886073
244,0.004505522962389548,-0.0018305376427264278,-0.0015748770428543673
245,0.0048375891050810756,-0.001856248948166904,-0.0016324497871444727
246,0.00513221076382647,-0.0019565258154770693,-0.0017039888465242969
247,0.0053201653043216425,-0.002023693202656808,-0.0017795795866745682
248,0.005269833158692014,-0.001951059050604425,-0.0018542482055644788
249,0.005023368964610702,-0.0019098831022553503,-0.0019248381404709334
250,0.004842171029578473,-0.001949729532083,-0.0019881463452223547
251,0.004740969106385426,-0.0019052185372105965,-0.002027447335362498
252,0.0046462796120747794,-0.001847760983350673,-0.0020340935514382716
253,0.004632200928418019,-0.0019063734462344255,-0.002032008761756917
254,0.004738579564674734,-0.0019292846133901025,-0.0020216253959979315
255,0.004840141840419976,-0.0018728578258442726,-0.0019922081352336547
0,0.004892726088068762,-0.0019024500327977198,-0.0019689523877865437
1,0.0049372005934611805,-0.001946510369407308,-0.0019672750129724444
2,0.004902439731825026,-0.001876675665469446,-0.0019816507508787938
3,0.004848908030864097,-0.00019643697750646068,-0.0020080401955799255
4,0.004785256865601889,0.0022433503560905068,-0.002029319059138698
5,0.004592640778936841,0.0015046761206263942,-0.002035358524597933
6,0.004417931424448792,-0.0009513928357506671,-0.002046468800703731
7,0.00452483945081384,-0.001966626143836199,-0.0020704337680873567
8,0.004723687158674061,-0.0018865172933879328,-0.002095127883133158
9,0.004732722978812394,-0.0014749529650691156,-0.0021010413207094066
10,0.004743907197322158,-0.0012492536922411295,-0.0020819742366317492
11,0.004884580225011016,-0.0014497311601461005,-0.002066582455476352
12,0.004934166453872591,-0.0019360947052226487,-0.002071875524021229
13,0.004801744833013473,-0.0023492550545882243,-0.002078988002270723
14,0.004548090815979763,-0.002412394131583038,-0.0020771228368282766
15,0.004349564551264378,-0.002140749222968772,-0.002073227811463123
16,0.004452158231010101,-0.0017910150793602891,-0.0020690700042664597
17,0.0047388633351137105,-0.0015286313002157523,-0.0020765728834411584
18,0.00488393620769274,-0.001346907379575715,-0.002099517128226841
19,0.004874689847561141,-0.0013325430520601316,-0.0021122385827896453
20,0.004829370760743432,-0.0015465371672256185,-0.0020911890927579726
21,0.004725396959492263,-0.001823014065959399,-0.002056879605460649
22,0.004640478850665125,-0.0019539167691524275,-0.0020500727850104247
23,0.00458275933391184,-0.0019970382585488,-0.002076297020032739
24,0.004506358460580485,-0.002063625692294485,-0.0021201872485465244
25,0.004417328302060899,-0.002083161997240104,-0.002169843476737823
26,0.004323887334312059,-0.0004317910713067816,-0.0022169953488265885
27,0.004437082039744501,0.0020277099079648604,-0.0022438173030843167
28,0.004793105679622194,0.0012874012361437405,-0.0022432943881779436
29,0.004978052368838266,-0.0010323600622252852,-0.0022285191141720433
30,0.0047693889441145255,-0.001741120112619064,-0.002208499302655058
31,0.004504929666150107,0.00008239986574923308,-0.0021886181629486605
32,0.004441802567657246,0.002690305162836833,-0.0021714924203699295
33,0.004436081470787979,0.0017551156820517872,-0.0021579864603692165
34,0.00432569934264931,0.0004520263531118014,-0.0021481447082948657
35,0.004247772141331152,0.001573760333824746,-0.002141855794635785
36,0.0060129083793684784,0.0009228226769268447,-0.0021260412257178883
37,0.01029044896234525,-0.0011068434081617853,-0.002095401293719391
38,0.011989339706116445,-0.0018356528944176078,-0.0020753675050653505
39,0.00852541934891209,-0.0015223232561722162,-0.002077902739807621
40,0.004902232789198591,-0.0009888927357138855,-0.0020797068620722033
41,0.004104568059114119,-0.0008704210411831278,-0.0020679398114505252
42,0.0046028329772295,-0.0013168579107705886,-0.002050498982285115
43,0.004994627367650019,-0.001968332689583737,-0.0020324344995378543
44,0.004940653968717432,-0.0024055060260266894,-0.002016622045721933
45,0.0045302055754443595,-0.0025076685978271847,-0.0020175845822016023
46,0.003953397774008881,-0.002221299176588187,-0.0020413122821557285
47,0.0034871104185472757,-0.0017817048759284013,-0.0020755934612574573
48,0.00342483817928633,-0.001503429750462382,-0.002126491351075146
49,0.005435411865570127,-0.0012618811975168946,-0.0021829744914216584
50,0.008448990504102711,-0.001002550504855303,-0.002212783281610878
51,0.008095748870496546,-0.0009840561774662523,-0.0022149990745714875
52,0.005744366983134113,-0.0013642132847650947,-0.002204625165713933
53,0.004725554985128198,-0.001892595447883661,-0.0022022885286372184
54,0.004573571906227685,-0.002230612893134141,-0.002215725260380311
55,0.004514473872088597,-0.0022941826203606757,-0.002219522461021593
56,0.004406856671892483,-0.0020358356530162896,-0.0022147397933079188
57,0.00411112432979858,-0.0016752131199188809,-0.0022312322513592213
58,0.003687327908530937,-0.0014955125645969847,-0.0022719540740186867
59,0.0035753389903881196,-0.0013348917989505476,-0.0023249749091944615
60,0.003868914835816969,-0.001108821635170822,-0.0023842607214193366
61,0.00419431573106754,-0.0011467970819167535,-0.002433136967833942
62,0.0044237965509150365,-0.0014908340261489891,-0.002449470467213221
63,0.004661779275032925,-0.0017612295711992836,-0.0024486934313842747
64,0.004863245365326344,-0.0018583155666864592,-0.002463612145737957
65,0.0047520043328229105,-0.0019373573321984855,-0.0024802703988671413
66,0.004272736689548069,-0.0020105584003096613,-0.002476541585065554
67,0.003876064616159719,-0.0019284114509361381,-0.0024708473348083442
68,0.003854962872218282,-0.0016896018647668911,-0.002476914121224935
69,0.003946570803503809,-0.0013978447477219526,-0.0024786261367557676
70,0.004030106942457657,-0.0012274518855886953,-0.0024581917920474894
71,0.004303461075336572,-0.0013978415321155534,-0.0024363283586622568
72,0.004654783854235706,-0.0017596693997414944,-0.002448871142070007
73,0.004849110118864627,-0.0019620277871461277,-0.0024804762409850268
74,0.00477326878712148,-0.00189828211089706,-0.002502959386069618
75,0.004519225671118208,-0.0017331443917396275,-0.002525724295969086
76,0.004277533485544792,-0.0016570534063780496,-0.0025534676953646767
77,0.0040028664537395155,-0.0015935099463818413,-0.002577153880063944
78,0.003758846464541927,-0.0013525882727400819,-0.0025964220844724066
79,0.0037722660916251023,-0.0010797312128733188,-0.002602783920969628
80,0.004047373586409392,-0.0009978343406418276,-0.002582932657325286
81,0.004344347096768527,-0.00117530503447131,-0.0025591960921957603
82,0.00451512762192546,0.00008985498499288402,-0.002554092593916821
83,0.004513772828321536,0.0021627324899255998,-0.002546174503622221
84,0.004417645416758563,0.0011312320323368028,-0.0025195806254547926
85,0.004434766847040632,-0.0014050582796536152,-0.002491838393445558
86,0.004488230922116237,-0.0020989341359026756,-0.0024729022916614293
87,0.0044330010851866865,-0.0014637128613502852,-0.002457076184525765
88,0.004325715360376662,-0.0008531341781591569,-0.002459031242885143
89,0.00424739295573827,-0.0008039048437072944,-0.002489507717023138
90,0.004152476911968391,-0.0011006601523699203,-0.0025278241813705147
91,0.003998058934982489,-0.001604727826343036,-0.002549317855603761
92,0.004004540368511999,-0.0021018474321788105,-0.0025534091738540175
93,0.004176771199625345,-0.002347505876019073,-0.002549980981071595
94,0.004281881604121447,-0.0022350938984012757,-0.0025523737150150933
95,0.0043653782713480235,-0.0017924724360226432,-0.0025624087059382666
96,0.004422241991600594,-0.0012940492821841717,-0.0025526537821517724
97,0.004375305465020029,-0.0009507107758655905,-0.002526746749081001
98,0.0042928804668862265,-0.0008721180620202529,-0.0025205113456193513
99,0.004157163693677343,-0.0010928500907805543,-0.0025306504384529664
100,0.003951389987791897,-0.0013397960808002544,-0.0025448097670424394
101,0.003913316948581653,-0.0014248470218028633,-0.0025836553703399556
102,0.004141335646195328,-0.0015807774365125555,-0.0026400255878130307
103,0.004281293925366222,-0.00181181820601807,-0.002676766609853152
104,0.004137101639520489,-0.001787756860850597,-0.0026968493353469666
105,0.003944451896524859,-0.0015278601745516219,-0.0027123362476229916
106,0.003863892219618744,-0.001326105587493549,-0.002714914031213156
107,0.003924615342952135,-0.0012153191868727966,-0.0027159821661812047
108,0.004107458057762664,-0.0011198734761039475,-0.0027129211779442454
109,0.0041531987549394515,-0.0011073979040221137,-0.0026842339720300175
110,0.004035622417046979,-0.0012174080415924939,-0.002652726887992722
111,0.0024051104874285214,-0.0014127277423288754,-0.002646266711764836
112,-0.0016810921634765842,-0.0015277504269503193,-0.0026620588846169232
113,-0.004995687574989678,-0.0016086832740242081,-0.0026916032289410682
114,-0.005481765271850484,-0.0016884879147313202,-0.0027236212772347897
115,-0.0033899910809461276,-0.0015338990066263887,-0.002760991712042308
116,0.0005006092840852128,-0.0013149990457653827,-0.0028032594027432604
117,0.002990516352628505,-0.0012946054467410685,-0.002838137919404477
118,0.001403627190220285,-0.0012701061453124444,-0.0028509319299735254
119,-0.0031764753385401766,-0.0011091996123180192,-0.002828203770392082
120,-0.0047103822483058125,-0.0010334812411350175,-0.002783625786253351
121,-0.00038712698648172075,-0.0012241220699848415,-0.002753712594718731
122,0.002760491272692324,-0.0015875344792836937,-0.002766250826558559
123,0.0002619981050831638,-0.0017532860007775733,-0.002812918678471151
124,-0.003420449137603053,-0.0016398330141315655,-0.0028678285713044207
125,-0.003450080583188641,-0.0015558892027132077,-0.0029147210078667527
126,-0.0016234167645227462,0.0001155015746069606,-0.0029476391443563925
127,-0.002998469205078149,0.0025835934527958073,-0.002955872156471317
128,-0.004500795857767425,0.0018176149629815135,-0.002940903057089551
129,-0.003306340474980348,-0.0006272321451259288,-0.002922111209533392
130,-0.002080013340139357,-0.0016221171089653118,-0.002897048627873492
131,0.0004737590567834814,-0.0014665278118373756,-0.002875381341397856
132,0.002039347243079399,-0.0010556309681321735,-0.0028837679575439987
133,-0.0006080823176734997,-0.0010467545203458571,-0.002902612780506902
134,-0.0020037816384577897,-0.0013719288895696529,-0.002905308569288159
135,-0.0007319913438878362,-0.0016272092777561836,-0.0029072608599764963
136,-0.0003474841581425168,-0.0017313614110162703,-0.002920572727780065
137,-0.0007397783090649715,-0.001849215675725031,-0.0029285276175904174
138,-0.0030554119711186482,-0.0018965697229423855,-0.0029132581292264257
139,-0.0060204960452172225,-0.001659016355784658,-0.002882383895763802
140,-0.006758146077394226,-0.0012769764656004358,-0.002853057368839059
141,-0.006122561281836783,-0.0010112469592427863,-0.002842768575896529
142,-0.005327678943850958,-0.0009185488701728278,-0.002853236469281959
143,-0.005087030603967967,-0.0010634730621426926,-0.0028661536325032292
144,-0.0036343282032160716,-0.0012740054058148114,-0.0028844153605717482
145,-0.00136194452426985,-0.001407604527955332,-0.002912366644777291
146,-0.002349065188431452,0.00002064435299561386,-0.002943622077233637
147,-0.005099862388949204,0.002221804711287004,-0.0029799977472772677
148,-0.004598779865484142,0.0013176906395350012,-0.0030253412008436707
149,-0.00041134071194927476,-0.000993754688600381,-0.0030674008204019526
150,0.0015746645939467931,-0.0015271721379222693,-0.0030831983159261105
151,-0.0014235134667235924,-0.0010823917473757917,-0.003070744510717054
152,-0.0045855569734590765,-0.0006216633860008335,-0.003052308684526852
153,-0.0036126826965027746,-0.0005084223326006464,-0.003049128146293394
154,-0.0006973809002872675,-0.0008387804560731548,-0.003043659840612255
155,0.00025321675955432103,-0.0013794882592890016,-0.003017307849967321
156,0.0012130252062707864,-0.0018573789952873003,-0.0029826418612100263
157,0.0010213303334088084,-0.002001507300548981,-0.002954549388228823
158,-0.002743167362888521,-0.0017886260413142747,-0.002957784721402978
159,-0.005684408008707762,-0.001474356747702403,-0.0030020481399675863
160,-0.0055869831255871884,-0.001202937773502018,-0.0030707227069359695
161,-0.0044424176300250405,-0.0008620180871839415,-0.0031461268959522403
162,-0.003753623229889525,-0.0005519875772796133,-0.003212419667501078
163,-0.003888822347788465,-0.0005519206873528778,-0.0032457576786584265
164,-0.004596796344106292,-0.000854545345224997,-0.003237231405377853
165,-0.0038996040202506355,-0.0013826893055852874,-0.003216099587163136
166,-0.0022767550201145716,-0.0018180016969273505,-0.0031905406622573726
167,-0.0017019452168219318,-0.0019358697490884438,-0.003156211233105534
168,-0.0014402376441431698,-0.0018314925084927831,-0.003140485061191302
169,-0.0008677823966602334,-0.0014652685337503682,-0.003155835911500874
170,0.0016045078537947517,-0.0009634910837408549,-0.0031899435115551253
171,0.004667033013986334,-0.0006583407814201615,-0.0032309296629038035
172,0.005684574794197563,-0.0005918494587499939,-0.003269042542269205
173,0.0053348546382294484,-0.0005795089180038434,-0.0032981565950887665
174,0.0028208587953028764,0.0008962852270328519,-0.0033164403223793684
175,-0.0020000716219318836,0.002910691035808507,-0.0033258661002857643
176,-0.005549909590223885,0.0016676833698414505,-0.0033306981828761136
177,-0.006248143940367987,-0.001141190961291656,-0.003335494708645066
178,-0.005778700410521441,-0.0021084664447588502,-0.0033433338457211723
179,-0.005384851847096823,-0.0016481308383741854,-0.0033548616734984035
180,-0.005176444488786694,-0.0008605532144211614,-0.0033553012501228753
181,-0.005087552166437158,-0.00040310669528711204,-0.0033362633961063256
182,-0.005344669599808574,0.0010947373033279237,-0.003320382590434422
183,-0.0056862518232433205,0.0029797618374874657,-0.003305508626808052
184,-0.004017679203107399,0.0016456331916605334,-0.003277489175660035
185,-0.0013360594816222565,-0.0010565161762117001,-0.0032447951520779787
186,-0.0020553751027781522,-0.0018862467612064315,-0.003201176510216147
187,-0.004716880209588006,-0.0014989867423406793,-0.003145940184281555
188,-0.005630018875988508,-0.0008926190497005604,-0.003093606572306829
189,-0.0050258446070493654,-0.00039337166994818807,-0.00305076315734556
190,-0.0045712276029682315,-0.00027463951970667193,-0.0030312910240538615
191,-0.0048602081215509615,-0.0006704315234781905,-0.0030383189845646216
192,-0.005399618176743871,-0.0012539589153215298,-0.0030436164773642617
193,-0.005861807667427006,-0.0016421813365770123,-0.0030332826629592673
194,-0.0060866038809308486,-0.0017032534238060797,-0.0030168609526332827
195,-0.006022521326497307,-0.0015670426702657694,-0.003001937525747337
196,-0.0055452527214050855,-0.0013296345589279817,-0.0030061515042145055
197,-0.00486630348473879,-0.0010717789004493945,-0.003049148001411128
198,-0.004557781825794906,-0.0008250988094425813,-0.0031091575029610526
199,-0.004767318549472725,-0.0006003108423894305,-0.0031581873481238004
200,-0.004980156635786048,-0.0006193635383576496,-0.003208502001495285
201,-0.005063803974549225,-0.0008166299472595305,-0.003253742798677711
202,-0.0069712290007041475,-0.0009715238075358804,-0.003278667217277525
203,-0.011363496237811199,-0.001233226416660316,-0.0033045844317039132
204,-0.014898440861222328,-0.0016289615037661243,-0.003343147793353757
205,-0.01571680375002997,-0.0018379426797121524,-0.003372539009055816
206,-0.015104994724671396,-0.0017097915256985667,-0.003381583920055267
207,-0.01435132835884138,-0.0013059497160231043,-0.003379128716160744
208,-0.014305654023967877,-0.0008608117336015905,-0.0033572083572417626
209,-0.014848314037265796,-0.0007132015065195621,-0.0033129562418202814
210,-0.015295772770777809,-0.0008390993080292153,-0.0032600871734309485
211,-0.015598236623467127,-0.001053985750202156,-0.0032200116447897893
212,-0.015527214630608091,0.0003448287085605923,-0.0032031310689780573
213,-0.016680026756185476,0.002522411838300381,-0.0032003081202777173
214,-0.020339418430460873,0.00149176002931738,-0.003219916144393948
215,-0.023220292102146836,0.0006030276174786835,-0.003252513253075613
216,-0.023712845141971015,0.0022899070789572772,-0.003279579119148489
217,-0.0236094954810174,0.002007710349309983,-0.0033182021611324764
218,-0.023845797607971564,0.00020848118291520897,-0.003374859253531405
219,-0.02448831085388299,-0.0005219345582656368,-0.00343548637934131
220,-0.025298199791246617,-0.0005299487356234082,-0.0034900210569641966
221,-0.025787615471732375,-0.0005472133849558185,-0.003532779576292165
222,-0.027192466898714088,-0.0009383046832312121,-0.00356234044573589
223,-0.03051196051305318,-0.0014088755758599227,-0.0035807273854989077
224,-0.03283868141162099,-0.0016803973677727724,-0.0035919709059535707
225,-0.03263210137017535,-0.001770063130050444,-0.0035872847485485474
226,-0.03187552812493447,-0.0015944382577822436,-0.00356435674515713
227,-0.032001550909005916,-0.0011274758449174652,-0.0035365959128719378
228,-0.03301581208811302,-0.0006012847810975674,-0.0035100121457786095
229,-0.034367991327056646,-0.0002607188490569203,-0.003498657703698867
230,-0.03546263379436419,-0.00031912465389443215,-0.0034936200513025917
231,-0.035771522376193396,-0.000637346985968186,-0.0034762364564284304
232,-0.0350968066509202,-0.000928603812956938,-0.003465866863918806
233,-0.03382176864154236,-0.0012935024518050068,-0.0034744968389906535
234,-0.032553582888335805,-0.0017289181522692973,-0.0034954291813997854
235,-0.03161603147833282,-0.0018239553233898417,-0.003525138708023569
236,-0.03136213883323019,-0.00148957699954085,-0.0035609810852789883
237,-0.03196153726827941,-0.0011075355152392538,-0.0035996480668877597
238,-0.03299849930239582,-0.0007421272575604881,-0.0036368053134593036
239,-0.033898958965128276,-0.00035401751737016785,-0.003667833111955586
240,-0.03431944203801775,-0.00020129760742993233,-0.003676045483523077
241,-0.034242809881399716,-0.0003890704047578063,-0.003654694700480198
242,-0.03381785627584721,-0.0008314715692290765,-0.003630681064271505
243,-0.03317317497029858,-0.0012830128965897387,-0.003620157937433536
244,-0.032394075108594905,-0.0014874537429502357,-0.003618689672261227
245,-0.03163547430785535,-0.0015175004386828944,-0.003611348801205786
246,-0.031178544172519515,-0.0013275371200790354,-0.003578908771474088
247,-0.031377935816350844,-0.0008681260500815401,-0.003540386976924508
248,-0.032127663575318405,-0.0005359271433911829,-0.0035183580833220134
249,-0.03292689551670003,-0.0005828056587375424,-0.003494148061356596
250,-0.033526030311300775,-0.0007229967251202391,-0.0034688534756133465
251,-0.03363141885464005,-0.000740189952587577,-0.003468441001826795
252,-0.03308056366793742,-0.0008719935686821757,-0.003740487890082033
253,-0.030658503707341564,-0.0011333510824616247,-0.004374117698117021
254,-0.027669036292709753,-0.0012686051143120528,-0.0048683447262478675
255,-0.02654248431550893,-0.0012246894690709385,-0.00497067544723542
0,-0.024806421241383922,-0.0009752350977676799,-0.004879253860208653
1,-0.02413585096613409,-0.0006530378628905186,-0.004746621930701222
2,-0.027559565087048404,-0.00045988790805426196,-0.004614603758684204
3,-0.029404329787899322,-0.0004923297336099312,-0.00445470891433054
4,-0.02632014559245141,-0.0007528073115619016,-0.004261893171860882
5,-0.022968576524618145,-0.0009497365785871735,-0.004057357083161165
6,-0.022128297363823768,-0.0009118629722286165,-0.003836822876219937
7,-0.022314046495424497,-0.0009201719803240997,-0.003608381116530282
8,-0.022327381411517078,-0.001037494789124828,-0.003429618822303522
9,-0.022097042306654907,-0.0009780081034850945,-0.0033328674569685036
10,-0.02168272611205213,-0.0008561104182370025,-0.003320065179037871
11,-0.021147467677531985,-0.000898087739022474,-0.0034008652681046577
12,-0.020826229422435408,-0.0008846497906507822,-0.003549800929229373
13,-0.020955309459662508,-0.0007674697083225601,-0.0037083831339706063
14,-0.021357024661754834,-0.0008232917079728092,-0.0038256845215122823
15,-0.02172734032022714,-0.0009301585288046393,-0.0038727472163603022
16,-0.021957843332919363,-0.0008632696697651165,-0.003849415456922193
17,-0.022006568767809806,-0.0008493700833416629,-0.0037811543634941533
18,-0.0218661220721746,-0.0010274070116515809,-0.003694148229243471
19,-0.021494466052666722,-0.0010812747606582422,-0.0036202785125275666
20,-0.021106373009497068,-0.0009303995524940732,-0.0035933064656241895
21,-0.02088590841625388,-0.0008782889815002869,-0.0036186913465035327
22,-0.02068087433298322,-0.0009407087692448763,-0.003677140158837409
23,-0.020565905972154776,-0.0009849578103543026,-0.003722964964519619
24,-0.020752473345473206,-0.0009398884330186997,-0.00373282062856441
25,-0.021102181481990265,-0.000869245030535354,-0.0037207953499805626
26,-0.019704365582751862,-0.0008820876114390324,-0.0036773554165336272
27,-0.017384542161284003,-0.000916049056082004,-0.003589332088793024
28,-0.018207756798178945,-0.0009113832705489209,-0.0034980366333692333
29,-0.02055394935805587,-0.00086067607204298,-0.003464586714119063
30,-0.021068435951906016,-0.0008736875099370203,-0.0035048809360088817
31,-0.01881224233810682,-0.0009397158820504438,-0.0035860985595860193
32,-0.014325639160725191,-0.000877628883184333,-0.0036602338650990017
33,-0.011214057973340269,-0.000690316850899422,-0.0037149637795395613
34,-0.010966062317184597,-0.0006564121937911466,-0.0037618742132219767
35,-0.011730617421264286,-0.0008847514689833131,-0.003791309040033764
36,-0.013792464600973456,0.0005527123817110008,-0.0037783398604141222
37,-0.01754642084162386,0.003011393726544206,-0.0037255063413001825
38,-0.01834409158557563,0.002309662310472407,-0.0036647691907277253
39,-0.015968357419892373,-0.00011469152211422348,-0.0036104020405280726
40,-0.014511635388154087,-0.0008585685795628357,-0.0035717982033453607
41,-0.012780787631595604,-0.000520090238474942,-0.0035734652029994277
42,-0.011276814392716647,-0.0003025219963482019,-0.003613570065192799
43,-0.011567550681395838,-0.0004511274440950905,-0.0036491860949708875
44,-0.013788485435800378,-0.0007880746300951719,-0.003650455375545071
45,-0.015962228138496203,-0.001086061830669673,-0.003630603718010373
46,-0.01579549850352929,-0.0012602911983064756,-0.0036171900512142197
47,-0.014623754570628238,-0.0013329495834357701,-0.0036196976805520902
48,-0.012121961486379722,-0.0011505426721508507,-0.0036375854205533097
49,-0.011336612561625312,0.0008062405289464636,-0.003675717919028038
50,-0.013570273430068648,0.003390525401197164,-0.003736357351868322
51,-0.013552995389302547,0.0026917392194415694,-0.0040637320824193825
52,-0.01336177976850824,0.001988267686847273,-0.005011552942956054
53,-0.016821660305726294,0.005061244179926854,-0.006439945296113971
54,-0.02013149503955494,0.008167183208555535,-0.007946521311678303
55,-0.020643093616943227,0.025496248626584124,-0.009326150656577976
56,-0.01987151762123956,0.07930231854797613,-0.011595742662274606
57,-0.01910376075821736,0.15868189317340484,-0.01837893062603495
58,-0.018765236740440214,0.23918237122764685,-0.0336901629103344
59,-0.019088399697170452,0.3043967931678361,-0.05819517438222671
60,-0.019856562554533205,0.35018678753981547,-0.08975076875675435
61,-0.020467229565020326,0.39368963134280355,-0.12691098354055005
62,-0.020764470834624717,0.455647029076532,-0.1707421638307277
63,-0.020734071069644415,0.5395782982869302,-0.22345380462158554
64,-0.020202505092767303,0.6333892959099889,-0.2865328558047505
65,-0.019481255416874836,0.727506389516152,-0.3604575752357275
66,-0.01893058048026748,0.8111919517672979,-0.44301011186148853
67,-0.018629358244602198,0.8694543594470767,-0.5271481016257127
68,-0.018756968307075614,0.9038789833109651,-0.6044136703717564
69,-0.019165902060488793,0.927105728220643,-0.6698231081400627
70,-0.019537121170127847,0.9461745224660323,-0.7220478612532037
71,-0.019844311361082306,0.9673040501992114,-0.7615843800815401
72,-0.020100851371281148,0.9999640203522637,-0.7895663677215103
73,-0.02010451262816486,1.0438403720449214,-0.8072257890985663
74,-0.019721571866471214,1.0884699005593794,-0.8158424490129268
75,-0.019139158072000687,1.1273829660472665,-0.8169274324540119
76,-0.018622493071280784,1.1507570546830665,-0.8123847421546238
77,-0.020098952887808275,1.1517936368836197,-0.804478828748372
78,-0.022701438202709937,1.147450708675855,-0.7955664480489135
79,-0.022101316529682682,1.1323632979465659,-0.7876653339230562
80,-0.021519941846680837,0.9898194154680082,-0.7722715326204739
81,-0.025020723794124858,0.7687017864744377,-0.7456745515451422
82,-0.028623265963541006,0.7722249261605691,-0.7262867321546942
83,-0.029508185531082004,0.9862015381801963,-0.7221381900133177
84,-0.02885033627416725,1.130494041624555,-0.7250008273131032
85,-0.028048174798958894,1.1360139571727734,-0.7294307956137309
86,-0.02770606463228724,1.0885586823326983,-0.7329984275279424
87,-0.027832427998214948,1.0552869804838543,-0.735702034520523
88,-0.02825557700716587,1.0523895265555017,-0.7388373282776206
89,-0.028649985692135435,1.0617030610881466,-0.743742831006255
90,-0.02882674964153248,1.0597163937030825,-0.7508474796151277
91,-0.028807100031362276,1.0378873904767776,-0.7593067221502325
92,-0.030288981119619876,0.9978468378642873,-0.7672811431250608
93,-0.034086034445822824,0.9410951437942867,-0.7726613238527391
94,-0.03688851623283333,0.874309230339296,-0.7739474114019358
95,-0.03709032648480587,0.8093469076017531,-0.7708930273416252
96,-0.03667686007086347,0.7531793100591435,-0.7646002639294804
97,-0.036868576301165315,0.7080822598587337,-0.7571250631801576
98,-0.03744100286082003,0.6767862192293941,-0.7507537324182691
99,-0.038066732725433705,0.6540578901822398,-0.7453257448287309
100,-0.0384606633481671,0.623230479743965,-0.7358638450294503
101,-0.038323124107784004,0.5763459645641738,-0.7171909734882909
102,-0.03771904416035267,0.5215245773753769,-0.6891712117073474
103,-0.03855579363095425,0.4608483289621611,-0.6545012371574714
104,-0.04197917857800437,0.3909314380723754,-0.6157655595564344
105,-0.044883221943409185,0.32151497944622376,-0.5752717290377634
106,-0.04559633346656465,0.2608116472817702,-0.534085646096665
107,-0.04576668043756421,0.2111239341890982,-0.49182319985118284
108,-0.04632602407995701,0.17881660375415964,-0.4482625539274765
109,-0.0470976159482564,0.1445581001571421,-0.4009288846573986
110,-0.04767239955012906,0.013208751529322438,-0.3369969235778947
111,-0.047714951461057475,-0.18016590296727086,-0.2506318271903919
112,-0.047080697436083424,-0.21867569810489806,-0.162991054508821
113,-0.04604559681061576,-0.12212746275277442,-0.09325028754032538
114,-0.04506042133012507,-0.09045740303040173,-0.03968995311930401
115,-0.04430593705063118,-0.1554418762987897,0.004326221329136792
116,-0.044012142717497746,-0.24336766839593116,0.04332913702608532
117,-0.04439859929659379,-0.3063383736888432,0.08033094371388316
118,-0.04525722581816968,-0.326870875579619,0.11599259824561925
119,-0.046256554807302314,-0.31848387342447493,0.15024176686467539
120,-0.0468688940546369,-0.3184413693050634,0.18412653800115825
121,-0.04678185538880078,-0.3487444649654846,0.21797522812599407
122,-0.04615236762588788,-0.40620393814972156,0.25040690686604666
123,-0.04520464554416903,-0.48552490409303717,0.2814324442137305
124,-0.04424715106742906,-0.5806948871398867,0.31300918396130784
125,-0.0435099412100161,-0.6682655050375783,0.34628199580926566
126,-0.045047342370834936,-0.7222955799727151,0.3802385651202047
127,-0.049816080429255824,-0.7310847039599908,0.41109576224922706
128,-0.05395801697918812,-0.6949905093401176,0.4335526533911833
129,-0.055149662333463134,-0.6278503121058041,0.44338580773481406
130,-0.05486201554767889,-0.5527379840349183,0.4392612543873595
131,-0.05455404226827165,-0.4917323575848227,0.42379519435344637
132,-0.05469014107169498,-0.4619221985587201,0.40245113455046366
133,-0.054963603818757284,-0.47038811477765385,0.38158682625911744
134,-0.05466891026546042,-0.5106855754338635,0.3670236115321791
135,-0.05382815007518918,-0.5636287818179584,0.36166478157685245
136,-0.05309150306833896,-0.6030160523302801,0.3645323917558372
137,-0.05271471822911519,-0.6104063235674053,0.37183658948166776
138,-0.05271457672004595,-0.584396726770392,0.3784260382770803
139,-0.0528267251064416,-0.5351905541213458,0.38003719256197344
140,-0.05297776146013186,-0.4769700999072557,0.37481291237043024
141,-0.053226555321565616,-0.42924294287354314,0.363309306580728
142,-0.053349756548937116,-0.40826510561626095,0.3483124126096675
143,-0.0531924370776774,-0.4150195903821714,0.3339453533635546
144,-0.052933981271850034,-0.4423213234779022,0.32393754826171883
145,-0.05262346716870389,-0.4779576900107958,0.320446280637641
146,-0.05203223080947611,-0.5036980659820658,0.3229684039651225
147,-0.05146810216745737,-0.508197938473175,0.32853014732535246
148,-0.051324779094864936,-0.4903606326858645,0.33356216364536384
149,-0.05168154677442943,-0.45537323711916056,0.3348259849727916
150,-0.05239705874962047,-0.4148975099615899,0.33042696570631436
151,-0.052953897390211085,-0.3802416443767045,0.3210552979576554
152,-0.05307155712464137,-0.3615035813739067,0.3091139547018751
153,-0.052717452507714785,-0.3638459480217019,0.29753072378430245
154,-0.05213949429830009,-0.38201734493926576,0.28927455905032806
155,-0.05185357255135617,-0.4051498012810226,0.28610293615689963
156,-0.051778374427080526,-0.4217931823144163,0.28741834178956105
157,-0.05164489840663297,-0.4245275228069513,0.2908422420219401
158,-0.051531755016234665,-0.4117666164881011,0.2938485449473244
159,-0.05136135223645036,-0.3873569359280691,0.2942616992268071
160,-0.05120993194381626,-0.357751403077615,0.2907306938394907
161,-0.05140541668003426,-0.3326892808133095,0.2837369483943154
162,-0.051700330620784885,-0.32161396753097327,0.2751720205365492
163,-0.051713955313269944,-0.32379413357024733,0.2670444654857893
164,-0.05133108828860164,-0.3330679115417712,0.26087216303925465
165,-0.050621598379760324,-0.344183499404426,0.2576639742866925
166,-0.05002252974680155,-0.35161479559664144,0.2574668769134687
167,-0.04975505810953945,-0.35126105403791896,0.25890747716183005
168,-0.049834750805198266,-0.34231767309998096,0.259961453095203
169,-0.05020847314515549,-0.32702436592573436,0.25930315402756143
170,-0.05049990229345315,-0.3096775583330347,0.25658368342368143
171,-0.05036771056841462,-0.296583061086799,0.25188540586382435
172,-0.05005877394073033,-0.28979564699799254,0.24579026546872362
173,-0.0499198465138857,-0.2874619163781149,0.2396954233766243
174,-0.049714382463017986,-0.28853286870906425,0.2350084189651247
175,-0.049571886822961375,-0.29063905456208694,0.23212125853133792
176,-0.049762108242058845,-0.2927204068872993,0.23059585267822136
177,-0.04973040816237892,-0.2923385175750116,0.2298555034159258
178,-0.04918479209759451,-0.28696199199648187,0.22927357247559854
179,-0.04880307690723698,-0.27819505845576686,0.22796500121027102
180,-0.04882207938802248,-0.26841023845591017,0.22524128719213243
181,-0.04714370997977063,-0.26122072478853187,0.22133331953209312
182,-0.04297913486788088,-0.25668470333907645,0.21704841213794224
183,-0.03977296926188523,-0.2521941876512797,0.2128669657118034
184,-0.03914221207760321,-0.24938911701560368,0.20895161716602706
185,-0.039257415939241896,-0.2475113898120579,0.20565942130943915
186,-0.03903830238729705,-0.24407385639238127,0.20328083668922114
187,-0.038460503933427245,-0.24135709329953653,0.2014420164786921
188,-0.03767038330693033,-0.23940872383062473,0.1994808409433258
189,-0.037068527022587394,-0.23618400347775448,0.19723750361909553
190,-0.03705134528689617,-0.2339157065862243,0.19490138404504748
191,-0.03751435795902751,-0.23223654133516036,0.19261131766315465
192,-0.038110522172078914,-0.22792057803662225,0.19022597855449497
193,-0.03869925045096985,-0.2175496814041915,0.18747050461458914
194,-0.03906797258301069,-0.1826603317698785,0.184518601771962
195,-0.03735275713096786,-0.10433089911032734,0.18017036140536125
196,-0.03450305411944206,-0.0018732164100337956,0.17022120881014646
197,-0.03476397064973477,0.08819664594622983,0.1504314776164143
198,-0.0367026164955952,0.15415337413851066,0.11996676676977158
199,-0.03544464597434391,0.19180484432264933,0.08237751331740395
200,-0.03079931707980188,0.1486014637196048,0.04873390098062058
201,-0.02728323391001898,0.06580884118856789,0.02535727371219676
202,-0.027050666334945336,0.13234127652098548,-0.00249573728057495
203,-0.02972843492216537,0.350635051423726,-0.05121418599533578
204,-0.0326220025267788,0.5438851183102555,-0.12167999012721042
205,-0.033006390112624656,0.6539599961808042,-0.20891955624683511
206,-0.03380247945393185,0.7246671107598712,-0.30739210322538224
207,-0.03537338356586746,0.7858389300322275,-0.4090489175837271
208,-0.034070394701764276,0.8504060679146259,-0.5049268798274686
209,-0.03168355894729742,0.9250742362519571,-0.5893451948923536
210,-0.03136521749062483,1.004649238102929,-0.6604664969161662
211,-0.030536212051659323,1.0801857399454406,-0.7180583001874332
212,-0.028781807117926397,1.1241137109685848,-0.7620160146853965
213,-0.028162159618561514,1.104491635324469,-0.7920767129273307
214,-0.0280152852257589,1.0311048759488406,-0.808322324313334
215,-0.029000170630595727,0.9370736353888041,-0.8119014772828259
216,-0.03178873333216686,0.8539065537855217,-0.8054476515510509
217,-0.033790318196873066,0.8103630314299051,-0.7928986181618818
218,-0.03400190638827082,0.812401737891836,-0.778729505073221
219,-0.03413183580788477,0.8422604401525708,-0.7668793102538776
220,-0.034931162272674204,0.8773369761551166,-0.7597821700529943
221,-0.036225397116624314,0.8972654829682281,-0.7578716268029426
222,-0.037443305444151115,0.883777265017393,-0.7597380293833138
223,-0.03796035226271985,0.8319807877826655,-0.762868089964944
224,-0.037602399025355324,0.7562758977132464,-0.7646818815202647
225,-0.03650215775468209,0.6697106601736729,-0.7634859286172171
226,-0.03493324185140469,0.5807587550014257,-0.7590118628762856
227,-0.03353951821799862,0.5070129138044166,-0.7523810145884502
228,-0.03300061801822744,0.4584105134767684,-0.7455551958284867
229,-0.03339644716806453,0.42601795931576547,-0.7405175897763543
230,-0.0343824658799914,0.3956726007892486,-0.738508836659135
231,-0.03564572432995654,0.3478011666953027,-0.7395985629439348
232,-0.036622411042844624,0.26353809380223703,-0.7427270100117564
233,-0.0368854506605206,0.14745248506119135,-0.7461664070044198
234,-0.0364660389417998,0.021131540463238396,-0.7481991556396479
235,-0.03551768538352963,-0.09978393094881888,-0.7477443692224199
236,-0.034361394635335746,-0.2074791671796985,-0.7447038704700173
237,-0.033312638055994076,-0.30219934613649757,-0.7399206957810069
238,-0.032816385347059385,-0.39265361039562385,-0.7347955552685697
239,-0.03306233603222805,-0.4877126465062318,-0.7307301565359963
240,-0.03376614166454371,-0.5870314254014835,-0.7286168895654457
241,-0.03469845577157357,-0.6868675405298985,-0.728559010198659
242,-0.03549081368007499,-0.7830884744915005,-0.7299044300473609
243,-0.03568701038815146,-0.846769185882936,-0.7315528373783011
244,-0.03519710362382604,-0.8529959746093903,-0.7323982486943581
245,-0.034337960175279375,-0.8247382716958931,-0.7317315453064346
246,-0.03510772250045513,-0.7998431639246364,-0.7294587933460215
247,-0.038636630289248935,-0.7955939917403738,-0.7260731894374859
248,-0.0401262202195596,-0.811015640732569,-0.7224157983813093
249,-0.036865238099832276,-0.8365965756834992,-0.7193348619282962
250,-0.03532636220708506,-0.8608881086222602,-0.7173795609323239
251,-0.03927393022481199,-0.8743579644593233,-0.716636778425122
252,-0.043705812315103204,-0.8720320265615831,-0.7167544577118052
253,-0.043319567472160786,-0.8548686904631215,-0.7171210654727251
254,-0.04034909327195915,-0.8292213672302415,-0.7171164314245779
255,-0.04046010517033259,-0.8043677351433876,-0.7163331327760432
0,-0.042194338774257475,-0.7889848654445955,-0.7146913064528888
1,-0.04221531020200797,-0.7879314592875373,-0.7124195185921283
2,-0.04163495081596007,-0.8005590038032926,-0.709927897181742
3,-0.04177235768036293,-0.8211440253525106,-0.707636123968111
4,-0.04246556295445854,-0.8412053874957235,-0.7058263502293136
5,-0.04302825411043411,-0.8527691739828436,-0.7045707180301999
6,-0.04331497926769223,-0.851323615632483,-0.7037468353526577
7,-0.04343122691729731,-0.8373702607534197,-0.7031189028468718
8,-0.04324557688400325,-0.816044732485478,-0.7024412766310497
9,-0.04289451306770624,-0.7950231243999648,-0.7015411515916015
10,-0.04227421219310193,-0.7815631763496056,-0.7003543906178955
11,-0.04130502816471321,-0.7798195881770835,-0.6989131393163353
12,-0.04076106952717211,-0.7894247533350098,-0.6973040087031621
13,-0.040897127699841995,-0.8058128682424135,-0.6956232497297519
14,-0.041278928750088845,-0.8220941192482725,-0.6939492378489469
15,-0.04169447803805382,-0.8317146260877859,-0.6923379974735444
16,-0.04184537793439659,-0.830876833915517,-0.6908330119876969
17,-0.0417127401004692,-0.8198286967431354,-0.6894736816499893
18,-0.0416527487948298,-0.8025912026611071,-0.6882903855116829
19,-0.04170463455599252,-0.7852955348276904,-0.6872853529381815
20,-0.04156301194366052,-0.7738119763075728,-0.6864106692163452
21,-0.04101749223816169,-0.7715855227007979,-0.685560570887078
22,-0.04029096101620691,-0.7784736812033377,-0.6845908835584427
23,-0.04006262024965168,-0.7909711378888917,-0.683365492597716
24,-0.0405619023027001,-0.8036711361744318,-0.6818143065601678
25,-0.04116338851743191,-0.8112778741657856,-0.6799772511767583
26,-0.04126954283017949,-0.8107348373980345,-0.6780102924918345
27,-0.04101653904792518,-0.8022958721693447,-0.6761430801218677
28,-0.04092510017998621,-0.7889001883768743,-0.6745984348585872
29,-0.040909571938282444,-0.7751028258959691,-0.67350265010395
30,-0.040702715935397274,-0.7655172312640102,-0.6728235612411944
31,-0.04041973376419082,-0.762965648978138,-0.6723658283690677
32,-0.04021497558294687,-0.740872790452004,-0.671831717301576
33,-0.04014660405364026,-0.6562238112157233,-0.6709288915337697
34,-0.040184818866990504,-0.5202259304801458,-0.6694854417410225
35,-0.040259678303212046,-0.39724236972630544,-0.6675260879840526
36,-0.04030198051676366,-0.34945809712229536,-0.6652759188339887
37,-0.040268436832551574,-0.3841016806394638,-0.6630852105558955
38,-0.038420553597614926,-0.4604093379974925,-0.6613004092656865
39,-0.03398639281214333,-0.5555015027894233,-0.6601295004619048
40,-0.030391864943015323,-0.6451207536448976,-0.6595548156872311
41,-0.02937141736585111,-0.6915719550140468,-0.6593299903081324
42,-0.02943187727439832,-0.7098048694385402,-0.6590659727891528
43,-0.029379397378472644,-0.7398769381390013,-0.6583758956860883
44,-0.027231094206164548,-0.78674397840655,-0.6570242239012829
45,-0.022557188805116944,-0.8304953083958213,-0.6550220269447422
46,-0.018937622870080426,-0.8500557499712955,-0.652629561065593
47,-0.0183035304178722,-0.8366727202361441,-0.6502625709494283
48,-0.01900015452852482,-0.7961975332959275,-0.6483362902461571
49,-0.01942999989439155,-0.7447974470105512,-0.6471062441695481
50,-0.019292761001925424,-0.7017984755390552,-0.6465674610705558
51,-0.018984956350765636,-0.6823076253032778,-0.6464521551567188
52,-0.01867311275640096,-0.6918253733414517,-0.6463283821298791
53,-0.018356183121767886,-0.7150060599308836,-0.645763053586617
54,-0.0165810173770791,-0.7200767883930581,-0.6444872936750254
55,-0.012623501255532917,-0.6954762052346508,-0.6425005099052203
56,-0.009654660038690553,-0.6624615896455945,-0.6400594857721895
57,-0.00927944220513037,-0.6416757465902618,-0.6375978924116781
58,-0.009668592848853977,-0.6325813215575722,-0.6355829909522777
59,-0.00787629772646464,-0.6309222472872166,-0.6343035349876958
60,-0.0032264898317298785,-0.6316446772349078,-0.6337558045578464
61,0.0005028979561649983,-0.6255964455197758,-0.6336662490165355
62,0.003343183552673242,-0.6110845161189564,-0.6335932733271776
63,0.0077334361439843295,-0.5933355678227337,-0.6330933614589227
64,0.011107772655823547,-0.5745044269109338,-0.6318879980440846
65,0.013287618741129652,-0.5579852399928655,-0.629967646090043
66,0.01680253592590881,-0.5544213824184938,-0.6275933203153274
67,0.021523724400530388,-0.5592889123386668,-0.6251956163509251
68,0.026603530607524226,-0.5562016919052076,-0.6232102253554339
69,0.03000823031691125,-0.5371015731606743,-0.6219129443415967
70,0.030970959497584674,-0.49941281398884696,-0.621316895902053
71,0.032775421636757215,-0.44796352244420934,-0.6211704098280677
72,0.03703915500656868,-0.3942220469302046,-0.6210553034409867
73,0.040389479331523176,-0.3483281595084675,-0.6205470871749685
74,0.04266455363052381,-0.31083160041238345,-0.6193755205411298
75,0.0462993396444701,-0.27301166283308365,-0.6175245958862898
76,0.04910768187592382,-0.23289478475690895,-0.6152348778893313
77,0.04958319033273009,-0.19354613379345054,-0.6129087552480244
78,0.05105462774949637,-0.15358670765181548,-0.6109560164300418
79,0.05523887362366206,-0.117576657381811,-0.609639208764216
80,0.05873461144177655,-0.08701715913390717,-0.6089773217082768
81,0.05979943999626258,-0.04779468438303536,-0.6087431913432635
82,0.059866437653732035,0.0020727285172648102,-0.6085538558411412
83,0.05971688178890336,0.0456601000326986,-0.6080178973233099
84,0.06120231488570671,0.07974824140757475,-0.6068829435556855
85,0.06351212638238277,0.11475695008308917,-0.6051276126186425
86,0.0640882029409125,0.15290480370010162,-0.6029643878394071
87,0.0651558378902451,0.19121969099782488,-0.6007543284598393
88,0.06710376018117933,0.22581281563206201,-0.5988678250525852
89,0.06797094260661346,0.24790518150429208,-0.5975451933269176
90,0.06799859395685887,0.2588180379708205,-0.5968096648235959
91,0.0681579144244798,0.2708095709598619,-0.5964642498976445
92,0.07054478207742002,0.2850366482729978,-0.5961714957459825
93,0.07511075363728717,0.2962603212469629,-0.5955839162998102
94,0.07814968882559056,0.31143326531948723,-0.5944746242091825
95,0.07849143239316289,0.33459305529575045,-0.5928190013726378
96,0.07771912663514452,0.35595486488532685,-0.5907980725011215
97,0.07699307608619199,0.3779501498624651,-0.5887245808081076
98,0.07706167900603397,0.4123505773904641,-0.5869218425744618
99,0.07762167259748975,0.4525600722527585,-0.5856023323096424
100,0.07807440441091593,0.4856091972421779,-0.5847916172375338
101,0.07825370467662218,0.5116707926608655,-0.5843247792390585
102,0.07798897828756252,0.5256551968837899,-0.5839143421592536
103,0.07725197255031199,0.5170258922375739,-0.583261875235938
104,0.07646850841947098,0.490250590810391,-0.582169949850291
105,0.07593776978212324,0.45643541404233645,-0.5806124510513762
106,0.07562244448608924,0.42309232859105944,-0.5787383220566802
107,0.07564655174946577,0.39594397238030443,-0.5768096774244593
108,0.07606859841348948,0.3772674847703128,-0.5750998169550965
109,0.07651062142836937,0.356696597921798,-0.5737907944647598
110,0.07655210921265887,0.32208435986337647,-0.5729089079581882
111,0.07635048937339683,0.27725419694423237,-0.5723208304318912
112,0.07636487525404023,0.2230826500255143,-0.5717895130050303
113,0.07643761529918852,0.1525815114351713,-0.571066631899827
114,0.07609058104950397,0.06996042316660989,-0.569985573270122
115,0.07535365415727874,-0.016061501924317323,-0.5685201797110535
116,0.07473395658927945,-0.1027160141680119,-0.5667887006608392
117,0.07465976909968611,-0.1886950299211786,-0.5650037335734703
118,0.07488304702990581,-0.27278801082365745,-0.5633891106790558
119,0.07483121194766543,-0.3557167462952631,-0.5620961597439413
120,0.0745851012187671,-0.44245028166793726,-0.5611506105010473
121,0.0744449822095807,-0.5330438435226611,-0.5604486067205903
122,0.07451805294146677,-0.6157169572116028,-0.5598011268080323
123,0.07462225734048003,-0.6876072195778276,-0.5590080720211448
124,0.07450161640528824,-0.7567607929622517,-0.5579330601351569
125,0.07427355946413419,-0.8175887383431921,-0.5565510356687335
126,0.07407862916489369,-0.850573396141721,-0.5549522526869952
127,0.07413380259320512,-0.8417906945232683,-0.5533032340090105
128,0.07433233361313168,-0.7943774887117816,-0.5517813174233124
129,0.07438707707577574,-0.7272570949635861,-0.5505084286364756
130,0.0741641295349689,-0.6661666706707552,-0.5495087371610028
131,0.0738165582820485,-0.6329725099515935,-0.5487047192148333
132,0.07377303939868363,-0.6376565359097355,-0.5479511167644384
133,0.07370902093433798,-0.675467631791989,-0.5470922102214861
134,0.07322816849693706,-0.7297322912339592,-0.5460199186599317
135,0.07289561635449313,-0.7788541912929612,-0.5447111322222975
136,0.07307368657473662,-0.8046395134679125,-0.5432315658791071
137,0.07149821202528486,-0.7987816090895108,-0.5417065556481269
138,0.06720169649324217,-0.7652261484047429,-0.540271467763155
139,0.06384554066385598,-0.7178263277210881,-0.5390212407937747
140,0.06312245489701704,-0.6744970525757386,-0.5379777826204781
141,0.06328728477669895,-0.6502979018966335,-0.5370862341554967
142,0.06312178733729656,-0.6520967236400284,-0.5362397630268192
143,0.06251590340452567,-0.6766774921171606,-0.5353220027209931
144,0.061677303494779984,-0.7127286591772197,-0.5342503832722412
145,0.061199329607249775,-0.7455840068948427,-0.5330043069568664
146,0.06136494745029186,-0.7630699107106331,-0.5316287368793144
147,0.061625809586643876,-0.7598285349270077,-0.5302134580163578
148,0.06202828875209468,-0.7383389034826098,-0.5288572413868604
149,0.06272495960785546,-0.7074563555804545,-0.5276311070592821
150,0.06316626822466145,-0.6787905587511798,-0.5265542612311629
151,0.06302923900142199,-0.6620562695981151,-0.525590681310742
152,0.062343670505483395,-0.6616604735424638,-0.524666158609427
153,0.06148579175147892,-0.6756220944236666,-0.523698086353164
154,0.06092265550847159,-0.6969546859670537,-0.5226261442581304
155,0.060710027205521544,-0.716742718053526,-0.521432569581507
156,0.06078277286824471,-0.7276005151036709,-0.5201453767117188
157,0.06087340669031033,-0.7261940939694993,-0.5188246552288134
158,0.06093513680497889,-0.7139924102365809,-0.5175382764113676
159,0.06106318177323766,-0.6961664004699482,-0.5163367209401488
160,0.05950793935790097,-0.6792581579507471,-0.5152362778491106
161,0.05534831133426227,-0.6686337640085451,-0.514216037582117
162,0.051804023974587554,-0.6666950261306572,-0.5132286007475795
163,0.05070462641694706,-0.6724197422598278,-0.5122194204842558
164,0.05049157737410134,-0.6822252858925764,-0.5111469939452487
165,0.05023616982287435,-0.6916486339459176,-0.5099965116430722
166,0.04999953263372875,-0.6970938867021849,-0.5087826386782062
167,0.04977034574186984,-0.696978639576697,-0.5075414635810058
168,0.04965526071158616,-0.6919408818559596,-0.5063155799961296
169,0.04983891803535295,-0.6841848515674789,-0.5051383593492174
170,0.050123668922668424,-0.6763690050515128,-0.5040231421571533
171,0.05042273386449167,-0.670553010256592,-0.5029606915134119
172,0.05072381007989962,-0.667606153011848,-0.5019249071486009
173,0.05067243119516515,-0.6672166937143761,-0.5008838254654597
174,0.05022405870949284,-0.6683629903901473,-0.4998113795525956
175,0.04977333976965376,-0.6699352035469028,-0.4986956678520047
176,0.0494558616652756,-0.6711919023800758,-0.49754126081874794
177,0.0492480049284576,-0.6718777858688274,-0.49636552100725084
178,0.04922084722500614,-0.6720317436931147,-0.4951910408847666
179,0.04938343900260664,-0.6716739313866045,-0.494037376938401
180,0.049567483406039725,-0.6706022558105835,-0.4929150331255996
181,0.0496841220991793,-0.668441424772523,-0.49182339569874367
182,0.04973744328998406,-0.6649245515507554,-0.4907526626988663
183,0.04963567656002116,-0.6602368820740079,-0.48968842056997053
184,0.04935712341801973,-0.6551936096098725,-0.48861686249113556
185,0.0488935807147462,-0.651091633110527,-0.4875288259609891
186,0.04841032053249543,-0.6492381165220666,-0.4864216181275225
187,0.046486130391489064,-0.650337725914341,-0.4852985734448034
188,0.04245849663164125,-0.6540250850911291,-0.4841670405526639
189,0.04125226865857996,-0.6588007993221527,-0.48303579356559934
190,0.043375226255659705,-0.662470769112022,-0.48191271638485556
191,0.04291281411238368,-0.6629642224418375,-0.48080321273083526
192,0.04035032782999745,-0.6592157785952031,-0.4797094035701168
193,0.03893118356346015,-0.651731581428099,-0.47862996732431906
194,0.03844003524000837,-0.6425588558021014,-0.4775604869118357
195,0.03813262804766926,-0.6346104999274094,-0.4764942835709498
196,0.037977417780458295,-0.6305689163889875,-0.47542377845051176
197,0.03812618170468571,-0.6317903420467219,-0.47434231914040925
198,0.03838580916725119,-0.6376627151634673,-0.47324615384098956
199,0.038584092267529804,-0.6457129720596679,-0.47213596873223707
200,0.03862632975910081,-0.6524691533357609,-0.47101731359717647
201,0.038463015907996126,-0.6547733930677633,-0.4698994594445911
202,0.03832139827068139,-0.6510414536255287,-0.46879274785481106
203,0.03832721857187478,-0.6419607879820952,-0.46770512893269967
204,0.038274616652240925,-0.6303221359514934,-0.4666390660036146
205,0.036438269225029796,-0.6200147173843109,-0.46559005505096507
206,0.03376233947149465,-0.614550877222392,-0.4645475588088126
207,0.032807590337997725,-0.6156867339071008,-0.4634983023860759
208,0.03294511429274155,-0.6226858725575224,-0.46243092831304433
209,0.03316691243484911,-0.6325348737408247,-0.4613403538238261
210,0.031533657392888936,-0.64105198452111,-0.46023011968446625
211,0.028885114859615688,-0.6444769161008153,-0.4591116519915839
212,0.027661135619306665,-0.6409313606012044,-0.45800048074591126
213,0.027521244472138606,-0.6311781003994628,-0.45691065591557556
214,0.027683826212588816,-0.6183706480018883,-0.45584939434985716
215,0.02768258281455012,-0.6068746591680199,-0.45481403181944624
216,0.027567084533725195,-0.600605455742859,-0.4537925788139836
217,0.027480336783266765,-0.6015199233337998,-0.45276784768035916
218,0.02748013517427321,-0.6088479482133216,-0.45172373095409735
219,0.027543112803174633,-0.6193669130774295,-0.4506513128443481
220,0.026049537382724544,-0.6286208366219612,-0.44955246432405005
221,0.02214965109208171,-0.6326195282460199,-0.44843945543943775
222,0.01900086692118333,-0.6293654237592807,-0.44733060446129125
223,0.018211288467155765,-0.6196201940858983,-0.44624351147981645
224,0.018214733940642568,-0.6066153141005541,-0.44518839839658564
225,0.01800365390850587,-0.594817467003314,-0.4441641022153906
226,0.017455133690923063,-0.5882233720141743,-0.4431583094317695
227,0.01688435886830321,-0.5888386947612991,-0.4421520255354261
228,0.014944961782966216,-0.5959230132130733,-0.44112664980935046
229,0.01091024791669215,-0.6062863719134959,-0.44007100000722565
230,0.008054814870580594,-0.6155181711193851,-0.43897249417546447
231,0.0081243902476653,-0.6196726123672573,-0.4378378288345306
232,0.009088807239026636,-0.6167635769352235,-0.43671166950946816
233,0.009311806887730225,-0.6075000989669161,-0.43562549144757057
234,0.008516325554753137,-0.5949892264729629,-0.43458181026726694
235,0.007138351110744568,-0.5835304017469181,-0.43357456284220297
236,0.006022194472970461,-0.5769709997530909,-0.4325889936958647
237,0.005804623066141932,-0.5772544699232358,-0.43160528489595396
238,0.00630244622967395,-0.5837109251679573,-0.4306045997183021
239,0.00537764968508285,-0.593349487620447,-0.42957521814672783
240,0.00223159096137672,-0.6020263414800917,-0.4285163631141853
241,-0.00010434714542258833,-0.6060310162204212,-0.4274381762992252
242,-0.000562605099380796,-0.6034817204590774,-0.42635776732093045
243,-0.0007373855392060202,-0.5950035290108215,-0.42529276441316144
244,-0.0013952710945540417,-0.5834451623966799,-0.4242547580426914
245,-0.0024909090397927797,-0.5727598591178895,-0.4232450802546095
246,-0.003363131741935456,-0.5664908154102715,-0.42225448172745983
247,-0.0037953576864350816,-0.566442916123572,-0.4212667937116674
248,-0.003742706155343299,-0.5720397346103769,-0.42026515798926156
249,-0.003003388295996917,-0.5805942305959713,-0.4192384486337668
250,-0.0019041395730397623,-0.5883702160527386,-0.4181854573888255
251,-0.0024981785049235407,-0.592014898826223,-0.4171152835520855
252,-0.006132650438867118,-0.5898121821365423,-0.4160438215907871
253,-0.009763005875178352,-0.5822875800377132,-0.4149877179470187
254,-0.011219945699242069,-0.5719526123711829,-0.4139581105059529
255,-0.011833030215257029,-0.5623074194128954,-0.412956518202535
0,-0.012642080577133542,-0.5564976587177046,-0.411974404512393
1,-0.013496411205719365,-0.5561417566611744,-0.41099652889893523
2,-0.013966314728394692,-0.5607660370579544,-0.41000676738063113
3,-0.013744274990877665,-0.5680433878486553,-0.4089941709754783
4,-0.012750773119330972,-0.5747221770648485,-0.40795697671696796
5,-0.01136961219885275,-0.5778750008305333,-0.40690309687129367
6,-0.010257276532540386,-0.5759873279184118,-0.40584696613862437
7,-0.009839574166497066,-0.5694811872232413,-0.40480400174107056
8,-0.010129496018767937,-0.5604946573422878,-0.40378480664307537
9,-0.01099671295992724,-0.5520240494769191,-0.4027913003507748
10,-0.012143850615319349,-0.5467722574605061,-0.40181619068526864
11,-0.012965184896673455,-0.5461460172933759,-0.40084591195898556
12,-0.013156145364192615,-0.5497738363413469,-0.39986584782870294
13,-0.012836260518693812,-0.5556252332668263,-0.39886582473316756
14,-0.012145952015575355,-0.5610057125408816,-0.3978438073982371
15,-0.011397612671682673,-0.5636419864583921,-0.3968064538769125
16,-0.012395749438366653,-0.5621544126261822,-0.39576640116144435
17,-0.016052345999087506,-0.5566993007788386,-0.3926255910076202
18,-0.01766003237172715,-0.549062000772188,-0.3653574926354556
19,-0.016295819528904985,-0.5417796263488266,-0.29576203568375437
20,-0.017574855667878933,-0.5371264462143435,-0.2137415961844663
21,-0.02081579481676983,-0.536288055187667,-0.15192166299864274
22,-0.022432267419001617,-0.5388955449328419,-0.10733113891394086
23,-0.022579302202879,-0.5434075223079446,-0.06801826872452241
24,-0.02198369952639298,-0.5477870667239444,-0.026950627499026603
25,-0.021030649098002972,-0.5499193127733744,0.019656757246720613
26,-0.02017476012685635,-0.548561116416552,0.0729356625865834
27,-0.019775928846024478,-0.5439760152131485,0.13265181063178183
28,-0.019893766552503946,-0.5376233173220644,0.19945045896871189
29,-0.020295250301926825,-0.5315236467002593,0.2742204163686322
30,-0.02241632136640751,-0.527493796345655,0.35650312116457644
31,-0.026839528854575655,-0.5264949346421752,0.4449726346205189
32,-0.030108023090320304,-0.5283203477109326,0.5379579357033482
33,-0.030711490903504585,-0.5317275055950978,0.6326670643694456
34,-0.030420854635654207,-0.5349487187734598,0.7259841534055829
35,-0.03023328921459087,-0.5363731039143216,0.819102745506803
36,-0.030176055775692365,-0.5351369294939823,0.9136073846200725
37,-0.03009096153432317,-0.5314064587703684,1.00583283650014
38,-0.030090627517216584,-0.5262633467542734,1.0931933389635056
39,-0.03022324283175884,-0.5212557421780311,1.1752466040829241
40,-0.030152896414486506,-0.5144199341064195,1.2518258029210476
41,-0.029830327943158444,-0.49507553629818,1.3241539341866604
42,-0.029529697489745994,-0.45854959755295854,1.3928316957210956
43,-0.029278872456768468,-0.41245478829343596,1.4568715135280588
44,-0.029219889628008408,-0.35175411522370004,1.5141245079931815
45,-0.02939490927617454,-0.2675853504172636,1.5613956557374378
46,-0.02957855948095045,-0.14605636125246302,1.5953562846090472
47,-0.02968094134199961,0.12396782530163064,1.6131067182684626
48,-0.029666425027824336,0.4790645146195003,1.6139581845801327
49,-0.029610439033215814,0.5811696007104264,1.602099566875081
50,-0.02949840069197733,0.4309508284271326,1.5842711654754016
51,-0.029276121672733656,0.32704450759537984,1.5667324489633172
52,-0.02897969456059049,0.35337290510176,1.554290018917392
53,-0.028760729687835468,0.42587511313685633,1.5492554052233585
54,-0.02885027233842008,0.4852294679499334,1.5512960747122824
55,-0.02903790618177972,0.5243697943836351,1.5578505966989242
56,-0.029032742615507076,0.5542335880839171,1.5646859467864482
57,-0.02901856424115852,0.5925338613282376,1.5675324989481592
58,-0.02902996999014948,0.6512627700873439,1.564330215995291
59,-0.028882829867538387,0.7240168278193457,1.5552934224080013
60,-0.028689584929501494,0.8032449439217824,1.542810764327717
61,-0.028522827298009507,0.8838870921571442,1.530842304672333
62,-0.028369421145679904,0.9494690973072695,1.522637948692347
63,-0.028239183703123463,0.9836808979926062,1.5201886650213474
64,-0.02812998584442336,0.9904577686072389,1.52339579914196
65,-0.028154907546822414,0.9826098597064967,1.5297065148023243
66,-0.028378351187610604,0.9671816671337712,1.5356594129533203
67,-0.028658447275353258,0.9598725304926228,1.5381702617866173
68,-0.028638582809210167,0.9744929073803255,1.5358786968436569
69,-0.026639942403130175,1.0037299222050549,1.5292896378079557
70,-0.02384497464985673,1.0413618800421918,1.5200006976641776
71,-0.024366594805233198,1.088207463303425,1.510622631823189
72,-0.025085206284154532,1.1319901714901803,1.5039223994151283
73,-0.022080949524456897,1.1589783175866266,1.501387325519743
74,-0.01892307736249499,1.1734818705301868,1.5027596712076194
75,-0.018121957557450316,1.1812708799558655,1.5060486990061301
76,-0.01835254192890594,1.1991405975412017,1.50899004973448
77,-0.01835811687299599,1.2459523666419972,1.5089890593585067
78,-0.017984589601156266,1.2900750105067145,1.5041947058824103
79,-0.017503484555679308,1.2920908077867486,1.4964908050167827
80,-0.01718103545603969,1.2696296309680468,1.4886832316790097
81,-0.017085736336569457,1.2645046062581313,1.4821779256998382
82,-0.01714333482626937,1.2753690917836575,1.4777946045101586
83,-0.017442868588558494,1.2722390677829747,1.4757494148238584
84,-0.01780027976086923,1.2506352486556391,1.476125729148861
85,-0.018013314718750534,1.2181790737239404,1.4782647903945683
86,-0.016544457404185295,1.1770124857981434,1.4802552095889028
87,-0.012528660231401832,1.1391474689182948,1.480435210835926
88,-0.009050604904855437,1.1204485125522203,1.4784106111448172
89,-0.007837892320230667,1.1232290411810713,1.4746800967862415
90,-0.007554541890995369,1.1454076936190445,1.4697291846403218
91,-0.007247682452452173,1.1831242587229442,1.4641081702768033
92,-0.006867808560442712,1.2181779016091445,1.4589628296090345
93,-0.0066406530130883835,1.2349292239490977,1.4555664264196566
94,-0.006585274079909751,1.235837583613994,1.4542510970807458
95,-0.005067940822626245,1.225881768999379,1.4542890374021678
96,-0.001301669959974626,1.208091627007993,1.4546251197831066
97,0.0015008648958637558,1.1956252658581894,1.4542734575320497
98,0.001696321549444036,1.1999222046032236,1.452657466445464
99,0.0012604231781976477,1.2173528076517113,1.4494663853050525
100,0.0017984689930531754,1.2473799603962479,1.44498938812331
101,0.0029384603452251717,1.2920651558312746,1.4401084661581063
102,0.003855832443840579,1.3405601562346012,1.4356066026620447
103,0.004487645561652032,1.3819491470164849,1.4322395594856037
104,0.0043920814398699555,1.4155975754296009,1.4304675363744446
105,0.004953413169500126,1.4310277451925462,1.4299160494365504
106,0.007633861112107981,1.4101512757556147,1.4298267161034302
107,0.009797359831620896,1.3567413659715046,1.4285686713830823
108,0.010164522919359098,1.2979296687669364,1.424260327080411
109,0.01034854470148909,1.2704386599981419,1.4183488065520824
110,0.010997664396181793,1.2884418774174877,1.4136933902797848
111,0.012122344778994237,1.3320212209465638,1.410360168862875
112,0.013365162874134279,1.3769919676460995,1.4076729430321109
113,0.014066768457866273,1.4075380879232826,1.4058064317552752
114,0.014033757205807407,1.4173975955318103,1.4043830435660087
115,0.013267976180354977,1.4065528378805898,1.4029880895447686
116,0.013519262514164531,1.3799387608444746,1.4017807868625427
117,0.016295613697561457,1.3478375487864107,1.4006539003907488
118,0.018996817452852355,1.3180243448808406,1.3997474565691381
119,0.01999111441543036,1.300005313911024,1.399425368281261
120,0.02069801072359008,1.3017627285810982,1.3992658481345934
121,0.022054060179413734,1.318885562949319,1.3985589705055714
122,0.023621336065601226,1.3427709361696665,1.3969196236320052
123,0.024590208194620544,1.3644535001448492,1.3943168860826214
124,0.026352822687770963,1.374403289356025,1.3910559120602048
125,0.029525624074769732,1.3683685816064362,1.3873957428014076
126,0.03100617103073542,1.3472774054185788,1.3838008170394112
127,0.029927785235602723,1.3162036895739417,1.3809142146547466
128,0.028743830689331555,1.2830755579791502,1.3786383116204166
129,0.028924027682621242,1.256623930309836,1.3768595458953596
130,0.03024547295132604,1.2425793351067171,1.3756672149531086
131,0.033528143641633784,1.2364213822996915,1.3742481701539075
132,0.03895412559857303,1.2169181290264777,1.3718190769845204
133,0.042763862165485625,1.1635904183890262,1.3686353810908765
134,0.04309775891052163,1.086396624455693,1.3651150692443514
135,0.04171336672942348,1.0095892628683565,1.3613679820954117
136,0.04006943084096054,0.9512989629794428,1.3578307835437116
137,0.040633387968382756,0.9488150646155988,1.3546180666077188
138,0.04448602324211294,0.9792024028286517,1.3517389734291752
139,0.04818243251505552,0.9299043655148558,1.3502005951828702
140,0.04981759494250931,0.7945358379632734,1.3499417943194296
141,0.050704590105612096,0.6715383369579115,1.3496631820262528
142,0.051407140279969954,0.592002989175743,1.3485123479423096
143,0.05178656994148975,0.5318679092306546,1.3461557203207342
144,0.05170762271083282,0.4817846003533852,1.3428535902696401
145,0.05109217359247564,0.4379307839414197,1.3390392701983718
146,0.05019523856126806,0.3948834174798064,1.3351156625509857
147,0.049236995700064415,0.3603598494191156,1.3319860531714172
148,0.04848851869291804,0.3391504002885054,1.330208998884951
149,0.04830842173724327,0.32404466607916715,1.329365766794938
150,0.048691059300629336,0.30918238575123036,1.328708989121723
151,0.049398662509465174,0.2954265058642658,1.3274591508419777
152,0.05010580151056601,0.28081628293186356,1.3253484198914278
153,0.05233710008293335,0.26460251831784776,1.3221642590143348
154,0.056521086382104846,0.25870771515934887,1.317968031719563
155,0.05901067242454275,0.2659908501547994,1.313567904792365
156,0.05877816293044144,0.2761703725071859,1.309805981104871
157,0.05812760673257758,0.2912843534288282,1.3072208911121468
158,0.05804259014826568,0.3146095655012424,1.305593028648218
159,0.0583149230610866,0.3355415060233754,1.304437606358145
160,0.058633048585689546,0.35165538854186695,1.303312708288685
161,0.058997629186669426,0.3699036282503658,1.3018567639508896
162,0.05928100686773491,0.3880249099369085,1.299733436852398
163,0.05933395962696544,0.40481231549523145,1.2963856389978514
164,0.058997363343318315,0.42813395519448694,1.2919404653016033
165,0.058064663148225115,0.4581019773141193,1.2874825941435213
166,0.05718330901504462,0.4952059727188647,1.2841863809960512
167,0.05703512439188549,0.5372978200381577,1.282238453445527
168,0.057196830386156444,0.564589467202198,1.2813039425434005
169,0.057260581738408256,0.5744596509979174,1.2811060159196117
170,0.057639029580271894,0.5850764764994323,1.281062917235595
171,0.058269751354660504,0.6066734261632865,1.2804909544887488
172,0.058563135785279746,0.6352267199119996,1.2788766284700528
173,0.05837546008118555,0.6625503313384593,1.2760761066720243
174,0.057831460331544154,0.6896295973572555,1.2723485345652996
175,0.05716198920097579,0.7139536232560859,1.2685242714675957
176,0.056602152250833454,0.7286567512699782,1.265132487545042
177,0.05631827642890555,0.7432119095613237,1.262103422246815
178,0.054545423953812205,0.7683002136542068,1.2598813608230781
179,0.05053616869054112,0.7958367845353016,1.258938038659644
180,0.04766686335785705,0.8164360346831601,1.2588230645031895
181,0.04732662109792263,0.8350140913581461,1.2583870750878976
182,0.0476139708320928,0.8578735268394766,1.2568829633704408
183,0.04730138097486217,0.8800914939381022,1.254521436092014
184,0.046455955513505495,0.8916679325680459,1.2513734516390342
185,0.04563543861277236,0.883716487874878,1.2473388821104443
186,0.0450751752388846,0.8534255269911215,1.2432717469456427
187,0.04495626619395485,0.8081909773029596,1.2400613016716906
188,0.045421061529495765,0.7615845748882091,1.237595924204964
189,0.04622217813930887,0.7268781858609101,1.2358566996192462
190,0.047049317026327586,0.7119823733289474,1.2347406050034695
191,0.04744486126810468,0.718442053676438,1.2333059780501001
192,0.047185417620433864,0.7397544433428127,1.230955152237438
193,0.04658316212148286,0.7614571339266398,1.22804219359355
194,0.04584625953816003,0.770908709223687,1.225184907483762
195,0.045135342208139806,0.7631543267642251,1.2223565020259888
196,0.04464541997591473,0.7395104476381635,1.2190093098037273
197,0.04457183791061628,0.7060211186374854,1.2145684743893028
198,0.04505765310568985,0.6713943545829246,1.2091261332423962
199,0.045713426367739174,0.6457834922497163,1.2037682098260176
200,0.0460551383409831,0.6349145149640023,1.199354877858029
201,0.04613673520843113,0.63569591547635,1.1956841836069918
202,0.04597237895177078,0.6425630938308586,1.1915766381528332
203,0.04546588349334317,0.6504575890468116,1.185934519316933
204,0.04479973046053337,0.6533984366411265,1.1785141313618497
205,0.044159755609955276,0.6484653378800416,1.1693975792184332
206,0.043787851950565754,0.6356233772162119,1.1588361356600556
207,0.04229067649354562,0.6148435484425874,1.1475165211422338
208,0.0404632262219137,0.5899212250051749,1.136067391645613
209,0.04188086869545597,0.5692936585206989,1.1246092023100998
210,0.0445521317347673,0.5583801204921435,1.112683402759803
211,0.04526279792891409,0.5548422177126859,1.099584365617022
212,0.04472845301475305,0.5561983825802648,1.0852293161429643
213,0.04399314525960299,0.5605760603997225,1.0701114673342738
214,0.04349222222182035,0.5617232562744958,1.0547970124747477
215,0.04346155958125983,0.5572670700689537,1.0398310557785595
216,0.04373575416615885,0.5485570741413013,1.025692900079671
217,0.044084016427180184,0.5344685509159981,1.0126693668890927
218,0.044538766231043,0.5181239233978903,1.0007557995666252
219,0.04478961265330707,0.504828062366806,0.9896494126384758
220,0.04462257519747735,0.49570932401932977,0.978846802884632
221,0.04427870499232911,0.49026499776321264,0.9678783927160874
222,0.04385253015466509,0.4860580509951057,0.9564669471846856
223,0.04330415955719953,0.48267893064098166,0.9445491672708668
224,0.04279019980405967,0.4806605867067344,0.9322562986837069
225,0.04260605825927943,0.47648811560335136,0.919866831082524
226,0.0429012535223684,0.46971714681529475,0.9076967478939069
227,0.04349236533982584,0.4638375952618421,0.895980964569882
228,0.04396855378491414,0.45798285542973627,0.8847826428905177
229,0.04408531513666582,0.4484132815672741,0.8739799423490999
230,0.04387848935829175,0.43707511824389655,0.8633134039956682
231,0.04346945904231228,0.4278666760255557,0.852485128521264
232,0.04300606927388324,0.4211781439350408,0.8413030279749982
233,0.04263648705374877,0.41641240817785297,0.8297131040174106
234,0.04238695821302918,0.41282882243314584,0.8177880205100196
235,0.04224928255586671,0.4099254609054479,0.8057468339669747
236,0.04232700715494822,0.4072665016310244,0.7941228310608883
237,0.04257502022104495,0.40402789344923784,0.7834742347648782
238,0.042850396501197416,0.39935841608433487,0.7737006268543694
239,0.042951669437515466,0.3930797395149954,0.7643234556397214
240,0.04265329577145453,0.38528677820448354,0.7549884526967428
241,0.04220642154080115,0.37609632324036635,0.7454057671150309
242,0.04187331013403489,0.36637202723747964,0.7353943620082615
243,0.039994539046235705,0.357791463472349,0.7251900534560356
244,0.03760677582590222,0.3517079453216838,0.7152290651408546
245,0.03866161558113962,0.34836548803830814,0.7055128017495411
246,0.04136207264871199,0.3470446157050431,0.6957821286118306
247,0.04241169850905256,0.3464867667604241,0.6861788620835712
248,0.0422029302434785,0.34498341341937655,0.6770990643213888
249,0.04170386999399149,0.34260245836470293,0.6684554097069393
250,0.041289283134178414,0.33775621401686484,0.6598453861524387
251,0.04113671164818626,0.32840863931791053,0.6512849453821685
252,0.039600465540925264,0.31691743917425463,0.6429981032096308
253,0.037256233407718456,0.3061432517200522,0.6347387264230211
254,0.0365716528195307,0.2982862008210265,0.6260744844541601
255,0.03691810922680719,0.29449495993124986,0.6171297624394081
0,0.037149933162845664,0.29571693987426007,0.60832737430522
1,0.03679089994575238,0.30086261065206066,0.5996613061152822
2,0.03777576795851724,0.30437379655475216,0.5908904710899754
3,0.038093759609736905,0.30235197257565827,0.5821524812669594
4,0.036252710542687916,0.29523594784300955,0.5737540730079176
5,0.03691492695498823,0.28467854353211036,0.5655381537171953
6,0.03781844223756793,0.2742654284901372,0.5573715066434095
7,0.035122976733348174,0.26533581163025155,0.5494281407658366
8,0.032345077893219845,0.2576084368991284,0.5415102208098197
9,0.03184373507047003,0.2530760721114856,0.5335222060923595
10,0.03197550401567245,0.2525226013089217,0.5257012788519815
11,0.03146180889498572,0.2559438552153297,0.5181558291645887
12,0.030449924078877207,0.26099947944059565,0.5109548279862022
13,0.029598200637232397,0.26202390933306097,0.5038866309747199
14,0.030947535487411713,0.25633784666885295,0.4968157292948876
15,0.033564664891654244,0.24594712474219077,0.48989637004096753
16,0.03322532819087971,0.23370076525991956,0.482938436300852
17,0.03142729326871502,0.22386105092866246,0.4758358488291259
18,0.032898646400667,0.21938891696888918,0.46873262478698585
19,0.03589679709252516,0.21805158331393826,0.46168681703328285
20,0.036755562165856404,0.21791327857244513,0.4547369243812347
21,0.0376209546176858,0.22077281564617346,0.44788314350359637
22,0.03726995302531064,0.22440474888382544,0.4411581191420526
23,0.033141139975436926,0.22395018765303187,0.43438515079974027
24,0.029411211533001122,0.22007890344195513,0.42752615517217296
25,0.030374744370684298,0.21440814316439533,0.42084409757887875
26,0.03358824827325195,0.20558322835489057,0.4144557398278965
27,0.03359623876194491,0.19458689185828357,0.4083386682670802
28,0.03160889727011794,0.18698194868412057,0.4023476599171263
29,0.030653115185416496,0.1842957968961435,0.39631600102305
30,0.030242295384435222,0.18420467506128602,0.3901835366194044
31,0.029866094998335785,0.18714932117355443,0.38399221902069935
32,0.029405328962066254,0.19203814999089985,0.3778104284977889
33,0.02880950947128498,0.19374037709982284,0.3717103234881881
34,0.028368367634637556,0.18926086355826566,0.36575949300343924
35,0.028356353857822564,0.18156812225945518,0.3600248407855663
36,0.028706365229165906,0.17386014891948728,0.35451438868352325
37,0.02928731044112884,0.16555592130507776,0.34911998624472085