Counter,Channel1,Channel2,Channel3
248,0.11282252415874677,-0.34007271681354556,0.9396525054187368
249,0.11277502703396519,-0.33977076512397697,0.9379872330631995
250,0.11268468282943112,-0.33701572389535506,0.935733792938743
251,0.11249562039541905,-0.3344785720687231,0.9323203279999372
252,0.11081989829630295,-0.33338389781484734,0.9295394248401405
253,0.10683850557922636,-0.3320273022990111,0.9280846824340574
254,0.10349163636090591,-0.3298115695092151,0.9267794324326712
255,0.10250549838186646,-0.32723493354362543,0.9250270202161199
0,0.10264496888829644,-0.3251983611167443,0.9231908121787327
1,0.10260801890185017,-0.3245765042547484,0.9216034600553602
2,0.10181948849831507,-0.32550419374113604,0.9202524041631199
3,0.10063323658759105,-0.32573639453780223,0.9191823804161969
4,0.09998749324422568,-0.3236682282254568,0.9181525349393844
5,0.10012868291423926,-0.3216425513832688,0.9169364063854566
6,0.10057036109976192,-0.32076290777005867,0.9157901098156609
7,0.10105295760116029,-0.31948196758093694,0.9146720863013464
8,0.10123940915150409,-0.31694017901002636,0.9129680719755573
9,0.1010822175784285,-0.31374646904173265,0.9104730378479284
10,0.10092662313375655,-0.31126922693738523,0.9077569987419611
11,0.10082528630572513,-0.31040792290644903,0.9052280189030455
12,0.10050883554044127,-0.3113923820281057,0.9029815661352574
13,0.09981376912738116,-0.3136257059453136,0.9011656372221162
14,0.09916818534391492,-0.31435132597602533,0.8995165407453571
15,0.09917994264640206,-0.3118141028049015,0.8977625042077415
16,0.09965928016602749,-0.3086675401918163,0.8959420479220972
17,0.09994051308397872,-0.306472450404364,0.8939947897712748
18,0.09979447548512216,-0.304053746962456,0.8920933279114465
19,0.09950126150193772,-0.3010589111357528,0.8900382626920806
20,0.099377348937708,-0.29829337912039366,0.887487132985668
21,0.0993768074183895,-0.29699240259143855,0.884968300271586
22,0.09916459813554218,-0.2976804807763609,0.8828982362195328
23,0.09870779733564083,-0.29974840835580574,0.8812363320422953
24,0.09816253158622384,-0.3021455598882197,0.878902090878293
25,0.09781553586654984,-0.30381120737282286,0.8753670911264799
26,0.09806071938561206,-0.30399425279379544,0.8724792208577732
27,0.0985916705857311,-0.3010793089592875,0.8710231379355866
28,0.0987379896319388,-0.29471846177668015,0.8700979432976146
29,0.09850677715274297,-0.2888241696187782,0.8691312276850143
30,0.09835910305657436,-0.2859623947290576,0.8678983565303757
31,0.09821474725294083,-0.2851897360386022,0.8664499553746761
32,0.09768003210912124,-0.2856435819493913,0.8649790124898415
33,0.09700679709255389,-0.286742572695165,0.8634005358950332
34,0.0966310487709906,-0.28792595997832326,0.8616792632354655
35,0.09639044462225918,-0.2888613680187321,0.860000549476239
36,0.09624535676816434,-0.2891724435088392,0.8583424100365393
37,0.09647344106522243,-0.2885546044517292,0.8565493263025266
38,0.09680803327145235,-0.2870925594562146,0.8541553843774721
39,0.09668498582756543,-0.2853216024267824,0.851236461821022
40,0.09622481880377765,-0.2837997503020506,0.8482823343419983
41,0.09580729355741707,-0.2828190932987402,0.8451875855963618
42,0.09563652983119525,-0.28093132032790014,0.8422723149416873
43,0.0957718555145598,-0.27751690480014324,0.8402623660423996
44,0.09573108105476594,-0.27549664823204467,0.8392186189089532
45,0.09710146765512068,-0.27577716717944,0.8387486369820993
46,0.10111743335986648,-0.27638732734376115,0.8384587728130892
47,0.10434535136355744,-0.27593564672922744,0.8380345619822993
48,0.10492239548715115,-0.2742511945248972,0.8372474318093888
49,0.10466729843892908,-0.2721641286071047,0.8360124347242897
50,0.10633635737820496,-0.2705573116268086,0.8344234456687705
51,0.1155310497224335,-0.2697784585316787,0.8326536588969278
52,0.13766387862341456,-0.26996627041670884,0.8305551617432454
53,0.17742263722958512,-0.27101437303743103,0.828067789610861
54,0.2575531486374394,-0.27210176781168893,0.8247205524160157
55,0.3612802650737378,-0.2726378174159134,0.8203556002003407
56,0.40678971454352675,-0.2726240366741278,0.8167576672251009
57,0.38815450629519,-0.2718712725373358,0.8147146659612847
58,0.3794541460368326,-0.2702016176128935,0.8133780183351904
59,0.40625936115089956,-0.26827353055128866,0.8122627980189274
60,0.44579892467997095,-0.26711311072876853,0.8112088322470461
61,0.4799124347041295,-0.26691782034510025,0.8102196544864873
62,0.505292404026473,-0.26571344205834435,0.8093295345392599
63,0.5230320047078286,-0.2624894951772644,0.8085433964011068
64,0.5350790182376617,-0.26018251103734835,0.8078249735834797
65,0.5477663314424804,-0.2601991516937938,0.8070900306142912
66,0.5660024916629682,-0.26049865728191546,0.8061983414553029
67,0.5911780444088344,-0.25965358950792694,0.8049506572039253
68,0.6210636503190687,-0.25787936941821565,0.8032320960299089
69,0.6502272356611756,-0.25585393356076624,0.8011107642382633
70,0.6744354935929544,-0.25439778720336426,0.7987409269755874
71,0.6908911561713402,-0.25425125482597255,0.796366080817529
72,0.699073192071394,-0.254992915701471,0.7942172120451314
73,0.6994321469070002,-0.25579730933391187,0.7923554807145528
74,0.6955931005803477,-0.25648409786358517,0.7907641042470708
75,0.6943343763704879,-0.256998028088371,0.789374830437819
76,0.7001397677831596,-0.2568837442056383,0.7880162816440079
77,0.7121283966462024,-0.25569513481273864,0.786510701681784
78,0.7254343862385526,-0.2540890563245014,0.7847730073529204
79,0.7366228506849777,-0.2528098903598276,0.7828257275118036
80,0.7440118823727087,-0.25200544314336215,0.7807484350848135
81,0.7455071090906924,-0.2518534196755817,0.7783789382893507
82,0.7416679235765165,-0.2521499563266687,0.7757326377348348
83,0.7400329318528283,-0.2526886849507455,0.7734246946279937
84,0.7682780487891918,-0.25329044700674985,0.7706592005325086
85,0.8167236694322451,-0.2536826604787842,0.7667067531959968
86,0.815863020305325,-0.2536883396165809,0.7633546131527358
87,0.7669925497162908,-0.2530399351564808,0.7614394770104622
88,0.7347622547736115,-0.2517088208704018,0.7601652082214361
89,0.7356927393746147,-0.24860371480323984,0.759064907717639
90,0.7485628622128933,-0.2436759400792129,0.7579853700164128
91,0.7523179154202144,-0.24040388361132115,0.7569856378026765
92,0.7410582620477628,-0.24025983224986314,0.7561270414602743
93,0.7212712837218918,-0.24107388659394657,0.7554383283179327
94,0.6989554845572166,-0.24118919963521712,0.7548806689202183
95,0.6803781273375704,-0.2405728089406136,0.7542404503656173
96,0.6715640575818302,-0.2396152765683115,0.7532729919191012
97,0.6739934800478566,-0.23856675131349214,0.7518783502322812
98,0.6823510253000551,-0.2377567150008738,0.7500660604753087
99,0.6906325491637779,-0.2374056763063468,0.747940301926455
100,0.6947568963061794,-0.23761328115036773,0.7456750534149037
101,0.6903706729017418,-0.23807469602110298,0.7434502083664749
102,0.6782375814421135,-0.2384257771038365,0.7414592224590735
103,0.6604874243612298,-0.23854757857682984,0.7398164838947641
104,0.6403331159949082,-0.23820738797227525,0.7384477722728326
105,0.6259856574845022,-0.23743447782928473,0.7368880622080483
106,0.6224661872992876,-0.2365077751217819,0.7348346726443957
107,0.6266621444813782,-0.23564733408038407,0.7324235611828507
108,0.6337501363181659,-0.2351305248195663,0.729779463277141
109,0.64022686338013,-0.23510672717027536,0.7273195340224645
110,0.6424290647707536,-0.23538175169186337,0.7252864346061341
111,0.6396829697185611,-0.23562652595147127,0.7235236396843117
112,0.6323746454819188,-0.23573907236097336,0.7220145857568863
113,0.6258443928668638,-0.23569792496674935,0.7207856529873695
114,0.6491106465004677,-0.2353792574480731,0.7189521683609361
115,0.680559232170511,-0.23476958482820753,0.7160069127863606
116,0.6556533083357494,-0.23400495910897834,0.7133699229459278
117,0.6080909361797087,-0.23329513062388862,0.7117177440678482
118,0.5946028256167408,-0.2328203068532989,0.7104086769090032
119,0.604195606603255,-0.2327378898272886,0.7091046575774373
120,0.6145281055530512,-0.2329489330265081,0.7074859861411962
121,0.614610747422822,-0.2331783688706336,0.7054754762347581
122,0.6033718173057812,-0.23319434431963915,0.703661607846753
123,0.5860565804374451,-0.23294336585311015,0.7023845592877613
124,0.5697701319536272,-0.23259643480858327,0.70146797795829
125,0.5602696419898265,-0.23213134465380203,0.7004401840800443
126,0.5585240367360815,-0.23143696550390247,0.6989738802983652
127,0.5628327066549685,-0.23074276532172666,0.6974085863777173
128,0.5724759352940509,-0.23033769660309422,0.6959427591784599
129,0.5836553216991673,-0.23023146325167887,0.6941455284226286
130,0.5898631508214585,-0.23038675604948755,0.6918411067792913
131,0.5876744926881581,-0.2306006969907214,0.6896027395567446
132,0.5780528742344169,-0.23060934749181283,0.6875639728463745
133,0.564775071646413,-0.23028297915055007,0.6852868937561074
134,0.5525672909103654,-0.22971201540110375,0.6830614378322648
135,0.5439515574899532,-0.22911243039901708,0.681500419047983
136,0.5402160671625984,-0.22856868379427842,0.680505160972364
137,0.5420325757153879,-0.2281478852353218,0.6796077666296736
138,0.546855937067874,-0.226249813795812,0.6785522659394441
139,0.552038716117669,-0.22383954993057087,0.6770499160795838
140,0.5548369878582,-0.22477689055364347,0.6750441152039646
141,0.5522422737744623,-0.2255746620718383,0.6731444311634691
142,0.5443325001370891,-0.22228545845406256,0.6717029032241597
143,0.5407576843372524,-0.21855039711666702,0.669470134084496
144,0.5648643698996514,-0.21700039933263926,0.665569207986819
145,0.6188191277370545,-0.21663880467148033,0.6615323498445265
146,0.6396964180221663,-0.21628683490925948,0.6583640606956223
147,0.5925845334173521,-0.21738780220224618,0.6559494187594084
148,0.5437722867960189,-0.2210875714938627,0.6541755558634272
149,0.5359445881321219,-0.22260514193814096,0.6526751918137494
150,0.5440819105075763,-0.21924619505535237,0.6515806063928231
151,0.5455601215174077,-0.21574598042490722,0.6510565521064411
152,0.536806114949941,-0.21503832654513155,0.6506718725045637
153,0.5227686389808885,-0.2156749217809969,0.6501642477146492
154,0.5079106830341704,-0.21605776511116348,0.6495980538062545
155,0.4974670624602444,-0.21556340275615904,0.6486223114686498
156,0.49501773760864376,-0.21433752521577465,0.6472063515154396
157,0.49987559657201186,-0.21293362171570795,0.6458318385648694
158,0.5092470878949482,-0.2119763699923971,0.6444973882819305
159,0.5182591393661165,-0.2117400015393056,0.6427603696308948
160,0.5232447861438498,-0.21207679077326758,0.6405894903127247
161,0.5213960560512292,-0.2127584676397667,0.6386522569509463
162,0.5112657526143489,-0.2134823918342974,0.637041770608985
163,0.49593604133624725,-0.21372529791448525,0.6355162679942816
164,0.479765850469164,-0.21331947632617376,0.6344376641669498
165,0.46731348810191986,-0.21252499449777218,0.6338271511944498
166,0.4623393287511197,-0.21149304859322526,0.6329606374525951
167,0.46303575083504644,-0.21059332096519034,0.6314197125571379
168,0.46529947426376417,-0.2101137929662431,0.6295974096826746
169,0.46765257662152293,-0.20999843301613585,0.6275564604415731
170,0.4673421490140628,-0.21018838508608018,0.6252281649321114
171,0.4606644901574608,-0.21053424425213063,0.623196813530573
172,0.44752232712474016,-0.210818552702435,0.6214853020090265
173,0.43594245196362413,-0.21084621109577517,0.6198367352213989
174,0.4360485681161448,-0.21052804803987935,0.618578518063092
175,0.43461783989208835,-0.20983072634015498,0.617709995130812
176,0.41756476399846254,-0.2090415912183755,0.6166150709749756
177,0.40107689904055155,-0.20843945992567658,0.6149847979965375
178,0.39865047195598335,-0.20803028014759561,0.6132560940678036
179,0.40305085427855813,-0.2079545997192489,0.6117444216590964
180,0.40195394949866403,-0.2081495454698269,0.6103722220446202
181,0.3904730615372337,-0.2083730822526063,0.609081048443558
182,0.3735522446442513,-0.20841203270861663,0.6078631026065278
183,0.35854578073374244,-0.20821810456915357,0.6064837782550501
184,0.3471488499732327,-0.20795398759166417,0.604779842344261
185,0.33706436080261737,-0.20757686181783097,0.6031748945719535
186,0.33064146637223213,-0.20694900199782906,0.6018514784593738
187,0.3303167513720766,-0.20627803403848388,0.600530592157628
188,0.3314425323438439,-0.20584637594962674,0.5990604789993059
189,0.32899786537751485,-0.205677578777114,0.5974418877553396
190,0.3215991689528024,-0.20576509201396076,0.5957778126003421
191,0.3111514893786088,-0.20585997410882717,0.5941832699061316
192,0.29977703891721996,-0.2056875167019907,0.5924398071951662
193,0.2861814654117557,-0.2053712443419453,0.5904709750723054
194,0.27260285383113003,-0.20510216066669984,0.5885025408655915
195,0.2633661941882691,-0.20489038626178568,0.5862833031843311
196,0.2571800719391243,-0.20450832342615644,0.583901847843695
197,0.2534370031796276,-0.20399454035069386,0.5816930235844786
198,0.25252620541070236,-0.2036275953813932,0.5795649454358045
199,0.24998847365849108,-0.20337130436877382,0.5777295865482646
200,0.2442818660231303,-0.2032800384936343,0.5763523300183457
201,0.23878854747407463,-0.20332919588974097,0.5752827714779807
202,0.23240754831663857,-0.20327577974978206,0.574401139061085
203,0.22857432579165637,-0.20314801319357845,0.5725900820373919
204,0.2469866345863324,-0.20293539608518163,0.5683180646159485
205,0.2929990731895268,-0.20249802744053091,0.5628434733133374
206,0.3418525787478208,-0.20198652551569873,0.5589666055819167
207,0.3414542166291781,-0.20170520053565344,0.5573083508996481
208,0.27334508774819943,-0.20152773116538147,0.5568442097165798
209,0.20774576131286626,-0.20123078650525883,0.5567033840822115
210,0.19090602091992914,-0.20103482409659013,0.5562559337031474
211,0.19768816368383535,-0.20097216725533507,0.5551765647837898
212,0.1983153767084046,-0.20073697126359225,0.5541028613916126
213,0.18330850443293772,-0.20034155002028164,0.5536443781847269
214,0.16201121143667335,-0.20004316179330528,0.5536356116933532
215,0.14359129901492504,-0.199907949853538,0.5539906102114613
216,0.13219542871595508,-0.19969139923563184,0.5543757768772755
217,0.13048657638539587,-0.19936425536760882,0.554200332384778
218,0.13705533735619563,-0.19913001708088818,0.5532429911087202
219,0.14713686949434485,-0.19890431659079444,0.5513321444126913
220,0.15483178142441778,-0.1986539521073971,0.5486870945197304
221,0.15549482169153173,-0.19843484897323305,0.5459713571961775
222,0.14747015004283792,-0.19826767657211908,0.5436426597131994
223,0.13388655678947053,-0.1981590775000578,0.5421225439098574
224,0.11774974713925723,-0.19788805819201327,0.5414132759378789
225,0.10179605670496991,-0.19738725257209677,0.5410279423039901
226,0.09119096611597255,-0.19694927843700094,0.5405565007285926
227,0.08673880174015658,-0.19681103790398835,0.5397100971593243
228,0.08613267719251028,-0.196911550424133,0.5383702107947372
229,0.08901161572566879,-0.19688385555010757,0.5366232454996098
230,0.09280659350261833,-0.19662192680139456,0.5344807091614885
231,0.09240136187407044,-0.19631147496910728,0.5321275915368515
232,0.08549113444813705,-0.19599044239663566,0.5302156341359896
233,0.07799158691892816,-0.19566031753216073,0.5290088275173932
234,0.1000415329674304,-0.19534214447655673,0.5271628877229162
235,0.13887331421945612,-0.19515147352785867,0.5238649143351379
236,0.12117416703711187,-0.1949808979513452,0.5208454356387369
237,0.05682404942853647,-0.19466332396886998,0.518987384245325
238,0.016060602382042655,-0.19445054820415497,0.517612534530705
239,0.010068622073047206,-0.19446512210417466,0.5164037089996476
240,0.014083888231580799,-0.1944359402624155,0.5153488685917507
241,0.010504202939618915,-0.19420318384013596,0.5145823449456965
242,-0.004145728842727514,-0.19376965480534536,0.5141495101384572
243,-0.025244535867476464,-0.19320612178723723,0.5139481607718621
244,-0.04864427227642096,-0.1928245462273399,0.5138090703392322
245,-0.06906311934531531,-0.192768169537736,0.513263171365574
246,-0.0811391428620746,-0.19277990428430614,0.5119799121039357
247,-0.08388769573219684,-0.1926869790954494,0.5103039228401227
248,-0.08027703193368765,-0.19244083826342384,0.508506305459459
249,-0.07560094522385091,-0.19203799179616643,0.5065812874133875
250,-0.07542701570292704,-0.19172447190139175,0.5046154548450061
251,-0.08340982977811467,-0.19161460779513312,0.5025348968986307
252,-0.09966976022378587,-0.1914720503121214,0.5004141811949527
253,-0.11945402683166767,-0.19110369626877538,0.498543227753278
254,-0.13741357940519205,-0.1906661297653796,0.49696619179930823
255,-0.15207203742817937,-0.1903769093173373,0.4955476934801697
0,-0.1622619781701108,-0.19021804138407072,0.49408169585297146
1,-0.16657393167376694,-0.19010935837766296,0.4926779987995822
2,-0.1664218966791537,-0.20820203897781608,0.49140121142048887
3,-0.1655684150032628,-0.2779785638976604,0.49007660926898877
4,-0.16796521109594886,-0.39263990433714235,0.4887366746537778
5,-0.17628608695632886,-0.5052223452405666,0.48748725337835297
6,-0.1906846876142529,-0.5939387400620884,0.48617245850599855
7,-0.20033900192435838,-0.6579351506739997,0.4847293613339241
8,-0.17314816293792668,-0.6307888678182256,0.4825455672061114
9,-0.12950339849558395,-0.5706593923211081,0.4792591208579873
10,-0.14746649338395718,-0.6813505267724889,0.4764946940647836
11,-0.2129092877188789,-0.8903042942070587,0.47496967027960846
12,-0.25130519062437684,-0.9921754024152911,0.473869552623688
13,-0.25281718560952127,-0.9829446829592463,0.4725392627016938
14,-0.24672258674609326,-0.9452775095330026,0.4708278533912895
15,-0.25175246826754305,-0.9262891538212057,0.4693967146744331
16,-0.27038431078614333,-0.9320517796626446,0.4684137451813346
17,-0.2963552023936654,-0.9518207897985378,0.46763965824088594
18,-0.32148547536539085,-0.9732956158076269,0.4673369148232396
19,-0.3395956508659115,-0.9873325194735423,0.4671649354089997
20,-0.3480517350967711,-0.9889602007554767,0.46647126094834834
21,-0.34806707114756763,-0.9778840534908455,0.46516110798326826
22,-0.343719696166373,-0.958283527979876,0.46304344841429157
23,-0.34027389607760383,-0.9372458162128017,0.4601875105715072
24,-0.34250383266675033,-0.9220964228847532,0.4573713411654461
25,-0.3526881087726622,-0.9176492328393175,0.4553704979831976
26,-0.36968042583639127,-0.9244873027168956,0.4542902380300735
27,-0.3901180897208304,-0.9389214245603781,0.4538316207509512
28,-0.4099093965713283,-0.9545737159663905,0.4534417913785127
29,-0.4251265481291382,-0.9649075043834259,0.4524962992017598
30,-0.4335742087908645,-0.965698680487765,0.4509114854254832
31,-0.43625867936658125,-0.9565160637876629,0.4488870301794057
32,-0.43780531422359825,-0.9406990476087986,0.44684086022671
33,-0.44237459535875767,-0.9239141328975542,0.44527012625537
34,-0.4500295053131509,-0.9119055198546726,0.44410928621594636
35,-0.46077967119258934,-0.908329474768975,0.4430913609323379
36,-0.4752384019674014,-0.9134861220115509,0.44217958640607
37,-0.48685375491910565,-0.92438171630035,0.44144573910610907
38,-0.46741494131354866,-0.936028987262834,0.4401476967422857
39,-0.4154073713922999,-0.9434296300253004,0.4370967188365924
40,-0.40647376677386116,-0.9434542333543967,0.433352018827734
41,-0.47074776122313366,-0.9359155440805558,0.42653099851412324
42,-0.5332206367468384,-0.9234740780611705,0.40263831855370347
43,-0.5496029713349908,-0.9104764468505091,0.34418163225582576
44,-0.543027656875579,-0.9012248294254639,0.24305523199608414
45,-0.5408391053853512,-0.8983631138583852,0.10122463871711485
46,-0.5527055825574549,-0.9019820180936473,-0.07511917609572727
47,-0.5741309568923831,-0.9097387540729396,-0.2791311276038553
48,-0.5960399283738507,-0.9178857458213145,-0.5044915919039503
49,-0.6106173533200951,-0.9227653236600504,-0.7404263164967455
50,-0.6142728062256582,-0.9221777443850812,-0.9681346358104852
51,-0.608145945627258,-0.9161140385338964,-1.1699175459890285
52,-0.5967949317209906,-0.9066170591245859,-1.3360489945547678
53,-0.5861794416214203,-0.896878933212049,-1.4628830673254
54,-0.5832840633755081,-0.8899652680420647,-1.5506835358181457
55,-0.5900119459359305,-0.8876725182867484,-1.6026418355303758
56,-0.6030614201302187,-0.8899412227672552,-1.624458838158965
57,-0.6211337870616298,-0.8950090436403171,-1.6238461803274626
58,-0.6392982174274637,-0.9001947179846028,-1.6095404712176928
59,-0.6510959872955282,-0.9029723095440021,-1.5899555713516031
60,-0.6549926364533971,-0.9019087957254248,-1.571790654878852
61,-0.6520031417656722,-0.8971201368245678,-1.5589802154560424
62,-0.6468760931147164,-0.8901086250735988,-1.5523720572750044
63,-0.6432149229663884,-0.8830894210607925,-1.5502517483448335
64,-0.6422643819455964,-0.8781003875526849,-1.5495198573166222
65,-0.6462278307411429,-0.8762495867231244,-1.5471551205261163
66,-0.6538581602484832,-0.8773751937320053,-1.5414407186952004
67,-0.657277892554968,-0.8802139390239145,-1.5324973199354246
68,-0.6289808030785122,-0.8829725138589102,-1.5220805814381198
69,-0.5826611700129583,-0.8840509351650185,-1.5127806235306753
70,-0.5891572829523017,-0.8826293214932002,-1.5069239606016667
71,-0.6414052702440012,-0.8789059364896805,-1.5056369699326564
72,-0.6720154783595997,-0.8739261838837318,-1.5084176593388063
73,-0.66739111383163,-0.8691046918969865,-1.5133509416992839
74,-0.6533480877236355,-0.865651865048445,-1.517853015685593
75,-0.649296592688493,-0.8641342593746741,-1.5196378221904134
76,-0.6560587465223424,-0.8643254789591612,-1.5175316164329726
77,-0.6666634615099147,-0.8653770466839252,-1.5118384883404201
78,-0.6771391318148074,-0.8662113808404057,-1.504143448820075
79,-0.6831493291116026,-0.8659616302994353,-1.4966557375761944
80,-0.6787739567258189,-0.8642818045348952,-1.491360668620846
81,-0.663756025977863,-0.8614191573452592,-1.4893045178701274
82,-0.6454845679212147,-0.8580456730353059,-1.4902689439315564
83,-0.6311555411123533,-0.8549416239252978,-1.4929318327655925
84,-0.623797269401728,-0.8526737686588635,-1.4954252471467728
85,-0.6226301691284877,-0.8513980825891081,-1.4960594154052744
86,-0.6255464451368333,-0.8508527821567724,-1.4939214544977597
87,-0.6307790222468805,-0.850440245762861,-1.4891768649823791
88,-0.6349999920458262,-0.8496844556624117,-1.4829601561704218
89,-0.6362678399227724,-0.8484810678955097,-1.4768613652296096
90,-0.6318107871374408,-0.8467532677401723,-1.4723069807912883
91,-0.6199502526451541,-0.8446054122279807,-1.470055096892671
92,-0.6060088495336766,-0.8423575318333523,-1.4699774734881723
93,-0.5936303671559537,-0.8404034527141104,-1.471189622803485
94,-0.5839587522874565,-0.839055048909354,-1.472395253522604
95,-0.5793179035621334,-0.8380865645424675,-1.4723840786211464
96,-0.5791822656579608,-0.8370463298159572,-1.4704859780774715
97,-0.5759294593031274,-0.8356934645723797,-1.4667712031411142
98,-0.5411803745951842,-0.8339712360612528,-1.461964951774494
99,-0.48689166474270795,-0.8320019167144883,-1.4571301200982396
100,-0.48209259423904416,-0.8300395576255442,-1.4532530733433617
101,-0.5226049215598847,-0.8283550024712532,-1.4508919914179281
102,-0.5457317738698062,-0.8270983749678256,-1.450011089556102
103,-0.5390286171110812,-0.8262112664865011,-1.4500452637110923
104,-0.5240157612864762,-0.8254377867280942,-1.4501512542454815
105,-0.5142467258554517,-0.8244341039690388,-1.4495369066734307
106,-0.5141847770992503,-0.8229280329311335,-1.4477413561154866
107,-0.521804425458595,-0.82085538542973,-1.4447688066659126
108,-0.5279237210635435,-0.8184083752074867,-1.4410414720657707
109,-0.5271519953650181,-0.8159693167627993,-1.4372067487760054
110,-0.5193894132428487,-0.8139536761656103,-1.4338833991067594
111,-0.5050032356450174,-0.8126280425314896,-1.4314449740480284
112,-0.48696482216273806,-0.8119823778383028,-1.4299146246287577
113,-0.4699292477382617,-0.8116328860204804,-1.4289967167383146
114,-0.4580629373255365,-0.8111416874649358,-1.4282180247024394
115,-0.4518725830197623,-0.8102421115105582,-1.4271146997927628
116,-0.4513991615696866,-0.8085928821467463,-1.4253792974665167
117,-0.4553972608517518,-0.8060988690760502,-1.4229612070759114
118,-0.45894139847155246,-0.8031733696718482,-1.4200715391208631
119,-0.4581439484923031,-0.8004289713454731,-1.417043232199263
120,-0.4495466398427699,-0.7983975314684548,-1.414194238625302
121,-0.43485797898070433,-0.7973264211088575,-1.4117418979045282
122,-0.4212160229728297,-0.797084647858771,-1.409745854437439
123,-0.41056184988395406,-0.7972083227807314,-1.4081142574452938
124,-0.40046917893913614,-0.7970759377232444,-1.4066593474649611
125,-0.3934058800832685,-0.7961510775647107,-1.4051735858712404
126,-0.39208007113431587,-0.7941978837977461,-1.4034961589511386
127,-0.38691399720038744,-0.791299369613756,-1.4015498986090074
128,-0.34947380964123176,-0.7880097590502619,-1.399344071135785
129,-0.2957713290598314,-0.7851910478771584,-1.3969518252930202
130,-0.2950785176130827,-0.7833114616673975,-1.3944773861003337
131,-0.33942557620010305,-0.7824286708796881,-1.392026412979193
132,-0.3625417128291274,-0.7823730712542059,-1.389686159444914
133,-0.35089180560538735,-0.782655563209746,-1.3875148333362106
134,-0.331198689371355,-0.7826180917226644,-1.385535788192037
135,-0.3242660988101189,-0.7817040233322601,-1.38373319973973
136,-0.32995799697858563,-0.7796919391110939,-1.3820500364748982
137,-0.3375128625743945,-0.7767888199113866,-1.38039296205232
138,-0.34004984563781515,-0.7735504463144895,-1.3786491115695276
139,-0.3373146598260174,-0.7706648827486919,-1.3767153826567649
140,-0.3293496859131413,-0.7686850526360858,-1.374533728685408
141,-0.31558374982815385,-0.767814409529139,-1.372119735105736
142,-0.3003104612615335,-0.7678286279679338,-1.3695704293265791
143,-0.2869886192034449,-0.7681632924555206,-1.3670427613771996
144,-0.27695422820497984,-0.768132995918934,-1.3647051879584287
145,-0.2728280108370166,-0.7671963196514446,-1.3626769945582695
146,-0.27296909007499437,-0.7651637693157283,-1.3609778559061811
147,-0.27520172612603866,-0.7622685148561017,-1.3595093873348056
148,-0.2776870140172407,-0.7590735611438286,-1.3580802049072047
149,-0.2765837274619175,-0.7562525536559666,-1.3564695739185648
150,-0.2701340821256768,-0.7543299847499467,-1.3545084563017231
151,-0.25870022891183087,-0.7534814049883534,-1.3521475969453567
152,-0.24628327371515013,-0.7534699741810305,-1.3494847354186459
153,-0.23575726868251867,-0.7537421788961645,-1.3467370715785103
154,-0.22769058173882706,-0.7536438872794848,-1.3441658691926546
155,-0.22372914420101753,-0.7526720716800726,-1.3419795370868077
156,-0.22188575240040387,-0.7506649987675331,-1.3402516862664164
157,-0.21423208467087312,-0.7478588084549498,-1.3388868571859498
158,-0.17598451360540657,-0.7447908925848148,-1.3376496037024923
159,-0.12284270659971858,-0.7420896503988159,-1.3362485517248053
160,-0.12299783371199263,-0.7402331289490225,-1.3344451924718288
161,-0.16751441343354012,-0.739369510906152,-1.3321463034348264
162,-0.19192998419149698,-0.7392669672881385,-1.3294437481460561
163,-0.1843337756099402,-0.7394095239599128,-1.3265846324007495
164,-0.16809400233887578,-0.739199352220274,-1.3238812876095816
165,-0.16036782382973575,-0.7381859936940223,-1.3215941207749693
166,-0.162184727689908,-0.7362344346785847,-1.3198316990061514
167,-0.16903986742264776,-0.7335692670539591,-1.3185067931915095
168,-0.17616716653096332,-0.7306809413297857,-1.3173663159070195
169,-0.17603839282316747,-0.7281331023070006,-1.3160849501098815
170,-0.1667680590354244,-0.7263468078672881,-1.3143744735078844
171,-0.15335447458746082,-0.7254443740274343,-1.3121093324106208
172,-0.1379789698318531,-0.7252107558360872,-1.309396729646779
173,-0.12264479849786453,-0.7251840758568302,-1.3065032134095316
174,-0.11201415314623936,-0.7248374077278539,-1.30375090901041
175,-0.1083054455866479,-0.7237802093157932,-1.3014172960466905
176,-0.11076131772113301,-0.721902317975285,-1.2996276986627842
177,-0.11468892178420259,-0.7194074664490218,-1.298305687804627
178,-0.11662201395119198,-0.7167268343475812,-1.2972004494339164
179,-0.11537758043466173,-0.7143490329931979,-1.2959807476001233
180,-0.10895531508697909,-0.7126335716399432,-1.2943596556387544
181,-0.09906054233880063,-0.7116790568741433,-1.2922025087280695
182,-0.08726155079249198,-0.7112943511868719,-1.2895770220386766
183,-0.07502206786189114,-0.7109978573366977,-1.2867266879931933
184,-0.06773840992083668,-0.7103845775348048,-1.2839778672866657
185,-0.06636974506986379,-0.709329054773862,-1.2816161738643994
186,-0.06773693659765412,-0.7076610216001424,-1.2797792142434803
187,-0.06500042133221143,-0.7053916615969262,-1.2784061863561447
188,-0.028969781899327716,-0.7029127866741853,-1.2772629120296188
189,0.025521456484199574,-0.7006880321142928,-1.2760320713791087
190,0.022729798091491636,-0.6990383653339718,-1.2744337777019465
191,-0.028872458324862467,-0.6980395700705868,-1.2723305213579605
192,-0.057698974380222756,-0.6975179949336618,-1.2697769985549185
193,-0.052075662947039685,-0.6971305139482045,-1.2669967399692292
194,-0.03938117170400586,-0.6964996320496892,-1.2642954274037526
195,-0.03676661704431179,-0.6953554491673137,-1.2619446055131402
196,-0.04570325143229362,-0.6936322059527127,-1.2600801700021234
197,-0.06044256524725561,-0.6914021449119343,-1.2586536956344054
198,-0.07391090109007292,-0.6890176237747578,-1.2574540357676205
199,-0.08088199834395987,-0.6870205204803326,-1.2561897563074393
200,-0.08097145698831168,-0.6855694902670366,-1.2546001645296765
201,-0.07597287420700766,-0.6844728789263264,-1.2525525249029763
202,-0.06639226777333876,-0.6836604781178133,-1.2500891257201001
203,-0.05568908625355362,-0.6831127976414515,-1.2474075427358615
204,-0.05126395373466108,-0.6824684588341039,-1.2447830012606191
205,-0.05672328514663608,-0.6813458066124563,-1.2424633678303918
206,-0.06797412763339106,-0.6797109852555849,-1.2405769128131032
207,-0.07970158519129672,-0.6777337203961609,-1.239087220360763
208,-0.08883568578193765,-0.6756762088106814,-1.2378110269175568
209,-0.09484703215056317,-0.6738015293412485,-1.23649068376823
210,-0.09743453026331106,-0.6722891038084169,-1.234892597307406
211,-0.09399071284675348,-0.6711765809551988,-1.2328939853757812
212,-0.0872834948657733,-0.6703524696873844,-1.230525701556998
213,-0.08310901490206557,-0.6696043131575895,-1.2279562883817574
214,-0.08202525976809633,-0.6687029762918217,-1.2254249270204571
215,-0.08385595060759538,-0.6674892720471644,-1.223149926509929
216,-0.08932252376186248,-0.6659298146755339,-1.2212477920942741
217,-0.09198023903747582,-0.664122605321781,-1.2196928808236716
218,-0.0630697606099335,-0.6622530193995211,-1.2183314944870363
219,-0.015751216534535817,-0.6605195302291844,-1.216943401159169
220,-0.021964149966896246,-0.6590587847441685,-1.2153262144186305
221,-0.07368758601753383,-0.6578981884930508,-1.2133702938376896
222,-0.10230003303644189,-0.6569521842441273,-1.2110964606362828
223,-0.09707125014451212,-0.6560610330972292,-1.2086436944754357
224,-0.08469789219891896,-0.6550549968437338,-1.206213154482323
225,-0.08220060004565444,-0.6537358666560287,-1.2039909970681641
226,-0.09135754170482985,-0.6521261105634009,-1.2020795951622305
227,-0.10611032255789576,-0.6505026122737743,-1.2004625428429185
228,-0.11897539000323054,-0.6489187529841418,-1.1990152536569783
229,-0.12645135003625674,-0.6473512779402375,-1.19755546921055
230,-0.12625754280913382,-0.6459221209349,-1.1959132941256625
231,-0.1159914344008185,-0.6447018520539904,-1.1939938690821221
232,-0.10262145997388106,-0.6436505658694116,-1.1918096040683617
233,-0.09342894058961831,-0.642652519820418,-1.1894711844437658
234,-0.08772005032566438,-0.6415787834971647,-1.1871423900235465
235,-0.08732347294818177,-0.6403408351167392,-1.1849770616327797
236,-0.09391525909200843,-0.6389197940292717,-1.183062439666878
237,-0.10224176684567401,-0.6373668060356255,-1.1813896921378992
238,-0.1083444506446413,-0.6357781124651998,-1.1798614158101675
239,-0.11293814971432917,-0.6342558162117307,-1.178331689058842
240,-0.11173854222137339,-0.6328696697360079,-1.176662327602053
241,-0.10172885295452178,-0.6316339130798814,-1.1747736997121088
242,-0.08956885477185933,-0.6305066227661726,-1.1726714738690127
243,-0.08152546715107106,-0.6294100148978565,-1.1704404914058792
244,-0.0786829862301503,-0.6282623748212091,-1.1682095978079445
245,-0.08044823823840536,-0.6270086719349703,-1.1661018788563307
246,-0.08391236694034057,-0.6255560738802681,-1.164189470271388
247,-0.08120212296233642,-0.6239830090952212,-1.1624694672498914
248,-0.05088089910249931,-0.622553925720484,-1.1608688010420773
249,-0.006845147715211927,-0.6212497552193015,-1.1592748008239155
250,-0.009817449556405705,-0.6199458799879449,-1.157578799450353
251,-0.054626923404791444,-0.6186745823764541,-1.1557159640032637
252,-0.08307090601534886,-0.6174624364675108,-1.1536868207651723
253,-0.08005293375879491,-0.6162856819246458,-1.151553505274328
254,-0.06595924913926549,-0.6150953180729635,-1.1494135063355024
255,-0.06059053165623979,-0.6138511617047602,-1.1473618494219542
0,-0.06637462886788081,-0.6125399097642901,-1.1454563277475587
1,-0.07572451010271197,-0.6111760481826654,-1.1436984314369907
2,-0.0842603340020619,-0.6097917141787899,-1.1420360938611194
3,-0.08872702635247384,-0.6084221420425648,-1.1403859578989617
4,-0.08619324610617374,-0.607092510714176,-1.1386657964221318
5,-0.07561027672414508,-0.6058104990794442,-1.1368245412698186
6,-0.05993674252865222,-0.6044839098127188,-1.134859026504564
7,-0.0468838788175753,-0.6031364585335945,-1.1328121258410078
8,-0.041468497336813875,-0.6019487109920953,-1.1307541520262934
9,-0.043605162268184006,-0.600822309011354,-1.1287554249191842
10,-0.049483431756138674,-0.599585923716377,-1.1268606454976382
11,-0.0549258311355747,-0.5982702804099616,-1.1250743424810374
12,-0.05938253857172755,-0.5969400240635736,-1.1233619663357994
13,-0.061807844130539,-0.595629898075489,-1.1216651500620474
14,-0.05975454293371506,-0.5943459598794705,-1.1199245662515258
15,-0.05159523933408275,-0.5930806004630869,-1.1181014950649306
16,-0.03932573929764427,-0.591740314730469,-1.1161903331537224
17,-0.029575795233550528,-0.590278031734067,-1.1142181589445563
18,-0.026273108859366123,-0.5889369922754888,-1.112232489340657
19,-0.026709100488170878,-0.587838912162153,-1.110282584636734
20,-0.02764745322056443,-0.5867396783099634,-1.1084015916856456
21,-0.02511600887929874,-0.5855030614750965,-1.1065959294081278
22,0.006695959871132889,-0.5842091676580223,-1.104845166740875
23,0.05676136494420801,-0.582931062169934,-1.1031115630312094
24,0.05638569608104413,-0.5816835329333498,-1.1013550072908393
25,0.011081108841509923,-0.5804487482324017,-1.0995475075197447
26,-0.01539849987973227,-0.5792056491979083,-1.097682062639917
27,-0.00985869928447504,-0.577943706818002,-1.0957732462559013
28,0.005078786021521647,-0.5766651742067315,-1.0938500658587844
29,0.012120561920342623,-0.5753815942674281,-1.0919443846851524
30,0.008759333709153404,-0.5741074922307223,-1.0900794639351221
31,-0.0009536314768017057,-0.5728534159233853,-1.0882626818492103
32,-0.009635415344372754,-0.5716208879807445,-1.0864845754669594
33,-0.01090721168211235,-0.5704014470996699,-1.0847238712810836
34,-0.0038030695248798194,-0.5691803148509818,-1.0829560815081316
35,0.009714079479305492,-0.567943125603882,-1.0811622552023494
36,0.023780832504581795,-0.5666827067643427,-1.0793348174166062
37,0.034971281565809725,-0.5654028098305368,-1.0774788226821999
38,0.0430083745419186,-0.5641170087862633,-1.0756087611071026
39,0.046175365679616914,-0.562760677500008,-1.0737425830690657
40,0.044512833005238145,-0.5613926387536898,-1.0718953438212817
41,0.03898514081426441,-0.5602201971093288,-1.0700746608092335
42,0.03395119883194922,-0.559152630699238,-1.0682792361103863
43,0.034424442890036794,-0.5580057601998067,-1.0665004694960967
44,0.039023165494150275,-0.556784770537659,-1.0647261530292855
45,0.047128678218288166,-0.5555289056659847,-1.0629447256033888
46,0.05849120111196031,-0.5542594370280072,-1.0611486592209283
47,0.06768488868967344,-0.5529864003393197,-1.0593360974195458
48,0.07273368289932974,-0.5517207267796671,-1.0575105855688873
49,0.07507968499027615,-0.5504748817060412,-1.0556793389914119
50,0.08175358956330275,-0.5492566714526996,-1.0538508120431294
51,0.11884101422933391,-0.5480640019856478,-1.0520323344080036
52,0.16824906809934081,-0.5468845022933317,-1.050228367372756
53,0.16250280229798203,-0.5457000633230027,-1.0484396486535084
54,0.11358365270543525,-0.5444940919749892,-1.0466632563140363
55,0.08641856469135212,-0.5432583953001298,-1.0448934745543328
56,0.09318249834239495,-0.541996864238973,-1.0431232615795625
57,0.11042439843932639,-0.5407243825382415,-1.0413460504707168
58,0.11834104460700678,-0.5394612631360802,-1.039557529924719
59,0.1142004637420781,-0.5382253229094571,-1.0377569772333253
60,0.10525181231128039,-0.537024717168193,-1.0359477184976815
61,0.09730847333501086,-0.5358544299369761,-1.0341364375403272
62,0.09463379928516208,-0.5346979151531694,-1.0323313590296879
63,0.09777910331916723,-0.5335333510161666,-1.0305397225784008
64,0.10552906944628976,-0.5323421145700116,-1.0287653001035526
65,0.11803141590374627,-0.5311161555067052,-1.0270068290474095
66,0.1322494966404415,-0.5298613320809715,-1.0252580376813842
67,0.14291903410628987,-0.5285953321568111,-1.0234963265551134
68,0.14736382304310308,-0.5273409272041591,-1.0217066521733167
69,0.14576834965354912,-0.52611715751313,-1.0199081250125932
70,0.14243422984338155,-0.5249318866738428,-1.0181125520087049
71,0.14057638476856504,-0.5237786525907926,-1.0163164349793092
72,0.14139121203052385,-0.5226390759461037,-1.0145109693827985
73,0.1486894238912767,-0.5214899164895315,-1.0126991831279084
74,0.1616093940053399,-0.5203120461183182,-1.0109141686192014
75,0.17373489417674365,-0.5190978520528469,-1.0091707457953611
76,0.1830775154889609,-0.5178541904367155,-1.0074547530657099
77,0.19208557361688766,-0.5165997427634403,-1.0057488389197036
78,0.1985544575618371,-0.5153578053084205,-1.0040360776624428
79,0.19933179710571958,-0.5141473126212297,-1.0023042219705567
80,0.20512706686064575,-0.5129755724172238,-1.0005489722182426
81,0.24380951434929976,-0.5118355117047688,-0.9987748980013329
82,0.2956488022859849,-0.5107084729717926,-0.9969934698094667
83,0.29274075074970485,-0.5095714469445791,-0.9952187413676139
84,0.24639479305910295,-0.5084059231775586,-0.9934621476906647
85,0.22102508988549907,-0.5072049385301167,-0.9917282815411848
86,0.22835242513389264,-0.5059756296995552,-0.9900132078109505
87,0.2441760509793064,-0.5047363549480666,-0.9883059659815219
88,0.25054466325327635,-0.5034271166801805,-0.986592728722643
89,0.24526752927277573,-0.502110322748438,-0.9848620773852437
90,0.23445549700638263,-0.5009955734894005,-0.9831094129592102
91,0.2274202822142698,-0.4999932138512604,-0.9813388246665009
92,0.228575883603386,-0.4989189145099766,-0.9795616839870562
93,0.23681117727061585,-0.49777633343567596,-0.9777924669066973
94,0.2509936499363219,-0.4966016633927157,-0.976043363394715
95,0.2664929687262866,-0.4954118268084353,-0.9743197053815886
96,0.27960757910483014,-0.49421208497597546,-0.9726179473030849
97,0.28844548739804377,-0.49300963177617674,-0.9709269747399771
98,0.29057818957310355,-0.4918158267806072,-0.9692322588657176
99,0.28642980245259775,-0.49064101852310604,-0.9675212954566557
100,0.2775924685167023,-0.4894891033056239,-0.9657882787808418
101,0.2697451058851177,-0.4883555137773783,-0.9640362498710524
102,0.2691101494223812,-0.48722908396316766,-0.9622759154364227
103,0.27441404170596984,-0.48609652856864183,-0.9605215935236022
104,0.28250505679406046,-0.4849475923805393,-0.958785825732178
105,0.2916607008632115,-0.483778902118003,-0.957061575257792
106,0.2992363841466106,-0.48259511988884163,-0.9553407773497313
107,0.30210947330068716,-0.4814070269111346,-0.9536385841983743
108,0.2991741353478673,-0.48022732274672664,-0.9519533435265837
109,0.29198968162236194,-0.4790657764796482,-0.9502633247073309
110,0.2915416459962895,-0.4779255837900025,-0.9485562122067397
111,0.3248144776121382,-0.4768022907563798,-0.9468312754599815
112,0.37190273966898757,-0.47568564108385525,-0.9450976122448691
113,0.36500878944469295,-0.4545322584504816,-0.9433692116053587
114,0.3135551468266722,-0.3259711628913884,-0.9416587033921666
115,0.28198264313149446,-0.01775193723341184,-0.939972089616846
116,0.28195595347743363,0.3968873980729384,-0.9383063307025328
117,0.2880537350728356,0.8165046374036014,-0.9366505548516013
118,0.28397985668782977,1.1744187144695362,-0.9349902946868056
119,0.2667176228500847,1.3884462586246107,-0.9333130466158508
120,0.24325112814627536,1.4718817434092104,-0.931613003809121
121,0.22340036528448892,1.5206001528066668,-0.9298931845575611
122,0.2086133935018325,1.576546739663284,-0.9281642051842436
123,0.19826648196945584,1.6224043479698018,-0.9264402292657792
124,0.19493072376906362,1.6328095005230168,-0.9247336747263293
125,0.19695992265786622,1.5966502962114926,-0.9230506888255658
126,0.19630625729423434,1.5249198378755962,-0.9213890638408126
127,0.18688886143676153,1.4450074064333212,-0.9197393097867783
128,0.16870742527026056,1.3864573861840417,-0.918088400430749
129,0.14458200631716378,1.3731873692734302,-0.916424722692379
130,0.11835092483156917,1.4075178021493961,-0.9147423509990111
131,0.09418019856229692,1.4685365369949803,-0.9130430742484927
132,0.07551961229532322,1.5315005763549276,-0.9113354886003493
133,0.06165962114933454,1.57579222817286,-0.9096315850926895
134,0.05181735637579418,1.5859011407304822,-0.9079421825475378
135,0.04535861013046287,1.5562284519932037,-0.9062729442692845
136,0.03650680491548984,1.4975919648633567,-0.9046224430705667
137,0.020731170791154878,1.3859931970654076,-0.9029829273133072
138,0.00014174973473993213,1.1554687790854308,-0.901343411854493
139,-0.021896580657191116,0.8128508720835423,-0.8996938640132521
140,-0.0373896100694855,0.4301775989046668,-0.8980288892911763
141,-0.01999015267668274,0.05558155534323861,-0.8963495639404151
142,0.011958170657015677,-0.233082129320191,-0.8946627998223113
143,-0.009925862687405584,-0.36521326055006,-0.8929785678889548
144,-0.0745376437325843,-0.4123614496538619,-0.8913060912637079
145,-0.11646136899897783,-0.4823733787297373,-0.8896504604248299
146,-0.1257747536015496,-0.5858284905340136,-0.8880109106885343
147,-0.13034427312366528,-0.675027934619588,-0.8863813362922501
148,-0.14577414384834153,-0.7046778044868933,-0.8847527618200437
149,-0.16922097249716017,-0.6611843292136996,-0.8831167759058709
150,-0.19433058802061998,-0.5639468092487627,-0.8814686152260243
151,-0.21831228637077915,-0.4526017079572491,-0.8798087706723892
152,-0.2398524789934996,-0.36965156640666397,-0.878142583029049
153,-0.2545414321331857,-0.34442131904429174,-0.8764780635982818
154,-0.25862384497348645,-0.3830322044921657,-0.8748228230634987
155,-0.2557075270560012,-0.4673964521346021,-0.8731812837316886
156,-0.2534913849668875,-0.5632080545404832,-0.8715531932757035
157,-0.25775875891899813,-0.6336022183865406,-0.8699339304444638
158,-0.27015649849678636,-0.6531116638100898,-0.8683164076876713
159,-0.288632560787758,-0.6166467218229827,-0.8666937940563972
160,-0.3091654835707792,-0.5403555547410771,-0.8650488981185376
161,-0.32727721291858036,-0.45445104854863216,-0.8633763072036973
162,-0.33987262387326667,-0.39112467718472166,-0.8617053587521477
163,-0.3462674669482262,-0.3723610289237653,-0.860054566625819
164,-0.3479605843396406,-0.40224906591810417,-0.858420690105782
165,-0.3464884495025421,-0.46644193214360996,-0.8568013779119728
166,-0.3428807517075043,-0.5385750220679202,-0.8551938376398542
167,-0.3387017385911699,-0.5908369372930964,-0.8535941532652931
168,-0.3364925109591794,-0.6044780060857569,-0.8519974795157252
169,-0.3377273039963484,-0.5763037254805878,-0.8503989580374203
170,-0.33362680756193497,-0.5189426616014966,-0.8487818034735106
171,-0.3242541179552966,-0.45515603021672124,-0.8471390432338128
172,-0.32197717273146775,-0.40868828929282197,-0.8454970282553438
173,-0.3208595415519261,-0.39531307969880114,-0.8438710366231796
174,-0.31350197889513853,-0.41743264472972874,-0.8422556421878462
175,-0.3030290535937368,-0.46404062449914085,-0.8406482514869342
176,-0.29237360488596864,-0.5157208243566929,-0.8390479141725424
177,-0.2852293655735242,-0.5524748963095323,-0.8374539887522578
178,-0.28308029458461215,-0.5612466751129634,-0.8358651575232199
179,-0.2858988655738751,-0.5403307566088975,-0.8342790932886408
180,-0.28960529103420485,-0.4992164883191008,-0.8326928122495167
181,-0.28928682175774145,-0.4542402546439257,-0.8311034930469727
182,-0.28438612106106675,-0.42197670176232793,-0.8295093851367947
183,-0.27577300193679866,-0.41301921989428236,-0.8279104185166282
184,-0.266805161896281,-0.4284650228966771,-0.8263082577075496
185,-0.25870837992642903,-0.460230707089615,-0.8247057621379312
186,-0.2510087683722684,-0.494792694364974,-0.8231060400075632
187,-0.2472494044365542,-0.5186809250042215,-0.821511432034622
188,-0.24690634255667077,-0.5235168248433818,-0.8199227835491056
189,-0.2462631261764444,-0.5087294487744203,-0.818339254281955
190,-0.24637148139765658,-0.48111044081639465,-0.8167587183068559
191,-0.24591813802289864,-0.45163511828129255,-0.8151785953505515
192,-0.2415624550911733,-0.4309807284842124,-0.813596805811923
193,-0.23566936367988822,-0.4255498988252775,-0.8120125070852926
194,-0.22932781436397087,-0.4353801675152371,-0.8104263573662513
195,-0.22174654315120457,-0.45490118568858184,-0.808827113127724
196,-0.21645302694009472,-0.4756303252721678,-0.8072116896803481
197,-0.2155660880349911,-0.4892994123024712,-0.8056074793719183
198,-0.21553119410041865,-0.491087328956744,-0.8040277101231368
199,-0.21346517435425638,-0.4812815257798855,-0.8024626059060265
200,-0.2081570621558163,-0.4644872229750603,-0.8009044577980102
201,-0.1993975492953245,-0.44737327685374684,-0.799348157448792
202,-0.19220567968614316,-0.43591992580122385,-0.7977911732971674
203,-0.1890418084174661,-0.43323946866862406,-0.796233030644387
204,-0.18722799167661275,-0.4387409258786651,-0.7946744798429521
205,-0.18551897495986291,-0.44881839466346884,-0.7931166102008667
206,-0.18420943256827627,-0.45862541300044185,-0.7915601592901624
207,-0.18393361586293044,-0.4641131443622719,-0.790005180310315
208,-0.18310251919770593,-0.4634945730313766,-0.7884510971060923
209,-0.1802826876035658,-0.4576205497785697,-0.7868970458812119
210,-0.17801674192775352,-0.44925124935935923,-0.7853423198878229
211,-0.17755728508090302,-0.4416580511874044,-0.7837867234354818
212,-0.17718530966935891,-0.43721535603435946,-0.7822307008883294
213,-0.17435223170076386,-0.436568943560967,-0.7806752070695548
214,-0.1686357420429243,-0.4386565829237762,-0.7791213872324612
215,-0.1640951976761419,-0.44146147847707445,-0.777570200296136
216,-0.1627196898189085,-0.44307569724719087,-0.776022128339716
217,-0.16112576872334694,-0.4425610243174423,-0.7744770709459914
218,-0.15733939493028176,-0.44023903400311193,-0.7729344466556185
219,-0.15419559367292834,-0.4373378371341827,-0.7713934468314676
220,-0.15319683660481237,-0.4352270900141111,-0.7698533380879868
221,-0.1511269055153998,-0.43464844722476315,-0.7683137031082587
222,-0.14611020759072982,-0.43532427223264314,-0.7667745435994884
223,-0.1416767397731593,-0.4361251098584187,-0.7652362265280725
224,-0.1402936059956667,-0.43569734150752504,-0.7636993120259139
225,-0.1405490241683076,-0.43314604568076176,-0.7621643377669205
226,-0.13948584128319397,-0.4287584715780006,-0.7606316397770709
227,-0.13592476784291563,-0.424029163867534,-0.7591012657600655
228,-0.1329386930955233,-0.42066775562558,-0.757572996933376
229,-0.1318153297450277,-0.41995127670417687,-0.7560464547178571
230,-0.12762223756431662,-0.4222436661279634,-0.7545212434900912
231,-0.11990166458686374,-0.4265375423743576,-0.7529970766921639
232,-0.11786618109003608,-0.4307342572082682,-0.7514738485083072
233,-0.12121699834317762,-0.4325082535338878,-0.7499516382953657
234,-0.12153939003308856,-0.43034732186088875,-0.7484306591455143
235,-0.1197086051545117,-0.4243008529827907,-0.7469111771509833
236,-0.1192827394604854,-0.3596236639185303,-0.7453934306995731
237,-0.11986851834665452,-0.0967281621727396,-0.7438775717048003
238,-0.11858491537030774,0.43185148284194064,-0.7423636387367769
239,-0.11396668104306612,1.0294174317629297,-0.7408515610189663
240,-0.10940165223068901,1.393676336574734,-0.7393411856813239
241,-0.10721602884640874,1.4861888830048042,-0.7378323189895053
242,-0.10455638707572729,1.4936591980387108,-0.7363247731807792
243,-0.09975413711143238,1.5422837227184463,-0.7348184115161742
244,-0.09648587054996738,1.6311305723964358,-0.7333131840319613
245,-0.09660670931281035,1.7067991861908949,-0.7318091455458549
246,-0.09787341077325534,1.7272443651640188,-0.730306448264864
247,-0.09856513828352481,1.683074828482182,-0.7288053058420756
248,-0.09837925187695201,1.5936481418354345,-0.727305933892584
249,-0.09748225086087631,1.4942408349537903,-0.7258084816580934
250,-0.09439016235665247,1.4214212272519138,-0.7243129763855707
251,-0.08882564036151097,1.400203954993334,-0.7228193021093929
252,-0.08466854081789202,1.4353882545449679,-0.7213272257775136
253,-0.08383335570949632,1.5106828914453763,-0.7198364677998035
254,-0.08466518841915,1.5954690752014633,-0.7183467966742472
255,-0.0857159534609524,1.657101270611518,-0.7168581153114197
0,-0.08634667201803226,1.6730367014846834,-0.7153705059792952
1,-0.0864763077603869,1.6383820062948171,-0.7138842129852903
2,-0.08442896156315727,1.5671922658910438,-0.7123995640471328
3,-0.07941862453721499,1.4849010149181727,-0.7109037383810957
4,-0.07330962421794646,1.4216818674359946,-0.7093914301144908
5,-0.06749062860686447,1.3955451409077484,-0.7078879733315779
6,-0.06561650364153186,1.4131902864327808,-0.7064054208152846
7,-0.06896484880752693,1.4753262582851692,-0.7049340888321483
8,-0.07248107324264666,1.5521359053160033,-0.7034675541124382
9,-0.0719661550217619,1.6056110754023791,-0.7020026971578439
10,-0.06808325293961898,1.6195330718593048,-0.7005389586040853
11,-0.06511769347432622,1.5930576211650802,-0.6990771297430758
12,-0.06474593554155517,1.5383128548237082,-0.697618101827473
13,-0.06503954662187605,1.4760217596988165,-0.6961619692056782
14,-0.06465647648523602,1.4283008336461744,-0.6947077258536363
15,-0.06345600921672201,1.4091698496246554,-0.6932535690780408
16,-0.062059183161110004,1.4230455491924126,-0.6917976089255327
17,-0.06117829102389416,1.4652709257181926,-0.6903386526150586
18,-0.05935708301523468,1.5170953530324454,-0.6888767322059921
19,-0.055800090672702835,1.556044599951382,-0.6874131644488437
20,-0.05359049998058524,1.5684851904402253,-0.6859501237656964
21,-0.053874972558792866,1.5510120907987481,-0.6844898980505194
22,-0.05459117327205243,1.5109776849612109,-0.6830341127960939
23,-0.05438064450467516,1.4637674580352673,-0.6815832121830288
24,-0.052979791077517435,1.4262156529655279,-0.6801363803536629
25,-0.04941040923393307,1.4103172327732079,-0.6786919162829601
26,-0.043826457573570295,1.4179308800132073,-0.6772479074477284
27,-0.040112348746204035,1.4442421373385015,-0.675802943851487
28,-0.040098640424053256,1.4806042004096103,-0.6743566101884755
29,-0.04155954443495166,1.5111213714165093,-0.6729095871335464
30,-0.042930577838769024,1.5206179621330245,-0.6714633442942812
31,-0.0437761440712538,1.5069783435227189,-0.6700195581484596
32,-0.043458829291070505,1.4797060293962359,-0.668579482818366
33,-0.04208137175996039,1.448110976020926,-0.6671435075223182
34,-0.03899745967650124,1.4208665535346197,-0.6657110540701632
35,-0.035582062430321235,1.4054232650195764,-0.6642808349400895
36,-0.03584969500128807,1.404663034707907,-0.6628513587307066
37,-0.038434405214600814,1.4206149221122577,-0.6614214846980901
38,-0.03869023068882632,1.4475701266357368,-0.6599908204829819
39,-0.0358151495030703,1.469183775737105,-0.6585598254788056
40,-0.03332302272460841,1.476041267439581,-0.6571295976628801
41,-0.03278292760415752,1.4706493282197979,-0.655701439027025
42,-0.032514409971911115,1.4532967036660596,-0.6542763706016554
43,-0.03159244133304182,1.4283248389765104,-0.6528547769407915
44,-0.029894822612851278,1.408211764816862,-0.6514363024622276
45,-0.028306554868986353,1.3986436900882642,-0.6500200229804951
46,-0.027621234937218,1.3991362055370908,-0.6486048138582243
47,-0.027669510518988694,1.4084321894751208,-0.647189769199642
48,-0.028583847911031218,1.4223523802091615,-0.645774516591693
49,-0.030140456727847736,1.4349268403864066,-0.6443593193665005
50,-0.0313076408085802,1.4411935570963679,-0.642944942380739
51,-0.03165520722249167,1.4370817524396395,-0.641532344784963
52,-0.03140725636894076,1.4228178164886245,-0.6401223220380805
53,-0.03054279473438267,1.4051366294837377,-0.6387152299322774
54,-0.02732858877527452,1.3917003562529757,-0.6373108850101661
55,-0.021765004476656934,1.3859038388901386,-0.6359086656267616
56,-0.01791775100290422,1.385434197131222,-0.634507763711532
57,-0.017415069798501645,1.387843166736169,-0.6330943695875086
58,-0.018450810557659778,1.3930584756311744,-0.6316626857878702
59,-0.019585083544224002,1.3996710841804996,-0.6302382122923527
60,-0.020176603696284337,1.4048205787208894,-0.6288337438856335
61,-0.02019160105657654,1.4045148388514281,-0.627440629227441
62,-0.019704042761026764,1.3970866807611726,-0.6260533873019043
63,-0.018755419110802363,1.386447249239466,-0.6246694153863757
64,-0.016177030834810636,1.371344834590949,-0.6232880742824414
65,-0.013361182888068618,1.3569216338188816,-0.6219095278999658
66,-0.01592042107557176,1.3553248914544644,-0.6205337366164887
67,-0.02112782549744885,1.3584300583561948,-0.6191599049732623
68,-0.021626374584928373,1.3581264861018494,-0.6177864960671333
69,-0.019419237977264914,1.3603186321923735,-0.6164117131158542
70,-0.01863102234689956,1.366979273121197,-0.6150341877305083
71,-0.019023160444295695,1.3733993000404023,-0.6136535589128689
72,-0.019246348412514498,1.3758846069724058,-0.6122706913056943
73,-0.018714145229351505,1.3745370754673143,-0.610887436459626
74,-0.017898109614927032,1.3683990747890018,-0.609506024852492
75,-0.017248269217327215,1.3575706527797853,-0.6081283190140951
76,-0.015216913357477078,1.3481698906549946,-0.6067552076614728
77,-0.011229641568910431,1.3425101914470434,-0.6053863621746327
78,-0.008448162432134247,1.3365834890393637,-0.6040204359543628
79,-0.00985716298261042,1.3335831565824168,-0.6026556202415627
80,-0.012936122201438104,1.337601227814087,-0.6012903405053498
81,-0.012317637206095338,1.344194217998322,-0.5999107159823391
82,-0.009159339453053118,1.3491260992781573,-0.5985115833059589
83,-0.00727656872090447,1.351419833946239,-0.5971195303062236
84,-0.006749339798857059,1.35016580676733,-0.5957484796973049
85,-0.006718894386650767,1.345193344438608,-0.5943905285161506
86,-0.006854858162118987,1.337392420137034,-0.5930402939249051
87,-0.007056726633080972,1.3268463331617357,-0.591694596016429
88,-0.007333860903018283,1.3150863221468398,-0.5903517672679364
89,-0.007753181288716493,1.3073307938689713,-0.589010877618569
90,-0.00807089017328019,1.307930749191434,-0.5876711290532632
91,-0.00794569528518474,1.3154555559235965,-0.5863315722716196
92,-0.007550540553538272,1.3233611464218455,-0.5849911619461603
93,-0.00713530757087729,1.327492286882232,-0.5836490415379989
94,-0.005083238339027726,1.3278363002375757,-0.5823048754027174
95,-0.0007741080579408664,1.317854118823227,-0.5809590470995207
96,0.0007454104714794824,1.2994756546997284,-0.5796126129315464
97,-0.0013523066226414186,1.291286343788613,-0.5782670085534727
98,-0.001087391234812796,1.2936738410876263,-0.5769236106930227
99,0.0012938184159215736,1.2940662520449662,-0.5755833157374834
100,0.0025432256063977927,1.2904770215647767,-0.5742462911166886
101,0.002947747358874717,1.2884591117966564,-0.5729119887302532
102,0.003128834390028694,1.2935820882989946,-0.5715794095611069
103,0.0031831288660357365,1.3018628676211668,-0.5702475148487227
104,0.003292812371158322,1.3046660784845785,-0.5689156274463076
105,0.0034864045505106234,1.3009385461698777,-0.5675836756037678
106,0.0034203430110920797,1.293724566455234,-0.5662521955506197
107,0.0030725078142624504,1.284124746652489,-0.5649221027062854
108,0.002840982988217566,1.2755353948273083,-0.5635943276754216
109,0.002741630991226647,1.269790746450158,-0.5622694602056497
110,0.0042922627488807714,1.265202011574948,-0.5609475355999975
111,0.00841367526431509,1.264193520674389,-0.5596280388141677
112,0.011928567485726543,1.2687254757078419,-0.5583101162862028
113,0.012964930066489834,1.2734951349133432,-0.5569929075476163
114,0.01292545277549377,1.2752019763701434,-0.5556758668172006
115,0.013046763137105295,1.2753341224754262,-0.5543589538451827
116,0.013470033193102804,1.2717827742393588,-0.5530426274435072
117,0.013738278225368127,1.2628413105208227,-0.5517276521965766
118,0.013708725131505908,1.2518715788646473,-0.550414798860944
119,0.013578353937978987,1.2415248824338487,-0.5491045555198037
120,0.013282880957423419,1.2353968366976247,-0.5477969574749979
121,0.012845192587889367,1.2378617446418563,-0.5464915944626325
122,0.012549216922111122,1.2473223695672861,-0.5451877844988042
123,0.012415257796375846,1.2569517239874597,-0.5438848415198241
124,0.01428792598746563,1.2617758288290224,-0.5425823319991385
125,0.017225011070983128,1.2557951929213198,-0.5412802248052722
126,0.016682585293071865,1.2422441055445699,-0.539978883222187
127,0.01434645782818026,1.2354589759739918,-0.53867890971751
128,0.0135363017899073,1.2332617955451144,-0.5373809088815356
129,0.01356840756674333,1.2282461692915958,-0.5360852614504881
130,0.013668824302573108,1.2222103595267138,-0.5347788767506929
131,0.013619128125439067,1.2196203565773542,-0.5334559754999171
132,0.013242033190898287,1.22291723710866,-0.5321414165777125
133,0.012715944390905877,1.227183108048048,-0.5308469742553263
134,0.012439031774493382,1.229123235586706,-0.5295629960312309
135,0.014085885780292136,1.2300504306488076,-0.5282833820045214
136,0.018384074950789725,1.2275628942110237,-0.526992372861464
137,0.021990766513407062,1.218072173163793,-0.5256843803701572
138,0.023200791720741444,1.205701466008187,-0.5243857891891524
139,0.023412890455621324,1.198354538092115,-0.5231096925172212
140,0.02331765548697942,1.1967478989794094,-0.5218465010290925
141,0.023396692788477974,1.1964245521549133,-0.5205886583999924
142,0.023670775889809245,1.1978524109584727,-0.519331054529466
143,0.023690156159002405,1.2020690852491462,-0.5180710700883622
144,0.023436522802222796,1.2073118057903542,-0.5168082107324665
145,0.023077185274266637,1.209669469639926,-0.5155434040577622
146,0.022951069847462112,1.2058474482445622,-0.514278141965083
147,0.023079624121796184,1.1975722921737484,-0.5130137041223068
148,0.02325077066639042,1.1883362495702645,-0.5117506690604647
149,0.023492281920631408,1.1811133270449732,-0.5104888170644859
150,0.023627578908268,1.1773023142023549,-0.5092273920604631
151,0.0234865020488622,1.177483197626159,-0.507965569778769
152,0.023457334969176333,1.1792630449268708,-0.506702920948642
153,0.023729571407688825,1.1827464820844655,-0.5054396803132168
154,0.023668782269232566,1.188676883918141,-0.5041767227098763
155,0.02317433249219541,1.1865293009251046,-0.5029152692341161
156,0.022761666100476613,1.17566133085966,-0.5016564517510655
157,0.02243826690217933,1.17070386627109,-0.5004009135743561
158,0.0224483346618949,1.1702388978729772,-0.49914860205977774
159,0.02303061052450074,1.1648116002769693,-0.49789882741928637
160,0.023505796020608247,1.1582103306960851,-0.4966505557133063
161,0.023425856856732943,1.1580381541345677,-0.4954028150473031
162,0.0233378252595578,1.1613432066025715,-0.49415505583915365
163,0.023580421963613554,1.162079188883562,-0.49290733092745365
164,0.023555950105997377,1.1613727357929,-0.4916602367193734
165,0.0229700603642964,1.1599551292449073,-0.490414650813068
166,0.02255055096396641,1.157928673339676,-0.4891713774693367
167,0.02259195391645087,1.1541300409062503,-0.48793084162294553
168,0.024239265255084512,1.1474388855778495,-0.486692945877653
169,0.02676848361688701,1.140853650533821,-0.4854571361311255
170,0.02641505674597254,1.1369873264071217,-0.4842226389124167
171,0.025860159419981946,1.1365589585515221,-0.48298876959248704
172,0.028798362062849747,1.1385951736849278,-0.481742072250557
173,0.03202723732752863,1.1429721034259401,-0.4804772032968416
174,0.03157253885036776,1.1471040207084795,-0.4792200493442431
175,0.02913591535491357,1.1471793704188622,-0.47798358207178815
176,0.028106468625000464,1.1434171909254753,-0.4767459358891284
177,0.028217526546277336,1.1358149258037145,-0.4754958358660859
178,0.030024469037757823,1.127000755531531,-0.4742556200396386
179,0.03212065881556013,1.1207902931197151,-0.47303655985288784
180,0.03258188061199681,1.116030955438129,-0.47182930564110626
181,0.03254690722164996,1.1131651438287067,-0.4706278167790199
182,0.032561210179349945,1.1150889012923466,-0.46941557601459794
183,0.03250945569006354,1.1204948609425074,-0.4681854359826494
184,0.03251621271486696,1.124174609050964,-0.46696192085935073
185,0.03274866636456365,1.1168594148984332,-0.4657566750804061
186,0.03283606562455291,1.1019587868157958,-0.464559673471703
187,0.03283544001401785,1.096743982856447,-0.4633641700039741
188,0.03284238192013242,1.0991200480993322,-0.4621668796929972
189,0.03244073123524012,1.0998589509652357,-0.4609674169876494
190,0.031997713856427135,1.098943841497455,-0.4597540647732803
191,0.03186468100532325,1.09537103811286,-0.4585232349520927
192,0.03168885839374648,1.0919616524256455,-0.45730154730351336
193,0.031565639819441105,1.0916400224523986,-0.4561013067654338
194,0.03173439173375342,1.092589585072743,-0.4549120123965791
195,0.032039458313375124,1.0941475752198278,-0.4537258051723341
196,0.032435204405073664,1.0946641925535276,-0.45253820967674363
197,0.0327137984632917,1.0918852096287583,-0.45134803258672496
198,0.03262344305244555,1.0871540105455817,-0.45015648424096355
199,0.03247526557830453,1.082408274310322,-0.44896583126215517
200,0.032384638787304146,1.078873638422603,-0.4477780299302936
201,0.03224834560846859,1.0769539911470636,-0.4465937743171047
202,0.032035465648740116,1.07797780252127,-0.4453991086983342
203,0.031914525905433436,1.0787786931636525,-0.4441866227158968
204,0.03208438970772319,1.075456345529894,-0.4429795174267841
205,0.03235605164994747,1.073115760858081,-0.44178862341025726
206,0.03252407721910436,1.0730164526238153,-0.44060450056043043
207,0.03233243892713593,1.0694032155358024,-0.4394223945295799
208,0.03205250825123719,1.0631279390341861,-0.43824167616500986
209,0.0319214212855011,1.0597373113814967,-0.4370641823045962
210,0.03173160628929761,1.058698757283481,-0.4358921431745437
211,0.03156191945836273,1.0557204442603192,-0.43472645206975624
212,0.03152619013371136,1.0537533661894796,-0.43356584370951845
213,0.03165076246004517,1.0546813825771015,-0.4323940561095234
214,0.031873996240839614,1.0552828832559498,-0.4312017570679403
215,0.03225835134223863,1.0513552885536126,-0.43001122489543864
216,0.03262118966622875,1.037897106621204,-0.428833623559032
217,0.03267158402197304,1.0287883825598185,-0.42766090823120906
218,0.03249437385388795,1.0350964421268558,-0.42649021908747997
219,0.032241259827028565,1.0406254637430892,-0.42532260962933743
220,0.03185873230700498,1.03729917758153,-0.42416079517656713
221,0.03133450600988025,1.0337835534809563,-0.42300681829483855
222,0.031020219414592085,1.033084700236472,-0.42186046539677124
223,0.031061477291355638,1.0314767032448042,-0.4207189234112556
224,0.031237333767014666,1.0293749594877748,-0.4195776713000845
225,0.031362970769386406,1.028956699383389,-0.41843214357408876
226,0.03137101347588046,1.0305142699566865,-0.41727944653949733
227,0.03143670704882569,1.031489047753114,-0.4161194353157558
228,0.0315174206452043,1.0275077110482038,-0.41495474477370586
229,0.03143019358601594,1.0223349288829926,-0.41378978973039127
230,0.03146815856441276,1.0210608279579554,-0.4126291431963005
231,0.03166424330673613,1.0209247510915809,-0.41147592035245406
232,0.03163671412943986,1.0194942995694873,-0.4103307669861913
233,0.0313404363434133,1.0181215655031521,-0.40919179811801665
234,0.03129482143652691,1.0162595617116725,-0.40805546223225164
235,0.03154569552155828,1.012586776777019,-0.40691796378312484
236,0.03147858798302336,1.00924594350858,-0.40577668861897886
237,0.03129526187490202,1.0089915048115188,-0.4046311059013541
238,0.031255908989459694,1.0106213140677367,-0.403482843508415
239,0.031154336089073267,1.009705058502775,-0.40233495781142836
240,0.031207380309511118,1.0054892250229508,-0.4011907164766948
241,0.0314145845169914,1.0010611349308172,-0.4000523749529885
242,0.03155816826711755,0.9983517524905396,-0.3989204009587153
243,0.031509249098438136,0.9960380544011769,-0.3977934074044611
244,0.0313819630848641,0.9943840757853226,-0.3966687752784648
245,0.03154940277721528,0.9895734368848665,-0.3955436930295346
246,0.03180320763726588,0.9772355086473841,-0.394416201527781
247,0.031633906991638774,0.9725049948676676,-0.3932858578334997
248,0.031044570088912496,0.9818159884764497,-0.3921537972317841
249,0.030524715918993,0.986935058780523,-0.39102221037952334
250,0.03050352402790818,0.9055078685225717,-0.38989346789640167
251,0.030918185065302806,0.5814164692082842,-0.38876923934724017
252,0.031137733965083708,-0.015447254971906244,-0.38764993168216644
253,0.031028798903447355,-0.6091865546402837,-0.38653463125341747
254,0.030979427193834896,-0.8954619530299062,-0.38542153432947823
255,0.03101589606305781,-0.930133051542889,-0.3843086717894917
0,0.031212713685271537,-0.9382347671789573,-0.3831946394978658
1,0.031424127924334674,-1.006184554579968,-0.382079065692552
2,0.03124554035324152,-1.101538735549128,-0.38096266438726667
3,0.030876136420771444,-1.165223445827344,-0.3798468881433895
4,0.030853232142342285,-1.163655257263906,-0.37873334000236136
5,0.030900485793803265,-1.0988013574471682,-0.37762317977793713
6,0.0323344201600642,-0.9988784934651114,-0.37651674230221466
7,0.03473481187598711,-0.9033202071527333,-0.3754134887561803
8,0.0341502743084145,-0.8473172011121954,-0.3743122792729384
9,0.031669656629994505,-0.8494165093098487,-0.3732118382337183
10,0.030413859893081707,-0.9056315746193047,-0.37211122496759175
11,0.03205428698245959,-0.9919573739376082,-0.37101013818153705
12,0.03658559269124989,-1.074197434868947,-0.3699089598601275
13,0.039944139228955663,-1.1212068184310198,-0.3688085490472157
14,0.03874312186913423,-1.1164314251463043,-0.3677098860433897
15,0.03576583116196444,-1.0634583273842486,-0.3666137115396304
16,0.036308089732758536,-0.9837469155560967,-0.3655202914290717
17,0.039050692041179544,-0.9077509471939926,-0.36442937764583583
18,0.040499656531379075,-0.8630799405557108,-0.363340356021296
19,0.04083177794245364,-0.8642925522410154,-0.3622525053146156
20,0.04077359035240473,-0.9080808215560241,-0.3611652608206498
21,0.040492398766320756,-0.9753928702395154,-0.36007838806146863
22,0.04012189392120623,-1.0393541689783836,-0.3589920171960319
23,0.03982675737437946,-1.0757217573045437,-0.3579065460694604
24,0.039626050010455424,-1.0718168354493378,-0.3568224658827456
25,0.039528557656417274,-1.0306601423251736,-0.35574018285255316
26,0.03962354596611846,-0.969008092203411,-0.35465989871219883
27,0.039927798059163605,-0.9103494901570781,-0.35358158092613534
28,0.04013972828615667,-0.875761087851952,-0.3525050157910202
29,0.040154278766095605,-0.8761689855291088,-0.35142990941141017
30,0.04020627343718558,-0.9088406582614672,-0.35035599199730727
31,0.04017216529922049,-0.9591859641804446,-0.3492830901265658
32,0.03995750416802378,-1.0068900809719485,-0.3482111519856733
33,0.03982325032741586,-1.0338296191357972,-0.34712711486486736
34,0.03978170121922532,-1.0307008354624094,-0.3444254007935973
35,0.039726095076597204,-0.999952902355421,-0.33812762345401315
36,0.039696207653365526,-0.9541501951960147,-0.3294750306445273
37,0.03964260579088033,-0.9106569177266599,-0.32121611728663335
38,0.03950997675664075,-0.8848633616932418,-0.3156741232157063
39,0.03941733741686436,-0.8845823113639115,-0.31390789095599925
40,0.03948704787130318,-0.9076385197875783,-0.3147470577742132
41,0.03957115250549026,-0.9433455919773497,-0.3166558474164626
42,0.03941623400617933,-0.9770601100039848,-0.3179347171362056
43,0.0392113208458391,-0.995901503529748,-0.3148416878830219
44,0.03921588534260147,-0.9934173986816348,-0.30309096868064
45,0.039286447961345644,-0.9715220473784343,-0.28209688766450747
46,0.03930699617651898,-0.9391754790229645,-0.2561351285947153
47,0.03924598578814063,-0.9085322229318282,-0.23079861247573874
48,0.039176349834247406,-0.8901859619829264,-0.21045209859460612
49,0.03927654603013338,-0.8893567684852814,-0.19783801307493687
50,0.0394229405482462,-0.904375884366531,-0.1920008413259533
51,0.03942473598988207,-0.9278571439398333,-0.1886188846429232
52,0.039228404636190484,-0.9499046667232323,-0.18365042399421266
53,0.038875377669842046,-0.961992430698559,-0.1740539246661823
54,0.03858906180396873,-0.9600083115444611,-0.15704353484585953
55,0.0385628979959774,-0.945392849025517,-0.13307954290610735
56,0.038673075300588194,-0.9241092764439469,-0.10664808284639271
57,0.038643987265785995,-0.9040203263896864,-0.08156432553827153
58,0.03852671252288464,-0.8917974666627164,-0.060097204472303656
59,0.03847670034028014,-0.8905644183056416,-0.0441574596254366
60,0.03854618841361272,-0.8990904937281745,-0.03250866353135051
61,0.038719786704478565,-0.9126880614624144,-0.0213084822975515
62,0.03881577184021809,-0.9253092899489839,-0.008538562803265204
63,0.03868198723082278,-0.9319323071756203,0.006796833948474051
64,0.038467990911432215,-0.9303078911346887,0.026806954779509423
65,0.03845137018866611,-0.9214757662592148,0.05175673355460553
66,0.03847844245973728,-0.9089900607661923,0.07886115542766331
67,0.03832354789616431,-0.8972927060670326,0.10580894175719291
68,0.03815127686954603,-0.8899512088963797,0.13184694178823012
69,0.03816241684212682,-0.8884479347580743,0.15593665351244712
70,0.03832850808980848,-0.8919151858104728,0.17791110723915382
71,0.03842980351016738,-0.8977967560876006,0.19942804031082473
72,0.03829909190176316,-0.9030583962884511,0.22114840707201766
73,0.03643915205934721,-0.9054026562179538,0.24268018155057902
74,0.03402214697774858,-0.9040130926817835,0.2647457017546989
75,0.03495489225016683,-0.8996039821445132,0.28707273327494626
76,0.037438865064934324,-0.8938617052244515,0.3076733545091981
77,0.03825927349301622,-0.8885991405741316,0.3259687445060144
78,0.037833607330418934,-0.8850162270697397,0.3419622991743436
79,0.03732642505751897,-0.8833574282466801,0.35444216915442284
80,0.037352793340403465,-0.8830439210633223,0.36308439774245693
81,0.03761045483135568,-0.8831392353878307,0.36886581598481505
82,0.03775615498226463,-0.8828782289901054,0.37150361422939193
83,0.037854637537087496,-0.8819982373272002,0.3698584910929186
84,0.037937278507737496,-0.88073997724769,0.3641487418909324
85,0.037886528005083756,-0.8795639193092919,0.3545846162965004
86,0.03765521285199812,-0.8787679039703433,0.3403028900494075
87,0.03739012052597018,-0.8782298383784948,0.3220913271784629
88,0.03717081265610603,-0.8774227628421514,0.3022348604416266
89,0.03691147576106829,-0.8757004072396644,0.2809971375713909
90,0.03683965625121299,-0.8727045930667834,0.25815485899460777
91,0.037147937331206596,-0.868673713462242,0.23498513092815565
92,0.03748619957348388,-0.8644699220339394,0.21111891429011775
93,0.03756973193749047,-0.8612747998894381,0.1849840845517624
94,0.03752249522403103,-0.86006764943514,0.15661516105953477
95,0.0374319117569004,-0.8611192611251748,0.12611102832479293
96,0.03732178324383863,-0.8637484499915313,0.09294302705310825
97,0.03714971959684209,-0.8664868849784235,0.05787189029554379
98,0.03687992302208226,-0.8676208512492476,0.02253245815116786
99,0.0366566688521527,-0.8659035822987224,-0.012578261513544686
100,0.03651139711373172,-0.8611380032092748,-0.04765992720013357
101,0.036585541267480745,-0.8542810967440457,-0.08318168183704477
102,0.03696975614219371,-0.8472486378219615,-0.12066634522176414
103,0.03727262067804728,-0.8423413113989258,-0.16094735562893836
104,0.037311566016901346,-0.8411794622637612,-0.20276307029772683
105,0.037222069849961056,-0.843852800972885,-0.2450716366113913
106,0.03703579319858011,-0.8488157803255048,-0.2862504384134892
107,0.0368640063172921,-0.8536495832148514,-0.3206578134571887
108,0.03829374625263675,-0.8559969088927182,-0.3417153675929485
109,0.042085377753331904,-0.8543208911394147,-0.34660306103386085
110,0.04522941171074321,-0.8485474523259267,-0.3372310553075716
111,0.04430897994505065,-0.8401923396296231,-0.3195009883342712
112,0.041736959513278424,-0.8318426823636369,-0.3011570172513057
113,0.04289253801830195,-0.8261767396679671,-0.2890632782637267
114,0.046035721444328825,-0.8249105043082805,-0.28693155509134893
115,0.04733286505065776,-0.8280946461653458,-0.29431018547591914
116,0.047111734189447946,-0.8339681969997668,-0.3071358972380207
117,0.04628407141436543,-0.8397828170633184,-0.31955375016101284
118,0.04554125383744523,-0.8428995682178213,-0.3262568349406664
119,0.045239083605729785,-0.8414499321218614,-0.3244495857996472
120,0.0451494777302138,-0.835249405231383,-0.31473429268394815
121,0.04518301307710769,-0.8261068919304748,-0.30066566163827524
122,0.04545322961625908,-0.8169939014035597,-0.287230739187635
123,0.04584208242508758,-0.8108704429489879,-0.27889477392782736
124,0.04615208097835266,-0.8095560132450648,-0.27797217344999436
125,0.046233775322603615,-0.8130342437397977,-0.28390842677811456
126,0.04612625704987838,-0.8194522808770284,-0.2936781144640669
127,0.04585014073586954,-0.8258239570865142,-0.30307283010951447
128,0.04542322444706576,-0.8291725276532982,-0.3083363648556784
129,0.04495645951271647,-0.8276737201270961,-0.3075136805942388
130,0.044654440472297,-0.8213570506134036,-0.3010331392463811
131,0.044683737327092174,-0.8120940250395119,-0.29136316033875265
132,0.04494322603238746,-0.8028782230252687,-0.2819417263120889
133,0.04525764773877469,-0.796676089776704,-0.2758330521909228
134,0.04539138645349074,-0.7952921602675898,-0.2733201075612529
135,0.045296656107945824,-0.7986850049541863,-0.2713952200511547
136,0.045161288563349944,-0.8049118120006247,-0.2668098173947643
137,0.0466106347252524,-0.8110608804659347,-0.2577803434344469
138,0.050345114222703394,-0.8144198450079947,-0.2448987977356739
139,0.051637798004029414,-0.8131426975322316,-0.23079190181503872
140,0.048086543137152354,-0.8071117812887538,-0.2162244539142092
141,0.04463657776645724,-0.7981749919553489,-0.19844677181815606
142,0.04595089316224507,-0.7892673181510546,-0.1748362371104819
143,0.05099390246055141,-0.7832430213217125,-0.1442341349446189
144,0.05463516879132757,-0.7818055342895442,-0.10541297908823744
145,0.05490419622544823,-0.7848924092364475,-0.05958296453115222
146,0.05382207148109025,-0.7907311184464425,-0.01152931045039493
147,0.05300680346163186,-0.7965386261176701,0.034534646239367084
148,0.052847471540233976,-0.7995927418346467,0.07677281329779667
149,0.05310155554937515,-0.798262579781087,0.1132622115728914
150,0.053556453734733306,-0.792606458416532,0.14226505086679792
151,0.05393679704814883,-0.7843174216820652,0.16409360190743316
152,0.054188449347028156,-0.7759671283941652,0.1796927002205792
153,0.054347486666152606,-0.770190803746144,0.1908002755013508
154,0.05411516816653025,-0.7687400304572911,0.20136957796112087
155,0.053429484702110897,-0.7714761204079008,0.21377693551042953
156,0.052705954144078415,-0.7766296593216211,0.22606061968875213
157,0.05227471172387993,-0.7817182705849799,0.23575694068887743
158,0.05218071498100865,-0.7843519201352591,0.24202517150954128
159,0.05244009281528722,-0.783095571718722,0.24431525150722344
160,0.05288629020248861,-0.7779997908433085,0.24368102797723945
161,0.05316198838719674,-0.7705579365262873,0.24365437427276904
162,0.05320513817823405,-0.763109203306743,0.2465253575046843
163,0.053098326464219525,-0.7579327679183776,0.2523924215916632
164,0.05282436856349862,-0.7563890777750544,0.261446896800706
165,0.0524242622147818,-0.7584331482381654,0.27320891374231737
166,0.05209773592122044,-0.7626727961616413,0.28630080554413995
167,0.052014273325437926,-0.7669332843615151,0.3005775143466374
168,0.0520884423703854,-0.769099754570731,0.31724982217146924
169,0.05223275513389786,-0.7679109527252086,0.3356526527013526
170,0.05236635544331847,-0.763406329587681,0.35329362884310545
171,0.0524700071602672,-0.7568689610555899,0.3700488541048129
172,0.05255714964496261,-0.7503022098791703,0.3875825542218545
173,0.0525122031334625,-0.7456528322428484,0.40678396401302774
174,0.05228609200684606,-0.7440818122921928,0.4272466855191106
175,0.05185391179308285,-0.7455559384265991,0.4454470452012642
176,0.05137754827798752,-0.748902698516305,0.4563466290323417
177,0.05109113032761661,-0.7522913538295959,0.45786605530881475
178,0.05101912386346133,-0.7539437512874398,0.4506514536139212
179,0.05110745687685245,-0.7527990374280908,0.4351692913417704
180,0.05135581975569692,-0.748884031677687,0.4118979493928574
181,0.05170892746549294,-0.7432612076696814,0.3829374050510468
182,0.051921303861453355,-0.737590138365924,0.35113777896623644
183,0.051869596585052746,-0.7334823244026638,0.3191429834654087
184,0.05165087206426666,-0.7318999436303026,0.28898895911720235
185,0.05138365695989114,-0.7328224866793924,0.2607486496358329
186,0.05115415327025083,-0.7352953988213633,0.23300776182888605
187,0.05101366228438051,-0.7378265485781785,0.20581490298849187
188,0.050977168323182415,-0.7388846521981238,0.18015795443232752
189,0.05102200586920683,-0.7376481666959234,0.1553205988196466
190,0.05109682317344827,-0.7343345729601978,0.1310949521676611
191,0.05114202172250548,-0.7297113440926841,0.10875908937117013
192,0.05103108246310106,-0.7249422430691361,0.08812097655323176
193,0.05071412644897075,-0.7213444276257643,0.0681306290358707
194,0.05046159781610507,-0.7197445984487987,0.04923365664274737
195,0.05044027691149269,-0.7201570342222798,0.03186485070043728
196,0.05036832224832172,-0.7218300911769009,0.014995701148654672
197,0.050099469146799025,-0.7235784249670572,-0.0012710475616138778
198,0.04996385082330981,-0.7242508836638202,-0.015867305953726818
199,0.050051365198745396,-0.7231567192549981,-0.02946131959561779
200,0.05005523283099775,-0.7202977601259737,-0.041810549013027686
201,0.050030050606467216,-0.7163312736753344,-0.05029275666566825
202,0.04840174877217952,-0.7122910817566683,-0.05366396759913542
203,0.04427132184760155,-0.7091832707682555,-0.05215104659771781
204,0.04104163614924672,-0.7076138747507903,-0.04499643725716396
205,0.040301589062137155,-0.7075857171254201,-0.03213303157875971
206,0.04026324020654272,-0.7085309504572954,-0.015280037325017759
207,0.039974944289053224,-0.7095540672784697,0.004877223574102696
208,0.03953132915935943,-0.7097829223535002,0.0288272957697642
209,0.03914404754609832,-0.7086907829335443,0.0557892138401031
210,0.03891472821621088,-0.7062711376946742,0.08441342216913855
211,0.038962644682733014,-0.7030088734329014,0.11427750812438092
212,0.039191912630997444,-0.6996707596635596,0.14475991597110627
213,0.03950639632418031,-0.6970041996066845,0.1749751254310411
214,0.038188067552443444,-0.695461967025268,0.20524684823712613
215,0.036016197012461615,-0.6950536390112629,0.2357101877970022
216,0.036897053632810525,-0.6953708537220884,0.2659614320355989
217,0.03744252381142907,-0.6956832989832094,0.29692453570229227
218,0.03374124496621886,-0.6954033151490271,0.3297595676683316
219,0.029821864752010263,-0.6943495793923666,0.36432433555936294
220,0.02855574057103806,-0.6924274773145813,0.4000830401738531
221,0.028695133210088028,-0.6898088868287391,0.43656394902498197
222,0.029110748505970174,-0.6870580659492609,0.4726089449064983
223,0.029531222415210612,-0.6847548935458669,0.5071233431199627
224,0.029772529862745506,-0.6832439570915798,0.5404370437644541
225,0.029788780041177382,-0.6825375137043281,0.5728181193094302
226,0.02968639506576383,-0.6823507285727346,0.6032364319805601
227,0.029546119224870354,-0.6822343182948092,0.631640315960224
228,0.02940920491797222,-0.6817518803947336,0.6589915730804456
229,0.02921816816406131,-0.6806373720619987,0.6854077238037672
230,0.028951586737731155,-0.6788776658167948,0.7112780610868967
231,0.028778251227622495,-0.6766957070397244,0.737523777204701
232,0.028851272011885642,-0.6744485224068442,0.7634644393393613
233,0.027452898363657302,-0.6724849741073771,0.7874575934023231
234,0.0251420212859894,-0.6710193450808821,0.8094178790732065
235,0.025917318251475488,-0.6700659762323367,0.8293723839982583
236,0.026777250561301966,-0.669453354666246,0.8466321729391582
237,0.023467351219479807,-0.668904828264665,0.8624855941300962
238,0.01957946973611925,-0.6681496389317287,0.8785099354636006
239,0.018347156776160993,-0.6670203194345083,0.8935938783784132
240,0.018671081117830536,-0.6655020341509736,0.9065693288942294
241,0.018948105418979837,-0.6637208804621357,0.9176940724499416
242,0.018822316361820766,-0.6618822228563692,0.9262248319101736
243,0.01853200669059643,-0.6601874521398656,0.9305104379364217
244,0.018500933822367747,-0.6587623168561318,0.930429702684723
245,0.01857877657871701,-0.65762173635981,0.9269634364786756
246,0.01858865432239376,-0.6566793669179272,0.9203144028590402
247,0.018756384385410385,-0.6557924641515587,0.9112416120847997
248,0.018987286460420888,-0.6548206678939936,0.9014090033019042
249,0.01928816212027574,-0.6536750812781462,0.8909516799165189
250,0.019485808526580883,-0.6523410604527342,0.879693891324103
251,0.019351532402669576,-0.6508705220121314,0.8680874954981825
252,0.01904318528308873,-0.6493517559450648,0.8550918574810482
253,0.018597193491372545,-0.6478719493973273,0.8396228632772704
254,0.018223100241396763,-0.6464877455295344,0.8225717196123541
255,0.01819396513292095,-0.6452132052541315,0.8043665721836151
0,0.01839591863715971,-0.6440258733391528,0.7837867824144704
1,0.01865286314743818,-0.642884286227877,0.7609703093202624
2,0.018673894467802495,-0.6417470829436023,0.7371902501683338
3,0.01848153976052238,-0.6405855618115592,0.7120591462850792
4,0.018304685128482538,-0.6393864984144104,0.6854279616090291
5,0.018270292815736583,-0.6381474731804508,0.6581154056754241
6,0.01843811205127391,-0.6368701872840623,0.6290985692812061
7,0.018539073404160722,-0.6355569872234501,0.5976107353124163
8,0.018488632914347644,-0.6342126435687261,0.5654720833286904
9,0.018495855174755854,-0.6328493398657307,0.5335317082416913
10,0.01865823131598604,-0.6314901673578688,0.500690859726147
11,0.01891725897003802,-0.6301666955857486,0.4675320622415373
12,0.018984360710009432,-0.6289093240064016,0.43569932192106653
13,0.018678989912450886,-0.6277335081908568,0.4053490233631376
14,0.018453689346265706,-0.6265458268801802,0.37682987165327164
15,0.018577383341118817,-0.6253508462582682,0.3511064911392423
16,0.018633736432447756,-0.6242926550717782,0.3274133501650972
17,0.018277648747198103,-0.6232312498796269,0.3047389595196621
18,0.017674401146073673,-0.6219678513610856,0.2843984561852857
19,0.017342260656674095,-0.6205374319450174,0.2677706195170436
20,0.017464428026608157,-0.6189642448296635,0.25444574384800545
21,0.01777656977548972,-0.6173968461588422,0.2443274253306219
22,0.018030460493513277,-0.616115866997567,0.23825338357214854
23,0.01810875448833426,-0.6150748155998977,0.23590065063246568
24,0.01799921286900099,-0.6140896063483507,0.23639899930537212
25,0.017756632591706706,-0.6131159200994762,0.23972745423660924
26,0.017473770235754603,-0.6121070565018241,0.2455676157770409
27,0.017415283775632125,-0.6109917720765015,0.25378788777667993
28,0.017565370792430438,-0.6097165666725697,0.2654334876883523
29,0.017539305503540874,-0.6082846351032607,0.2809688045725046
30,0.017465509577107498,-0.6067630582379966,0.2991923647547148
31,0.017762964397923624,-0.6052590135743257,0.3194841682156432
32,0.018202337558008513,-0.6038784184830981,0.34284710358046044
33,0.018369322944442948,-0.6026842323873909,0.3691927702137392
34,0.01843926141159015,-0.6016704962743493,0.3976137628281786
35,0.018450939231072792,-0.6007623686990138,0.4275752619516926
36,0.01827874346073708,-0.5998428478941784,0.45746776210245055
37,0.017917231291365653,-0.5987966006518759,0.4864326129485086
38,0.01743230627136407,-0.5975543529487806,0.5156842115771045
39,0.01718906544828821,-0.596120600645057,0.545501662491876
40,0.017303910729024576,-0.5945734733620427,0.5746604734274987
41,0.01768820695068054,-0.5930361979749126,0.6031648865810115
42,0.018217613529154325,-0.5916306632761423,0.631061816218828
43,0.01833481306985038,-0.5904307391642034,0.6571213723240545
44,0.017829361784152536,-0.5894333803160305,0.681496001724669
45,0.01727168396259314,-0.5885589020487214,0.7049656555746018
46,0.017189340442450123,-0.5876806603632423,0.7263312403812316
47,0.017563863337835176,-0.5866730004887937,0.7437713919846849
48,0.017938688265558722,-0.5854591863993528,0.7566692722833301
49,0.018088685517263385,-0.5840408988965424,0.7643302282954749
50,0.01798772334336378,-0.5824978854039322,0.7659359942971298
51,0.017814340063596,-0.5809577844956304,0.7625318558173304
52,0.01796107763459167,-0.5795476155188546,0.7554149169519047
53,0.018219886241966167,-0.5783454836431088,0.7437948004061903
54,0.018240676019214114,-0.5773509729075621,0.7266843506222804
55,0.01965941408446019,-0.5764855157287769,0.7044310168830645
56,0.021777737591251123,-0.5756225175237646,0.6767683769008817
57,0.02239262776556488,-0.5746356256803906,0.642309169508567
58,0.02225045102376754,-0.573446643929864,0.6007967436957395
59,0.020475226381479417,-0.5720548314789204,0.5517982235107133
60,0.019854590583901863,-0.570536557394044,0.49266923891913494
61,0.02357552335919577,-0.5690156809828943,0.42117975613275616
62,0.027258508832429994,-0.5676161923886218,0.33659553674668463
63,0.028041837820850596,-0.5664152987217128,0.239078802711007
64,0.027375406629354372,-0.5654147799402676,0.13401527052386797
65,0.026730265807777473,-0.5645412780577292,0.03205870528183585
66,0.02658546405032132,-0.5636750410569094,-0.06029218786296142
67,0.026833664697629517,-0.5626958276434313,-0.1431624629454198
68,0.027229589668316234,-0.5615283148268937,-0.21793300342509625
69,0.02765054580331329,-0.5601698031563822,-0.28401777785719906
70,0.027838033183944177,-0.5170611228394695,-0.33820964910267304
71,0.027583046247377882,-0.19702619246742636,-0.37611598470961227
72,0.02712408793938499,0.493941258888567,-0.3945650016447009
73,0.026779029360855633,1.118867276554418,-0.39368689652000977
74,0.026653285897535822,1.3465279664975924,-0.3776841937687774
75,0.028199324585575114,1.3459790130464757,-0.35394875612765675
76,0.03217393857003835,1.355894040709285,-0.33089278936218514
77,0.03389490325061724,1.4358459884845098,-0.31536686373135714
78,0.03249584150600221,1.5350567876129109,-0.3106647709040342
79,0.03335764143288528,1.5940762601701302,-0.3158436905661657
80,0.035953922889607484,1.5814070161136105,-0.3265514051306321
81,0.03717374893646572,1.5041924816524797,-0.3369741329423669
82,0.03708826918028467,1.396322390424272,-0.34212279332674655
83,0.03652320462239311,1.298488070315959,-0.3390630256130893
84,0.03602894104543582,1.2453551716221192,-0.32072595967582107
85,0.03569269262205334,1.2537267696345422,-0.2728180882375366
86,0.035500198374021935,1.3169539322989063,-0.1852083795705668
87,0.035536250632850055,1.408126591286769,-0.05822554379234701
88,0.035748321515180426,1.4911115850131358,0.10251459979480315
89,0.035964599748146225,1.5345543156960861,0.2918902302007278
90,0.036219494708672154,1.5246462403773915,0.5084312110287125
91,0.03642878568470298,1.4663572181173858,0.7456556580393388
92,0.03800115821573276,1.3816286115604397,0.984243825858
93,0.04012551561118635,1.3001066204625156,1.203149696886379
94,0.040681626494240786,1.2520639942185205,1.390020182275153
95,0.04035120376049042,1.2594978798406506,1.539529507642209
96,0.038346857926148684,1.3138894348590116,1.6484482085636278
97,0.03764255387838758,1.3870047535003165,1.7159873537661605
98,0.041187954250471726,1.4513278955373936,1.7460126809207077
99,0.04469494809153386,1.485797242318311,1.7460963238969125
100,0.045609756695673395,1.4767497728071728,1.7265295246668577
101,0.045291452799973056,1.4279995867115898,1.698952960129665
102,0.044892280110525346,1.3630283206354274,1.6737921471750736
103,0.04474420009436349,1.3051998586515836,1.6575668326933366
104,0.044756053750721725,1.271122681388023,1.6521454786443401
105,0.04484199164116359,1.2723211761163458,1.6548966361929667
106,0.0449889374729551,1.3076233898132696,1.660322104782562
107,0.04506185948173223,1.3603877233125132,1.6629202935848717
108,0.04497089368863025,1.409884537336703,1.6592192041213947
109,0.044637767325201,1.4349986812224893,1.6488083798528015
110,0.04418467135838508,1.4260296279755624,1.6342548514028756
111,0.043922087788589956,1.3916277137270692,1.6195573702389066
112,0.043942363321695724,1.344657355697974,1.6086725967639826
113,0.04399554392440566,1.3004931541369524,1.6045010678052458
114,0.043928565284254525,1.2737585889520773,1.6069793173575904
115,0.0440067562554307,1.2732341953725808,1.6134140563249444
116,0.04432190176110343,1.2996643876261058,1.6205425880421465
117,0.04455242731070108,1.339503954956478,1.625085146785783
118,0.044501965995240214,1.3724695308276251,1.624708168285225
119,0.04425081384076349,1.3870039787721415,1.6192107293466371
120,0.04393433428160373,1.3819956667678888,1.610316060025661
121,0.045229300648704895,1.3588256905917175,1.6007636820108058
122,0.04892665010263063,1.3246275922890147,1.5932346933620982
123,0.051913571503743,1.2878393202075036,1.588568969191086
124,0.05259627454614324,1.2623976038068654,1.586596870320065
125,0.05258623474333998,1.263913937402625,1.5876582061758095
126,0.052954127013261854,1.285673558139746,1.5904429319143158
127,0.05348774375600926,1.3134956884008262,1.5923659307280942
128,0.053703749195929185,1.3371144227808553,1.5918245282551418
129,0.053569247829776706,1.347756514447004,1.5884594759629982
130,0.053171228733275705,1.3431684886197117,1.5830554530343814
131,0.052649303381036586,1.3262643590058518,1.5770852466822154
132,0.05219667501799591,1.3020475957207456,1.572015636212302
133,0.050206860974003495,1.2775370824909196,1.5684560833278276
134,0.045993905865311574,1.2640517405917375,1.566362708608656
135,0.044540350673638734,1.2667551066071563,1.5656687396874687
136,0.048254946626840906,1.2773100805413513,1.5654814557506729
137,0.05209219582510377,1.2886004742186796,1.5646486087995908
138,0.052972603555894296,1.2999735901943659,1.562722034573441
139,0.05062459976110323,1.3068662978753212,1.5596402054170913
140,0.045779722302455764,1.3046993145532317,1.555960086049808
141,0.043923820772853284,1.294778479284866,1.5522852700102705
142,0.047340066386941965,1.2816436072252237,1.5488293521212313
143,0.050981857594823154,1.2702806219708682,1.5454814279962035
144,0.052004919134649,1.2636270301541508,1.5421951952276247
145,0.04998958535083872,1.2605298504571154,1.5395135666117188
146,0.04540562530772524,1.259206971751094,1.5374386164852378
147,0.042081744129513377,1.2606075436969695,1.5355825550348818
148,0.04168382182808625,1.2652845255947534,1.5341566115371323
149,0.04216032004366055,1.2703339055556127,1.533131772992987
150,0.04214877829376683,1.270625188235277,1.5320184108293118
151,0.04156809485946751,1.2656978975641224,1.5303782434526854
152,0.0407547196448408,1.2593148886272996,1.5279431645806136
153,0.040160800387260026,1.2474231875252055,1.5238997817957074
154,0.03997942365531487,1.2347931465580233,1.5181496101589258
155,0.040069354421314124,1.2356548467369883,1.5126846332073334
156,0.040492409113398506,1.2427536996861974,1.5088189750294427
157,0.04123597085090716,1.2457846992749118,1.5065030199962064
158,0.04177984218240896,1.2449384669312518,1.5055923783549132
159,0.041763965791519,1.2415711574364048,1.5057017008188556
160,0.041437671005319754,1.2385153691924744,1.5061589409723952
161,0.041066043342315436,1.2369699473319966,1.5060997732760137
162,0.0406046203553244,1.2372480954352323,1.5048265116249242
163,0.040121999198837285,1.238488212152129,1.5017886370922078
164,0.03811953935903921,1.2370342886138275,1.4970600871637099
165,0.03400671585685966,1.2325080451811634,1.4918232935218994
166,0.031236053682122553,1.2287565861445686,1.4872434949291717
167,0.031201321859607195,1.2247244152165822,1.4839820128995225
168,0.03185132875861475,1.2186250475909084,1.4824199970836909
169,0.031883884485402345,1.2113691645421323,1.4823386306623352
170,0.031112943249188577,1.2065720068484889,1.4829530349839857
171,0.030026303379558986,1.2072592782705192,1.483216793333444
172,0.02929602435048642,1.2111854623882903,1.482153641387538
173,0.029124810245247462,1.2169941333072183,1.4792621508672656
174,0.029404317938743166,1.221215356297213,1.4746992523147155
175,0.029932968905353685,1.2177795089458696,1.468958564479797
176,0.030449797203127724,1.2083138923508572,1.4630477882033266
177,0.030841090430211923,1.1998134511081187,1.4585549976887764
178,0.03097197603968037,1.1934580955059002,1.4563874315474932
179,0.029129126260463947,1.1882725727304866,1.456273829766121
180,0.02464571033692882,1.1864158347550031,1.457251120283801
181,0.02088913918986012,1.1889667777821686,1.4580180202898942
182,0.02127385337152963,1.1897203373883718,1.4565737854417375
183,0.023480261600303393,1.1881359487569614,1.4484973559424548
184,0.02255060422612363,1.1915423177011624,1.4295395561586428
185,0.02009126682976009,1.1941778843408728,1.3822846908376367
186,0.01942334589008015,1.188447769138416,1.2753489616658311
187,0.01984706987599647,1.1770385782781743,1.0993242198631274
188,0.020404749508047847,1.1670081185259065,0.8663260965101864
189,0.02075847858110679,1.162039323611482,0.5973494879633976
190,0.02069347639361724,1.1619335228193362,0.3241586850962608
191,0.020261216003393978,1.1648706333924888,0.07138611762717129
192,0.0197418562162089,1.168178705291179,-0.1507573740543462
193,0.019375333240543836,1.1735793371659384,-0.33800186572381485
194,0.0192800768212786,1.1800096178033215,-0.48712440254116807
195,0.019370152418610516,1.1806064906908786,-0.5947863362059533
196,0.01950891014434468,1.171130838723962,-0.6590337597763356
197,0.01979417138394632,1.1561653808201782,-0.6817107103000146
198,0.01855290869628696,1.1432743053791028,-0.6700408357785432
199,0.01633791268310409,1.1357588511679992,-0.6362663043014936
200,0.015416144718913588,1.1364659664362295,-0.5952149507108501
201,0.013368265012634432,1.1422099676602233,-0.5606106991341826
202,0.010454834441635592,1.1485967224818086,-0.5414971825179121
203,0.009379698548317227,1.156399362723985,-0.5401231527184338
204,0.009426068001648483,1.161499424635045,-0.5520794832473643
205,0.009532646555326239,1.1591802318229205,-0.5686209242577598
206,0.009531109767560907,1.1504607801529874,-0.5802926231998438
207,0.011142110565494943,1.1388599850971142,-0.5805086044323562
208,0.013440261525979061,1.1263676080653182,-0.5678461828623136
209,0.012607893526183581,1.1169350910824152,-0.5462754502132638
210,0.010345183331630169,1.1165591076678854,-0.523297314152397
211,0.009479814307967842,1.1233730150548888,-0.5068796052528075
212,0.011219428724354268,1.1314939869938478,-0.5023953957328214
213,0.013853740556112354,1.1327374730600481,-0.5106627425551105
214,0.012689343276155358,1.1275343335666195,-0.5277902320450212
215,0.009511805937122378,1.126886242956311,-0.5468005114854548
216,0.008237137092504232,1.126369967786201,-0.5603403461925798
217,0.008479037540048388,1.118289905145561,-0.5634126444726022
218,0.008992960667379701,1.1075814347503634,-0.555108940872868
219,0.009350727159374697,1.098656471326529,-0.5387436852441021
220,0.00954872385868942,1.094894679113695,-0.5204174810503637
221,0.00963342093481312,1.0983708152333458,-0.5066209598563116
222,0.009608493397345028,1.1041135478523554,-0.5018177105218831
223,0.009475199575276254,1.1098055241454885,-0.5069045402272034
224,0.00910425728104618,1.1151859398631805,-0.5190742237950039
225,0.00881615688740683,1.1150944113531414,-0.533056582252063
226,0.008998377530994821,1.1059985959855982,-0.543202700395955
227,0.009290591750653245,1.0906702747208565,-0.5455930671734697
228,0.009441147053623323,1.079027916683207,-0.5393870166700703
229,0.009556820866346287,1.076906290840074,-0.5269566646023645
230,0.009542845990995988,1.0783293822177589,-0.5128258230962017
231,0.009453833546678912,1.0804708851587086,-0.5018634521007148
232,0.009625309324865147,1.0867292519705503,-0.49748567087217155
233,0.009848820358601698,1.0921481746343673,-0.50050896407023
234,0.009797567117910112,1.0922019450270706,-0.508977812212082
235,0.009405237115389951,1.09017021541124,-0.5190520407118195
236,0.008770490518076882,1.08535933437394,-0.5265565664982743
237,0.008496765048303836,1.0766533502772977,-0.5285322786168383
238,0.008691688429395862,1.06776817724649,-0.524238705440004
239,0.008922656859646504,1.0622550071224142,-0.5152753109041364
240,0.009090100148653284,1.0613917059136062,-0.5048360605868267
241,0.009037517726720297,1.0645685333867498,-0.49643087058933966
242,0.010664742822980945,1.0697210987067982,-0.4925811837294485
243,0.013217382085990652,1.0688688402128905,-0.49397076737536083
244,0.012152099509930032,1.060673427775968,-0.49933061619225727
245,0.009220904510172784,1.0559528025472438,-0.5060461561853804
246,0.009838589948243524,1.0554002146053159,-0.5112100072569365
247,0.01257581406845873,1.0515827079567517,-0.5127006660572873
248,0.012046611546419915,1.042728304557477,-0.5098903524187417
249,0.009655437786354724,1.0343560212587586,-0.5037526914518906
250,0.008986469091513776,1.0333440701753087,-0.4963795521029204
251,0.010913425788394205,1.0396990834180806,-0.4901322134673216
252,0.013289102343227242,1.0457343918515472,-0.4867670992918376
253,0.011950524289925147,1.0461656080672683,-0.48685647336017324
254,0.00914107556708393,1.0455635674327968,-0.4896885692035078
255,0.008292019283866681,1.0464750576352966,-0.49363997881255073
0,0.008604080271725111,1.0424863496064987,-0.4968414977537876
1,0.009029832642971226,1.031606695436166,-0.4978685431131198
2,0.009005380454789377,1.0225344805926424,-0.4962043238724607
3,0.008648165073255696,1.0191467772615375,-0.49233155757843994
4,0.008339795780013901,1.0170814248981377,-0.4874580778969513
5,0.008289934621263807,1.0178695316537163,-0.48301379200812544
6,0.008563062176833156,1.022127557714919,-0.480124269550241
7,0.008677862795663106,1.0255468330984594,-0.4792517092848845
8,0.010215839275520455,1.0278873592744109,-0.48011162315995803
9,0.01439926596443274,1.0277928184568355,-0.48186141294361273
10,0.017779334731031167,1.0236118247030843,-0.4834467883260689
11,0.016749557906937475,1.017201564438618,-0.48400393789878726
12,0.012245784249630118,1.0112547030762822,-0.48314915044842444
13,0.010708309516625492,1.007511588663173,-0.4810096877305481
14,0.014740090550562787,1.006014463574802,-0.47810102194071424
15,0.018610041226223104,1.004758692395718,-0.47511743509690363
16,0.019270842254468984,0.9989643042276635,-0.4726775579508249
17,0.016860332129682333,0.993911707629787,-0.4711387376520122
18,0.013674202229944102,0.9987137320807555,-0.47052953337137193
19,0.014277745418638348,1.003079707553244,-0.4705991134949161
20,0.017111879251388004,0.9990031028714923,-0.47094259005848893
21,0.01857562175387452,0.9939127053881016,-0.4711451076797868
22,0.018856693750949255,0.9905314854466498,-0.4708957828229632
23,0.01878232623575126,0.9861885788382749,-0.4700463192151181
24,0.01878163676247726,0.9812619908142897,-0.468614920231357
25,0.018800374931764945,0.9807238041199335,-0.46675287508209307
26,0.01858055060717269,0.9840438539855825,-0.4646946049103695
27,0.01822686603262899,0.9859846424222338,-0.4627051607344723
28,0.018063259237524172,0.9868841573644778,-0.4610297577747774
29,0.018089290552855332,0.9858124895811193,-0.4598451564109438
30,0.018075491639162028,0.9812160599651936,-0.45921542651560576
31,0.01797637053258641,0.9756235305917453,-0.45906204214836044
32,0.01794708912473325,0.9713769735925002,-0.45916377438214906
33,0.018025451306312765,0.9677040233795235,-0.45919918838289164
34,0.01816000001323327,0.9636119807965677,-0.458831680286514
35,0.018224422333133185,0.9612844263056464,-0.4578179686242738
36,0.01802489579825644,0.962802625129096,-0.4561045336592926
37,0.017705015669282828,0.9665378974039966,-0.45387204897183686
38,0.017582341843465188,0.9660927161361319,-0.4515005178611442
39,0.017634616701261478,0.9590264000689146,-0.44945526303894145
40,0.017618613281614993,0.9526479877626457,-0.44812633139613123
41,0.01765484141060865,0.9500544162283875,-0.44767766691572874
42,0.017904692829897664,0.9483957003902099,-0.4479659688122435
43,0.018055539846990216,0.9488425074682909,-0.44856835051688226
44,0.017906531234931793,0.9507060411592936,-0.4489187045305094
45,0.019409620333478768,0.9498155248885589,-0.44850949759434444
46,0.023439452914774055,0.9405310747495923,-0.44708604274968433
47,0.024888760323706217,0.930482318420863,-0.44475744941296824
48,0.021435862333893912,0.9343428216170921,-0.44197570364094485
49,0.019636476318874344,0.940903161053209,-0.4393828104780577
50,0.021378377538509935,0.938329590951335,-0.43757752390871096
51,0.021183511251142498,0.932631498083416,-0.4368874253552981
52,0.020806727809694725,0.9286762787117824,-0.4372212685820245
53,0.022278938964887814,0.9274019476687183,-0.43810443312562697
54,0.022828386677147365,0.9259958991088486,-0.43886632634363876
55,0.024051592722171555,0.9242002118117729,-0.4388526015647629
56,0.02578408501508562,0.9234581096753858,-0.4376694948960578
57,0.02616961430966227,0.9239130274197977,-0.43536125586479635
58,0.026171471042411257,0.9237837292213724,-0.43240109885982114
59,0.026513548420407748,0.919222562017159,-0.4295192655604445
60,0.027259073763536076,0.9125298900857026,-0.42556773897676725
61,0.027913870244894376,0.9079341983559961,-0.41542435804567046
62,0.028078221677927756,0.9056296367007377,-0.391696176909476
63,0.027796570079589356,0.9048133176250688,-0.34765910706965664
64,0.027094858815358995,0.9047565450306774,-0.2792451784171983
65,0.02630958011040649,0.9062523938252607,-0.18513035219669227
66,0.025776384116533664,0.9078798155193555,-0.06503867600787794
67,0.02546241367691851,0.9053722104415494,0.07917068074940747
68,0.02555960883973571,0.9017888522838495,0.24112882907550504
69,0.026089762258552016,0.8998236063866472,0.4120520540219068
70,0.026707351395206552,0.8974088259578443,0.5834403548504494
71,0.027248150931752174,0.8967555258056836,0.7476050788566364
72,0.02743103593837061,0.8959043186739208,0.8994087207782759
73,0.027054831046875505,0.8930621266611172,1.038120183404312
74,0.02640473590832071,0.8912905726901723,1.1647230497959025
75,0.025869839348840032,0.8889382796381287,1.277023227115731
76,0.02554037652466877,0.8805725112679408,1.3695070017385795
77,0.025301612537511925,0.8721504714516297,1.43986586806985
78,0.025349232247311754,0.874500280578689,1.491913398608347
79,0.02582595334273241,0.8783682770722816,1.5299193511708618
80,0.02631547368196356,0.8772203603283293,1.556290893858752
81,0.0265566173200584,0.8753469312384974,1.5728370863888061
82,0.026684925546185567,0.8733617297871259,1.5807225840560415
83,0.02655683257746652,0.8723425035629497,1.5808966974070335
84,0.026126056739179226,0.8724827780197137,1.5747095090978491
85,0.02566063538334777,0.8744891066489644,1.5641989721714413
86,0.025312523854395697,0.8763861601229737,1.551934718059854
87,0.02524357174025181,0.8754318645744377,1.5405212457113215
88,0.025424252820311147,0.8722834051825634,1.531916049224809
89,0.025597510448073707,0.86839930200943,1.5269624386871694
90,0.025738921730733416,0.8649579961568477,1.5252766222833412
91,0.025977554981278392,0.8623799445131346,1.525467774881494
92,0.02607461946086384,0.8607260151984866,1.5257176242659374
93,0.025796318431480378,0.8582409742365118,1.524512686939453
94,0.02545195001714158,0.8537190693894123,1.5208982816221064
95,0.025220045132799754,0.8515763324173373,1.5150321144120378
96,0.024936754391838165,0.8538110755892174,1.5084506027202873
97,0.024779457779516012,0.8552108890656287,1.5027939997908133
98,0.02495677898451834,0.8515759404896723,1.499038863848904
99,0.025249946083784447,0.8455582005991791,1.4975105477273467
100,0.025458682038178054,0.841490875904022,1.4975246170937413
101,0.025567114865944138,0.8396194243940966,1.497662900031905
102,0.025578412383404414,0.8388383541445803,1.4970702798596829
103,0.02540951560183209,0.8382689039020979,1.4955044383352645
104,0.02504224852785296,0.8389751392219105,1.4925984220019748
105,0.024771489631393265,0.8381872193702353,1.4883958044270895
106,0.024775570948205414,0.827830409560057,1.4825974055641122
107,0.02484912106456337,0.8163941022892023,1.4754785596425704
108,0.02478119268320897,0.8181046622442065,1.4697547094305237
109,0.024592046768887925,0.8245024960108949,1.4672249999741687
110,0.02456345893412526,0.8267758695626557,1.4671241712019536
111,0.024791962883450508,0.824750892973515,1.4680243162173205
112,0.024986078264482084,0.8189930627302529,1.4683320239032946
113,0.024979226581129894,0.8163322238401789,1.4670786998348833
114,0.024770366907612,0.8195384035529849,1.4642917003060023
115,0.024422457421814273,0.822728793388968,1.4602133478990278
116,0.02423691700871386,0.8221819695360209,1.455747833943959
117,0.02434946489628377,0.8194533359909117,1.4522208186271501
118,0.02450421138480817,0.8164762957761798,1.4500908919065365
119,0.024458168279580174,0.8138129342392135,1.4490874567203034
120,0.02422783857004522,0.8096844090533359,1.4486830924643055
121,0.024034472963785622,0.8051997463472738,1.4482355765465758
122,0.02397298515340565,0.8029812994090899,1.4471904250751866
123,0.024034706160654153,0.800438299352225,1.4449940605396225
124,0.02411150795444937,0.7987475288710084,1.4413233260830207
125,0.023996352983510563,0.800523608430673,1.4369137183385843
126,0.02387525288640828,0.8001287918827371,1.4329906559765266
127,0.023970122279666786,0.7944158480129455,1.429778667718403
128,0.024013546087255547,0.7884550258758423,1.4252192160561679
129,0.02391023320850317,0.7871012483345825,1.4129799017021076
130,0.023916418636903115,0.7880871674223138,1.3840590222079148
131,0.02400333679408529,0.786130002067893,1.3318909611561605
132,0.024016981750914358,0.7824348856899155,1.254458566730229
133,0.023892667321349814,0.7800118904008779,1.154813657902031
134,0.023720674823575538,0.7802236812798125,1.0392712412993776
135,0.02372451823213728,0.7812223054496885,0.9179056370625829
136,0.023737464158599078,0.7732999676879717,0.8186303888870072
137,0.02362778274644531,0.7628603437621504,0.7563604477130492
138,0.023614957805292422,0.766549538657221,0.6938624570833141
139,0.02358342560985975,0.7739339746798124,0.5961358223931139
140,0.023354480909236273,0.7734703812901502,0.4682863098752781
141,0.023207747157107175,0.7719188106685668,0.32572661254367996
142,0.023235851686079563,0.7719576045325725,0.1782672754376493
143,0.02325730215774867,0.7716612896578567,0.031083648396575958
144,0.023246614663762086,0.7689770366832249,-0.111993004986506
145,0.023144064678876017,0.7653226631387793,-0.24609962169357624
146,0.02300431832445443,0.7633823926817338,-0.36725444272689955
147,0.021374222686828315,0.76020614590247,-0.4724793252324284
148,0.019132807289520985,0.7572405942664153,-0.5578417647671474
149,0.020043228007797342,0.7577487911378427,-0.6189581360155203
150,0.02240985196420113,0.7582750977599977,-0.6529558817307
151,0.021562862786565898,0.7567257066941586,-0.6605214432275635
152,0.01881824563659737,0.7530536732085011,-0.6468437026707958
153,0.019120372456753208,0.7494756097818216,-0.620866906407451
154,0.021536405544524358,0.7498328300277577,-0.5930389313454982
155,0.02119912568439313,0.7500544950433574,-0.572380957124822
156,0.017402001932420447,0.7457812591294897,-0.5639804015478009
157,0.015812600937839996,0.7407000972704716,-0.5678372717997315
158,0.019245931056006978,0.7374643726451797,-0.5794515700968759
159,0.021078518854310904,0.7350285164996782,-0.5919325488065543
160,0.019176246980416853,0.7343534575467128,-0.5987885703102152
161,0.019148039275195018,0.7362561323871337,-0.5962864109405757
162,0.021086670126122836,0.7358192381186186,-0.5846758772901932
163,0.021988153240188102,0.7323347234795996,-0.5678778200343146
164,0.02207552295199515,0.7301256128047116,-0.551738359288048
165,0.02222699786068584,0.7279820864514177,-0.5416900527836885
166,0.02098083299942745,0.7204069231688701,-0.5407248328149601
167,0.017423620516222454,0.7129546203438586,-0.548371871671592
168,0.014550558523576548,0.7161465511576588,-0.5610292892209632
169,0.01535497453340482,0.7220102014992338,-0.5734505866288129
170,0.0173362173275863,0.7229153342408947,-0.5807665673937807
171,0.01573262262356348,0.7210876237039965,-0.5802585612521993
172,0.012345801745895117,0.7183096536314724,-0.5722362561619536
173,0.012370821829083072,0.715249332891525,-0.5597446086500937
174,0.014798503055311444,0.7131900078748694,-0.5472767421282319
175,0.0147133068032919,0.7150967499245291,-0.5390294465501935
176,0.01472688586149521,0.71651591825645,-0.5373758512209716
177,0.01864630608022476,0.7126927600261741,-0.5421078408656717
178,0.022531889530263145,0.7087114629331073,-0.5506803205200093
179,0.023387514774528127,0.7064755742067961,-0.5592894544657903
180,0.022420430341801925,0.701637082792586,-0.5643725632569558
181,0.021314629229759956,0.6973375870316554,-0.5639250750888072
182,0.019136300537263243,0.698020431316795,-0.5580988919713095
183,0.01516753923561772,0.7002499546797414,-0.5489918639178004
184,0.014183827055713513,0.7009810812428852,-0.5397599419092693
185,0.01823028355070197,0.7009886251224737,-0.5333812704677068
186,0.021984027425239125,0.7009514342528618,-0.5315760713197841
187,0.022604872755158316,0.7004129056423392,-0.534269441599938
188,0.021770549728337335,0.6972210133513947,-0.5397544786601947
189,0.021003398042062978,0.6923028302814456,-0.5454421025845582
190,0.020786256003744903,0.6898885003814534,-0.5488756930270358
191,0.021019473856340454,0.688739660813863,-0.5486160183543578
192,0.021543353451309838,0.6865371928043329,-0.5446814478803546
193,0.022091361236512314,0.6828955760442297,-0.5384184238339627
194,0.02237519628052842,0.6795688949025636,-0.5318979142327893
195,0.02225921895204415,0.6787569649843515,-0.522614367717994
196,0.021759171620247063,0.6724522660608321,-0.48527441076387645
197,0.021157188406526667,0.6641604020111609,-0.40220050712162125
198,0.020690084932209633,0.6685647555890022,-0.3090219389735238
199,0.020420128510824732,0.6752841851721891,-0.24275962641533122
200,0.020456738552662584,0.673086349467579,-0.20029107330614648
201,0.020742796718951316,0.6693846846679803,-0.16775685434276327
202,0.020997368823808163,0.6676918659410436,-0.1373714095251069
203,0.021174382703122246,0.6668614874793029,-0.10562535330796965
204,0.02139239033558671,0.6671701415515634,-0.07176949468217168
205,0.021584684047273997,0.6682857178957173,-0.036374490748350155
206,0.02153490133651608,0.6674105253840092,0.0018583301507988925
207,0.021134907429972663,0.6646415109441748,0.045959741730638354
208,0.02063879608472219,0.6636650392669927,0.09808839577605524
209,0.020354389570031314,0.6631417292959014,0.15940890181543296
210,0.020243882389134417,0.6605224058360675,0.23021059366840865
211,0.020287524408193855,0.6550680608563146,0.3088202851674695
212,0.020585840166345577,0.6475321834270158,0.3915132815300767
213,0.021025098203421,0.6423620076190606,0.47418284571997615
214,0.021297315375704354,0.641525372359335,0.5534142147816283
215,0.021257822545834776,0.6443953664429103,0.6268812562755681
216,0.02093141469178788,0.6475989986758379,0.6947349381351049
217,0.02042296127557395,0.6458124195126718,0.7595633745603105
218,0.02001029084373221,0.6408321734118125,0.8244809953361705
219,0.019847907686740357,0.6382654282777056,0.8919886374743251
220,0.01987550635768605,0.6374495232320301,0.9639306509127774
221,0.02000542476806179,0.6340909434775621,1.0403490607482002
222,0.020161488924888324,0.631295584293827,1.118865420640426
223,0.020358332784656104,0.6315011717186552,1.19657152409009
224,0.020582753983822928,0.6301992859323131,1.269653503852025
225,0.02056964050667351,0.6276394711191746,1.3319605101615104
226,0.02030488540994243,0.6213540707260721,1.376902211196665
227,0.02004911409456766,0.6131396926825359,1.4022439413889654
228,0.019888402507172824,0.6156476313391128,1.4126647881917527
229,0.019831151358345935,0.6229079476758286,1.4156690329856123
230,0.019861036821621283,0.6232047886032943,1.417449191474145
231,0.019945025454548633,0.6195878204638596,1.421896576040003
232,0.01995330793910763,0.6148707531030442,1.4299613334575998
233,0.019881813723610503,0.6114350383567706,1.4395183136583354
234,0.019902066197846333,0.6127055257363809,1.4470088075445555
235,0.02001188089725,0.6159801317937779,1.4496234823064227
236,0.020027624603757656,0.6170439057250587,1.4456238223582405
237,0.019898782058904704,0.617310123632896,1.4352962985709987
238,0.019760542138944473,0.6170109732364488,1.421679907205732
239,0.01962525714438048,0.6147689793729476,1.4086600615875997
240,0.019547178442227177,0.6099314130314648,1.399436695902351
241,0.0196853858615456,0.6045401893597993,1.3958272955214692
242,0.01989758501434539,0.603526413737814,1.3976004159421476
243,0.01996836807837831,0.6054412936945701,1.4026736302448954
244,0.01981829805167125,0.6063981599814781,1.4080578507035018
245,0.01955494343954279,0.6044846970480686,1.4109369870217838
246,0.019440412010710333,0.5994125997171289,1.409391210603586
247,0.019437649861643085,0.5945523928836023,1.4033600050118302
248,0.019409912041032228,0.5915364315829106,1.3948983769761387
249,0.019307980930117465,0.5906514387935842,1.3862932361343385
250,0.019130520116604523,0.590515491758927,1.3793636941196907
251,0.01911301229439743,0.5874048135023355,1.3754736255857236
252,0.01925227655989146,0.5831754834329774,1.3747374591488852
253,0.019305597016400215,0.5811969140152617,1.376328722400622
254,0.019319246791385622,0.5824271261936509,1.3786103673713903
255,0.019218105952112513,0.5846333838348576,1.3797519323402483
0,0.01890506809960439,0.5781601435070867,1.37768093876236
1,0.018711222355688645,0.562059069531653,1.3708055200522176
2,0.018826815602885807,0.556057048729653,1.3614500226926802
3,0.018933206283726495,0.5664080635446291,1.3535880379633856
4,0.018904336304726828,0.575284417802937,1.348493402386533
5,0.01897613492242891,0.5764112567326682,1.3460938246971992
6,0.019019295619870688,0.5748856527518111,1.3459225716515317
7,0.018829448640763143,0.5732691224210285,1.3466939885023321
8,0.018589483200734988,0.5729398424650574,1.3471322139137683
9,0.018524922358642643,0.5722568309165725,1.3466973991439444
10,0.01855279763836678,0.5695793136202452,1.3453774475137066
11,0.018435633487671153,0.5667877605500937,1.3435285993593018
12,0.018257701997064953,0.5662980855585833,1.341411177870286
13,0.018277726172850547,0.5657329960861175,1.3386841727160186
14,0.018504686349238936,0.5623826229826374,1.3355088917277724
15,0.01861948946826017,0.5595891026040132,1.3323456953058423
16,0.018538260205747684,0.5585215981309906,1.3292969022621528
17,0.0185333693123464,0.5575127903300165,1.3267601492975585
18,0.018587564463259307,0.5556987902829578,1.3247228409612921
19,0.018476580670760842,0.5543439506065408,1.3227237084959298
20,0.018194286428718343,0.5550257858440057,1.3207869036748034
21,0.018046147440858355,0.5541512666285524,1.3190490083540127
22,0.018179297078230364,0.5523358241698633,1.317069986231047
23,0.01825919448174488,0.5523612771481827,1.312494597157038
24,0.018171861151036896,0.5512047907170523,1.3007138732122283
25,0.018096922153276504,0.5460681447833862,1.277416817271312
26,0.01805832452820516,0.5401997502445581,1.2411723457818655
27,0.01802666713347896,0.5392648825246993,1.1943967398280733
28,0.01798310667198156,0.5420719358943566,1.1422493226302448
29,0.017929061888132168,0.5429312998553197,1.0937324025264248
30,0.01787499418382752,0.5349398376903869,1.063563345085305
31,0.01791245246416867,0.5256519111668403,1.0560692653882349
32,0.017917725749681167,0.5284256064311539,1.0516570889831471
33,0.01781187873979078,0.5327339961492594,1.030060778969276
34,0.017829196570177105,0.5292187215562847,0.9899036674829351
35,0.017843135552868726,0.5250180876580472,0.9368242321293723
36,0.017739609100771325,0.5248191499310231,0.8742414193069399
37,0.017656713100873085,0.5247990912203777,0.8059530815429801
38,0.017603481495602577,0.5236334281106911,0.7365054205314827
39,0.017640408299360234,0.5241158882945458,0.6697521002663607
40,0.01763187626562438,0.5238940237956067,0.6097768372879806
41,0.017423351005616733,0.5222230010827209,0.5599752900669781
42,0.01730552579536984,0.5220212398034636,0.5203324232875357
43,0.01744484877002013,0.5231839400227065,0.4894185581316932
44,0.017600392855407085,0.5206662045921606,0.4663033505002503
45,0.01761733740621492,0.5129772741640972,0.4486659559847439
46,0.01747698568898022,0.506140005248453,0.4333508298703759
47,0.017293571312558174,0.503627669120694,0.4188713109266795
48,0.017293961896915143,0.5058166509992068,0.4048044475299326
49,0.017392568004146236,0.511639539654295,0.39066314552593906
50,0.01733170726230427,0.5159658833274225,0.37738500125005503
51,0.017174072114973488,0.5144804503100122,0.36700693611019486
52,0.017170895738769426,0.5083288503629655,0.36036710147936035
53,0.017177040026622674,0.5023428415620905,0.35792831462029817
54,0.01706827891643528,0.5002769388724917,0.360370723696231
55,0.016983163726731948,0.5015903056129152,0.3667446537390694
56,0.01685046261918336,0.5007960042598374,0.37509785232525483
57,0.016692019790946963,0.4972714363970834,0.3846949087899594
58,0.016699069928427852,0.49508126496278804,0.3956026378325239
59,0.0168722020744587,0.4929752616992853,0.4109456935017701
60,0.01692136276805597,0.4875518588059271,0.4510502148033604
61,0.01671362405878024,0.48374962521047604,0.5263641504578547
62,0.016502304321630572,0.48920348213581666,0.6026194239473999
63,0.016516887640512505,0.4958355571815427,0.6500918049687698
64,0.016719001336976798,0.495128419789695,0.6756531253103109
65,0.01686669359346485,0.4908917969214839,0.6933864863699721
66,0.016772227131931043,0.48740257337615445,0.7101824944639672
67,0.016492115450229695,0.48597989796159435,0.7285042230152565
68,0.01626876860549347,0.48613623218805313,0.7485098007220397
69,0.016205107772754412,0.487026744521311,0.769534231251475
70,0.016289670493057386,0.48598807850843473,0.7931474058778347
71,0.016402924788627662,0.482889427450204,0.823320119294076
72,0.016322901838525306,0.48019261376505384,0.8636641348685599
73,0.016223812474269295,0.47766066274153873,0.9156823047465987
74,0.016241348324397276,0.4763259664611248,0.9781009357621278
75,0.016239979296250755,0.47567045114203044,1.0478837706520059
76,0.016293086084576858,0.4740497892633535,1.120222474564427
77,0.016381021872550486,0.4710138644967219,1.1877512096408562
78,0.01631295175543159,0.4682118034642211,1.2424904198501547
79,0.016085668126449057,0.4693006399368853,1.2780025878977228
80,0.015983995008972747,0.47197989732132273,1.2910594772320891
81,0.016134689167741897,0.47074550399878246,1.2832264897829515
82,0.01619704219761215,0.4667977989446921,1.2612670677631228
83,0.016066618565562164,0.46521502166454254,1.235134092810776
84,0.015942320654600148,0.46323946532087645,1.2143642443583813
85,0.015868407057166183,0.4592513535762601,1.2052920591484448
86,0.017477569187854917,0.45831767695123204,1.2090086248996532
87,0.021428902228057413,0.4577974641590581,1.2211822236216636
88,0.022808359407817037,0.4553381806765884,1.23478996075261
89,0.021052938155381354,0.45396035433897364,1.243411410170412
90,0.02181236710896787,0.4469593696189409,1.2418551089805145
91,0.0227039742551967,0.43669493767962564,1.229014624342303
92,0.019895443260246087,0.43720190643505763,1.2101904657675555
93,0.017053237645081584,0.44443285252423914,1.191798344102923
94,0.016398683801311972,0.44886152334642215,1.1787440868620944
95,0.016469874779654815,0.44735333945463385,1.1743954714325646
96,0.01775772969188394,0.44074161313373583,1.1786159164144854
97,0.019351559967904264,0.4372063266821795,1.188568710024967
98,0.017707495017747297,0.44041687841958255,1.2000236280557672
99,0.014799756363588695,0.4448459154743083,1.2081499848671808
100,0.015698826103480563,0.4448695008322847,1.2095473642326091
101,0.020561053489996164,0.4417935355625773,1.2036826180661815
102,0.023147109838943386,0.4388889362035977,1.1925260252516154
103,0.02188723221011228,0.4362939538162365,1.1798831455837888
104,0.0223854043069468,0.4352968460431992,1.1702024353603342
105,0.02439706707602949,0.43482099231627513,1.1662224078004226
106,0.02499803745083195,0.43156670495557914,1.168100192373383
107,0.024557761264603135,0.39953450222168496,1.1736684823909176
108,0.023879463858601395,0.2922879549965989,1.1796137238513262
109,0.02354230562875967,0.11716966080651159,1.1832734142099564
110,0.0238097400547312,-0.06052980744272185,1.1829385238747836
111,0.024413291395696646,-0.213267098389473,1.178208959266529
112,0.02494080204766544,-0.3889678137202438,1.1701114548380254
113,0.025211741774518667,-0.635280178429265,1.1606306318106645
114,0.025085703525497077,-0.9366449646103665,1.1525862792356905
115,0.022990330796701007,-1.2383498341947075,1.14804481307287
116,0.02005272933629402,-1.463223299642979,1.1469526408897561
117,0.020546773973586833,-1.561191237800398,1.1481060115913428
118,0.022892435850783592,-1.5761564693078745,1.1501564133459539
119,0.023720360411304042,-1.5771206603990633,1.1517601276057179
120,0.02365682318856903,-1.5841508319922282,1.1508303730468263
121,0.02203009946933726,-1.5884213526200677,1.146187309467782
122,0.019938603835701313,-1.5803521932366307,1.1395591489626744
123,0.02121548878806899,-1.5599237051956143,1.133036591279044
124,0.02400649027164982,-1.5345992755915705,1.1276904300607526
125,0.023277945635769688,-1.5138870537607798,1.1241634300908672
126,0.02034582607817481,-1.5048538977628643,1.1227146927696343
127,0.020457305424874353,-1.509644688908089,1.1231672939598685
128,0.020880734223681655,-1.5250845768772496,1.1245717891158398
129,0.017477339195058034,-1.544163390573508,1.1257975054440932
130,0.01564269524627815,-1.5588047958789213,1.1259242397760771
131,0.018999073668430982,-1.5629080558594994,1.1246179074970515
132,0.021326793842988093,-1.5545431225036168,1.1225280028280253
133,0.020140854662336456,-1.5365084006700411,1.1202589099396416
134,0.019001300861087735,-1.5150989507902572,1.1177026835649153
135,0.01701862214688961,-1.4976143182574386,1.1148247370923396
136,0.01452057798082837,-1.489590601221237,1.1118841060746902
137,0.01365564753813768,-1.492805922714369,1.1090130569643781
138,0.013767990163478794,-1.5047747946466021,1.1065481076485542
139,0.015405853065599412,-1.5198580403032498,1.1047275112087536
140,0.017435196464940097,-1.5315035515619702,1.1034288459113153
141,0.017817191507967553,-1.5347300938390056,1.1025133370746083
142,0.01909141487096786,-1.5279141470655317,1.1017775251241688
143,0.01979546487824057,-1.5132426525116234,1.1009170769616956
144,0.01709631209686907,-1.4957229377521717,1.099333155458508
145,0.014580983871846462,-1.4811863168949344,1.0966553144378044
146,0.01427275038687223,-1.4608065349802604,1.0930710735117564
147,0.014573929919440662,-1.3700212791370578,1.0889312950129382
148,0.014358767715644032,-1.1394141390303183,1.0850223817864753
149,0.013609301203285188,-0.7926003797487504,1.0820834608504142
150,0.012633484663698766,-0.3915478214478414,1.0792902811039586
151,0.011691210114260778,0.00276319536304781,1.0761150563478807
152,0.011201333928193447,0.29211666419559834,1.0739048310376087
153,0.011431022542827633,0.42984086602110705,1.0726361989343918
154,0.012293522480301737,0.48983517026246837,1.0712321531113997
155,0.013373370916366846,0.5489438660195951,1.0694039397644284
156,0.014077903800541025,0.6071089091789856,1.0668722226316456
157,0.014294669950635858,0.6341905826537255,1.0637144458238663
158,0.014062923054435787,0.6087032202260061,1.060579942054643
159,0.013283726399639713,0.5375773042071481,1.0582808675056876
160,0.012353839181677451,0.4520860273336178,1.0574035201732856
161,0.01178426502517187,0.3849423711123061,1.057961587217561
162,0.011554570942252151,0.35946666120838,1.0593821494542275
163,0.011583411984795004,0.3826986282139432,1.0606989706964671
164,0.011997365601668988,0.444808150996435,1.0608290987320994
165,0.012776937426272485,0.5199508973818556,1.0590301507895843
166,0.013517642219991105,0.5778094783804333,1.0552197641220342
167,0.013804463585479688,0.5984816575381995,1.050059243582159
168,0.013577472722489443,0.5762094228734347,1.0447617828259386
169,0.012981591789618122,0.5206077991676861,1.0405455987118875
170,0.012342585153427961,0.4536169648049191,1.0381689743022764
171,0.01179218610285036,0.3987301421045062,1.0374650416786317
172,0.011365134268912658,0.3749906518886793,1.0376896255369594
173,0.011412447627315997,0.3921349662952285,1.0382175560747586
174,0.012020236654276768,0.4404900587004861,1.038102432590672
175,0.01267985337858063,0.497739411440687,1.0362979339105802
176,0.012980479893351007,0.5420131849866832,1.0325186126025558
177,0.013063709552830378,0.5580435534163897,1.0273827847901282
178,0.013057865926709954,0.5414503688791674,1.0218427588499681
179,0.01271789499270265,0.49800142049114804,1.0170696233600394
180,0.012018677400841272,0.43818063628609805,1.0136420757613878
181,0.011383734262525706,0.38818013869757095,1.0115912067006145
182,0.011114361006471871,0.37527526839561276,1.0112754159629578
183,0.01128361334602106,0.3950633960512111,1.0116599874677057
184,0.01172488559893494,0.43247005415817785,1.0109596129459115
185,0.012078886459545385,0.47496332010721254,1.0086228809043214
186,0.012272620148627428,0.5058211802231789,1.0049731399170323
187,0.01243839740947756,0.5157473894314073,1.000617287891381
188,0.012464444173049045,0.5058574680823216,0.9964673936653545
189,0.012139134805109156,0.4795965216394831,0.9936147103294108
190,0.011632889306710699,0.44468036788874454,0.9927522813889675
191,0.01124653566632449,0.4144818471096636,0.9938291828678909
192,0.011151657489893819,0.40021592244499715,0.9960429779157427
193,0.01138239719463096,0.4059692519526087,0.9981339045446433
194,0.011722600904575456,0.42583306273121757,0.9985420919711787
195,0.011920802149807619,0.45094161741654537,0.9963639947200114
196,0.012004042463471174,0.4745428669284677,0.9921113538851527
197,0.012150639473073814,0.48523293528260036,0.9867556693288422
198,0.01224704895868707,0.4774633362300742,0.9810726081393284
199,0.012047720104201264,0.4568709419261834,0.9758915221676685
200,0.011590590598063034,0.4297563559911819,0.9724445192330746
201,0.011254770587431642,0.40577339574659743,0.9713149697795447
202,0.011174865442075972,0.39416937664348084,0.9714916352080518
203,0.011103757318987162,0.39832615206409316,0.9718780318380178
204,0.011052925633469633,0.41394035609731994,0.9718770891142339
205,0.011132893006897137,0.43229654068630596,0.9706972632391708
206,0.01126829789273336,0.4470768759309365,0.9678658901267969
207,0.011443448151955322,0.4521534654598077,0.9637981856663131
208,0.011645320828725242,0.4465419392896144,0.9595460434656591
209,0.01162691096714883,0.43407731248271664,0.9562360411555284
210,0.011384845976362079,0.41348657019264934,0.9537813429787239
211,0.011172621440166279,0.3756789302053214,0.9508536464773591
212,0.01097379653624182,0.34600952318813594,0.9479133931040322
213,0.010902797527062507,0.3637473724259205,0.9467012055632913
214,0.011009027187309534,0.3986494700848309,0.9463425264992487
215,0.011106500276265429,0.3755919673846338,0.9449194853023624
216,0.011241634793771268,0.2446165187929839,0.9419350365875894
217,0.011378082073204461,0.021902787005991575,0.9375649897653409
218,0.011400525787020867,-0.23893941569675903,0.9327669852115217
219,0.011266509054368302,-0.5081205917280527,0.9291762325678397
220,0.01107320909179555,-0.7902222551605267,0.9277091052678306
221,0.012615312366101958,-1.0889565829911474,0.928161529887134
222,0.016537415281337356,-1.3571235107366424,0.9299686824857276
223,0.019536705035803743,-1.5276646313065596,0.9317936575192736
224,0.020152603188692636,-1.5998034910956216,0.9321703964821344
225,0.01998892916033365,-1.6255737879811383,0.9305789514758702
226,0.020062527443940062,-1.6363451838641758,0.9268966211966467
227,0.020592791428168014,-1.631698332475823,0.9219842244843877
228,0.02123111424110294,-1.6060305826680854,0.9175081264445129
229,0.02154936339948868,-1.5641058426924443,0.9144814722499843
230,0.02136564520996137,-1.5203073959724862,0.9131375861377582
231,0.020727823844460536,-1.4907590515917373,0.9132686705474553
232,0.02005961493848573,-1.4857838719530752,0.9142730510569361
233,0.01960492906515867,-1.505914635363732,0.9150031817493804
234,0.019251950995885177,-1.5421192252825193,0.9144464524062159
235,0.01919534444566435,-1.57957796277661,0.9123248426806834
236,0.019524514336538575,-1.6034222937061617,0.9088221959580824
237,0.019981965270940517,-1.6042898325828592,0.904491452435018
238,0.02211907052692695,-1.5816640374470667,0.899818611684641
239,0.02651509699206471,-1.5438168921587954,0.8957158992312557
240,0.029671399195238354,-1.5044657803840242,0.8922482274609727
241,0.02833780814653135,-1.4774871759048391,0.8889989774269553
242,0.025228982178996717,-1.4717248525299609,0.8870257749619497
243,0.02566039212462884,-1.4878369612549638,0.8864063852513735
244,0.028188320675786388,-1.5183027213119438,0.8861702821508488
245,0.029452223402713015,-1.5504888635900684,0.8853781617375343
246,0.0296670398310864,-1.5715307025162417,0.8834556167063581
247,0.029403892473012755,-1.5731415696390654,0.8810189945289779
248,0.02916390417541677,-1.5545523954820082,0.8788026032379821
249,0.029167879594419868,-1.5225436216552906,0.8769216992396567
250,0.029103840162150674,-1.4886562022095373,0.8752232993095785
251,0.028885607352978057,-1.4647222587725617,0.874017556721288
252,0.028809017221245126,-1.4584454655778312,0.8736679938704937
253,0.028872596057037805,-1.4706812339654842,0.8734327942583979
254,0.028836073462361264,-1.4953710650713088,0.8724202109303523
255,0.02873237885839225,-1.5220574292493678,0.8704226773216246
0,0.028690500171379987,-1.5399431689902316,0.8675080454332003
1,0.02866532789571799,-1.5419212595632743,0.8640655177204093
2,0.028684757071407274,-1.5270725019594407,0.8606679417510232
3,0.028613593014865712,-1.5007599475339863,0.8578062900211609
4,0.028401105062093326,-1.472381089723601,0.8557393784102509
5,0.029886922208678238,-1.4517108847440747,0.8544417398937978
6,0.033776382333243496,-1.4452563396655331,0.8533538375441676
7,0.036948020252285704,-1.453979935867077,0.8521566065734003
8,0.037751552631576285,-1.473181262611437,0.851019840294426
9,0.03756461669110543,-1.4944877242388008,0.8497240699778019
10,0.03774154956847395,-1.5091212822946698,0.8480294867024378
11,0.03837423321714037,-1.5111696031592823,0.8460677694875605
12,0.03873931390301551,-1.499645356566353,0.8441033917774536
13,0.041902641484863654,-1.4786238879774753,0.8423840516382857
14,0.046337054084108154,-1.4554973581476185,0.8408346964576148
15,0.04413494384595863,-1.4380823247569143,0.8393665898014993
16,0.038751809137134635,-1.4317090762419937,0.838248789043194
17,0.03659273589906306,-1.4373734358508887,0.8373585719687857
18,0.03669289990640541,-1.451584160527633,0.8362327605262987
19,0.03738160893893672,-1.4678779238545694,0.834588480346167
20,0.03774466602559691,-1.4793562102101516,0.8323924748644509
21,0.03929762528862425,-1.4812521881538334,0.8299064947615955
22,0.04296829640220175,-1.472575866824433,0.8274515720625515
23,0.0456552680589572,-1.456277554626546,0.825261283228027
24,0.04916697892776202,-1.437948567087838,0.8232296147119524
25,0.06200162656672184,-1.4236189197222555,0.8212340728777536
26,0.08428921177510015,-1.4175153579758186,0.8195650498645413
27,0.10894577596962668,-1.420609691862135,0.8181875908476224
28,0.1311500385302162,-1.430448215283464,0.8166939358713385
29,0.14890739775382944,-1.442251274957528,0.8146023683860397
30,0.16593733751415418,-1.4508034094091045,0.811553759726324
31,0.18408475571445992,-1.4523908841604194,0.8081228167495733
32,0.2013891608514201,-1.4460705362912294,0.8050174105123875
33,0.21765277825950047,-1.4338441002190758,0.8021274897870412
34,0.23258818223993427,-1.4197419880761757,0.7996371908190736
35,0.24621085601220105,-1.4082219875313768,0.7977710072390485
36,0.25711736054229983,-1.4025146610789259,0.796221732793192
37,0.26522118344850976,-1.4035258480813533,0.7949859205963072
38,0.27311707308705613,-1.4096616020327764,0.7939932409071635
39,0.28037371591501814,-1.4175775235523775,0.7926888807633006
40,0.2863188140737576,-1.423514977160392,0.7908804067851207
41,0.29225408616668624,-1.4246948188181774,0.7891013347451068
42,0.29845759192311794,-1.4202555445308742,0.7874324172034397
43,0.309164975883893,-1.4114264526346045,0.7846185300544386
44,0.32589569538184404,-1.4009289134814153,0.7803336844301669
45,0.33537120455314307,-1.3918814833002489,0.7763282496654949
46,0.3282986777180896,-1.3866448311335673,0.7736567757916044
47,0.3173562603865717,-1.3860306633772055,0.7721114642682079
48,0.31404640469215905,-1.389132733261608,0.7709561955998716
49,0.3138279611007806,-1.3937908539494983,0.7696044276151757
50,0.3133183244865333,-1.3974678644052676,0.7681681053672129
51,0.31319312085775053,-1.3981880821616453,0.7668474980395978
52,0.31092336415221855,-1.3951936510666916,0.7660338561124811
53,0.3051414738869981,-1.389107443812211,0.7658515783396682
54,0.2994000825925972,-1.3815884563302303,0.7659444610066761
55,0.2963361208617816,-1.374649983387501,0.7658951681746935
56,0.2934232903833722,-1.3699162201706265,0.7653439248265359
57,0.2890032480826873,-1.368088405024114,0.7639092421642821
58,0.28442556559750665,-1.3687895812250583,0.7615967047111165
59,0.27879780821628,-1.3708043906270038,0.7591120388697674
60,0.2727625477549046,-1.372587673159019,0.7569004310588889
61,0.26767531397430666,-1.372833677901609,0.7547309580858261
62,0.2603865790952469,-1.3708994103792782,0.7525108374426175
63,0.25134666852266785,-1.366950949674254,0.7503893061291906
64,0.2434559682144135,-1.3618146904287882,0.7483528263518986
65,0.2348345591864931,-1.3566210941176808,0.7465731658413208
66,0.22442556726532892,-1.3523896816418919,0.7448090982187119
67,0.21576582871478822,-1.3497045948956834,0.7426714407513908
68,0.2088432192160442,-1.3485781600144735,0.7403069097942918
69,0.19922742248870184,-1.348521491084353,0.7376464445198074
70,0.18810029239317982,-1.3487680846582637,0.7350115820015528
71,0.17813237300265394,-1.348553581271688,0.732876047500852
72,0.16818676446411412,-1.3473524204623133,0.7311572943814035
73,0.16394842654473085,-1.3450037112043156,0.7288827372533158
74,0.1850796384305597,-1.3417068430026928,0.7247534095382757
75,0.23331280525784454,-1.3379121238293652,0.7198268846489702
76,0.27935811651222564,-1.3341584362585128,0.7162961908792242
77,0.30176118504119503,-1.3309137936172086,0.7135856821323927
78,0.26989308679332713,-1.3284604744529127,0.7102503631881689
79,0.1830609758826769,-1.3268441658912882,0.7075058477177927
80,0.11577593538145803,-1.3258861793823056,0.7063225137880764
81,0.10076648744306149,-1.325245004062682,0.706071063014907
82,0.1029531216531856,-1.3245085026417627,0.7063315111162698
83,0.0950592288606949,-1.3232975538653777,0.7065505337634062
84,0.07081293847759451,-1.3213621616582523,0.706372837774736
85,0.04056501967532944,-1.3186506681326873,0.7060877993724288
86,0.017945635630003287,-1.3153336086076597,0.7057689346955964
87,0.007295732507236474,-1.311769449128704,0.7051223210850439
88,0.007633602635055803,-1.308412189374689,0.7040274267295461
89,0.01599612761542113,-1.3056790272499703,0.7025026705375208
90,0.026293403133556548,-1.3038140601228,0.7006821607134281
91,0.03252121379330308,-1.3027931410151372,0.6987789298949909
92,0.03002682981987509,-1.3023088484048309,0.6969850677005984
93,0.016546147957296975,-1.3018517834565828,0.6951314568804843
94,-0.0050970764825216675,-1.300871050889275,0.6933175250383476
95,-0.03007398103146941,-1.2989646618001518,0.6917663099866835
96,-0.050414358939208315,-1.2960331071455595,0.6900000002629374
97,-0.05891314533719594,-1.2923357255682015,0.6877582529788833
98,-0.05746902496569059,-1.28842021501998,0.6854742189972554
99,-0.05143983921252626,-1.2849411751368156,0.6834340585677459
100,-0.04509786367314128,-1.2824272548614717,0.6813243058669256
101,-0.04164531330382243,-1.2810807679284104,0.6790410043534694
102,-0.044453944236379384,-1.2806872571249226,0.6768279316343633
103,-0.049521665349478744,-1.2806755834465333,0.6750704690456184
104,-0.026709254704279595,-1.2803140615719801,0.6733481194184552
105,0.00953776537360529,-1.2789753912205906,0.6708234827382038
106,-0.01355883470648761,-1.2763734399157833,0.6681382772317959
107,-0.08190926205308338,-1.2726811541812433,0.6661571311648775
108,-0.12042233529181695,-1.2684803609902908,0.6647596650259684
109,-0.11720079934619398,-1.2645564317146585,0.6635980820126446
110,-0.10117632583198166,-1.2616104182108931,0.6625003716852249
111,-0.09233178179826707,-1.2599951240555414,0.6611772368836482
112,-0.09880822688870727,-1.2595756500179318,0.6595582529377537
113,-0.11940905695021076,-1.2597702863270022,0.6581602728705584
114,-0.14191322877025359,-1.2597603427649346,0.6571759508278452
115,-0.1570610330168557,-1.2587929579554,0.6560633730001275
116,-0.16244795969254144,-1.2564640257516904,0.6544914485751441
117,-0.15484429397891197,-1.2528738987685424,0.6528070658719991
118,-0.13587307738940882,-1.2485951605416052,0.6511960984092
119,-0.11291237997263999,-1.2444622942057082,0.6492986675978136
120,-0.09341104893218337,-1.2412608288242608,0.6470381254712005
121,-0.0809856138287895,-1.2394325204484589,0.6447273610754907
122,-0.07667812283012854,-1.2389080836012747,0.6428528706423826
123,-0.07799016229409217,-1.2391314372525173,0.6418775126061069
124,-0.0779140190091292,-1.2392672009488437,0.6415773291761635
125,-0.0714059557830537,-1.2385137026492643,0.6414299098567855
126,-0.05805981554756415,-1.2364035609479798,0.6408964799084786
127,-0.03819777602885252,-1.232978411214884,0.6394725987354517
128,-0.012145804466374546,-1.2287719363700713,0.6375478122076679
129,0.014942995147692428,-1.2246079431047763,0.6359341997045869
130,0.038504360473529106,-1.221290158165647,0.6347229822461296
131,0.056693909032638615,-1.2193011060944001,0.6336480651794067
132,0.06608696098026029,-1.2186234887308993,0.6325902675018074
133,0.07360832957386829,-1.2187505953500701,0.6315081630990984
134,0.11754001871787806,-1.2188804573952257,0.6295645860003181
135,0.19237661520637395,-1.2182191411451253,0.6263770631115644
136,0.21480128953766825,-1.2162780216815432,0.6234712368836461
137,0.17540373993066904,-1.2130532403282737,0.6216371768578819
138,0.14772714103902373,-1.209021139500071,0.6201124463184073
139,0.15824724423483272,-1.2049535876695243,0.6184396437094655
140,0.18272835830297085,-1.2016249305231468,0.6169093236931646
141,0.19925700286301706,-1.1995221920424166,0.6154433177904304
142,0.20173581778520144,-1.1986673682955051,0.6137741041136244
143,0.19337043587530367,-1.1986168505453283,0.6123289861466479
144,0.18203547477798615,-1.198635340414588,0.6113113659165654
145,0.17592756841477136,-1.1979760166308173,0.610459341681987
146,0.1824291914119726,-1.1961599249415396,0.6093276751564476
147,0.201906720595612,-1.1931497750937767,0.6077197110410517
148,0.22669307000920136,-1.1893549773516505,0.6058491807545325
149,0.2517376153389629,-1.185469388640941,0.6036001561413171
150,0.2717009218103934,-1.1822060446540852,0.6011820541749036
151,0.280702864636855,-1.1800304925095344,0.5992218874136384
152,0.2803772620526468,-1.1789926685530019,0.5975059270267074
153,0.2751689044996104,-1.178718055444473,0.5956601408251827
154,0.26908954621593106,-1.1785577033177135,0.5937836663518097
155,0.26689442854875167,-1.177837131046172,0.5919669346254153
156,0.27240731001778407,-1.176108512577012,0.5902548387952387
157,0.2850772362626528,-1.1733117138565303,0.5886797160696944
158,0.3018473126913178,-1.1697863219834663,0.587230514772028
159,0.31958039421083684,-1.1661341442567412,0.5855492469760544
160,0.3323387896325165,-1.1629876608958543,0.5837020060238729
161,0.3375491336450247,-1.1607735878021366,0.5822483703177197
162,0.3367073502658595,-1.1595600172226286,0.581174690334678
163,0.334382980086547,-1.1590417843130973,0.5802262654199646
164,0.3636915448727277,-1.1586654009468962,0.5785248155877434
165,0.42209312315942804,-1.157842678215979,0.5754434515657052
166,0.4332341474645456,-1.156170576055339,0.5723904110303495
167,0.3896689047225772,-1.1535750761034276,0.5703545217798092
168,0.357519992926151,-1.1503278795924436,0.5688997019420992
169,0.3579599499390047,-1.1469338854599753,0.567670401391106
170,0.3711999227241818,-1.143935705837908,0.5664233188398893
171,0.37777349075051514,-1.1417108710679447,0.565311561197315
172,0.3707772913093239,-1.1403375019610924,0.5644535371956374
173,0.3538651150807248,-1.1395760439943543,0.5634239077279686
174,0.3347643319104626,-1.138969698184129,0.5618117033662673
175,0.3210151097714946,-1.1380218555871142,0.5600177234177974
176,0.31721945196858237,-1.1362992567103745,0.5585150131187568
177,0.32212293361677924,-1.1337658126809869,0.5571878459669668
178,0.33180804079071624,-1.1308335437211432,0.5561320959772305
179,0.34217875426729505,-1.1278296894556066,0.5550589766207046
180,0.34784878538211095,-1.1250386655748255,0.5532942812782176
181,0.3447916170389813,-1.1228092495789048,0.5508510700135272
182,0.3325149169345598,-1.121276423455031,0.5481360530296573
183,0.31596195675224525,-1.1202830350934532,0.5454472033375235
184,0.3010727919848045,-1.119462968668984,0.5429714253490237
185,0.2893938246504688,-1.1184001688016911,0.5410532866857496
186,0.2809200628325561,-1.1167893611766573,0.5397632175710321
187,0.27860065526646227,-1.1145431673118242,0.5384955280258366
188,0.28317191660829877,-1.1118131816467778,0.5369197654088766
189,0.2893782031021347,-1.1089226480062253,0.5351510599743332
190,0.2900770405406996,-1.1062394204278374,0.5335187635909644
191,0.2818723061842997,-1.1040384716379705,0.5324623431044018
192,0.2681922308116771,-1.1024050696778476,0.5319218881562584
193,0.25780444723102625,-1.101212470073972,0.531596216890071
194,0.28008572976839696,-1.1001788180238314,0.5302796995823555
195,0.32420316462262155,-1.0989784112001564,0.5271633222984342
196,0.31696853457504437,-1.0973635851909576,0.5241144165666858
197,0.26099875910131254,-1.095251740582197,0.522582695992466
198,0.22436463342249746,-1.0927472108730458,0.5220210684919488
199,0.2215250039749571,-1.0900932803780172,0.5214602557844012
200,0.2267464198040493,-1.087575674376286,0.5201496362285667
201,0.223524446259464,-1.0854156070965044,0.5181409392847987
202,0.2094765868342185,-1.0836922753705966,0.515916063999605
203,0.18684318766468566,-1.082321670529629,0.5140496669269581
204,0.16335133663218054,-1.0810963696302536,0.5130374047077271
205,0.1474431252394207,-1.0797682753778437,0.5127656321791141
206,0.13983653503599713,-1.0781415121653684,0.512766247100511
207,0.14011984566656133,-1.0761408468387708,0.5126532901975727
208,0.14721157146725206,-1.0738320142609656,0.5122460961635493
209,0.15364760294553415,-1.0713893742248786,0.5115301282980689
210,0.15263503543713258,-1.0690259084071339,0.5105230813014983
211,0.14277523396406228,-1.0669134415977477,0.5090617453849675
212,0.12718874401114566,-1.0651228161294042,0.5069144424876195
213,0.11007448132325814,-1.0636045755257517,0.5045580867119406
214,0.09429140623472992,-1.0622145946053445,0.5027578875868259
215,0.08271513722714885,-1.0607723969465792,0.501522824843821
216,0.07542456777485984,-1.059128791262908,0.5004459116017672
217,0.0715227048981133,-1.057217633530518,0.49926592597626684
218,0.07052927898130772,-1.0550740208979312,0.4979267271408192
219,0.07128421167682121,-1.0527322239990626,0.4965089300718548
220,0.071157943943616,-1.0503873820070573,0.4951213286461775
221,0.06472420475402615,-1.0483705738450446,0.4938423146348667
222,0.05194374217413579,-1.0466604658830043,0.49242091427878165
223,0.04276909997268305,-1.0450680035215365,0.4906885894310664
224,0.06754670425687781,-1.0435264377815958,0.48800110746429537
225,0.11285176526928631,-1.0419656606541259,0.4840669654676435
226,0.1018506121172097,-1.0403002839513071,0.48042593144404666
227,0.04094301394058608,-1.0384724183595568,0.47785071126824774
228,0.0022514609113901962,-1.0364838684293174,0.4758360285686314
229,0.000026949957140393055,-1.0343953940161192,0.47414833828629943
230,0.008004654207616646,-1.0322999485288897,0.4730114454531089
231,0.006281147992214076,-1.030286172717175,0.4722765911411808
232,-0.008082724213038989,-1.028407374407271,0.47162761100170014
233,-0.0303399504885474,-1.0266661520850988,0.47138936288151134
234,-0.05205175457192157,-1.0250181309946829,0.47154950090488645
235,-0.06343863609554902,-1.0233915160561953,0.4716874051882971
236,-0.06376866716416305,-1.021714165831907,0.47125791333594824
237,-0.05971534642013474,-1.019855728876066,0.46999129239533377
238,-0.054198757690049226,-1.0178509455473717,0.4680963098698374
239,-0.04882262966170106,-1.0159308374854237,0.46556083221856115
240,-0.04980022778786325,-1.0140655818179796,0.4625624832700852
241,-0.058948108708632374,-1.0121462383818285,0.45984369126191305
242,-0.07092889500506327,-1.0102409911926316,0.45803071025473296
243,-0.08203876915650898,-1.0084188232914615,0.45707005133090894
244,-0.09113593516452648,-1.0066889213453947,0.45654179200079015
245,-0.09609657464470342,-0.9834160228456632,0.45613304093867724
246,-0.09503347348027397,-0.8753583770683679,0.45564293372431486
247,-0.08869493319245308,-0.6414617734624835,0.4549738948565727
248,-0.08125275103555873,-0.3175184091688501,0.4538603378185775
249,-0.07679451222609474,0.043366920683376,0.45198302240718324
250,-0.07557441190561315,0.4171229261764948,0.4497978783152503
251,-0.07733697890226054,0.7374346106149199,0.44807426252935745
252,-0.08236905203620415,0.9158678699530023,0.44658886238377016
253,-0.08295016740709178,0.9797949372532999,0.44494516001552453
254,-0.04685134528507547,1.012602401501768,0.44242209757376494
255,0.009464270213720788,1.048476973396494,0.43845363198636567
0,0.005578472540889855,1.0806257914825945,0.4348034639487859
1,-0.048514485552718006,1.077829142033993,0.43289864673145084
2,-0.07656533918627116,1.0300555713966064,0.4321733612819678
3,-0.06639975558013302,0.9619804870633866,0.43169130428682134
4,-0.04778751785501724,0.902274568059573,0.42227196467643857
5,-0.03834598270797743,0.8715118183539302,0.38054118141701077
6,-0.03923674172791625,0.8797636473920811,0.2840211666819705
7,-0.04696544886247156,0.9205336163529134,0.12455255017036793
8,-0.05538720712503009,0.9769959256172664,-0.09429970831150691
9,-0.05587414117622244,1.0297983080269324,-0.35559516495357646
10,-0.04628965300495451,1.0575770273204101,-0.629147130227569
11,-0.032007300327718896,1.046457606831856,-0.8877100737311114
12,-0.017449671634628492,1.0043338264806958,-1.116828123386921
13,-0.004184248596609513,0.9500117399732553,-1.3099482722754314
14,0.005322261569925199,0.9014917089138583,-1.46329789874558
15,0.006479226858891712,0.8777567407203906,-1.5741454964958157
16,-0.0011337872801621268,0.8860551345085259,-1.6415583910658098
17,-0.011034735964722625,0.9196997298604228,-1.6681344362931432
18,-0.016949475515885937,0.9654789702226925,-1.6611496949696987
19,-0.01818134773118993,1.0059832868777119,-1.6321496823066366
20,-0.013646933343345671,1.0258052582504193,-1.5948468769169155
21,-0.0024874305635328164,1.0178344979445657,-1.561897550410857
22,0.009919604762238361,0.985760944679984,-1.5417561068858605
23,0.018390738824707972,0.9405695843726831,-1.53686318996085
24,0.021709164965461436,0.8993088280479582,-1.5437858150589303
25,0.020038409807275434,0.879423447828318,-1.55521748278038
26,0.016074239292211384,0.8853950621409701,-1.5631053776466644
27,0.019323941409490453,0.9091787167168737,-1.5617534491203031
28,0.05733290948499403,0.9346728701319837,-1.5498004649964936
29,0.11243918213350762,0.9562460682815646,-1.5304314202090485
30,0.10970635381693059,0.9755133752487661,-1.5098597477711473
31,0.05806109251800831,0.9783914120167658,-1.4947524046519423
32,0.02871055315855242,0.9570794654337753,-1.489624298722636
33,0.034143644643460896,0.9214494430832962,-1.4951831024564677
34,0.04735338064208819,0.8898253408671346,-1.5081834949051407
35,0.049962045171029104,0.8752998424563758,-1.522808801744703
36,0.041982067887262706,0.8772589381028477,-1.5329609573882061
37,0.03082278353814477,0.8931298951308517,-1.5344928210667437
38,0.021942485998368646,0.9176103247013212,-1.5266325006610946
39,0.019555203383856128,0.9400263940769884,-1.5121057804072255
40,0.02411065529455389,0.9506833717434304,-1.4959322729181372
41,0.033880358238604635,0.9454626799648431,-1.4834381328395772
42,0.04686035506685407,0.9270717993497524,-1.478268172480297
43,0.05876782083439172,0.9044146563704691,-1.4811366633379532
44,0.06511723375305095,0.8868171583612048,-1.4897385306574589
45,0.06538712295410037,0.8782943720148917,-1.4997856449034135
46,0.06127849574116606,0.8786348661088899,-1.5067157365661359
47,0.052870725406738234,0.8863689931071583,-1.5073980161644163
48,0.04467490096161422,0.9016648764537369,-1.5012020050685382
49,0.04296119862363096,0.9184656195078222,-1.4900724282433315
50,0.04718470273046668,0.9266795605425497,-1.4776455052208761
51,0.05492119244898816,0.9230368098865971,-1.4677964957418195
52,0.06451721172512916,0.9082631314791207,-1.4631946800439541
53,0.07303390661080271,0.8871123380245027,-1.4644012048030493
54,0.07750474987942196,0.8105332563253174,-1.4698074898634759
55,0.07643713120964821,0.6081251983489064,-1.4763791600929115
56,0.07217397515629506,0.33403143117774503,-1.4808735700826818
57,0.07292130917170653,0.09409734918480939,-1.4810464683945201
58,0.10417674461927173,-0.09291655138364452,-1.4764021395318778
59,0.1509910656503175,-0.2793098791894848,-1.4682433775463055
60,0.14522180495821635,-0.5318114982115432,-1.459055581160018
61,0.09558179720087506,-0.82769593221464,-1.4515036541375488
62,0.06649828260814922,-1.0453598814669323,-1.447442422615234
63,0.06973127330938733,-1.1335546637685576,-1.44730467733143
64,0.08142429402444507,-1.1495400123341573,-1.4500617299967735
65,0.08390308811529659,-1.1469779617894882,-1.4537232985189394
66,0.07444001569001987,-1.1381374019164374,-1.4561466122816733
67,0.058835465029977996,-1.11935589340662,-1.4558298977448874
68,0.0463432030674544,-1.0916206970402276,-1.4523996729527284
69,0.04143149580951368,-1.063369775622907,-1.4466406287484688
70,0.04211883981730313,-1.0447138283698307,-1.4400999352527202
71,0.048741067305006575,-1.0417181084896954,-1.4344521519246523
72,0.06055148945532904,-1.0539437012225403,-1.430881405891761
73,0.07034290610740113,-1.0752013779151537,-1.4297056432340178
74,0.07219346048177444,-1.0964009888113542,-1.4303422667108534
75,0.06724066887450442,-1.109141742544781,-1.4316318388773177
76,0.058404155697752425,-1.1087233162543173,-1.4323415882418553
77,0.04761864093580248,-1.0955751047763989,-1.4315832593236175
78,0.03947673635482882,-1.0747147956623748,-1.4290813312148214
79,0.03633722143787141,-1.0535781104666428,-1.425211351726965
80,0.03620507840268841,-1.0391322508448781,-1.420778747676565
81,0.04016525096668404,-1.0353829508287387,-1.4166741008689905
82,0.04849855379669471,-1.04215655947332,-1.4135475298447306
83,0.056927117176215666,-1.0555008954515572,-1.4116178464849893
84,0.06138969524961986,-1.0694264481970661,-1.4106653133259441
85,0.06018651154073473,-1.0782408070380325,-1.4101811280695182
86,0.05430610038519851,-1.0785749544920895,-1.4095926538644994
87,0.05148013624190706,-1.0703907706242317,-1.4084687847290955
88,0.08195622754441234,-1.0566945022026357,-1.4066344573061356
89,0.13104261890676155,-1.0421785769702172,-1.404171283538611
90,0.124617024441175,-1.031384536888614,-1.4013295434382806
91,0.07188699748507194,-1.0270979731651155,-1.3984056354124386
92,0.04096428990393175,-1.0295324201442582,-1.3956399599360947
93,0.043920410530612075,-1.0365164064835506,-1.3931678079312229
94,0.05584030521779429,-1.0445115414168766,-1.3910242732968916
95,0.05832875621537523,-1.0500065777786172,-1.3891795639128448
96,0.049002966079895446,-1.05074626511281,-1.3875737890847413
97,0.03388851633757319,-1.0463748447750212,-1.3861309990592239
98,0.02025126692950322,-1.0383343982398445,-1.384752550119789
99,0.013301641802830333,-1.029145839806072,-1.3833072911171196
100,0.014996089917637581,-1.021405897720142,-1.381640614650966
101,0.024028847002807566,-1.0168913959919168,-1.3796135414767168
102,0.03653182599901214,-1.016070237320907,-1.3771627176763177
103,0.04749675789453926,-1.018130768322051,-1.37435388989211
104,0.052891842031306105,-1.0214404343917103,-1.3713960192594925
105,0.05106669285349161,-1.024206922011948,-1.3685955110623733
106,0.04323014231310862,-1.025081591195153,-1.366255985873443
107,0.03449657751308946,-1.0235113700827805,-1.3645571018337055
108,0.029477662540014465,-1.019769590742229,-1.3634624024372202
109,0.0279807695810112,-1.0147214569926164,-1.362701493407208
110,0.02979823578015421,-1.0094586594759911,-1.361845623780228
111,0.03556558429778819,-1.0049498219650492,-1.3604575342786212
112,0.04385176600750621,-1.0018092552765125,-1.3582621745280528
113,0.04988729795122542,-1.0002169510030368,-1.3552701383224757
114,0.04972305890855894,-0.9999625938147205,-1.351798641973038
115,0.04712552370457365,-1.0005580870605373,-1.3483723405136652
116,0.045348206241625444,-1.0013690439106346,-1.3455342218812567
117,0.04806353612523262,-1.0017409006587283,-1.343635813264679
118,0.08338713890240423,-1.0011181242070113,-1.3426891115078288
119,0.1519444420380427,-0.9991598138571733,-1.3423429681382113
120,0.17351306731874044,-0.9958404551813684,-1.342000345355581
121,0.11791311457397896,-0.9915033526496959,-1.3410374400216578
122,0.06369570222901311,-0.9868251453493992,-1.3390432253181763
123,0.056608513191824694,-0.9826663205311985,-1.335986221859502
124,0.07130587097191571,-0.9798241880865421,-1.3322402635822725
125,0.07894904207270204,-0.9787550746379576,-1.3284540493213797
126,0.07284607867638151,-0.979366392211559,-1.3253101646960852
127,0.05918370390891453,-0.980974953553801,-1.3232640359752534
128,0.04571305082999534,-0.9824788347204887,-1.3223637063327347
129,0.03928003888290223,-0.9827103224335261,-1.3222223720140605
130,0.04314169476138792,-0.9808578761493703,-1.3221577601980123
131,0.05664677633726528,-0.976800839493162,-1.3214478161171912
132,0.0745870637653443,-0.9712158925584888,-1.3196060371386222
133,0.09047192255995662,-0.9653897374034601,-1.3165705477011196
134,0.10030191874385808,-0.9607831021283793,-1.3127328407504626
135,0.10165249041211305,-0.9584942534160508,-1.3087931543337779
136,0.09592320028214829,-0.9588225623124096,-1.3054962638903378
137,0.08680869731943636,-0.9611086282185295,-1.30334811283935
138,0.07807087147448424,-0.9639310496403861,-1.3024218803390029
139,0.07394653475325297,-0.9656051308907094,-1.302328350219328
140,0.07550380703872536,-0.9648074287120858,-1.302362634768361
141,0.0836463405724042,-0.9610914397634431,-1.3017716053904977
142,0.09826920535489087,-0.9550905979324433,-1.3000399418642354
143,0.11289651687610511,-0.9483171727990123,-1.2970854940017973
144,0.12308361033271892,-0.9426187662792516,-1.2932894466230205
145,0.1282518624000994,-0.9394891401924346,-1.2893501434707657
146,0.1262579390213976,-0.9394932581713751,-1.2860169087717157
147,0.1228747009966662,-0.9420304526688086,-1.2838058451316292
148,0.14020694564219027,-0.9454531075592953,-1.2828059471235798
149,0.18460700365047505,-0.9478487132756901,-1.2826487263183681
150,0.23268143035265454,-0.9478046661923334,-1.2826516459934836
151,0.23913059304808493,-0.9445807912267385,-1.2820793255464915
152,0.18746502250532376,-0.938573386183355,-1.2804221275901422
153,0.1400831899834175,-0.9313933609168794,-1.277586144545516
154,0.1359575192851875,-0.9251141140275303,-1.2739234911618924
155,0.1474941732499243,-0.9214538190657264,-1.2700933926882496
156,0.1493288228331996,-0.9211379746924879,-1.2668089917926868
157,0.13771228127332696,-0.9236353424544288,-1.2645674543106629
158,0.12093949042983995,-0.927357994147326,-1.2634658697916312
159,0.10625271043835258,-0.9302566334077707,-1.2631713028985772
160,0.09892290623874891,-0.9305916037726623,-1.2630537713483894
161,0.10236637019634853,-0.9275063173149887,-1.2624290072137132
162,0.11547584551499518,-0.9215279143466732,-1.2608172029805131
163,0.13320830762436042,-0.9144145354455464,-1.2581196316940133
164,0.14843336969826348,-0.9081217457784363,-1.2546480203271324
165,0.15512033509869083,-0.9042340866541503,-1.250998586697969
166,0.14965622414030488,-0.903582563940942,-1.2478215791538636
167,0.13347603884152376,-0.9057834067712283,-1.245575577286819
168,0.11452086105194598,-0.9093535496608158,-1.2443595887645125
169,0.10027903409466607,-0.9122919954070587,-1.243884453112189
170,0.093909994996204,-0.9128532979659036,-1.2435910004330242
171,0.09598094666358431,-0.9102067495793915,-1.242866829858956
172,0.10325863823808171,-0.9047378705686615,-1.2412775572791186
173,0.11135462710437383,-0.8978872472934682,-1.2387250791605964
174,0.11885874000207891,-0.891594665811628,-1.2354752179886281
175,0.1218346821055526,-0.8875631589670192,-1.232047902764036
176,0.11625230863495484,-0.8866226894055624,-1.2290150248602374
177,0.11037893660902515,-0.8884319199795918,-1.2267846125459783
178,0.13283437857088237,-0.8916254126495815,-1.2254528508866334
179,0.15954689183443344,-0.8943436641280651,-1.2247775335260322
180,0.13052997482773795,-0.8949397968185386,-1.2242792282822075
181,0.08129125350424068,-0.8925935506748894,-1.2234282067848565
182,0.06615590299868451,-0.8876030355552635,-1.2218442546413923
183,0.07491654390069075,-0.8812505655770222,-1.2194339663502354
184,0.08508907050887995,-0.8753015308320284,-1.2164160756957045
185,0.08695176761048365,-0.871332400285739,-1.2132290706386764
186,0.07887164848613298,-0.8701442337366276,-1.2103597387518188
187,0.06253541005554342,-0.8714803217803162,-1.2081596403387334
188,0.04579654915236023,-0.8741471675773869,-1.2067186902478562
189,0.03391630529215295,-0.8764839160208178,-1.2058411415705064
190,0.02772961034504204,-0.8769955245626053,-1.2051292220312178
191,0.027686099869169825,-0.8748254523233214,-1.2041391238761547
192,0.03221291152845551,-0.8702357338838373,-1.2025482558294622
193,0.037706135938361744,-0.8645306471869998,-1.2002707724021278
194,0.04005113995075613,-0.8591767327887192,-1.1974802028257296
195,0.036801718135098166,-0.8554130166564806,-1.1945344002489717
196,0.027759488663423204,-0.8540057484839965,-1.191834779580827
197,0.016409209429904814,-0.8548273928597214,-1.1896751006893092
198,0.006864498762317595,-0.8568934832710027,-1.1881366890160185
199,-0.0009100144500220342,-0.8587693843409032,-1.1870672460426448
200,-0.0067933755409602115,-0.8591346923330407,-1.1861475842745777
201,-0.008735977611105505,-0.857277106645626,-1.1850175842849486
202,-0.006978122417183957,-0.8533376616963926,-1.1834118068234338
203,-0.002822341974472925,-0.8482285741243811,-1.181253786685505
204,-0.00033985301077987806,-0.8432668038752924,-1.1786757503010463
205,-0.0036691719498846143,-0.839669586539781,-1.1759598422105118
206,-0.010131797240375218,-0.8381046778348189,-1.1734264015477738
207,-0.011286911865925994,-0.8384612202873618,-1.1713133704959366
208,0.008980190454541709,-0.8399189954662316,-1.1696921196709567
209,0.05074091720626275,-0.8412795159299988,-1.1684492170371361
210,0.06850468531357451,-0.8414258410531961,-1.16733765915939
211,0.031832558673493744,-0.8397347964968054,-1.1660750490530423
212,-0.017151555327117714,-0.8362896671556239,-1.1644498716361715
213,-0.033664890997532136,-0.8318217372165013,-1.1623959962244292
214,-0.025670104698500708,-0.8273306132667226,-1.160009422636611
215,-0.018200536733160147,-0.8238777747097283,-1.1575041255867746
216,-0.021926045516854814,-0.8222433437190357,-1.1551266477586086
217,-0.034141724819628155,-0.8222860866069857,-1.153063345019254
218,-0.047835681101683986,-0.8231935502616898,-1.151375047111411
219,-0.05708590825910631,-0.8240222560048691,-1.149981780543679
220,-0.05865653223185095,-0.8239068956023563,-1.1487003472849784
221,-0.05246758662950135,-0.8223401527257255,-1.1473177968584363
222,-0.04158937630890401,-0.8193572671491829,-1.1456715206274786
223,-0.030527752667338787,-0.8155132339816014,-1.14370598206383
224,-0.02156781551883538,-0.8116585770984064,-1.1414865535750764
225,-0.016488179643068368,-0.8086104613234384,-1.139167996900066
226,-0.01868178107244317,-0.8068508594184061,-1.1369320509627627
227,-0.027135834417815675,-0.8063639675708321,-1.1349190958216497
228,-0.036460113906423945,-0.8066661849740631,-1.1331794468647356
229,-0.04060911262601275,-0.8070076971813331,-1.1316609185971225
230,-0.0367274551822921,-0.8066623550112118,-1.1302348106283144
231,-0.028640249029857658,-0.8051941512586227,-1.1287481544116797
232,-0.020515526658173272,-0.802602961700996,-1.1270812156544592
233,-0.012111537026924774,-0.7993019168847435,-1.1251887778073626
234,-0.0039547564153284975,-0.7959435769392464,-1.1231112267713494
235,0.0011945108852766673,-0.7931671300796337,-1.1209535747789179
236,0.0025848511883954928,-0.7913641829899718,-1.1188424813344393
237,0.006719544794355964,-0.7905485359261122,-1.1168655376946952
238,0.01640824812839911,-0.7903721988248389,-1.1150575712891073
239,0.019851819092159523,-0.7902735238441019,-1.1134140447505922
240,0.016889320636814947,-0.7896953599776393,-1.11186360543521
241,0.019523173887529346,-0.788288880160334,-1.1102941446996186
242,0.02904127033074666,-0.7860289485787098,-1.1086162807666842
243,0.04170282362403699,-0.7832038970126964,-1.1067915344048056
244,0.052139540175776516,-0.7802910715956455,-1.1048400648649985
245,0.05672442152099186,-0.7777708569105966,-1.1028269805095676
246,0.05912320479112888,-0.7759512355563376,-1.1008340920981885
247,0.06306330105976915,-0.774866517617113,-1.098928622375349
248,0.06879897248125916,-0.7742825483253619,-1.0971403967252984
249,0.07490588759216232,-0.7737995179170118,-1.095454841677371
250,0.08127101626620242,-0.7730082932307272,-1.0938226593672247
251,0.09097970913753062,-0.7716395485121241,-1.0921809256794934
252,0.10234944877378765,-0.7696517709056714,-1.0904767938064066
253,0.1111338437823852,-0.7672303336287252,-1.0886850159564316
254,0.11871075931155256,-0.7647043026019815,-1.086813722467574
255,0.12626319308296122,-0.7624171963023421,-1.0848977763301324
0,0.13279891589523352,-0.7606020493531342,-1.0829835684144054
1,0.13892782958330185,-0.7593057937767924,-1.0811117037399258
2,0.14439506088013254,-0.7583865917635342,-1.0793039454051168
3,0.1493110910299822,-0.7575793995317253,-1.077558404828769
4,0.15537798098114908,-0.7566006484178753,-1.0758534762559182
5,0.16268676092431983,-0.7552511047593624,-1.0741578483815153
6,0.1700506098959369,-0.75348000894022,-1.072442202794035
7,0.17615802874023506,-0.751390701258535,-1.0706752239735118
8,0.18208778890430455,-0.7491907620957261,-1.0688483081885214
9,0.18728485259105926,-0.7471094126784128,-1.0669971569147134
10,0.19501885650832906,-0.7453146425063548,-1.065152344888574
11,0.2310721205613292,-0.7438596300609768,-1.0633239760845843
12,0.29734840316313715,-0.7426747400531488,-1.0615208715441025
13,0.3209608471265578,-0.7416035236556087,-1.0597473634875842
14,0.2699703852536617,-0.7404656305383568,-1.058002106886459
15,0.21743927251214068,-0.7391217311917919,-1.0562785285945733
16,0.20959480819757603,-0.7375174545491043,-1.0545662730386685
17,0.22439108959775955,-0.7356932405364194,-1.0528531473188325
18,0.2337501713783286,-0.7337604508597009,-1.051127339710324
19,0.23024641754505848,-0.7317734190346927,-1.049379804054428
20,0.2206386662182192,-0.7298898940887149,-1.0476065533320424
21,0.21185839925249156,-0.7283673960898471,-1.0458102989122708
22,0.2088343311954023,-0.7271078904180257,-1.0440006710199108
23,0.21223205110899857,-0.7258728889882022,-1.042192414864266
24,0.22056036458554984,-0.7245894406539728,-1.0404015545629832
25,0.23364066254498495,-0.723221202234859,-1.0386403777262543
26,0.2481990140778907,-0.721737537801121,-1.0369128405792751
27,0.25684013039018294,-0.7201311619823854,-1.035212218995949
28,0.256006952091813,-0.7184301247624969,-1.0335223016077708
29,0.24794980782773246,-0.7166896467601303,-1.0318222246563105
30,0.23687347593266705,-0.7149723722333519,-1.0300935994412517
31,0.2289709591253527,-0.7133286645893364,-1.0283274747853297
32,0.22811695659404418,-0.7117837759697789,-1.0265284322886634
33,0.23212738622230145,-0.7103338619083441,-1.024713943324953
34,0.23865481874232708,-0.7089498850515126,-1.022908798271637
35,0.24676330283954373,-0.7075870950902154,-1.0211363422333735
36,0.2538572867650558,-0.7061973409130298,-1.0194096510318462
37,0.25709107978096235,-0.7047415047240437,-1.0177260433662059
38,0.2536362412805926,-0.7031995700604747,-1.0160672572236744
39,0.24352109138727907,-0.7015761725208207,-1.0144055570589918
40,0.23893361159162585,-0.6999000763957546,-1.012713744854696
41,0.2708320458842375,-0.6982170896489555,-1.0109754231228005
42,0.3109343709216653,-0.6965775226356248,-1.0091915817174417
43,0.2901164159936468,-0.6950211150687813,-1.007380828512623
44,0.242463277462441,-0.6935637542653592,-1.0055729325022282
45,0.22810641371169393,-0.692190543038669,-1.0037979182582637
46,0.23825818986887703,-0.6908583862924647,-1.0020747433399597
47,0.24860744997471085,-0.689508396225816,-1.0004038766922578
48,0.2478753985987528,-0.6880849059014273,-0.9987667174626567
49,0.23581084458401153,-0.6865550261961932,-0.9971322399933333
50,0.21787492955601812,-0.6849217388755375,-0.9954684847356527
51,0.20320958483599666,-0.6832251478391067,-0.9937546058358735
52,0.19738068733606629,-0.6815304031067053,-0.9919888923349021
53,0.1984023908937388,-0.6799056873851972,-0.9901896454243393
54,0.2012301779429867,-0.6783976920094528,-0.9883884818709916
55,0.2028227218129991,-0.6770135376639352,-0.9866185240049035
56,0.20292610483471107,-0.6757162952575169,-0.9849019175233975
57,0.2019799067672673,-0.6744365770538503,-0.9832414166211847
58,0.1965774061003111,-0.6730967198363351,-0.9816192611100099
59,0.1841972457194871,-0.6716391084667199,-0.9800038101581365
60,0.17027593412086484,-0.6700481850335518,-0.9783614441407047
61,0.16077148757028598,-0.6682751629865202,-0.976669231908843
62,0.15730491967403892,-0.6664364220265759,-0.9749235606323423
63,0.15981512248007068,-0.664819437500203,-0.9731414577477131
64,0.16671310525960192,-0.6633251609039028,-0.9713541143665565
65,0.1732088591297345,-0.6618540829751414,-0.9695950829515909
66,0.17532807428868946,-0.6606041801313987,-0.967887636858626
67,0.17421663701957318,-0.659473353083242,-0.9662360788869377
68,0.1709087013521831,-0.6582293036781166,-0.9646242628347959
69,0.16479336860849214,-0.656823639063657,-0.9630218370014738
70,0.16204071242023016,-0.6552717373453611,-0.9613957885675659
71,0.1910830016148632,-0.6536144532721493,-0.9597228800228055
72,0.2536593287764288,-0.6519167859226462,-0.9579982723776905
73,0.2729184262947454,-0.6502582589198802,-0.9562371212256107
74,0.21785006249342465,-0.6487077853733827,-0.9544686258699491
75,0.16375553934407006,-0.6472968903722951,-0.9527248716031513
76,0.15501885159490292,-0.6460061279593354,-0.9510287428236475
77,0.16711801176603547,-0.6447714241187612,-0.9493854764888443
78,0.17232297961548942,-0.6435078520433424,-0.9477809833680402
79,0.16461739826065552,-0.6421415236364869,-0.9461874613252581
80,0.15081640909722907,-0.6406374146649951,-0.9445740646356002
81,0.13696635409074953,-0.6390125985554331,-0.9429185242922267
82,0.12834045519634146,-0.6373298831882495,-0.9412153291604088
83,0.13092605079661362,-0.6356742327357452,-0.9394774561114283
84,0.1451589332227028,-0.634120863596437,-0.937731126383127
85,0.16334997899201908,-0.6327070562488788,-0.9360057025956943
86,0.1795331221607075,-0.6314183104438977,-0.9343226264160189
87,0.19080173735690775,-0.6301940255660983,-0.9326875738252718
88,0.193856683238524,-0.6289504880714505,-0.931088701161948
89,0.1890083205647516,-0.6276124131019825,-0.9295014982390595
90,0.1802881829487578,-0.6261411007991193,-0.9278982683725783
91,0.1746729960839728,-0.6245486235347728,-0.9262585641683905
92,0.17698514691646938,-0.6228928131752525,-0.9245766406844482
93,0.18741093132634112,-0.6212551099286243,-0.9228632089877578
94,0.20447814819488563,-0.6197097834887142,-0.9211409847784449
95,0.2265608363317,-0.6182962031571979,-0.9194358695353966
96,0.24848103335020266,-0.6170045530643355,-0.9177671897347941
97,0.2625706889926822,-0.6157801944131767,-0.916140676264511
98,0.268609025915731,-0.61454478114105,-0.9145467321800602
99,0.2705854131745643,-0.6132259506942153,-0.9129644792988949
100,0.27587374603764225,-0.6117843026267804,-0.9113698937785055
101,0.31273306584225746,-0.6102275734368874,-0.9097448609274839
102,0.3593730216222144,-0.6086068997634837,-0.908083734724257
103,0.35079177348631085,-0.6069968880391745,-0.9063950309333828
104,0.31694016718041695,-0.6054672682689421,-0.9046977813748591
105,0.3144195782949387,-0.6040569288423234,-0.9030140900250783
106,0.3350282087300436,-0.6027600252346423,-0.9013607999809232
107,0.35578537094647655,-0.60152912380584,-0.899743412659932
108,0.36554226282427316,-0.6002938395934767,-0.898154448707758
109,0.36489738561970697,-0.5989876427855649,-0.8965767023868669
110,0.36160704057965154,-0.597572604709278,-0.894989997097078
111,0.3628265766969402,-0.5960528625963588,-0.893378793735526
112,0.3694238002234259,-0.5944720320118553,-0.891737784512606
113,0.3812654731071694,-0.5928959311949538,-0.8900734657881788
114,0.4003842598803711,-0.5913874552267446,-0.8884012609240992
115,0.4249632151237863,-0.5899832041877104,-0.8867394402792335
116,0.44731071491377183,-0.5886805599640232,-0.8851022295444753
117,0.4620535624747897,-0.5874397590613507,-0.8834947030323699
118,0.46935648648180117,-0.5861997680771858,-0.8819112868685228
119,0.47279674131157834,-0.5849016357926151,-0.8803382766399657
120,0.47621293442287027,-0.5835103799623338,-0.8787592626518284
121,0.48014831561724125,-0.5820272790290943,-0.8771613219064349
122,0.4858411225461512,-0.5804882711721879,-0.8755396442445029
123,0.4959669662292301,-0.5789494884556936,-0.8738989456123063
124,0.5105481450310423,-0.577465730831296,-0.8722512895585504
125,0.5271453126764927,-0.5760701362199039,-0.870611289602115
126,0.5427798722034092,-0.5747625878721168,-0.8689905926710186
127,0.5533400923799761,-0.5735108886831053,-0.8673937213819971
128,0.5584149056597978,-0.5722638297644713,-0.8658167497695195
129,0.5627478197582769,-0.5709708732618997,-0.864249164976941
130,0.5721594872832325,-0.5696008872615581,-0.8626780691422202
131,0.6099816019133038,-0.5681529917281394,-0.8610930506358194
132,0.6785810582914531,-0.56665576649973,-0.859489890111417
133,0.7065656107137201,-0.5651555472627592,-0.8578717921294601
134,0.6605046457961901,-0.5636985729782127,-0.8562478166424441
135,0.6113822204508188,-0.5623138560745993,-0.8546292373371318
136,0.6060647410426772,-0.5610031131920752,-0.8530252813388168
137,0.6223790756832241,-0.5597412192664082,-0.8514398545089117
138,0.6330531476828727,-0.5584865944792186,-0.8498572877072266
139,0.6282341825312543,-0.5571972640945995,-0.8482644106758728
140,0.6117816290446536,-0.5558463979155088,-0.8466768607961561
141,0.592080690019789,-0.5544315875887309,-0.8450988392667478
142,0.5767352374979957,-0.5529746876457826,-0.8435174382061161
143,0.5725003588150368,-0.5515126858004153,-0.8419285488294279
144,0.5797529182884444,-0.5500833781383836,-0.840335719804131
145,0.5926338550144028,-0.54871138487644,-0.838746697235099
146,0.6027984750102706,-0.5473996674661235,-0.8371690643626155
147,0.6046360477571167,-0.5461294342228331,-0.8356065950594203
148,0.5978811653167462,-0.5448680811562556,-0.8340575513126516
149,0.5842764922587353,-0.5435818551252827,-0.8325153584593092
150,0.5670403329759945,-0.542248334392879,-0.8309711944982672
151,0.5505071442910514,-0.5408641265328902,-0.829417363770304
152,0.5384375759243711,-0.53944517672151,-0.8278501191128704
153,0.5308555780903281,-0.5380199395041305,-0.8262708952584328
154,0.5265153160708518,-0.5366182920494256,-0.8246855768619152
155,0.5248197435169306,-0.5352604926951892,-0.8231021796755975
156,0.52302478501475,-0.5339502497052244,-0.8215278880408707
157,0.5175657879029554,-0.5326742361757386,-0.8199665706800214
158,0.5064062785819323,-0.5314078856691127,-0.8184176499454248
159,0.49006487503308716,-0.5301249973694839,-0.8168766469761723
160,0.47622487072703046,-0.528807412814702,-0.8153370912969446
161,0.4936657534724127,-0.5274512060871188,-0.8137930073653168
162,0.5188484729753888,-0.5260673117764234,-0.8122410363111014
163,0.48585811447420046,-0.524676679752786,-0.810681452233387
164,0.4263004721016954,-0.5233020500164984,-0.8091177890498131
165,0.3964425965425762,-0.5219595589568331,-0.8075553197613874
166,0.3894495441417021,-0.5206532586815462,-0.8059990273730637
167,0.3863163858676375,-0.5193743767208783,-0.804451840216696
168,0.3758231865087156,-0.5180228616335643,-0.8029137464948137
169,0.35584284333504324,-0.5166237120094581,-0.8013820345683453
170,0.32954522317868695,-0.5153657301676962,-0.799852478480986
171,0.30427673134938804,-0.5141622343082317,-0.7983209631574035
172,0.288681778016609,-0.5128535624226904,-0.7967849297272003
173,0.28278225321972095,-0.5114795751906052,-0.7952441412627573
174,0.28174708425241257,-0.5101101235114165,-0.7937005582514574
175,0.28095942544650987,-0.5087807104534283,-0.7921574508670091
176,0.27793226280664973,-0.5074937709288969,-0.7906181349327799
177,0.2715407319751487,-0.5062342574794059,-0.789084814226793
178,0.25796728570244254,-0.5049810752381974,-0.7875579254025826
179,0.2398428536512247,-0.5037145361801225,-0.7860361631974064
180,0.22283598416685935,-0.5024220713593559,-0.7845171052555604
181,0.20697230570351177,-0.5011017660617252,-0.7829981546282574
182,0.19309696171769564,-0.4997623366348771,-0.7814774390226757
183,0.1838725384841149,-0.49841934329457316,-0.779954362925174
184,0.17959440431058532,-0.4970891043870189,-0.7784296653149538
185,0.17776603848920058,-0.4957827091916216,-0.77690502368465
186,0.17311206111689742,-0.49441992388874345,-0.7753823944697564
187,0.1622027368095016,-0.4930384261535836,-0.7738633437153797
188,0.14766849102002882,-0.4918285225564487,-0.7723485897177409
189,0.131967534526289,-0.4906941088179395,-0.7708378772534479
190,0.12187537750825961,-0.48945930548444605,-0.7693301764958984
191,0.14523827095599134,-0.48814721245655157,-0.767824096036692
192,0.20171609839317894,-0.486816358216001,-0.7663183497054602
193,0.2241189576478274,-0.48549996308990195,-0.7648121273585025
194,0.17861845979255725,-0.4842073431535492,-0.7633052752962253
195,0.11907952495706597,-0.4829363728277458,-0.761798264984872
196,0.09594769514445467,-0.4816799135513208,-0.7602919925114
197,0.09887830799216002,-0.48042829864485337,-0.7587874885713592
198,0.10021444990670575,-0.479171860172376,-0.7572856261331098
199,0.0916328641061949,-0.477904030149662,-0.7557868974608886
200,0.07720399759243415,-0.4766235514963928,-0.7542913048557676
201,0.06327848596642943,-0.47533458217150804,-0.7527983802556135
202,0.053381476706061665,-0.47404465755728675,-0.7513073226284057
203,0.04887753959309966,-0.47276149295337944,-0.749817219723778
204,0.051106098055888866,-0.4714900086852356,-0.7483273028742523
205,0.06292361294097323,-0.47023072751041295,-0.7468371720378899
206,0.0815836914336378,-0.4689800361611145,-0.7453469280531764
207,0.09619414301460977,-0.46773202411087134,-0.7438571655447968
208,0.10156624527062919,-0.4664810220898168,-0.7423688140514897
209,0.09931898524632687,-0.4652237740342835,-0.7408828607891895
210,0.09148896249707969,-0.46396042492115996,-0.7394000322853431
211,0.08237441975859838,-0.4626940571551055,-0.7379205368309407
212,0.07732411966435127,-0.46142911430486633,-0.7364439619823229
213,0.07963590394333875,-0.46016946349370214,-0.7349693778232664
214,0.0896262847889058,-0.45891691840051196,-0.7334956283417327
215,0.10469533502068329,-0.4576707737835999,-0.7320217230787163
216,0.12049606471833257,-0.45642843053756077,-0.7305471959237926
217,0.13305194552567473,-0.45518673154339884,-0.7290722982762861
218,0.13813429712963243,-0.4539433700756639,-0.7275979444503868
219,0.13443204236653283,-0.45269776454802946,-0.7261254132203696
220,0.1320981193287865,-0.45136864666734255,-0.7246559008233651
221,0.16194223172363936,-0.45000268780161035,-0.7231900825340303
222,0.20181157956518414,-0.44880493760880413,-0.7217278459597443
223,0.18622873114936994,-0.44769378247564395,-0.7202683035489628
224,0.14365042083256246,-0.44650226774868007,-0.7188100921126981
225,0.13295214442037218,-0.445254146358282,-0.7173518593641324
226,0.1473352796530379,-0.44400097695542495,-0.7158927627181799
227,0.16151651586098004,-0.4427647978729723,-0.7144327940768889
228,0.16599728993728824,-0.44154412793615627,-0.7129728033066589
229,0.16025732293032807,-0.44033035477388527,-0.7115142026959769
230,0.14726963049461556,-0.43911601985549176,-0.7100584546267981
231,0.1341245795693673,-0.4378966343209476,-0.7086065294106063
232,0.1279534567325935,-0.43667057078587046,-0.707158536213482
233,0.13005156064437573,-0.4354388094571924,-0.7057136692788821
234,0.13555182956789502,-0.43420444093399535,-0.7042704953889005
235,0.14297863013598572,-0.4329716533798176,-0.7028143633505046
236,0.15184691369433406,-0.4317443735461268,-0.7013387489430905
237,0.15816087860186995,-0.4305250188485823,-0.699868845352829
238,0.15844688082827874,-0.42931379135978154,-0.6984177111786622
239,0.15228150162702114,-0.4281087246284154,-0.6969774550721748
240,0.14248354704404875,-0.42690642514499877,-0.6955435721453258
241,0.13330853357017247,-0.42570323130433296,-0.6941142712022053
242,0.12773041406415636,-0.42449640205471395,-0.6926892289581794
243,0.12532224771438127,-0.4232849608312095,-0.6912551674359764
244,0.12541741491755715,-0.42206994464947667,-0.6898057269728466
245,0.1277555632393479,-0.4208540029412253,-0.688364425465325
246,0.129707093482887,-0.4196404942923697,-0.6869411587631724
247,0.13017751500319236,-0.41843238024539486,-0.6855244910277192
248,0.12878044083540413,-0.4172312709253738,-0.6841073487463663
249,0.12427384052358165,-0.4160369241931443,-0.682687383856545
250,0.12260486927753617,-0.41484735337415524,-0.6812660160507438
251,0.1517460291972662,-0.41365950253131434,-0.6798465462566163
252,0.21289818497674579,-0.4124702674271792,-0.678432027608002
253,0.23016557824502765,-0.4112775282168053,-0.6770236305913842
254,0.17191854632968828,-0.4100808533074636,-0.6756200247746562
255,0.11106434212385541,-0.40888163993331905,-0.6742179032974696
0,0.0931927626753295,-0.40768264082703265,-0.6728133498537388
1,0.09665044934818445,-0.4064870302263064,-0.6714034511471738
2,0.09600053870263442,-0.4052973212516806,-0.669987497775268
3,0.0849854897132028,-0.4041145022278454,-0.6685673071217111
4,0.06594004144856405,-0.4029376898954071,-0.6671465613378156
5,0.042518209844737045,-0.40176442581282723,-0.6657294391869302
6,0.0234582823571705,-0.4005915224204133,-0.6643190845425109
7,0.01609819097781167,-0.3994161710692017,-0.6629165005503668
8,0.018145477992000142,-0.39823692740920014,-0.6615202773306992
9,0.024000590121204063,-0.3970542263780985,-0.6601272302065933
10,0.028830532909194684,-0.3957878053692552,-0.6587336765913128
11,0.027822258936863034,-0.3944853243982669,-0.6573368466875877
12,0.01829760211603476,-0.3933528099990391,-0.655935890801651
13,-0.0009755510870837064,-0.39230948709499236,-0.6545321190576319
14,-0.027503955275669484,-0.39118881019848994,-0.6531284142047664
15,-0.05321717400497661,-0.3900141726534172,-0.6517280737144271
16,-0.07193537077940562,-0.38883582955384033,-0.6503335431532318
17,-0.08237525252062283,-0.3876737510369006,-0.6489455250533254
18,-0.08585704283039494,-0.3865242057804126,-0.6475627848920558
19,-0.08561518805149132,-0.3853769804659688,-0.646182698046387
20,-0.08549860751185834,-0.38422442299787263,-0.6448022988945072
21,-0.08903038434123478,-0.3830635862327558,-0.6434194132429278
22,-0.09839286680597131,-0.38181335744213185,-0.6420334420127876
23,-0.11314781990319644,-0.3805226284923975,-0.6406455152975425
24,-0.1258325404125187,-0.3794000833290583,-0.6392579869586374
25,-0.10791605669058435,-0.3783679905268681,-0.6378734909872625
26,-0.08101165686123282,-0.3772620718214502,-0.6364939365477797
27,-0.11154212664906571,-0.3760239650673648,-0.6351198242437273
28,-0.16980800567535603,-0.3747473972069755,-0.6337501264653096
29,-0.19521784329338748,-0.3736531630372617,-0.6323827496766776
30,-0.19412843102636768,-0.37265259484495017,-0.63101537547674
31,-0.19150397351725423,-0.37156742246613916,-0.6296463439934139
32,-0.19973775348713885,-0.3704150664408049,-0.6282752440153689
33,-0.2182786616594825,-0.36924698630538866,-0.626903002140148
34,-0.24143096301631506,-0.36808942724392424,-0.6255314633265119
35,-0.2630910137662993,-0.36694684635212393,-0.6241626478849034
36,-0.2787116166987845,-0.36581590407530884,-0.6227979825308643
37,-0.28641290651497786,-0.3646919835672584,-0.6214377970251104
38,-0.2875974024258894,-0.3635702954038935,-0.6200812617329594
39,-0.2861680702225339,-0.36244626787587686,-0.6187267651297654
40,-0.28620444276360235,-0.36131671291674616,-0.6173725640404089
41,-0.29089567346761114,-0.36018103993759165,-0.6160174457768723
42,-0.3018532343898255,-0.3590415550146291,-0.6146611517256118
43,-0.3181339258367366,-0.3579025554153811,-0.6133044166604973
44,-0.3366802286226629,-0.35676861012168526,-0.6119486318710508
45,-0.35398190817804265,-0.35564276449799315,-0.6105952819341589
46,-0.36564428270049065,-0.35452539212017264,-0.6092453815114283
47,-0.37115395140852825,-0.3534141244346425,-0.6078991245623979
48,-0.3755004013317731,-0.35230485034405334,-0.6065558648889278
49,-0.3800087357812798,-0.3511933625417536,-0.6052144141265783
50,-0.384179159652299,-0.35007699163434824,-0.6038735239952797
51,-0.3904687327750016,-0.3489555936671943,-0.6025323586402385
52,-0.3992067487674127,-0.34783152793434935,-0.6011907794640361
53,-0.4091327388174344,-0.3467086652938953,-0.5998493476689524
54,-0.41643670786712284,-0.3455908413547829,-0.5985090631411423
55,-0.39620499927644237,-0.34448037287131816,-0.5971709568939851
56,-0.34648989145241893,-0.34337721063144466,-0.5958357015429148
57,-0.3384009046216986,-0.342279035750507,-0.5945033857889146
58,-0.4000502781434474,-0.3411822314411508,-0.5931735260387134
59,-0.46072125360646776,-0.34008332447130907,-0.5918452929575746
60,-0.47840925065515805,-0.33898032207668616,-0.5905178506946116
61,-0.47589316532181103,-0.3378734303734223,-0.5891906714390724
62,-0.4778417865957192,-0.33676489731834447,-0.5878637080645597
63,-0.49069050505609657,-0.3356580720645952,-0.5865373707543307
64,-0.5121324613987261,-0.33455607244795316,-0.5852123326278609
65,-0.5356077550540059,-0.3334605897218944,-0.5838892526033945
66,-0.5514697215259661,-0.332371288045602,-0.5825685280252448
67,-0.5551736621708443,-0.3312860090036074,-0.5812501688018097
68,-0.5513352168050016,-0.3302016723745306,-0.5799338303181956
69,-0.5442926203090837,-0.3291154989557403,-0.5786189781715139
70,-0.5369063102153109,-0.3280260703084039,-0.5773051094402293
71,-0.5359351108446377,-0.32693382239252466,-0.5759919402063762
72,-0.5436295536059412,-0.3258408041712768,-0.5746794904105912
73,-0.5568900594598449,-0.3247498233348275,-0.5733680433701314
74,-0.5724951695320615,-0.32366333350234244,-0.5720580081840156
75,-0.5849241617187049,-0.32258250256378806,-0.570749748359576
76,-0.5919702805951859,-0.3215068150467225,-0.5694434470239405
77,-0.5944247075347113,-0.32043434056366826,-0.5681390576541838
78,-0.5920675405995728,-0.31936253667671244,-0.5668363504129008
79,-0.5867741439493195,-0.3182892541001453,-0.5655350251702553
80,-0.5819376660313611,-0.31721354774446153,-0.5642348386964358
81,-0.5809667080324006,-0.31613598845467605,-0.5629356933371059
82,-0.5838928402613852,-0.3150583765629894,-0.5616376557476104
83,-0.590929458900735,-0.31398299336443103,-0.560340906253457
84,-0.5971948980260318,-0.3045034897494173,-0.5590325311998503
85,-0.5730139285118809,-0.2096341964813856,-0.5577072088051553
86,-0.5389273794733491,0.06375540558860149,-0.5563903496921596
87,-0.5570102696981538,0.44423393935871924,-0.5550941731625112
88,-0.5981746957391747,0.7680145081191597,-0.5538092214963284
89,-0.6109272923047748,0.9752895825606156,-0.5525292975144598
90,-0.6037528715084239,1.0984913992978385,-0.551251432847141
91,-0.5972717377748518,1.1829599330420333,-0.5499750793697693
92,-0.5990284488533952,1.2699443855202963,-0.5487008737604293
93,-0.6071254284374001,1.3853055694295584,-0.5474294187052584
94,-0.6183031096490761,1.5334800520830383,-0.5461604738615227
95,-0.6281575642420065,1.6662339319950847,-0.5448927703129458
96,-0.6328037252898793,1.704676500595462,-0.5436244197737443
97,-0.630420762429309,1.6561562351722454,-0.5423536735977501
98,-0.621840521369472,1.5965094643365232,-0.5410796748193318
99,-0.6104806008346102,1.5747688963537048,-0.5398028756510733
100,-0.6005302735105382,1.5954558027950219,-0.5385249452748075
101,-0.5950488645626859,1.6405524671121556,-0.5372482048021323
102,-0.5953984422236849,1.6897481122210003,-0.5359748141765657
103,-0.6008308052999447,1.724242147376648,-0.534706028368398
104,-0.608537224605348,1.7312728891040763,-0.5334418055992378
105,-0.6149270034979588,1.7087585069029094,-0.5321809070358152
106,-0.6175037929504155,1.6655888069434752,-0.5309214349648981
107,-0.6153831356488835,1.6180881086385033,-0.5296615907346587
108,-0.6092978598561636,1.5815342454757237,-0.528400357655441
109,-0.6015064151111111,1.5680385018359773,-0.5271378538358455
110,-0.5947295066307654,1.583837660670727,-0.5258752356481149
111,-0.5910552100903297,1.6198672137103456,-0.5246142084097343
112,-0.5911296489854283,1.658380141447867,-0.523356348271037
113,-0.5942234958350976,1.6844002678275203,-0.5221025026654444
114,-0.5936689619702771,1.687213906259422,-0.5208393783364635
115,-0.5650055369182658,1.661531140348167,-0.5195604243503089
116,-0.5073944136430295,1.616290959134484,-0.5182894750675644
117,-0.4886125951698035,1.5757915247079586,-0.5170374294362068
118,-0.5382262847926347,1.5576622646656597,-0.5157942384163465
119,-0.5889371561134733,1.5600138888097828,-0.5145540173249239
120,-0.5978523299149672,1.5750184169448964,-0.5133148433480526
121,-0.5859244686880964,1.5981318671569928,-0.512077515092175
122,-0.5788012624432015,1.623705844801636,-0.510843800744534
123,-0.5841895036542222,1.6429587740636054,-0.5096148154190914
124,-0.5973499900981731,1.6480311096496223,-0.5083900634676985
125,-0.6106406948037275,1.6365225590136303,-0.5071673980818985
126,-0.6179902557619226,1.6127841211863077,-0.5059437961626807
127,-0.6167103835482446,1.5856263797320356,-0.5047165531013946
128,-0.6078676760755295,1.5641391148710495,-0.5034843744074362
129,-0.5948605694883418,1.5548276949806468,-0.5022479174854027
130,-0.5823364052758819,1.5599381690796825,-0.5010095776255346
131,-0.5746406184734831,1.5760163777908538,-0.49977261795473793
132,-0.5739314726007021,1.5934235627577236,-0.4985399943630944
133,-0.5796158680903332,1.603022005411325,-0.4973133308150708
134,-0.5871375904172718,1.604364072282741,-0.49609242550051147
135,-0.5918358827124004,1.597198596171971,-0.49487545109018294
136,-0.5934557428611433,1.5807311176129604,-0.4936597428556937
137,-0.5916735341021186,1.5606272648349284,-0.4924428516369088
138,-0.585394041172852,1.5442649549883667,-0.4912234543768157
139,-0.5761117372839315,1.5385731651214396,-0.4900017889448143
140,-0.56685943788009,1.54398189362576,-0.4887794763019542
141,-0.5589235493585842,1.5551341337127513,-0.48755883095769903
142,-0.5535962083166721,1.5671921278342746,-0.48634194813750065
143,-0.5542313112160204,1.5755494388305897,-0.4851299244801026
144,-0.5533596934348348,1.575410130164637,-0.48392249881692506
145,-0.5198755573943818,1.560343049379207,-0.48271822495952654
146,-0.47788411925272656,1.539724187517315,-0.48151508109459096
147,-0.49234105702957076,1.530275386215255,-0.4803112608053919
148,-0.5314043421464703,1.5273663297274904,-0.4791058368395389
149,-0.5405206510347604,1.5253210235940546,-0.477899054939243
150,-0.5284883324673753,1.526581391789744,-0.47669216910695256
151,-0.5147156399997526,1.5309567642589261,-0.47548690820155515
152,-0.5085806910123714,1.5355827997709648,-0.47428479763535125
153,-0.5112678239535751,1.5371996190033643,-0.4730866008035417
154,-0.518439219803672,1.5381330709337302,-0.4718920830472202
155,-0.5258840618088774,1.537528455432943,-0.47070016624850686
156,-0.5298554627975887,1.5299609537185939,-0.4694962733346004
157,-0.5271410339773375,1.519643846135792,-0.4682736761086268
158,-0.5166610601010371,1.5117648779453345,-0.4670571466102642
159,-0.500986644058103,1.5044657454786021,-0.46585921019540066
160,-0.4876803295373029,1.5012539123589752,-0.46467146219890165
161,-0.48180667320260717,1.5035588938482265,-0.4634890399931437
162,-0.48305716117009156,1.5068197545510311,-0.4623100587937661
163,-0.48928492818055513,1.5093342878886373,-0.4611344137547011
164,-0.4956314750055344,1.5086643217121725,-0.45996243564390427
165,-0.4979480460118175,1.5064505623075348,-0.45879386071492356
166,-0.49696736890746007,1.5041877710700877,-0.45762740813213343
167,-0.49183581889571903,1.4996682403915935,-0.45646101095415026
168,-0.48163110790274444,1.495489555182858,-0.45529250734878435
169,-0.46924719168088913,1.4925247382331053,-0.45412045001809576
170,-0.4560183672753759,1.4895256125238845,-0.4529446797421106
171,-0.44360054071692745,1.4857362295137646,-0.45176642795216604
172,-0.43610402268893833,1.4809268554170534,-0.450587910927142
173,-0.43409909409397174,1.4797283162696777,-0.44941157660481723
174,-0.4273724519789849,1.4818760012102117,-0.44823929087116676
175,-0.386535338372751,1.4773484801679606,-0.4470717614203097
176,-0.3291085939171331,1.4681927063096003,-0.44590839660179027
177,-0.3239332064381367,1.4674859259570887,-0.4447476281086946
178,-0.3575690742051092,1.4710938307679005,-0.44358755601834643
179,-0.3692594050879491,1.4679462115902928,-0.44242666555803756
180,-0.35364018156962596,1.462291761241155,-0.4412643536827201
181,-0.33291352881969494,1.4592130370558793,-0.44010108845746054
182,-0.31893826391638436,1.4555778775936705,-0.43893816843697797
183,-0.31177568714811954,1.452011591020335,-0.43777719610171073
184,-0.3098120906584887,1.4527885167773444,-0.4366194754412951
185,-0.3090274865194246,1.4573914780220694,-0.4354655572448607
186,-0.3036980207580493,1.4588813758684838,-0.43431508682593245
187,-0.29156972729606934,1.455765342153307,-0.433166988783491
188,-0.2739262697250975,1.4537115021589777,-0.4320198990782469
189,-0.25397931428277,1.4522779616383952,-0.430872671519682
190,-0.23545720162365025,1.4470913657402358,-0.42972477118195296
191,-0.2229441295702993,1.438365160946815,-0.4285764215131329
192,-0.21689394969765574,1.430893342067654,-0.4274284702665603
193,-0.2138772696526684,1.427306002318169,-0.42628204291672844
194,-0.21344130725402216,1.4262996211797758,-0.42513812322097855
195,-0.21088040892221693,1.4264153773782158,-0.42398409918597757
196,-0.20085733092697294,1.4283071572821324,-0.422814395667374
197,-0.18635745106413404,1.4319916818062346,-0.42165375237279723
198,-0.1705552178352958,1.433692853933855,-0.42051356209014723
199,-0.15408733596179047,1.429798894524494,-0.4193836711183274
200,-0.13851361904306903,1.4228734881163456,-0.4182575305264493
201,-0.12573410146057695,1.4171355338133864,-0.4171322443235361
202,-0.11655716141627598,1.4112031019765645,-0.41600769649321534
203,-0.11029882696267371,1.4055846390401396,-0.41488514394678044
204,-0.10029747204720921,1.3978662832592845,-0.4137657851409
205,-0.0707751798904395,1.385116329832675,-0.4126497680437975
206,-0.019940806365628144,1.3809107116288835,-0.41153590374244287
207,0.03185311431537735,1.3931319719808024,-0.41042207798379393
208,0.04007491729835366,1.4067314322844733,-0.40930610366607767
209,-0.013193182239363804,1.4091413224829057,-0.4081866207241698
210,-0.06420842553796463,1.4019429301365234,-0.4070636680429487
211,-0.07170869113281164,1.3914612200536238,-0.40592559127335437
212,-0.06174225099147118,1.3841383368889844,-0.4045069671922703
213,-0.059247282539394486,1.381865394091908,-0.40218865354010824
214,-0.07117026528626125,1.3822368065555737,-0.39900622147876175
215,-0.09198203664838733,1.3846427500559826,-0.3961285279033844
216,-0.10819581868521899,1.3869862893283043,-0.39437438832853267
217,-0.11281514511724833,1.3864521108250853,-0.3934815342060831
218,-0.10961837504050503,1.3853222636252083,-0.3924288523951571
219,-0.10053798920414797,1.3821403057683361,-0.38969485005631355
220,-0.08886642722437953,1.3760913285893053,-0.38392426864339657
221,-0.08080163458421585,1.3708798917343339,-0.3739872265452753
222,-0.0781280521227503,1.3656635217142705,-0.36027014659291445
223,-0.08293354089544376,1.3610567413303643,-0.34537624150281565
224,-0.09628577573423713,1.3591865314920795,-0.33166217833967904
225,-0.11196527338469481,1.3589917251036012,-0.32055423307701125
226,-0.12329647003866967,1.3605785408530737,-0.3129606483863566
227,-0.1282454701973142,1.3637472098858097,-0.30891388239133566
228,-0.1282394455656894,1.363170331020457,-0.3078870520907693
229,-0.12327437488232512,1.356563599500587,-0.30809692869254157
230,-0.11374271845017486,1.3493175091224114,-0.3062014964186256
231,-0.105849311456929,1.3446126995060719,-0.2999938992331187
232,-0.10305596914325016,1.341424536601051,-0.29066438516588156
233,-0.10478785054898604,1.3389914350073275,-0.2807701604535766
234,-0.10567143983763563,1.3323495384783346,-0.2718059395903978
235,-0.10345086741554191,1.32571063078738,-0.26493998326710244
236,-0.10929602834012336,1.329915292005952,-0.261186541290201
237,-0.12489325492139958,1.3356875041309553,-0.2600030948187644
238,-0.137749059622638,1.3360100406106943,-0.25947242819649574
239,-0.1406518750331252,1.334319247040844,-0.2581327029348899
240,-0.13679438263711624,1.3309139127501481,-0.255242036501381
241,-0.13343843271743377,1.3289555641819746,-0.2502437909474804
242,-0.13471056229507528,1.326738036746657,-0.24366551722186391
243,-0.14150605191969007,1.322928394647359,-0.23684242938337385
244,-0.15243743498197815,1.3206469466874453,-0.23068564434176964
245,-0.16449813590703155,1.318155535745805,-0.22581978425367044
246,-0.1750006409720346,1.3150731028822893,-0.22251767655703925
247,-0.1822990614240242,1.3130059256499713,-0.21998152377861563
248,-0.18554389604546484,1.3111531168068864,-0.21724788374899284
249,-0.1853236921159287,1.3085786579284133,-0.2146202606656375
250,-0.18223952462630366,1.3050240656872076,-0.21239800172814505
251,-0.17963681315560598,1.3010021047639366,-0.20982385987752927
252,-0.18137129513842076,1.297444927253507,-0.20669703051872368
253,-0.18562570522046096,1.2949570514483582,-0.20329637060606887
254,-0.19006689784271152,1.2934440473777098,-0.1991849142641683
255,-0.19427499876986326,1.2925777407148153,-0.1942488235025217
0,-0.19929583293308467,1.291985230494093,-0.1890689554131798
1,-0.20489606024815538,1.2911802027776158,-0.18385149999115658
2,-0.20708587173423376,1.2897011764640638,-0.1784524478537089
3,-0.2046406535714138,1.287218046257987,-0.17324046483011762
4,-0.20045830598133718,1.283850502465162,-0.16846359095704816
5,-0.19547153629710012,1.280179813947961,-0.16342775755942918
6,-0.1900683679489813,1.2766708487063108,-0.15811621195385783
7,-0.18753893743971412,1.2735963007522817,-0.15353514291396242
8,-0.18371950655291347,1.2663073566643681,-0.1496279183799688
9,-0.15874737359710245,1.257762461864834,-0.1454006810627827
10,-0.11064141335422828,1.259953423874208,-0.14063423243994233
11,-0.06373535092624633,1.2687068313896939,-0.135496690448893
12,-0.03406268143818264,1.2674629642767714,-0.13027184109999107
13,-0.05171704335383048,1.2578730814140555,-0.1251548212760823
14,-0.1187429891916638,1.256187074442015,-0.1195902813689248
15,-0.1691410793601119,1.2583287990710352,-0.11336718199978474
16,-0.174627415434309,1.2574510206710814,-0.10723521467741415
17,-0.16628916627597404,1.2581988377481337,-0.10214334133772779
18,-0.16787934837433754,1.2576948458266708,-0.09778212465630326
19,-0.18165325389664422,1.2531853011671044,-0.09289001555086979
20,-0.19927457077715605,1.248903195670258,-0.08742314673759868
21,-0.2120905369118764,1.2474297931599159,-0.08150871734522164
22,-0.21497874636545122,1.2467704270002438,-0.07452615840654342
23,-0.20728271833229672,1.246526368772194,-0.06702611911953855
24,-0.19254522213870762,1.2471361875512241,-0.059808394234985816
25,-0.178295807783433,1.244488912430533,-0.0526628538989318
26,-0.17097103873585845,1.238662293167367,-0.045914238757465614
27,-0.17112411082917905,1.2343568298098586,-0.03984342159012094
28,-0.17767399727200456,1.2307708709871865,-0.033463666512061785
29,-0.18938703727033157,1.2295550146620733,-0.025835225620281788
30,-0.20269080358513525,1.2313063191321656,-0.01689386737246848
31,-0.2126828431430039,1.2320480240280314,-0.00713319149665298
32,-0.21558240663809203,1.2308502290424044,0.0026739527569077937
33,-0.21049754507005936,1.2265463886402617,0.011810965232651904
34,-0.1996830817745021,1.2205890889200162,0.019733071759175463
35,-0.189073900529044,1.2174523997448756,0.026349605202872356
36,-0.18375924702614582,1.2177571919602292,0.03162018316337138
37,-0.18369283906913286,1.2164415676211213,0.035536382078372356
38,-0.18134309556190048,1.211204961894555,0.039328123287626554
39,-0.15160586847455637,1.2018301984622015,0.04440190600773178
40,-0.12043829987264332,1.1934022177537447,0.05101890129389994
41,-0.14908006773453086,1.1960270254112517,0.05903063144844495
42,-0.2011905311994982,1.2027412851005521,0.06808304374627294
43,-0.2187804872989783,1.2030715292067713,0.07680413908086137
44,-0.21002176210786777,1.2004320108158861,0.0837841165607236
45,-0.19614409890555912,1.197587995379675,0.0893408159543197
46,-0.1886614721924057,1.1926980545433499,0.09394326760758429
47,-0.19082550169815626,1.1895130675499446,0.09724092706557252
48,-0.2020998707849866,1.190145778142405,0.0999479368251581
49,-0.21873610714930591,1.1896271515195291,0.10324617088616242
50,-0.2323129071470429,1.1876081158703866,0.10758808448892365
51,-0.23713218058259056,1.186001495819129,0.11344289585683032
52,-0.23520017388298442,1.1841285342631145,0.1205251987742948
53,-0.23025536163240168,1.1811796925467748,0.12729723748810612
54,-0.22436935889296272,1.1771096027166617,0.13285329343470748
55,-0.22035081030670067,1.1743830759731981,0.137512737604434
56,-0.21956056425711512,1.1729908440205916,0.1414418563498292
57,-0.22417866453354707,1.1695326111302466,0.14462209567401463
58,-0.23524510201410231,1.1658523909954064,0.14753884736667472
59,-0.24715788679970585,1.1664566907700569,0.1508585362432488
60,-0.25662098105125486,1.169165210820859,0.15503278106172141
61,-0.2633020509491816,1.169730883775689,0.16029931903477962
62,-0.2654352997784686,1.167959791691,0.1665652193140446
63,-0.2635671078263837,1.1630865726345987,0.17297784671201188
64,-0.2605449757091226,1.1568925208196865,0.17871909753524712
65,-0.2591941523449892,1.1540557532816997,0.18416199724797944
66,-0.2614721424308727,1.1533693895677217,0.18972331662489644
67,-0.2679872041676814,1.1503420090880208,0.19564655487098187
68,-0.2709059670651538,1.146324588438501,0.20295954635298025
69,-0.24340471683961085,1.1393889935079047,0.21187372539979027
70,-0.1866964074354558,1.1266984819891879,0.2208725886118622
71,-0.16560147590773444,1.1233193658552616,0.22794132223016772
72,-0.21202166055675042,1.1361348091759558,0.23188877266625973
73,-0.27318326951521155,1.1452549227576596,0.2325337503746504
74,-0.29771036036841236,1.1419008392420178,0.2310021556520251
75,-0.2906681417386383,1.1368486177475576,0.22946497939941524
76,-0.2810893374671375,1.1349448328001972,0.22884931043065715
77,-0.2856698195099031,1.134841369986491,0.22901487440259893
78,-0.3041420559101844,1.1339924304750677,0.2303192781852692
79,-0.3250955074741195,1.1307747681378104,0.23288318247348405
80,-0.33826520193257126,1.1277461434270752,0.23594608422787056
81,-0.34022346778360124,1.1259231011647692,0.2396481480934275
82,-0.33363251725595167,1.1234374697594176,0.24454032015640592
83,-0.32345642321108725,1.1208843365160304,0.2491776783463463
84,-0.3134905736915309,1.1195685326974085,0.2521862319935484
85,-0.30772099468936676,1.1161272500461439,0.2541761424926815
86,-0.3078138921053549,1.1110580648052286,0.25547138228360644
87,-0.31396779937065666,1.10886369834886,0.2557728211469744
88,-0.32537617457460577,1.1094578223040301,0.2560981164524039
89,-0.33794543827819246,1.1109459000133128,0.2573029725159578
90,-0.34663145908534987,1.110089982428745,0.2591026767516872
91,-0.34976793786444005,1.1067684684778665,0.26169045198804974
92,-0.3476941803350099,1.1046449861553862,0.2654239276365149
93,-0.33962858127045104,1.1025739219014286,0.2698862672182567
94,-0.32835169897417893,1.0984143886710713,0.27444289520739695
95,-0.31994679970077156,1.0939305354117628,0.2788379460298075
96,-0.31807589975491113,1.0908382714838418,0.28257165193606637
97,-0.3227905347941098,1.0911921875938733,0.2850991636811656
98,-0.32501614930382916,1.0920905021654592,0.28726070189370756
99,-0.31609442419957523,1.0895993055158977,0.2904008724871554
100,-0.31140905251718676,1.0882704245609673,0.2944866329733311
101,-0.32211943163384504,1.0904020516727884,0.298710049132604
102,-0.3300900948918537,1.0911159231038368,0.30294858833372873
103,-0.3243310016415034,1.0863417199113723,0.3074665548194365
104,-0.3130396904952173,1.0792811295996807,0.312094516088153
105,-0.30511487505582524,1.0745147466076208,0.3165828893766176
106,-0.30279662058020484,1.0719241336885337,0.32014542549722336
107,-0.30449196329626704,1.0707758848387283,0.32186856658892327
108,-0.3100417813643711,1.0689082397874392,0.3221906463508105
109,-0.31721698580841273,1.0665303732909481,0.3217661967424633
110,-0.31948551955394855,1.06536281047683,0.3206124134217606
111,-0.313619980465791,1.0640228532122826,0.3191728637973812
112,-0.30385610682373443,1.0613820263586509,0.31803339933948516
113,-0.2946339246696993,1.057583211061477,0.3167506679511318
114,-0.28928860164107517,1.0536713615202462,0.3148454332504731
115,-0.289885637429837,1.0504866920236848,0.31283461583218597
116,-0.2935595731208458,1.0482907400010615,0.3106720660322897
117,-0.29811151137229497,1.048729759821565,0.30778031781068727
118,-0.30198169413837295,1.0521460737735042,0.3046748969233125
119,-0.3029918094385662,1.0531571229255352,0.30191847349120793
120,-0.3024054481173666,1.0488696334785264,0.2992939588899247
121,-0.3008657553931977,1.0453287617948472,0.2967402319442163
122,-0.2970444230248662,1.0445765982669055,0.2945640838725194
123,-0.2931673134656716,1.043037748103783,0.29269004295056567
124,-0.2917975334996129,1.040193726781069,0.29075890241644853
125,-0.29148947669407854,1.0370211904879971,0.2890120281573486
126,-0.29179178713299925,1.034498484669728,0.2870072804089234
127,-0.29405802028251493,1.0311358494734608,0.28371749257390766
128,-0.2913274695326512,1.0225570770202035,0.27968447815776765
129,-0.26544711646504004,1.015344048081002,0.275834565508398
130,-0.23354451446486924,1.0211960301712808,0.2724703683663311
131,-0.23841611033194454,1.028771481814788,0.27048686558642665
132,-0.2708602014922874,1.025647756483636,0.27074883255723303
133,-0.29457230341739615,1.018682554182674,0.27248221793270844
134,-0.2980298744461435,1.0141365287911173,0.27412541329407725
135,-0.2929715235521705,1.0137172825542886,0.275163261570725
136,-0.2942766659510121,1.015169251947495,0.2756700684593024
137,-0.30278772426540035,1.015195746987271,0.2757355315395359
138,-0.3133397804757698,1.0156024177965124,0.2758369023408679
139,-0.32392041624542245,1.0161964709944304,0.27605631132024433
140,-0.3325854943591372,1.0132381139050102,0.27585475299912576
141,-0.33628314678200866,1.0085148259185268,0.27548625731222054
142,-0.3347996230238147,1.0054185131710538,0.27566234763373665
143,-0.3302816574006422,1.0032257433184153,0.27604558944248514
144,-0.3261435483058013,1.001085309402947,0.2765753178710647
145,-0.3244377073901904,0.9974288986060436,0.278086834501587
146,-0.3276267334774534,0.9933230612007593,0.2801803590015708
147,-0.33689534273606725,0.9910856412409572,0.28178450556466994
148,-0.3473180610627533,0.9911974042508298,0.2830519722066832
149,-0.35583945676775675,0.9916427358691622,0.2844955036781597
150,-0.3622332385829188,0.9884450057890688,0.28625419304207944
151,-0.36356603601712945,0.983664000244659,0.28850829077232076
152,-0.3590039467846684,0.98070145508219,0.29103433281626434
153,-0.35198246026574365,0.9790922679593415,0.2930331408818564
154,-0.34777754317985865,0.9778604951678065,0.29377638336377765
155,-0.34914782654543064,0.9764071324459143,0.29315352484105706
156,-0.35314004090839224,0.9761866283114804,0.2916067633746239
157,-0.35704636144670676,0.9764569368312488,0.28995639953968766
158,-0.35430069202045056,0.968429559163615,0.2889893782897168
159,-0.327966740935813,0.9565079190507166,0.288844091466138
160,-0.27861838417220774,0.9560790101891405,0.2896480243083893
161,-0.2516038456606847,0.9633808246385218,0.2918497993187731
162,-0.2795345917505684,0.968478200048565,0.29534582763641104
163,-0.32427059406382963,0.9692526855789434,0.29915241024323247
164,-0.34063816744385733,0.965500188196696,0.3021884885528915
165,-0.33358164324731654,0.9594756998604375,0.303815410029013
166,-0.3245124750914262,0.9569228972735218,0.3033518891536253
167,-0.3232764536285251,0.9580186045779802,0.3002650084169697
168,-0.33129291151261375,0.9564517548626674,0.2947552629554143
169,-0.341829486395828,0.9523830830254054,0.2873781686813638
170,-0.3463145166454822,0.9488902724253601,0.27867705056095393
171,-0.34358208925075173,0.9458462288606002,0.26897063987433967
172,-0.33548944128578484,0.9444465148357715,0.25862433637737636
173,-0.3220992898619085,0.9440963649473648,0.24855626838740663
174,-0.30615230517026737,0.9428788606561014,0.23992569001229702
175,-0.2950745799043395,0.9415985328435603,0.23323119809848647
176,-0.29276278708775316,0.9392757694458136,0.22765285935552415
177,-0.29588710824885944,0.9364209195403048,0.22203836100455043
178,-0.3006575984746298,0.9346703789534812,0.21677391753084263
179,-0.30645348746804146,0.9346542301196639,0.21246452485342493
180,-0.31134413951540085,0.9346217451994816,0.20822864405800223
181,-0.3118717676104179,0.9304882243927706,0.20388105429019865
182,-0.30683580935677923,0.9245832777953451,0.20067648102970193
183,-0.2980475942492059,0.9225394037855739,0.19892153888841724
184,-0.2891601070732961,0.9231920207686222,0.1974047652507997
185,-0.2832791082295333,0.9216038554411625,0.1952596198341766
186,-0.2820050069265907,0.918818444498906,0.19236912862891092
187,-0.2854426853861972,0.9174473471187294,0.1890865612915894
188,-0.28693756603963194,0.9165025971962013,0.1864056478880619
189,-0.2579904973755912,0.9098956085570626,0.18479880773842539
190,-0.22160019872526382,0.9015907869230855,0.18393641587031528
191,-0.24358787162360118,0.904899120872821,0.1840994155584048
192,-0.29086028130674624,0.9107245944719109,0.1856150374381551
193,-0.30609396869824446,0.9091060029875919,0.1878170595516262
194,-0.2991210211039457,0.9058118555369563,0.19084486093079533
195,-0.29048052240401867,0.9040128575302,0.19543370104777058
196,-0.28965029671814535,0.9054216063636176,0.2007592639606064
197,-0.29737005357445756,0.9081284396126921,0.20626849515128842
198,-0.3094646762861599,0.9087322340413424,0.21309539148975287
199,-0.32055048743875947,0.9055624629416679,0.22140453434384033
200,-0.32571141565968365,0.8986736928809442,0.22984495680907868
201,-0.3247480631623033,0.8920382772475897,0.23789219327592248
202,-0.3202046968266997,0.8879506078571748,0.2461140807854466
203,-0.3121122130161238,0.8869457927930968,0.2546709481357251
204,-0.30271698637717903,0.8870934364726524,0.2633663447756407
205,-0.29728858453796314,0.8843505936418423,0.27232166892316323
206,-0.2985825100131494,0.8807045378810843,0.2810883613329873
207,-0.3056015587702098,0.8792500746635814,0.2886221689953862
208,-0.3147352353852354,0.8804772184240668,0.29519171155136037
209,-0.32204387975193594,0.8837222917429073,0.3017920819093466
210,-0.32491021872399894,0.8835835053328851,0.30809969126864845
211,-0.3223662688704986,0.8776471566924653,0.3138440282567756
212,-0.31701338199970663,0.8710995218994642,0.3192110258169968
213,-0.3123057094454261,0.869198887922066,0.3234414637717399
214,-0.30826331490010217,0.8701030090247599,0.32635429390200654
215,-0.30572518802544646,0.8696257913090149,0.3291055813234125
216,-0.30700882180466105,0.8695929168103,0.33270634508343
217,-0.3135510407635631,0.8686942777651683,0.33759004549141014
218,-0.31876976453606043,0.8641694776995585,0.3439113979091384
219,-0.292986650751917,0.8563943292617697,0.3514889753466247
220,-0.23443983464681428,0.8459686519340237,0.3595750133724588
221,-0.20937172275597826,0.8414131343076141,0.36771073532944154
222,-0.25058403875976,0.8463597785369954,0.37597846737076235
223,-0.30634639091293514,0.8505685387143171,0.38375248612719315
224,-0.32888291821972604,0.8489171847021786,0.3905409665771017
225,-0.3239512328230306,0.8467913776355331,0.3972318458630556
226,-0.3191883110891187,0.8464411084137162,0.4043047196666043
227,-0.328202525420199,0.8446820192563371,0.4116509088686757
228,-0.3455778620872607,0.8443393874856628,0.4200416965962932
229,-0.36197075934497147,0.8465402402986695,0.42913612432212767
230,-0.37343816642809746,0.8455329355294374,0.4368817791416164
231,-0.3776542556990885,0.8415415557399939,0.4426192843592103
232,-0.3718150302156442,0.8393224201754022,0.4473928998372785
233,-0.3581530401918773,0.8381268159990838,0.4512771895197285
234,-0.3453861874089651,0.8338136816172779,0.4544069425309418
235,-0.34021806264662535,0.8282489180620827,0.45837116750200635
236,-0.3423057628761291,0.8251173076190788,0.4636253791975873
237,-0.3512964413643669,0.8242676760159284,0.46940562182147016
238,-0.36620166427424383,0.824350807647769,0.4753350176889828
239,-0.3802791184364225,0.8242154078894033,0.48101321616684256
240,-0.3878675414999959,0.8235301046189143,0.4856724377590551
241,-0.3877241894190304,0.8221618354333713,0.48932099129510065
242,-0.3809466687127183,0.8198092564114887,0.49263485871970913
243,-0.3705228474082535,0.8166865686934153,0.4952867898642508
244,-0.3618899377386354,0.8135740477342575,0.49707779132727836
245,-0.35914993845971965,0.8109719332685801,0.49911108833380524
246,-0.36090457406558063,0.8089803727341804,0.5018743622472817
247,-0.36378290078266384,0.8076949772536248,0.5047279252418377
248,-0.36174194145311467,0.8071041960319194,0.5078153349610339
249,-0.3321447971675987,0.8033289229958545,0.5113204861431622
250,-0.2970075913270682,0.7975022152060824,0.5144533878796944
251,-0.31487074897624767,0.7977236740964608,0.5171874627130892
252,-0.356012375068701,0.8008197368708809,0.5198380819612922
253,-0.36662044296232255,0.8016739002847388,0.5215551873789239
254,-0.35422982641431866,0.800583860200828,0.5218623088115719
255,-0.34114997324478236,0.796308342276447,0.5220193504658361
0,-0.33837491905574635,0.7934251257462988,0.5228536094052922
1,-0.34418253766509377,0.7941649907221664,0.5238204510915989
2,-0.3527158359140331,0.7934562527643862,0.5245456788243326
3,-0.3610408748580197,0.791122819415687,0.5245493257982106
4,-0.3662375831132785,0.7894382044089636,0.5232091368201321
5,-0.3649485549738384,0.7878935937249412,0.5210277852298848
6,-0.3568890017069709,0.7871869386715193,0.5189004867986946
7,-0.34493954342688793,0.7880936781808163,0.5164654272067652
8,-0.333733539129066,0.7880296620656226,0.5130961221337487
9,-0.3274316462969419,0.7857428047334256,0.5090357286626239
10,-0.32768119912473703,0.7834059246047742,0.5040633384768101
11,-0.33355244771308645,0.7824608119613368,0.4976151985756796
12,-0.3422957415842569,0.7809532402493495,0.4906561215099572
13,-0.3501061346528549,0.7771429557903464,0.4845044119970239
14,-0.35388266384078537,0.7735529101980845,0.47849002683089426
15,-0.3540742381739902,0.7713767873853539,0.4715831046564436
16,-0.35208734254721086,0.7688173749945184,0.4639099159155142
17,-0.3467888619998385,0.7653426198355411,0.4553819406048547
18,-0.3397434347406779,0.7616280003073863,0.4461064829144692
19,-0.3352682671781647,0.7600433253365027,0.43749022677920624
20,-0.33546133655312094,0.7604486456556723,0.43055109726786056
21,-0.3414043219104477,0.7589463044549642,0.4247650418791922
22,-0.34650243126830893,0.756509822717969,0.4194711149324981
23,-0.3192902003154684,0.7509118461743136,0.4145537594368529
24,-0.25705129330523413,0.7388437528091361,0.4097937953085862
25,-0.23762680732212327,0.7333828977640531,0.4047398562342144
26,-0.29247788807205066,0.741189280385461,0.39952138514721236
27,-0.3482324640630129,0.7495636461328621,0.39443701119659025
28,-0.36082639384768755,0.7515414433252128,0.3893097074118306
29,-0.3509049985571463,0.7493373647827206,0.3843950075191589
30,-0.3460663549260762,0.7448253296248859,0.38006635581887027
31,-0.35670212832436987,0.7403118828564588,0.3763868692938498
32,-0.375080274743838,0.7407848949449365,0.3742189410908012
33,-0.3926153983964342,0.7451378948127116,0.37424463965804144
34,-0.4051541337559401,0.7459156589998177,0.37466415100852524
35,-0.4076288306631113,0.7425304562931141,0.3731641764624066
36,-0.4009081619791529,0.739460385763846,0.3691545694164997
37,-0.39072248893026784,0.7365587432261309,0.36254720046798417
38,-0.38160362421907723,0.7321306763772573,0.3544104561089888
39,-0.377809892125772,0.7294286818377393,0.34695387286176904
40,-0.3801580056435926,0.7294255845989706,0.3408288475562692
41,-0.3890433299636691,0.7286308832871127,0.3354964892667731
42,-0.4038991819332973,0.7278400138317491,0.3312683942267659
43,-0.4177451160095893,0.7289067093963606,0.3288211660423618
44,-0.42443380257138497,0.728374008335475,0.327807521829537
45,-0.4235356581447942,0.7268634138682766,0.3275992472662336
46,-0.41857180310653797,0.7253129095234179,0.32850805199144395
47,-0.41276370141484486,0.7197973274010536,0.33072495934613366
48,-0.405955633382449,0.7139829490741625,0.3337978879829482
49,-0.39977714968463207,0.7128764682279063,0.3373433936214729
50,-0.39811103682816995,0.7138150802341838,0.3403182038338922
51,-0.40218267212164216,0.7146150074166338,0.3414781918400045
52,-0.40483724400938104,0.7141210334752124,0.34125765420703746
53,-0.3765972731644117,0.7063576897171711,0.3409015704245387
54,-0.33848351842218505,0.696554745984888,0.34113486680480554
55,-0.35582796475962597,0.6995489297073885,0.3428167350267691
56,-0.39728518595627405,0.7090756121120521,0.3464190390984506
57,-0.4047688030527137,0.7091847845636978,0.3508099510417326
58,-0.3896300709028979,0.6999533067399646,0.35449884449128954
59,-0.3768358014726614,0.6910788427897931,0.35736202636905057
60,-0.3752588127722023,0.6876180606968285,0.35942109954986345
61,-0.3811906424095324,0.6898217144304137,0.35975058224813283
62,-0.38867576673790594,0.6960690965647309,0.3581086590621997
63,-0.39576025530572,0.6995604197513337,0.3553167382547563
64,-0.3999664783656578,0.6982504636541418,0.35211493889699086
65,-0.3977939751480114,0.6957241637593865,0.34916908454427664
66,-0.38928571796439426,0.692525628680017,0.3470259968698599
67,-0.37609561131587566,0.6901291177953863,0.3450694423787578
68,-0.36345031135574923,0.6882932577365328,0.3425081281516833
69,-0.358988914997199,0.6840976653438764,0.34019394222353827
70,-0.3624127966968498,0.6797693315455133,0.3386059690038946
71,-0.3691489780618886,0.6800875305152183,0.3366018831707107
72,-0.3753301775453789,0.6815422468483681,0.3336501742507533
73,-0.3779552393616936,0.6792970307866997,0.33003014181260715
74,-0.3777417648989867,0.6777183395182571,0.32584192743535356
75,-0.37516506298329055,0.6794290019768388,0.3216528673839383
76,-0.36945961150735596,0.6783164112363658,0.31821840789743794
77,-0.36169298587036725,0.6732658017571618,0.31530166305246465
78,-0.3545453522748203,0.6704078309609192,0.31231189563988737
79,-0.35037715227187305,0.6697494003160092,0.3096500078779233
80,-0.35015106827027676,0.6688710650554655,0.3078307434402685
81,-0.3519025273240759,0.6683414572213566,0.306285747949927
82,-0.34802635136877147,0.6668542869282572,0.3047114777536991
83,-0.3153014692234116,0.6599030281407952,0.30338237524041756
84,-0.25376339534269265,0.6483831154375035,0.30203316147126646
85,-0.22614405224627343,0.6448793867533509,0.3009856710090666
86,-0.26406198198773634,0.6533586917085865,0.30133973926066815
87,-0.31531485224703015,0.6583883525341518,0.3029388297390523
88,-0.334082528832354,0.6541602385121685,0.3048791944884549
89,-0.325595315683748,0.648799305738698,0.3071055911794588
90,-0.3137724349490363,0.6446178037179722,0.3093799031545753
91,-0.3143968922005016,0.6424869351939753,0.3108085129397169
92,-0.3257730571574089,0.6450404569092505,0.3113472056751646
93,-0.33788222600206286,0.6490098645325004,0.311798283739235
94,-0.3452417033426889,0.6483263016666656,0.31235617063451393
95,-0.3452678189728343,0.6439836932315675,0.312924737291742
96,-0.3353807243994098,0.6412350721127269,0.3136329042257221
97,-0.3170828781732118,0.6396707867569551,0.3142363043079439
98,-0.2986031481717174,0.6368925874780111,0.31450788256022133
99,-0.2857849291360808,0.6340023054738728,0.3146336609329716
100,-0.27984594704185317,0.6308259815153818,0.31460875213156236
101,-0.28120749486537366,0.6284803671069996,0.31422653225012476
102,-0.2856278490851122,0.6301407749467576,0.3139392900125402
103,-0.2879057472906269,0.6347826807128107,0.31435334235957735
104,-0.2871536379031072,0.6359854002757035,0.31496845527709727
105,-0.2838776886769011,0.6324123545853766,0.31537879215562015
106,-0.27542301721318296,0.6300007779960866,0.31613704843725976
107,-0.2609482164746072,0.6290119225081237,0.3169975034513435
108,-0.24644444245489316,0.6252143822480447,0.3174195760689379
109,-0.23594734801512451,0.6188889884899185,0.317860996800148
110,-0.23005720983652345,0.6146265794378156,0.31844273495509123
111,-0.22933952514937062,0.6154855157000074,0.3187825854091816
112,-0.22580814483458833,0.6181753890559014,0.31893250860353717
113,-0.19477574848103485,0.6136156258942285,0.319268961259222
114,-0.15916279856467275,0.6062433952579374,0.3197634435906961
115,-0.17379840647360822,0.608553074121329,0.3202977648816273
116,-0.20840340666550644,0.6124881042013943,0.32127975023706223
117,-0.2145235427430247,0.5968712026424139,0.3223563848791636
118,-0.19781865966452855,0.49419967454428715,0.3230147603741961
119,-0.1754543459860643,0.22670261616534115,0.32377074997229705
120,-0.1629079145577147,-0.1525249219107312,0.3247051639161367
121,-0.16450690113322497,-0.5180534803316523,0.3251000410583743
122,-0.17108722438015855,-0.8191335572318674,0.32483855977614584
123,-0.17548140731339607,-1.0662339922212323,0.3242400114629458
124,-0.17515494658106995,-1.2538538210985166,0.3227909249157441
125,-0.1679476464241787,-1.3662335714998868,0.3202221110440079
126,-0.15456706240162904,-1.427052103029257,0.31723997964988393
127,-0.13822277322806442,-1.4654830353290196,0.3140436191531826
128,-0.12302541090240438,-1.479613538523708,0.310687142702043
129,-0.11280612511296051,-1.459653097617684,0.3081764720416148
130,-0.11091824255374433,-1.4085382139611862,0.30704459499448866
131,-0.1150292631779603,-1.344274448185291,0.3067185516715807
132,-0.1181534754459515,-1.2908882628976301,0.30684755264056685
133,-0.11846518372913536,-1.267642210327086,0.30737829692148055
134,-0.11622319221811295,-1.2815336014850338,0.3083226347024237
135,-0.10988380309376736,-1.3249319444084398,0.31000869863544733
136,-0.10101179401864724,-1.3794017440142143,0.3124513812516261
137,-0.09062101106838799,-1.4233647520425547,0.31505248238273276
138,-0.07942504590696609,-1.440177619200556,0.31758276284250286
139,-0.07091720824663139,-1.4240884029713508,0.3203503846818112
140,-0.06681127575147622,-1.381892222412291,0.3228183467789867
141,-0.06626944142211356,-1.3298136879098057,0.3239811718498329
142,-0.06235595642142865,-1.2869933145582473,0.32424409798741793
143,-0.030459812621996096,-1.268186676759048,0.32437347829425256
144,0.03083293067851791,-1.2784595165647166,0.3240582345469333
145,0.054059128129071946,-1.3117742514036776,0.3232820340540107
146,0.011056651465090488,-1.3538055536065672,0.3225641279637047
147,-0.03201643916171656,-1.3877160829547845,0.3218759233978389
148,-0.03682246588866318,-1.4005754826763903,0.3210545833159163
149,-0.023115027350869746,-1.3879828898615347,0.3199982152942401
150,-0.012954409312168541,-1.355254591964334,0.3180125226633034
151,-0.016048328440305168,-1.3149144097531593,0.31495937270044827
152,-0.02950704032313961,-1.2816263366845662,0.3119926990265979
153,-0.042413938863753414,-1.266607227094207,0.310025492878628
154,-0.046803399169841275,-1.2736404939848622,0.30888666463457726
155,-0.04298874532974874,-1.2980929262356904,0.30799295642242963
156,-0.03370295114489299,-1.3291309862371787,0.3072151984875431
157,-0.02119436460292269,-1.3541217711082223,0.3065195444002756
158,-0.00920611965100369,-1.3634437137069653,0.3058418764292822
159,-0.001868942120905298,-1.3538833365708585,0.3051583025767577
160,-0.0016428465517723777,-1.3294337187442866,0.30405749995190523
161,-0.00817202343433232,-1.2993562089071933,0.3021024928091687
162,-0.018540241495885706,-1.274401008269436,0.2996355177748067
163,-0.028572644072279923,-1.2627158733291242,0.29747577195857844
164,-0.034595937633728674,-1.2669915752971654,0.29570452285929916
165,-0.03633746582187896,-1.2838292404711082,0.2946869184557398
166,-0.034740676000756254,-1.3054177200510857,0.2956091835726593
167,-0.030596800463926016,-1.3227381267356093,0.2981820163505775
168,-0.02667151022025807,-1.3289939724977384,0.30099396788435084
169,-0.02442828729276561,-1.3219707676780965,0.3036583742064466
170,-0.026732482402344174,-1.3045208399495989,0.3059506884098072
171,-0.03570198327550776,-1.2831285732986597,0.3075093712303826
172,-0.04313546154189462,-1.265233267656373,0.3094122353449802
173,-0.022741013018855803,-1.256401883969886,0.3129190136468467
174,0.005628376183432602,-1.2584178239183128,0.31726451513602916
175,-0.015366295614680087,-1.2689269935925243,0.3209191674446287
176,-0.057400057471765145,-1.282648977612264,0.3237393976185301
177,-0.07086543335487988,-1.2935742481342647,0.32597428418337704
178,-0.06501844960517081,-1.2972460023174417,0.32741342606269985
179,-0.05790309657652609,-1.29226832738177,0.32816599933493107
180,-0.05769391999207901,-1.2805451606021148,0.3282300990520478
181,-0.06535484595964372,-1.2662733911696398,0.3278367572671761
182,-0.07842100408512603,-1.254178838346018,0.3282431078225203
183,-0.09244362744603127,-1.247723870642854,0.33017487205882534
184,-0.10036310948188104,-1.2479586412244754,0.33294699779378967
185,-0.09899196600131951,-1.2533822741333602,0.33650329074429874
186,-0.09107349137022996,-1.26076472946112,0.3419235511439094
187,-0.08109441741712506,-1.2665230879349108,0.34908897203287614
188,-0.07293617017304888,-1.2680783705632601,0.35663008175837085
189,-0.06912567450031804,-1.2646865511729142,0.3636989916629796
190,-0.07074544908020902,-1.2574909696307408,0.3694943443353562
191,-0.07668921738317974,-1.2488666196605784,0.37381067721727823
192,-0.08249536031656328,-1.2413879067919114,0.37788734436361304
193,-0.08447238358560431,-1.2368559980021576,0.38181078073955677
194,-0.08370248681614428,-1.2357461741918572,0.38435144913071184
195,-0.08100772683118337,-1.2372291514900176,0.385156649035884
196,-0.07417704278494458,-1.239678919607989,0.3841612064113722
197,-0.06370054086683957,-1.241402522819079,0.38087908046843233
198,-0.05509882317125192,-1.2412770973563876,0.37482339950790866
199,-0.050080053967874905,-1.2390610951462055,0.3662555751002565
200,-0.048603691303675006,-1.2353108318768582,0.35566432596707664
201,-0.05317812575416069,-1.2310030321399,0.343013121395093
202,-0.053643369921659884,-1.227068309257933,0.3288208590905265
203,-0.02166949483192339,-1.2240442572109544,0.31394818118336143
204,0.039331030619720486,-1.2219712751969811,0.2989968405620457
205,0.05841286117317736,-1.2205275821244985,0.28477755472965094
206,0.0072057140176580575,-1.2192928462162578,0.27223361955171266
207,-0.045151303226762016,-1.2179880748844591,0.2619967587064448
208,-0.056778470359487826,-1.2165746509449464,0.25433765681290443
209,-0.04968901710095343,-1.2151832041707413,0.24917618763191796
210,-0.04629288655510634,-1.213854166071509,0.2463256615499434
211,-0.0542841740853785,-1.212581822540094,0.2454383480805108
212,-0.07150940610157075,-1.2112986688135128,0.2460843075802187
213,-0.09151729514049023,-1.2095412020094871,0.2479063637523664
214,-0.10689137812066146,-1.2068689400349997,0.25053022622391286
215,-0.11083966151704805,-1.2033505230732686,0.25454031208627237
216,-0.1056769207763616,-1.1994814025688774,0.260609302977873
217,-0.09792862304430128,-1.1960113014946914,0.26841544358132974
218,-0.09153476275230057,-1.193666471909797,0.27754769930283507
219,-0.08791377295860925,-1.1928290777475654,0.28743748414942594
220,-0.09014917748314819,-1.193310031676662,0.29713015517315267
221,-0.100398973723757,-1.194340904987877,0.30618124696301574
222,-0.11315520423511294,-1.1948219149876276,0.3143410256656871
223,-0.12270405706575288,-1.193746066808362,0.3209959495097787
224,-0.12727162629436617,-1.1906311541069639,0.32656992825277764
225,-0.1266088892938947,-1.1857728263028635,0.3327123433774448
226,-0.12305740325505887,-1.1801945861537404,0.3401420883520718
227,-0.11913171435927095,-1.1752912566116964,0.3483759483587481
228,-0.11453661770864781,-1.172292257578949,0.3572077649011641
229,-0.11040260599149243,-1.1717549910805443,0.3659693198817284
230,-0.10969324910556455,-1.1732988250799457,0.37361256326995984
231,-0.10842348355680992,-1.1757024678020929,0.3803492595968797
232,-0.08929549518315247,-1.1773445934450346,0.3870843574788212
233,-0.07146361039710789,-1.176826411485004,0.3940800916150886
234,-0.09250907519582169,-1.1735337983079441,0.4012776155421591
235,-0.12461208461719522,-1.1679111326554916,0.4089928597741228
236,-0.1319758009777037,-1.1613264499341147,0.4170334431902001
237,-0.1225004911354376,-1.155567226296855,0.42491360416921253
238,-0.11213778394888269,-1.1521549202511658,0.4326300507063894
239,-0.1070641009812755,-1.1517440452365477,0.43932594822822923
240,-0.10999453940209047,-1.1538450574430548,0.44406797615769333
241,-0.11925185045659703,-1.156987952009858,0.44743078743258824
242,-0.12631877391987334,-1.1592720264644782,0.44987807072443187
243,-0.12890166233088532,-1.1590940946740247,0.4508450963603954
244,-0.12823780594418493,-1.1557736206149523,0.44988535331747004
245,-0.12396321888150921,-1.1498292146878146,0.447260609020911
246,-0.11710569465886977,-1.1427939619753626,0.44350915936049207
247,-0.11003722854714659,-1.1366358484580634,0.4393585063398231
248,-0.1053935742492979,-1.133004264344943,0.4356845090994945
249,-0.10320844373309579,-1.1325932534182748,0.4326910137918625
250,-0.10244903347004408,-1.1348689250101147,0.4301406568034085
251,-0.10452041796020234,-1.1382685149335652,0.42792582139477453
252,-0.10880968796046325,-1.1407961917424716,0.42568447650193963
253,-0.11175702460017811,-1.1407868436931117,0.42312327043831965
254,-0.11125422856539735,-1.1375437114290579,0.42056290365479354
255,-0.10745560366294671,-1.131604323010027,0.41836335616718423
0,-0.10022127009882908,-1.1245328042212877,0.41629552296196026
1,-0.09106802603997222,-1.1183194136469616,0.41397938314286464
2,-0.08549745408055565,-1.1146191658744522,0.4117216593331421
3,-0.08588546206964459,-1.1141223442921406,0.41005445795919937
4,-0.08945534535116412,-1.1162150330100333,0.4089798210242117
5,-0.08825868068948442,-1.1193999124739595,0.4085842427315476
6,-0.05837939749018545,-1.1219232102358334,0.4090753694931859
7,-0.013335089291825204,-1.1220789750618687,0.40996463885174084
8,-0.014123382475270604,-1.1190246300446445,0.41054629417154165
9,-0.05413498169741132,-1.11330300560842,0.4106504577305097
10,-0.07782796147978438,-1.106467557169419,0.4101299826498497
11,-0.07552247935593519,-1.1004418391795667,0.4090444229619279
12,-0.06689090908082884,-1.0967982817518713,0.4079619345851473
13,-0.06517693979218575,-1.0961824545571104,0.4073070146875919
14,-0.06990775707947361,-1.098087769510638,0.4073240019752318
15,-0.0755084063044506,-1.1010654693138684,0.40845842914322605
16,-0.08037316768987945,-1.1032879100685138,0.41082331011914985
17,-0.0830649918447225,-1.1032465395804194,0.41359675765082415
18,-0.0792483869030295,-1.1003167064916215,0.4164075241465306
19,-0.06819771521332929,-1.094976848749849,0.4197758441910622
20,-0.05596244357734342,-1.08860543669089,0.42379333610634706
21,-0.04765379625367336,-1.0829412715218303,0.4284876222446752
22,-0.044434898863973005,-1.0794188976762964,0.4345525956177956
23,-0.04636121732844489,-1.078633744757922,0.44233087665856674
24,-0.05202627663831272,-1.0801367158688304,0.45140604421670627
25,-0.0588833856902167,-1.0826283892490651,0.4613201485955787
26,-0.06443687067612625,-1.0844698158147632,0.4714300556867774
27,-0.06507539306615547,-1.084308902996951,0.48064428978510354
28,-0.05913674773501082,-1.0815825804774954,0.4880387048477173
29,-0.05075541058227257,-1.0417563307419795,0.4936609167400807
30,-0.04379781788219854,-0.8685213206586759,0.49780098372500015
31,-0.03905993439327954,-0.5178781091011682,0.5004274637199859
32,-0.03702072093420472,-0.08172498148107721,0.5020866124704417
33,-0.03801868730772717,0.3398861082395479,0.5031135062949723
34,-0.04163737899398823,0.6676014585628474,0.5026169216653442
35,-0.04113541506732028,0.8298551712445985,0.500014631420495
36,-0.012356895463231585,0.875253007372923,0.4958711939946825
37,0.031722721315924095,0.9123576753471578,0.49046177324902507
38,0.028904752877731935,0.976287605135223,0.48353683133855485
39,-0.01511108225736249,1.0317329741063377,0.47542058767460627
40,-0.04287015356209045,1.0393742368232326,0.46641699723615604
41,-0.04389930926456581,0.9933831948818077,0.45669657983414114
42,-0.037189275663155455,0.9133753261326962,0.4469353254528332
43,-0.03584958499015209,0.8340287486555903,0.4372591957771579
44,-0.04290560917431141,0.7871823169728207,0.42796984891768686
45,-0.05435296805954287,0.7873184403642188,0.42030869036906826
46,-0.06458104311594876,0.830586033831004,0.41460923705389185
47,-0.06939395475220198,0.896288358063825,0.4101068977802993
48,-0.06733076810714991,0.9584397548344352,0.4060330403938759
49,-0.061136326409243893,0.9950386620993479,0.40194200028715676
50,-0.05467062823578163,0.9938951403211607,0.39757377608681677
51,-0.048793572561377396,0.956921812289913,0.3929794235029538
52,-0.04513264751827198,0.8951659166247126,0.3888902670440276
53,-0.04659006114980993,0.8321367547990763,0.3858623325494025
54,-0.05324641023457147,0.794133361497896,0.38405171871354515
55,-0.062229424535025224,0.7935099779162353,0.38395914722334334
56,-0.06966611381337848,0.8291676580082239,0.3860602527214305
57,-0.07267437309201662,0.8847285844475175,0.3902337421225297
58,-0.07051197409240698,0.935999691764049,0.3957591287073785
59,-0.06592981815933603,0.9646197384790787,0.4016730693384163
60,-0.0619748378043348,0.9615897558516768,0.4068486280616761
61,-0.05855444619086406,0.927581752747539,0.4106070189707942
62,-0.056553162688891406,0.8762874065011246,0.41367659039130245
63,-0.057903723444174326,0.8285030318767967,0.41691562942228977
64,-0.06253627406467185,0.7985847526559928,0.42006784097662586
65,-0.06554283166497465,0.7952932823358161,0.4229726238346265
66,-0.06628489192269556,0.8205105003397053,0.42567918839775865
67,-0.07228384982038286,0.8632150911180747,0.42760508561873367
68,-0.07969247382469814,0.9020266206825194,0.4287143919738301
69,-0.07921250220734538,0.9200268172938237,0.42948566690659007
70,-0.07276334246601524,0.9145699989687692,0.42967708451719067
71,-0.06674220396670472,0.8900817579468101,0.4290943652534671
72,-0.06473746785457202,0.8562540220662553,0.428080723932005
73,-0.067227158250808,0.8258607285189452,0.4269321955784906
74,-0.07246843013867002,0.8057194636078062,0.42568349252320514
75,-0.07767424789638386,0.8017155936718807,0.4243634113332124
76,-0.07919858680994359,0.8170381180336617,0.423145139635819
77,-0.07702313215395681,0.8442342398017826,0.4220766429505274
78,-0.07370883329975222,0.8711197808052762,0.4210704881903704
79,-0.0678488598646858,0.8853157440597741,0.4199121938349357
80,-0.06078421269653189,0.8819598414161032,0.41799787573190184
81,-0.054970516026029925,0.8644193294331246,0.4149609069756943
82,-0.050271092370187065,0.8404587433542829,0.41160363263266997
83,-0.04889765013977898,0.8193427515240805,0.40900048197121963
84,-0.05127544900014454,0.8045410927091976,0.40716053617572445
85,-0.054497160229863735,0.7984266886609315,0.4056833313314496
86,-0.05461470707677296,0.8052243857609,0.40426751842967446
87,-0.05013429457887799,0.8240617469601716,0.4027323487060668
88,-0.044682164585434246,0.8447184480410317,0.4012223335563083
89,-0.040887260430935435,0.8546513478738584,0.399470985464335
90,-0.03835637935355546,0.8530590793685042,0.3965404883007928
91,-0.035365584982277765,0.8431944956722561,0.392144948294221
92,-0.03143814901360331,0.8250717886394643,0.3868580876176073
93,-0.029619114547787928,0.8055652887592015,0.3805358540607955
94,-0.030777188491316346,0.7933607772816758,0.3729626171979811
95,-0.027407472695624158,0.7860244647817538,0.364927927301261
96,-0.007191073016557539,0.7846951015645389,0.35711161426519655
97,0.02880987703045984,0.7977643318946428,0.34933031161235106
98,0.06734133621114274,0.8171007836944231,0.34124613860133113
99,0.07928330858837469,0.8277476621197848,0.33296127020787347
100,0.04247163244307477,0.8268044300375161,0.3243523653339513
101,-0.0037997844964585137,0.8202015433344299,0.315214977156394
102,-0.017190389341999207,0.81035876264044,0.3062764703957044
103,-0.009967181400458491,0.7978388751810694,0.29813263891278174
104,-0.005454675911732321,0.7887770970141847,0.2902132068304967
105,-0.008650730583227823,0.7882068595004226,0.28241493411211427
106,-0.014785611018220873,0.7948171865961493,0.27565277023267554
107,-0.02100811038974132,0.8020326173931467,0.2700528054498046
108,-0.024883607141256286,0.8039820208563269,0.26484369782759365
109,-0.02341843290303597,0.8001903070804663,0.25960328288532997
110,-0.016550954216575153,0.7967627188849615,0.25417691559031974
111,-0.006802114781442797,0.795371901173477,0.24858779664439123
112,0.0021538100957937123,0.7924431189609642,0.2430797207754819
113,0.00853188892841511,0.78842178054729,0.2376892333530336
114,0.011594790882818645,0.7850419825327561,0.23209543425263457
115,0.008987956250103728,0.7830701491517726,0.2262763848801833
116,0.001461707904858403,0.7820554144677394,0.22072335884373095
117,-0.006091859931526181,0.7827506960897355,0.21524113630575026
118,-0.009694228956134018,0.7823380284658403,0.20953253972598118
119,-0.006529737586734405,0.7778259776891627,0.20433958149978693
120,0.0031838431676024515,0.7733673262596212,0.19985468712172694
121,0.013724209746445282,0.7732762061512455,0.19483916554574454
122,0.02067986474684605,0.7753357581100007,0.1889060100048573
123,0.023516728540678294,0.7741731505576506,0.18288240593098465
124,0.02246527113863203,0.7706834566051244,0.17660949110708346
125,0.023550294518823706,0.767606091395602,0.16991958300004012
126,0.040575042077194895,0.7610737014411351,0.16342431954159703
127,0.05337248415493158,0.7524030300309461,0.15694800425455424
128,0.032691919177585266,0.7501520125307968,0.15027366684784849
129,0.010014331585977448,0.7521178955150791,0.14395460658807774
130,0.012843979135332445,0.6945912700993255,0.13842237980227434
131,0.02539281164671066,0.457126593677863,0.13418321735309435
132,0.03374169488893286,0.014032297891988232,0.13151885261711754
133,0.03536560963417448,-0.5160997362499571,0.12951701926490172
134,0.03205831521653234,-0.9375529014435213,0.1268191573006035
135,0.027877931523562285,-1.1232185257853466,0.12239419178712779
136,0.026015940513914454,-1.1631621535444578,0.11521563885779812
137,0.02544711659386449,-1.2060627155735908,0.10484054863575304
138,0.025787712103267926,-1.28426139235376,0.09249891329838311
139,0.028324384743575723,-1.356984982540964,0.08002479899362341
140,0.03285460154961906,-1.3806136963538869,0.06785162655873944
141,0.03798326822191793,-1.3411365516869178,0.05542083968431735
142,0.04181871261949271,-1.2551661768061995,0.04249287448276329
143,0.04273358358918419,-1.1574255950480439,0.029358235230407675
144,0.04212022386834206,-1.0850394919889301,0.016595658459092742
145,0.04202606859271818,-1.0635686764710341,0.0045314812117889305
146,0.041047176445547257,-1.0982996861927714,-0.006500297929263411
147,0.03909904074993917,-1.1732464170591754,-0.01619661549690228
148,0.03856495381836958,-1.2579923592752484,-0.02486548708733691
149,0.040508729016733816,-1.3196524644210141,-0.032647148815071914
150,0.04426464858699461,-1.3353160794633512,-0.03974940780761142
151,0.048143446214504844,-1.3002603473053327,-0.0470545922955766
152,0.05055214143329197,-1.2289903432498055,-0.05496974190242079
153,0.050887386507421015,-1.1489966101696127,-0.06333549951326742
154,0.049349852533714295,-1.0898825570814934,-0.07188966015788906
155,0.05150227185744344,-1.0721545280775764,-0.07917891902786112
156,0.06566961908883864,-1.0999136210573979,-0.08339645877646681
157,0.07215221831879876,-1.1600343482667679,-0.08478543418798101
158,0.05560726947234271,-1.2278558794475423,-0.08485417556951994
159,0.044898455278237825,-1.2769543186991719,-0.08452736842161354
160,0.05142871008499936,-1.289134179194368,-0.08421194794723266
161,0.05966862774366802,-1.2608692409776214,-0.08420381459561893
162,0.06328297550341747,-1.2039339811403509,-0.08431299146966745
163,0.06214679408415988,-1.1402607155149527,-0.08423759827369934
164,0.05831257696862252,-1.0932311113771878,-0.0839664820114763
165,0.05576973660360318,-1.0788479830242528,-0.08291170087552083
166,0.056927117324436116,-1.1001112479426287,-0.08073981410328415
167,0.05919868152981167,-1.1465522317936028,-0.07869613531152217
168,0.061128356275801876,-1.1988415519536617,-0.07811435681286183
169,0.06385540797110731,-1.236480868981475,-0.07839262247666132
170,0.06715335024721239,-1.2455305554856948,-0.07814701556241382
171,0.06967742886369738,-1.223470297404679,-0.07706901115039391
172,0.07059138587305319,-1.179521002876672,-0.07538167290059597
173,0.07000549740374112,-1.1305524675680196,-0.07338130855105188
174,0.06801780407416141,-1.0943541107816674,-0.07112034830853647
175,0.06515181087438959,-1.0829395808229485,-0.06831148567724962
176,0.06298198859900844,-1.0983942969895764,-0.06525105025663622
177,0.062406546799894935,-1.132677381359589,-0.06283173049362195
178,0.06321594512552381,-1.1712225637048217,-0.06104049700873926
179,0.06668213136631848,-1.1987644413832346,-0.05867684588214428
180,0.07273226858265501,-1.2050735288019432,-0.05502035548551601
181,0.0772486932208099,-1.1883743029652556,-0.0502424905756684
182,0.07825537633387142,-1.1556468559657014,-0.044676576607939666
183,0.07747578164207955,-1.1195213303158198,-0.03869055883235026
184,0.0764625589890569,-1.0928475857194573,-0.032254539510550476
185,0.07903703057085848,-1.0840482013926986,-0.024968050224815533
186,0.08840408029589192,-1.094489547794852,-0.01712595545175717
187,0.0922331797427921,-1.1183153021552497,-0.009449960989269625
188,0.08254004428320783,-1.1450916852596578,-0.0019130256375516248
189,0.07459930323933259,-1.1640241080207159,0.005837245768640857
190,0.07543459771509164,-1.1680105763470707,0.013280237496896118
191,0.07800318252241609,-1.1560147327665065,0.019482594506666437
192,0.07877672449109635,-1.1329963633788855,0.024513482788778337
193,0.0777192864036149,-1.1076104318973257,0.02917706050366424
194,0.07754548656257981,-1.088705195939069,0.033843342884908145
195,0.078427653734222,-1.0820219537538307,0.03833366597207856
196,0.07866516215492142,-1.0883156553451636,0.04248113168645183
197,0.08080598646254789,-1.103486752244426,0.04631653400621388
198,0.08443022159426289,-1.1205116843249847,0.04980373623847881
199,0.08677638449837896,-1.13230004791088,0.05306540161219313
200,0.08801179295165032,-1.1343296980704292,0.056311827858386176
201,0.08837778580769112,-1.1260913937315804,0.0597473394872956
202,0.08786239922988623,-1.1109063959148715,0.06361736454105871
203,0.08663818675836321,-1.094332265849725,0.06730100638963757
204,0.08515950361642671,-1.081885596703772,0.06988433075364858
205,0.08420464007321826,-1.0770016271680136,0.07194069928046684
206,0.08423020051551255,-1.0799748327672414,0.0747808123456746
207,0.08490917936991188,-1.0881817209446272,0.07885185866204472
208,0.08583487461546357,-1.097371207287392,0.08415277106984878
209,0.08673372159284432,-1.1034240028456201,0.09038950433859855
210,0.08722035826168645,-1.1038656967833518,0.09666445411288666
211,0.08715652620619124,-1.0985879142075405,0.10263196236848413
212,0.08649396501380893,-1.0895941450769695,0.1083601934127662
213,0.087136203676688,-1.07998154262869,0.11296411585659127
214,0.0888522752386387,-1.0726399771857977,0.11567893151938341
215,0.09115697405281292,-1.069202243722387,0.11715483683225009
216,0.09054715391613483,-1.0696170296945504,0.11816850001478041
217,0.08211391380806005,-1.0724265674901354,0.1183561573613296
218,0.08060953342127786,-1.0755431658702972,0.11751419945091357
219,0.0904165421130885,-1.0771481178047821,0.1166081964683518
220,0.0951392771689181,-1.0763384477445705,0.11612671167818767
221,0.0944382202227049,-1.0733009335457622,0.11599792055381836
222,0.09373250269898967,-1.0690178444344558,0.11694896546165723
223,0.09276564670067572,-1.064703000418321,0.11913644206964069
224,0.09250612237148481,-1.0612518679550371,0.12161020431176361
225,0.09354283044151496,-1.0589416307569661,0.1241556858682007
226,0.09529920141963177,-1.0574721544279457,0.12698932817723124
227,0.09688334641453616,-1.0562709157283758,0.12939501723932517
228,0.09786449003438558,-1.054871796557364,0.13082031719880716
229,0.09789777343142392,-1.0531654258645884,0.13196452389158492
230,0.09680977513174008,-1.0514043478079733,0.13293229885638458
231,0.0951076121255787,-1.0499819751703678,0.13368110468535022
232,0.09348078032020132,-1.0491220953468,0.13574941140922447
233,0.09250670209764883,-1.0486595619789694,0.13973989205947862
234,0.09260743785717823,-1.048043804996046,0.14463958576435548
235,0.09367808520686288,-1.0465806017278516,0.1496845985870972
236,0.09529326684347939,-1.0438014005576401,0.15408827426675642
237,0.09694837455837696,-1.0397750363340523,0.15701857791079266
238,0.09947758571625309,-1.0351913340377625,0.158552124173016
239,0.10310193411657376,-1.031145668146491,0.1599351396375412
240,0.10490127709335689,-1.028693841092025,0.1621233453722959
241,0.10389919017495591,-1.0283632468549908,0.16428868299732452
242,0.10215515554018195,-1.0298435974362894,0.16542953970098795
243,0.10126539484862646,-1.0320171724329317,0.1653242219202798
244,0.1019363162423873,-1.0333480518228977,0.16373763737817815
245,0.10558873412224029,-1.0324087338943944,0.16120132010256122
246,0.11195801877535788,-1.0286720489669352,0.15832787035847645
247,0.113255782645454,-1.0228464936055879,0.1552451961446324
248,0.10740749541155581,-1.0163079412769571,0.1528279595041463
249,0.10371201770037408,-1.0107727145041223,0.15167410782000007
250,0.10389004527474208,-1.0078356665036088,0.15148342562880435
251,0.10363357078759472,-1.008153178917094,0.15239442623696925
252,0.10254094322623022,-1.0110891440161098,0.15440643383104358
253,0.10160433853040257,-1.0149205687063438,0.15636947247400074
254,0.10161998636999436,-1.0174912246352283,0.15726664730185302
255,0.10270149841612741,-1.0170553103752726,0.15772103049406738
0,0.1042830860138198,-1.0129838682988281,0.16004113607154907
1,0.10571601493891308,-1.0060511562095895,0.1650965216967759
2,0.10631518592761785,-0.9981746045173496,0.17081388065623532
3,0.10579639292937204,-0.9916954449145767,0.1751515011419555
4,0.10458471502420436,-0.9884727124835235,0.17680447160063412
5,0.10469665826392954,-0.9891445502601526,0.17485699869131438
6,0.10572877711279316,-0.9928522765092356,0.17011055074766046
7,0.10588284445954005,-0.9975452954541209,0.164554930250695
8,0.10766641174832253,-1.0006751087899395,0.15999846478472046
9,0.10929096102458002,-1.0003557457026653,0.1573422231720022
10,0.1091348670872403,-0.9961511697013132,0.1555764237379697
11,0.10963250626383886,-0.9888940530603545,0.15351490872066859
12,0.11026556667212178,-0.9805494860738513,0.1517954894395443
13,0.11191844747999691,-0.9736779675624345,0.1507057168878484
14,0.11339777001225723,-0.9702966078581805,0.14983336668525965
15,0.1125090243980637,-0.9710610983265013,0.1493929990363197
16,0.11096841598757087,-0.9750222622588125,0.14859567874774965
17,0.11029301722988877,-0.9800025826604006,0.14474914507391518
18,0.11077765274969181,-0.9834361083669618,0.13708333292981928
19,0.11366832470370825,-0.9833523484195688,0.12952473427155903
20,0.11739002066606008,-0.9790470975286225,0.1253864946808418
21,0.11750969296807551,-0.9715261027707514,0.1241091839135045
22,0.115488399015859,-0.9631629697650803,0.12367328177904419
23,0.11441327414689956,-0.9564192294049891,0.12120490267864492
24,0.11359007184980241,-0.9530714848657236,0.11493291460160276
25,0.11216504715084974,-0.9537490387083691,0.10662093119897864
26,0.11042893978143942,-0.9575501006065901,0.09978578193505278
27,0.10951582334520277,-0.9623616583995784,0.09678510446211375
28,0.10984420496490876,-0.9656908270479256,0.09707804918943158
29,0.11073679305296841,-0.9656342358300529,0.09758545904309879
30,0.11196821674385782,-0.9616009280444953,0.09506330461894019
31,0.1133793017797316,-0.9545199781262861,0.08813388998704313
32,0.1140068267472425,-0.9464651816549416,0.07865073732812586
33,0.11351477234637508,-0.9398497336425296,0.0701313299948379
34,0.1125799405869014,-0.936504208503508,0.06440645291077712
35,0.11154281260084115,-0.9369908029549872,0.061988567352311924
36,0.11056838003990438,-0.9404112300014114,0.06306735066620897
37,0.11005952545260878,-0.9447730954057403,0.06623484741000563
38,0.11023755597430729,-0.9477654109818063,0.06976433566953447
39,0.11100064220986872,-0.9476405827968892,0.07362222424438672
40,0.11199993880430864,-0.9022364710343109,0.07822268557976861
41,0.11264535142322007,-0.7350630173787271,0.08330583816879944
42,0.1143471255689224,-0.4530941616826887,0.08891684324608107
43,0.1165097430822088,-0.1449881326264595,0.09574177737960521
44,0.1150412741183024,0.1356066683156838,0.10336183017024181
45,0.11305782610845289,0.38820876213219324,0.11017045780595497
46,0.11515233095510174,0.6364271281248715,0.11472486859397285
47,0.1181399274314387,0.870558292708175,0.11599361364321487
48,0.11919446491942232,1.027359175638403,0.11333576947245289
49,0.11940091254981716,1.0873254334145015,0.10744482637426694
50,0.11823489343552152,1.100943256256147,0.10045288860131779
51,0.11501342378911827,1.109713562121474,0.0939181221468029
52,0.11427993095429917,1.108133730864851,0.0885152521842113
53,0.1161794616247192,1.0826949213005372,0.08385493033106725
54,0.11650888950844646,1.0413475351645862,0.07836910746227968
55,0.11696175323887403,1.0017902470931408,0.07194802926182883
56,0.11793698687956572,0.9779124786474169,0.06685409324042896
57,0.11776316794232133,0.9791133602580673,0.06477739215364309
58,0.11737326961201261,1.0059143681550862,0.06522555990882994
59,0.1179729613721136,1.043847240578736,0.06701758471052915
60,0.11945858767402284,1.0764024397449545,0.0699174594904092
61,0.12062917551963231,1.0910215516313073,0.07503100311810698
62,0.12096295318085881,1.0834124262544709,0.08288129177319298
63,0.12053658097560505,1.0600781590386936,0.09214580807846598
64,0.11946340549825324,1.0287366724958953,0.1015627399888383
65,0.1180779408510158,0.9983305753892955,0.11125754637420726
66,0.11685921970078156,0.9783456284211232,0.12123940311642561
67,0.11638906768009644,0.9760290627989803,0.1301749115403701
68,0.11692184350247231,0.9925588085096488,0.13685458178860654
69,0.11800585711090367,1.0193733635313067,0.14178392364266135
70,0.11895347745323004,1.0443652186748142,0.14561174729591947
71,0.11941326932852431,1.0572015057671487,0.1479213989697321
72,0.11947616600201821,1.053248243423595,0.1493639815074419
73,0.11917708413733319,1.0328850879501768,0.15174005515843658
74,0.11842717770065181,1.0041561743498781,0.15578839647378917
75,0.11755290015173159,0.9788696331939595,0.1613568467298354
76,0.1169855402162217,0.9659528733936198,0.16887053918941297
77,0.11657113325205232,0.9676922435038535,0.178240837406344
78,0.11623186395404672,0.9804354911616002,0.18822233737860433
79,0.11812718028438479,0.9993753358667754,0.1985040516537555
80,0.12134888120159054,1.0124706978992184,0.2092946361130401
81,0.12131156028338586,1.0103165664109524,0.21997012431380614
82,0.11923312973217004,0.9621812332933293,0.22995900169303318
83,0.11804038777428821,0.8171360180220435,0.23915128808664732
84,0.11762242972341325,0.5818763105689362,0.24738940600280268
85,0.11752268991736364,0.30923072989660616,0.2548433848404311
86,0.11701383928784675,0.04052261232283594,0.2626127917636273
87,0.1160226695980403,-0.19513810105391716,0.2714366744114911
88,0.11530434251541044,-0.37818298441255305,0.2803908290161894
89,0.11526537156043937,-0.5077872955021503,0.2888727273414391
90,0.11585447754874617,-0.5937280820752093,0.2978619877533477
91,0.11680695386962586,-0.6383265904392248,0.3077529126881371
92,0.11752413807930157,-0.6510836555296771,0.3178750915629073
93,0.1176875954451837,-0.6667315317878293,0.32772852873536373
94,0.11726914580898601,-0.714895734444972,0.33692190062436955
95,0.11655738434418605,-0.8018215426547408,0.3459246448607427
96,0.11612871649390766,-0.8938670175632513,0.3564266760710708
97,0.11595909228302748,-0.9338443783155027,0.3698685352647666
98,0.11564821203837689,-0.9284166093237078,0.38677207109768286
99,0.11519898472142553,-0.9294937801353709,0.4062026957039272
100,0.115164241946209,-0.9583854835932284,0.4268525562364962
101,0.11556245059873677,-1.0034399354903156,0.44814896262767534
102,0.11569977845685825,-1.0418470197125775,0.4693726401527798
103,0.11568263594762501,-1.0561048121121654,0.49034236033802214
104,0.11569664459838563,-1.0407562782967914,0.510675575071748
105,0.1155052574739685,-1.0025241204172466,0.5282853186603833
106,0.11534458918521329,-0.9564439994648584,0.5415118363036628
107,0.1152718914499159,-0.9197048203896021,0.5507962805176718
108,0.11670962814597968,-0.905151335419214,0.5573092980146388
109,0.12056206125535346,-0.916671262887141,0.5621379667298882
110,0.12370991708045592,-0.9481142715144459,0.565982767666898
111,0.12261777682429026,-0.9860483918854208,0.5680018558592899
112,0.1182543536584455,-1.0018150007828952,0.5671984827662473
113,0.11537683677915622,-0.9596864321096836,0.5645391165692066
114,0.11543499879274288,-0.861560342470078,0.5614226653580716
115,0.11612010574409565,-0.7539372095187742,0.5586453688589048
116,0.11591182400899558,-0.6769682960992001,0.557319447084661
117,0.11483630587518856,-0.6085222720189054,0.5575992127665761
118,0.11362816123199604,-0.49071296210202675,0.5580496936193347
119,0.11255232835164364,-0.3070550802839198,0.5573359082018536
120,0.11191774146226585,-0.07559852131896871,0.5546713524490925
121,0.11374696090738157,0.18474667167238978,0.5501864928807798
122,0.11706910869713821,0.44439473230365856,0.5454426315123393
123,0.11898480931546607,0.671627013557343,0.5417632560898558
124,0.1196608079333496,0.8505606465280966,0.5391364261073801
125,0.1181258602240095,0.9740655269012302,0.5368272315941225
126,0.11558831767488698,1.0521886887990934,0.533333846501189
127,0.11430863342526848,1.1033894433726479,0.5273153223929552
128,0.11519648943333394,1.1307519052251473,0.5195366805379455
129,0.11859430014174832,1.1281117737270003,0.5114371970202491
130,0.11957620153154103,1.0897369357871312,0.5030094972536554
131,0.1173958820097612,1.0250119663537043,0.4941927082087407
132,0.11781652565430961,0.9609037966679623,0.4856516629624752
133,0.11896909525090432,0.9222624870976888,0.4776423448289715
134,0.11861186880124858,0.9205254148606206,0.4689221178674303
135,0.1187044471729396,0.9529153464069982,0.45867369018057413
136,0.11726963004554264,1.0044364969692503,0.4483495553425958
137,0.114906788105405,1.0542392225083184,0.4389056757058907
138,0.11531451739041332,1.0850827986794962,0.43079295036584764
139,0.1183414529113413,1.0855849079071884,0.42429968713320476
140,0.11866917607534078,1.0484338589850535,0.4161801305983477
141,0.11434893028326298,0.9922500384531574,0.4016907398224028
142,0.11068501658625401,0.9514083865678313,0.38002492175262637
143,0.11206543055353879,0.933755127096457,0.3544018606498949
144,0.11750099821764448,0.9355867506237061,0.32839175644746643
145,0.12026487702874195,0.9564375921183941,0.3044288826029331
146,0.11888827718340916,0.9841622083853703,0.2836872604354501
147,0.1191505596967517,0.9492074074375156,0.2642008082418298
148,0.12072490064702107,0.7642379883528112,0.2424857277918977
149,0.12075795807311557,0.4575057500639166,0.218462961169806
150,0.11997106339241953,0.12406944709154022,0.19520869902113125
151,0.11930769752306875,-0.19243100442501127,0.17520037505851965
152,0.11915722700852971,-0.5178799317118945,0.15982672232483558
153,0.11808888713303123,-0.8274146494659482,0.15096719555281551
154,0.11496320665961896,-1.0086751986852436,0.14879426383981348
155,0.11415169391919489,-1.055855183021242,0.15080624096587242
156,0.11792141681649504,-1.0557379227797759,0.15532278709014474
157,0.12104321074395574,-1.0488354459416334,0.1616849193908767
158,0.12070583486153735,-1.0356534636588268,0.16913373713615276
159,0.11891556918965146,-1.0108904624225978,0.1772711013327592
160,0.11755563007321507,-0.978507604371005,0.18593622083845834
161,0.11738467399359237,-0.9494851967421003,0.19474668005815232
162,0.1182176540540294,-0.9345044698493257,0.2028349202887555
163,0.11945729149566237,-0.9385544150923815,0.20937422339377254
164,0.1206791839334655,-0.9591549504688874,0.2149835677788986
165,0.12134892493688526,-0.9877170877739747,0.22126460371940238
166,0.12116531907027961,-1.0129810921472133,0.22891638521684787
167,0.1203239747759503,-1.0252047864759124,0.2377252105829133
168,0.11912094116192679,-1.0196504173840353,0.24714788393868858
169,0.1180316857734448,-0.9981684485580642,0.25737377587485866
170,0.11738969766202262,-0.968353551992901,0.26889593619810703
171,0.11729348617443464,-0.9406326485178464,0.2808220892361708
172,0.1176755088070705,-0.9243943624299407,0.29174179311545667
173,0.1183784580378428,-0.9245966068377798,0.30026704227958356
174,0.11916838306746413,-0.9400794368965184,0.3045557812411136
175,0.11957496436754883,-0.964154827755547,0.3035498968067636
176,0.11939517196599203,-0.9871968700462435,0.2986995958386778
177,0.11883522708219846,-1.0002316297853007,0.2922023093073358
178,0.11803310741994438,-0.9981878128533288,0.2849666060185665
179,0.11715028038080244,-0.9816307715307278,0.27809043404552214
180,0.11651512793353369,-0.9563903027950946,0.27243421173745375
181,0.1162671839105282,-0.931279659898884,0.26724289156464576
182,0.11645596314008133,-0.9147951402980907,0.2616961075522236
183,0.11709747612359206,-0.9120317301961123,0.25544004741819315
184,0.11790878017796924,-0.922933975832029,0.2474023202839909
185,0.11833355719115884,-0.9424790051620096,0.23658321163320195
186,0.11817318584620368,-0.9626641223394392,0.22372102393236348
187,0.11773449086097315,-0.9755162490311542,0.21000253926593393
188,0.11707764057585646,-0.9759923974999651,0.19527372132941978
189,0.11624122242011065,-0.9637169456258454,0.17971110970669252
190,0.11569729888921432,-0.9429609295413837,0.16443007066641097
191,0.11572266938225212,-0.9209301318851355,0.14959199255617633
192,0.11607042324204608,-0.9050436289449268,0.13469054636328975
193,0.1164678948764763,-0.9002293465692675,0.11929443856868982
194,0.11679991417368957,-0.9072212292857427,0.10310519260982576
195,0.11696757506984806,-0.9224426684864788,0.08654999982110856
196,0.11689804904381845,-0.9394616923230386,0.0703090282041609
197,0.11651073109483884,-0.9514311385589278,0.054348563335238326
198,0.11593723072097462,-0.9535896692108823,0.038212081144918544
199,0.1170834894960135,-0.9449115908334327,0.022108053404863916
200,0.11915101839786868,-0.9283375823117619,0.00598666572100855
201,0.11819047521343135,-0.9095565007931543,-0.011297816085387713
202,0.11579304200838808,-0.894836753306451,-0.029612704103054048
203,0.11510397717070375,-0.8887320170693873,-0.04711711926240415
204,0.11547706866271362,-0.8924993398132852,-0.06308352675946466
205,0.1158432437220609,-0.9037754289274069,-0.07847364246267571
206,0.11590021322623922,-0.9175779245653004,-0.09407811582357184
207,0.11550664636133695,-0.9282146160649996,-0.11032505297218181
208,0.11477548055091963,-0.9313711684748225,-0.12791984516892835
209,0.11410439809208411,-0.9256134842329051,-0.14631912113512097
210,0.11361180501766949,-0.9127851790104744,-0.1639362705551468
211,0.11340093557396813,-0.8972031620045082,-0.18045035725861813
212,0.1136266191413558,-0.88399386664968,-0.19639262142677522
213,0.11407642000469459,-0.8772089669016743,-0.21257566052333698
214,0.11441653547155839,-0.8784112298373998,-0.22984827647230655
215,0.11452747984033945,-0.8862205639699523,-0.2480781904623528
216,0.11430936385894847,-0.8969413479914237,-0.26637969995618493
217,0.11393628875361655,-0.9059960508437528,-0.2840391104874357
218,0.1135848009461527,-0.9096115990551428,-0.300871306025564
219,0.11313918901361963,-0.9061392354696411,-0.31674293268731457
220,0.11274193167469115,-0.8965495376634549,-0.3325835603974512
221,0.11259486282585418,-0.8839629678554943,-0.3502527936255333
222,0.11265704894598322,-0.8724302099926442,-0.37048091165767905
223,0.11288906517862018,-0.8654362414490713,-0.39296642846766694
224,0.11321209548828248,-0.8645961229591363,-0.4172754599496312
225,0.11338258905152904,-0.8693418916433355,-0.4427568843806673
226,0.11329080698658717,-0.8772841538474783,-0.4686969424571694
227,0.11296242904756565,-0.8847904007892238,-0.4950164659529732
228,0.11247896415048764,-0.888501187848076,-0.5214417203842936
229,0.11381305311038514,-0.886727709108944,-0.5462161790889601
230,0.11623090575415551,-0.8798261268170973,-0.5664089107446613
231,0.11534308748955929,-0.8699311391331399,-0.5795307352783645
232,0.11424554816720123,-0.8601193819564124,-0.5850962854013821
233,0.11566333567161946,-0.8532826579427066,-0.5847700345091069
234,0.11510575142598056,-0.8511150281815367,-0.5814764686286311
235,0.11287025360001912,-0.8535721167764212,-0.5782483472172293
236,0.11192039856184,-0.858974626793112,-0.5771983357918706
237,0.11190071666689733,-0.8646867870800676,-0.5789416360060498
238,0.1118269741839189,-0.8680983854965674,-0.5826200931116663
239,0.11151845168261798,-0.8675459792706337,-0.5864555120423314
240,0.1111162021912116,-0.8628506305854438,-0.5885778914326323
241,0.11074503885228543,-0.8553030516712496,-0.5877981333444471
242,0.11214084025001464,-0.8471315611801269,-0.5840453018620346
243,0.11607031856649619,-0.840668628381211,-0.5783374716207366
244,0.11939928605192862,-0.8375258182022711,-0.571814985752717
245,0.12045498905403612,-0.8380665620222647,-0.5637935646551859
246,0.11888078438472466,-0.8413452474587926,-0.5520062444601503
247,0.11643247019101693,-0.8455080557576591,-0.5352243230162526
248,0.11731126444511919,-0.8484895677671886,-0.5140477847141489
249,0.11981794618012076,-0.8487452352207727,-0.4889188275117071
250,0.12051431575369892,-0.8457621662437211,-0.4586315685479039
251,0.11988168395777188,-0.8401826921824376,-0.422399054996065
252,0.11900142932616131,-0.8335194091897038,-0.38132925505294635
253,0.11830736863614033,-0.827583519543448,-0.33790147563967166
254,0.11811386895981413,-0.8238407282757481,-0.2958004754344249
255,0.1185337709514786,-0.8229217432721656,-0.2573391743397222
0,0.11918592629921554,-0.8244479939491522,-0.22203308718938342
1,0.11962465292416391,-0.8272152502380967,-0.1886271719571645
2,0.11966556017614599,-0.8296521179054093,-0.15598172204374627
3,0.11949198888906437,-0.8303805716735004,-0.12422707084536305
4,0.11915752135428942,-0.828680393839373,-0.09485922501649163
5,0.11857191697894387,-0.824703398953655,-0.06890338767805543
6,0.11798414430062726,-0.8193774805773248,-0.04597205952505401
7,0.1175835032985112,-0.8140497571177969,-0.024372129539967063
8,0.11732434949851589,-0.8100043861278918,-0.0025804723334669766
9,0.11731297287804188,-0.8080260079955435,0.020523763949935964
10,0.11761330200624809,-0.8081552073266394,0.045629777287527123
11,0.11793724928475074,-0.8097095491671054,0.0721644170556609
12,0.11808728410194924,-0.8115499286026853,0.09884371081707377
13,0.11803167905974127,-0.8124899169711548,0.12421746513752246
14,0.11770808364670787,-0.8117024611989745,0.14707764048696453
15,0.11724528178814281,-0.8089862083154253,0.16714303211064357
16,0.11683401922703862,-0.8048075991284249,0.1847423637698235
17,0.11641073968389315,-0.8001143691426011,0.20107931928115513
18,0.11598987705716257,-0.7959933719187626,0.21862329997033447
19,0.11585651980636114,-0.7932949689249729,0.239003084693152
20,0.11608139814672652,-0.7923523973996307,0.26213718116271145
21,0.11652279057512066,-0.7928873541902728,0.28677903896359913
22,0.11689553689511467,-0.7941267393138918,0.3101704294823837
23,0.11693488568352911,-0.7950833904163774,0.3294440619075877
24,0.11665166773149505,-0.7949000158798585,0.34285767599298445
25,0.11616624570794959,-0.7931376489268991,0.3501614673094312
26,0.11571402087521981,-0.789912558043488,0.35340773137215653
27,0.1153148546044725,-0.785839777363806,0.35582243317558127
28,0.11491375295440082,-0.7818081190107089,0.3594339110615342
29,0.1147429914401154,-0.7785855200460599,0.36471581251416085
30,0.11496008328185109,-0.7767377025916098,0.3720882288541614
31,0.11533530480289717,-0.7764891887650036,0.381559587278576
32,0.11555089047511058,-0.777284231803387,0.3922190720686307
33,0.11552913096774298,-0.778080889901259,0.40333139802632156
34,0.11529335539793717,-0.7781170386095866,0.4139392784639886
35,0.11499446557179938,-0.7770664649819374,0.4227613736497693
36,0.11468648421019167,-0.7747327731011042,0.42955850159639586
37,0.11427347015342743,-0.7712947790070013,0.4350317099904508
38,0.1139202229720721,-0.7674685911953338,0.43965668065181074
39,0.11382204764966947,-0.7641023333617831,0.4436054478972984
40,0.11392034208681262,-0.7618386779514348,0.44699650198517604
41,0.11408116386267664,-0.7609060041174136,0.449782293794315
42,0.11410248823177294,-0.7610607414539254,0.4517931558386348
43,0.1139535011867085,-0.7616859120525548,0.4525437371785064
44,0.1138159296052233,-0.7620130806970327,0.4514917370411966
45,0.11372177487388263,-0.7613931085713084,0.4488623578255857
46,0.11353150920630112,-0.7595217240642631,0.4456923895144753
47,0.11315179885953042,-0.7565410554477019,0.4427630667689655
48,0.11270330923333266,-0.7529825658122853,0.4392507996045716
49,0.11244751071077641,-0.7495733923113286,0.43357795806164035
50,0.1125407843625098,-0.7469762581388528,0.4254319752090756
51,0.11286291117752967,-0.7455558602311134,0.41530972862146065
52,0.11301652572746707,-0.7452541839809557,0.4032464449533273
53,0.11280399128572272,-0.7456175955391444,0.38904601102368896
54,0.1124613400773975,-0.7459641358615716,0.37294140732120296
55,0.11216246400579577,-0.7456296808869896,0.35572978156204194
56,0.11197192615831797,-0.7442042353370948,0.3378286440997428
57,0.11191912925813324,-0.741674186296615,0.31918960038283206
58,0.11187011854681755,-0.738420946910886,0.30026843594321595
59,0.11177433673503073,-0.7350784002807054,0.2820645909437358
60,0.11171817829082259,-0.7323021050983509,0.2654106857895179
61,0.11164756582042074,-0.7305342058640729,0.2499708723647629
62,0.11156393028163436,-0.7298484564393231,0.23505302820296847
63,0.1116057916008793,-0.7299298674934671,0.22095467297478288
64,0.11164581702098714,-0.7301943268436548,0.20844964021308232
65,0.11142666332683326,-0.7300030659358676,0.1971773238700173
66,0.11104407945746697,-0.7288932981711322,0.18687204028566595
67,0.11080177132404961,-0.726741657420515,0.17893373324999973
68,0.11069107097209974,-0.7238025563993906,0.17360260870543753
69,0.11049823086504107,-0.720609649768263,0.16953556357330646
70,0.11029443975694325,-0.7177782605163434,0.1662801356385874
71,0.11031032987094852,-0.7157818517392989,0.16351290789642187
72,0.11036120001641692,-0.7147838272097482,0.15994528866329716
73,0.1101954718110445,-0.7145845418060435,0.15545914485700824
74,0.10996048287715748,-0.7147006233771631,0.15122898469692747
75,0.1098549753297629,-0.7145454312303134,0.147129391326278
76,0.10986483476815262,-0.7136433481060349,0.14245038099406532
77,0.10979590745661783,-0.7117995634608605,0.13762648674350392
78,0.10950922604158747,-0.7091646427702698,0.13348965648096728
79,0.10917849253135942,-0.7061725660250215,0.13110092640072357
80,0.10901332498091154,-0.7033773168069983,0.13128459912257273
81,0.1089005426488156,-0.7012494740500455,0.1338337926253242
82,0.1088795373976264,-0.7000075372768768,0.13874543747548412
83,0.10895892226084491,-0.6995445121673987,0.14686633172248736
84,0.10894237953968161,-0.6994743277288795,0.15877253488065451
85,0.10880941105845793,-0.6992785105666854,0.17234654162828306
86,0.108602792616526,-0.6984974867589575,0.1837723212761973
87,0.10845306686508144,-0.6968959026429826,0.19276973008406362
88,0.10827335234262708,-0.694460020581722,0.2022592089929307
89,0.10801685150954932,-0.6915744678690647,0.21284372171651955
90,0.10793851768340851,-0.6889233463200735,0.22233110965780123
91,0.10956280148510655,-0.6868677891787114,0.2289267372332835
92,0.11178568333419103,-0.6854875133618312,0.23185914043853983
93,0.11078113079044904,-0.6847724111898872,0.2326538981700017
94,0.10825251779653372,-0.6844793239894837,0.2345504062764573
95,0.10889123182215571,-0.6841886845583809,0.23767989120320143
96,0.11132248079006068,-0.6834748423171939,0.23995080352214904
97,0.11067221331413624,-0.6820759957554074,0.24077033200553644
98,0.10818196830339843,-0.6799896557544396,0.23961918324806486
99,0.10860449947500289,-0.6774653671729771,0.2356456909735294
100,0.11227394280755731,-0.6749052214592166,0.22988947030731532
101,0.11534505129127115,-0.6727126539968065,0.22398437747643185
102,0.11599600637306884,-0.6711458397034478,0.21809168034940607
103,0.11563029449999424,-0.6702284429986916,0.21210549677841906
104,0.11535516960616327,-0.6697482932832541,0.20650142007206684
105,0.11556653959588004,-0.6693417922774338,0.20143606311363438
106,0.11604537644223129,-0.6686307261101294,0.1964004632014109
107,0.11643468918813332,-0.6673600708911767,0.1913694766755637
108,0.114875325258531,-0.6654866146854594,0.18650740755958461
109,0.1120963245809844,-0.6631877283860692,0.1810683954498553
110,0.11052469257376096,-0.6607896929367758,0.17425817807955624
111,0.10813323804908886,-0.6586443045394861,0.16584016408613284
112,0.10695158466663535,-0.6570003587771416,0.15586436983145063
113,0.1099871749269079,-0.6559169135925158,0.14507845500587274
114,0.11324277085628937,-0.6552484310816267,0.1350126539073116
115,0.11409511964001667,-0.6547047094275642,0.1268515770133281
116,0.11399095743312604,-0.6539612089830193,0.12071696379409513
117,0.11414352352127677,-0.6527779101157407,0.11567098418051325
118,0.11453763275938211,-0.6510832337470884,0.1100956036979922
119,0.11484301644174161,-0.6489938233135197,0.10308559846111687
120,0.11481160639842414,-0.6467653594009024,0.09522440862633252
121,0.11448180684560927,-0.6446948112224105,0.08740009487678235
122,0.11393691666977923,-0.643011400124976,0.08052470101106973
123,0.11319068409727923,-0.6417962391483589,0.07646837149055286
124,0.11254088422416791,-0.640958680934258,0.07628215397056465
125,0.11229027426955451,-0.6402757500548377,0.07814330531656818
126,0.1123435930865751,-0.6394779106953608,0.08044770753005126
127,0.11266446583096779,-0.6383482863259173,0.08415039377318345
128,0.11311958189140953,-0.6367988837664884,0.09036026476295445
129,0.11336213602043332,-0.6348971713177582,0.09924428533833482
130,0.11170572324269412,-0.6328354193652084,0.11061219041761483
131,0.10902651538776326,-0.6307738036434234,0.12394662902395631
132,0.10938811956512079,-0.6289602376526278,0.1379958985226018
133,0.111347845290933,-0.6276902678305223,0.15183148515415745
134,0.11178410445962444,-0.6268343134483818,0.1658916412463911
135,0.11123130153256527,-0.6260621861852635,0.18007638734021508
136,0.10914490926516202,-0.6251826787073007,0.19393951355704214
137,0.10689410197416888,-0.624059947489958,0.2082461040572492
138,0.10823136212594847,-0.6225396363843945,0.2231779520383924
139,0.1111590646659591,-0.6206937221299123,0.23804453143404602
140,0.11218480423530097,-0.6188526026597554,0.253318879762508
141,0.11175286046138172,-0.6171158573668136,0.26994439345162846
142,0.11098210112211254,-0.6154855877231002,0.28758316035165554
143,0.11025569562092719,-0.6140809845392341,0.3052584731587654
144,0.10965792686614045,-0.6129438100087097,0.32293626384991225
145,0.10952705166547483,-0.611989113575784,0.34087021064848533
146,0.10987073666018404,-0.6110538393133333,0.35844620879893885
147,0.11024781326892735,-0.6099734119112374,0.37524787746615407
148,0.11047039074169213,-0.6086454937249877,0.3911799061838096
149,0.11051826342792481,-0.6070629680505626,0.40579158347649136
150,0.11030200665400569,-0.6053106713357026,0.4190247429322145
151,0.10991001548237794,-0.6035303366039075,0.43112519106036484
152,0.10785946122999973,-0.6018675091191705,0.44240494289196475
153,0.10332927534091474,-0.6004197280128205,0.4529933661116663
154,0.10138843107613271,-0.5992041674472934,0.4627137696480539
155,0.1047990351230339,-0.5981553183221662,0.4713664123894994
156,0.10686411552597036,-0.5971521286827377,0.47860731063546313
157,0.10527759821748434,-0.5960635579410258,0.4850717185854285
158,0.10556349256476505,-0.5947954859317932,0.4915182763527608
159,0.10762638655439793,-0.5933222763497823,0.49709121830043546
160,0.10840913975462618,-0.5916925664951431,0.500632810052843
161,0.10822540400181313,-0.5900085066489518,0.5013492835673843
162,0.10797546693933996,-0.5883871052081715,0.4986960963816669
163,0.1080082783390327,-0.5869182224943577,0.49315950802086883
164,0.10816775384758737,-0.5856342032747044,0.48598520800350453
165,0.10809397489975558,-0.5845012715095614,0.4782279854239857
166,0.10788221144366805,-0.5834346264849883,0.4705753609244936
167,0.10767248072358526,-0.5823307384518572,0.4635033946617124
168,0.10738803401250707,-0.5810221942653913,0.4563525936143398
169,0.10709710241648746,-0.5795159993502161,0.4479671822437359
170,0.1068066990530131,-0.578035977557537,0.43855486326590776
171,0.10660250185104053,-0.5765685529199793,0.42884476361671964
172,0.1065854863873717,-0.5750379408505382,0.41959622757394355
173,0.10665455574767735,-0.5735490764303637,0.4119651957770869
174,0.10668634803397165,-0.5721965740390889,0.4068998862689235
175,0.10668901573076206,-0.5709939182267687,0.40369466983889746
176,0.10668522514978568,-0.5698847197870278,0.40033988437110124
177,0.10646186461077944,-0.5687804131033698,0.3961152555701979
178,0.10604757103118001,-0.5675977060196888,0.39129180239388317
179,0.10580341847929114,-0.5662868348498593,0.38576175400151125
180,0.10567740345634952,-0.5648460207915258,0.3801647504927532
181,0.10548483738316583,-0.5633193290180745,0.37543774908310223
182,0.10536772738944333,-0.5617792209414274,0.37079823529760236
183,0.10538252755743244,-0.5603001224229041,0.36468382463335536
184,0.10539108641625544,-0.5589324386525136,0.3567477968723024
185,0.10536714507163203,-0.5576860461006012,0.34752864176446796
186,0.10532995367724213,-0.5565286179515707,0.3374182986487214
187,0.10508209738369645,-0.5553987152154862,0.32652297340212166
188,0.10458342469123855,-0.5542284313330295,0.3152414379146903
189,0.10415867553836938,-0.5529672957307135,0.3045486686215769
190,0.10407595031470757,-0.551599082757988,0.2952092787389754
191,0.10421105228329391,-0.5501460068990844,0.2869888397682988
192,0.10423990550175521,-0.5486593980207806,0.2788301672006176
193,0.1041532992606366,-0.5472006692803935,0.27054066165258095
194,0.10406044941287218,-0.5458195818360034,0.26293665575810377
195,0.10399637393319677,-0.5445374441980348,0.2558041965960606
196,0.10387957927028107,-0.5433408556357209,0.24864567458761389
197,0.10361626710511884,-0.5421877259058117,0.24249130011885045
198,0.10331193384125187,-0.5410229935268795,0.23825621942163422
199,0.1030794041068025,-0.5397982219805746,0.23559315998712882
200,0.10296748652979842,-0.5384881466207228,0.23443029971223794
201,0.10287931539215217,-0.5370985699817221,0.2344218989275101
202,0.10280432186062599,-0.5356632048134611,0.23424451473852737
203,0.10279350039824381,-0.5342309684695568,0.2338689031916633
204,0.10283261889483453,-0.5328484711835366,0.2347735454202856
205,0.10280385798485109,-0.5315439257306516,0.23747587794842995
206,0.10250402013380788,-0.5303179927638351,0.24158612286787484
207,0.10206967015611179,-0.5291444880315372,0.24722730665658932
208,0.10182208478267463,-0.5279803711645938,0.25420735647629344
209,0.10175086384415255,-0.5267812493155077,0.2616831174047377
210,0.10162543085148923,-0.5254344134582054,0.2695698734317715
211,0.10149026776091125,-0.5239782947978162,0.27823268700737236
212,0.10146535426279979,-0.522635381646551,0.287334778122072
213,0.10147327050466287,-0.5213605637396992,0.2961508774357655
214,0.1015001552443297,-0.5200292236732511,0.3043009143409523
215,0.10146104031737291,-0.5186982143590182,0.31123439882454784
216,0.10116980988606977,-0.517431403794492,0.31635653628450733
217,0.1008428556594837,-0.5162383514452342,0.3204936364489914
218,0.10074490397544555,-0.5150851702237524,0.32461696319141276
219,0.10073241635762581,-0.5139227734512712,0.3286586369441383
220,0.10068729560258355,-0.5127096924354582,0.33294775797927445
221,0.10057176160350023,-0.5114258849150646,0.3378507945375293
222,0.10036558096934428,-0.5100778447427625,0.34261401743858944
223,0.10019706360349034,-0.5086950338266247,0.3464955021969197
224,0.10018103307245557,-0.5072364225421131,0.3493307805671194
225,0.1001626931898486,-0.5057849905350582,0.35073992263121756
226,0.09997283802517049,-0.5045657370734107,0.35037488279112994
227,0.09976567868179859,-0.5034941684894754,0.3482943226962357
228,0.09961067038966076,-0.5023792347664828,0.3445277757913737
229,0.09945779388936926,-0.5012083286452802,0.3391246474260321
230,0.0993618843926633,-0.4999973761530778,0.33267008985382474
231,0.09926189081893755,-0.4987459221096211,0.3256030540319156
232,0.09916576348474776,-0.4974506536187211,0.31788988464845913
233,0.0991313891759889,-0.4961219169424753,0.3103083686904162
234,0.09898609753312909,-0.49478486402084987,0.3039646619469135
235,0.09879111733685231,-0.49346952233402597,0.29844891474021074
236,0.09870941756483226,-0.4921985432298448,0.2924547340950584
237,0.09859005316117381,-0.49097866662149126,0.2854820833227525
238,0.09836879743192994,-0.4897986241766408,0.27772268220691143
239,0.0980825943193892,-0.4886336283559516,0.2696968923953246
240,0.09785827336547226,-0.4874545366123111,0.262254688003433
241,0.09781334637099742,-0.48623834368978214,0.2556403988274957
242,0.09785327686539008,-0.48497627376468855,0.24923803946494683
243,0.09786413461203286,-0.4836766407339965,0.24240696773256876
244,0.0977831340752846,-0.4823615443779652,0.23348900534221506
245,0.09768376436467052,-0.4810586898266773,0.2224013058351696
246,0.09746919014594341,-0.4797913485761087,0.2131840705441279
247,0.09711520161895121,-0.4785700984867065,0.20782200723038025
248,0.09691720597996867,-0.47738927909355056,0.20450507009178798
249,0.09687640140531784,-0.47622935029312985,0.2015153964286095
250,0.09676529129060824,-0.4750641960357762,0.198531143031337
251,0.09654159748219127,-0.4738706502510497,0.19575208541420713
252,0.09645262695825535,-0.4726367698638754,0.19252033081415276
253,0.09650685269159259,-0.4713658971314876,0.18824090075303962
254,0.09638243817882175,-0.47007513002278656,0.18311038562931092
255,0.09608957875919849,-0.4687888642473541,0.1768853651774413
0,0.09588748694447824,-0.46744740576028465,0.1686547614239582
1,0.0958432985550493,-0.4661081858960543,0.15864030397723305
2,0.09579628262174938,-0.4649728767927481,0.1479071421135117
3,0.09567706093881767,-0.4639441047962878,0.13661049123603675
4,0.09549381264541545,-0.4628327821206386,0.12475926837968326
5,0.09525287060025373,-0.46155971368498516,0.11308158114355027
6,0.09517401513542373,-0.4602091791081002,0.10209681590951833
7,0.09532218987366448,-0.4590069381420716,0.09183628915991915
8,0.09540542310664052,-0.4578814001342464,0.08270777356646483
9,0.09527027260402013,-0.45667688183068655,0.07525094429436738
10,0.09493155239232859,-0.45543054137380756,0.06922759748675167
11,0.0944665193687711,-0.45420369981024034,0.06398196884720153
12,0.09410444048801378,-0.45293695391859323,0.059304881160447215
13,0.0940293841907261,-0.45166462418304554,0.05531471384124054
14,0.09410188488420898,-0.4505660147394597,0.05208680259674327
15,0.09411175921504819,-0.4495354024107543,0.04940952326302245
16,0.09413411017277493,-0.44839143446411356,0.04614629412393274
17,0.0940701895804244,-0.4471565250015206,0.041070902495156505
18,0.09385441776775524,-0.4458932061286005,0.030513877120688024
19,0.0937312553381944,-0.4446422136495274,0.012439637963686509
20,0.09359268504999255,-0.44342145047182036,-0.005103941678036308
21,0.09326618075213852,-0.44223537740598595,-0.014514438624517026
22,0.09295321546066496,-0.441078884591797,-0.017256926176945436
23,0.09287115369324772,-0.4399387933926664,-0.0166760461389667
24,0.09298825134763483,-0.4387150235412314,-0.013634127644572225
25,0.09298305083258604,-0.4374358938048222,-0.008175351238044443
26,0.09270608319573356,-0.43629544871438086,-0.0009941826189716896
27,0.0924885459178196,-0.4352124315490218,0.007920838262562901
28,0.09243661048030033,-0.43403114187560954,0.018465296599929903
29,0.09227989174161422,-0.43279287864264315,0.027742039062248175
30,0.09211707784200285,-0.43156621807927076,0.03252964960521493
31,0.09205518868977852,-0.43038332070214813,0.032463569678269466
32,0.09187832132269239,-0.4292423972778374,0.02851567108566369
33,0.09162995354187015,-0.4281246121262341,0.021104330513425598
34,0.09154261508739361,-0.4270065820798763,0.011500459654473258
35,0.0915478349576434,-0.42586837883119144,0.0020400894673843414
36,0.09139484467826778,-0.42469917900175025,-0.006186630256004577
37,0.09122908519846559,-0.4235001961736369,-0.012709126965160314
38,0.0912573904187724,-0.42220127357058845,-0.017793207411249817
39,0.0912155622660156,-0.4208654408534376,-0.023604210696671953
40,0.09093626784026473,-0.4197135374205836,-0.0320112280783781
41,0.09073003705496074,-0.4185912620847565,-0.04276409457328325
42,0.09077592966096149,-0.41737667492994435,-0.05527364644990876
43,0.09075358509396272,-0.41628793467031944,-0.06986899506124467
44,0.09047082058310654,-0.4152796081032213,-0.08640205969584067
45,0.09024066403678913,-0.41419224425381107,-0.1038346116761355
46,0.09025589908532647,-0.41303932421225875,-0.12080642165353916
47,0.09029328924719102,-0.41178091823412455,-0.1362660278210001
48,0.09020899425251325,-0.41048361606312933,-0.15240854451857305
49,0.0899890989358475,-0.40935683748686524,-0.17090894447658955
50,0.08974490749251302,-0.40832052391527385,-0.1863692656296963
51,0.08961047146990353,-0.4072105362546292,-0.1942621214511751
52,0.08953054386456322,-0.40605296623421006,-0.1967453364316542
53,0.0895207017544011,-0.40489895334858206,-0.197284788623165
54,0.08951154068846623,-0.40376684409247754,-0.197139815152777
55,0.08938923505503912,-0.4026494181191955,-0.19582384768559113
56,0.089128750432276,-0.40153239406722596,-0.19289137216936347
57,0.08884076417729686,-0.4004048096687576,-0.18788365165482812
58,0.08867341989983663,-0.3992621586991745,-0.18058984327642658
59,0.08858653326879543,-0.39810636603237115,-0.17197959166814253
60,0.08851821335574969,-0.39694432753407427,-0.16284576265614448
61,0.08835307026717251,-0.3957853197143073,-0.15371613210257967
62,0.0882073309344501,-0.39463774450411937,-0.14690750989076512
63,0.08823908708807143,-0.3935061969200835,-0.14575545144519447
64,0.08816866260070072,-0.3923899099772432,-0.150598062359459
65,0.08792348756865775,-0.3912831511492241,-0.15774680588889772
66,0.08779186453078722,-0.39017740360088005,-0.16277592329716378
67,0.08768695514258185,-0.38906450384911295,-0.164099792713722
68,0.08742554856094822,-0.38793957594218154,-0.16346554473888175
69,0.08718284170354901,-0.38680270491002977,-0.16265672093195255
70,0.08706829027546073,-0.3856587765489006,-0.16185171109716578
71,0.08699726945545297,-0.38451558853485324,-0.16055010029751948
72,0.08697734389158007,-0.38338095942266825,-0.15852195993396356
73,0.08694659950877223,-0.38217747336055274,-0.15601419963033863
74,0.08672072680754705,-0.3809501247245951,-0.15292254650984116
75,0.08641110225506277,-0.3798978246428374,-0.14895647177527177
76,0.08620851506568691,-0.3789309139965882,-0.1436055213295948
77,0.08610068255164427,-0.377875483139389,-0.13624630314559244
78,0.086115846897492,-0.3767517567012343,-0.13041748869457237
79,0.08617292997089895,-0.3756121039501229,-0.12992575604349743
80,0.08604977754792484,-0.3744830182409177,-0.13004044001227616
81,0.08581853837362402,-0.37328678850068286,-0.12450661284690756
82,0.08572492738067583,-0.37206495644740156,-0.11377988334723232
83,0.08578719998087964,-0.37101628083852367,-0.10146800568530318
84,0.08580045406370065,-0.3700536186133735,-0.0898156629137093
85,0.0855933634260804,-0.36900586913133226,-0.07891723209746004
86,0.085309740344061,-0.3678947345244187,-0.06801314839540346
87,0.08522681727507131,-0.36677217245178473,-0.056014737957741034
88,0.08527239556762761,-0.3656626011829873,-0.0416422515326991
89,0.08525597931692713,-0.36456775925381557,-0.02549770191808584
90,0.08509096570733748,-0.3634818271359036,-0.009678029006609142
91,0.0847718974690348,-0.36239885159298235,0.0048557406858224655
92,0.08456193703846346,-0.36131436275960094,0.017617861730406872
93,0.0845035622935956,-0.36022565417754904,0.027206502006164687
94,0.08439868390527097,-0.35913220345661845,0.03256993140865405
95,0.08432020701313242,-0.3580357882551475,0.03456985242673813
96,0.08427512446873475,-0.3569397900914508,0.03515744048992499
97,0.0840964064843539,-0.35584781723077474,0.03574363968016356
98,0.08379052302703818,-0.354762241160146,0.03726123668322319
99,0.08363777861461402,-0.35368328520755143,0.040263774305886374
100,0.0836682168333264,-0.35260902888442325,0.04402354550091209
101,0.0835678032519423,-0.3515362855062856,0.047115891940720314
102,0.08333777666157022,-0.3504619548627327,0.04873461071527427
103,0.08313204238636399,-0.3493842802198598,0.048722570037606744
104,0.08295197962780179,-0.34830350371963625,0.047539691676345086
105,0.08286258178505626,-0.34722168062713854,0.04577539114778503
106,0.08290729871910199,-0.3461417637316213,0.04363704762172321
107,0.0829363976452546,-0.3450663599313001,0.0411233259427273
108,0.08279120645693544,-0.34399667839818215,0.03523635790242337
109,0.08259106958882018,-0.342932090544424,0.023372710556336454
110,0.08257771733754943,-0.3418704572243687,0.010965864291227118
111,0.08256981846562164,-0.3408090609543991,0.004770653755820538
112,0.08233042845633534,-0.33974574054860873,0.005059276294400065
113,0.08211350224092262,-0.33867975813386253,0.00892356911336924
114,0.08201377603660001,-0.3376120536358308,0.0141508576079405
115,0.08187063521388774,-0.33654480374897144,0.02025125983820171
116,0.08168974717175834,-0.3354804887947893,0.02726229796582233
117,0.0814432965960088,-0.33442086455536624,0.03456489088006552
118,0.0812910644697026,-0.3333662622200326,0.041623429428318925
119,0.0813900173541994,-0.3323154926033247,0.047801178160705254
120,0.08151309820232736,-0.3312663757718165,0.05169119361292407
121,0.08150093649255483,-0.3302166616280904,0.05233692708936788
122,0.0813991758510649,-0.32916495460656214,0.04950011889197933
123,0.08117964579136791,-0.3281112647353923,0.04300637527168005
124,0.0808251286758205,-0.3270569698219703,0.0337428612332263
125,0.08059021492986926,-0.32600421934292056,0.023563000145770827
126,0.08060505963000458,-0.32495503713525853,0.01422342722486468
127,0.08055063306990218,-0.32391049592166965,0.00767421087250748
128,0.08033878138657599,-0.32287029839031733,0.004861592187218771
129,0.08025098772709979,-0.3218329260862489,0.004355372099824289
130,0.08027231150900013,-0.3207962825760884,0.004730079696880021
131,0.08024411375602178,-0.3197585586544801,0.00600362056073418
132,0.0800846457921166,-0.3187189632596408,0.0073748581395056845
133,0.07986482655765981,-0.3176780260860014,0.007092119133898171
134,0.07971323981711606,-0.31663735866336373,0.0052932819397942775
135,0.07950727248954442,-0.31559898098816286,0.0038658202002475467
136,0.07932967825497764,-0.31456449514550533,0.0039030375726449504
137,0.07925287162431374,-0.3135344437899953,0.005660224024711481
138,0.07905558081152739,-0.3125081082901161,0.00954876502932528
139,0.0788771017459722,-0.31148381967556993,0.01526311274472549
140,0.07883578689578716,-0.3104596476221124,0.021467892600115952
141,0.07878955316336153,-0.3094341824543666,0.02737380598732082
142,0.07880284301587928,-0.30840709333591576,0.032280421682159284
143,0.07876040994388042,-0.30737924318807053,0.035454630091921416
144,0.07850413122906616,-0.3063523223945823,0.03767129726057575
145,0.0783115878703054,-0.30532815653231693,0.03977673703018719
146,0.07826272525154904,-0.3043079724231903,0.041647034019912293
147,0.07817133725926931,-0.3032919171668794,0.044298975062162654
148,0.07802230114207276,-0.302279017234492,0.04916042755706691
149,0.07777783987922338,-0.3012675859612165,0.05550919737343364
150,0.07751742909461498,-0.30025590823417225,0.06207259560588764
151,0.07737230066853906,-0.29924292400868113,0.06863365976537555
152,0.07738019715230285,-0.29822863834434776,0.07488958561370757
153,0.07743553935563777,-0.29721410005932825,0.08023572278190619
154,0.07738788913298714,-0.29620096593287093,0.08450449017267331
155,0.07735161200827753,-0.29519083183980066,0.087561680708576
156,0.07725021575698296,-0.29418460114356004,0.08896681201117834
157,0.07694740261399058,-0.29318213967618467,0.08911125631349076
158,0.0766508112016647,-0.29218234838969737,0.08927883955382349
159,0.07648989397689795,-0.29118361643123913,0.09026182580722578
160,0.07639490070386212,-0.29018446718554614,0.09201820296017435
161,0.07629992106928268,-0.28918413785188035,0.09426525037228345
162,0.07618669596472319,-0.2881828651390257,0.09651058800377238
163,0.07606242375016956,-0.2871817710491297,0.09814718098772476
164,0.07602007434544894,-0.286182402208469,0.09930215857620889
165,0.07610365855568199,-0.28518611202477295,0.1001491415767568
166,0.07606722233805799,-0.28419353283312554,0.1003985213264173
167,0.07587124675016077,-0.28320434343093115,0.0999605529181074
168,0.07579934589376333,-0.28221741627101016,0.0981044320467011
169,0.07582368244182697,-0.2812312776827819,0.09342846373251179
170,0.07578007156330357,-0.28024469344751923,0.08604444404892295
171,0.07559263047072276,-0.2792571460101696,0.079082352270405
172,0.07369585567026155,-0.2782690191658107,0.0767295081355567
173,0.06947206550283655,-0.27728142591606153,0.08004885968724595
174,0.06619015615131271,-0.27629575493898595,0.08699396556349293
175,0.06545610720998182,-0.27531312070898695,0.09599673098956496
176,0.0672282718268287,-0.2743339352963915,0.10634294643013975
177,0.07118227756197235,-0.2733577655721091,0.11797351235807368
178,0.07379097057000514,-0.2723835241111987,0.13115495210407252
179,0.07368499329500847,-0.27140991039795215,0.14511827888012796
180,0.07310296621612841,-0.2703534894712434,0.15910160930153666
181,0.07321598777403371,-0.2692584523993735,0.1728367090950132
182,0.07387084209989617,-0.2683282782018337,0.1851761324822901
183,0.07471137990669935,-0.26748143500265187,0.19469479509720233
184,0.07540546643632004,-0.26655263597083634,0.20136441950403672
185,0.07562830898990369,-0.2655680634747499,0.20594774331870502
186,0.07506568897662236,-0.26458128051704066,0.20853530422425126
187,0.07225580655020408,-0.2636149115988783,0.20895122408529954
188,0.0671139851167103,-0.2626663069820695,0.2088263021040725
189,0.064867679929318,-0.26172441395661483,0.2108018618547055
190,0.06796292422225256,-0.26077915495043,0.21585647477972658
191,0.0716012086059537,-0.2598244588010028,0.22368256732312064
192,0.0728700598749688,-0.2587765073455365,0.2338295813392839
193,0.07293601097147448,-0.25768285343887354,0.24583075655328945
194,0.07301628117090261,-0.2567526552731373,0.258751460480362
195,0.07328058191668774,-0.255910265458681,0.27091134557492946
196,0.07330491146268978,-0.254911895550309,0.28038456099483644
197,0.07142541944375949,-0.2538288376223651,0.2855677514000645
198,0.06874159157075127,-0.25291485643603784,0.28746910318371555
199,0.06926194926294646,-0.25210499328087776,0.2888844289133681
200,0.07129315020269658,-0.25122490113858864,0.2907127085657608
201,0.07166507592817337,-0.2502853827226207,0.29282337725805063
202,0.07116069314054355,-0.2493292196200707,0.295233262489777
203,0.07098262150688311,-0.24837597877437623,0.29769824188076555
204,0.07133863958581829,-0.24742703868602478,0.2998746720839818
205,0.07177960071922151,-0.24648003629834436,0.30129160420647383
206,0.07206222874899337,-0.24545234322520748,0.3021033589694534
207,0.07221910444386762,-0.2443898441264627,0.30338203551816667
208,0.07211538241795154,-0.24349656173919343,0.3060825620394796
209,0.0716492281146818,-0.2426896500106297,0.31116057110028494
210,0.07108568824772837,-0.24180125918968176,0.319685613146529
211,0.07054508101064175,-0.2408549315640257,0.3308552205350326
212,0.07005177429945289,-0.2399025808580506,0.3415867378401942
213,0.06987552648813464,-0.23896673878032237,0.3492053550551668
214,0.07017250260157684,-0.23804614106869926,0.35316538851465373
215,0.0706812300942666,-0.2371319686450899,0.3540500737219422
216,0.07095271557244723,-0.23621632145309068,0.3525251017818405
217,0.07098840482440294,-0.2352944302569896,0.3491874549317151
218,0.0709409256399568,-0.2343649057729401,0.34331696813096024
219,0.0705928220275151,-0.23342957232613104,0.3341799160660176
220,0.0699861399682499,-0.23249269464402156,0.3236712551468417
221,0.06954556300586676,-0.2315594237003753,0.3143190687224501
222,0.0692963330725318,-0.23063388271130136,0.3071542027356684
223,0.06918541406118456,-0.22971763893388253,0.3024749336649273
224,0.06931179186293901,-0.22880917663539058,0.29984310907716527
225,0.06956870058973039,-0.2279045626178735,0.2975355739961336
226,0.06978846574712569,-0.226999014577404,0.2931259872205245
227,0.06975870681233479,-0.22608874245087685,0.2834088815189779
228,0.06955638056973512,-0.22517235138821057,0.26613238869894174
229,0.0692921955885335,-0.22425128769575298,0.24430797473525523
230,0.0689053483955526,-0.22332919159039955,0.2245021186937357
231,0.0669435127171423,-0.22241044105219476,0.20925831073196333
232,0.0643040106933978,-0.22149846838166065,0.19582605487494575
233,0.06503633671403555,-0.22059449628094352,0.18232219260026694
234,0.0677092395913382,-0.21969715760813646,0.16937857937420964
235,0.06878941891742471,-0.21880311008635167,0.15685147531560878
236,0.06856449907904247,-0.21790837504274352,0.14455268910448743
237,0.0682293656324495,-0.21700986516247456,0.13316441206799629
238,0.06807975018836987,-0.21610651496647992,0.12226513202698208
239,0.06791170198145169,-0.21519960130369387,0.1106851565138196
240,0.0677816546621153,-0.21429216526051875,0.09716983421217101
241,0.06772367010673241,-0.21338779104292271,0.08048307081058834
242,0.06771744113832046,-0.21248923041454748,0.060918055948004105
243,0.0677439324241852,-0.21159740000001326,0.04020174207810884
244,0.06765688911063963,-0.21071111500321638,0.020177854703988835
245,0.0673515210679698,-0.20982762788068732,0.0021348474880754087
246,0.06701854353052436,-0.2089437332715739,-0.013486350702474129
247,0.06695737181380454,-0.20805699637989894,-0.026425061649760558
248,0.06700902472580739,-0.2071666345232469,-0.03663686258645697
249,0.06691625558822945,-0.2062737346484662,-0.04490678000287422
250,0.06687889737132255,-0.2053807555172763,-0.05221626422939274
251,0.06692536846723937,-0.20449053612754364,-0.05936286905058061
252,0.06676019966220767,-0.20360520842315755,-0.06700714826674481
253,0.06649782631196305,-0.2027254294307813,-0.07506586896472422
254,0.06637409836676972,-0.20185020740321813,-0.08297430342727274
255,0.06627286228341642,-0.20097735807934147,-0.0904036165329552
0,0.06604568987629902,-0.20010438690704835,-0.09660584913416942
1,0.0658330158065068,-0.19922944288135125,-0.10064124707635402
2,0.0658051055308938,-0.1983519801804421,-0.10261380493323632
3,0.06588937076850976,-0.19747289306068638,-0.10357239394597118
4,0.0659625096815043,-0.19659410130669885,-0.10449090213382495
5,0.0659399384601062,-0.1957177721786807,-0.10590787897069226
6,0.06587612931571679,-0.19484549209822555,-0.10838342105912468
7,0.06566623493908064,-0.19397770336838982,-0.11169209676001263
8,0.06529163520856404,-0.1931136035330957,-0.11467556430466652
9,0.0650644997341685,-0.19225151898054726,-0.11680744128487447
10,0.06492481465179345,-0.19138958458353095,-0.11761229678757928
11,0.06470652980862121,-0.19052645505039678,-0.11635908388247992
12,0.06465813457569594,-0.18966177781082616,-0.11307201748895998
13,0.06489079865272734,-0.18879626372947034,-0.10844599795446783
14,0.06502325467647493,-0.18793135318213094,-0.10340213408962326
15,0.06481809233104527,-0.18706862856844042,-0.09864565744338083
16,0.06448825249073378,-0.18620921106845073,-0.09425851773364063
17,0.06428731809620508,-0.1853533699808021,-0.08929306040059048
18,0.06423947763824248,-0.18450047840241507,-0.08266331604287114
19,0.06409157546740768,-0.18364930907701243,-0.0741264592838391
20,0.06540238071884477,-0.1827985360278162,-0.06442827942953175
21,0.06755833942329142,-0.1819472387271503,-0.05460552590884969
22,0.06671761537091114,-0.18109521827248387,-0.04533699814093158
23,0.06601788463643996,-0.18024301925448638,-0.03754123571550473
24,0.06764590729471437,-0.17939166993412087,-0.03218479743894386
25,0.06873458629332435,-0.17854225950034092,-0.030007524876478744
26,0.07061761945491327,-0.17769552421663504,-0.0319528434921903
27,0.07278294323746601,-0.17685159810367873,-0.03826204809290995
28,0.07319228888358073,-0.17592757676558318,-0.04723549077464462
29,0.07275257383391145,-0.17496712246775664,-0.05631178042832494
30,0.0724123471122273,-0.17417237101761718,-0.06373478860808643
31,0.0723531629173996,-0.1734601689324321,-0.06875006163457342
32,0.07239040600230409,-0.1726639432358678,-0.07100078462341652
33,0.07246363771543887,-0.17180938556190772,-0.06991442611124943
34,0.072580605718707,-0.17095050633947478,-0.06510063938219118
35,0.07263641342336771,-0.17011110342971225,-0.056724786470105704
36,0.07243837626903996,-0.16928995588059237,-0.045165408697733694
37,0.07199636183644872,-0.1684771542599936,-0.031131715607270155
38,0.07145633400466181,-0.1676630711953329,-0.016439501154934144
39,0.07096460289009174,-0.1668412627947915,-0.004111253821244998
40,0.07075056236153712,-0.16600933029009862,0.003936790396573686
41,0.07085441035360346,-0.16516906738624842,0.0077385092942360845
42,0.07108230389072334,-0.16432561061044249,0.007441072433055307
43,0.071244866097255,-0.1634854815499105,0.0028693468878756567
44,0.07123245095194428,-0.1626541217148727,-0.005917359781257153
45,0.07110338660644014,-0.16183388451497593,-0.018686746291565692
46,0.07086236527931813,-0.16102327199143374,-0.03441353408348219
47,0.07040502185620051,-0.16021767208212329,-0.05055393137646058
48,0.07000790671006563,-0.15941124916886806,-0.0642220602856316
49,0.06987682574185447,-0.15859921222349588,-0.07359853812193942
50,0.06980978353208489,-0.157779578928802,-0.07808916986959888
51,0.06987990037785574,-0.15695378926719916,-0.07792069651190839
52,0.07018243718983067,-0.15612599126672544,-0.07435691621158905
53,0.07216079390847455,-0.1553013354165445,-0.06949964293679342
54,0.07468020270661593,-0.15448397457389307,-0.06481412694544161
55,0.07352482538720195,-0.15367554358371138,-0.06080025151767124
56,0.07044724100444663,-0.1528746713172418,-0.057687655507591806
57,0.06899903268622143,-0.15207765752565522,-0.05580828692389295
58,0.06889031339478802,-0.1512799969537712,-0.0556129548236271
59,0.06921526157343696,-0.15047812692277035,-0.05757063298421958
60,0.07101733523325615,-0.1496707229243247,-0.06227269562799839
61,0.07479309489836036,-0.1488590748210762,-0.07003585752441924
62,0.07589593031846656,-0.14804645123571342,-0.08046313946654363
63,0.07218314015188979,-0.1472367495611544,-0.09218702136065435
64,0.06858337768944076,-0.14643298460203275,-0.10340068418664738
65,0.06794242843942494,-0.14563619955714724,-0.11314802411343539
66,0.0686119374590563,-0.14484518845787442,-0.12130911265391231
67,0.06914395216658314,-0.14405708797187938,-0.12709242097399914
68,0.06918714243043664,-0.1432685624051106,-0.1295005233825166
69,0.06861163089536948,-0.14247709554394367,-0.12914222234017586
70,0.06767931663454513,-0.14168189124258468,-0.12708630258321113
71,0.06689843237850271,-0.1408840645604893,-0.1235588985312332
72,0.06642731738550145,-0.14008609513387438,-0.11975475076571518
73,0.0664365577300195,-0.13929079747223272,-0.11746276054043386
74,0.06698423149383098,-0.13850023151530538,-0.11614657080818469
75,0.0676651361785825,-0.13771497230996965,-0.11474748304027521
76,0.06811296084932725,-0.13693399375894505,-0.11391613186195237
77,0.06812620401106478,-0.13615516977138786,-0.11417733633610455
78,0.06774142613003262,-0.135376159220021,-0.11457962698402369
79,0.06716107316008557,-0.13459531059725482,-0.1145588614115805
80,0.06651145891038243,-0.13381223916061247,-0.11479536824820846
81,0.06594690593908009,-0.1329454451906194,-0.1147109701325032
82,0.06561791277977091,-0.13195880423229184,-0.1127249842099941
83,0.06559673995180698,-0.13110175114047384,-0.10798060237102525
84,0.06583855610815473,-0.1304960037940912,-0.10059159745277785
85,0.06628205243641819,-0.129892707452825,-0.09207214959543747
86,0.06661722592396216,-0.12914981546386345,-0.08445284617128379
87,0.06653488393918261,-0.12834444617780905,-0.0780339870580467
88,0.06617495557547243,-0.12755151400114617,-0.0709269020113413
89,0.06570925444932127,-0.1267915230967025,-0.06121534877299678
90,0.06684360368018799,-0.12605280818645642,-0.048473362706113854
91,0.06886526380891778,-0.1253168966839323,-0.033934833266792225
92,0.06786850632546063,-0.1245698207348575,-0.020387700264096087
93,0.06540761014356258,-0.12380497143899227,-0.010951981434890165
94,0.0647082129848886,-0.1230232344866175,-0.0066703057397907994
95,0.06516401758631149,-0.12223178766828469,-0.005970222620093078
96,0.06559124255070509,-0.12144132701005989,-0.007485125856159448
97,0.06557904714316828,-0.12066214677417142,-0.011178831168926671
98,0.06525107984754053,-0.11990039547821629,-0.016776494787253772
99,0.06476725548460599,-0.11915594945000857,-0.023350258225725368
100,0.06417304583050548,-0.1184226987794259,-0.029722816843842557
101,0.06362060691329094,-0.11769106268548957,-0.03458446475619578
102,0.06327827787707915,-0.1169516996788566,-0.036915126501738366
103,0.06320108060844493,-0.11619897098616483,-0.03607407495479545
104,0.06345286631729405,-0.1154328737389293,-0.03146272299789793
105,0.06398065730097369,-0.11465879059721373,-0.02338949012722602
106,0.06277784894492802,-0.11388524719314136,-0.012516276503941076
107,0.05875489955127977,-0.11312060346318004,0.001433635205836295
108,0.05522233348382999,-0.1123699598434254,0.01797151225171574
109,0.05564672937909712,-0.11163341961516238,0.03515754380894978
110,0.057755184194900444,-0.11090628958177101,0.05156303467630452
111,0.05646133596300998,-0.11018105154304908,0.06710964225361404
112,0.053221679876274214,-0.10945028539125723,0.08195067212085938
113,0.05180835913779322,-0.10870941029107445,0.09618090912272415
114,0.05210222267416162,-0.10795823514512987,0.11060781650308507
115,0.052886747774437554,-0.10720080324129044,0.12591261935859055
116,0.05346427031788292,-0.10644367662500892,0.14230508065437092
117,0.05368337498226333,-0.10569337838193915,0.16046522682084674
118,0.05348398964315193,-0.10495398592619987,0.18144484424917956
119,0.053010359200996504,-0.10422575927065963,0.20615638127489533
120,0.05413182356915258,-0.10350525567076069,0.23469669259333392
121,0.05595161161766615,-0.10278680593029382,0.265528885632769
122,0.05449525752562698,-0.1020647292109314,0.2964782059747393
123,0.0517575288768474,-0.10133542471001344,0.32956125432371675
124,0.051244017410327386,-0.10059857436038439,0.37155781413402367
125,0.052244326849278794,-0.09985706430185215,0.42622133806562224
126,0.05315621189573125,-0.09911573058677114,0.49073018257102663
127,0.05319753722236237,-0.09837946358596206,0.5605889086248081
128,0.05258172155218252,-0.09765140998390509,0.633195830658978
129,0.051709221255254276,-0.09693192914047999,0.7057771247584992
130,0.05084200728409774,-0.09621864015993625,0.7755364729861463
131,0.05020934293497263,-0.09550747175818639,0.8420875499707061
132,0.0499779956196989,-0.09479426304739605,0.9049685222455643
133,0.05017832692254959,-0.09407628971685308,0.9617491445875723
134,0.049032385378144,-0.09335315958000256,1.010799034938462
135,0.04554365819669634,-0.09262679275006572,1.0519467281159223
136,0.04276356417507293,-0.09181812452340676,1.0852453994084574
137,0.04225862006074321,-0.0909751536284982,1.1114787494531209
138,0.0423633108466301,-0.09030322223803022,1.1321639937749812
139,0.04177506091959181,-0.08972016188953635,1.148034994946646
140,0.04055627078120237,-0.08905797054419368,1.1588528815980998
141,0.03956190872010952,-0.08833920566692832,1.16469883291977
142,0.03922820324961018,-0.08761431783672374,1.1655042983267636
143,0.03953356396656291,-0.08690445321898843,1.1612930691399002
144,0.04023705681778329,-0.0862075402809718,1.1527587332324734
145,0.041063428033810995,-0.08551477917220762,1.1399699108316637
146,0.041753854393216314,-0.08481904081802086,1.1229364033882203
147,0.041982441384681254,-0.08411673932457814,1.1033368844832303
148,0.04161853491422625,-0.08340762412851263,1.0837356258910353
149,0.040708831086756464,-0.08269421392696905,1.0656785625857426
150,0.04125625961072725,-0.08198081870496252,1.0497902820608505
151,0.04292360738839865,-0.08127202988958776,1.0370291582091329
152,0.04182138355053307,-0.08057106010249271,1.027612049664555
153,0.03942124304004814,-0.07987856753903744,1.020087088182298
154,0.038994256059795174,-0.0791924453158589,1.0131533392447358
155,0.03994290788721104,-0.07850865956595643,1.0058542402210442
156,0.040973147502242444,-0.07782280143815129,0.9965987070977214
157,0.041400373675655425,-0.0771317495603839,0.9846762981179649
158,0.04101328202827302,-0.07643481239112862,0.9708468685187426
159,0.03995452158484214,-0.07573393180107266,0.9556514646138043
160,0.038685845211365644,-0.07503289297479407,0.9393587822813192
161,0.03788393840879528,-0.07433586123426769,0.9225414583010858
162,0.03780972266927271,-0.07364581223752353,0.905343387211845
163,0.03651476791898288,-0.07296344794357637,0.8867733539625147
164,0.033052204594335735,-0.07228699306188088,0.8655685243081974
165,0.030647218606899687,-0.0716129254382917,0.8410309170113099
166,0.03067547687346603,-0.07093734125704693,0.8128375527612399
167,0.030994667716258514,-0.07025742536496418,0.7813864476390462
168,0.030301347435382167,-0.06957247206159706,0.747974632012709
169,0.028997083867669513,-0.06888408660018591,0.7138013101542782
170,0.02788853214618478,-0.06819551589132719,0.6798715236876329
171,0.027226134687251713,-0.06742795177618699,0.6480470277304411
172,0.027078732823207732,-0.0666285444154188,0.6195545169606682
173,0.027597125968639613,-0.0660010049752443,0.5938303465551178
174,0.028681851589600488,-0.06546131282354123,0.5701093441357101
175,0.029867317622794085,-0.06484000376097226,0.5476445341155651
176,0.030460830724983234,-0.0641590269946174,0.5259949648303428
177,0.030141991831555942,-0.06346925198246972,0.5059958499418653
178,0.029240107218855463,-0.06279310617137202,0.48846103532903995
179,0.02827391030086418,-0.06213022020577891,0.472850169176086
180,0.029233227862196356,-0.06147334776802568,0.45820504816933805
181,0.03287382470006006,-0.06081625382238898,0.44385368656697644
182,0.0343309201099543,-0.060155300374407306,0.4288121205077724
183,0.03142037260850215,-0.05948926851887773,0.4121203947262886
184,0.02886750249912498,-0.05881912646796658,0.39366056950404005
185,0.02894527786182169,-0.05814757746756041,0.37370693033707436
186,0.029873712726578044,-0.057478092618716614,0.3522571803395841
187,0.030249076305677317,-0.05681362778304294,0.3294115829472283
188,0.02963976435635167,-0.05615553183285374,0.30580980695254445
189,0.028235363272051908,-0.05550309751529672,0.2819110785438359
190,0.026666325853131334,-0.05485391800715031,0.2578810967799873
191,0.02575050807712881,-0.054204877999191575,0.23497026610889304
192,0.02579490006894021,-0.0535533687149628,0.21486312916817207
193,0.026447815392307047,-0.05289825168617707,0.19780833082542681
194,0.027486487653633734,-0.052240217135659406,0.18365428482558693
195,0.0286576719656903,-0.05158143061975215,0.17219827869941673
196,0.02938580294605679,-0.0508422042248359,0.16254039175560997
197,0.02926045289979673,-0.05006930597671491,0.1542401062514404
198,0.028445095678458918,-0.04946668703068752,0.14731882543968566
199,0.02739407981994492,-0.04895110099283559,0.14157138785389323
200,0.026376526558377536,-0.04835412240439471,0.13697038215135826
201,0.025793608818380775,-0.04769864443135194,0.1335568355617197
202,0.025943305728217986,-0.04703606066341855,0.13046573692410496
203,0.026572034904978115,-0.0463887238603726,0.12684618398867453
204,0.02724569982736215,-0.04575562019713442,0.12319774955824364
205,0.027774765404446705,-0.04512851621802905,0.1203227039892652
206,0.028079649934609527,-0.044500193122150866,0.11779615734133386
207,0.028009146175728028,-0.04386637717782005,0.11502968318127588
208,0.027635029928119753,-0.0432257839157804,0.11207718714108927
209,0.027076490763041403,-0.04257990708602105,0.10836757413205822
210,0.029679220055924452,-0.041849945586312304,0.10339386684911439
211,0.037183156535790685,-0.041084885344633754,0.09747387786406736
212,0.038440149522966316,-0.04049141658326437,0.09122178901359951
213,0.02953672114994392,-0.03998849172931959,0.0854565086177575
214,0.025777966161020488,-0.03940849360723542,0.08114307905849619
215,0.030035467642293395,-0.03877344118015183,0.07894215168408153
216,0.03163733822263416,-0.038132540480735264,0.07882724573839642
217,0.02971750745280821,-0.03750551363697087,0.08029303215608533
218,0.02773455884673004,-0.0368892950876578,0.08275018673791204
219,0.026076785653424882,-0.03627495445478951,0.08494837673487851
220,0.026504380063362087,-0.03565616790498638,0.08549662156907037
221,0.029930641585326094,-0.03503076781474289,0.08478269181328374
222,0.031419502745233446,-0.03439994971885428,0.08386534090683909
223,0.02864931121667759,-0.033767101043863795,0.08283118129670625
224,0.02799247339273546,-0.033136450425736055,0.0819495300480515
225,0.03243855400413999,-0.032511575272693535,0.08182799793604581
226,0.03680446621620315,-0.031894145357320436,0.082288687492482
227,0.0379340952533201,-0.031283373917381355,0.08303501721623291
228,0.036945080329103666,-0.030676400982853375,0.0842058574141977
229,0.035271389304389125,-0.0300694486696034,0.08617657938649503
230,0.034021581962416975,-0.029459281611585897,0.08986678274650559
231,0.033557420133788124,-0.028844403752150263,0.09620288720485884
232,0.03371108053684292,-0.028225547822704908,0.10471918534689068
233,0.03431336401948168,-0.02760530247883905,0.11391991963748899
234,0.03511580633849373,-0.026987055599997645,0.12323503021054938
235,0.035804777394430734,-0.026373683031474943,0.1331493008245923
236,0.03611119688904388,-0.02576648925802988,0.143468495113815
237,0.03600293966000567,-0.0251647886178296,0.15307653268224714
238,0.03551618204924438,-0.024566255749526963,0.16134881657139688
239,0.03468077114732887,-0.02396787720530562,0.16802004697202477
240,0.038727476788030374,-0.023367116796175896,0.17282386874025168
241,0.07534389958865276,-0.02276284517307328,0.17536047825980822
242,0.13129030244165585,-0.022155694478193752,0.1749626439450273
243,0.13454782158675502,-0.02154773231182249,0.17244565779814436
244,0.09199617944612953,-0.02094161205536544,0.16931960509705407
245,0.0682784440389399,-0.020339546105427167,0.1654005473605713
246,0.07446458632836384,-0.019742498080777292,0.1600476136594553
247,0.09066105389709594,-0.019149887086804415,0.15352568347643591
248,0.10306655569225687,-0.018559888267354052,0.1461520029793535
249,0.10801799655762953,-0.017970184726112552,0.13769070233352065
250,0.10873377842738559,-0.017378863478597947,0.12782810645941123
251,0.10981170412141888,-0.016785109810926867,0.11657348936955492
252,0.11456805260028305,-0.016189449765945725,0.1038838642235847
253,0.12285950047814412,-0.015593475335786262,0.08936039884837665
254,0.1351476835890601,-0.014999185019126997,0.07297346587527892
255,0.15353154606565056,-0.014408210427389496,0.055463630858293395
0,0.17161759768847207,-0.013821226962758566,0.03732956332023046
1,0.1822006887927886,-0.013237759061187016,0.018582106746598215
2,0.18936837676735319,-0.012656429548361436,-0.0004716092529542873
3,0.1972481880322821,-0.012075531991384496,-0.019105706730626497
4,0.20317682157855493,-0.011493690376013083,-0.036959976176846626
5,0.20671784283483102,-0.010827918902579677,-0.05436373687412781
6,0.2116951171694344,-0.010123152964555193,-0.07165190091695087
7,0.22286915953400888,-0.009583581017425666,-0.08923538186903518
8,0.24111743844157973,-0.009128058038510602,-0.10729459704416669
9,0.26072797125908675,-0.008591230713622097,-0.1253363247563093
10,0.2771983127214701,-0.007998829413319732,-0.14298390974936936
11,0.28994974657034356,-0.00740380252223443,-0.15969740839202967
12,0.29883130655925183,-0.006828270791749285,-0.17449696971126138
13,0.3043410370604053,-0.006269397116783353,-0.1873316555349765
14,0.31307834574828763,-0.00571631309165559,-0.20000027599640813
15,0.3525457341646836,-0.005159389092797251,-0.21781827206790194
16,0.4105297129668739,-0.004593051215337627,-0.24352550118458083
17,0.4164548185939705,-0.004016239023104759,-0.26913916475166233
18,0.3754501373736314,-0.0034320105437189285,-0.28615576058922465
19,0.35328019633750496,-0.0028462288880131935,-0.2951016341182572
20,0.36234988027481907,-0.0022653867282245157,-0.30011986434180016
21,0.3789656179730625,-0.001694228436475151,-0.30323999140889235
22,0.3868843340247343,-0.0011340716263778623,-0.3041906380239081
23,0.38373060398765646,-0.0005824666015277007,-0.3028350754996495
24,0.3744340130797902,-0.00003427984073338646,-0.2998482330925033
25,0.36722389175928416,0.000516269481352401,-0.29534055781210145
26,0.36637435406522834,0.0010734296749941854,-0.2891446684907636
27,0.37168062976906746,0.0016384152771605444,-0.2821532035454394
28,0.383323883930903,0.002209110331418158,-0.27526831020949505
29,0.3976573937620358,0.0027810251458326076,-0.2688122201375224
30,0.41107975932677077,0.0033490854951341844,-0.2635937346932946
31,0.421467727803839,0.003909544742420367,-0.26000099268614996
32,0.42408530384324217,0.004461300807273756,-0.2570307040338049
33,0.41768659368614536,0.005006160397472488,-0.25379979866772384
34,0.40632487189514355,0.005548009724946488,-0.2503114886178428
35,0.39500717531259466,0.006091260415095457,-0.24700386562382393
36,0.38795392472173984,0.006639188689811684,-0.24479151012195677
37,0.3871818217967232,0.007192790701638151,-0.24453178687597044
38,0.39206466822891195,0.007750548832425801,-0.24647723312858683
39,0.3985758178634291,0.00830914196359097,-0.2511647271526736
40,0.4024367186751494,0.008864780246145294,-0.2600705280795721
41,0.4034643057194849,0.009414631616822669,-0.2739154959427501
42,0.40026706463325556,0.009957805840879009,-0.29157640683312824
43,0.39109823220101103,0.01049555949673726,-0.3112850703786243
44,0.3849480634883199,0.011030695553132082,-0.33160968105841326
45,0.4099927201684975,0.01156643164134482,-0.35535219510574423
46,0.4507941482432153,0.012105190323665322,-0.385023368485644
47,0.4403055313675154,0.01273019711961576,-0.41341442476245227
48,0.3881060098659266,0.013395923310017793,-0.4330820529611328
49,0.3560325518915102,0.013897029398818442,-0.44457545738967297
50,0.3530344795749534,0.014313405945564628,-0.4510309719458474
51,0.3575044922432651,0.014809503897402224,-0.45431276490932593
52,0.35478532488600933,0.015359335925562684,-0.4546349303893744
53,0.3413852698544494,0.015910381132460807,-0.45265892825784815
54,0.32327759017902713,0.016523856318333946,-0.44996327430249594
55,0.3043321801219304,0.017159107594609098,-0.44677619263171575
56,0.2869239969656716,0.01762475746399869,-0.44274096276266084
57,0.2782632981284505,0.018013282206251965,-0.43896232414115555
58,0.28043479622988,0.018496465496758062,-0.4366833956417686
59,0.28832683128793135,0.019049391368235344,-0.43687682828755015
60,0.29548163277470685,0.019614866039270033,-0.4402506869195777
61,0.2968468066510823,0.020163270162730118,-0.44522208616061776
62,0.29021321075915785,0.020689487246963706,-0.44932305363945746
63,0.2769549403832021,0.021198871277176776,-0.45262068661520694
64,0.2606233452001231,0.021699884953287903,-0.4572148729859229
65,0.2466080036267675,0.02220150323071704,-0.4651141041476159
66,0.23756758346254547,0.022711271214249193,-0.47772296246868673
67,0.23339566803884482,0.023233146767061494,-0.49592949590223134
68,0.23593991032815442,0.023766198359139838,-0.5197515666810211
69,0.2424606619776517,0.024305075884553523,-0.5481296982866897
70,0.24711137821685036,0.02484217572797201,-0.5783304438733434
71,0.24867696071455303,0.02537059395966053,-0.6067543149890986
72,0.24695116094077796,0.025886675108121704,-0.6310735044987523
73,0.2393770614815801,0.026391202151692272,-0.6497257370311604
74,0.23333285647414348,0.026888855635134254,-0.6616510333057306
75,0.26170954438258176,0.027386245652814556,-0.6678125854874599
76,0.30962333771563866,0.027889337232064507,-0.6688604204928172
77,0.3041443663022114,0.028401267651580783,-0.6632387754735414
78,0.25377133646093475,0.028921348641730613,-0.652359867850338
79,0.22402784495678696,0.029445555832800743,-0.6408086706190936
80,0.2272064246888469,0.029968232143638238,-0.6311152806861056
81,0.23941943363730755,0.03048429393669118,-0.6235572089198962
82,0.24253845390021445,0.030991084130088095,-0.617395794026274
83,0.23504569291846533,0.031489202245758435,-0.6115642828953882
84,0.22327740791103923,0.03198206742524565,-0.6056027895783787
85,0.2131458715379725,0.032474460494922475,-0.5989089396062741
86,0.2094239048511568,0.03297065739315341,-0.5908250767649188
87,0.2145340763894218,0.03347287835455802,-0.5819812835631681
88,0.22796548412561268,0.03398061009758194,-0.5735094780841514
89,0.2460845739300278,0.03449099285900428,-0.5665649377713922
90,0.26327176099293337,0.035000051692199025,-0.5622158863438611
91,0.27472041375243605,0.03550425184646984,-0.5606670277852883
92,0.27988823788537553,0.036001774155557345,-0.5609382179555462
93,0.28046592181075636,0.03649305557554204,-0.5611786675502122
94,0.2766048159013377,0.036980449760647155,-0.5599390526074242
95,0.271048110709199,0.03746720294256338,-0.5570676380008013
96,0.27091835225459526,0.0379561814024616,-0.5531612781439739
97,0.28007852659103727,0.038448845240226015,-0.5487799826511566
98,0.2947776997524102,0.038944830563302946,-0.5440127686446312
99,0.3100068313336498,0.039442244327388784,-0.5391162484136978
100,0.32484165211286053,0.039938500330499144,-0.5350945077279778
101,0.33800937301645495,0.04043133665542119,-0.5321666187206462
102,0.34652692831764154,0.040919618646476544,-0.5294461701097444
103,0.3482645957733086,0.04140364767710955,-0.5257047060368569
104,0.34990300172290045,0.04188490754954172,-0.5195169639573267
105,0.3555040782383363,0.04236539791124977,-0.5109059687695883
106,0.35720534796006786,0.04284684500999815,-0.5024200353612649
107,0.35969356500708816,0.0433300973816733,-0.4964161216161669
108,0.3710914897063795,0.043814912830662675,-0.4931690721678801
109,0.3873498478361965,0.04430017416078981,-0.49310237511271326
110,0.40305854408629704,0.04478440462658169,-0.4972667491943008
111,0.41531638215698996,0.04526635487884291,-0.5060546544148643
112,0.4234557532988805,0.04574543225133473,-0.5191735951538714
113,0.42809144177813807,0.046221830010479914,-0.5358024430148953
114,0.4311676532178017,0.04669634618239164,-0.5550939612823871
115,0.43532799989137594,0.04717000189654058,-0.5762021896506537
116,0.4423583349410214,0.04764363209741197,-0.5986883076487151
117,0.45265500259426483,0.048117609126465205,-0.6223720602086009
118,0.46531370106185177,0.048591785685585226,-0.6455767988054355
119,0.47860512403657607,0.049065644922470425,-0.6655306703433823
120,0.4908236715753944,0.0495385649313492,-0.6803667384091281
121,0.5009431868022967,0.050010073388516624,-0.6891145380437609
122,0.5105515825432227,0.050479991826415105,-0.6908069553473253
123,0.5210308574406186,0.05094843112816755,-0.6857036797177976
124,0.5299365705676771,0.05141566937849615,-0.675107423839918
125,0.5350357535675418,0.05188198886311751,-0.6595138096387125
126,0.5383549112168753,0.05234755429265378,-0.6398354982247043
127,0.5447683042905698,0.052812381521268464,-0.6175528880299335
128,0.5553747003014138,0.05327639390058947,-0.593803937710329
129,0.5671458475672355,0.05373951971946214,-0.5703343355431105
130,0.5778052157075915,0.054201768083890295,-0.5494353250939668
131,0.5849138919185839,0.05466323768677134,-0.5331138138209766
132,0.5879336180618988,0.05512405319006666,-0.5223669990419819
133,0.5911538592152459,0.05558426584441298,-0.5170037839330424
134,0.6006254039270518,0.05604377763475654,-0.5158109293552502
135,0.6401051477323758,0.056502339153942566,-0.5169977913175638
136,0.7112382357228024,0.056959635357759414,-0.5184175177832271
137,0.736212029717302,0.0574154280957207,-0.517416466023431
138,0.6821474034902446,0.057869690283841646,-0.5120851699601909
139,0.6249114099612836,0.058322662942997594,-0.5027819113539325
140,0.6096613568337008,0.05877479607173888,-0.4914292045537978
141,0.6164189853567339,0.05922658484535323,-0.4786979067730228
142,0.6213874853509334,0.05967836308358296,-0.46377377905287687
143,0.6155716754366054,0.06013014157069363,-0.4466419634130774
144,0.6020713787201017,0.060581567081961385,-0.42825410375245543
145,0.587764553698191,0.061032031763910005,-0.4096489335691731
146,0.5769120938693242,0.06148089957629338,-0.39231805260239616
147,0.5714638672116186,0.061927763708848255,-0.37743831387013627
148,0.5739289290340921,0.0623726293971785,-0.36465038184233056
149,0.5830210315423487,0.06281594109162836,-0.3533736474143987
150,0.5913121988275554,0.06325843298103856,-0.3433917550565949
151,0.5926769669255425,0.06370085344901155,-0.33395240177239294
152,0.5864216653001912,0.06414366863751997,-0.32415939340014144
153,0.5742826945148933,0.06458686418377707,-0.3140612246487119
154,0.5607294386186801,0.06502992952534808,-0.30408726977475087
155,0.5482315580389143,0.0654720387824057,-0.2941232402048809
156,0.5375428722364375,0.06591236334756981,-0.2842843198870906
157,0.5312587607074455,0.06635039660041284,-0.274726358472974
158,0.529804052179992,0.06678616255234382,-0.26527002244065645
159,0.5314712914728179,0.06722022203750327,-0.25623175352905636
160,0.533302184898357,0.06765346874819869,-0.24835409613016457
161,0.5338297070987039,0.06808679022127381,-0.24173709291764112
162,0.5322832726073341,0.06852072357726338,-0.23541260789525909
163,0.5255122861672703,0.06895524113587082,-0.22914926047748962
164,0.5186640875644231,0.06938975190665234,-0.22351135727771487
165,0.533402058935627,0.06982332177734743,-0.21867174466050188
166,0.5750574470193415,0.07025502975354025,-0.2152746936728297
167,0.597413488376614,0.07068432334711833,-0.2132305260068228
168,0.5646271055517877,0.07111123522057278,-0.2104456188664896
169,0.5164211018170566,0.07153637563679432,-0.20524447119213818
170,0.49934856006143136,0.07196070209779146,-0.19792411817382827
171,0.5047855892318156,0.07238515386513678,-0.18956992373585474
172,0.5071043142675256,0.07281029202538197,-0.18126368769564277
173,0.49870916154593226,0.07323608418454391,-0.17377754402123757
174,0.4836872829138592,0.07366191664253385,-0.16752586910433703
175,0.46786464148102636,0.07408682960168131,-0.1622325902158938
176,0.45515379128237177,0.07450988498339137,-0.15732237591543535
177,0.44799372476023547,0.07493052507098555,-0.1526449702717509
178,0.4497078198522131,0.07534878416830254,-0.14738387512206202
179,0.45945213748729063,0.07576527274778874,-0.14081977291177267
180,0.47135397036201043,0.07618094156512747,-0.13334619959398458
181,0.47953204631323754,0.07659671746660587,-0.1247574782022754
182,0.4787854559696265,0.07701315107802514,-0.11401236210810323
183,0.46803634660486604,0.07743021101597297,-0.1012250143050229
184,0.4535063959803187,0.07784730202470022,-0.0877786727158314
185,0.4412837258143212,0.07826349784166375,-0.07437504731397651
186,0.43338919529127695,0.07867789735770497,-0.060527521158132175
187,0.43114719563103177,0.07908996666960275,-0.04544377447039588
188,0.43459303720616105,0.07949973696388826,-0.027971798455598773
189,0.43981623262905156,0.07990778479423463,-0.007257598727159059
190,0.4430984437495631,0.08031500545049802,0.016169525509378564
191,0.44499681097427923,0.08072226893291509,0.0414648052485532
192,0.4450596090226966,0.08113009114040579,0.0682555940606836
193,0.4411928023812457,0.08153844519515199,0.0961432811369245
194,0.43880762140164986,0.0820292155359286,0.12429296393844702
195,0.4642762957687232,0.08255703671733997,0.15100007993866194
196,0.5038413747482193,0.0829180662011954,0.17472068653551176
197,0.49202259678712545,0.08319439262073056,0.19539569215485003
198,0.4389181493445753,0.0835525338014178,0.21402474675274608
199,0.40801041250101644,0.08396771846980705,0.23196422336421207
200,0.41072694730660153,0.08438743042209207,0.24979145238605316
201,0.42123606595791996,0.08478934290933435,0.26699554961881
202,0.4204656738002224,0.08517557012653384,0.2826703596401938
203,0.4087069871249456,0.08555603265968773,0.2956016769207056
204,0.39304970668016914,0.08593953428888543,0.3052170219900915
205,0.3803679669520845,0.08633122121197845,0.3131828623544347
206,0.37735290666441135,0.08673223959059209,0.3218516471597377
207,0.3854721227299982,0.08714005902574598,0.33132113392004725
208,0.39989468903315895,0.08754956874472736,0.3397116167389881
209,0.4160130196645131,0.08795497791741386,0.3446253635126718
210,0.4329075484296352,0.08835195956201758,0.3442794467055007
211,0.44820523969759507,0.0887392120925462,0.3386279516597245
212,0.45966204365004915,0.08911882880704092,0.3291821820984061
213,0.4670703773244598,0.08949536575795417,0.3178111839855404
214,0.46941281718497385,0.0898740162205317,0.3065279993325596
215,0.47084556484770124,0.09025862596045064,0.29744429593174015
216,0.47599963295141,0.09065030852397643,0.29114190076204327
217,0.48369130576432706,0.0910471555337681,0.28630726710754206
218,0.49519252330467856,0.09144509976564269,0.2822196359899435
219,0.5130752605825084,0.09183955007538866,0.27932401285849007
220,0.5326735636714452,0.09222714361162745,0.2772665373687977
221,0.5459997611423975,0.09260694861925994,0.2750735509973554
222,0.5524155785150926,0.09298069168994869,0.2722292853511781
223,0.5554103823564722,0.0933519727331954,0.26859791311222714
224,0.5620591568365265,0.09372481523207646,0.26770053019316675
225,0.5982658479075267,0.09410213313745572,0.29106995091404164
226,0.6508425673807026,0.09448469672345478,0.3530516765596049
227,0.6509404531282703,0.09487096036775552,0.42316814715663953
228,0.6049056973246563,0.09525777079699205,0.4707497060215182
229,0.5798800161763706,0.09564164081857432,0.4996893189423304
230,0.5882400700075845,0.09602007692170711,0.5220699543915517
231,0.6044157672662456,0.09639245765692683,0.5435697082364488
232,0.6114715363847605,0.09676015762859036,0.5651706119024547
233,0.6088942251691571,0.09712591374942409,0.586698204770963
234,0.6027032702180761,0.0974927172727994,0.6096403396734846
235,0.5963037141280436,0.09786267723573677,0.6368048045375954
236,0.5933929163675826,0.0982362849791314,0.6711632337067162
237,0.5998021230014678,0.09861233235997702,0.7154241119696811
238,0.6146641968630582,0.09898847371795039,0.7709177484419434
239,0.6300315060028543,0.09936217914869622,0.8360921010036821
240,0.6407975231293048,0.09973169484595346,0.9066495672764723
241,0.6454080687068275,0.1001790818053136,0.9771684566328878
242,0.6448456306975785,0.10066088218573915,1.042637561395169
243,0.640677586812793,0.10097606927279179,1.0987437846312575
244,0.6323509947805332,0.10120933271797117,1.141898947321243
245,0.6221071487710812,0.10152859916454665,1.1705973786576518
246,0.6167730664037281,0.1019088471688997,1.1865824812456647
247,0.6183779574314427,0.10229584448059115,1.1939031130626065
248,0.622393444161992,0.10266482361226426,1.1965942040828157
249,0.6276002849364282,0.10639547787304643,1.1979234176967775
250,0.6334764601519518,0.12494338369263991,1.2000549235194078
251,0.6364291277342431,0.1628589129428109,1.2030318787270797
252,0.6362303281514015,0.2082249416390925,1.205546319595992
253,0.6341412039722023,0.25659068682694947,1.2062346030942837
254,0.6336568611343769,0.33918691628222064,1.2040772491420113
255,0.6613998969431509,0.5648606320611643,1.1975420140438668
0,0.7210391072473863,0.9257864823603547,1.1857478882538661
1,0.7380120696427082,1.0976281619961261,1.171853159597005
2,0.6818959007379495,0.9331282311207065,1.161039893944455
3,0.6256620698086601,0.7345819693543536,1.1558684112156183
4,0.6125814285943458,0.7167286698329876,1.156017248101811
5,0.6213946530192758,0.8033863858522277,1.1599154331807848
6,0.6261210979145815,0.8781010760216343,1.1654240786677081
7,0.6170032483182308,0.9033047221477144,1.1702856453269077
8,0.5980600446810849,0.8986728700283206,1.1727223012886783
9,0.5787348297915038,0.897194513194327,1.171907430704516
10,0.5669023009271632,0.9185464397777751,1.1678849760146073
11,0.5658795414229156,0.9621524087261573,1.1617690631264956
12,0.5765853288404268,1.0230053551209481,1.1554495710772699
13,0.5951116403280037,1.1030410067841707,1.1502885771934426
14,0.6118669418250475,1.1967845444115275,1.1470590104859748
15,0.6217253703716017,1.2806726308022718,1.1461995961682327
16,0.6241959485129587,1.3327357049231994,1.1470564242619123
17,0.6176954509662151,1.3544950239312596,1.148104839516861
18,0.6060222475095649,1.362204272330743,1.1482117772289908
19,0.5980663446349865,1.370136555612496,1.1464435996227476
20,0.5967989878969051,1.3942561131678795,1.1424897163139134
21,0.599682720424481,1.4499451785838584,1.137468428922388
22,0.6076803304296856,1.5389173497709452,1.1327357946207854
23,0.6211480476048206,1.6457024709154044,1.1292394538606083
24,0.6354697101628752,1.7456410877712,1.127290792763025
25,0.6475036498365372,1.818751456113322,1.1267342857694396
26,0.6536521212282913,1.8592302919495074,1.1274162702145079
27,0.6519098327711781,1.8790005619454764,1.1285441580709112
28,0.6525149072700596,1.9092068275872691,1.1288868712647875
29,0.6865412507062982,1.9502365549254197,1.1268488948647692
30,0.7419447224954567,1.9663096524909163,1.1219408153748511
31,0.7475083365240975,1.965966139242096,1.1161674135731912
32,0.7075382532759111,1.9804942822276281,1.1111725283689489
33,0.6886973028378769,2.0139783189393707,1.107377436984446
34,0.7036398374745267,2.05574853296432,1.1048582906820825
35,0.7276264653214648,2.088586660738123,1.10354908611765
36,0.7435687497874164,2.095112422999854,1.1033113453619343
37,0.7479201205180301,2.0726071183095733,1.1035336097588058
38,0.7456122440650712,2.0349844493330522,1.1037134184615636
39,0.7406343605665362,1.994296304653786,1.1032702288660343
40,0.7357437153999304,1.9625793245424488,1.1015800564061151
41,0.7360831490887438,1.9537340220659178,1.0986769700030066
42,0.7441977199406771,1.9681355741548234,1.0950888265642948
43,0.7552484811907267,1.9940755522335056,1.0915094386353714
44,0.7605955431106703,2.021338440274854,1.0885983584538224
45,0.7561108808315862,2.0425716211987943,1.086753788395487
46,0.7426272416941047,2.0462286895448,1.0856927387080688
47,0.7225757422527401,2.0287598730010483,1.0846328782672248
48,0.6995497928183825,1.9990800976028549,1.0830521960756347
49,0.6793133971721663,1.9660612154047445,1.0809329909827898
50,0.6662829500343943,1.9421727832149545,1.078430656577941
51,0.6592423846459945,1.937173922611393,1.0754785074467104
52,0.6574893888324163,1.9463939454845445,1.0718396594706299
53,0.6600250233627929,1.9614544749649765,1.067571601944152
54,0.6606877871472521,1.9798698346073316,1.063608905334969
55,0.6550748338969579,1.9966363834221452,1.0608472018137114
56,0.6431596198961576,1.9999116199202742,1.0590811013099248
57,0.6282782712400723,1.9868063606436683,1.0578627389558277
58,0.6202986935652992,1.9634801135478952,1.0570889601018223
59,0.646628384239881,1.9320091985787098,1.0555497786414536
60,0.6797778058068953,1.9083104451824964,1.051982493916407
61,0.6536136480835553,1.908531729086894,1.0477659797355074
62,0.6071115403929848,1.920128699548787,1.0441214506588143
63,0.5987681866030843,1.9325597381077264,1.040614379510611
64,0.6142964093007903,1.944832068168509,1.037551747166615
65,0.6306866528237545,1.9522466707746986,1.035542295155241
66,0.6402979055120477,1.9539751210067253,1.0346312651163232
67,0.6439667853676647,1.9490220568380856,1.0346213953579908
68,0.6432490759614953,1.9357433994339512,1.0348114620316906
69,0.6433462731603481,1.9195360176489764,1.0344993920246064
70,0.6523379871919035,1.9075299366718426,1.033355477172572
71,0.673887746887706,1.9018672258396956,1.031440614252063
72,0.7046184905754127,1.90189325797635,1.0291876873490144
73,0.7363981120500829,1.9039862363573903,1.0267601326131715
74,0.7620713606126075,1.9078876906597264,1.0240064786695338
75,0.7779003323161136,1.9137829589437088,1.0209514535295705
76,0.7850603053744969,1.9143684657375966,1.0180989058791652
77,0.7876916815653532,1.9080562621646928,1.016185929584911
78,0.7871370779495783,1.9012357543682334,1.0155493628892156
79,0.784855815395844,1.8936136325745618,1.0156638557008328
80,0.7846861529868958,1.8852173172332405,1.0156206972489032
81,0.7854657625315515,1.8815999048222496,1.0145424934896359
82,0.7815808286994292,1.880360780131384,1.0118552164298351
83,0.772326524874495,1.878531063087121,1.0081254610412462
84,0.7606302144938519,1.8775600920324713,1.0042942466831617
85,0.7453155806383722,1.876554476460874,1.0008707191692547
86,0.7247045466916522,1.8760682948835967,0.9984953205475549
87,0.700400105745008,1.8735060590866315,0.997134567197203
88,0.6794890719562456,1.8613931909878714,0.9951618971170104
89,0.6825779869216793,1.8468168792847948,0.9920891636406313
90,0.7122111872399,1.8448490557031336,0.9894323588491303
91,0.7077601187818268,1.8510035053303673,0.9874943251175052
92,0.6377242090551172,1.8544809422013078,0.9857400530751974
93,0.5674506737859788,1.8529882126795663,0.9839473178456237
94,0.5391456389498779,1.8483836650232517,0.9820297655439236
95,0.5299133394111544,1.8443829352416046,0.9803018619883574
96,0.5171237013315826,1.8424661994556493,0.9791061540739734
97,0.4948583599816174,1.8404577474333683,0.9785774476656148
98,0.4660692393355579,1.8383296636588176,0.9785960965920619
99,0.4385479787729345,1.8390083115240436,0.9788098669920045
100,0.41658103745555874,1.8397675356399166,0.9786866845751296
101,0.4008171547094397,1.8367276573872315,0.9777761919159871
102,0.3936419841471748,1.830467127294348,0.9758692652875465
103,0.3933444197719249,1.8229314522183122,0.973002986133451
104,0.3938288309903277,1.8144566751486568,0.9692807479836065
105,0.3900356244347576,1.805759397780193,0.9649074500705939
106,0.3813098267393815,1.8006946589516994,0.9607885365512159
107,0.3671545244011092,1.800608358965139,0.9577114373285873
108,0.34604086879140983,1.8026649710732627,0.9556448172021943
109,0.32353794951607673,1.8040533774654888,0.9542522221709544
110,0.30646826446241326,1.8049007422377823,0.9527887695334654
111,0.2974870518753814,1.8034275484692603,0.9506809233292253
112,0.2958441003067157,1.7955665027017655,0.9478786817269977
113,0.294172983353284,1.7845789183479877,0.9447479643273602
114,0.28718138079063193,1.776044916540032,0.9419354898035515
115,0.27582607681892934,1.7727272111587338,0.9394580207366992
116,0.26084415461858734,1.7751454473360662,0.9372198260083211
117,0.2422780999287779,1.7777340055002266,0.9354908133183435
118,0.22626768005674713,1.7765980007957856,0.9343314111792917
119,0.2439460612385076,1.7699702655325007,0.9327663548800635
120,0.28292047323023484,1.7633800600295313,0.9298713069333719
121,0.26695982192518064,1.767323820719743,0.9269630175140917
122,0.2024838921618658,1.7706253323967118,0.9251075477304855
123,0.16039810280721423,1.7614238665626525,0.9236722054122328
124,0.1539428730944601,1.749887073949223,0.9221406014280489
125,0.1571466284390427,1.7436857117319562,0.9204879296378441
126,0.15367693305970653,1.7402565032530202,0.918727279519449
127,0.14126196359283416,1.739601264985037,0.9168067504413884
128,0.1215085817556339,1.7425618496312731,0.9149898198443283
129,0.10086046118899694,1.7461763262664407,0.9137577760975453
130,0.0867852752808786,1.7472441414959814,0.9130357347534077
131,0.08132214819764413,1.7456323295122367,0.9119493682913702
132,0.08286029386072585,1.7422381669207176,0.9098848690306522
133,0.08629928511722215,1.7356504844407157,0.9071399572455663
134,0.08866910036102571,1.7268451577903647,0.9043697976544585
135,0.08876316117038499,1.7182702688169318,0.9018637302806973
136,0.08381073597034486,1.7117334122923031,0.8994887498687487
137,0.07307847089604572,1.7119357480989663,0.8971216601280636
138,0.05869686109174474,1.7194262038048045,0.8952423148468478
139,0.04613322750302859,1.7266480379797038,0.8941845497798653
140,0.039432189335456475,1.7280226278867188,0.8932969137517683
141,0.038793010819260315,1.7222738727365012,0.8919532428597052
142,0.04310879029769594,1.7106766570833392,0.8899388012786837
143,0.05005711103905352,1.6984021129657938,0.8874174165920006
144,0.05681152496308853,1.6907541866599516,0.884880381390122
145,0.05928418530505311,1.6872533300952837,0.8822970113592836
146,0.05535507254540846,1.6840093485220171,0.8796495836769149
147,0.048484292615345315,1.6837980872091771,0.8776569604544577
148,0.04672747146630607,1.687748519735755,0.8766996841510557
149,0.07614171879935039,1.6846712199479805,0.8754478653579576
150,0.12208526872280731,1.6774210732064168,0.8730446660754763
151,0.11313208837857766,1.6804315495462347,0.8710398860225923
152,0.05653618486831169,1.683615845672052,0.870001548730218
153,0.019450417942795672,1.6750791713773276,0.8689648481055925
154,0.014252210921754771,1.6627242317433826,0.867489560904958
155,0.018783835005268118,1.656034340707424,0.8656217632742038
156,0.01743199563748829,1.6571753772240587,0.8636483717107621
157,0.005706417285899615,1.6599599149224424,0.8616602177185841
158,-0.010998822864840663,1.6611660611551766,0.859833594607966
159,-0.027024117078845555,1.66436721802223,0.8584550677340528
160,-0.03921179831568411,1.6658709742936262,0.8571581952226137
161,-0.04276352182810646,1.661917154584935,0.8557484497133805
162,-0.036841270038643764,1.6568536283415574,0.8541737147948836
163,-0.027613191120152425,1.6513084053313474,0.851771683798241
164,-0.021239559946090378,1.6439507936583215,0.848355473782664
165,-0.02012357826003111,1.6356064510822605,0.8444103095541764
166,-0.025083150357100237,1.6279273574693987,0.8404862866228529
167,-0.03563150627153172,1.6246749363540784,0.8370759184445857
168,-0.05151001985268405,1.6262316384157192,0.8344613776308552
169,-0.0682573840949371,1.6288087795217425,0.8329338315872472
170,-0.0796955175188352,1.630989030572124,0.83238264546373
171,-0.08654527361578235,1.6306221727835908,0.8318862376102492
172,-0.08927717017719292,1.6255822994512776,0.8310465322488176
173,-0.08765745094189958,1.6179617082298634,0.8298951894181799
174,-0.0871705328694824,1.6089261389238816,0.8280062569942515
175,-0.0905747659163067,1.6028076342987552,0.8253579685309793
176,-0.09667209673597277,1.6034110168302114,0.8226838316323897
177,-0.10713885701062176,1.6050078962945555,0.8207569062517233
178,-0.11520436261365494,1.603179433135348,0.8197088582550038
179,-0.08935182252544152,1.5958252493641805,0.8181986645115513
180,-0.045243014305317575,1.5888003183895751,0.8152362488499207
181,-0.057486477785333584,1.5914019085285949,0.8124226243929704
182,-0.11641074193937079,1.593427111065667,0.8107111150643278
183,-0.15356328605901542,1.5886788558075189,0.8090887325725364
184,-0.15825987348777504,1.5825730082159035,0.8072674533873867
185,-0.1553849396577477,1.5754614818683654,0.8054610192266995
186,-0.1631124793543567,1.570162935308777,0.8033842620358085
187,-0.18274264986261246,1.5709300927676324,0.8013188647987852
188,-0.20677318266314315,1.5751233366793018,0.7997848125113163
189,-0.22937758778138873,1.5761004968564825,0.798774196280033
190,-0.24459803829047344,1.5734428842358872,0.7981198880883333
191,-0.25295523565563505,1.5710984703226476,0.7972400620921984
192,-0.25843887459596504,1.5680912258011488,0.7957309558919565
193,-0.2603151410080149,1.5623194015308695,0.7936665873848123
194,-0.26052274828060096,1.5573013858145655,0.7911461347870805
195,-0.2642277008937364,1.5527950418973324,0.788561602852492
196,-0.2758063103173928,1.5484175593702547,0.7862160464408428
197,-0.2956252698284645,1.5471715452246873,0.7841365018290043
198,-0.3177952066994353,1.5481312035903692,0.7824043022041707
199,-0.33677566068406095,1.5492604582813092,0.7810184724352633
200,-0.35103705498156,1.5488285754588826,0.7801704228424704
201,-0.360304424562242,1.5459855979459798,0.7795886023160135
202,-0.36514293814394994,1.5410049464599958,0.7787709762952062
203,-0.367473242898803,1.536631834585061,0.7779097325362709
204,-0.37008852688762905,1.5332456903703684,0.7770314593301881
205,-0.37554686055113695,1.529297352489066,0.7758874151716202
206,-0.38508224743154806,1.524700832476395,0.7741543681506946
207,-0.39822394994723476,1.5197130256012747,0.771556257981433
208,-0.40675588554008846,1.5169185622501216,0.7686587837306482
209,-0.3805474830979393,1.5117061670662153,0.7655807687322393
210,-0.3357568898609614,1.5054382418412597,0.7618921066522222
211,-0.34708466229826496,1.5094661106440128,0.7587089338865427
212,-0.4054977323004656,1.5155661499924644,0.756974613269779
213,-0.4407208247109996,1.512909034130283,0.7560996457325029
214,-0.44050689368077456,1.5044439164885839,0.7551492246996268
215,-0.4318365412303231,1.4964321375392156,0.7537209821674493
216,-0.4327379562899012,1.4933666833334343,0.7522635736058967
217,-0.4450471192756764,1.4940189370298036,0.751146313570594
218,-0.46124455375565,1.49728914765321,0.7500789925779783
219,-0.4740227696989596,1.4986258039377205,0.7485906825797934
220,-0.4820152422669659,1.4953996192285532,0.7469167374525238
221,-0.48474458272453846,1.4921118023163515,0.7453819847598078
222,-0.47984701085106907,1.488789031136215,0.7437909621848726
223,-0.4689219328640717,1.4837153616938275,0.7422304490028062
224,-0.45946039562298435,1.4769277062294672,0.7407440467256281
225,-0.45696695805661447,1.4693991977320997,0.7391876326978482
226,-0.4619969567120119,1.4663529164261981,0.7375976089955418
227,-0.47295711131475704,1.4695104016152496,0.7360770984896392
228,-0.4865992042161271,1.4731765539572494,0.7347645942740522
229,-0.5009000969708739,1.4717817296085514,0.7337111036761723
230,-0.5123636425976166,1.464903953246218,0.7328009342640804
231,-0.517336050223903,1.458987958370562,0.7315710222992637
232,-0.5182966468417318,1.456114947024742,0.7294937461137563
233,-0.5188882875133203,1.45111983084229,0.7266121522321713
234,-0.5209933049977187,1.4448121605593416,0.7232600084730074
235,-0.5263055242769485,1.4408123818794878,0.7197055677584341
236,-0.5359225137796195,1.4389211110864895,0.7164467183026677
237,-0.5494119249029479,1.437807843967168,0.7137750666674982
238,-0.5580471892497514,1.4348949900347097,0.7115872320796051
239,-0.5331569057011727,1.4258512282710316,0.7093013334736535
240,-0.4920253662515752,1.4171972597889364,0.7063916534507908
241,-0.5077904573374052,1.4192825717638549,0.7036775443340169
242,-0.570457274969739,1.4241667114631138,0.7017500391095064
243,-0.6099301287268453,1.422796042582767,0.7002092037226535
244,-0.6144324671530139,1.4180808457658065,0.6989729187489935
245,-0.6107135533344226,1.4139727332589285,0.6981978689036514
246,-0.6164081974993878,1.4134280732025863,0.6974499056108403
247,-0.6319046437406297,1.4168129567616243,0.6963645960261327
248,-0.6505908071823874,1.4197669540724598,0.6954428008982201
249,-0.6690788131515337,1.4193173971144546,0.6946869735434387
250,-0.6841899192624141,1.4166606774544124,0.6935210288599327
251,-0.6903539101235356,1.4116320118115726,0.6922097755632377
252,-0.6867470845531709,1.4039765531498243,0.6913649567492877
253,-0.6785376519628759,1.3986413156255662,0.6908308056394157
254,-0.6716275379057248,1.3982547518919515,0.6898456986744372
255,-0.6718510206841495,1.3967640989224246,0.6880764830543009
0,-0.6798246650576898,1.3925031831194605,0.6860502242341044
1,-0.6918769691385822,1.3893162503283087,0.6841716984426354
2,-0.7055832445131263,1.3876755603283435,0.6824651502562671
3,-0.7165401003367577,1.3880437515504838,0.6807331469283251
4,-0.7224859579183176,1.386804236282409,0.6786382038731154
5,-0.722698329975096,1.3824672051052862,0.676504351305325
6,-0.7167482500545768,1.378550368533686,0.6746651015582501
7,-0.7093668253018761,1.3737599549943367,0.6729179720098024
8,-0.7036398675902944,1.3685196843381382,0.6713487371359164
9,-0.7001155102060954,1.3664572215329254,0.669967308274823
10,-0.7016840206802268,1.3660004803683181,0.6685401485924958
11,-0.7090666758713293,1.362519293228429,0.666790321953528
12,-0.7107996293472176,1.3573739169864685,0.664710642354531
13,-0.6764302766958801,1.349092460062841,0.6618685490678855
14,-0.6249011300665248,1.3417585359311706,0.6581295841027095
15,-0.6305254582346467,1.3452287576739361,0.6552858677294011
16,-0.6831244899029685,1.3496508474851656,0.6540668899190456
17,-0.7124809760631801,1.3485447680906164,0.6535121954733796
18,-0.7069925776645349,1.3461065409604362,0.6529858874146743
19,-0.6934654626699586,1.3427727613497589,0.6522022092897888
20,-0.6892507181305743,1.3399117011638473,0.6511624895257806
21,-0.6979036133490635,1.3363391726587555,0.6497814804970874
22,-0.714626389999593,1.3325184147256808,0.6478916799384475
23,-0.7293249279810377,1.3318551779443548,0.6459673075437269
24,-0.733887577913813,1.3341409833370617,0.6447073342872809
25,-0.7272824340551156,1.3335110277915234,0.6440178567489119
26,-0.7149496708350145,1.3270387411898028,0.6433751427232757
27,-0.7021674735454433,1.3215258521323814,0.6424590651484976
28,-0.6932955302408521,1.3212030202414238,0.6408849127979086
29,-0.6913481627325002,1.32013405977392,0.638572910790715
30,-0.6942082275530319,1.3146123514825825,0.6362168345401367
31,-0.7014251733547257,1.31067270949563,0.6343111902441942
32,-0.7129818202448226,1.3119857638815935,0.632844213014258
33,-0.7249159630612014,1.3120810660082878,0.6314709077846064
34,-0.7334588868928535,1.306617326053376,0.6299162206144604
35,-0.7368858546038919,1.3002265988378077,0.6284611718429749
36,-0.7376990575954094,1.2963748421638108,0.627169966978415
37,-0.7389618462745853,1.2939010419142378,0.6255303629869347
38,-0.74139075896076,1.291572603952417,0.6230927170153502
39,-0.7444905560706614,1.2889066779403948,0.6200373821397862
40,-0.7488388637632135,1.2859207481713595,0.6168633190809223
41,-0.7578337941639133,1.2831222875993067,0.6138964599942294
42,-0.7648852302952991,1.2807748407554373,0.611558501286056
43,-0.7398197306674905,1.275332711752819,0.6094336138702774
44,-0.6968995709654338,1.2650604973493835,0.6069176942260288
45,-0.7081086997031794,1.2398864741807678,0.6050172195835328
46,-0.7669150588768725,1.1820761878496722,0.6039535991508598
47,-0.8050737322469537,1.0987748280971879,0.6029293927736097
48,-0.8094316169855293,1.008426513477588,0.6018147977527515
49,-0.8055326463523844,0.9154068978912941,0.600675345279984
50,-0.8090276944317822,0.8148494568301192,0.5998770568503204
51,-0.8215634837518495,0.7064476860973272,0.5995333829118197
52,-0.8406999062660283,0.5953804061847283,0.5990682574391366
53,-0.8627594388686037,0.4856984827363595,0.5981851631630053
54,-0.882162227594133,0.38624522071277323,0.5972672576654425
55,-0.8925864679555646,0.30182522388658906,0.5964231550320371
56,-0.8934066612276355,0.2235540326103831,0.5954077666757167
57,-0.8917310811616415,0.14076212089435514,0.5939103019182776
58,-0.8938126810280171,0.05151738876022177,0.5918504785093839
59,-0.9002349632738893,-0.04237828015941103,0.5895598035857401
60,-0.9127945540879492,-0.14163524617062268,0.5870519800164922
61,-0.9326353283737636,-0.24316292564604125,0.5843521595665431
62,-0.9540676872375506,-0.3407344017055498,0.5816903286662343
63,-0.9718642784546128,-0.4348952615627377,0.5793739029461922
64,-0.9844645782993737,-0.5276682933530299,0.57750069566717
65,-0.991356128224206,-0.6166195025737278,0.5742181788368597
66,-0.9954035320269958,-0.6899040308844824,0.5642372799711537
67,-0.9998860960678231,-0.7297994343791743,0.5408443104203189
68,-1.0041613522890258,-0.7377624418744619,0.5001538599031023
69,-1.0075340484698967,-0.7328287050739035,0.4418645804298078
70,-1.0123123111414936,-0.7279544305115917,0.3673504582599023
71,-1.0221767667960528,-0.7256187887242649,0.27901805239673494
72,-1.0301076845581996,-0.7193638881556566,0.18378700680763427
73,-1.0036265900490973,-0.6889978463981761,0.10506130048969098
74,-0.9576273282191687,-0.6583232952843261,0.05537689116507011
75,-0.9634160685930837,-0.676171064580886,0.0020767060731867737
76,-1.0089947143413713,-0.7111487566294441,-0.08491625188916291
77,-1.030894289578244,-0.7210370890641582,-0.19950379570845744
78,-1.0229379382142647,-0.7155054831816499,-0.32692367918559884
79,-1.0094279278597593,-0.709657251174562,-0.4592311194957672
80,-1.005322354446386,-0.7091592603741708,-0.5948490230098367
81,-1.0118328882933922,-0.7127743029142142,-0.7355393255649982
82,-1.0234751170264458,-0.7173013380846207,-0.8815302194364956
83,-1.033854200690298,-0.720103218841394,-1.0269878930989589
84,-1.0383766101359715,-0.7198078874924341,-1.1616288346805241
85,-1.035263435657554,-0.716283986339393,-1.27636850174841
86,-1.0256713688323753,-0.700607118849284,-1.3653124527247997
87,-1.0130098532153111,-0.6619702898704027,-1.4256294558906006
88,-1.0015661151699002,-0.6034764300256041,-1.4579529108903686
89,-0.9948812728514072,-0.527323131190347,-1.4665054987668835
90,-0.9944861465973434,-0.43817950434090935,-1.458426072332204
91,-0.9994645630396968,-0.3412657896049629,-1.4422396337757157
92,-1.006964550138191,-0.22103209016956527,-1.4258559859345348
93,-1.0134022487446899,-0.06737294281006179,-1.4147380121255324
94,-1.015855376443029,0.09786133477784009,-1.4108583849320935
95,-1.013106856748946,0.2541816619700974,-1.4127872899928398
96,-1.0059708190847068,0.41187327294364007,-1.4168431079611388
97,-0.9968315358417041,0.5786732906236707,-1.4188580884418887
98,-0.9886285620439916,0.7427150196377377,-1.4159074477361449
99,-0.9837131687041989,0.8853832469003482,-1.407394649264
100,-0.9830172946837448,0.9855493919568437,-1.3951519298797455
101,-0.9858235562563347,1.0371780523369307,-1.382594416739117
102,-0.9901742537270128,1.046846351320971,-1.3732985467221117
103,-0.9937119492859776,1.0231182925869295,-1.369620108030131
104,-0.9945974389385648,0.9791850968187528,-1.3718516814739945
105,-0.9921511908898495,0.9320401507932199,-1.3781482433964376
106,-0.9869997034713736,0.8929696415958488,-1.3852906706942756
107,-0.9807157929249359,0.8589306317484291,-1.3899525716217185
108,-0.9751358050535202,0.8255535100981091,-1.389921498665196
109,-0.9716436020929873,0.7931699845209117,-1.3848432004688318
110,-0.9706971309262125,0.7534650642494216,-1.376237579175604
111,-0.9717543638577215,0.6940686278427415,-1.366821584332464
112,-0.973586812498727,0.6222554318811724,-1.3594310275681551
113,-0.9748206111298621,0.552758365303299,-1.3559656730445617
114,-0.9744732502615383,0.4837058486805135,-1.3567477032670614
115,-0.9722794771787688,0.42388525661446197,-1.3605056692414634
116,-0.9687035465587828,0.3803860680039435,-1.364949808921414
117,-0.9646686082159306,0.3272508839550836,-1.367686642954134
118,-0.961141798173216,0.2517986587570197,-1.3671108808089185
119,-0.9587552149675669,0.17071139569685648,-1.3629450855913912
120,-0.9576083045348835,0.0920855875977567,-1.3562508156538553
121,-0.9573077780372583,0.006172920139572408,-1.348943679232792
122,-0.9571987306092913,-0.0851262232010348,-1.3430270332692982
123,-0.9566682122770902,-0.16037995307616287,-1.3398485150280197
124,-0.9553868702129629,-0.21251308690561188,-1.3396532228277938
125,-0.9533962222939785,-0.24696966703317597,-1.3415770461303387
126,-0.9510253692718145,-0.2659123687840844,-1.3440493866089538
127,-0.9486959273788043,-0.2831547336695446,-1.3454247643301867
128,-0.946715760289977,-0.31813602656960716,-1.344578659395407
129,-0.9451557227607519,-0.3750966607454427,-1.341291333297126
130,-0.9438561286891081,-0.44907034667529167,-1.336274151407903
131,-0.942545433281385,-0.5379436729979206,-1.3307846794038416
132,-0.9410026634294564,-0.6262811897981366,-1.3261293535122758
133,-0.9391795392302864,-0.6810549082962352,-1.3232241145045283
134,-0.9372229491642017,-0.6918207744198093,-1.3222628470351543
135,-0.9353899798515872,-0.6884000933379102,-1.3227080088791632
136,-0.9339010170676416,-0.7008554433654219,-1.3235748227529012
137,-0.9328066197618861,-0.7311294677607547,-1.3238300880902645
138,-0.9319373184526079,-0.764376934897685,-1.3227691877573613
139,-0.9309657340446806,-0.7846673546232408,-1.3202347857535646
140,-0.9295561668270147,-0.7835319274149226,-1.3166133015489891
141,-0.9275332991457383,-0.7620665116680483,-1.3126343279764643
142,-0.9249892289985158,-0.7291479461659554,-1.3090684903545649
143,-0.9222730201994644,-0.6974081670785284,-1.3064462425995749
144,-0.9198587541612091,-0.678331878675849,-1.3048981993561064
145,-0.9181438745081385,-0.6780651461136264,-1.3041604863637768
146,-0.917264365601147,-0.6953859405685874,-1.303721917087684
147,-0.9170107522283883,-0.7225179555102521,-1.3030400486498275
148,-0.9168889012648069,-0.7483744478679553,-1.3017372762915347
149,-0.9163084367569581,-0.7628993927179337,-1.2997079602910016
150,-0.9148252025791108,-0.7608088681309038,-1.2971109117498476
151,-0.9123372057597576,-0.7433433489864749,-1.2942685071096203
152,-0.9091484662571183,-0.7174659954326079,-1.2915254886766006
153,-0.9058672020550538,-0.6929399852084548,-1.289126838337526
154,-0.903172942123347,-0.6785003442553741,-1.2871562450923686
155,-0.9015432715211067,-0.6786162430097862,-1.2855454837692717
156,-0.9010511203050036,-0.6920376242657258,-1.2841352600051534
157,-0.9013183733882748,-0.7125804070364783,-1.282751803453948
158,-0.9016503012899335,-0.7317315720512396,-1.2812652971241922
159,-0.9013022430552287,-0.7419883135563128,-1.2796122406598398
160,-0.8997748206692724,-0.7396269420902224,-1.2777844864538754
161,-0.8970196640128996,-0.7258037376093782,-1.275802657023402
162,-0.8917397273327548,-0.7060051994647489,-1.2736946934719642
163,-0.8689751373391896,-0.6877782148179288,-1.2714916596904113
164,-0.8427694078501196,-0.6774040987346208,-1.2692386563551588
165,-0.8529083304305973,-0.6777632818699255,-1.2670071582363445
166,-0.8791600293727897,-0.6876704311377835,-1.2648927009646949
167,-0.8879946755116745,-0.7024367910493157,-1.2629899341928605
168,-0.8850462380155957,-0.7158259071579913,-1.2613513036717396
169,-0.8805921389449702,-0.7225168086657592,-1.259948280301682
170,-0.8752504060308852,-0.7200625332424948,-1.258657849289471
171,-0.8654931133822656,-0.7096231738605097,-1.2572888094654573
172,-0.8539496580464103,-0.695280739632741,-1.2556451272753488
173,-0.8418433223429633,-0.6822953568318753,-1.2536048082207292
174,-0.8255299199716499,-0.6750377431205246,-1.2511815806964761
175,-0.8047840134377555,-0.6754045760248739,-1.248539391409225
176,-0.7835660183077873,-0.6822839980609492,-1.2459465725694976
177,-0.7642153193827887,-0.6921993060313905,-1.243681323029877
178,-0.7462534144811055,-0.7008009673188358,-1.2419224898529175
179,-0.7294174203492296,-0.7045772268750417,-1.240669444307049
180,-0.7136882682969627,-0.7021159316670509,-1.2397267784387154
181,-0.6986933034852822,-0.6944709469210895,-1.238765665521806
182,-0.682384209474951,-0.6845624785106894,-1.2374430321618441
183,-0.6654588017081517,-0.6759158883276442,-1.2355346503247726
184,-0.6498742683326091,-0.6712736218611346,-1.2330296857002727
185,-0.6344247538580243,-0.6716216080599329,-1.2301466429966803
186,-0.6179607754168412,-0.6643459059204124,-1.2272600501471453
187,-0.6006237434967596,-0.616791684513049,-1.2247624381841091
188,-0.5850255824352728,-0.5245630783312074,-1.222913142145725
189,-0.5706511462505188,-0.42764078601382005,-1.2217329052306178
190,-0.5551685359950507,-0.34767041617372607,-1.2209874483706367
191,-0.5347298863148033,-0.27500016511659675,-1.2202695851530625
192,-0.49462017400640157,-0.19744362529281945,-1.219150960637839
193,-0.4331860569680317,-0.11198118015372838,-1.217346265686945
194,-0.3956472504130586,-0.026623332060605326,-1.2148263216939146
195,-0.4175977119943275,0.062435006947193505,-1.211834848356621
196,-0.45805512697130424,0.15918574413459563,-1.208800310989318
197,-0.468929354981908,0.2439504722354161,-1.2061749519844591
198,-0.45590166576064894,0.29410194693618397,-1.2042620148992804
199,-0.439954996347073,0.284054614143328,-1.2030977343926343
200,-0.42929559132770456,0.20680377448231657,-1.2024343701854407
201,-0.42554349645667533,0.09337741416890055,-1.2018320072663924
202,-0.42807141379254365,-0.038482216387079826,-1.2008248663268297
203,-0.4296222407416477,-0.20480868111917827,-1.199098786123339
204,-0.4231383619189435,-0.38243795494020894,-1.1966117655197421
205,-0.4082130104742854,-0.49161054684858063,-1.193610997455247
206,-0.38774137984646817,-0.5129574559972072,-1.1905394657228734
207,-0.36616996405139535,-0.5133510330868436,-1.1878676207292593
208,-0.3477799618013785,-0.5405905536761009,-1.1859144892499578
209,-0.3352466993266141,-0.5802797469755312,-1.184726649514376
210,-0.3305748575279249,-0.6054534289490512,-1.184061250767686
211,-0.3325853801953137,-0.6140137009693464,-1.183479294299282
212,-0.33461714990834146,-0.606006197441123,-1.18251316016014
213,-0.3314133191546077,-0.5764516824665042,-1.1808441203770705
214,-0.3241090441899175,-0.5426766334991393,-1.1784221152128094
215,-0.31447109375055626,-0.5343252420827684,-1.1754825676968115
216,-0.3023700924615004,-0.5626774595723663,-1.172454657838042
217,-0.2908980666566231,-0.6208946287289976,-1.169796931417511
218,-0.2836967621583286,-0.6828376805686776,-1.167823478393574
219,-0.2813693170889173,-0.717861537487718,-1.166586845749582
220,-0.28348318006442497,-0.7203812834610714,-1.165861492013006
221,-0.2837749723320141,-0.6976783069288874,-1.1652196734448506
222,-0.2777421470178185,-0.6609855904407398,-1.1642115660118217
223,-0.27787151668032806,-0.6272486540948126,-1.1625566973210613
224,-0.29122559064437226,-0.6095253538262719,-1.1602132379274699
225,-0.3031706616187738,-0.6130766846101909,-1.1573856448122473
226,-0.3027641309556517,-0.6348289036552812,-1.1544641765902122
227,-0.29468762165030804,-0.6650074133350712,-1.1518720233122335
228,-0.2894460359306835,-0.6913326681032153,-1.1499033218322365
229,-0.29228793826188026,-0.7038957167347939,-1.1486135289873496
230,-0.3010056146325061,-0.6985451082557141,-1.1478025221341022
231,-0.31206613200677635,-0.6780478153650737,-1.1470948274934667
232,-0.3209294300974749,-0.6506366851650898,-1.1445104988926698
233,-0.32637860499365134,-0.6265940325525512,-1.135412434074035
234,-0.32998621577332954,-0.6142702482037983,-1.1154403449551835
235,-0.331318567460695,-0.6170805987287664,-1.0838487562351524
236,-0.3305532549096345,-0.6325545260237726,-1.042877203495808
237,-0.3294195983328023,-0.6536619465849725,-0.9954169965966586
238,-0.3302612100176474,-0.6717634765011451,-0.9445131980287131
239,-0.3342229127379518,-0.6799611422419167,-0.892918872662964
240,-0.3412091933236985,-0.6755582155868898,-0.8420373895055318
241,-0.35006310843174115,-0.6607631390453421,-0.7919155731987368
242,-0.35882439163163804,-0.6414976074367902,-0.7418761663861917
243,-0.3658955770831067,-0.6248964789798692,-0.6913583718961405
244,-0.371919803530227,-0.6165400771823975,-0.6409353541350198
245,-0.37609701219699,-0.618484306534302,-0.5919048855101134
246,-0.37568266427402386,-0.6287718494994603,-0.5451540660204564
247,-0.3738076408092119,-0.6424938427294951,-0.5015037055357585
248,-0.3765670553962537,-0.6538773826428834,-0.46148195472076425
249,-0.3833999532555097,-0.6585256827091557,-0.42447161425118596
250,-0.390931457698497,-0.6549495517749189,-0.38915935599415263
251,-0.3933728548717256,-0.6448688694135878,-0.34965645099263143
252,-0.37447765417350154,-0.6322748274120022,-0.28913699612259347
253,-0.33087186195489104,-0.6217174607239939,-0.19435683000135007
254,-0.28600139845730455,-0.6165391345277256,-0.07088860649504114
255,-0.2893198340967239,-0.6177321793566235,0.04850190548800848
0,-0.35640916768223685,-0.6237989246968321,0.1214885384852672
1,-0.4189987507273839,-0.6315727365404136,0.14474850909284587
2,-0.43567630973909854,-0.6375923517303757,0.14245457948079854
3,-0.4321404799067523,-0.6394466880748146,0.1308433131876584
4,-0.43337323573962694,-0.6365748986223296,0.11677053693560513
5,-0.44847955155667396,-0.6302686649041225,0.10145029539635197
6,-0.4716139691150918,-0.6229600745081925,0.08499507810793733
7,-0.4898821180730839,-0.6171495997628269,0.06919802397341901
8,-0.49825205581609855,-0.6144334349311609,0.05862221193067646
9,-0.4981573194046818,-0.6150016952904516,0.05945741976516061
10,-0.48945034976718405,-0.6177519413115138,0.07711437652248398
11,-0.4748221015485068,-0.6209005647476469,0.1144125358099709
12,-0.46122357495792854,-0.6227868808516754,0.16963916835714066
13,-0.4543138071198747,-0.622520485849787,0.23599084756108835
14,-0.45614479617455106,-0.6202259404482562,0.3048038955354986
15,-0.46504945144005294,-0.6168333327412274,0.3687724070760947
16,-0.47681601470603807,-0.6135592775786733,0.4229687749210711
17,-0.4866129253072593,-0.6113380829372117,0.466825815558219
18,-0.49064054554500225,-0.6104558049615871,0.5048229338619549
19,-0.4858631225224368,-0.6105245732903222,0.5432200890855352
20,-0.47276089198356597,-0.6107699379034439,0.587088133786717
21,-0.4579299385964728,-0.6104658395503217,0.6389265785422331
22,-0.4471321493826965,-0.6042704973852933,0.6969762270055258
23,-0.44200202771609165,-0.5802034100448437,0.7554942428935454
24,-0.44290333524553027,-0.532683614789738,0.8076869980360866
25,-0.44198142994641354,-0.44693658520630297,0.8480037804949094
26,-0.4100567384656204,-0.22894648365170855,0.8716607515795323
27,-0.3633458247371286,0.049262700672117576,0.8773291734385897
28,-0.3734600402198347,0.08997018093318121,0.869907795868404
29,-0.4282799136175106,-0.08292325041215198,0.8561055801442992
30,-0.4569275282755374,-0.18633371945902377,0.8418503220095439
31,-0.45022424423369367,-0.15117286910756156,0.8322652670358219
32,-0.4370315397989335,-0.07934899816175722,0.829794945733437
33,-0.43458154210830147,-0.04618560582793585,0.833628007732846
34,-0.44504534610850754,-0.05932691203065166,0.841021762806009
35,-0.4616658048957589,-0.09581825693211954,0.8480662591293018
36,-0.47685249666079743,-0.12709517267148973,0.8508372400696729
37,-0.4878577516986038,-0.13138176588864026,0.847584655976076
38,-0.49293872181872933,-0.0979536571056665,0.838981482455686
39,-0.48878736397674727,-0.03420205604061688,0.8273120893582107
40,-0.4765389735835377,0.03773925532649902,0.8161316413001725
41,-0.46417026233115055,0.09991828345702847,0.8091919567373842
42,-0.4582879601895693,0.13999342223527256,0.8083543115067253
43,-0.4591038651063122,0.14984421377489388,0.8126343710603074
44,-0.4651654959471063,0.13361318119575105,0.8193869714691902
45,-0.476467275477753,0.10431378272360081,0.8257453457737842
46,-0.49034464399536826,0.07507581284557086,0.8287842719700413
47,-0.5017670207510494,0.05716979671617617,0.8267660200149418
48,-0.5073241521168514,0.0573681674730282,0.8204711294135594
49,-0.5063312317559159,0.07371007966909382,0.8118064103113958
50,-0.5028419285930532,0.09899254657698009,0.8031954580936325
51,-0.4998352031850115,0.12157896033716153,0.7971936814859921
52,-0.4983490024261594,0.12844961190781912,0.7948682181186937
53,-0.5012783556234972,0.11659336730987369,0.7960993626950792
54,-0.5095651019458152,0.08993194843985958,0.7999141633773024
55,-0.5163145830641,0.07690823303975114,0.80414215351907
56,-0.49116306028852463,0.18875794277900293,0.8054587901216856
57,-0.43289145847204846,0.43087585986517096,0.8013954395138358
58,-0.4207150648313316,0.502682044373406,0.7937668016937276
59,-0.48442012876540286,0.27090411796071256,0.7863123661385685
60,-0.5463763666556671,0.029489943551736397,0.780778515869399
61,-0.5615606163038955,-0.028654689601781858,0.7766449345926913
62,-0.555137836637766,0.004708824371074005,0.7713151802557858
63,-0.5541771165383296,0.012350785944573284,0.7617435665099856
64,-0.5667235867468152,-0.04139119230093069,0.7459850856197585
65,-0.5888133147901762,-0.13693172190844116,0.7235072145357793
66,-0.6115991069977535,-0.23843744175335058,0.6953884937634627
67,-0.6290886320595244,-0.3127222788578914,0.6633927093655283
68,-0.6377468422650283,-0.34049764913163716,0.6287439594503916
69,-0.6346000117139909,-0.3235325771274963,0.5919289170475441
70,-0.6227113559824771,-0.2789950364575149,0.55335722044458
71,-0.6118975149513639,-0.22941584729265974,0.5136954785755867
72,-0.6080172565926303,-0.2004774748680822,0.4738076675262768
73,-0.6121896210055096,-0.20982156841241695,0.4347212742753883
74,-0.6248933256775175,-0.2548599654652631,0.3974737937642485
75,-0.6412404321423335,-0.3212225205854147,0.3626573394114403
76,-0.653253952900005,-0.39180193024147414,0.3301697024781417
77,-0.658095617502175,-0.4432301690758993,0.2999517309597317
78,-0.657745139431084,-0.45685580775951484,0.27203258151242116
79,-0.6513548445944342,-0.43394314452980887,0.24608501946867034
80,-0.6389509806266926,-0.3886410843530259,0.2214654497199675
81,-0.6254822496209462,-0.34015143438139944,0.19729233336313012
82,-0.6163679516515705,-0.3094280663992491,0.17282762733300855
83,-0.6147076758851051,-0.3103450524018979,0.14802823354229272
84,-0.6201291077023792,-0.3405425069847585,0.1238528162586319
85,-0.622869006502943,-0.35955258441527316,0.1055007235612257
86,-0.5923025672286182,-0.2452284797083879,0.11417970596722779
87,-0.5438445121050124,-0.04998136806119313,0.15928477332086616
88,-0.5462579210702136,-0.06317085571156267,0.20479118187235795
89,-0.5863397925865725,-0.26600139140340273,0.21793641780692646
90,-0.5992982709186891,-0.381279155106953,0.20332563574079188
91,-0.5808663310657709,-0.3485611364124155,0.17548421853240626
92,-0.5593742439665814,-0.28047292779732347,0.14249482206454311
93,-0.5486709280955353,-0.26103628784273536,0.10702887137485051
94,-0.5484896593374147,-0.30361732211663295,0.06875743241345295
95,-0.5555079573265631,-0.3841747171381069,0.02676156637716251
96,-0.5636659295277402,-0.4679886459714422,-0.01845416223304308
97,-0.5640283953062373,-0.5223810451381325,-0.06450171812642186
98,-0.5526845288473181,-0.5270288925956157,-0.10724136231619946
99,-0.5341261291743682,-0.48728750222260886,-0.1427211623942679
100,-0.5139686310165961,-0.42616783645357215,-0.16882365880361544
101,-0.49420765100548114,-0.3656563889118077,-0.18563689095804392
102,-0.47913555040503164,-0.32636636666335556,-0.19601681394163
103,-0.4730653520075787,-0.3273103177560371,-0.20493897791083449
104,-0.47302373177294266,-0.37103354565303626,-0.21736273804520834
105,-0.47613285773269576,-0.44092675372933887,-0.23682080487164048
106,-0.47999939473658193,-0.5167539691267828,-0.2651422128928873
107,-0.4796173862670019,-0.5808658171839398,-0.3018165690420027
108,-0.47266302025602425,-0.6183788336575582,-0.34402136541195427
109,-0.45843203276352873,-0.6235435230287745,-0.38842302362180403
110,-0.4407063731341456,-0.6006460703341754,-0.43280163198978017
111,-0.42579023698805285,-0.560575176317468,-0.47669747693151265
112,-0.41598789692117033,-0.5238420927729908,-0.5216595442798773
113,-0.4113652250744204,-0.5107575292263637,-0.5700166888552709
114,-0.4090885645529445,-0.5268991324872265,-0.623075541740262
115,-0.40474413810004906,-0.5504372660394725,-0.6771395084127332
116,-0.39661698651004185,-0.5008542299892793,-0.709662049149776
117,-0.39141037130966305,-0.4331821454006566,-0.7153372507425582
118,-0.3918428580442245,-0.49989904266239593,-0.7325804750391312
119,-0.3882741149374759,-0.6010731200765063,-0.7787417095762565
120,-0.3773458740325939,-0.6037477978836296,-0.8380482469563963
121,-0.3649559366071673,-0.5514760866497004,-0.8986001073588112
122,-0.356024845552116,-0.507204953272852,-0.9558946096726308
123,-0.3502003674839502,-0.4989511659964314,-1.0092451356332366
124,-0.3469637215438366,-0.5230693405787854,-1.058925364707537
125,-0.3466054294413409,-0.5277193174855115,-1.1059747870654273
126,-0.34597886246837595,-0.4424272664563764,-1.1508251573271528
127,-0.3420060380223712,-0.26361976301842405,-1.191715292818151
128,-0.3342830848520353,-0.021016719188922228,-1.2249504297552645
129,-0.32424636750977043,0.2845079000645646,-1.2464866568671944
130,-0.3136915259583537,0.6462975052205963,-1.2539122530218019
131,-0.30622900401546627,1.018908522295293,-1.2478631418093973
132,-0.3023450238256018,1.3065728278216366,-1.2322356683628546
133,-0.2996520151547072,1.438808408869603,-1.2131002594091869
134,-0.2975916606516593,1.463946432617818,-1.1967564270901323
135,-0.2953814816333118,1.4606642153877702,-1.1876993972111904
136,-0.29201770208777833,1.4527478405227843,-1.1872782444211132
137,-0.2867235733587854,1.4388236630111342,-1.1935301584584814
138,-0.2797254458055316,1.4155137242668978,-1.2022062645128324
139,-0.2717549441218361,1.385387096316542,-1.2085513870548206
140,-0.26360043528605104,1.35744372781661,-1.2091366097618383
141,-0.25639593001639305,1.342974993076591,-1.2030605558755143
142,-0.2524972792939719,1.3461852047915945,-1.1921115175246904
143,-0.25088596100479543,1.3616710613796328,-1.1798983037470956
144,-0.24822014565383,1.3856515182621374,-1.1703465580331884
145,-0.24415452946110183,1.4057141486665063,-1.1661725523994444
146,-0.2392108868401368,1.410870217443196,-1.167916140501219
147,-0.23529401566295827,1.408533119358383,-1.1738648230579818
148,-0.23140952640546664,1.396845633140857,-1.180840335597455
149,-0.22543076323008004,1.3712526191395242,-1.1854923232834773
150,-0.22062955189857192,1.341843007146476,-1.185573353194088
151,-0.21756308567223204,1.3224763232864714,-1.1807110161016503
152,-0.21381383019831823,1.3197732666357156,-1.1724167903202245
153,-0.21112976466413924,1.3303664272007554,-1.16338011693903
154,-0.2089051581065307,1.3520253340913788,-1.1563527110004483
155,-0.20457017248698606,1.3796141861119455,-1.1531179386319073
156,-0.20017314801847041,1.39930937029209,-1.1538976872541675
157,-0.1957935318884204,1.400000130486883,-1.1573716429135295
158,-0.19005459734730124,1.3814453800450375,-1.1613160507306715
159,-0.1859881472260162,1.3527638204574841,-1.163508208903374
160,-0.18359826026958026,1.3240803300826292,-1.162564627925438
161,-0.18018921348013872,1.3028579342197069,-1.1584166312772197
162,-0.17755845589785868,1.296285003010924,-1.1522232597259352
163,-0.17535383358866585,1.3066493485025266,-1.1458220105630743
164,-0.1708800938382385,1.3256772851193643,-1.140966152215805
165,-0.16617994829542485,1.3453344602629675,-1.1386600517706538
166,-0.16173305370463753,1.3610240090327625,-1.1388409003254267
167,-0.15609173367332607,1.3662379630424448,-1.1405005101422163
168,-0.1518469546046266,1.3591537814104404,-1.142161932119782
169,-0.1491491869817908,1.3395485177569202,-1.1424944260239012
170,-0.14584120548330426,1.3127034966743847,-1.1408145908081986
171,-0.14365185782606837,1.290092420798819,-1.137287776729515
172,-0.14376327766626495,1.2772656594158711,-1.1327779916491232
173,-0.1425335721081865,1.2774097096795556,-1.1284378815560863
174,-0.13736398650436812,1.2903503233458138,-1.1252253121493112
175,-0.13169492103540625,1.304205308931067,-1.123545654238478
176,-0.1283469946023863,1.308163138159502,-1.1231507066343371
177,-0.12502821889540108,1.310312356059935,-1.1233102047465473
178,-0.12044015004898728,1.3148374319094147,-1.123160255033838
179,-0.11764086702161791,1.3099872637541163,-1.122069784538252
180,-0.11809187854282965,1.2934138057361135,-1.119873093757628
181,-0.11829296795918443,1.272194964288134,-1.116885397426255
182,-0.11560934445575982,1.2552364854762001,-1.1137156487943254
183,-0.11231655454060202,1.2520778989222032,-1.1109744216792454
184,-0.11015933984526988,1.263770481358038,-1.1090104602668642
185,-0.10628087440594824,1.2827366342364157,-1.1077862044801963
186,-0.09953353375814705,1.299470548801307,-1.106934211954898
187,-0.09411094253092411,1.3067557731760964,-1.1059550296919216
188,-0.09256383990417855,1.3015220745860514,-1.1044582818525117
189,-0.09188482589239433,1.2871312156259638,-1.1023363499662446
190,-0.08966386955481997,1.268108913229296,-1.0997966621080506
191,-0.08822761392943351,1.2488282944958713,-1.0972457291169646
192,-0.08865454320958499,1.2365043722185498,-1.0950849069146638
193,-0.0870490042195437,1.2355050414164506,-1.0935151912384278
194,-0.08132514170587207,1.2465483207593149,-1.092440953496503
195,-0.07538808977790726,1.2624223053119632,-1.0915152189600077
196,-0.07198960086856573,1.2733700132773738,-1.09030392795334
197,-0.06846076613489321,1.2788505023765886,-1.0884928282921815
198,-0.06383472323979145,1.279000747089611,-1.0860417658692794
199,-0.06156915509251748,1.2682111548285722,-1.0832149813568432
200,-0.0626173170997586,1.248463629554934,-1.08047160866509
201,-0.06304476175649115,1.2310809649496068,-1.0782632169039945
202,-0.0603271658922554,1.2198097093304776,-1.0768274056619282
203,-0.056998599280289663,1.2157743660370488,-1.0760696843901338
204,-0.05472957707163234,1.2213520024521753,-1.0755886159529404
205,-0.05065653930551602,1.2298331282382757,-1.0748374523878952
206,-0.04394747800189647,1.237081785126398,-1.0733557866560752
207,-0.03878380865173237,1.2458836552157417,-1.070972842602239
208,-0.037434544318948784,1.251261017679171,-1.0678939101607448
209,-0.038597784007802755,1.2438079854762787,-1.064629363055801
210,-0.04074338940413616,1.226313177210225,-1.0617917533222667
211,-0.04103173618831338,1.210628243654853,-1.059842922967098
212,-0.03811786973299994,1.2018473745353004,-1.0588959898745856
213,-0.03491537807539864,1.1997757355242,-1.058656398716237
214,-0.032895922067888016,1.2041206774353306,-1.0585300551785162
215,-0.030895320479389976,1.211335597212511,-1.05785781787494
216,-0.026974456717230727,1.21697867840995,-1.0561826544615922
217,-0.02097697583930895,1.2214964463992053,-1.0534406372997651
218,-0.016973324592759916,1.224111075399124,-1.049996304289909
219,-0.016932502013506823,1.218024207764394,-1.0465051678784283
220,-0.018952828857468795,1.2021413596786434,-1.0436561923957806
221,-0.020974237957520098,1.1850465715215588,-1.0418964130287995
222,-0.020119816288655418,1.173711837592701,-1.0412483277000142
223,-0.015664104067690254,1.169662421696417,-1.041294536792468
224,-0.011252944040518048,1.173758629649758,-1.0413376551526294
225,-0.008772341054832766,1.1843189524644009,-1.040673376569904
226,-0.007128556561234331,1.1947375644820517,-1.0388688976238534
227,-0.0039879786191054645,1.1984926807475276,-1.0359360997430418
228,0.0010149348444629808,1.1941368319877013,-1.0323301840586256
229,0.0038196613583495187,1.1853594257235986,-1.02877345451344
230,0.003021536001242636,1.1753625317114471,-1.0259732002312827
231,0.0013088512257484614,1.1652608804778866,-1.0243446167729688
232,0.00039472675713631,1.1565814362084907,-1.023847798023506
233,0.0005840602165814099,1.151149966501793,-1.0240028611708585
234,0.003317867224050572,1.150261765296495,-1.024077126797755
235,0.008964304802353565,1.1533532882847455,-1.0233576146569292
236,0.013743834834395174,1.1547984333674326,-1.0214438908822858
237,0.015410398138908654,1.1489195139988553,-1.0184235968993924
238,0.01528278380403298,1.1395769122563855,-1.0148022970404975
239,0.014564236998656188,1.1370778534697266,-1.011301412527458
240,0.013745072105081078,1.1439711937332877,-1.0085986802813665
241,0.014604444933658431,1.1490252439585817,-1.0070639991232606
242,0.018151438723463573,1.1434308439482743,-1.0066040944626873
243,0.021371987448618096,1.13227966599135,-1.0067170320953713
244,0.022674234953609977,1.125897548201006,-1.0067101742955802
245,0.023552727870777945,1.1278527881933984,-1.0059347824312428
246,0.024617917035678366,1.1357313171987369,-1.0040309759939694
247,0.02555826076287697,1.1453194656203443,-1.0010833562645125
248,0.026089979798333038,1.1504811927515748,-0.99758005528619
249,0.027685181545686055,1.1468436365697037,-0.9942175980564762
250,0.031080516651513367,1.1355171944501175,-0.9916291047622203
251,0.03332550071155156,1.1228431147359372,-0.9901416552535882
252,0.03324193506239885,1.1150777366721116,-0.9896556086300858
253,0.03265452183559752,1.1135143954509412,-0.9896900677593354
254,0.03288700480753087,1.1146587464593023,-0.9895739205842498
255,0.03425323921775317,1.1147069305390236,-0.988706280903977
0,0.03606981809906651,1.1149603856296824,-0.9867849673325337
1,0.03901721031891023,1.117033067580695,-0.9839159977049481
2,0.04343865267100344,1.116954609603718,-0.9805514746175148
3,0.046177267428836544,1.11342522523187,-0.9773250463025822
4,0.04577798449700318,1.1082974793897775,-0.9748274444289451
5,0.044251434720020466,1.1017875192599882,-0.9733487585189868
6,0.04325155472605863,1.0946303064233258,-0.9727709340420732
7,0.04336423554901085,1.0882897306432544,-0.9726435671483706
8,0.04454830617745928,1.0843251484271934,-0.9723614652641035
9,0.04617007016651922,1.0834139957393032,-0.9713971286511516
10,0.047485985914783785,1.0798796464515354,-0.9694980039467875
11,0.048091224834966945,1.0767583259194682,-0.9667741480399696
12,0.049441405572998684,1.0853189608758758,-0.963645783943647
13,0.05242380051816718,1.0939841941078687,-0.9606745601551081
14,0.054451721739689374,1.0900122690914937,-0.9583460403171769
15,0.05433512125201116,1.0804881410446527,-0.9568876175976806
16,0.053802491698774754,1.0740366284170637,-0.9561900745870617
17,0.05418821197870624,1.0710627009476412,-0.9558594672170089
18,0.05538818711671345,1.0672363413769048,-0.955375549437885
19,0.05683319680994639,1.0637343914349073,-0.9542931275353235
20,0.05802468005445349,1.064937701327612,-0.9524084165649582
21,0.05858429312662625,1.0702879747203529,-0.9498283186452836
22,0.060073089497498705,1.0743300584184166,-0.946919526651361
23,0.06318957684672588,1.0738324571952265,-0.9441608407492827
24,0.0650060989723219,1.070314206455607,-0.9419580894664432
25,0.06460803109251406,1.065885181721106,-0.9404932030209125
26,0.06400457411093355,1.0598750668606987,-0.9396634890010347
27,0.06452604861997543,1.0516735178913024,-0.939130889127358
28,0.06638341096461084,1.0466584783308241,-0.938458511143248
29,0.06838616271896258,1.0463149262187756,-0.9372794357421501
30,0.06930006163926206,1.0448348087744628,-0.9354326125831953
31,0.06923095044825395,1.0418829388762325,-0.9330156298667429
32,0.0685655661778442,1.040103809278143,-0.9303376151393912
33,0.06729549795867504,1.040514186149713,-0.9277809372131332
34,0.06578867433668875,1.0409370724558755,-0.9256692378144225
35,0.0647935890039196,1.0370336856370583,-0.9241692415085003
36,0.06478848223290332,1.030989402450372,-0.9232014315626307
37,0.06741449180244585,1.0266029874751617,-0.9224760827670497
38,0.07301550156279873,1.0236169637652357,-0.9216319796053392
39,0.07760015190385827,1.021427718187971,-0.9203734264943657
40,0.07901014347984767,1.0198544191553025,-0.9185769294265036
41,0.07874922763636177,1.0185000552243846,-0.9163285924728863
42,0.07792476514558166,1.0170531832361713,-0.9138811752678078
43,0.07700689933919985,1.0155998039824494,-0.9115506292186506
44,0.07635134538238986,1.0140028006852186,-0.9095939101375459
45,0.07603303372300393,1.011835951905296,-0.9081150088862171
46,0.07602119633980906,1.0091804477178319,-0.9070332687972735
47,0.07635348805987768,1.0062722328601184,-0.9061228920172923
48,0.0769422890322439,1.0047856897408551,-0.9051052041327874
49,0.07765679273116172,1.0058087313789015,-0.9037562186233674
50,0.07813678698712051,1.0064333129863154,-0.9019881325768999
51,0.07972581760512668,1.003539864219631,-0.8998753303536726
52,0.08173063838513556,0.9979902701935592,-0.8976179509270232
53,0.08199250018502538,0.9938609416613682,-0.8954600298164626
54,0.08312863802145312,0.9924291539235468,-0.8935954984281773
55,0.08524380045834787,0.9930453707490869,-0.8920981411861026
56,0.08615475555261301,0.9933455455229949,-0.8909006134870445
57,0.0866039590658352,0.9891929306603195,-0.889827718227636
58,0.08721582715327983,0.9827798083676926,-0.888668354888738
59,0.08779306671091616,0.9780341782744828,-0.8872568228559601
60,0.08811128109173322,0.9766353376359675,-0.88553229709802
61,0.08818844755440944,0.9787315048532501,-0.8835553396456572
62,0.08786228701238058,0.9791275660767691,-0.8814777765476411
63,0.08709771235113181,0.9751229496171097,-0.8794801032986514
64,0.08633291665208656,0.9712087347721234,-0.8777019945987696
65,0.08592602263689883,0.9712390894359206,-0.8761925361555307
66,0.08593123220087118,0.9722031218988163,-0.8748976942712288
67,0.08791066924121463,0.9702462144875361,-0.8715624563856399
68,0.09089511909264125,0.9662917899799428,-0.8598640919432685
69,0.0923179736275781,0.9553799779665617,-0.827590809166916
70,0.09425805138415108,0.9420217517817164,-0.7551794880998486
71,0.09649592910267368,0.941398674016658,-0.6293730354626552
72,0.09694862106378196,0.9480419408392708,-0.46942373195389453
73,0.09657163418915798,0.9506526054144713,-0.31855016487579757
74,0.09632206863283976,0.9496034715968302,-0.19853555484040553
75,0.0964541856432154,0.9473347537019579,-0.10111640961779478
76,0.09683536651154157,0.9467851921988224,-0.014539431490194987
77,0.09712407737804865,0.9470999579900727,0.0652920577398266
78,0.09707278389209112,0.9437114430206739,0.1372019935384866
79,0.09672932058100783,0.9382907938847196,0.19881977173733234
80,0.09645672306418762,0.9361133439961544,0.2489134115528765
81,0.09646311432542826,0.9377544890910245,0.28919229415349684
82,0.09655742806304912,0.9391356812692426,0.32542450097784376
83,0.0965390095516751,0.9382962254175928,0.3648068961363151
84,0.09642809525738089,0.9351089642631836,0.41266298412365954
85,0.09648925060841129,0.9311092189145631,0.47072137794691415
86,0.09678852203344596,0.9287568548927436,0.5355385004723956
87,0.09692238555053773,0.9256514938470941,0.5987638055253157
88,0.09667414906483093,0.9213849311067599,0.6517130031851823
89,0.09630533172242267,0.9177879569791201,0.689942935671255
90,0.09603891802260608,0.9144271416197896,0.7131671042137249
91,0.0976250638168441,0.9128080650036932,0.7240481249904216
92,0.10185404743437682,0.9141683544911299,0.7281842777222565
93,0.1051714923802805,0.913829301342953,0.7327534998128555
94,0.10420920076017859,0.9090698808036333,0.7436725877897228
95,0.10167593582864498,0.9046368372898308,0.7635690315608925
96,0.1026663122116579,0.9047315307270889,0.7912267664139645
97,0.10558466437926722,0.9064215537154809,0.8222765285771181
98,0.10691106936575556,0.9039290426203044,0.85154213196674
99,0.10678277276620535,0.8985712279004243,0.879078616317416
100,0.1060601004596387,0.8941041092903581,0.9045933555777852
101,0.10546641355776387,0.89062275684722,0.920297263265168
102,0.10521872944859773,0.887735920621926,0.9242180537587679
103,0.10516311247032567,0.8854565044533356,0.9228902941895325
104,0.1052388660281891,0.8838793697468801,0.9220739224810521
105,0.10559905147848825,0.8830705576466737,0.9249850781115061
106,0.10619073146768565,0.8826641457197542,0.9315558289738202
107,0.1065868485336966,0.8835752749400809,0.9390092101751804
108,0.10646322954546039,0.8858964626361372,0.9437801952315463
109,0.10587986303417729,0.8845256080249948,0.9429290232437597
110,0.10528863487379786,0.879253450290352,0.9351713164801367
111,0.10501335863205019,0.8765502505037683,0.9215381104937665
112,0.10495579236073249,0.8763381979420051,0.9050037633079207
113,0.10495307449846386,0.8737298060548606,0.8894847535508243
114,0.10508228091938393,0.868265511127154,0.8789824333702061
115,0.1054891617853046,0.8641037225557895,0.8756908539291106
116,0.10586178468193302,0.8627583395342167,0.878682925294779
117,0.10584735990939592,0.861845640427473,0.8847674434386708
118,0.10564679827324863,0.8597481240132856,0.8902561779537859
119,0.10546810286502645,0.8564530874363463,0.8925412799157231
120,0.10512405425206023,0.8527015772182622,0.8904967012376002
121,0.10458961577564446,0.8492967417357118,0.8848456687539223
122,0.10422630401280053,0.8467738516577574,0.878339806364028
123,0.10423487706526957,0.8468456552516965,0.8739298335084968
124,0.10458684142838759,0.8501563067363027,0.8729870808866114
125,0.10504945017249712,0.8529622686791529,0.8756350221172746
126,0.10525546363047988,0.8511285066479828,0.8811450856201559
127,0.1052663581049435,0.8452457183153528,0.8879677814996292
128,0.10518015366849398,0.839757668673673,0.8945117604193533
129,0.10490884996740824,0.8364928386886636,0.9037009188602227
130,0.10463585221773303,0.8289336822986635,0.9195442674538326
131,0.10619971145467061,0.8138779467099382,0.9381336107690577
132,0.11021764399015349,0.8014217104261463,0.9539439695504073
133,0.11164131970925661,0.8035691162879037,0.9661073963414761
134,0.10990172711337881,0.8169321692547467,0.975949504446517
135,0.1090398859376141,0.8241836447687825,0.9853523837196092
136,0.10931888875361939,0.8213663794990351,0.9954533716966734
137,0.10997719240349002,0.8188071052565671,1.0060136052531798
138,0.11028931497281952,0.8208949708976108,1.015802296427199
139,0.11171453152136213,0.8223990887052239,1.0237320564464465
140,0.11371088387376099,0.8193448173885547,1.029149979082177
141,0.11384105692755586,0.8169308470796905,1.0313862597201768
142,0.11303665118099271,0.8183473598001565,1.030094281067409
143,0.11272860804030077,0.8190513978141594,1.0261517362401378
144,0.11302849475431509,0.8145215649263933,1.0220009802349348
145,0.11365609596535109,0.8061578512181442,1.0199533653800796
146,0.11436801817655767,0.7996109009167571,1.0205365670425595
147,0.11490627490054017,0.7986845777053753,1.0231151798409601
148,0.11496047248079011,0.8005311598547076,1.0264179322211961
149,0.11435297493487212,0.7995407337084046,1.028735241825836
150,0.11342921385989413,0.7980356497339374,1.028638595345745
151,0.11262089340396408,0.7980513357787893,1.0255699894946448
152,0.11239375649077699,0.796788023690115,1.0202965527413066
153,0.11259211978469702,0.7941418860889597,1.0145216907257444
154,0.11296125422671943,0.7893591801755502,1.0095109064860432
155,0.1137357678874028,0.7840200409586413,1.005864885493021
156,0.11438310724657486,0.78083618517875,1.0043406085432065
157,0.11445457491139993,0.7809406072491365,1.0050357102786664
158,0.11414403478739715,0.7823166712221128,1.006632003898209
159,0.11338493455906978,0.7801875944235133,1.0079425911668136
160,0.1124272687927847,0.7729434783832478,1.007643716820743
161,0.11190598400576113,0.7672166115896575,1.00481494800355
162,0.11185684006675123,0.7711178773694369,1.0005553324379948
163,0.1120269672840859,0.775639068335416,0.9960817518109684
164,0.1123941886717123,0.771519839930161,0.9922968995337818
165,0.11271021008047055,0.764844808399666,0.9896959783384007
166,0.11304781150900312,0.7609396466545539,0.9879697935350005
167,0.11354516791498437,0.759358751668977,0.9870000753210468
168,0.11355113478013595,0.7587001800705622,0.9869126207152701
169,0.11278583132855813,0.7581584925528766,0.987576207431053
170,0.1120430318754898,0.7587013092911292,0.9879771027061564
171,0.11188752936857232,0.7608013005001169,0.9872150902543333
172,0.1120039614183303,0.761603391947643,0.9852870648229914
173,0.11379095622413954,0.7597181614618367,0.9825003365286697
174,0.11643025781492083,0.7550142667988502,0.9795790578095476
175,0.11734233603539707,0.7483998632426185,0.9768604857834626
176,0.1187372105466108,0.7455656486842315,0.9743979608819715
177,0.12099695542333916,0.748243671494061,0.9727410743977654
178,0.12197505839277367,0.748977358067795,0.9717272151716108
179,0.12174721562619878,0.7441153334644008,0.9705544715323708
180,0.12118772796755994,0.7400355793085249,0.9692367908867907
181,0.12106474130754319,0.7389168714532837,0.9679586049783069
182,0.12122850059183232,0.7357515425986583,0.9661746446432207
183,0.1212680988128671,0.7310938737354344,0.9638768458544202
184,0.12134678099673657,0.7280643932750333,0.9614177150972787
185,0.12146689442725556,0.7281101069833154,0.9587763986072444
186,0.12143805279120051,0.729469365440101,0.9560801122538276
187,0.12118103016274318,0.7273149404911632,0.9533182934807591
188,0.12087199844834878,0.7246589862347514,0.9508622755040355
189,0.12077103176979098,0.7225211307782857,0.9494590591613514
190,0.1206133600317198,0.7124663246460554,0.9480691460549382
191,0.12052763853230214,0.7018355503467708,0.9457224424195285
192,0.12077989843063436,0.7040915380357902,0.9436698524826119
193,0.12080372520875787,0.7121540845285002,0.9423780438915643
194,0.12202603754249441,0.7149900360853698,0.9410672863219753
195,0.12418475323594497,0.7110043241340787,0.9392987707466283
196,0.12325770746241421,0.7053741203625477,0.9372989334457147
197,0.12218981447424904,0.7027637469132548,0.9354854281910199
198,0.12373542688750067,0.7040358804213538,0.9340284715384652
199,0.1250987885890822,0.7064385609265702,0.933127922466273
200,0.12560655146800104,0.7065377830181625,0.9329081303085753
201,0.12392731438497007,0.7064002621566208,0.9332585671971998
202,0.12297677104597776,0.7060547165189237,0.9338102573914777
203,0.12596944527830994,0.7021278649125933,0.9337704883045572
204,0.12881344296756936,0.6950005281250142,0.9324741598351283
205,0.1292063333077184,0.6891392065010227,0.9298642250156934
206,0.12874215695073887,0.6868152418030449,0.925938924398185
207,0.12854233616484395,0.6879464316747645,0.9213622063218776
208,0.12879594345698142,0.6914374069094333,0.9173963184576994
209,0.12923380864179568,0.6931577721418383,0.9146763243353209
210,0.12960567997047673,0.6916931623912281,0.9133058654547193
211,0.12979385254597076,0.6892934734989606,0.91312520919612
212,0.12956852080182163,0.6855021312832792,0.9136282084876668
213,0.12896557449722307,0.6812165977454574,0.9141693829230051
214,0.12825124619487682,0.6804208990907612,0.9141285108347508
215,0.1276944999077933,0.6796503426964506,0.9130527806168072
216,0.1274927166160985,0.6748501033598577,0.9108540615916616
217,0.12749346444318405,0.6698082601778903,0.907808430601194
218,0.12755884996649047,0.6685850003912468,0.9045108359409548
219,0.12788851182819228,0.6690240937938721,0.9016659266601059
220,0.1283829226878747,0.662821219375257,0.8989296468989942
221,0.12865861936578016,0.6500080007714353,0.8949787041838251
222,0.1286564226606568,0.6456477632991826,0.8906297748312553
223,0.12836950040522893,0.6550015666439513,0.8878834226820893
224,0.12773927928347395,0.6622310540169964,0.8864812254896801
225,0.12695573635425816,0.6587736407363463,0.8851051066146991
226,0.12640238646555746,0.6524575685703897,0.8828050781249304
227,0.1263547029934634,0.6491074029462143,0.879754052126926
228,0.1266676657927811,0.6481677608582954,0.8768455287301213
229,0.12696043577343974,0.6477319376287287,0.8746875537245438
230,0.12722237374088807,0.6467822228425346,0.8739854531412847
231,0.12743567282113377,0.6452408507031391,0.8748915005052531
232,0.1273820833315234,0.6446987080979423,0.8764670050948831
233,0.12714463405235865,0.6443321040999119,0.8773979171276536
234,0.126798295301775,0.6406933479100498,0.8769234499502985
235,0.1263768763698757,0.635846908828142,0.8748729623397948
236,0.12596857592291244,0.6331449463278929,0.8713782418672831
237,0.12573529731308986,0.6320767105677403,0.8669417054620907
238,0.12580153442047354,0.6313554954610017,0.862581292637083
239,0.12595770902234654,0.6319511765776684,0.859204538317305
240,0.12615302720836058,0.6344941847075467,0.8569043152689195
241,0.12641237283596513,0.6340911173011055,0.8558519678520207
242,0.12639033603963712,0.6284067826868522,0.8560092930070504
243,0.126020274761179,0.6225478842752852,0.8563463192576073
244,0.12557389075970005,0.6196607801783387,0.8562395345881249
245,0.12519018508842195,0.6199956013655403,0.8554503841404473
246,0.12502242391075036,0.622896854906694,0.8533556317172808
247,0.12505647937808267,0.6246377028008321,0.8499879883534724
248,0.12515510222660176,0.6219617183026069,0.8461209537758028
249,0.12529175607414228,0.6141845526524117,0.8428168606547155
250,0.1253383635736669,0.6017235755329262,0.8402531047074899
251,0.1251856632980234,0.5950463073220416,0.8381435439240694
252,0.12502819861509284,0.6018256211663275,0.8371515952382569
253,0.1249838401518088,0.6095345830268548,0.8369737927437204
254,0.12477030452793086,0.6093584893245445,0.8365045389962877
255,0.12428710097061757,0.6054490226444162,0.8352495662912438
0,0.12393654642946794,0.6020451790775931,0.833052274134042
1,0.12387884991316889,0.5988314428497228,0.8301054691458245
2,0.12393179175617214,0.5962192934280262,0.8268964583692973
3,0.12402201211291641,0.5973069431813964,0.8242702199470271
4,0.12402305145063974,0.6011791535924904,0.8230157182527305
5,0.12393050350669294,0.6031538089541832,0.8228863005013931
6,0.12382577244085075,0.6013264422460793,0.8232202274489238
7,0.12366358824152918,0.5961817417919617,0.8238965890173993
8,0.12342841829956858,0.5888660240585677,0.8245933243368877
9,0.12324506284425835,0.5833275733322836,0.8244221590629248
10,0.12313398771274092,0.5828079181308083,0.8229645421675942
11,0.12302358394256924,0.5845348090037843,0.8205340705782658
12,0.12296489852157999,0.5847051464164197,0.817592808039231
13,0.12289752631184492,0.5852009093895436,0.8149550505664509
14,0.12291308067775336,0.5842367682594038,0.8129274732204506
15,0.12310974323483559,0.5806110648869756,0.8113013391703201
16,0.12323541293516704,0.5792203261121438,0.8100697538003203
17,0.12306159434792874,0.5778675099668538,0.8087888329557331
18,0.12272048533536428,0.5744987203032939,0.8070454762071537
19,0.12252207670216231,0.5734861489028862,0.8050719797996995
20,0.12244801409284972,0.5741740543499079,0.8032388092519978
21,0.12227592728364639,0.5736728098642905,0.8012393382850025
22,0.12199340229637484,0.5722608372322919,0.7988415544926419
23,0.1217987537101502,0.5690788973008749,0.7967089298892036
24,0.12184668699594414,0.5603488477866319,0.7942679316103165
25,0.12197163183968757,0.5458915803158875,0.7899736898456524
26,0.12195897413054396,0.5380245872275957,0.7849637253395136
27,0.12182477995922425,0.5442383600455958,0.7815896822445025
28,0.1215560323903705,0.5517116143442018,0.7801577134628017
29,0.1213314392480479,0.5528929395864903,0.7796265453301499
30,0.12125587959850087,0.5527732504861831,0.7790328702545373
31,0.12110115361108786,0.5510598621267406,0.7783018304726559
32,0.12098576583641135,0.5467294580441624,0.7777438007035156
33,0.12108855518888789,0.545662348678593,0.7775166828319287
34,0.1212060906834731,0.5483774052112869,0.7777550880282162
35,0.12119219263496772,0.548142377512475,0.7784722350681612
36,0.12109973894316739,0.5463966557674447,0.7794812186200035
37,0.1209041007536934,0.5451222721018951,0.7803445245368601
38,0.12058658514055781,0.5404284376702115,0.7805339882801823
39,0.12039456718208774,0.5340858744571768,0.7797006063332024
40,0.12044747635206099,0.531543071481499,0.7775701841127436
41,0.12041656355221175,0.5335342349037979,0.7740350167172667
42,0.1202095045033913,0.5342839403004696,0.7699400673963734
43,0.12011148144137912,0.5327319973005402,0.7665699600861418
44,0.12003561434102283,0.5338943613565097,0.764125969637222
45,0.11988093806881994,0.5361801490186802,0.7622876432916854
46,0.1197790462244549,0.5360908791821211,0.7612153619230622
47,0.1197212137492148,0.5323705855284395,0.760752607534259
48,0.11974587532354242,0.5252623163453942,0.7603145167945962
49,0.11978061571190657,0.5187379292593395,0.7595233831656376
50,0.11969913487937056,0.5165887102991313,0.7579764315638544
51,0.11954832441460084,0.5168367211690801,0.7553441498172233
52,0.1193079474499012,0.5162428038799698,0.7520056829896045
53,0.11905352067130831,0.5135880617998263,0.7489215182806497
54,0.11899542967377508,0.5038972415421035,0.7458183637058278
55,0.11904729283104437,0.49648861476497985,0.7422736798653866
56,0.11903265501848787,0.5045292802914818,0.739834043604283
57,0.11888018931515454,0.5149502225995741,0.7390119106054307
58,0.11859008818420885,0.5156984665205984,0.7387793408989607
59,0.11833898274072557,0.5114284135789453,0.738539287136863
60,0.11828634771729235,0.5073694571807057,0.7380182554693366
61,0.11838171725788815,0.5051181735013255,0.7372496987295323
62,0.1183227820816794,0.5045786837325801,0.7364624616161028
63,0.11799422308448021,0.50343667923524,0.7358383189060758
64,0.11767483965043729,0.5015316613436691,0.7353663840507942
65,0.11761286166250023,0.5005049349582742,0.734661507999196
66,0.11777543623867326,0.4991454963311981,0.7331674235919752
67,0.11791192646939469,0.4964336940794303,0.7308101223426724
68,0.11781515389896136,0.4911495252228135,0.7281427444115365
69,0.1192495643018236,0.48525703113247554,0.7257853844225142
70,0.12315312766896735,0.48339780310568403,0.723550140157432
71,0.12611738575552256,0.48584855297196294,0.7211767080896034
72,0.12492260215673917,0.48697765527371617,0.7192283902048573
73,0.12228793173207686,0.48535579391281836,0.7177646139863223
74,0.12326251156544837,0.4860379300805513,0.7164603029041263
75,0.12619512764490348,0.486456167831228,0.7156016605838131
76,0.12740059497226958,0.48374538634511377,0.7149469845366643
77,0.12552147794204987,0.48214520551192264,0.7139472339297466
78,0.12251310977336982,0.4814936268139902,0.7128020864347622
79,0.12289088996061309,0.47784209494657137,0.7116056301765343
80,0.12515430787760407,0.4730531938060418,0.7101731913514113
81,0.12418613499945147,0.4720685127372466,0.7085903492556838
82,0.11965651039906483,0.47331536899287596,0.7070530382946156
83,0.11780715072520404,0.4718737141933371,0.7056997125709088
84,0.12133383528984626,0.46393944786545727,0.7037973889397322
85,0.12502957747569698,0.45501722887000495,0.7009346467622706
86,0.12593316546860583,0.45496277686832043,0.6982297534678847
87,0.12539702812316633,0.4587177758530556,0.6959209278501879
88,0.12489819163291654,0.45825554014638037,0.6937381197608352
89,0.12482542188531287,0.45469201953129823,0.6920115617821949
90,0.12486341318479272,0.45268654019836263,0.690388765362022
91,0.12480380868303848,0.4528579069049876,0.688303115601123
92,0.12471693381331667,0.4528884769131616,0.685909504524757
93,0.1247162954577718,0.45294996755927497,0.6836620891135299
94,0.12309417524242688,0.4531796681711735,0.6820523086988688
95,0.12046637359008455,0.4547002296743152,0.6814199483329095
96,0.1208366481922194,0.4544409444025663,0.6814322899442582
97,0.12290182088770668,0.44918525431261025,0.6814742637349835
98,0.1236337680981266,0.4447805063259309,0.6811749316433788
99,0.1234398268516399,0.44321491569024807,0.6804454820115486
100,0.12315526165302515,0.4413701090616926,0.6793867150002384
101,0.12318286853472904,0.43934188743661307,0.6781462204372466
102,0.1234604940435523,0.43630459385281584,0.676897309489684
103,0.12375756300577884,0.4349893342149509,0.6757970358670309
104,0.12387875530268111,0.4364708162304751,0.6748589452524971
105,0.12381998036135389,0.43706286244526393,0.6736771696734312
106,0.12356362082357236,0.4361896528828699,0.6719711216503044
107,0.12310180652876745,0.4343211611021942,0.6701185935592389
108,0.12254085035591838,0.43194733893642434,0.6683548705394677
109,0.12202064686312786,0.4294419938782357,0.6665866624941426
110,0.12178447575211337,0.4286937311355159,0.6647933992840571
111,0.12188497579758722,0.4291042057922707,0.6630589260216975
112,0.12213001868281198,0.42864083257320784,0.6615387212364281
113,0.12240493042838418,0.42627408187619054,0.6603039384961906
114,0.12262623106182724,0.41812446155730854,0.6584917845368492
115,0.12259438404793516,0.41100086961738946,0.6556342705024205
116,0.12227076670539117,0.41555651814173733,0.6530930249419145
117,0.12175637698979525,0.42284632846468106,0.6515051159785299
118,0.12127156355688357,0.42141108420151907,0.650285355401333
119,0.12103365123564708,0.4152595696213477,0.6490643639582732
120,0.12093707942397935,0.4108968021697543,0.647779625175009
121,0.12092883458890469,0.4075296247529785,0.6462963319921187
122,0.121023765032855,0.4064466297249618,0.6446049337216013
123,0.12109190129136155,0.40962864616526606,0.643017935955938
124,0.12102832839606975,0.41258528540072126,0.6416500300532746
125,0.12089348567218722,0.4126678096472358,0.6406500235816703
126,0.12077537251604903,0.4109793730010516,0.6399537833367599
127,0.12059611884986415,0.4084584272346099,0.639165048436432
128,0.12035929830599507,0.4058866121807374,0.6380365074916423
129,0.1202021217602639,0.4022320726839206,0.6365602381673221
130,0.120103965570591,0.3983634623959911,0.6349219106527173
131,0.12006980198273359,0.39818772990391316,0.6333486979235587
132,0.12021186836529196,0.39823252253578034,0.6320064988862133
133,0.12027735970433262,0.39561425155364627,0.6309347718357559
134,0.12001263761998193,0.3948436634150919,0.6300654108046335
135,0.11969395781112346,0.3955002857306522,0.6292551385160248
136,0.11954502748506518,0.3946517976174503,0.6282770448210577
137,0.11933170469735394,0.3912218660234621,0.6269395731264362
138,0.1190245532298882,0.3872286316904061,0.6252626869031095
139,0.11885050928457142,0.38704715789144895,0.6231511236062215
140,0.11875019605331572,0.38855656907527547,0.6203964202183556
141,0.11877546428088942,0.38826444518061476,0.6175575828472963
142,0.11899465167735673,0.38680841359918894,0.6154819365122299
143,0.11913750278649005,0.3832705432521273,0.6142092035999487
144,0.11896421719108158,0.3723665405481036,0.6122910257488752
145,0.11852065794776934,0.36196957461274337,0.6089426043073938
146,0.11816635605698128,0.3650082293182474,0.6060082918795362
147,0.11809770127954355,0.3707602811285907,0.6044637699636943
148,0.11802228855404784,0.371116075065706,0.6035752731573725
149,0.11785069326756309,0.37144937280250656,0.6028831783058362
150,0.11784264827400104,0.37014190002882985,0.602244452190611
151,0.11794922355082371,0.3655306147550842,0.6016902440379617
152,0.11789545091476955,0.36176983391597983,0.601262519114661
153,0.11762325113162936,0.3608448087326025,0.6006869819816141
154,0.11740653809524759,0.362563081659271,0.5997474105045191
155,0.11739360899277868,0.3660061366996492,0.598511065720909
156,0.11736396995463994,0.36730496335226603,0.5966919402868986
157,0.11720661948726391,0.3651285700163964,0.5944093122299319
158,0.11702407567409157,0.36019388801201135,0.5920751950094725
159,0.11690092815432251,0.3552382892391025,0.5894884011727539
160,0.11676549761605204,0.354860636285113,0.5866581408150708
161,0.11654399397791182,0.35556223588666724,0.5842094665658546
162,0.11635518992325139,0.35425874473261887,0.5827270933924569
163,0.11624764292839762,0.3531183607924451,0.5821471180816074
164,0.11620845600220359,0.3520162894478014,0.5820263748183412
165,0.1161464422135865,0.35210009985682544,0.5820114778111605
166,0.11588156095772029,0.3523238798371713,0.5818792610258781
167,0.11562902993394036,0.3503578714278137,0.5812403496813943
168,0.11563309930661242,0.3476130512695814,0.5799009937938595
169,0.11571600150751843,0.3441176479362338,0.5781279397485442
170,0.11572677857325026,0.33944932673150663,0.5761655202070313
171,0.11561059530561424,0.3362261153627072,0.5744397509292054
172,0.11543548812725613,0.33534960280084836,0.573146975358098
173,0.11539382676739257,0.3348624506724507,0.5720695097182087
174,0.11530620867163477,0.33345287166047366,0.5708143976964362
175,0.11505533311007204,0.3326115809864719,0.5689530767404813
176,0.11489354574747113,0.3321108916319866,0.5665775427069624
177,0.11482227206779977,0.32859511615519954,0.5640361379792163
178,0.114638801674388,0.3240652016323845,0.5618188629161862
179,0.11441792728535438,0.3237658154347052,0.5603946164052385
180,0.11431267121925953,0.32625948984867337,0.5593316000958559
181,0.1142761975765757,0.32590202723934203,0.5578331515992054
182,0.11431316749470566,0.32333645915722165,0.5560822489739636
183,0.11425574175633024,0.3215049269177185,0.5545238974936448
184,0.11402553134408178,0.3197200427432977,0.5529022160202437
185,0.1138842101700373,0.31884419379670714,0.5513326731317414
186,0.11382425001432461,0.31999960589391463,0.5503855336762904
187,0.11363569288978587,0.3206110438977957,0.5500153168752713
188,0.11331292439190455,0.3178280857816955,0.5495499208655641
189,0.11306238104189859,0.312750587946913,0.5483807471273356
190,0.11296804761411722,0.3112173771308441,0.5468215850902438
191,0.11292107361308173,0.31350565777166084,0.5453276092723154
192,0.11283618545202573,0.3130447439059424,0.5435671921550431
193,0.11269464022184461,0.309674447208367,0.541404405725179
194,0.1126002070997773,0.30651131576213664,0.5391173628453876
195,0.11254111843865561,0.30355532999751633,0.5371326809570243
196,0.11234207578706595,0.3021452099455748,0.5356298102651909
197,0.11209994495754033,0.3035655171966828,0.5343917732065482
198,0.11197880506394464,0.3052551889594112,0.5332887530640289
199,0.11201882088020343,0.303894469892673,0.532009130165443
200,0.11053171043579058,0.3012860146231341,0.5304231957448806
201,0.10654937744630555,0.30057964176555574,0.5287319568801911
202,0.10484892102372562,0.29920546537248505,0.527279323895185
203,0.10625128407685025,0.2930552665255327,0.5256699510126737
204,0.10699817745727691,0.2872608316166565,0.5234294496157157
205,0.1068312080335248,0.28858902692023747,0.5214178506510996
206,0.10466565772983122,0.28790577575470533,0.5200750266199765
207,0.10184917952990957,0.28331954490134825,0.5193176443901251
208,0.10259325207501685,0.2830480218950081,0.518827507167084
209,0.10518044559606538,0.28341296589260234,0.5179473244963972
210,0.10462452872240657,0.2839840722586223,0.5169397243371681
211,0.10392938813889252,0.28800541862592566,0.5164623476269385
212,0.1053949331837376,0.2901438122053569,0.5164836854715358
213,0.10441885965029551,0.28684475247905405,0.5166368160191972
214,0.10351273312976161,0.2821570332748293,0.5166284272662418
215,0.10473354498388704,0.28044286266596774,0.5162465164706165
216,0.10359876156392245,0.28159184273882887,0.5154631887225074
217,0.10115896407727881,0.2802182031278737,0.514115864427449
218,0.10028235249651768,0.2742913435947336,0.5122575692492124
219,0.1019449196338168,0.27105518206227563,0.5105324458702716
220,0.10447173965296047,0.2725789464549011,0.5092405738476813
221,0.10516080585303239,0.27251149248556383,0.5081980632373202
222,0.10473275811432065,0.27204284410563284,0.5072401779744427
223,0.10429704540935325,0.2746675034430315,0.5062439351558192
224,0.10585770562179214,0.27496868964465127,0.5051171517914306
225,0.10671903317249093,0.2696108590934517,0.5035925220515176
226,0.10532018573852969,0.26345269490764056,0.5016552062417761
227,0.10634197904167392,0.2600699764418609,0.499870752391286
228,0.10876729396191959,0.26015766038404464,0.49850550988654496
229,0.10955769280896199,0.26319388695342827,0.497392825950276
230,0.10932796009467632,0.26404510874722276,0.4961222124037068
231,0.10893124161077639,0.2618653249377171,0.49448016383566573
232,0.10855206014331098,0.260364255796142,0.49293846534789143
233,0.10829667749611527,0.25649369110133147,0.4917290818251898
234,0.10833502446714238,0.2460548610121175,0.4898578590917084
235,0.10843964229974673,0.23913659982643243,0.4866342700956099
236,0.10677054046972956,0.24492559748926535,0.48344054478411347
237,0.10438447167806936,0.2506567988879872,0.4812435639056398
238,0.10519326028761522,0.24830417122525628,0.47939352530395607
239,0.10736523705376932,0.24566470261221918,0.4777651734750803
240,0.10779809228049164,0.24553728109923967,0.4767785897953092
241,0.10718479150097288,0.24597374204791167,0.476376096153029
242,0.10658150219221191,0.2467774277623408,0.4759836239547157
243,0.10650228817950208,0.2461023783190318,0.47530485532281186
244,0.10685104176612936,0.24567970208480172,0.4745110161266304
245,0.10728204246245004,0.24818598231395028,0.47341684135910156
246,0.10760568211523724,0.24799620612736473,0.4721728564684746
247,0.10762273923449217,0.2418768819615862,0.47108834378888176
248,0.10732462223994449,0.23668813114421505,0.4699500147580984
249,0.10694903099173503,0.23699870832271863,0.46887422534383516
250,0.10653384967515594,0.23897383896665392,0.4677131163295942
251,0.10607615927087766,0.23961957695458702,0.4662325544511319
252,0.1057446022156408,0.23956460607680685,0.46491792308285285
253,0.10566113556138501,0.2396115630533615,0.4640151131789154
254,0.10581932177753406,0.23947389767293215,0.4631160129342111
255,0.10602248517836055,0.23870646076865232,0.4620110098540682
0,0.10623796950290942,0.23564476169163728,0.46108815502168743
1,0.10640377053879518,0.22948760112921562,0.460464023565869
2,0.10629495624805019,0.2253048710239446,0.4595908983879706
3,0.10601192239669188,0.22453782534390965,0.4579298932370932
4,0.10564679232715946,0.2236842943305366,0.4558032579794742
5,0.10523798387319866,0.2224135859392674,0.45398186474633984
6,0.10494700179695471,0.22143970036589677,0.45266735706824446
7,0.10479065042665364,0.22097548514097576,0.45170148712599834
8,0.10471492949878813,0.21420513784715878,0.4501653793944156
9,0.10478142722035727,0.20441251074253297,0.447648987718539
10,0.1049373832210373,0.20737131138849574,0.44562857443214887
11,0.10506947023938784,0.21773388329261767,0.44476969985668435
12,0.10510818046205805,0.2216453279592041,0.44441089375065146
13,0.10482876585800233,0.21911299247536498,0.4441003829616661
14,0.10421871354411594,0.21347316637063019,0.44361443679455625
15,0.10365847889621371,0.20881226979328926,0.44267342525092324
16,0.10339142182944544,0.2097648663493935,0.4412363624730833
17,0.10337760928218542,0.21361366942808047,0.4398949912659309
18,0.103506444154563,0.21589785372879688,0.4389850635874659
19,0.10366652706973312,0.21624620558237473,0.4383388634473744
20,0.1037602738285377,0.21479207325849836,0.4377647833348888
21,0.10380273715703542,0.2102992072348877,0.4368390409241507
22,0.10373170616295135,0.2029980938851259,0.4350931004782852
23,0.10346452220998881,0.1736318434952977,0.4326253720903872
24,0.10319975953676808,0.0870169602731306,0.4298514088922929
25,0.10302591337133093,-0.050366105952688756,0.4270652712257348
26,0.10289788429290686,-0.20213031702473588,0.42445721458387164
27,0.10277992556695231,-0.3534349070822447,0.4221298172195598
28,0.10428449545271162,-0.5060168308092898,0.42036331147333206
29,0.10670797118940284,-0.6571233054247774,0.4192255843043651
30,0.1075946628144307,-0.7867027347164013,0.4184475915751067
31,0.10735980337766371,-0.8682712354031579,0.41786504219940346
32,0.10693313565604468,-0.9042353124135749,0.41731640425313055
33,0.10849733408784717,-0.9187462568088454,0.4169509452243785
34,0.10946044010486039,-0.9242326366646569,0.4168796825823986
35,0.10631134393881114,-0.9196460177726071,0.41662490762570425
36,0.10459254087460396,-0.9034618408850177,0.41564787428908034
37,0.10771292411711636,-0.8800471261464096,0.4142670876221701
38,0.11104592568073568,-0.8578338250281239,0.41217572118644275
39,0.11159612459129842,-0.8450583545544612,0.40899504661249253
40,0.10915619998093512,-0.8460573946395655,0.4064760958604827
41,0.10459795436219937,-0.8595606844853534,0.4054501488356672
42,0.10155725942987426,-0.8780723056448632,0.4050866566444795
43,0.10289851113337811,-0.8943593683212439,0.40462980159425466
44,0.10745865958266937,-0.9035932919532725,0.40379860388358657
45,0.10913716995054756,-0.901397181331463,0.403094698063879
46,0.10689728575335378,-0.8896415628042784,0.4028068421977893
47,0.10667577860039029,-0.8725481352888085,0.40250202810832647
48,0.108360601552356,-0.8534829055398658,0.40163069152826014
49,0.10911035241069938,-0.8389060496758913,0.40040316967120715
50,0.10931752242500559,-0.8361098022893874,0.39912952510988897
51,0.10795820438174364,-0.8459566540263421,0.3974209678089915
52,0.1059919010363572,-0.8637596088187061,0.3951547471229737
53,0.1072194830630891,-0.8809698664733481,0.39264168618374207
54,0.10983309823187254,-0.8876710063015185,0.3901490996495456
55,0.11031976809254546,-0.8845268152415162,0.3881423410790703
56,0.10915217957320594,-0.8768418299570024,0.38684138522823264
57,0.10782882447858522,-0.8651343349443343,0.3857807013522272
58,0.10560757309240554,-0.8522068626206769,0.38492359374695884
59,0.10338133131497607,-0.8440376491481412,0.3844210954486489
60,0.10319500590124675,-0.8440620598599562,0.3837426010804996
61,0.10236149824184854,-0.851839997755059,0.38258834186062096
62,0.10051259567267956,-0.8637154328851859,0.3813493097658024
63,0.09971786425877116,-0.8744673853257607,0.38051573189093657
64,0.10099820569574725,-0.8799020814298406,0.38011617290213817
65,0.10258671521108642,-0.8782598184967965,0.3799127585621366
66,0.1006162903005029,-0.8702812080416273,0.37974954369840574
67,0.09727042467408542,-0.8588370805008552,0.37956678944743416
68,0.0960095085570915,-0.8481236759743846,0.37830731264318485
69,0.09654007368612372,-0.8419469267941522,0.3752460986385545
70,0.09781231914185634,-0.8419483562936056,0.372265185783927
71,0.09884571009961107,-0.8455770571106367,0.3707628672987654
72,0.09911122991452964,-0.8313140614880203,0.370150230170873
73,0.09867745891385932,-0.7642446980695179,0.3697515654962128
74,0.09786466037173316,-0.6388579025932408,0.3692477973388265
75,0.09683654940615877,-0.48211194374864297,0.36863117888251906
76,0.09598546156621104,-0.31879031236855027,0.3680775915195421
77,0.09570630834451033,-0.160390104764079,0.36748315197037207
78,0.0958207333283097,-0.006776318304461348,0.36677235055670776
79,0.09617113829962415,0.12943378848356657,0.36633043605509885
80,0.09680787177338629,0.21736487416726236,0.3659210175181521
81,0.09743335279236809,0.2531405167895411,0.36503163710511644
82,0.09758675714121912,0.26178368607072056,0.3638988096480863
83,0.09715291412135293,0.2608917549825309,0.3626772022596366
84,0.09640744721717806,0.253095254965612,0.36126728552512066
85,0.09572817913682755,0.2377371308501154,0.35979335027259507
86,0.09530851390135933,0.2164057857450265,0.3584987239797074
87,0.09511161624678088,0.19799502244967837,0.3575672192212649
88,0.09512109511187578,0.19188737227099129,0.35678513545995993
89,0.09529184279573993,0.19740539134367602,0.3558910011150975
90,0.09557427853260508,0.20885098554820192,0.355109681409597
91,0.09597917562573113,0.2228121373261578,0.35446118115580705
92,0.09624334416034308,0.23629637985344498,0.3533629232161355
93,0.0960344183397342,0.2433742375051513,0.35152003065023163
94,0.09546360360135586,0.24183039927161232,0.34946288737596476
95,0.09484458588984915,0.23161832709982866,0.34766489640017795
96,0.09433955141143674,0.2148688442231898,0.345971361024763
97,0.09412846142134634,0.19676557094044272,0.3443808521125281
98,0.09412273757103365,0.17832033502300032,0.34259692737508485
99,0.0942047798323572,0.16530755454132937,0.33956196117269544
100,0.09450191358823623,0.1721364900024822,0.3304800266669955
101,0.09475226884940208,0.1976509868932923,0.3020165931664446
102,0.094731111919647,0.22061883924474102,0.23941685268102142
103,0.0929649558774831,0.22821996994640892,0.13584232217213454
104,0.08869217087632975,0.2249427205438168,-0.009345748339368964
105,0.08508134115746033,0.215461154000265,-0.19384950859061634
106,0.08396867184764906,0.2020948956522842,-0.4130227590868011
107,0.08401645414045955,0.19011072274882512,-0.6558323651474852
108,0.08402107320909885,0.18406960931971988,-0.9016018599375641
109,0.08367396202296401,0.18389238070842617,-1.1286078478098984
110,0.08326636659309189,0.18906014351072764,-1.3234175638036767
111,0.08307282445870057,0.19845584588352572,-1.480145441409582
112,0.08308305957486317,0.20723379878877424,-1.596998867623613
113,0.08317171627218808,0.21096709700825944,-1.6748219091543985
114,0.08334457552845168,0.20594721995813026,-1.716885863222883
115,0.0835253291168016,0.1960635927970389,-1.7290462151434776
116,0.08352433040488721,0.18800594096793233,-1.7195037146703074
117,0.08334436300579601,0.1799502472469362,-1.6978064617485762
118,0.08300302451731853,0.17317142062500268,-1.6732109724137878
119,0.08252703647075502,0.17418604243790603,-1.6528944764893643
120,0.08211429728228148,0.18027513471585488,-1.64064391055226
121,0.08192266234831452,0.18679824947667045,-1.636504914164238
122,0.08207478525469647,0.1929594582733537,-1.6375289871131233
123,0.08245596692969098,0.1959663483298535,-1.6393546737717175
124,0.08280800396300014,0.19396563953026424,-1.6380595480253746
125,0.08293674620360261,0.1857499747955078,-1.6316371865166648
126,0.08274151209253855,0.17442513000171395,-1.620612723011468
127,0.08245170204457908,0.16361214770535332,-1.6076308769265841
128,0.08215309821215908,0.15120408320093198,-1.5962864745839607
129,0.08166703631832323,0.14452396356804997,-1.5896653602293478
130,0.08114891293768453,0.15487213063696875,-1.5891035610282929
131,0.08086506759370551,0.171087525729889,-1.5937044843176214
132,0.08093063491188257,0.17741992421865188,-1.6007540668834217
133,0.08130860652468086,0.17614657231873476,-1.606784955208946
134,0.08171749801184541,0.17463847239622687,-1.6088800150850275
135,0.08186784418574353,0.1744708357896595,-1.605713815439068
136,0.08170534231510113,0.17251207258951207,-1.5979547421759293
137,0.08149100711048973,0.16813839011173615,-1.5879093827997801
138,0.08137565687909343,0.16430122076155929,-1.5785804556338743
139,0.08117757522250513,0.1614463217963018,-1.572519573716935
140,0.08076992126642385,0.1605167063473788,-1.570912108030317
141,0.08036853428887808,0.1641912723127698,-1.5732208125256069
142,0.0802229825771178,0.16766010859393154,-1.5774883750943944
143,0.08030943507772584,0.1673035226856181,-1.5811480007060599
144,0.08058997581962188,0.166975383990554,-1.5820108863608109
145,0.08089437213111222,0.16451539904035262,-1.579053339351435
146,0.08092233411705277,0.15709614585048326,-1.5727105371474117
147,0.08070595967553154,0.1496694471728326,-1.564639882508068
148,0.08050148152402267,0.14585608032695552,-1.557053519556776
149,0.08021760837450909,0.1448998343964159,-1.5518342947517105
150,0.07981706116529985,0.14729475991516727,-1.5498587801956276
151,0.07960728643001508,0.15113562290776805,-1.550761718311172
152,0.07952540568919275,0.15124947063786792,-1.553152644940087
153,0.07939080999400641,0.1489334144481369,-1.5551962167971514
154,0.07942733761338597,0.14907493994328486,-1.5553163882232255
155,0.07972185735374457,0.15000466217534658,-1.5527553344837504
156,0.07987905409835147,0.14196683155557355,-1.547790976879166
157,0.07974451134106897,0.13114983572800792,-1.5415576855403161
158,0.07958237728423984,0.132753090512306,-1.5355658397339806
159,0.07941846264632696,0.13945840585207053,-1.5311202710379388
160,0.07917505595228744,0.1429057198794314,-1.5288597475019379
161,0.07894160642524492,0.14413101227855474,-1.5285775453161885
162,0.07880820928077248,0.1423229120339673,-1.529353348938193
163,0.0787996089722641,0.13849340911198382,-1.5299633932762928
164,0.07879715006015794,0.1376874111412133,-1.5293736457728682
165,0.07869417901272724,0.14154427968706673,-1.5270668828124947
166,0.07858501888218761,0.14457373043314303,-1.5231786850128604
167,0.07858679727207335,0.1421518570964168,-1.5184077592218213
168,0.0786435421087664,0.13516832854209954,-1.5136950205496578
169,0.07856084712563804,0.13028704032112504,-1.5098736391191427
170,0.07822478592033963,0.13090319122166916,-1.5074003144058166
171,0.07776123629019285,0.13270882447028748,-1.5061970250396777
172,0.07753781067909252,0.13145585360059053,-1.505729217984972
173,0.0776995141962861,0.12915234538042414,-1.505265508552525
174,0.0779539733220529,0.13051916950962983,-1.5041587809919714
175,0.07808660452005825,0.13214744898618846,-1.5020653161006754
176,0.07810332642838852,0.13095019628219362,-1.4990294371946948
177,0.07794968384482809,0.12910969249655013,-1.495419057731802
178,0.07759932970189368,0.12697363303729647,-1.491754051460009
179,0.07723568469973216,0.12596092221572758,-1.4885034423367953
180,0.07706163460703763,0.12366221455637752,-1.4859288959527417
181,0.0770785823058579,0.11948121703437853,-1.4840243955317978
182,0.07710030983987726,0.11886869809715117,-1.4825595203762614
183,0.07705173155836867,0.11962571016744739,-1.4811945497697523
184,0.07693631069111811,0.1193817242827866,-1.4796141948348005
185,0.07675372797568825,0.12152084811949515,-1.47762874905324
186,0.07671901948869833,0.12257691280684657,-1.4752125245499985
187,0.07689693517507346,0.11361332733226642,-1.4724783695157009
188,0.07699948444415472,0.10113775823165827,-1.4696111532460412
189,0.07687934015290598,0.1018324049697519,-1.4667935885126404
190,0.07663988574518857,0.10912811250268573,-1.4641528526100487
191,0.07631862484624471,0.11027699194191068,-1.4617411179531343
192,0.07602700404828353,0.10931760505886734,-1.4595459020438941
193,0.07590535888045954,0.10795165348901656,-1.4575150483602046
194,0.07590323093398943,0.1049662422181708,-1.4555799988265767
195,0.07602294091207856,0.10538616531357159,-1.4536683403976816
196,0.0760799816143923,0.1092153218393746,-1.4517069841862957
197,0.07596483461203662,0.11152434784442822,-1.4496244976384354
198,0.07590577738533325,0.11250385522711992,-1.447361174162264
199,0.07587397350039668,0.11153941576524395,-1.4448887252452254
200,0.07565910003520956,0.10608679360310211,-1.4422322066886721
201,0.07535861920198811,0.09939764952525573,-1.4394806908974176
202,0.07516792428981922,0.09580242511001383,-1.4367745188426824
203,0.0750837368165532,0.09371035185036888,-1.4342661386250781
204,0.0767868069802565,0.094417752128866,-1.4320647348286766
205,0.07930290496381215,0.09812499854615564,-1.4301856637403585
206,0.07842482367484424,0.10063054192387494,-1.4285281791303341
207,0.07582350718126493,0.10097036768326545,-1.426896552643246
208,0.07643105714874698,0.09939777366301816,-1.4250629195195303
209,0.07891094388478859,0.0964825741127796,-1.422851711123903
210,0.07991235866163265,0.091425181706241,-1.420213556559483
211,0.07962445428296366,0.08753235094893033,-1.4172571028648209
212,0.07909369333120905,0.0885953520087131,-1.4142213489247446
213,0.08058059699236023,0.08956616630609676,-1.411393981264892
214,0.08295853108826101,0.08867869226009148,-1.409003838164414
215,0.08356649877538064,0.08892565262699875,-1.4071284491966018
216,0.08331872002824436,0.08839892701370011,-1.4056545326073815
217,0.08330106953529151,0.0832261254110952,-1.4043105878921498
218,0.08196023301905253,0.07329986498205454,-1.402763035785692
219,0.0797384574902297,0.06959724378329787,-1.4007415348272945
220,0.08063700159504589,0.07750501271395563,-1.398145728327608
221,0.0814861714398728,0.0827297324979172,-1.395090751952913
222,0.07806392966877754,0.0780362984234417,-1.3918711351515243
223,0.07582012204408159,0.07361965851785127,-1.388840909601099
224,0.07835204657365835,0.07643880135429632,-1.3862959996699966
225,0.08135233185021648,0.08207668466585433,-1.384380166123683
226,0.0821348481887341,0.08408463058920557,-1.3829910613463574
227,0.08198019188271427,0.08308557483716744,-1.3818100623554344
228,0.08215012296344101,0.08195861737797894,-1.3804411821566056
229,0.08111923215189107,0.08023272199523773,-1.3785582992826408
230,0.07929875257548055,0.06717825760496648,-1.3760287507258697
231,0.08042516180455472,0.023490264617125986,-1.3729653174842023
232,0.08266009121720383,-0.056166588644477405,-1.3696854714000182
233,0.08271829222339597,-0.17287993029420085,-1.3665922215283866
234,0.08156267573103007,-0.3334509106799257,-1.3640212971978842
235,0.08063585766092587,-0.512835702763698,-1.3621128515555436
236,0.07871271133459146,-0.658636921448474,-1.3607569700397666
237,0.07660017508526645,-0.7589998131767279,-1.359634280435221
238,0.07809829400348495,-0.8422937241128814,-1.3583365842423265
239,0.08122943985312392,-0.9315817240753144,-1.3565216780181069
240,0.08250410693745244,-1.0408619824733991,-1.3540433019801639
241,0.08227125643020242,-1.1761767964627659,-1.3510065887465679
242,0.0815356367176765,-1.3337388834834067,-1.3477278802611603
243,0.08079424268186455,-1.5062558873562302,-1.3446143684187377
244,0.08008183700981275,-1.6767823074450772,-1.3420096172048894
245,0.07960385642600648,-1.8001418549649175,-1.340063900744386
246,0.07957337302060066,-1.8495493669043057,-1.3386785644428518
247,0.07998739931386409,-1.8638678160048814,-1.3375451222959946
248,0.07901691777793768,-1.8885571002956034,-1.3362635692759137
249,0.07706919989579056,-1.9269628680275561,-1.3344943394170503
250,0.07790880155243421,-1.9593535597042253,-1.3320859258836313
251,0.07850244241940593,-1.9678145709579606,-1.3291299898005215
252,0.07500195763662876,-1.9474119924247368,-1.3259238545293899
253,0.0710465592884175,-1.9062153005373599,-1.322855699036647
254,0.06942965336631501,-1.8600562507045177,-1.3202569291343558
255,0.07091701825800092,-1.8256692514710657,-1.318278075614547
0,0.07506714875177722,-1.8144301766740272,-1.316834851177365
1,0.07667554072194144,-1.8284821220803265,-1.3156437013757056
2,0.0735081547433406,-1.8604152544228407,-1.3143319637543702
3,0.0702986136648257,-1.8964843382388477,-1.312579732695958
4,0.06974737036750131,-1.922044111846068,-1.3102392649820431
5,0.07040804347261517,-1.9270765626098507,-1.3073872409907277
6,0.07066565912346531,-1.9097258656015415,-1.304291439948698
7,0.07020961867757317,-1.8766008008127635,-1.3013061133032213
8,0.06938466323068715,-1.8398840504509755,-1.2987370015248554
9,0.06848106402797924,-1.8124911492327662,-1.2967275475414888
10,0.06785076267698575,-1.803196202273731,-1.2952087323735646
11,0.06762329030100239,-1.813558482521552,-1.293929985665017
12,0.067926235156137,-1.8377132063674173,-1.2925576227992992
13,0.06865031214105785,-1.8649570872945107,-1.2908021092773612
14,0.06926876811153715,-1.8840109550018669,-1.2885255311783466
15,0.06962620407611828,-1.8872694122694815,-1.2857893368597866
16,0.06975053886609942,-1.8734425170744755,-1.2828259545481502
17,0.06945976293885128,-1.8476856632881136,-1.2799469998935011
18,0.0687848208129278,-1.8193082095012336,-1.2774243193072836
19,0.0679558542799017,-1.7980569820832848,-1.2753893323837855
20,0.06723557125739602,-1.7904504785463402,-1.2737879582318983
21,0.06702899679897287,-1.7975360586643356,-1.2724064186643411
22,0.06736324874978142,-1.8148277452882908,-1.270956105937151
23,0.06788555800186583,-1.8343178951265937,-1.269183859145289
24,0.06835595600777405,-1.8476828524660291,-1.2669654872672846
25,0.06860754898694763,-1.8494073244214144,-1.2643480009728445
26,0.06854920710623497,-1.8386612968657863,-1.2615263870262399
27,0.06819284191088376,-1.8193050176429866,-1.2587657950367577
28,0.0677361069373005,-1.798140669880869,-1.2563001274429832
29,0.06731023275266387,-1.7821805815949698,-1.2542458210147842
30,0.06696321585633944,-1.776020992197493,-1.2525625679038308
31,0.06683219846896299,-1.7802983065982767,-1.2510740089850683
32,0.06696030869142999,-1.7917319466895636,-1.2495384901933098
33,0.0672634544148644,-1.8046269945650115,-1.2477415788930668
34,0.06750283774679952,-1.8131699847428164,-1.2455749375274268
35,0.06756977819151991,-1.8136003663876172,-1.2430725933427995
36,0.06749410520339294,-1.8054531389402753,-1.240392696648867
37,0.06723705860582221,-1.7914765342930465,-1.2377537174939302
38,0.06691693048632374,-1.7763565858551482,-1.2353507168244082
39,0.06660432763317667,-1.7648192880156213,-1.2332837485293573
40,0.06631011667730549,-1.7598710779392244,-1.2315246080202753
41,0.06607574441243541,-1.7618262454640412,-1.2299327309454182
42,0.06591830137468191,-1.768421288554956,-1.228312234663337
43,0.06603420372061136,-1.7758819893948727,-1.2264870757892883
44,0.06634738410906199,-1.7804609424972995,-1.2243655326922713
45,0.06645355335555406,-1.7798268896263654,-1.2219704696396896
46,0.0663846015506584,-1.773797067643895,-1.2194256512186152
47,0.06624777866597736,-1.7641973776442912,-1.2169052016005675
48,0.06596725781940205,-1.7539847763317322,-1.2145667130132276
49,0.06571574688217258,-1.7460333158401902,-1.2124936443427727
50,0.06556894690197226,-1.7420747214868655,-1.2106679795043234
51,0.06547787932796281,-1.7421779500837093,-1.208981845134165
52,0.06540232222933764,-1.7449087300763964,-1.2072818661646356
53,0.06530012424237824,-1.7480363220538448,-1.205428166844074
54,0.06527171539265478,-1.749459367736577,-1.203345384464701
55,0.06531807660576136,-1.7479738464931938,-1.2010471809019938
56,0.06538202796658946,-1.7436083277270953,-1.1986265371956257
57,0.06535098090252961,-1.7374497582042387,-1.196217226875647
58,0.06505107719267805,-1.7310894406624229,-1.1939422767478431
59,0.0646430860809529,-1.7259514381239738,-1.1918692019279074
60,0.06445384358367726,-1.7227797118310244,-1.1899882094477658
61,0.06446095962011911,-1.7214630694584567,-1.1882201529361436
62,0.06449600283012191,-1.7212196767587242,-1.1864496153372928
63,0.06462409841995828,-1.7210157427627903,-1.1845694535333546
64,0.06479423043795501,-1.7200148881865784,-1.1825196869252186
65,0.06485407774020785,-1.717870025148037,-1.1803067109868648
66,0.06472539389882065,-1.7147614038989998,-1.1779969296254151
67,0.06440496869068063,-1.7112055739680772,-1.1756887133837064
68,0.06408780927991672,-1.707755486615742,-1.173474356846011
69,0.0638844751725916,-1.7047433306900048,-1.1714066712217295
70,0.06382096572883611,-1.7021779027227737,-1.1694822080278304
71,0.06389723685883933,-1.699822194391019,-1.1676462024102134
72,0.06395025107337846,-1.6973877306835776,-1.1658159862441093
73,0.06390832970045315,-1.6947312611448337,-1.16391303540789
74,0.06377245871296011,-1.6919476281741117,-1.1618913049278752
75,0.06363278054608282,-1.6893124332916818,-1.1597517228724739
76,0.06359676766219347,-1.6871083607145838,-1.1575385121293786
77,0.06350925239791494,-1.6854302780422392,-1.1553199924924908
78,0.06342414879811717,-1.684077213350819,-1.1531620175541906
79,0.06347787847107458,-1.6825980527399107,-1.1511042971857464
80,0.06348274867874157,-1.6804820202321746,-1.1491480252820376
81,0.06325894148162714,-1.6774106996091867,-1.1472584463643454
82,0.0629545375737135,-1.6734511945172956,-1.1453802469062682
83,0.0627812689425441,-1.66908892775362,-1.1434591418234166
84,0.06264615353460065,-1.665066911381576,-1.1414613079617464
85,0.06261392191172041,-1.662086487787981,-1.1393837984716595
86,0.06271311171166694,-1.6604929479308579,-1.1372529415494048
87,0.06267245615399072,-1.6600860192941447,-1.1351123574829662
88,0.06259101745040721,-1.6601499610981092,-1.133005851685958
89,0.06265073382726635,-1.659707975801453,-1.130961818199363
90,0.06259022529678065,-1.6579082811403154,-1.1289846190863844
91,0.06234637879276664,-1.6543865622224683,-1.1270553581288936
92,0.0621330569235477,-1.6494502749834479,-1.1251408390105815
93,0.06199982269320159,-1.6439968672459235,-1.1232066739466187
94,0.06193088228262922,-1.6391848981113788,-1.1212294389158122
95,0.061820759631546957,-1.6359807940664757,-1.1192036628160973
96,0.061693484251203135,-1.634760995488299,-1.1171417529750456
97,0.061730321472176414,-1.6350516809368543,-1.1150676960808852
98,0.0618266913366215,-1.6358615002061594,-1.1130074870158766
99,0.06180009772623726,-1.6360993355191482,-1.1109800342029006
100,0.061671915229905144,-1.6346332101373848,-1.1089916431318976
101,0.06150565815971973,-1.6309140911484254,-1.1070355100689073
102,0.061345691153400744,-1.6254219859300911,-1.105095707203283
103,0.061133297281981774,-1.6193462978384536,-1.1031536535233308
104,0.060924048187810526,-1.6140992155428715,-1.1011945116312005
105,0.060921125584957936,-1.610783699047099,-1.0992113852022616
106,0.06103052681006549,-1.6097732437518015,-1.0972062978733286
107,0.0610649688739871,-1.6105586122146223,-1.0951881991003933
108,0.061108210627602494,-1.611930997124003,-1.0931691825549676
109,0.061067435513315754,-1.6124398938230566,-1.0911604446270022
110,0.060881863618467646,-1.6109516781681217,-1.0891692586749602
111,0.060797295994991785,-1.6070916070829488,-1.087197621292813
112,0.0607032555774869,-1.6013953864406876,-1.0852425548904363
113,0.06050581029748997,-1.5950264766425764,-1.083297583200137
114,0.060442148846188204,-1.5712912604531342,-1.0813547382546878
115,0.060482933799565375,-1.5015590854835694,-1.0794065545456832
116,0.06047883161426529,-1.3925518282359484,-1.0774477099844315
117,0.060359682018613914,-1.2793024486785107,-1.075476139443437
118,0.06019867702113482,-1.1796839717426582,-1.0734935111628294
119,0.06019885051388488,-1.0777274164579764,-1.071504956296554
120,0.06017942851348437,-0.9404523005706391,-1.0695179742103567
121,0.0600071209588722,-0.7572930488680218,-1.0675405818497454
122,0.0599125252604982,-0.5431838180297746,-1.065579035243239
123,0.05988119978684947,-0.31231668629269316,-1.0636357261453155
124,0.059708222251246584,-0.07854344025053628,-1.0617079906090283
125,0.059398169864737144,0.14325488241269746,-1.0597884279236212
126,0.05916924415134206,0.3126585153219309,-1.0578668929200066
127,0.059196991921636855,0.3887759697644251,-1.0559337122183163
128,0.05941249156973047,0.40469954725131463,-1.053983118953183
129,0.05955812032923172,0.41348105701644555,-1.0520156548129127
130,0.059435703914870824,0.42896459730512126,-1.0500385119703628
131,0.05909673691744605,0.4454985953170332,-1.0480634579760864
132,0.058787589414009495,0.4499055486030126,-1.0461028854800767
133,0.05862469496016598,0.4345158529850902,-1.044165313004231
134,0.058615667965471324,0.4051712817740809,-1.0422520003046092
135,0.058658825788513724,0.37763487766486614,-1.0403560515269192
136,0.05862456360573798,0.3639005134700125,-1.038464522778154
137,0.058640643509193985,0.3646289897145958,-1.0365629253604092
138,0.05870871410926998,0.37687015609708885,-1.0346405506689704
139,0.05871094230749213,0.39665282705749383,-1.0326946321613089
140,0.05866421811834088,0.41542827168351715,-1.0307317000677783
141,0.05859397857626625,0.42141925046169826,-1.0287654835919549
142,0.058505229922819146,0.41617913920437566,-1.0268120142703512
143,0.058314703003728624,0.40818581950501387,-1.0248836873912568
144,0.05807348470658699,0.3943477080196841,-1.0229845060353537
145,0.057999172816309424,0.3751154912052077,-1.0211083566606325
146,0.05794246228932454,0.36002643990526595,-1.019227945367954
147,0.05770825968769516,0.35611727708801355,-1.0173207232466401
148,0.057568122339167055,0.3641114311768473,-1.0153984416337445
149,0.05760194348229691,0.38154509480654064,-1.013468408846495
150,0.05752871378413024,0.4008932251802899,-1.0115269654535646
151,0.05735454513302099,0.4129174431922822,-1.0095823707591243
152,0.057221805397996456,0.41395876301984447,-1.007649430709233
153,0.05711564622903689,0.403008353944073,-1.0057420435053848
154,0.0570874645647185,0.38492459479656593,-1.0038665160814686
155,0.057091466047117095,0.36771487096416444,-1.0020181671221486
156,0.0569414655733283,0.3543500200327737,-1.0001693396197529
157,0.056734667815324574,0.35037354824589406,-0.9982953335970057
158,0.05663980507475597,0.3594295086637469,-0.9964047471064537
159,0.05662126801978537,0.37430399503217804,-0.994501900325182
160,0.05660823808420676,0.3872978778157503,-0.9925813816069171
161,0.0565603043931224,0.3948324946978259,-0.9906515204368724
162,0.05646872275883147,0.3951054258657849,-0.9887289424414671
163,0.0563438258397459,0.38848678159430894,-0.9868304556963032
164,0.056288236508571204,0.375807360010434,-0.984965389809842
165,0.05628045384156899,0.36158904401184144,-0.9831312550761329
166,0.056218437564591855,0.35358214785754716,-0.9813142688066598
167,0.056147941161840714,0.3528493401866939,-0.9794944172452591
168,0.056108937811492704,0.35678055358714444,-0.9776530020770067
169,0.05617941403170115,0.3622311677915496,-0.9757797103238963
170,0.056285612676103824,0.365822060154421,-0.9738764794991868
171,0.05619611751008144,0.3647129795842351,-0.9719566996270737
172,0.05598024940733776,0.361846785511166,-0.9700400990822429
173,0.0558922643662175,0.36410008278898887,-0.9681453051289566
174,0.05579995558760448,0.3650387874432657,-0.9662829280612577
175,0.05560023362663888,0.35837335818047844,-0.9644517758662858
176,0.05545114785433297,0.34845983516269075,-0.9626395761598983
177,0.05537261952927844,0.3421526832971694,-0.9608147332842232
178,0.0554186609870459,0.34317320355412706,-0.9589542073690143
179,0.05551539184370069,0.3487121930854109,-0.9570733121756683
180,0.055520846591973455,0.356612990613867,-0.9551854134275195
181,0.055376234336595526,0.3615525999968435,-0.9532927363973775
182,0.05508322343853053,0.3587899698845831,-0.9514066419130511
183,0.054905880358554704,0.35216174427282754,-0.9495408372944891
184,0.054887749347099446,0.3468428324902011,-0.9477043180056919
185,0.05483137615941683,0.34261537426702215,-0.9458967336498341
186,0.054808066212788054,0.3365774788121846,-0.9441078263186622
187,0.05482075352564872,0.33320963266623493,-0.9423209749708055
188,0.05477966627261807,0.3367721244262548,-0.9405193155561395
189,0.05472483135271153,0.3425780601322703,-0.938691977627462
190,0.054687073135027936,0.345147801102605,-0.936824896429794
191,0.05465958867069032,0.34514822745700546,-0.9349217386791917
192,0.05453675955730872,0.3465080451319349,-0.9330234800019168
193,0.05426321683014726,0.34742610091696224,-0.9311585459557166
194,0.054001555556935726,0.34467919586647744,-0.9293283163418651
195,0.05392822554159862,0.3398545972766378,-0.9275282428103897
196,0.054016469445559656,0.33390965777225423,-0.9257475596409774
197,0.05406160359467396,0.3274446890501207,-0.9239717657550242
198,0.05398750582477718,0.32538892216421333,-0.9221868746615929
199,0.05389628854115264,0.3295347207668432,-0.9203837378885149
200,0.05385211954365057,0.3326218438290899,-0.9185607462377385
201,0.053849366430609474,0.3269771023960367,-0.916723871378101
202,0.053767779238875324,0.3184874158546469,-0.9148840497232396
203,0.053533975598544364,0.319772063846144,-0.913052920200593
204,0.05337831222137174,0.32721776992829854,-0.9112385235712965
205,0.053425260972933125,0.3301509581579545,-0.9094425406276851
206,0.05336409708511927,0.32797463147331496,-0.9076600222641158
207,0.05304422471602885,0.3246354002880699,-0.9058816026460468
208,0.0528171985089676,0.3211380061370982,-0.9040972621832406
209,0.052892982667739286,0.31725277566032395,-0.9023001666727519
210,0.05295801668248687,0.3170757597033801,-0.9004891418265251
211,0.05280354267240717,0.32007693162992634,-0.8986689138360711
212,0.052711343373194525,0.3211110857967626,-0.8968481206661214
213,0.052840654762463746,0.3197478882104514,-0.895035934470001
214,0.05294462588654256,0.31745682797578023,-0.8932386206015765
215,0.05287396646278955,0.3168222573624919,-0.89145732577505
216,0.05271134594304083,0.3170259773547136,-0.8896878711653353
217,0.052551542079784186,0.314136851929365,-0.8879225409496105
218,0.052439146824663885,0.310295397547107,-0.8861531098222382
219,0.052297249088228276,0.31055463920170756,-0.8843739229862688
220,0.052073157218810645,0.3115103151881652,-0.8825838763027392
221,0.05199016046206717,0.3085512243820224,-0.8807734920899475
222,0.052142658711231055,0.30647523484954786,-0.8789441110277205
223,0.05217927511549553,0.30850239323273176,-0.8771283995242518
224,0.051996192107746725,0.3087870249982777,-0.8753436908218459
225,0.05188278018308895,0.3041071754836733,-0.8735816905665312
226,0.05176954176868917,0.30083874033946156,-0.8718331660264695
227,0.051578643555430376,0.301016039610438,-0.8700892460214118
228,0.05154434690917151,0.29938167417463624,-0.868342950616678
229,0.05162424141684932,0.29619314657261997,-0.8665903776313586
230,0.051652723497172065,0.29426746456342656,-0.8648310800400183
231,0.051546494494478484,0.29505351397325075,-0.8630674719259481
232,0.05137411138030307,0.2984562962463454,-0.8613034660667647
233,0.05134478040019563,0.30066082756221124,-0.8595428250176997
234,0.051292460408609686,0.2987207223716918,-0.8577877947896653
235,0.051100984231908564,0.29542600578606426,-0.8560384610391631
236,0.0510129526610158,0.2939529332667252,-0.8542929819243135
237,0.0510152629566934,0.2936323073421956,-0.8525485257344894
238,0.0508925931445218,0.29322852828238877,-0.8507893828004738
239,0.05071380957152194,0.2901024411293951,-0.8490087731091016
240,0.05063418904603312,0.2852959329975785,-0.8472325001281038
241,0.050615431094924085,0.28382227845146424,-0.8454747850749853
242,0.05067282489409086,0.28634021867979365,-0.8437289357056215
243,0.05064667928987343,0.28725892544901965,-0.8419912046216269
244,0.05046121874718404,0.2854072523110225,-0.8402598744231189
245,0.05029233939287889,0.28610143061347093,-0.8385209665562687
246,0.050169850367923985,0.2886189676592721,-0.8367680301714038
247,0.05172800205518002,0.2895059668269173,-0.835024834413916
248,0.053983872338536604,0.28704763768526587,-0.8333015096576784
249,0.052999714939621856,0.2827905286972806,-0.8315865160905629
250,0.05057854799941053,0.2812252036093448,-0.8298721789731651
251,0.04975312721530212,0.2813197738970813,-0.8281551279539872
252,0.04992218694017936,0.2787423559156941,-0.8264356342474475
253,0.050287183071708486,0.27517130705399195,-0.8247161310643016
254,0.05028846803395923,0.2741023807951726,-0.8229994420313638
255,0.04986091271204228,0.2732417166163378,-0.8212872993946583
0,0.04934840220585281,0.27334914714015457,-0.8195795903023808
1,0.048945908506979094,0.2748107422139029,-0.8178744837362353
2,0.048825924086718306,0.27278410135014775,-0.816169272153421
3,0.04896279837405593,0.26833659768142604,-0.8144615263737065
4,0.0491880436826517,0.25977798036687816,-0.8127500884827454
5,0.04943655640253347,0.25155063335268046,-0.8110355307961163
6,0.049630298901159,0.25492181326861096,-0.8093199387391734
7,0.049683366365431914,0.26107364792429044,-0.8076061387609292
8,0.04946909155009632,0.26157038296214374,-0.8058966904911906
9,0.04905827468359243,0.26222422015125724,-0.8041930277597289
10,0.04865874558951443,0.2641679462844464,-0.8024950520842853
11,0.04834378115162445,0.26492330906110095,-0.8008012956277373
12,0.04815858542645658,0.2644039134440239,-0.7991095551045673
13,0.04804525993990183,0.2614645793395005,-0.7974177347691502
14,0.048028069860702516,0.25721708627221307,-0.7957245810902158
15,0.04824157241050092,0.2543393095829177,-0.7940300558028599
16,0.04851123005161917,0.2527036919011545,-0.7923352445775751
17,0.050240508355181485,0.25169257884957286,-0.7906418737583025
18,0.05261143017173556,0.25259140058965357,-0.7889516416802951
19,0.053240280533543516,0.2545674796718751,-0.7872656190723029
20,0.05285432408622884,0.2536344517982001,-0.7855839253400747
21,0.05084095603823116,0.2509629017011914,-0.7839057700893721
22,0.050016112509110616,0.24943341461157398,-0.7822298108599104
23,0.05339714114261607,0.24861044982435065,-0.7805546705952624
24,0.055200337512293335,0.2474880530917296,-0.778879417475212
25,0.05199912000387985,0.24575730132492324,-0.7772038430088517
26,0.05000277130774419,0.2454166728945123,-0.7755284622269203
27,0.05298300158312222,0.24772635571159551,-0.7738411484824614
28,0.05639945719063058,0.24828004682535076,-0.7721244064759558
29,0.05709189311243834,0.24632397687947105,-0.7703989622895278
30,0.05641876666380921,0.24536575399056604,-0.7687027852317887
31,0.05599206704536358,0.24542246385882804,-0.7670385818745231
32,0.056116388316003796,0.24555660752290465,-0.7653902759039797
33,0.05654494195697768,0.2433638395644231,-0.7637480550819122
34,0.057004178602160116,0.2377944224540267,-0.762107740176458
35,0.057198521087293064,0.22749417537286887,-0.7604689530870208
36,0.057001610962451515,0.22065886833540538,-0.7588328115951251
37,0.05647467066820272,0.22836288302137053,-0.7571999401560441
38,0.055888842587739324,0.239119817404152,-0.7555693901835552
39,0.05542865845603204,0.23989522688897336,-0.7539386805397534
40,0.05507302075226764,0.2341112589513904,-0.7523047425242173
41,0.05505775774267535,0.2298687197846312,-0.7506652403174212
42,0.055444073596178284,0.2313905196342555,-0.7490196466333112
43,0.05584046511787649,0.23653206761548307,-0.7473696048177283
44,0.056159364910849885,0.23975900848653986,-0.7457184300075304
45,0.056341325370749734,0.23738185380630494,-0.744069960069522
46,0.05453397079001629,0.23078365331868322,-0.7424272213953444
47,0.05176166577731656,0.22661716548336563,-0.7407783154709189
48,0.052218388955712486,0.22804081431859757,-0.7391169055079412
49,0.054245320497118554,0.23063827460552688,-0.737465908530853
50,0.05473652522848266,0.22985435729011772,-0.7358346301742187
51,0.05440981474903303,0.22562632622494683,-0.7342114199601739
52,0.05416555251290414,0.22392043105952775,-0.7325893987441499
53,0.0543225985587478,0.22723564254898454,-0.7309665894280744
54,0.05478888967695486,0.22839294842660707,-0.7293446211272749
55,0.05521055549510201,0.2253536523147277,-0.7277265830970268
56,0.05532783314268688,0.22226154356157835,-0.7261148460755573
57,0.05507175591635938,0.2184650042855517,-0.7245096144029741
58,0.054536191987684446,0.21468553002794188,-0.7229086476302662
59,0.05391054511000462,0.21477964893487933,-0.7213081247843354
60,0.05340132872400449,0.21697646591023223,-0.7197041981334573
61,0.053158059367894694,0.21610576295919304,-0.718094553981006
62,0.053223233385792185,0.21326820201827568,-0.7164793419610991
63,0.05360538283308969,0.21329990963231615,-0.7148611204210835
64,0.054103480391785974,0.21320806568232942,-0.7132438710498084
65,0.05433810614256443,0.20405315051560202,-0.7116314987712524
66,0.054344697222452276,0.19550225441612035,-0.7100264156391367
67,0.05429037208689605,0.20070121932353746,-0.7084287487579659
68,0.05396565888916027,0.2089382532564168,-0.7068364470482635
69,0.05341356027014532,0.21061158973950778,-0.7052462028501532
70,0.05304897556879837,0.20714067233718503,-0.7036547953526593
71,0.05287780204332998,0.20312931982575377,-0.7020603208700669
72,0.052825028300110766,0.2036040999530071,-0.7004628461571734
73,0.05297419186132332,0.20805274391684558,-0.6988642669489515
74,0.053216555549763345,0.2100399190467771,-0.6972674712753371
75,0.05347995954467347,0.20644163395328063,-0.6956751689778289
76,0.05353102699253859,0.20349019339518915,-0.6940888570939925
77,0.05326856418058967,0.20334528847375832,-0.6925083121402684
78,0.05298452478378779,0.20285218133790273,-0.690931774876105
79,0.052740846425690435,0.2032099521167251,-0.6893567162764218
80,0.052407588000447924,0.20228820583396523,-0.6877808553124214
81,0.05212186074867617,0.1978174971549912,-0.6862030206695489
82,0.052065627869678305,0.19415905241035025,-0.6846235325826324
83,0.05209539857855003,0.1933305662461,-0.6830439858301407
84,0.052210571538996886,0.19361960617260354,-0.681466553923386
85,0.0523817150136395,0.19351478287204849,-0.6798931130526098
86,0.05239322471268168,0.1924385637030186,-0.6783245363630857
87,0.052232463561802694,0.1923245793197832,-0.6767604217239527
88,0.051972659408945215,0.19281032137772558,-0.6751993315533413
89,0.051700729627171066,0.19037049846053045,-0.6736394191055319
90,0.05140467675439714,0.18687155913269077,-0.6720791728281208
91,0.051168154408676336,0.18555255295637896,-0.6705179810664155
92,0.05111229294128847,0.18568327193013473,-0.6689563083553678
93,0.051164542127407536,0.18589528410752099,-0.6673954397156892
94,0.05122484276638059,0.18566756273112583,-0.6658369213364945
95,0.051310733005110576,0.1815558794339832,-0.6642819369861741
96,0.05143666979013756,0.17529276685043232,-0.6627308693361429
97,0.05136522214845207,0.17538527585327035,-0.6611832064567953
98,0.051091374838026726,0.18046318150109902,-0.6596378072656108
99,0.05094394327793786,0.18323024842473468,-0.6580933969402825
100,0.05093395037571585,0.18274899852735516,-0.6565490807023322
101,0.050833674408224866,0.1834834165108462,-0.6550046708630382
102,0.05060564367122719,0.1840863833368328,-0.6534607096846807
103,0.050510042763896215,0.1827289341450572,-0.6519181995622985
104,0.050653951040474016,0.18368869904238083,-0.6503781680644567
105,0.05068391133501603,0.1858764331060503,-0.648841253275118
106,0.05049408452503518,0.1859449469519373,-0.6473074747768328
107,0.05037583320302527,0.18264702323381066,-0.6457762701964807
108,0.050344774402691944,0.1764468152533999,-0.644246764961333
109,0.050195566486419846,0.17134582724414327,-0.642705033867383
110,0.0499991171863961,0.17106680106197286,-0.6411452012752172
111,0.0499916347549203,0.17474506639161963,-0.6395927742278957
112,0.05008623520517144,0.17600420764738478,-0.6380606258123167
113,0.05009035611401215,0.17401163370323408,-0.6365401898851755
114,0.050006579885567115,0.1743908372171179,-0.6350260017830609
115,0.04988241539302078,0.17620077171491022,-0.6335153647008371
116,0.04967029995572517,0.17641160587522692,-0.6320074558735818
117,0.049434859518909025,0.17391732619826633,-0.6305022457027147
118,0.049307719165892855,0.16875973419705026,-0.6289995935333421
119,0.04916993718876922,0.16601355492528874,-0.6274987694770593
120,0.04901060168920959,0.16808173316427516,-0.6259984725778907
121,0.0489198094786662,0.1687144874600825,-0.6244972342138966
122,0.04893096367470558,0.16610669120433846,-0.6229939730526401
123,0.04895342495803044,0.16395324114909066,-0.6214884410236023
124,0.04877960279981959,0.15975256912233288,-0.6199813695849097
125,0.04851462161569346,0.15150366407428045,-0.61847425869473
126,0.04835255460734314,0.14674018519465964,-0.6169688936136772
127,0.04836849649374533,0.1508706027922338,-0.6154667744800117
128,0.04854869470014403,0.15626604545177614,-0.6139686673734299
129,0.04869032024366979,0.1581782075189742,-0.61247443020145
130,0.04860511198841899,0.1579411047529372,-0.6109831587038363
131,0.048323730578447494,0.15613390407725203,-0.6094935804024828
132,0.048146335301544954,0.15490165500681896,-0.608004540869157
133,0.04812344612026985,0.15340301039621151,-0.6065154051270898
134,0.04805247221202974,0.1535515099489494,-0.6050262404489668
135,0.04792220372811863,0.15603367540834906,-0.6035377346678381
136,0.047705863436169574,0.15734041235358454,-0.6020509012087911
137,0.04748982989805295,0.15843824329681327,-0.6005666930983258
138,0.047403784006893906,0.1587241245146414,-0.5990856699686244
139,0.047393853589143276,0.1552529102102982,-0.5976078308354533
140,0.04746857915874153,0.15054088487403539,-0.5961326572110814
141,0.047542562118234405,0.14815615276569277,-0.5946593332825107
142,0.047484794265584884,0.14608989480077877,-0.593187050860325
143,0.0474251910498036,0.14410550577301545,-0.5917152856539771
144,0.047304893098957856,0.14548990239018328,-0.5902439519516036
145,0.04700594057339548,0.14816473090435822,-0.5887733936388531
146,0.046830478863373715,0.1485712812925133,-0.5873042298879405
147,0.04686317882858182,0.14716765179037777,-0.5858371218859468
148,0.04690007920901251,0.1451755088890973,-0.5843725471606984
149,0.046891026458093454,0.14493813954761958,-0.5829106566907953
150,0.04684108270748785,0.14593512696844846,-0.5814512542772767
151,0.0467561159326003,0.14437677563656853,-0.5799938925957842
152,0.046556890829013875,0.14189175504578877,-0.5785380423231672
153,0.04629827120655727,0.1412315202617403,-0.577083271523497
154,0.046202936725039154,0.13795374167609553,-0.5756293761594435
155,0.046292987496677776,0.12790757083538684,-0.5741764249739589
156,0.046372765980449523,0.12162110679514349,-0.572724713493381
157,0.04634880709864217,0.12804571055772335,-0.5712746511037994
158,0.04621741109221478,0.13578978640454914,-0.5698266231355846
159,0.045987354969556624,0.13771226919787588,-0.5683808727956474
160,0.04589385978723157,0.1369903758741557,-0.5669374367888302
161,0.046024451822793175,0.13408674877509208,-0.5654961487908554
162,0.04610872899483301,0.131828703116388,-0.5640567036697868
163,0.0459242115942772,0.13418838171077663,-0.5626187585744964
164,0.04561421182527954,0.1369722933393968,-0.561168922008414
165,0.04548731978377567,0.13500881040063967,-0.5597016078347066
166,0.0454262300653501,0.13295218662027652,-0.5582422567949532
167,0.04687702689644534,0.1341535720812551,-0.5568033832056298
168,0.05084747577844663,0.1345378646085847,-0.5553759669705742
169,0.05252563288080947,0.1321941343694813,-0.553954226081796
170,0.04915882929415474,0.12927408301744847,-0.5525354388273154
171,0.047171835576167054,0.1262219627969306,-0.551119058908365
172,0.05037583055922623,0.12447628298390007,-0.5497054958066689
173,0.054144899252430295,0.1254310345076436,-0.5482949918275917
174,0.05521812592056127,0.1272005521199988,-0.5468869492164279
175,0.054604470269058375,0.12984809957649024,-0.5454798700572903
176,0.05379325164473531,0.1316131219754076,-0.5440718367326176
177,0.05353777244298266,0.12986456930172452,-0.542661266863679
178,0.05379863302713295,0.12631063765689576,-0.5412475930850176
179,0.05417306240202108,0.12160990765949548,-0.539831570589681
180,0.05431973770483034,0.11596827368825158,-0.538415078575734
181,0.05426538083525151,0.11267851799431355,-0.5370004892705211
182,0.05422622284154832,0.11300202723648295,-0.5355898490165705
183,0.05405182187557489,0.11449287545317527,-0.5341841859480976
184,0.0535815626569523,0.11029507973040326,-0.5327832045843861
185,0.05316604752587345,0.10430751759421181,-0.5313854742818425
186,0.05306426629412089,0.10785276775562239,-0.5299890279471513
187,0.05302511446650976,0.11369846728130312,-0.5285921339602102
188,0.05287413987559622,0.11349028165109601,-0.5271939457612509
189,0.05288189596674886,0.10906085072822752,-0.5257947893338184
190,0.05307555876610867,0.10507957943093293,-0.5243959939289564
191,0.0531870279633036,0.10642711492928619,-0.5229993476737871
192,0.053132163688992956,0.110643574701909,-0.5216063988538091
193,0.05293115415810512,0.11330225884336348,-0.5202178739984571
194,0.052729690665567736,0.11385454558529634,-0.518833429424713
195,0.052478537593660585,0.11122827284519776,-0.5174518181256347
196,0.05382168090915054,0.10835822079163443,-0.5160713930852836
197,0.057802333188076205,0.10717989742859946,-0.5146907433074857
198,0.05943477639462211,0.1054079100136896,-0.5133092163144402
199,0.057765096363453394,0.10528913050382943,-0.511927133570609
200,0.05840337121106931,0.1068468342785629,-0.5105456293814972
201,0.0608947559140198,0.10632618260716714,-0.5091661893882891
202,0.06211528778101047,0.10331819673015535,-0.5077900755785776
203,0.06217537157260866,0.10270570115638578,-0.506417859956735
204,0.06180399642384393,0.10638043863518587,-0.5050492385983818
205,0.061381832721728924,0.10914088963362348,-0.5036831843915097
206,0.06108427257883009,0.10819323478594522,-0.5023183659284787
207,0.06081138961800789,0.10535624634870797,-0.5009536624893096
208,0.06052649000139915,0.10266764311505222,-0.49958857625463104
209,0.060415735914922886,0.10111666304953593,-0.49822339066070187
210,0.060387308803688505,0.10099784914963605,-0.4968590268059887
211,0.06047169910768671,0.10186043128497224,-0.49549666625191313
212,0.06072367011267432,0.10269298074956473,-0.4941372936712012
213,0.06078520244254071,0.10318471005771412,-0.49278133583805284
214,0.060465240351443794,0.09981690434794102,-0.4914285285185074
215,0.06010755611536392,0.0872685148405852,-0.49007805028706763
216,0.05996095539561447,0.07763262775149063,-0.4887288594226915
217,0.0598670733308988,0.08433071656839644,-0.48738009646855573
218,0.05973237255336655,0.09270094928632427,-0.4860313972897139
219,0.05956048094357519,0.09190727182301844,-0.48468300321610536
220,0.05936042865081523,0.08876089758145819,-0.483335637422869
221,0.059345994156452475,0.08741388749473716,-0.48199020671023196
222,0.059482964682014305,0.08824293733542474,-0.48064745059999225
223,0.05942146895785577,0.08842972394432985,-0.4793076728840513
224,0.05924123756999869,0.0874310368335558,-0.4779706522282676
225,0.05907423209631216,0.08834955696879582,-0.47662263866741106
226,0.05883933738821828,0.08960986385218239,-0.4752573894349623
227,0.05867849690481544,0.08827630907750672,-0.4738865442273106
228,0.058624174051500444,0.0853274675321008,-0.47251669591498
229,0.05850520522594921,0.08256624490785994,-0.4711641113311571
230,0.058302705884584166,0.08263687926977922,-0.46983556387599656
231,0.0581770313113677,0.08488908294537023,-0.46851948061788695
232,0.05816602085918246,0.08677668820711781,-0.46720972743733147
233,0.058135895419613504,0.08819837537996258,-0.46590412628045663
234,0.05800416279726009,0.08902066477343146,-0.4645892975320358
235,0.05786007871289059,0.0890288148753173,-0.4632595650916851
236,0.0577168809639759,0.08631157895183039,-0.46193901767263634
237,0.0575199186549013,0.08192543135734703,-0.46063743464818363
238,0.05735360463172673,0.07885857256611187,-0.4593424548875633
239,0.05727725017124621,0.07535009099763221,-0.45804557370847143
240,0.05736573102791592,0.07334919031757248,-0.4567430649135178
241,0.05744099054288104,0.07424284205819096,-0.45543559431690794
242,0.05736726461314928,0.07503391371909446,-0.4541266856500883
243,0.057343375909888555,0.07694909128030553,-0.45282058687098714
244,0.057321142282787535,0.07609163925635501,-0.4515202733392738
245,0.057084395164474055,0.06707176383352342,-0.45022624290307744
246,0.056654415713983025,0.06117200489936181,-0.4489364423615265
247,0.05628507902003793,0.06784832634168964,-0.44764723960226127
248,0.05610929895595895,0.07592312053943398,-0.446354982791612
249,0.056132573451187634,0.07670188915928183,-0.44505750330282967
250,0.0563113653742785,0.07224719320915152,-0.44375498237868194
251,0.056437744836022624,0.06777236016274324,-0.44244987718456463
252,0.05797557135326373,0.06702414202757842,-0.4411459760473453
253,0.060071796192918636,0.06843324490048716,-0.4398469801010194
254,0.058973910343872865,0.07155899728690734,-0.4385551687608702
255,0.05638944911681357,0.07437263640142044,-0.4372706479305424
0,0.05536297595636941,0.07280910440774316,-0.43599143614997105
1,0.055415077237908394,0.06896767699402193,-0.4347143163109197
2,0.05572734627464729,0.06798759858301268,-0.433436097094277
3,0.05578807455110407,0.06869344883584644,-0.4321547932033114
4,0.055471201995891645,0.06797789939441248,-0.4308571730366797
5,0.055075217755743144,0.0665723491649918,-0.4295394633204068
6,0.05478162136754486,0.06421576668516604,-0.4282298028203362
7,0.054598770480290576,0.062123001574732106,-0.426943222894135
8,0.054509967311854535,0.062146462668679875,-0.42567209330094324
9,0.05455085134706311,0.06277168498243926,-0.4244104214520088
10,0.05482761706362521,0.06256141283851607,-0.42315383100248516
11,0.05512549758926519,0.06126012681120141,-0.4218993728686671
12,0.05517255847603822,0.059307972426350386,-0.420645250449146
13,0.05487478723608627,0.05567717762774313,-0.41939051982054765
14,0.054290062034466235,0.05176945675309841,-0.4181348122823556
15,0.05370866684703349,0.050259872356116425,-0.41687811382987316
16,0.053332271648192625,0.05192323538276712,-0.4156206189343594
17,0.05324275494956518,0.05636265158029771,-0.41436265452995014
18,0.05344181908821535,0.05651401133947433,-0.41310465027467336
19,0.053713482302653215,0.047325086363321944,-0.4118471203511924
20,0.053815138183780226,0.03609710923715992,-0.41059062545361846
21,0.05370079509187345,0.03393537683387632,-0.40933570083515125
22,0.05360313711160278,0.04280390310303464,-0.4080696439371141
23,0.05354024160200804,0.05110730305425697,-0.40678720043802663
24,0.05323993242259106,0.0497781974958591,-0.4055137109177014
25,0.05286877026825976,0.04443954582176497,-0.404261210157318
26,0.05270911020286553,0.043469600203328615,-0.4030199922189248
27,0.052577239469813325,0.04627154380244852,-0.4017836260095904
28,0.0523466700457903,0.047096422437455626,-0.4005490112200776
29,0.05223006402667871,0.04604717908695566,-0.3993156362281771
30,0.052389123927018416,0.047272413783329637,-0.3980843562689369
31,0.05270725231494122,0.05071483055666512,-0.39685611878297933
32,0.05279528649513274,0.05070625845664431,-0.39563103909418795
33,0.05256377401625098,0.04507591501430508,-0.39440807761059027
34,0.05067877963659845,0.03931166167238706,-0.39318534263935545
35,0.04799814661625634,0.03845190597797264,-0.39196082141584476
36,0.04682060926207396,0.04218024518338842,-0.3907332036071358
37,0.04662504129549601,0.04434331787843036,-0.38950245208916545
38,0.04672183590260244,0.04184830865757444,-0.388269892979509
39,0.04515561840007737,0.04059712779037289,-0.38703779205469235
40,0.042599951943919426,0.04219146679934821,-0.38580858279248864
41,0.04155478475235669,0.04276439679093941,-0.3845840394495492
42,0.04153834664949814,0.04327835450344755,-0.3833647018473769
43,0.04157397105352559,0.04209282979617375,-0.38214975676622753
44,0.04144961578986317,0.037032520436781236,-0.38093740615813987
45,0.04129858574366019,0.03247867040025729,-0.3797255722205187
46,0.04102345646689881,0.031079557094733867,-0.3785126708835581
47,0.04083248663384033,0.03315989848687352,-0.3772981698152409
48,0.04093723453446858,0.03462125876578591,-0.37608273670679315
49,0.04104539451076615,0.0314226703172273,-0.374867941225805
50,0.041024893617630495,0.02915362693320525,-0.37365563884959396
51,0.04100755904019851,0.029791523425179864,-0.37243415925106416
52,0.04097487827940842,0.03142246624139711,-0.37119856508964744
53,0.040961734589995386,0.0342995523510132,-0.3699736865297225
54,0.04083232147254065,0.034358660096434845,-0.3687704375664388
55,0.04054343155849047,0.02989805617884707,-0.3675778180267889
56,0.040386507416255824,0.027511779868097427,-0.366388404428989
57,0.04036754163399983,0.03072561365029615,-0.36519873908016875
58,0.04035155878849277,0.03459156545140911,-0.3640086661520132
59,0.0402639799302968,0.03409743091602678,-0.3628199242298623
60,0.040159460163774974,0.03126861086068598,-0.3616345116934897
61,0.04013395328790399,0.03134212424119298,-0.3604402572687775
62,0.04011238681428421,0.032786756543583234,-0.3592309983114603
63,0.04010949969958355,0.03245335712335186,-0.3580300032592624
64,0.039990566290745724,0.031241972146610994,-0.3568469112232435
65,0.03963219020198423,0.028495010057524542,-0.3556702935056967
66,0.039285296033898895,0.025493692574584947,-0.3544933916118159
67,0.03911617922415207,0.024611386036084634,-0.35331433400381107
68,0.03915163881153552,0.024744929602413195,-0.35213494741756657
69,0.039353763388294674,0.02624454825067194,-0.3509586780414202
70,0.03951241654540252,0.027865511289998215,-0.3497883970215049
71,0.039437788412788485,0.02747342661286662,-0.3486248474582243
72,0.03759513170521367,0.026282136397117392,-0.3474662073696855
73,0.03348451289976388,0.02552492951213725,-0.3463088065362985
74,0.030258675105711827,0.025111685244736726,-0.3451486111351655
75,0.029366892791735794,0.02467519421389061,-0.3439828340658617
76,0.029327451749632416,0.024400155835372903,-0.3428110263048111
77,0.029195548806006652,0.02270088150710109,-0.34163524288230884
78,0.02884820993704596,0.013476307919576054,-0.3404592539945783
79,0.028332340183769858,0.00394952052100149,-0.3392871382312438
80,0.02782709721413342,0.007211294756254586,-0.3381218140463025
81,0.027785162858226548,0.0130499577299326,-0.3369640627322651
82,0.028241327287014187,0.01222748472530035,-0.335812384376741
83,0.028732416018070805,0.009439874144459508,-0.3346636988190125
84,0.029045723529793274,0.007656342929788722,-0.33351458673505563
85,0.029151156396837963,0.009215319950079702,-0.3323625803664917
86,0.02896393335056234,0.014169775270090237,-0.33120702189866713
87,0.02850394696742578,0.016591055217983694,-0.3300491961900385
88,0.027999486008750157,0.015248636411590619,-0.32889173221781576
89,0.02760776818894177,0.013887521931447433,-0.3277375407876709
90,0.027375560647440025,0.01127753253428606,-0.3265887130114856
91,0.027491153331727608,0.00786942164376046,-0.32544579256950523
92,0.02790385872954848,0.007303078350864314,-0.3243076695948657
93,0.028359911920682962,0.008192699404464897,-0.3231720962632365
94,0.028626845443510532,0.006188297265432276,-0.3220365919807501
95,0.028555763053112235,0.0028641795964814056,-0.3208993756908941
96,0.02834161020222077,0.0033052361144373706,-0.3197599764577015
97,0.028142355246510473,0.006135143599155876,-0.3186193168547259
98,0.02774803207872753,0.006004843155523522,-0.3174792742831407
99,0.027138864055296488,0.003788933820673645,-0.316341919652264
100,0.026776018080322428,0.0040265933336925235,-0.3152087392335037
101,0.026834501237180175,0.0071802888411476445,-0.3140801299181216
102,0.027098241114132754,0.009367889692389414,-0.31295533508913376
103,0.02742561969923045,0.00857243643108881,-0.3118328118311374
104,0.027614354140506253,0.006877366847061354,-0.31071086017251204
105,0.025956732716544056,0.004383073443252016,-0.3095882604651121
106,0.023493145303642146,0.0005583904825574616,-0.30846468195656196
107,0.022576343012317673,-0.0002531353231496024,-0.30734072964518
108,0.020722526812861256,0.00034102135019356897,-0.3062176420646352
109,0.01805336541826181,-0.006145296702974718,-0.30509678162641585
110,0.016885808660955418,-0.0183979884351321,-0.30397912425715923
111,0.01668123166233841,-0.02224980557788083,-0.30286493738112363
112,0.01662342199726042,-0.0128888634622049,-0.3017537483555671
113,0.01660852171245697,-0.005798898783421644,-0.30064458803327065
114,0.016752209088976705,-0.007442735161998171,-0.2995363930636027
115,0.016851017710332032,-0.010480479733574487,-0.29841528580824106
116,0.01689998578800072,-0.009569657086427697,-0.2972755935155531
117,0.017053569690567254,-0.005620238643083548,-0.2961430558657122
118,0.017183515832056802,-0.004215877873356817,-0.2950307030490532
119,0.017025269888139898,-0.003668165002895591,-0.2939300097911963
120,0.016676696888798657,-0.00227177102450642,-0.2928354659725746
121,0.016456683193800788,-0.004343175502908969,-0.291744313446504
122,0.01637844978285713,-0.008836409967677282,-0.29065571607841767
123,0.016329395616580998,-0.010689846524101813,-0.28956969755963313
124,0.016426082071808477,-0.008845363232519284,-0.2884862003355312
125,0.016562179910465276,-0.00830648189626472,-0.2874045372892112
126,0.0166231307869091,-0.011543465654580386,-0.2852608942343253
127,0.016697160883535726,-0.014050485161652278,-0.27976198163920096
128,0.016648081463402555,-0.013578022968584803,-0.2700682462011881
129,0.01473016927446548,-0.010600845684037807,-0.25723468901012647
130,0.010264596284517931,-0.007938834525937358,-0.24287024088213938
131,0.006728520366510664,-0.009965281467208029,-0.22916112121919296
132,0.006043353963064203,-0.01450737948792108,-0.2173469912494973
133,0.006569127811460032,-0.017694505979607207,-0.20629040794354248
134,0.006615604663255593,-0.017825653241002548,-0.19384899076035134
135,0.005994990994775412,-0.014645472779070086,-0.17903042018217924
136,0.005616249652688821,-0.013201736887647378,-0.16268561054736547
137,0.005544634934731006,-0.014402921297624362,-0.14587580471593425
138,0.00561736068358876,-0.01461947446148476,-0.1285346670324085
139,0.005988937479470234,-0.0204641455354365,-0.11036797861199038
140,0.006302160892800016,-0.03452456893912189,-0.0912935342914788
141,0.006392077461284368,-0.04033669080185359,-0.07192070177608789
142,0.0065110020113710865,-0.029714373918742792,-0.05328706961798349
143,0.006484134391460318,-0.0171660086672272,-0.03546639570085329
144,0.006091892864435325,-0.01581961674277449,-0.01871304069235063
145,0.005566162583901823,-0.022966516789064167,-0.003665391828073808
146,0.005191877868578117,-0.0267447886508677,0.01050857933930488
147,0.005124905971457124,-0.02211593295450517,0.02547861678846252
148,0.005364851829819214,-0.015460501918546754,0.04158409795904166
149,0.005955849136988545,-0.013443600204305604,0.05759552527195654
150,0.0066276966785246,-0.01652842953593584,0.07200832424131946
151,0.0069669551619255775,-0.018703320007842455,0.08357293833725385
152,0.006948295368280247,-0.018865557892477403,0.09163496572672114
153,0.006502402059346659,-0.02261047610754581,0.09720945916353613
154,0.005847117340784045,-0.0285578235305598,0.10251639781427091
155,0.005533573815579668,-0.032254744333627836,0.1088916839726829
156,0.00536497557345778,-0.03319875483983395,0.11636232416229708
157,0.005175812182584326,-0.030610601450630562,0.1241065867347732
158,0.0054166938121359524,-0.026299831903349724,0.1305951702102257
159,0.005777005242785321,-0.025085297862570917,0.13497203609368513
160,0.005926206568667748,-0.026264066082007792,0.137469243703789
161,0.006026740917272094,-0.02565840839481722,0.13764933395638168
162,0.005852710492163175,-0.022908961603633614,0.13491392179788664
163,0.005436277218416805,-0.021783208644850338,0.13048985205058644
164,0.005222627652430293,-0.02390002727693287,0.12576875333403165
165,0.005156473692218003,-0.026662516223352584,0.12066999790720423
166,0.004857123114024522,-0.029482727489046165,0.11537766326894067
167,0.004535783993696195,-0.031229546243090073,0.11069293078267262
168,0.004706221996792145,-0.03206757674596797,0.10638818412421705
169,0.0053498136863350775,-0.039282701399062134,0.10135399622704808
170,0.0057748246677519904,-0.04507080685350369,0.09548519068403433
171,0.005596683989311797,-0.03660200816449499,0.08971933008065994
172,0.005416355634763953,-0.028097176706523286,0.0846713974432837
173,0.005602334089344801,-0.03178014019718467,0.08030649680766128
174,0.004083566305520824,-0.039315035188744324,0.07636435642098
175,0.0015258951300074555,-0.04162853334093654,0.07251671817022498
176,0.0020376877172763232,-0.03756322092620695,0.0681820823444299
177,0.00424765544041513,-0.0337996075709944,0.06301119877480368
178,0.005277711462204948,-0.03448370042676209,0.056974785518843635
179,0.005409970241008809,-0.03607359673563533,0.050355275224449596
180,0.005280765345290966,-0.03487298743229397,0.043808626223643635
181,0.005149578232934302,-0.033131680524219526,0.03723652744937325
182,0.004963399170730281,-0.035921841689378814,0.03008977308122532
183,0.0050644449673997415,-0.03984545173413931,0.022613578118049982
184,0.005550715995198224,-0.04125066360004796,0.015352398636679393
185,0.0058588511593747165,-0.041932285978978856,0.008326843783594967
186,0.005720886766246646,-0.04186918405601496,0.0013497951990369267
187,0.005201562381300696,-0.04236516000114897,-0.005427747057207999
188,0.00447661950297033,-0.04121719913112597,-0.012394501922152273
189,0.004173372509703892,-0.036327441258312096,-0.020000019386874374
190,0.004558590235889713,-0.032730420249906744,-0.02729373137617669
191,0.004923807756394023,-0.0330438770357894,-0.03337875038861987
192,0.004822221561090712,-0.03695922631221091,-0.03870342772266399
193,0.004804534600999357,-0.04347621362401395,-0.043753418719738695
194,0.0050187491516572105,-0.04691040746760489,-0.04855521858366824
195,0.00490109259984171,-0.04600783699699296,-0.0534025512864242
196,0.004666401404526765,-0.04643352389285259,-0.05835088355496501
197,0.004746019803408667,-0.046624569632323004,-0.06321506820319717
198,0.004853958091430616,-0.04638849490161259,-0.0683286230594756
199,0.004644268102879186,-0.05437559911243259,-0.0740438920153128
200,0.004372484890587767,-0.06166264907386629,-0.08009620097626458
201,0.004389207082410647,-0.05561683176878632,-0.08637054876755618
202,0.004592508818514999,-0.047269117702547464,-0.09281649153006491
203,0.004796107990017295,-0.04450587834949443,-0.09824992390766388
204,0.004884416356675209,-0.046257991685667146,-0.10169381514994755
205,0.00482645089497491,-0.049605897857449496,-0.10350926738409816
206,0.0046517477628019634,-0.050320659875365645,-0.10398955589194736
207,0.004425654526160255,-0.04916024234986065,-0.10311682108058162
208,0.004224762198898068,-0.047478911903115956,-0.10075137250517024
209,0.004111337647071271,-0.04788946856012885,-0.09648910746095107
210,0.004112733244468682,-0.048739750638538165,-0.09015772849921466
211,0.004378318544230051,-0.04702418139946585,-0.08225669341863379
212,0.004603714001703892,-0.04609393770268669,-0.07436246560635118
213,0.004571566329082786,-0.0492192022952716,-0.0673174268535494
214,0.004543758321539488,-0.053521949999259674,-0.06008793666235658
215,0.004345017700112967,-0.053501539436798126,-0.05213850056748355
216,0.004008975740093783,-0.05201868694856025,-0.044129172439472036
217,0.00394289554484735,-0.05201560586757119,-0.03642845673498246
218,0.004031128965652763,-0.050046697792435785,-0.029651474289408203
219,0.00383321031411214,-0.04740296397830698,-0.024507648963500578
220,0.0036885585531509866,-0.04872188279903342,-0.019547201424479327
221,0.003856848566311533,-0.054162105422226575,-0.01263829309519457
222,0.004037451457952356,-0.05770785533513881,-0.002704955379470936
223,0.004329798772907328,-0.05615358503596199,0.011446907753486252
224,0.004480883150522629,-0.05381242483476881,0.029426192461911638
225,0.0043318181943383886,-0.0533284118079389,0.047475627587812264
226,0.004356150667736827,-0.05345987407084671,0.061345814686331324
227,0.004325180105487558,-0.05484049402725999,0.06894144763518881
228,0.004051764826607568,-0.06322929572515706,0.06996724309744598
229,0.004018888912421446,-0.07813399714279956,0.06535955812124636
230,0.0058305351753307495,-0.08347117621153094,0.05641494476427833
231,0.009879576545160987,-0.07368860222319643,0.04358085331059619
232,0.011133209647711508,-0.06307318586855468,0.02632550364303779
233,0.009107366589119332,-0.060833428415637825,0.004707164385135992
234,0.008099374598918248,-0.06555215643904447,-0.019258858194283038
235,0.006633395550037481,-0.06883913650724699,-0.04306602730569281
236,0.006509753789666499,-0.06678170379672635,-0.06493195705733021
237,0.010374119269159779,-0.06313011181217126,-0.08339863335219994
238,0.012056159406891424,-0.05821381240339302,-0.09803650529222357
239,0.010008539845765479,-0.05392024873951509,-0.10926673524694946
240,0.009927676943985385,-0.05318125393651796,-0.11653144266614851
241,0.01004794356085046,-0.05678896515932827,-0.11920038800934668
242,0.00863651583225462,-0.06234668369173613,-0.11808656639466175
243,0.008352493906757873,-0.06467442405568147,-0.11406317779310879
244,0.008940102579074502,-0.06439520845721664,-0.1079414607275056
245,0.011169119315510463,-0.06574615255076383,-0.10125294604388493
246,0.01364131817650062,-0.06745984524747733,-0.09460484702856792
247,0.014023683769157903,-0.06507958111017825,-0.08693099900095352
248,0.013298720367302057,-0.060697561335045946,-0.07725679330882934
249,0.012535369406437017,-0.060308614096871244,-0.06584308303648401
250,0.012254882133808452,-0.0630822139102403,-0.05326436129663484
251,0.012516658880497751,-0.06378620498321821,-0.039693325680944164
252,0.013020372265982363,-0.0648648128672768,-0.02561359668829505
253,0.013502731789926739,-0.0817421716093362,-0.011841737855973387
254,0.013864345201076045,-0.20859499575510085,0.0009397177501898474
255,0.013938779102389061,-0.5811898274431115,0.01212620470102125
0,0.01363559790807424,-1.1691292892966278,0.02180804055797663
1,0.013148278013607295,-1.7045079079641297,0.03071372550731101
2,0.011107020999415872,-1.9484049744997396,0.03893430536101373
3,0.006862884972708372,-1.9784571075576007,0.04628936006914825
4,0.0036280776771473247,-1.9969378586258362,0.05316948624342201
5,0.004592874937025013,-2.0684989572565176,0.059879418620489094
6,0.007303291904981184,-2.155279243470101,0.06660686784920195
7,0.008263603028130052,-2.2030451439497387,0.07382265324050064
8,0.00796429442161813,-2.1856175527154313,0.08202556742146341
9,0.007496505881803944,-2.110849185821785,0.09151842145605565
10,0.008996802778702847,-2.0097498857428726,0.10199502136642136
11,0.011567612079509727,-1.9210919956407744,0.1126980857926625
12,0.010975471987969512,-1.8765067691959385,0.123180420738119
13,0.008704666082714231,-1.8895049010147345,0.1343168385441143
14,0.007805960603422701,-1.9514860147349316,0.14766892135734855
15,0.006081729754305751,-2.035948194717589,0.1629874808186466
16,0.003826208118803895,-2.109161756526648,0.17827466213350096
17,0.003190000411992907,-2.14311090205449,0.19176853401458138
18,0.0030974595117558325,-2.1257411933946333,0.20275846726328206
19,0.002530388991132542,-2.0647589955089396,0.21129735008113126
20,0.0015669813933977018,-1.9838344754661117,0.21782735073322324
21,0.0009345259842788028,-1.9129839113073919,0.22348989160094157
22,0.0011637875393600665,-1.877021218538899,0.22964092136061764
23,0.002099969155593944,-1.8865131283237222,0.2368924864192019
24,0.0029002984444008173,-1.9345178794252362,0.24584117449299625
25,0.0030408952982329124,-1.9999688947008423,0.25705864924876687
26,0.0028490432676850294,-2.0564432349947284,0.2700045666430022
27,0.002569144006316762,-2.0823753089424626,0.28395818529369077
28,0.0021399798146854165,-2.068429572115977,0.2985469656351739
29,0.0017663404768301309,-2.020679844156012,0.31310816700860555
30,0.001532901644881162,-1.9577828020728862,0.3271348553196223
31,0.0012152541164309073,-1.9028230236270698,0.34014531315587415
32,0.0012241587235923904,-1.8745646665450213,0.35134900988957585
33,0.0017485341194667017,-1.8809048333501384,0.36011477599408614
34,0.0021719214317762157,-1.9164089221476113,0.3664608691424488
35,0.0025222858792759185,-1.9650702402772326,0.3710286094261934
36,0.0028431611887436634,-2.006908629060785,0.37404793742156794
37,0.0027893278122656084,-2.025671030488817,0.3753069397704124
38,0.0009236091346380825,-2.014673609330605,0.375002331223518
39,-0.0017444420243856902,-1.9787111356953044,0.37336233944077035
40,-0.0011826454963903867,-1.931560129099636,0.37050524192870715
41,0.001011623029235186,-1.890282349868328,0.3669213628585086
42,0.0015652061029181224,-1.8686606962198322,0.3629559576984984
43,-0.0002077271742930778,-1.8722795789982785,0.35874480980427714
44,-0.0022628531330558255,-1.8969857039297775,0.35530593107327435
45,-0.0009202447578029859,-1.9310849017647351,0.3537656654294953
46,0.0018114844421878232,-1.9602052335692397,0.35391451288272024
47,0.0029296236539669823,-1.9728269219366226,0.35499029156654105
48,0.002639881906594691,-1.9643642627694682,0.3564508413992893
49,0.0016580150229614501,-1.9383731387266083,0.35795490393299023
50,0.0009159483397507867,-1.9046360230731256,0.3602322443862209
51,0.0009296919455210858,-1.8750659767036097,0.364619053760612
52,0.0013912656924265354,-1.8591219550555005,0.37064169439601324
53,0.0016405184070411964,-1.860487033502066,0.37685823701833354
54,0.0018428456026169087,-1.8761561350543587,0.38311698413639006
55,0.002311036094090425,-1.8980877476181792,0.3892846122549676
56,0.002623296856191781,-1.9165989933393597,0.3947895229842022
57,0.002362972949508005,-1.9240930944413703,0.40026400819136376
58,0.0018173693223463743,-1.9176968298138117,0.40647730410572125
59,-0.00019464661690627837,-1.8999121345501013,0.41308810872369883
60,-0.0028994210398066884,-1.8772080777114084,0.4204297465841098
61,-0.0022103323743162366,-1.857261059914479,0.42992287087833314
62,-0.001084727454848092,-1.845998527534224,0.44173863464054564
63,-0.002191429418565473,-1.845572637365275,0.45476691004485237
64,-0.0031814248983614637,-1.8539368578288515,0.4682145365581758
65,-0.005153462824224957,-1.8660304226275777,0.4808985114010407
66,-0.0074395582769052615,-1.8759671284740937,0.4915821304468959
67,-0.008167495858408334,-1.8793035943157905,0.5003928444902281
68,-0.006463571507587865,-1.874524446886693,0.5083968123987166
69,-0.004001235860638806,-1.8632678127434543,0.5167284820324833
70,-0.0032115689905581717,-1.849344190196124,0.5260438946412032
71,-0.0018087476215627347,-1.8370565266595342,0.5361533936104603
72,0.00006107149797738784,-1.8295404539336628,0.54605527819014
73,0.000698802607032159,-1.8277539648772478,0.5542665813349579
74,0.0011093407340598237,-1.8304217527142246,0.5596147892743761
75,0.0017024221745022446,-1.8348330227055314,0.5617450599230991
76,0.002169640060054677,-1.8380719637926317,0.5608619568621476
77,0.00251048461761867,-1.8380619359351895,0.5578309901467684
78,0.0025986618351401015,-1.8343725802463426,0.5531467941598063
79,0.0022676936582778275,-1.8281630534813145,0.5461854158434425
80,0.001749939565925093,-1.821103950049812,0.5371078406342689
81,0.0013195962143071425,-1.8147416824502587,0.5271841479725117
82,0.0009797530771248081,-1.810109938072297,0.5173299975925594
83,0.0006915295460876471,-1.807322760483098,0.5080383594745919
84,0.0007106474421373181,-1.8057249635097223,0.4998972280537364
85,0.0012214048651486027,-1.8043864775231917,0.4937118933321911
86,0.0019705274825636346,-1.802615759926006,0.489576305945703
87,0.00239165213721368,-1.8002365018130444,0.4869922063908192
88,0.0021084252339311,-1.7975326250628498,0.4858067943646578
89,0.0013043579205433654,-1.794941404028286,0.48492475925871203
90,0.0005809576786999812,-1.7926918001523786,0.48289625856464014
91,0.00026507120597737033,-1.790597797539287,0.4796591247512758
92,0.00025047827189155457,-1.7881243164393226,0.47503607460362196
93,0.00040167270512711333,-1.7846942925610492,0.468249131896892
94,0.000627129380252365,-1.7800738178530828,0.4594435362774272
95,0.0010125864359525282,-1.7746226184727085,0.4491954278283048
96,0.0013937660178158632,-1.769254683863453,0.43783515360685077
97,0.001480228509409643,-1.765092480136829,0.42663400478260627
98,0.0015112292592804194,-1.762952874538521,0.41707210145296303
99,0.00153631028193089,-1.762899715360211,0.40840912654042083
100,0.0012500479682940237,-1.7640881513426514,0.3988817156536064
101,0.0008757236079791689,-1.7650084568691877,0.38811532022237016
102,0.0007692680896496914,-1.7640610671084866,0.3764285274291752
103,0.000869016635677713,-1.7602371959590313,0.3641132107509911
104,0.0011931632060481296,-1.7536130792581268,0.3516733616852047
105,0.0013876802064657148,-1.7454252585399757,0.33904100992551034
106,0.0010916260653375796,-1.7376599497604657,0.32570370502108714
107,0.0007077442093119395,-1.732294536821572,0.3126263367274157
108,0.0022495361715796367,-1.7304867623356257,0.30136878812815915
109,0.00468344260253475,-1.7320473213892482,0.29202804559727735
110,0.003659873630688419,-1.7354317900627834,0.28425691041654233
111,0.0009129911001981988,-1.7382841629690784,0.27773887417922716
112,0.0017003518854701773,-1.7383378681817785,0.2710961447186322
113,0.00638178214732062,-1.7343244398118927,0.2631587626247568
114,0.008744445036260687,-1.726522132264149,0.25482196774195
115,0.007265093332884604,-1.7167087381496287,0.2459285092696596
116,0.007608396951933336,-1.7075154045701568,0.23475434767665415
117,0.009676374562336505,-1.701419448503374,0.22274057113401857
118,0.010626680695393308,-1.6997663207927367,0.21242771718414755
119,0.010615404735351337,-1.7022101476490343,0.2037628147662217
120,0.010411639874964941,-1.7068054149339904,0.1958368416844265
121,0.010496543556290115,-1.7107290274928761,0.18749898974432894
122,0.010805948977553471,-1.711361719345076,0.17734773035365775
123,0.010918869316370969,-1.7073105646779476,0.16537132045754427
124,0.010645732015456624,-1.6989703913631526,0.15242719977311975
125,0.01035020345614418,-1.6883971730595673,0.13914412246397106
126,0.010292340845309483,-1.6785335556984,0.12714803548290682
127,0.010311858532645282,-1.6720810261038594,0.11819735737324572
128,0.010221706157722936,-1.6704544344574703,0.11157631537023865
129,0.01005451518275987,-1.673226157467984,0.10580882954047816
130,0.01000669811308589,-1.6781967406139797,0.10057931803056222
131,0.010198077743423913,-1.6824108158039168,0.09476050582584036
132,0.010424765618129411,-1.6833389730217236,0.08716439277224905
133,0.01036923963601459,-1.6794837369477271,0.07845172383068055
134,0.01009826787955426,-1.671125219054593,0.06957827457613225
135,0.009832079674984055,-1.6604246615761005,0.06089273936549111
136,0.009709212724753245,-1.6504395314737108,0.0533171055460972
137,0.009788205963150054,-1.6439128307678343,0.04784079584304998
138,0.00992153220309848,-1.6422393653052527,0.04397573465008359
139,0.00994029460559128,-1.644955264841327,0.04138993705249591
140,0.009934738827929453,-1.649931766560771,0.040312201625268364
141,0.010104574651393076,-1.6541989520756593,0.03896958584347553
142,0.010229690189421888,-1.6550838915448098,0.034073016565506514
143,0.010053927968139746,-1.6512260539744226,0.023502490173115648
144,0.009839700794055425,-1.6430821495257861,0.007375069975110768
145,0.009714402991552129,-1.6327321453554404,-0.012217271769922378
146,0.009478610135228063,-1.6230684058102902,-0.03205727186569704
147,0.009302092705863893,-1.616685344717399,-0.050138377818070595
148,0.009331596143136316,-1.614897511061102,-0.06704506036843544
149,0.009430167860755245,-1.6172589854567851,-0.08319629257326722
150,0.009554799703897752,-1.621759905636246,-0.09771015865357391
151,0.009589693508087999,-1.625614605103923,-0.11100841761605734
152,0.009533887733322047,-1.626331421737322,-0.12405013077083232
153,0.009554458092268518,-1.622652059487482,-0.13630811659758868
154,0.009647882536856674,-1.6150054463283157,-0.14651361389320788
155,0.009636669597506031,-1.605312609526231,-0.15342321115214597
156,0.009481804403448653,-1.596229398974641,-0.15645354571719677
157,0.010896567725075634,-1.5901261311870387,-0.15700093531888393
158,0.013054913077712546,-1.588197119815825,-0.15783810180382452
159,0.01380237412873813,-1.5900352495997527,-0.15998608858820157
160,0.015617807935271219,-1.5938225850639105,-0.1624291060992531
161,0.01647686839151058,-1.5970505306932496,-0.16544528289359894
162,0.01487299886784823,-1.5974840066077052,-0.1700340518603738
163,0.01577531080862713,-1.5939983840686693,-0.17511439435904624
164,0.01844990790347798,-1.586975412415383,-0.1781687982340221
165,0.019523063012381443,-1.5781196046511856,-0.17722199734189575
166,0.019251601554455836,-1.5697798525001718,-0.1725145371871582
167,0.018678120648184332,-1.5640462459272775,-0.16658408280846398
168,0.018264457809090612,-1.5619698167545826,-0.16270038832473727
169,0.01804365288103081,-1.5631966350444424,-0.16192332566726608
170,0.018068716279979025,-1.566142514398245,-0.16205618813345857
171,0.01836792484992574,-1.5686263641091323,-0.16132971856720502
172,0.018777881527817473,-1.5687092288849218,-0.1594497665062738
173,0.01890971466021947,-1.5654160219926814,-0.15552742824735205
174,0.01868920072383238,-1.5590713487130188,-0.14926342714420038
175,0.01836856239714693,-1.551135128617498,-0.141815278673651
176,0.01798118127697619,-1.5436163159875225,-0.13384596395577075
177,0.017634516404189747,-1.5382997032401273,-0.1251127587602342
178,0.017575823187492193,-1.5360010039345866,-0.1153281737449548
179,0.017734371275501593,-1.5364701523346458,-0.10376403445914206
180,0.01782671195041672,-1.5385759212420247,-0.08919656257062597
181,0.01785094635102881,-1.5404000389786896,-0.07105397008707659
182,0.01798287248290558,-1.54014575441468,-0.0497390939318324
183,0.018188149626570622,-1.5370169900346857,-0.025493218812319696
184,0.01815894758519576,-1.5313315929081965,0.0010821785886704072
185,0.01786908233440268,-1.5243219588843373,0.02842567574988103
186,0.01758736299648228,-1.5176504479435988,0.055929814952454165
187,0.017327201552501545,-1.5127847101069833,0.08402540520259383
188,0.017227085162144697,-1.5104611868484197,0.1127146319378694
189,0.017425945091359543,-1.510438985805707,0.14251220068475245
190,0.01768120015114543,-1.5116294121276912,0.1748163258553776
191,0.01772834802079372,-1.5125384201123655,0.2100635788590186
192,0.01763064522747982,-1.5118425002586737,0.2479418089003539
193,0.017625203433304815,-1.5088758530764523,0.2885299954612096
194,0.017563173555284653,-1.50384993632718,0.33130633837710044
195,0.017259680417027648,-1.49773500394799,0.37447820437431967
196,0.017020646912786423,-1.4918632776046157,0.416766725249486
197,0.01697398378368862,-1.487415092327145,0.458063973666778
198,0.01696190805898174,-1.4849858057461112,0.49760836765043237
199,0.016962781838696886,-1.4843917451758784,0.5348115898196559
200,0.016903168110771513,-1.484776383881055,0.570216814055011
201,0.01681494254497562,-1.4849625064742669,0.6031665304900025
202,0.016789441568274895,-1.4839066182677665,0.6322864985841936
203,0.01676466981213516,-1.4810806663564242,0.6585973266583374
204,0.01669012111062696,-1.4766421183083605,0.6840402167634159
205,0.016651146525779932,-1.4713397175331697,0.7087966941060704
206,0.016720677179639154,-1.4662038495623704,0.7327911226980437
207,0.01677136303297149,-1.4621484602033,0.7559834762901452
208,0.016743011077049827,-1.4596378053248453,0.7774284291925886
209,0.01663779635913843,-1.4585388254829805,0.7966259347988163
210,0.01654057667720897,-1.4582039691945288,0.8137400852933259
211,0.016548897769099867,-1.4577407047563935,0.8282719392909579
212,0.0164976868856326,-1.456356692907367,0.839270442115486
213,0.01635429390489465,-1.4536476769142168,0.8465321586651666
214,0.016304226645950583,-1.449724228584333,0.8501813952530015
215,0.016291613140421615,-1.4451397314590926,0.8498474145094401
216,0.016192808653868712,-1.4406583790740952,0.8454372185846117
217,0.016153302607197897,-1.4369592835509368,0.8369759655534068
218,0.016119358192931102,-1.4343906977328338,0.8244390543514446
219,0.015952684804593893,-1.4328625483424746,0.8089022451293211
220,0.015832269054267344,-1.4319083390337592,0.7915918138697438
221,0.01592680853801455,-1.4308823845881489,0.7723896646984747
222,0.01616473242631679,-1.4292101715441792,0.7510704502117744
223,0.01629404232344097,-1.4265953411726255,0.728821866646751
224,0.016136138192298304,-1.4231094763759455,0.7068253601920091
225,0.0157710442250426,-1.4191395693535354,0.6848708627973163
226,0.015552807189424082,-1.4152227459720295,0.6624827689441974
227,0.015563854227993501,-1.4118376366742305,0.6395860781083316
228,0.015599878022922405,-1.4092328593207104,0.615689328175324
229,0.01569984276731992,-1.407353331795922,0.5905047395383165
230,0.015826829440592605,-1.405884206818269,0.5654252534117485
231,0.015858527768903903,-1.404387012579992,0.5415385759079867
232,0.01582073155212694,-1.4024703345774387,0.5183674233880533
233,0.01567015146761829,-1.399929159258285,0.49609298320775674
234,0.015388622567460694,-1.3968040049332169,0.4751602737146392
235,0.015151576705120323,-1.3933448003493236,0.4548567840656925
236,0.015133400636789834,-1.3899010864200427,0.4349063107089699
237,0.01686163842687577,-1.3867855642057685,0.4157924704741309
238,0.019267982274055226,-1.3841637102225604,0.3972195047476965
239,0.01840117573977957,-1.3820077098596806,0.37882112341070284
240,0.015921371316148618,-1.3801255443729508,0.360900168945557
241,0.01662281188132999,-1.3782471723794378,0.343351179802614
242,0.019185412756763755,-1.3761303594743222,0.32595658291118923
243,0.01871924847151866,-1.3736452088848359,0.3093934804058095
244,0.01633603664161557,-1.3708085932881464,0.2938307825559868
245,0.016788683485695843,-1.3677613400254165,0.27839966264704363
246,0.02058981401629864,-1.3647030391521522,0.26306966838572754
247,0.023728881916279497,-1.3618133725172492,0.24821562055012203
248,0.024118052989117685,-1.359190467500281,0.23322035490923365
249,0.023594114079696055,-1.3568267420591016,0.218401212726697
250,0.023548904130641937,-1.354626182178294,0.2057845700989665
251,0.02393600954378476,-1.352451051383119,0.1965647104415455
252,0.022871126961544988,-1.350176695055175,0.19143243739900712
253,0.020970989637216955,-1.3477331156619763,0.19192146526639314
254,0.021867380720261106,-1.345120132771859,0.19820414045719947
255,0.024018655640372456,-1.3423949426238062,0.2082213369094733
0,0.02442269763842353,-1.3396415214525361,0.21999533915702651
1,0.023539278178931616,-1.336936587035995,0.23224849179011509
2,0.022492041812055795,-1.3343254513167486,0.2434551676637453
3,0.022117159554544553,-1.331814655753886,0.25260085086108397
4,0.0226223920734811,-1.3293802337257152,0.25989720428612184
5,0.023580244914244416,-1.3269844123212855,0.2651860339611464
6,0.024420427492366406,-1.3245917818857698,0.2677553911498515
7,0.02492917086787455,-1.322178479524362,0.26820493630461395
8,0.02487182679416136,-1.3197328720723998,0.26708018082157003
9,0.024148161638680152,-1.3172508573549995,0.2629323951510669
10,0.023250553169046707,-1.3147309992375202,0.25471257144167225
11,0.02263418986630969,-1.312173543610219,0.24269300277952188
12,0.022245712188997048,-1.3095839209704363,0.2262076912834361
13,0.022124124977531634,-1.306977715951278,0.20426071787878142
14,0.022512338748880534,-1.304382368632906,0.17663086236433223
15,0.023217144017817617,-1.3018320987786822,0.14147339144397525
16,0.02383466880198848,-1.2993561698838403,0.09479955141630986
17,0.02414752166341695,-1.2969647903810535,0.03795742689510695
18,0.023988727378242494,-1.2946394341938245,-0.01936276770838591
19,0.023360536239059752,-1.292333619143963,-0.06846035896490094
20,0.022581540497310655,-1.2899861941773954,-0.10687828943818672
21,0.022032385769165948,-1.2875435469903227,-0.13609271019734026
22,0.02178257191204403,-1.284982395218806,-0.15906075936385144
23,0.02175960025254587,-1.2823233182715472,-0.17825502722080655
24,0.02205838768830668,-1.2796279675155318,-0.19461837273182814
25,0.02256544407108004,-1.2769791339531036,-0.20754269563879102
26,0.023000294449643695,-1.2744501023956847,-0.21563194124084817
27,0.023228845128176613,-1.2320946714467675,-0.2177775485813359
28,0.02311077691887091,-1.0550834331068923,-0.21403142991326307
29,0.022707442243563393,-0.7218189425608403,-0.20590996506540848
30,0.022234716030692082,-0.34647408640880384,-0.1960325950015651
31,0.02171693077119364,-0.037435519729929645,-0.1872790443804333
32,0.02137520414154878,0.19777639124189306,-0.18183236766274813
33,0.02143786711907062,0.39536114422724755,-0.18049819630616504
34,0.0216240804895935,0.571238119796539,-0.18255724879656832
35,0.021779035693021365,0.7087209692820147,-0.18618223852845778
36,0.022058767921118536,0.785823695638769,-0.18922715142649904
37,0.022247261264284238,0.8119414492470227,-0.1900640004164163
38,0.022166702951898105,0.8068758273956709,-0.18814559864002794
39,0.022030748638692477,0.7761856896099444,-0.1841018886959257
40,0.023422347692316256,0.7262579530457762,-0.17937251935743448
41,0.027006914206832613,0.6754697453218329,-0.17555830626729885
42,0.029764122171481437,0.6443195057060004,-0.17376921165243864
43,0.030313251227406288,0.6423187946032358,-0.17422520300722488
44,0.030228793622786243,0.6694773076244176,-0.17624568302241927
45,0.030456904596983206,0.7122732638318703,-0.17858511323618098
46,0.031054257436356217,0.7475681959943383,-0.1794674786250024
47,0.03156669385951674,0.7666094016598741,-0.17793696772947032
48,0.0300479198943924,0.7716986734029789,-0.17500056549411092
49,0.027462834142970738,0.7557338606064063,-0.17179955514479245
50,0.027958394533883546,0.7187767240684011,-0.1686988711343479
51,0.029899223799094723,0.6784396378727906,-0.16599204824905178
52,0.030045039770271398,0.6509569985127395,-0.1641372150684115
53,0.029163754681044304,0.6446239522962487,-0.1628157772039286
54,0.02863516614157638,0.6634991660015301,-0.15957552441121842
55,0.02894418722179984,0.6990654229808926,-0.1510727014920928
56,0.029852743941955168,0.7318994274805228,-0.1358428499055401
57,0.030813048644458885,0.7496089863144357,-0.11379462691477948
58,0.03132135855685296,0.7480930491135496,-0.08309500101858094
59,0.03132478342624288,0.7295752402338513,-0.03991514915356781
60,0.03078442672182352,0.7021022385130267,0.01837524449921696
61,0.0297705982806179,0.6742799267229602,0.0909826205880912
62,0.028864946458478022,0.655556929655988,0.17511637790688578
63,0.028419653444005114,0.651839843741087,0.2674120117692609
64,0.02830877749166788,0.6647264211502941,0.36427986009463664
65,0.028528009035753685,0.6915782412292839,0.4642690361766304
66,0.029136410780349523,0.7196174120755252,0.5681189749073183
67,0.029903619489305477,0.7338595722310131,0.6761947702008841
68,0.030389927904995506,0.7306151246828201,0.7884561065249913
69,0.030366693780682782,0.7141624537598972,0.9047780453463057
70,0.029935968912645286,0.6904237044079737,1.023887439090212
71,0.029226764649838255,0.6672991449435965,1.1438591114470502
72,0.02842491927079424,0.6507030353292045,1.2641132072141366
73,0.027960291208660074,0.6478236930878851,1.3838742894916076
74,0.027965535123444782,0.6599778814997515,1.498358479331929
75,0.028217250507090202,0.675675092712287,1.6006047856974535
76,0.02857489992883651,0.6839264305466386,1.6850098788181205
77,0.028907244712775185,0.6890978759733082,1.7494215007661387
78,0.029169719628984375,0.6965718201266884,1.7955517548172963
79,0.0292399221670816,0.6954334577572396,1.8250286543909455
80,0.029003919408921136,0.6808631509065266,1.8386608541282712
81,0.028587760845984092,0.662307560748669,1.8389662715551331
82,0.028086412414205342,0.6513481861178803,1.830397517491856
83,0.02759750882539634,0.6519503206037351,1.8178748209940903
84,0.029161953397941684,0.6608902897843274,1.8055923073569549
85,0.03195089540214362,0.6726623781348087,1.7964623987259323
86,0.03129375526414538,0.6815443763073752,1.7915916322110714
87,0.03045408906036258,0.6860430172340606,1.7900239624535041
88,0.03374647428416487,0.6865145537894293,1.789657243888044
89,0.03547269118883245,0.6808171889059274,1.7886332154980629
90,0.033816602101011534,0.6688321863798108,1.785501226385029
91,0.03431270161884083,0.6574084309281947,1.7796552873469134
92,0.03651642486333534,0.6494836275269051,1.7718803400457537
93,0.03730897723513296,0.6464678256090017,1.7639446562466938
94,0.037255815502788184,0.6523793236984294,1.757764477007398
95,0.0370180415591147,0.6633986895072002,1.7546174564579768
96,0.03664428597741354,0.6727747336972856,1.7546654869876024
97,0.03664057210072391,0.677365698117375,1.7568368677793185
98,0.0369954684950546,0.6763709305887833,1.7592347119816383
99,0.037194079520869505,0.6709129334446586,1.7599891433740344
100,0.03712879053543193,0.663098969858563,1.7579798043417618
101,0.036874646158048155,0.655158754567756,1.7531212105687501
102,0.0367054980063348,0.6493170543548141,1.7461152918261824
103,0.036463957210002465,0.6475287924012256,1.7385264768698168
104,0.03590519184021791,0.6498885294501306,1.7325658824834047
105,0.03547241192886265,0.6326817022201356,1.7295178281468795
106,0.0354161253855631,0.4788288222682795,1.728088911531465
107,0.03571348767014572,0.21505000634993943,1.7266737987537057
108,0.03624159345677622,0.118866896881749,1.725768563009547
109,0.036575363084951615,0.20652912100683596,1.7249748453756304
110,0.03653463585861373,0.2369404552499632,1.7224926838127228
111,0.036150217016939226,0.14475529644017843,1.717594857518125
112,0.03551264776800071,0.009592355039275635,1.7111206532874892
113,0.03518239057965293,-0.1023910887317403,1.704697805694825
114,0.03540933427055536,-0.1665548910414737,1.699726599016845
115,0.03551972556868589,-0.19718284003661984,1.6971759585778194
116,0.03513669479413829,-0.22262142559682196,1.697201633993898
117,0.03488986121565689,-0.25222870741632447,1.6987059688224333
118,0.034986874025166106,-0.28901113582897775,1.7000381746751696
119,0.03504788849881603,-0.34240783806702246,1.6996783828965674
120,0.035170306566472756,-0.4083799526666254,1.696982519906837
121,0.03514896459332609,-0.46669527967441593,1.6927113177501747
122,0.0347082485115392,-0.502797902860495,1.6880194908593484
123,0.034431660535787,-0.5106634533189487,1.6838442556617421
124,0.03448633785357837,-0.48726879106694,1.6806313732099225
125,0.03432394585803289,-0.4455994345741463,1.6782320480269055
126,0.033982263270169275,-0.4073808424517815,1.6764332090443927
127,0.0339355362575821,-0.3814208677648412,1.6750890001820995
128,0.034240133047221205,-0.36650770848821423,1.6738510321224709
129,0.034328509669304674,-0.35852668508226027,1.6717494228664656
130,0.03392867570576964,-0.3475142489854186,1.6681701284581951
131,0.03370020217470582,-0.3219475168483804,1.6635428005707151
132,0.0339981933524941,-0.2836573700068369,1.658686906800333
133,0.034324284960088366,-0.2380857348016282,1.6547198504709666
134,0.03261704431758869,-0.17918742675061938,1.6523188706482586
135,0.02976643693391505,-0.13381175327607486,1.6513456965779563
136,0.02854138369905715,-0.22095325851418057,1.6501948618701112
137,0.02680178659666664,-0.38272709234173785,1.647578616460664
138,0.024331422447912372,-0.32926680498310246,1.6447468589414127
139,0.023308246693213908,-0.08228137475915898,1.6422548313495273
140,0.023250280322951157,0.08730774647530071,1.6391251497185193
141,0.023248058527789384,0.11602203113655496,1.634950567275986
142,0.022948876099843654,0.09837265736495127,1.6305334967389227
143,0.02260957944293958,0.11041412435929532,1.6271866934123675
144,0.022535424020607153,0.16794996663343542,1.625389645063616
145,0.022618242345890653,0.2466021616553873,1.6248305794064786
146,0.022832956474668487,0.3156230114108445,1.624863035004097
147,0.023107180619823912,0.3573913861626876,1.6247134096330598
148,0.023188320107820883,0.3661535618101197,1.6237627599731592
149,0.023126772893620764,0.34473363547189073,1.621718266180559
150,0.022953782503138204,0.30771843307224367,1.6184110866909016
151,0.022575341423150208,0.27342114154918734,1.613894188846615
152,0.022177092558126305,0.2508949369704544,1.6091087712921714
153,0.02199488383637268,0.2490202266857104,1.6050211164370562
154,0.02193742067951151,0.2752783226433909,1.6018377461455078
155,0.022039312430652484,0.3153645873594988,1.5996804906246407
156,0.022359035516727896,0.345743875712443,1.5983039651834305
157,0.022528937445230615,0.35832344440863984,1.5970574714897774
158,0.022334081672807794,0.3503387341704245,1.5954473926934822
159,0.022007024155696636,0.31794754957869586,1.593236127083812
160,0.021736368019293163,0.2707250722086939,1.590493676599488
161,0.021520539972420004,0.2259159261418071,1.5875444450500584
162,0.021355526350147154,0.19327918262874233,1.5847694366394176
163,0.021261541750558867,0.1790957465383774,1.5824280920507627
164,0.021248710567259667,0.18533885304619216,1.5805332451927026
165,0.021378286921938078,0.17536015210597158,1.5788223185963242
166,0.019911276597214173,0.14514898324887215,1.576701594645816
167,0.01583722388130368,0.14972102470377252,1.5738039409106577
168,0.012509105255300482,0.16825844947780189,1.5705038956328794
169,0.011740677572093974,0.15017994915876787,1.5668857633331603
170,0.013499533743381337,0.1056505712624124,1.5629380212690123
171,0.015789557306427674,0.06086312688304307,1.5593566934253253
172,0.014495401171580463,0.026311630756376825,1.5565752173554568
173,0.011482005387724804,0.005294206586176381,1.5542355868834425
174,0.01032816913945516,-0.000004972455594387526,1.5520044249522362
175,0.010724275386524637,-0.003045897296968303,1.5500716983044347
176,0.01149335826272311,-0.019325229686155354,1.548359467560628
177,0.011934793849587039,-0.048928267155144756,1.5464395908353077
178,0.012077097661680698,-0.09034475374838616,1.5438740492633949
179,0.012045156146032684,-0.14443179063427886,1.5405885431627788
180,0.011706547235287905,-0.20428631227826236,1.537278884598794
181,0.011027286005244712,-0.26098186149368285,1.534207505255356
182,0.01026259028727599,-0.3105379656525472,1.5312822496413379
183,0.009905666626852185,-0.3493230752559132,1.528941129601896
184,0.010161523808369429,-0.3746421753376523,1.5269801761491388
185,0.010623782843821851,-0.39129722666093913,1.5247877988440068
186,0.011016366337741917,-0.4061227565023071,1.5224614535160632
187,0.011331680967412813,-0.4227162763705288,1.520073488743158
188,0.011368698094578019,-0.44597791813054766,1.5172228531071927
189,0.011176923748057357,-0.4766876305117901,1.5138800457913022
190,0.010954727360692845,-0.5067068447437959,1.5104916624898181
191,0.010637675140260743,-0.5321242598671171,1.507140964466572
192,0.010267896999806451,-0.5617152772064513,1.5041276570890374
193,0.010047661128427986,-0.5982881151680557,1.5019785219209751
194,0.00843851047036108,-0.6340290298682532,1.5004926011503383
195,0.0046446665186959425,-0.697815526327838,1.4983178216735897
196,0.003398769596850707,-0.8502180784798274,1.4947329468897963
197,0.005346774757158243,-1.0570663389774952,1.490867273520112
198,0.004834597043904041,-1.204609927088434,1.4874233004021038
199,0.0021382646826360544,-1.2259226695562124,1.4843255632637886
200,0.00040853105473652104,-1.157569959255921,1.4816225905129836
201,-0.0001653175422171192,-1.1337454516497645,1.4793429773256932
202,-0.00022948563005022356,-1.209547375413262,1.4774460183687235
203,-0.0002542560781954367,-1.3040273396357596,1.476040679368988
204,0.0013937774151478147,-1.3480038621758128,1.475040922417429
205,0.0057389652237498,-1.3414268517830448,1.4739984016345882
206,0.009405368370740344,-1.3132208159120373,1.4723118454339619
207,0.010284919466264905,-1.2837316717828378,1.469757983077033
208,0.009956842053712344,-1.2625917881251527,1.4669769099179089
209,0.009736739085599903,-1.2538538123675664,1.464460319880739
210,0.008161257892025563,-1.2579453519528716,1.4621997527470763
211,0.005958804696449625,-1.2715881623391923,1.4601403689642427
212,0.007037422152006555,-1.2884826244793919,1.4582361046591403
213,0.009549318272588102,-1.3014610447637884,1.4561423620500231
214,0.01007045631342109,-1.3051607474305373,1.4533604095200716
215,0.009338602549328634,-1.297943967342555,1.4499023048921336
216,0.008690741424200833,-1.2822876536136056,1.4460582572569973
217,0.008608453154703828,-1.263596785042389,1.4422909228392458
218,0.0089944032797032,-1.2480107442690467,1.4388858845053418
219,0.009569500314628547,-1.2400962027135094,1.4357356186326022
220,0.010148209597565634,-1.2412876196480016,1.4328494950615998
221,0.010413419372309343,-1.249594082942774,1.4300526766284705
222,0.010209092063902199,-1.2605853147812272,1.4275110393871122
223,0.009738490012558214,-1.2691968926109247,1.4254884485155874
224,0.00907733716182607,-1.271627491753145,1.4234600910414006
225,0.008437541587902102,-1.266540973912893,1.4213209688515729
226,0.008178701616801731,-1.2555246846727206,1.418448732110725
227,0.008386776899379457,-1.242327604008858,1.413246222407392
228,0.008826908311035754,-1.2309586556323753,1.4067372471517445
229,0.009195512546491778,-1.2243576088637944,1.4017775437065327
230,0.0093678969445233,-1.2236338349815488,1.3992023090336274
231,0.009498303063916802,-1.2276947214305598,1.3979154627712398
232,0.009631147571275242,-1.2338087530591606,1.3970124095475374
233,0.00951701379379468,-1.2387567372522499,1.3965383767849406
234,0.009023362653084028,-1.2400500433546822,1.3962153325944975
235,0.00842179823227077,-1.2367539350591876,1.3953753268548361
236,0.008138538530925749,-1.2296603745092254,1.3941910054380555
237,0.0081196493027208,-1.2208200607329869,1.393196465944968
238,0.008233219263999062,-1.2126740861935574,1.39229557698506
239,0.008605233803108663,-1.2071441303641226,1.3911016642671004
240,0.009057403400944304,-1.2050145546667648,1.3894378252677013
241,0.009304902121843796,-1.2057945097931797,1.3870795523793218
242,0.009286733735581004,-1.2080504371215532,1.38384123837705
243,0.008963773129713672,-1.2100290654597163,1.3800717803503044
244,0.008475251592867838,-1.2103086054994785,1.3763143008914893
245,0.008063173922909417,-1.2082412145851689,1.373107625551405
246,0.007805650941869104,-1.204059387933313,1.3705953194067066
247,0.007812509947446674,-1.1986600673210037,1.3683789966223028
248,0.00803161773524821,-1.1931951961591398,1.3664018985485606
249,0.008204438400498136,-1.1886464756103075,1.3643813685890103
250,0.009884646867573205,-1.1855366646659387,1.3619753071747192
251,0.012373450315355333,-1.1838516972179378,1.3596556515002853
252,0.011673362383693292,-1.1831563054281777,1.357740892179086
253,0.010732150969668904,-1.1828189724150033,1.3560890046568463
254,0.011845758586918352,-1.1822417420510787,1.3545849549172653
255,0.010854044872720223,-1.1810156009899448,1.3531557478913179
0,0.01027968268223792,-1.1789728146009106,1.3508981005649874
1,0.013507819983226914,-1.1761564328255423,1.3473098299499204
2,0.015028904544381019,-1.1727528140496264,1.3438088518514784
3,0.013364835007879862,-1.169028870013078,1.341142751969063
4,0.013933072288423234,-1.165290966182079,1.3388302664400111
5,0.01472720271709689,-1.1618553001843166,1.3366301655514836
6,0.013436736563701528,-1.1590071851578863,1.3344967454621792
7,0.012663313002921686,-1.1569359501748644,1.3325163668678521
8,0.012592497341881025,-1.1556568151063527,1.3305050286958728
9,0.014198589297756768,-1.1549552932895075,1.328304657578229
10,0.016395085654383353,-1.1543967940673872,1.3263091702128453
11,0.01687612617486564,-1.1534258643717759,1.3243644678915367
12,0.01641462741560155,-1.1515410982690555,1.3220468788803998
13,0.016153714915216173,-1.1484901894840784,1.3193973898608915
14,0.016406059822881014,-1.1444061015900644,1.316434583075905
15,0.01682115699831216,-1.139814934229178,1.3135043421729793
16,0.017107863302332577,-1.1354896192748587,1.3106430976096886
17,0.0172378274669535,-1.1321858479065012,1.3074384846021352
18,0.017185566353373975,-1.1303518375788801,1.3042906886697225
19,0.01695185353737079,-1.1299262620070465,1.3016676116875248
20,0.016544566268768032,-1.1303153162607744,1.2991721554559112
21,0.015934227985078507,-1.1305758166883848,1.2967520604264466
22,0.015400379943435752,-1.129749867194541,1.2948180884827578
23,0.015320803027604205,-1.1272306840385968,1.2932543783021986
24,0.015638428801696594,-1.1230173149135774,1.2917060612770612
25,0.01599576545317974,-1.1177503971023772,1.289998156141099
26,0.01471498458906037,-1.1125013732490325,1.2881515144370836
27,0.010987124800235365,-1.1083837925385729,1.2862998136782053
28,0.007865447892380417,-1.1061293920086142,1.284546136551934
29,0.00863080931289634,-1.1057926013923263,1.2829311472625444
30,0.010830683008281354,-1.1067040495503035,1.2803350653913168
31,0.009399476145018468,-1.107701025037839,1.2761314817517353
32,0.006038476560418168,-1.1075555703527011,1.2719435879371646
33,0.004611506195526662,-1.1054409973418386,1.268337901767727
34,0.004897455279866993,-1.1012576088883055,1.2649787698473496
35,0.005669550438266793,-1.0956879975883065,1.2619905079521376
36,0.006268034738751024,-1.089953875013372,1.2592649708836627
37,0.0066186360293977176,-1.0853613964595517,1.2568207967235767
38,0.006790455662543805,-1.0828056449447203,1.2544856906500987
39,0.0067293542874113516,-1.0824239745020319,1.2522090347399581
40,0.006231912070690739,-1.083533679693259,1.2503993435208502
41,0.00537373921316457,-1.0848818862333856,1.2493339292812933
42,0.004652958118136892,-1.0851157065458525,1.2486850152803233
43,0.0044818327265966195,-1.0832949461878782,1.2478852536249367
44,0.004792830996579298,-1.0792515899725332,1.2463908611587535
45,0.005298521408879774,-1.0736575469537173,1.24409200207868
46,0.005904137726602695,-1.067773125169876,1.2416384819779438
47,0.006320906778599075,-1.0629709007551513,1.23918489579833
48,0.006260200942985926,-1.0602159643382367,1.2363699885778687
49,0.005885110502613304,-1.0597006021541233,1.233337585683182
50,0.005482084932241879,-1.0607726012981642,1.230620220860398
51,0.005180327963414863,-1.0621841567255998,1.2285937008913694
52,0.004932499815765674,-1.0625659462139745,1.2270280856774618
53,0.00469236754807185,-1.0609453293167745,1.2252048904494433
54,0.004637706261714806,-1.0571115329184537,1.2225577829965921
55,0.004895375556440715,-1.0516899791114662,1.2192121062603865
56,0.005217825391624031,-1.0458994905317187,1.2156684106787794
57,0.005511606293112144,-1.041086952613579,1.2122915962703535
58,0.005786435461986688,-1.0382178547536771,1.209256353246642
59,0.005717386594990444,-1.0375162564379443,1.2068244640374375
60,0.005200254507353477,-1.0383889994782245,1.2044478507302099
61,0.0046828186659425616,-1.0396595815574816,1.2015238803681005
62,0.004496478120086139,-1.040019303130813,1.1988293719950414
63,0.004515654374843402,-1.038522089473501,1.196736278173122
64,0.004621169220690143,-1.0349352219370256,1.1951526009736533
65,0.004828408824636324,-1.0297331164604584,1.193764955031884
66,0.005015358162067227,-1.0240839445644854,1.191949222923212
67,0.005123459031335346,-1.0194485811203537,1.189999503412094
68,0.005173327863190032,-1.0166610556164133,1.1883355481055449
69,0.0050850402969703674,-1.015792167900154,1.1868622603784673
70,0.004844486586137389,-1.016349454145005,1.185401355079697
71,0.0044432040276028845,-1.017323428956629,1.1837236824401143
72,0.004037221687132303,-1.017540050043968,1.1819956068677642
73,0.003921462016924584,-1.0161185693779244,1.1801032272729581
74,0.004050179901837457,-1.012810742084755,1.1777499277710488
75,0.004148125478572585,-1.0080842406296107,1.1751633068712946
76,0.0042938027986979,-1.002929331623306,1.1725869302350906
77,0.004526388231767044,-0.9984731809360219,1.170173575378425
78,0.004637661117959612,-0.9955532242759433,1.1679595591805625
79,0.004670261832602116,-0.9944108311149562,1.1658793201811646
80,0.004539996861061116,-0.9946168384972149,1.1638124369465088
81,0.004157440312234587,-0.9952505968115903,1.161643666813029
82,0.003877698340944204,-0.9952583713210479,1.1593129284671182
83,0.0038376353011754273,-0.9938515407791826,1.1570867117597743
84,0.0037858384144747476,-0.9907939716336962,1.1549026473947834
85,0.0038088435102308473,-0.9864739284502932,1.1525351024066834
86,0.003972521239549283,-0.9817399370950461,1.150428854666103
87,0.0023602244900890225,-0.9775693270334731,1.1485494085328578
88,-0.0017849626948827496,-0.9746989197298119,1.1463213684457787
89,-0.0033801130263592157,-0.9733574931637055,1.1439502798560164
90,-0.0000308270411927946,-0.9731969968098602,1.1409544313559703
91,0.003263501189269413,-0.973441763104383,1.136829498250933
92,0.0020472604623641352,-0.9731925539587611,1.1332711027672566
93,-0.0027509756167264053,-0.9717663537684,1.131096052634347
94,-0.004673986575597332,-0.9689435122871477,1.1292949199521893
95,-0.001002104896404924,-0.9650330481689902,1.127133718126601
96,0.0030740611577652214,-0.9607382116915706,1.1249075825468928
97,0.004367369506927456,-0.9568798493509085,1.1233427011859227
98,0.004217930164182267,-0.954086227441179,1.1224336148867389
99,0.003931649122725886,-0.9525664583879276,1.1217969100666716
100,0.003725248361959369,-0.9520489458522285,1.1211462868416602
101,0.00194693059015906,-0.9519014083413904,1.1202614473532737
102,-0.0004900163513788733,-0.9513805096699537,1.1190105673847168
103,0.0003900752081676881,-0.9499127618950589,1.1173624436732643
104,0.0029671519259258684,-0.9473006643384689,1.1151284804619461
105,0.003783235119509159,-0.9437803212777376,1.112077405190258
106,0.0032098453370250878,-0.9399153056353815,1.1084771336685795
107,0.00262767563865216,-0.9362908598647866,1.1047895661328835
108,0.0026041288098103098,-0.933470937322824,1.1015008601494856
109,0.0028392473786321756,-0.9318436587657493,1.0988053899783146
110,0.003223593909231607,-0.9311236557186895,1.0964465349450903
111,0.00373640118351223,-0.9306466575168835,1.0944716545008641
112,0.003969125931965564,-0.929843296712304,1.0926365449121307
113,0.003701738911581997,-0.9283001331244147,1.0903338991205036
114,0.0032027022419349304,-0.92586807779987,1.0878496321787945
115,0.0028130029909366125,-0.9227172947296802,1.085913832599259
116,0.002650550897950271,-0.9192732343402077,1.0843393496439724
117,0.0025279320414927104,-0.9160515118197607,1.08242659632903
118,0.002368064803644097,-0.9134621934098135,1.0802901212792015
119,0.0024859091806630346,-0.911662409846755,1.0784745754022338
120,0.0028897416270957273,-0.9105109759637422,1.07617314988098
121,0.003168335486870323,-0.9096362369027169,1.0727728477069554
122,0.003291075399963723,-0.9085855427751546,1.069441270841307
123,0.0033782975574604673,-0.9069964607952166,1.0668588451135328
124,0.003267466778112775,-0.9047252291697254,1.0650318835535146
125,0.002928595974206024,-0.9018873945380896,1.0635852925681943
126,0.002560150059673314,-0.8988005892211341,1.0617860439174898
127,0.0023416879964220667,-0.8958561689423497,1.059813538650796
128,0.002265204337923362,-0.8933711966530025,1.0582703765173154
129,0.002346357655237736,-0.8914765103420494,1.0571728158238654
130,0.0026057333046308126,-0.890079969458387,1.0561956027637063
131,0.002794918048743718,-0.8889138540269204,1.054838570330126
132,0.00288558518541885,-0.8876437831264496,1.0526314004059203
133,0.002888348389714612,-0.8859952374798983,1.0499996757510877
134,0.002672984915167894,-0.8838500597543715,1.0474976702685552
135,0.002408749758385535,-0.8812794271148663,1.0451225418658527
136,0.0022041855656291104,-0.8785053658214674,1.0428509764997274
137,0.0020598327925233422,-0.8758096934907824,1.0403529685914181
138,0.0020632920562754994,-0.873427326540511,1.037709287838493
139,0.002151057134023455,-0.8714640965639036,1.0355633635784298
140,0.0022946213767391626,-0.8698674182725474,1.0337142654267812
141,0.0024968384593324865,-0.8683743178054373,1.0317259242206598
142,0.0026154065511915982,-0.866795594352539,1.0299356169266973
143,0.002637184243256546,-0.8651359188349916,1.0285464844509913
144,0.004090895783487655,-0.8632187422474846,1.0270684108536576
145,0.00601281483842867,-0.8609138317727911,1.0252347511445694
146,0.004742356282991921,-0.8583896621232294,1.0231949826329227
147,0.002193641320051414,-0.8558895903527275,1.0210189660713378
148,0.003071192195445733,-0.8536015494943086,1.018727645835929
149,0.005855294885883357,-0.851606539716748,1.0163566096296495
150,0.0071835508991626475,-0.8498725340548998,1.0134057482352183
151,0.007207958701649173,-0.8482804069199932,1.009681606952955
152,0.006814949167107242,-0.8466735621350745,1.006285172655038
153,0.008166197510256545,-0.8449157814102328,1.003758406422961
154,0.008813769627350993,-0.8429372218707365,1.0019961772020904
155,0.005554875088874412,-0.8407529388811019,1.0008724213133249
156,0.0022841118106273,-0.8384495072433604,0.9997355887652257
157,0.0014386003927762785,-0.8361475133399545,0.9980013585446734
158,0.0017393087956719677,-0.833955771628001,0.9959641920314546
159,0.002023610390003057,-0.8319344743591621,0.9943099742814057
160,0.003465541373012552,-0.8300794101608102,0.9930704972174036
161,0.0069950712945206234,-0.8283304891104857,0.9916854412563616
162,0.00811730944501228,-0.826598770069459,0.989611886029071
163,0.004612979705151815,-0.8248003004813018,0.9868984694545198
164,0.002901262924555635,-0.8228841050188951,0.9838954794811396
165,0.004845823120419375,-0.8208453417387953,0.9808277266457743
166,0.006658479684343327,-0.8187210482316978,0.977843317139782
167,0.007419784627405848,-0.8165723426409266,0.9752530639189603
168,0.005687659495395556,-0.8144610924937248,0.973436706669605
169,0.002696383714294941,-0.8124297585888516,0.972266653295605
170,0.001185590416500612,-0.8104906418309916,0.9713247399309011
171,0.0007105532508486969,-0.8086265167962772,0.9701533327813898
172,0.00039413411907082,-0.806800456559098,0.9686243271783455
173,0.00007637696978981742,-0.8049700235969919,0.966969171713167
174,0.00008203389131535878,-0.8031005593289837,0.9652418911436915
175,0.0004976386035873467,-0.8011737467036673,0.9636666988260658
176,0.001045626710170439,-0.7991899963422493,0.9620558077609256
177,0.0013813330047331655,-0.7971654301941165,0.9600215386291828
178,0.0014708053531012708,-0.7951255532438455,0.957643963309267
179,0.001406042135389752,-0.7930979229867821,0.954784048743901
180,0.0010848725229636877,-0.7911055688949773,0.9514969937327553
181,0.0005900084168536266,-0.7891621341577704,0.9481798540355548
182,0.00024370841325855458,-0.7872691585226477,0.9453363724040691
183,0.00018374378218589515,-0.7854157274184437,0.9434304415554648
184,0.00020458188379247292,-0.7835806894654596,0.9420511882918379
185,0.0002575343612014895,-0.7817374577736631,0.9403695812109509
186,0.00047522202351479165,-0.7798608456996208,0.938461011799498
187,0.0007634601317065568,-0.7779345343880668,0.9366423073358492
188,0.0010491048252620969,-0.7759570148787533,0.9348300793900712
189,0.001103827424940087,-0.7739437011356194,0.9329934041194101
190,0.0007591466879094308,-0.77192371272529,0.9311383386686543
191,0.00028763638896319214,-0.7699315038851333,0.9295358400157405
192,0.000012454134636664081,-0.7679955377822734,0.9283069785261313
193,0.000010154514329010654,-0.7661277455684328,0.926969614216238
194,0.00011676542482644942,-0.7642353669394111,0.9252708876436824
195,0.00023658812934910568,-0.7623321498766011,0.9233570702995229
196,0.00032397498644584286,-0.7605794204396761,0.9210651166586103
197,0.0004027856246812951,-0.7588563685619196,0.9185811781523885
198,0.0005979291229944112,-0.7569759709818045,0.9162601829608721
199,0.000754986015303227,-0.7549693734643135,0.913766912113033
200,0.0006868250561873589,-0.752921537603394,0.9109526951048754
201,0.00045653037603117096,-0.7509026834114236,0.9083002139708785
202,0.00019315617582993426,-0.7489570225233215,0.9063235360715951
203,7.907296261265226e-7,-0.7471020860720483,0.90498614934726
204,-0.00014937608970417334,-0.7453266160824872,0.9039574908956673
205,-0.00021181241539709327,-0.7435928517590575,0.9030631367812436
206,-0.00002692122780671995,-0.741847974208306,0.9019501290995948
207,0.0001711325759506606,-0.7400424849245413,0.9003948630470098
208,0.00019173417543013357,-0.738148585288684,0.8988044615524928
209,0.00013764591348620382,-0.7361711462995473,0.8973888501417262
210,-0.0000616624774292722,-0.7341467271501687,0.8951652567502206
211,-0.00026722595460184923,-0.7321306904235314,0.8909133941448175
212,-0.0002778068462779982,-0.7301769989837341,0.8847512224781209
213,-0.00032509495066709144,-0.7283181357875088,0.8782666372636756
214,-0.0005397135952909834,-0.7265526922189234,0.8733830012758155
215,-0.0006837885264174545,-0.7248454260553601,0.8703807987029495
216,-0.0005569393217434901,-0.7231399724919438,0.868644232467533
217,-0.00031997786197945823,-0.7213796184309065,0.867773389982077
218,-0.00029206839342840914,-0.7195284370010508,0.8670804083717654
219,-0.00043775243325152105,-0.7175848415723656,0.8662843417807116
220,-0.0004986821374427918,-0.7155823909283132,0.8658055940346525
221,-0.00042276696828382073,-0.7135774389307563,0.8658212627902322
222,-0.00038043928722831903,-0.7116281832349052,0.8657478713367182
223,0.0011284275450318554,-0.7097729441362706,0.8651039081317133
224,0.004928662915966158,-0.7080158357152826,0.864068430608651
225,0.00794534168840436,-0.7063252330701775,0.8629931977246676
226,0.008597861871603182,-0.7046456273225206,0.8618411647620166
227,0.00843396033913675,-0.7029184136662883,0.8601936053897421
228,0.008524374980860686,-0.7011037909974782,0.8580388566892276
229,0.00894945487193819,-0.6991955436206823,0.8558206333338472
230,0.009459340899413027,-0.6972231772119677,0.8535874368880405
231,0.009811267554312102,-0.6952406643431042,0.8513329854836327
232,0.009756683605178743,-0.6933061014646518,0.8492135961013068
233,0.009301099509520325,-0.6914599750390678,0.8474138011579617
234,0.008713485727959741,-0.6897102047897583,0.8460936342887244
235,0.008172162386978397,-0.6880295192690735,0.8446604108152118
236,0.007792157360805001,-0.6863660308557107,0.8423636025621692
237,0.007765460212447187,-0.6846629045529042,0.839347075431808
238,0.008171793442506833,-0.6828796403184296,0.8361731850592995
239,0.008723994216154003,-0.6810069689741995,0.8335370129743245
240,0.008987248697054258,-0.679069860543495,0.8312568223825365
241,0.00891370077262467,-0.6771176830521843,0.8288239254545475
242,0.008736344314703742,-0.6752053898482451,0.8271715519433527
243,0.008549798364516418,-0.6733729223797269,0.8265926120749163
244,0.008278331966213241,-0.6716305727546257,0.8259818817742777
245,0.007966706024281775,-0.6699556856777622,0.8244884749696957
246,0.007722325334809942,-0.6683017314236657,0.822355712894975
247,0.0076808678316763225,-0.666616124066773,0.820450164283073
248,0.009562950714353452,-0.664859947566607,0.8188237319056566
249,0.012306951290057589,-0.6630221716197171,0.8170020429655898
250,0.011742897567027191,-0.6611231554294252,0.8149896926204003
251,0.009280841867025713,-0.6592063588135275,0.813004822855623
252,0.009888076483011037,-0.6573216205157288,0.8110350258876742
253,0.013996409146772935,-0.6555064463399274,0.809188319041052
254,0.015508903405415657,-0.6537723452102104,0.8074434457002768
255,0.011808119415570476,-0.6521011950504574,0.8055456232120024
0,0.009661096175236437,-0.6504527467966676,0.8034730185450436
1,0.012681730156419355,-0.6487801808318576,0.8013711293836367
2,0.01628692656930375,-0.6470476991073175,0.7994419535048687
3,0.017595681191173794,-0.6452435342141623,0.7978314092504766
4,0.017801723221347876,-0.6433836481188395,0.7968048564458177
5,0.017644883891611167,-0.6415050020828952,0.7963408710699107
6,0.017412453665421455,-0.6396512054201098,0.7959890662758213
7,0.017557432232599327,-0.6378561153031341,0.795146687542013
8,0.017859126586960594,-0.636131559596828,0.7932612275461377
9,0.01792105937063629,-0.6344636304820077,0.79071220544862
10,0.017605263786194605,-0.632818662952974,0.7883744937441968
11,0.016964007765788013,-0.6311563650132432,0.7862174118220535
12,0.01642522385827158,-0.6294449823454069,0.7839677974512096
13,0.01637482277172412,-0.6276727888745384,0.7820815502181215
14,0.01674551793885526,-0.6258517516590252,0.7805328072487416
15,0.016920067760869933,-0.624012274452532,0.7786589701548228
16,0.016612932360021385,-0.6221912832344456,0.7766066940920742
17,0.016469199266219335,-0.6204183151627842,0.7749654147049538
18,0.016825094014844014,-0.6187048504488981,0.7734068788177746
19,0.01717072638841962,-0.617040730299401,0.7715062667576582
20,0.01701488762957442,-0.6153987274236226,0.7696450591279071
21,0.016419916778208858,-0.6137452670025789,0.7680363743487288
22,0.016052361557807322,-0.612053086461396,0.7666025685646387
23,0.016239089529926358,-0.6103110633019917,0.7650978829499788
24,0.016340377951873333,-0.6085276804879902,0.7633523231844153
25,0.01442414755858383,-0.6067271001055934,0.7617691353046934
26,0.01179690514051962,-0.6049395991186695,0.7605077538177167
27,0.010945251302969812,-0.6031901415173204,0.7592976695461626
28,0.009456841336812051,-0.6014893940551809,0.7576981130819758
29,0.007337455201180919,-0.5998304054037098,0.7555486502777304
30,0.00641482635403352,-0.5981919330766234,0.7533916516716601
31,0.006009660739973889,-0.5965468980216839,0.7515164013323217
32,0.005647385670950342,-0.5948726156708763,0.7497874969555167
33,0.005183361073953092,-0.5931589449367727,0.7481723980297894
34,0.0048267905052504475,-0.5914114425033457,0.7464129076240242
35,0.00482534092240005,-0.5896485891604402,0.7443707629453211
36,0.0052078451540232065,-0.5878943885362327,0.7425176350136693
37,0.0057487533451932235,-0.5861692868596964,0.7410330543805292
38,0.0060516483506428895,-0.5844828397314366,0.7396135163135389
39,0.006057093059066276,-0.5828307407507689,0.738106567495258
40,0.005960723616151516,-0.5811970900212386,0.7365208410356683
41,0.005822161665867345,-0.5795608047075502,0.7348660151652147
42,0.005549394377871922,-0.577903603998019,0.7331516480335409
43,0.005111219297476903,-0.5762165536777419,0.7314467296390057
44,0.004765747714282706,-0.5745028425591436,0.7290273812765042
45,0.004754401472498747,-0.5727759716238421,0.7247895335525909
46,0.004930981436624304,-0.5710542669552701,0.7191065345350289
47,0.0036017289219571792,-0.5693539281104059,0.713556753250949
48,-0.0000027666680288036816,-0.5676832383300359,0.7096645537844348
49,-0.0029008562636755053,-0.5660399904991897,0.7077700269545601
50,-0.003692267170947564,-0.5644128871981979,0.7067644239592461
51,-0.003978550635597046,-0.5627861738494593,0.7057758229381739
52,-0.0045931563802432025,-0.561145624429803,0.7051097308823329
53,-0.00541364234963479,-0.559483615599965,0.7051040659210444
54,-0.005994176961725592,-0.5578014946202177,0.7056011252693335
55,-0.0060097711136197635,-0.5561085441334261,0.7063644944025298
56,-0.005637290494903359,-0.5544181316568286,0.7071293308870938
57,-0.005141416250873497,-0.5527426201688133,0.7075325335048066
58,-0.004551585972799876,-0.5510889666810546,0.7069603591763667
59,-0.004024469498762671,-0.5494565609339066,0.7049066542688425
60,-0.003762478714606027,-0.5478379395698343,0.70183782629058
61,-0.0038472968990530994,-0.5462219251517944,0.6987644570985163
62,-0.0043372335421271654,-0.5445978912150575,0.6961235993989086
63,-0.005059069428412857,-0.5429595359343711,0.6939265617962866
64,-0.005645861861860672,-0.5413068390979126,0.6922084262872497
65,-0.00592219445611427,-0.539645627630329,0.6909654506253655
66,-0.005873631370850004,-0.5379850778660553,0.6900983215009961
67,-0.005383981597351568,-0.5363342031865321,0.6894199370558305
68,-0.0046549181617908265,-0.5346986606988164,0.688386093746512
69,-0.004142146726536913,-0.5330789937724418,0.6863655942852556
70,-0.003954898968617591,-0.5314708270724362,0.6836455580094929
71,-0.0041301106180160925,-0.5298667902406253,0.681027133306036
72,-0.004730180426739568,-0.5282593489463772,0.6787517514692372
73,-0.005458799043470092,-0.5266434658064678,0.6767480831623753
74,-0.005934791278593705,-0.5250181639188405,0.6750293040451996
75,-0.006041887466783479,-0.5233865356240532,0.6736189182115819
76,-0.00573077674484025,-0.5217543269742162,0.6724914126108714
77,-0.005172206020884713,-0.5201277187721187,0.6712985449219204
78,-0.004667037672875959,-0.5185111510922467,0.6695301538316893
79,-0.004438424131903375,-0.5068490653062114,0.6673944172264992
80,-0.004593887715847272,-0.4723521958726855,0.6652157814876589
81,-0.00496768494559887,-0.4146694168301521,0.6629213739875168
82,-0.0053111344807954715,-0.34096801573427005,0.6605241461494336
83,-0.005525694645009349,-0.27061303468876785,0.658090518858002
84,-0.005683681650686511,-0.22323446272881176,0.6560176091033807
85,-0.005772578701099353,-0.1996528259627275,0.6542818140082725
86,-0.005759225556706014,-0.1928495957076611,0.6523624038682465
87,-0.0056794754297910775,-0.20096224620073447,0.6502583054163129
88,-0.005483339274710071,-0.2175976959798313,0.6481672674686529
89,-0.005156633460107194,-0.22795039455673,0.6461212015331306
90,-0.0049377193421011965,-0.2278601281497033,0.6440575760630032
91,-0.005034230227231897,-0.21977246668168304,0.6418696004479876
92,-0.005275508956566652,-0.20334661484663963,0.6397512875743714
93,-0.005613581185872645,-0.192033273670021,0.6381101721651341
94,-0.0059739470102127615,-0.1975855518636659,0.6369885834821196
95,-0.006112449886321664,-0.21018644154121957,0.6362122543439701
96,-0.006094556084124347,-0.223692280939716,0.6356830079156113
97,-0.005886413872756881,-0.2428331070513035,0.635099597431714
98,-0.005452310121587197,-0.26312489057538274,0.6340408760105241
99,-0.005186473456521866,-0.27650817404648936,0.632730648783312
100,-0.0053208480901808936,-0.284348163342643,0.6316789806236669
101,-0.005625194710056911,-0.28424463526621535,0.630755485026885
102,-0.00589987938069543,-0.2738141042579292,0.6295973587766641
103,-0.006127524478492073,-0.289886798207478,0.6273065706335688
104,-0.006292454316150518,-0.36065054899719984,0.6236325193871495
105,-0.0079268325843967,-0.434544770504131,0.6200342036942523
106,-0.010088308498953556,-0.46344186126648124,0.6173513990268784
107,-0.00899139172115361,-0.4380296749550784,0.6157166128800107
108,-0.00638472343888238,-0.3713322730953619,0.6150554135946582
109,-0.005458015563078896,-0.32045278390136556,0.6148192482354755
110,-0.005811126098779998,-0.31717157352901393,0.6145884147429392
111,-0.008031075556692146,-0.33302903588958577,0.614116694236839
112,-0.010649553401734062,-0.331339620109909,0.6132915691828387
113,-0.00963884136615437,-0.30853749728307966,0.6118709391665045
114,-0.006842089744462475,-0.2823255322397178,0.6098423798309609
115,-0.007312239784659566,-0.26155186426810784,0.6078154925166541
116,-0.009792288199355317,-0.2512413404087481,0.6058901186085133
117,-0.010963383855737925,-0.25690629172610735,0.6038542636511719
118,-0.011069867359729334,-0.2727033319128332,0.6020842110188567
119,-0.010951122940444619,-0.28751471718208543,0.6007177495287508
120,-0.010956871189011223,-0.2997754650141169,0.5995282521616063
121,-0.011132185355421327,-0.30512410768663933,0.5981013240623512
122,-0.011231520582439217,-0.2970838377733773,0.5962049546960009
123,-0.011124095131468476,-0.28190807972702103,0.5943216590051443
124,-0.011068266088218856,-0.2663514565040598,0.592754850027926
125,-0.010997837378870154,-0.2507684313904187,0.5913746854153998
126,-0.012424232853497093,-0.23806475419670955,0.5900906562302208
127,-0.013107471354120707,-0.23490191579953928,0.588867660823883
128,-0.010042889725162582,-0.24257995675022234,0.587675456524674
129,-0.008682300215649759,-0.2531709813460558,0.5864619382761747
130,-0.012080839076834299,-0.26175753669055124,0.5852215457364192
131,-0.01550208173143949,-0.2653758075867647,0.5839221816819087
132,-0.01626872495615974,-0.2566480590153337,0.582496044444127
133,-0.01589201526702554,-0.26203384314695155,0.5809446367160791
134,-0.013908947696842207,-0.32791762280100367,0.5785209650472498
135,-0.009869501419931336,-0.40213555802112066,0.5749287652861419
136,-0.008586351757368958,-0.3765313388734473,0.5717431736886367
137,-0.012244786538160177,-0.27611941657390504,0.5694871148644958
138,-0.015844864143404455,-0.21365395651513708,0.5674682830896423
139,-0.016518364807809088,-0.2188323085602517,0.5657978492760605
140,-0.01570989784428919,-0.2529944645489518,0.5645639858789915
141,-0.015018141120305948,-0.2808767008959423,0.5635931176264695
142,-0.01502189652572217,-0.2840925058088801,0.5628073968901832
143,-0.015403280216576186,-0.2721557474191266,0.561848873186028
144,-0.014223459220203655,-0.26547318750119964,0.5605307076053874
145,-0.012325532356457829,-0.27019156123220256,0.5590468423791537
146,-0.013509328209654184,-0.287645879649547,0.5574484134614963
147,-0.016096655778440667,-0.32098050992547245,0.5559451853348976
148,-0.016802912827300703,-0.3596417546254169,0.5546047977137318
149,-0.014345851277729346,-0.38751439482373107,0.5529628565493652
150,-0.009335863383043649,-0.40678831198001086,0.5506100374037601
151,-0.0074834459255604495,-0.42755746896644364,0.548022581905675
152,-0.011066304937282247,-0.4461396763815828,0.5460965676035059
153,-0.015041429101380815,-0.45114676539996923,0.544941923524433
154,-0.016493447195725174,-0.44132926222345126,0.5439284684018231
155,-0.016444882590247956,-0.42231539291439146,0.5426769511962113
156,-0.0161354391343908,-0.40294766857370834,0.5412368038328192
157,-0.016193788393616744,-0.39071295522559546,0.5396424831589983
158,-0.016453199151349115,-0.38304838519604356,0.5381620175766035
159,-0.016580966081313556,-0.37716388888878827,0.5366361144284262
160,-0.0164469194500204,-0.3704815469898617,0.5345275667088236
161,-0.016167505211323777,-0.3539965780811696,0.5321985138843848
162,-0.015949660456576614,-0.31846230183496105,0.5304084788985091
163,-0.015741181749022122,-0.29216656559753207,0.5292820839633336
164,-0.015665519859345896,-0.324472931655016,0.5277482214327751
165,-0.015796614447372466,-0.3417124599611949,0.5251995439385813
166,-0.01587757306148766,-0.24911435908452217,0.522724370069555
167,-0.015988470341608566,-0.13228025231362311,0.5208820038257962
168,-0.01618617199380854,-0.07887241688212981,0.5195750211270451
169,-0.016286649436041863,-0.06015909257227825,0.5186932151613466
170,-0.01626394150948353,-0.03901821947193462,0.5179282448450833
171,-0.016157718602629698,0.00014617999605887055,0.5171776792903708
172,-0.016103768875835082,0.06550500806461129,0.5164817364640331
173,-0.01602551955367744,0.147496639285487,0.5158883002385231
174,-0.015885721216977525,0.21346666892291927,0.5153391938744649
175,-0.015860922062736475,0.24013158979286153,0.5147344342365685
176,-0.015867731591716137,0.2479678881661348,0.5137205241974321
177,-0.01596735757580329,0.2704254174659646,0.5118350066722317
178,-0.016253468216331356,0.2887709888905261,0.5094207303645628
179,-0.016397091483230986,0.24360829156949382,0.5072245119006267
180,-0.016297119967151913,0.10773352285397753,0.5053551717139666
181,-0.01623749508907226,-0.09233951243637462,0.5034005585171193
182,-0.016151528950581036,-0.2796902616790956,0.5012583159843713
183,-0.01589399227263756,-0.37878669454550107,0.4992090240446103
184,-0.015765074902227415,-0.40093017428243605,0.49743309540324177
185,-0.01586167061102714,-0.4029245079352717,0.4962307557157293
186,-0.015988610289554943,-0.4104956206214174,0.49531883574301294
187,-0.01617643191294474,-0.41997417774528945,0.49387302137352274
188,-0.016292390359741733,-0.42130325562322835,0.4919975286236704
189,-0.0162510894353615,-0.4105167424841757,0.4900832769357095
190,-0.01620004902287847,-0.39096244818891607,0.4878715239808378
191,-0.01606592648223565,-0.3699778174195443,0.4855713566720139
192,-0.0159609998467719,-0.3551258354793834,0.48359754415440315
193,-0.015970491201536256,-0.3513146626107111,0.48086083555994596
194,-0.01587901278547408,-0.3591991982573478,0.47612161098027683
195,-0.01904229837565971,-0.3751151336697902,0.47076810353384535
196,-0.023921199266274153,-0.39252314848220626,0.46734829328262917
197,-0.02240223688736947,-0.4044621803524566,0.46635946051308186
198,-0.017473014862224752,-0.4061201771515537,0.46642922990831015
199,-0.01562806325758674,-0.3965715987849294,0.46651190196513825
200,-0.016169415251814367,-0.3790465914162877,0.46669486302990637
201,-0.017061705777738995,-0.3596552922856843,0.4671326487127938
202,-0.017195489803368096,-0.3450695200931452,0.467483075184256
203,-0.01670347983013931,-0.34004334813868414,0.46736790065669065
204,-0.015905079559254878,-0.3456963759128463,0.4670725688432684
205,-0.015055453433633837,-0.35918066562413475,0.46709315828674347
206,-0.014693130051777019,-0.3748246674389226,0.46693569133828494
207,-0.014972845069998103,-0.3862965269984471,0.4659737775143904
208,-0.015518720679781647,-0.3889607952296563,0.4642280905721734
209,-0.01620071150049001,-0.3815499508393525,0.46164044440302887
210,-0.016853537533692495,-0.3665476488198145,0.4586847237915401
211,-0.017047029476767762,-0.34917380944724075,0.4563527761934112
212,-0.01683004755604388,-0.33538353565763857,0.4547081276826501
213,-0.01647487276684182,-0.3296472965546209,0.4534530063583242
214,-0.015917102103187697,-0.33334073636849815,0.4528069488330402
215,-0.015317474037886178,-0.34432389965430454,0.4526838742059378
216,-0.015134840429010477,-0.3578324230403629,0.45233879375395203
217,-0.015332329203587097,-0.3683132007470382,0.4513117825377102
218,-0.015725306506025674,-0.3714974060431733,0.44992789994443494
219,-0.01626366524804307,-0.36593654178417867,0.44821605213484084
220,-0.016730532993581425,-0.35344941060001545,0.4460856830974924
221,-0.01700945203786386,-0.33834829090057295,0.4438963163190395
222,-0.01690030575453861,-0.3257689162071221,0.44191696236369804
223,-0.016315299276209914,-0.31975044270739905,0.4405195571779854
224,-0.015712106790096922,-0.3217832855448235,0.43898915296757424
225,-0.015374801939299292,-0.3303459481150137,0.4358331139851408
226,-0.015181122464322287,-0.341568609199572,0.43193253322043046
227,-0.015280184795055662,-0.3507397641962544,0.4293467678332188
228,-0.015713551427483194,-0.35407027780116307,0.42818728175340603
229,-0.016115356719435314,-0.3500546284024697,0.42733374177015904
230,-0.01643878258057703,-0.33994155860469444,0.4262692728948696
231,-0.016742205444765235,-0.3271730522482813,0.4254046626178163
232,-0.016713068147082955,-0.3160367549842873,0.42506620454324584
233,-0.01632295788659855,-0.31005816147808707,0.42518642162265174
234,-0.01588546187116662,-0.3107349385036736,0.42537255808572394
235,-0.015489180091076596,-0.31706631343307845,0.4249665644668943
236,-0.01534066540556768,-0.32601954145920065,0.4240320024677706
237,-0.015610517493936639,-0.3337243934452905,0.42282113306795255
238,-0.01595888953840998,-0.3369267623553689,0.4212080802833209
239,-0.016195752857636636,-0.3341561963932449,0.4192071724373001
240,-0.01647461562943195,-0.32619007826871116,0.4166764363741293
241,-0.016606405082022845,-0.3156735493344317,0.4139878915397397
242,-0.01637523495005539,-0.3060708472586091,0.41204286815292424
243,-0.016084399202967142,-0.3003619780669601,0.41078915033706576
244,-0.015983841531837545,-0.2999741229877626,0.4098000016163763
245,-0.015859319677514624,-0.3043292392092132,0.4092624474789397
246,-0.015686473505656856,-0.31114591484821996,0.40916189821439675
247,-0.015763008785889966,-0.31735044771655296,0.40881932539666854
248,-0.015962440997548094,-0.3202353545979253,0.4075412623612691
249,-0.016109823171796482,-0.31842973790074236,0.40532723514021773
250,-0.016257598916948016,-0.31233551887084754,0.4028714475642252
251,-0.016260515204799417,-0.30389575570827265,0.4006472606838105
252,-0.016109295738575183,-0.2958122116190882,0.3984450926757781
253,-0.01601460893889403,-0.2905249975099089,0.39646645359576005
254,-0.016034872007977465,-0.2893384570042876,0.39424958498013885
255,-0.015951749334156856,-0.29200460710940057,0.39099743286042243
0,-0.015690807214524885,-0.2968924692146243,0.3879533495879308
1,-0.01553060519066058,-0.3016512399438309,0.3859597919814137
2,-0.015603804069649348,-0.30410007889603896,0.3847510558786835
3,-0.015788571209989034,-0.30300898075484184,0.3843545550426446
4,-0.015950406410881017,-0.2984929477118943,0.3841952238487609
5,-0.016101003337275002,-0.2918974975510602,0.3837691215345067
6,-0.01626686018622861,-0.2852451305519691,0.3832284346951167
7,-0.016228769812293674,-0.28046787030454234,0.3827100663375329
8,-0.015998650625865876,-0.2787157978187863,0.382274698170014
9,-0.015834118624328063,-0.27998726554364806,0.38188890846269574
10,-0.01571159084950703,-0.28319568702877274,0.3816828136640944
11,-0.015728743453787386,-0.2866231105812952,0.381341428885707
12,-0.015996227680506327,-0.28857402483456496,0.3800865902340276
13,-0.016265321951569406,-0.28798190018916414,0.37786023578976125
14,-0.016288445994345292,-0.28475322123084246,0.3753700810868603
15,-0.016160778955417433,-0.27974168656419673,0.3731432550138376
16,-0.01607006463601921,-0.27438501328985954,0.3712452376876556
17,-0.01601473726929814,-0.2701558711449127,0.3696917312021547
18,-0.016050367933380348,-0.268035305577758,0.3684818433947358
19,-0.01604991827628368,-0.26819526756965073,0.36784156683740254
20,-0.015867759150423995,-0.2699072442813135,0.36771247398554296
21,-0.015712668484442853,-0.27203381506266855,0.3676299008017915
22,-0.015705732293697768,-0.27351351989726247,0.3673615087216
23,-0.01584331515042879,-0.2733686708576043,0.36683569187422704
24,-0.0160831467573347,-0.2711976150420037,0.36577282136457356
25,-0.016236980108261176,-0.26748833054336185,0.3638770114300942
26,-0.01615263142525599,-0.2632444841385969,0.36139309240328177
27,-0.01598109648902294,-0.2595607098624425,0.35904608605818134
28,-0.015919877853574904,-0.25724532352520957,0.3563745526962586
29,-0.015944832679352275,-0.25657300269320704,0.3525751444740909
30,-0.01599032204570537,-0.2572321520395836,0.34919451550970726
31,-0.01593509527880578,-0.258474472040389,0.34753807784896773
32,-0.015894714518802047,-0.2594039623319797,0.34674599340778456
33,-0.015949358408614334,-0.2592960441657606,0.3460045029339577
34,-0.015870752850674352,-0.2578340564592575,0.3452446494130569
35,-0.015712660322368982,-0.2551878048471701,0.3442875219370154
36,-0.015726795099359127,-0.251919601111367,0.3431021577386766
37,-0.015940837893082052,-0.24868128601005846,0.3419458131312464
38,-0.016142652894550462,-0.24616177936652905,0.3411104612814887
39,-0.016135348483508942,-0.24490760089441455,0.34058344634752435
40,-0.01594777949622475,-0.24478556245912308,0.3400064981448635
41,-0.015876855619414758,-0.24523068516362934,0.33941804825652466
42,-0.01596446091727393,-0.24568067390013348,0.3388378880284012
43,-0.015914198685810274,-0.24562145599565788,0.337867330947325
44,-0.015832864916570134,-0.2447153920607278,0.33623324345116345
45,-0.015849622525204297,-0.2429108915106385,0.3344998323467737
46,-0.01577005746937188,-0.24045333504318944,0.33323321698092123
47,-0.015732486323041958,-0.23778934088650472,0.33203996973563976
48,-0.015841690923513715,-0.23540734538830144,0.33085993160343485
49,-0.01585703729703237,-0.23367518360668094,0.3301040636464758
50,-0.01587445341490109,-0.232728309583766,0.3295820866875704
51,-0.015975897456484,-0.23244026820383434,0.3289065665781893
52,-0.015924514641677955,-0.23247857821411744,0.32775764224978243
53,-0.0158441272146405,-0.23242262738910513,0.3261208671217012
54,-0.015939592649488125,-0.23190280213794667,0.3246484057183764
55,-0.016048480146204212,-0.23063378104798893,0.3234797298497545
56,-0.015982252682939395,-0.2286814268676367,0.322356460206645
57,-0.015778925839781383,-0.22647852389734102,0.3204821279810919
58,-0.01574162696832488,-0.22429958417156637,0.31740340541622436
59,-0.015902615669681937,-0.22234387521091292,0.31452566520693603
60,-0.015938283772525194,-0.22089321295930853,0.31226216310492483
61,-0.015920895862624088,-0.22006805243666505,0.30996405965248763
62,-0.015952659138444313,-0.21975133969279737,0.3079132853912576
63,-0.015831526724583406,-0.2196430365163914,0.3066801651536848
64,-0.01571108516968813,-0.21937625315902698,0.3063432185042234
65,-0.015728427905857906,-0.21864409514192706,0.30634999455429934
66,-0.015761864749331153,-0.21730030793445132,0.3061006619163228
67,-0.01588886028399427,-0.21540582822383236,0.3057494504236744
68,-0.015993351899366577,-0.21320730152738088,0.30580240401077374
69,-0.014336523715328967,-0.21105395272390381,0.3061075512632434
70,-0.011937455704038022,-0.2092795828688484,0.3061400957652507
71,-0.012840340900186667,-0.2080889352956674,0.30562473294923886
72,-0.013789735747933511,-0.2074871185795275,0.3045988925210765
73,-0.012215406469798282,-0.20727686352444663,0.3030107105584341
74,-0.012634290731897504,-0.20712554607673161,0.3010579632118304
75,-0.014737719112066179,-0.20667979926002378,0.299508575632052
76,-0.015564010753004374,-0.2056885321773868,0.2986479153904045
77,-0.01383328759887898,-0.2040914564743631,0.29789470605390245
78,-0.011509021328160916,-0.20204151563964023,0.2965764929305229
79,-0.011210826654106644,-0.19985236277293505,0.2945751951292441
80,-0.010197779921364718,-0.19788845698694896,0.2923585246409699
81,-0.008207959088857207,-0.19643608924217626,0.2904637481961104
82,-0.007215048417609119,-0.19560109863102132,0.28896029527274136
83,-0.00658739452789343,-0.1952701867740151,0.2876993138426366
84,-0.005973662228718953,-0.19515041096404384,0.28668809865903466
85,-0.007083019680234025,-0.19487344627056913,0.28600513005443273
86,-0.009048339641189061,-0.1941276274073922,0.2856889677359795
87,-0.008141058289341493,-0.19277029139215984,0.2856288585317108
88,-0.006210322585449877,-0.19087959647041752,0.28453985233120016
89,-0.006134414948483116,-0.18872662348210317,0.2806712849228242
90,-0.008613815527681548,-0.18667744785118334,0.275169308393463
91,-0.011669884785228513,-0.1850604924289116,0.27090466974360206
92,-0.01087188902586192,-0.18404737418027084,0.2687458066052232
93,-0.009465338774741835,-0.1835907635087114,0.2678971189385577
94,-0.009985750375172825,-0.1834420659141195,0.2673590589129452
95,-0.008441883641873465,-0.1832425328009788,0.2667695713293109
96,-0.005973481759011828,-0.18265444311468015,0.26664748861317344
97,-0.005429201802359861,-0.18148424547652375,0.2672854755390285
98,-0.00614414239065135,-0.17975250919000701,0.2681824427035351
99,-0.008627134730317482,-0.17768515096560872,0.26861569079783076
100,-0.011473645301478558,-0.1756294419885317,0.2682882675298466
101,-0.010690103370087523,-0.1739260022585687,0.26719556730064176
102,-0.00792242457812254,-0.17278409383057108,0.26531522762929804
103,-0.006517685481738363,-0.17220608254368225,0.2627513384050514
104,-0.006146733090047624,-0.17198853541183656,0.2600757111474926
105,-0.005975531969158902,-0.1717989537457409,0.25780084023027816
106,-0.00594004034464642,-0.17129921801279763,0.25576158407624805
107,-0.006103067839903501,-0.17026980323722457,0.25395979764477006
108,-0.006315398978882433,-0.16868895593115563,0.25266746048345023
109,-0.008177128972361624,-0.16673812070563648,0.251865746931461
110,-0.010673919513054995,-0.16473247537455693,0.25132201950675503
111,-0.00974515803688077,-0.16300313828183033,0.250700889687531
112,-0.007224117244862757,-0.1617751604203862,0.24995276945437173
113,-0.0064591999935833914,-0.16108640118254752,0.24933107524884845
114,-0.0067028129454461405,-0.1607766442122276,0.24880280355813578
115,-0.006899656362745456,-0.16054989948452947,0.24820661343713935
116,-0.006846701052243741,-0.1600857138561988,0.24764716482297966
117,-0.006541257494538459,-0.15915756333655812,0.24627921232384054
118,-0.006173331984541347,-0.15771447480710737,0.24271709095752925
119,-0.005976566678648513,-0.15589638815515283,0.2385019411072805
120,-0.00597034928365443,-0.15397881896636162,0.23615651221976453
121,-0.006191954378078271,-0.15226862763206062,0.23547559594587997
122,-0.006617386263373243,-0.15099037120877545,0.23546526226039655
123,-0.006925375412185096,-0.15020541201679743,0.23526978093011264
124,-0.00700342453504537,-0.14979296995930552,0.2344018266804565
125,-0.007003513971762101,-0.1494987674779702,0.233252549150599
126,-0.006935420158609162,-0.14903178564402692,0.2323195793972398
127,-0.006876535527787648,-0.14817229064386772,0.2322030399735453
128,-0.006820342404111963,-0.1468509722535818,0.2330558244061839
129,-0.00671345028509754,-0.14517067058924882,0.23412993113980796
130,-0.006571059692950935,-0.143364092006947,0.23448055521704192
131,-0.006425269785672722,-0.1417047482856016,0.23371607182645904
132,-0.006433839687119164,-0.14040520631605258,0.23189087362347505
133,-0.006699212603131079,-0.13954053789631193,0.2294457256701159
134,-0.007013946728748624,-0.13902453624899708,0.2268603194180292
135,-0.007053840101660894,-0.13864601472648924,0.22412955064727313
136,-0.0069536218791861545,-0.13815010285071788,0.22147501157245908
137,-0.0069548281430582976,-0.13733326180883737,0.21962453741328147
138,-0.006855776973450443,-0.13611657909424513,0.21912221694088874
139,-0.0065586704887744575,-0.13457096895476955,0.21971898259729528
140,-0.006427634135077756,-0.13288645204668043,0.22070468337385563
141,-0.0066611796741474945,-0.13129856695980296,0.22149461821726313
142,-0.006917941278870118,-0.13000037724392122,0.22172121437577808
143,-0.006952521811615764,-0.12907294710175393,0.22127510308497234
144,-0.00701225081677018,-0.12845928714098143,0.2202778589980824
145,-0.007153124945597989,-0.12798992263557202,0.21899448827185186
146,-0.0055239708714163,-0.12744893606915042,0.21771583709521303
147,-0.0013577070061679027,-0.12665479908610078,0.21560161938719036
148,0.0020489596162823268,-0.1255257457264033,0.21230543442618544
149,0.002836451368216808,-0.12410619170579573,0.20978625413991225
150,0.002553875565608167,-0.12254588132309202,0.20853788746401936
151,0.0025989785696030644,-0.12104114285407153,0.20751759992009922
152,0.002979511998745854,-0.11976123143133527,0.20665299768247636
153,0.0031959140584336618,-0.1187873683957183,0.2059059386340637
154,0.003248816838650045,-0.11808637643125458,0.20487363417429838
155,0.003225321891912313,-0.11752725621874638,0.20331069366858812
156,0.00289388705633142,-0.11693294856110886,0.20175733395202156
157,0.002323255360389841,-0.11614690932025146,0.20101015912684594
158,0.001884045078405571,-0.1150894995429374,0.20079486798928348
159,0.001735191773088401,-0.11378394102616224,0.20050549783694616
160,0.001881198748097045,-0.11234358281718465,0.19996805945306417
161,0.002144809272605297,-0.1109267532922667,0.1990431150759051
162,0.002418544802813779,-0.10967708732476972,0.19769212907371192
163,0.002663734769374239,-0.10867177573831005,0.19577210682130153
164,0.002730777461083439,-0.10789631397903404,0.19363915295626644
165,0.002631989760252529,-0.10725381471724155,0.1918647944002665
166,0.00246214688583411,-0.10660394793812211,0.19026927019400797
167,0.0021974265299115675,-0.10581596280898808,0.18871420708593423
168,0.0019105019221628688,-0.10481580598473061,0.1875579890325434
169,0.0017915757017664229,-0.10361042807633303,0.18715431162639684
170,0.0018371579612863516,-0.10228148523938829,0.1872952852800725
171,0.0019463755872671778,-0.10095217429475545,0.1874552063798124
172,0.002139862220894566,-0.09974055596708326,0.1873311044382311
173,0.002349383385732288,-0.09871699710132181,0.18692927267564485
174,0.0023933657357322266,-0.09788099957090729,0.18640188378916872
175,0.002200583256455983,-0.09716487214308933,0.1856001028096792
176,0.003650765884612793,-0.09646156748111134,0.18450434005530153
177,0.00590674183656926,-0.0956653628770971,0.18255959394440352
178,0.004728619573706738,-0.09470998180567436,0.17916352651860012
179,0.0019779152240524955,-0.0935904838171707,0.17591751758850482
180,0.0011204842302019284,-0.09236185409336939,0.17386774906146413
181,0.0016912190270816328,-0.09111603998307372,0.17210441260925197
182,0.0025175985365028485,-0.08994688719487573,0.17018355470540975
183,0.002824244005524062,-0.08891628724100681,0.1682749534723036
184,0.0025569103578687406,-0.08803367515364963,0.16685183760789052
185,0.0019536891381477864,-0.0872555195398314,0.16645301184666594
186,0.0013818662223155417,-0.08650386451557718,0.16700519078311837
187,0.0009538691942386959,-0.085696176013519,0.16779061389239008
188,0.0007393536648825014,-0.08477512604209778,0.16828956596042766
189,0.0009151575944299616,-0.08372763715171594,0.16839709703809086
190,0.0012962329466159675,-0.08258699686544937,0.16802275036738495
191,0.0016988167172882589,-0.08141829229396683,0.16714765574807872
192,0.0020193536308080098,-0.08029337153174493,0.16560420971911377
193,0.0020815349715879,-0.07926490167425981,0.1634580654337816
194,0.0018256130516693583,-0.0783488221340291,0.16139991553486444
195,0.0013442147666699565,-0.07752091467757713,0.15983320945197899
196,0.0009059607793849081,-0.07499672084872966,0.15841608027949772
197,0.0007408586095794889,-0.06826937867626934,0.15719817349589826
198,0.0008058741652251702,-0.05835075368534873,0.15668494249946685
199,0.0009466753160027371,-0.04785029827091078,0.1564974625402027
200,0.001111452369946156,-0.03921444325675075,0.156047844581422
201,0.001443097137617113,-0.03295985570885736,0.1555589118062991
202,0.001903758012044553,-0.025289454325543727,0.15521558100183674
203,0.0021244196130541784,-0.014395113352154694,0.15462946519558646
204,0.001942328483754317,-0.0025393144818102766,0.15340703845800296
205,0.0015180140218014572,0.007072492582943287,0.15197636198095027
206,0.002805273124994832,0.013436097574030265,0.15106526304138485
207,0.004958386513171863,0.019944878202348887,0.14984630936334742
208,0.00376109315664213,0.028749990954063435,0.14761523590505016
209,0.0011857673605458058,0.038719338168402825,0.14544474505070748
210,0.0007587643549171394,0.04742626357861075,0.1439257202803328
211,0.0015652018536297316,0.05409599223668038,0.1427765035055189
212,0.0022166852942831702,0.06189735415493336,0.14154795502429796
213,0.0022336096942591997,0.07062419404406628,0.1403224224182662
214,0.0016506437691904841,0.07777751503854455,0.13971716372300613
215,0.0007381545934215718,0.0854722046060778,0.13949968216987246
216,-0.00003913798764569945,0.09526127437484003,0.1389739725193636
217,-0.00030376042596766406,0.10386259607100262,0.13800794442483988
218,-0.000018326629064175683,0.10924465445040821,0.136766398310606
219,0.00045040368632181214,0.11525001832273768,0.13557065537449703
220,0.0008826498981132636,0.1227864947877404,0.1345736119085944
221,0.0013603405868680366,0.12938749398873028,0.1335940255910935
222,0.0016095960138068346,0.13709591991580106,0.13259338457103848
223,0.0014429819926712346,0.14580339316270052,0.13162037441672764
224,0.0010388618890743188,0.1529754512533052,0.13074190499925314
225,0.0004614043248855459,0.1588466288926088,0.1300074085203542
226,-0.000007728202479381167,0.16426349370681942,0.12941011561560745
227,-0.000073308618474246,0.17102573089787593,0.12888116354715584
228,0.00012616243547376726,0.17801216481359683,0.12830148902398686
229,0.0004257245024956464,0.18341812679089453,0.12756475709341153
230,0.0006924622167041906,0.18849034809388343,0.1268897828071714
231,0.0008813557842833469,0.193909957722107,0.12614061133140214
232,0.0010009263710395008,0.20143389516498,0.12478706727427341
233,0.0009482555762210551,0.20991175767682013,0.12293662657325444
234,0.0007814308773880889,0.21664961596173282,0.12124294911126254
235,0.0005408348616878954,0.22223057905502175,0.12029686667259731
236,0.001809264875709038,0.22755124118165437,0.12003888680620789
237,0.005629270039355492,0.2329425337550416,0.1192755418003637
238,0.005577090752696865,0.2381209002526654,0.11743219883543687
239,-0.00012059523752275952,0.24283959159661994,0.11561464037922625
240,-0.0024822334992338387,0.24741666467313683,0.11436029398624387
241,-0.0003055268730272481,0.25254230266887456,0.11339376360313302
242,0.001390659716465968,0.25821467305540746,0.11257878978570846
243,0.0014185552592741874,0.26387273668610667,0.1120935277155144
244,0.00047163320111306105,0.2693917832083732,0.11177537141855004
245,-0.0005523959688621752,0.2748212537362352,0.11128520692728627
246,-0.0012350282522549313,0.2801590236260596,0.11098559589973173
247,-0.0014359623720337075,0.28539776018869856,0.11105155629506236
248,-0.0010865409130660746,0.2905104183769076,0.11119622803093948
249,-0.0002923943126746601,0.2954122933922355,0.11117683653134847
250,0.000539239122221806,0.30024206110204144,0.11065193496966114
251,0.0009815925823669757,0.30546495081687397,0.10927186966632613
252,0.000896631912184101,0.3109310812558591,0.10746480462574837
253,-0.0010965220624913948,0.31624781788779954,0.10604025141851497
254,-0.00394863916663263,0.3215975683384147,0.1048762830735811
255,-0.0036040617404445394,0.3270776519751981,0.10360209532750875
0,-0.0015197584012846682,0.3307551742512218,0.10253227611352522
1,-0.0008347578197024572,0.33336952161994726,0.10157393166864248
2,-0.002549178242512981,0.3373711236975917,0.10018426065048314
3,-0.00656972371137925,0.34220278677076665,0.09864451087554599
4,-0.00774274737846267,0.3471772847958098,0.09738316236380473
5,-0.0037309281353050377,0.35213163476444576,0.09633699281492608
6,0.00007603603552133568,0.3571150525015069,0.09569988434057336
7,0.0006531801392296588,0.360499121032673,0.09525608868948598
8,-0.0003606534498816309,0.36342368823005267,0.0945544111458525
9,-0.002925955519435676,0.3680395740362409,0.09363907635395452
10,-0.0023063498956279165,0.3716912827835501,0.0918137727841431
11,0.005196020534670732,0.37463387421734684,0.08882884059775295
12,0.017095734231826976,0.3789108418926306,0.08601520988328368
13,0.023062017128358814,0.3837835052067158,0.08402620870680486
14,0.010381482440912124,0.3885376359316769,0.08252512723937155
15,-0.006138174572536244,0.3913111086348713,0.08153566118941544
16,-0.010270687222189073,0.39327397350895144,0.0810455182228991
17,-0.008174446841857884,0.39734817138363776,0.08077562456158424
18,-0.006716978792073142,0.4012865217239785,0.08089814282432509
19,-0.007917606832074209,0.4045892235714188,0.08125470426445516
20,-0.010769845965046043,0.40909042379478144,0.08118233397001598
21,-0.013494938835225234,0.4125962022267873,0.08088015840541646
22,-0.014929789371573063,0.4152337365514196,0.08070098409498186
23,-0.014607001207003756,0.4191642388273562,0.08019124437722752
24,-0.012715028409488856,0.42209811752402837,0.07933374514541944
25,-0.01002555878369358,0.4242819596364811,0.07839803415887758
26,-0.007631047512431446,0.4279909473643235,0.07705598375895595
27,-0.00649040854014641,0.431120581242864,0.07550936845411133
28,-0.006916269165499603,0.4341239800690093,0.07445844042205241
29,-0.008714099586863921,0.43887684547809624,0.07401237759454407
30,-0.00939840585387891,0.4424860765090888,0.07393738096804334
31,-0.007177023135643654,0.4450187782086572,0.07406597312885063
32,-0.006482586797878706,0.4489385795753589,0.07428586461930223
33,-0.009542655594195513,0.4519623297948665,0.07421926641461438
34,-0.009936069658153544,0.45406584957761,0.07334665177451949
35,-0.0028454048677770856,0.4575602159707908,0.07172026918566046
36,0.008585079012321771,0.46045874581948953,0.06969245758300566
37,0.01939231127963743,0.4614344588746273,0.0674609289687502
38,0.02646246950556394,0.4634829886567604,0.06517756057641327
39,0.029929842912409913,0.46794947541664866,0.06297426787959962
40,0.03753552800803224,0.47138809147302574,0.0612467324571265
41,0.0766029343819212,0.473895488705379,0.05967256709987273
42,0.13695586903203982,0.4777736136401334,0.057783003284459955
43,0.14974715213709117,0.48061352429502513,0.05669195888013548
44,0.11366450806957878,0.4810677051631287,0.056644675578459064
45,0.08837034392726995,0.48242103216588084,0.05681728881861453
46,0.09099783049565657,0.48667472741578743,0.05723286148097545
47,0.10410010134335879,0.4905000889679658,0.05761193692874145
48,0.11219074473951401,0.4916487857259515,0.057551680824762114
49,0.11190276077601434,0.4932183939959598,0.057407237644957004
50,0.10507703287229853,0.4971275756062037,0.05715047652522676
51,0.09753030158186791,0.5002014985202654,0.056293239134739964
52,0.09573139765002336,0.500568376063997,0.0551461912940433
53,0.10089758087141681,0.5016735316517196,0.05439441110569604
54,0.11310755156918273,0.5055946357363512,0.05407868954235964
55,0.1287231836723468,0.5090025331820793,0.05392089980829251
56,0.14230848733945634,0.5098708237735159,0.0535024320191787
57,0.15169300260369767,0.5112754184996999,0.05235026339514595
58,0.15596198197078698,0.5150711525641163,0.050577911851736795
59,0.15579672678981943,0.5182592189393886,0.04861183733091248
60,0.1515862807230987,0.519078257984241,0.04694172560864987
61,0.14682548059628658,0.5189458380866985,0.04601262699815922
62,0.14653015503773303,0.5204352418351474,0.045432941862839554
63,0.1514314690808175,0.524356848449665,0.044434463751690786
64,0.16184173677290953,0.5272849791635368,0.0432067910488529
65,0.17485319738985206,0.5277156016168345,0.04219205582873202
66,0.18434839872095354,0.5289788545375957,0.04136578311405338
67,0.18983741374935015,0.5327472268025195,0.040938019607514406
68,0.1931620968365534,0.5360784152188003,0.04099306943194063
69,0.19261247744184817,0.5372746902519328,0.04098845382345023
70,0.1932785586372533,0.5372428171190193,0.03979627813223956
71,0.227238238642812,0.5384187346782947,0.03641658892196904
72,0.2859111978821788,0.542184353344819,0.03161753747431534
73,0.29265117491995185,0.5454493490844925,0.027796239074470333
74,0.24601775268802328,0.5461443686738165,0.026039739390276873
75,0.2153724962058231,0.5455528900558322,0.02503562095122673
76,0.21982379148176534,0.5449984987693461,0.02328301251558148
77,0.23641957296489569,0.5465063428497703,0.020195728837774395
78,0.24421589610259054,0.5507531489360835,0.015735789947493868
79,0.23814857093352515,0.5541440170881027,0.009839997665545532
80,0.22457781079633599,0.5548360894390214,0.00230293953367533
81,0.21267768828276357,0.5544563315173414,-0.006666953914127048
82,0.20856950089340054,0.5541390498970034,-0.016701548805143032
83,0.2130495949675083,0.5556956121023908,-0.02767159431494856
84,0.22447089069903858,0.5596352591715079,-0.0394717068472918
85,0.23812760654264198,0.5626705814471356,-0.05187704790365438
86,0.2508683482721291,0.5631735222435938,-0.06457351802794267
87,0.26141440777063873,0.5625229418467959,-0.07715146911610535
88,0.26499876134116285,0.5634720332675587,-0.0891675091007427
89,0.2598553821298881,0.5672665157596142,-0.10037020786563969
90,0.2514513980692553,0.5705220948319762,-0.1107791263840408
91,0.24531799197806814,0.5712558933327538,-0.12060157356861351
92,0.24373795965130618,0.5710094706884368,-0.130177179129584
93,0.24775261471505194,0.5709381743650717,-0.13988637845130336
94,0.2551082781366736,0.5710423107785465,-0.1500068438641144
95,0.26475288176875145,0.5725690911075036,-0.16063122372457722
96,0.2763304952113238,0.5761329861053535,-0.17164433350397496
97,0.2844193270586567,0.5787175470130181,-0.1824695393516495
98,0.2856252195530202,0.578900953219935,-0.1926430977385073
99,0.28136474881883267,0.5782433382046954,-0.202213105916065
100,0.27919768522806043,0.5796193976181565,-0.21104711764569262
101,0.28917818597163125,0.5839036541405276,-0.2192480039454182
102,0.29916765023330816,0.5872589280674114,-0.22731236240988661
103,0.2926292119952466,0.5880649785158083,-0.23561630900529829
104,0.28325369505527687,0.5880751304948333,-0.2444388871211184
105,0.2867957738466941,0.5877959014997975,-0.25388903466320834
106,0.29889284373882674,0.5870906375273695,-0.2635803871000796
107,0.3083556160376427,0.5864626792636276,-0.27290169248035057
108,0.30982931230625865,0.5860556339014438,-0.28175046827593997
109,0.30678203324385467,0.5872124875949722,-0.2903536073418238
110,0.30323792072791245,0.5909177796837459,-0.2988447361496033
111,0.29906546881391705,0.5939257822267683,-0.30705417300558646
112,0.29669881164993916,0.5942438451619039,-0.31476295403802923
113,0.299615454763563,0.5936757827579298,-0.32224805935844647
114,0.3054567405486568,0.593624230989509,-0.3299786261380664
115,0.3130440435098576,0.5938668528227162,-0.3381962701233099
116,0.3222574468757825,0.5941160312738039,-0.3466556425605497
117,0.32845115129505387,0.5958678975205303,-0.35486896463837025
118,0.3289648509648605,0.5994450458257528,-0.3628170000765738
119,0.32551166348742433,0.6016653745258087,-0.3707658067116789
120,0.3204107980376404,0.6011562123854279,-0.37860605466846176
121,0.315521482565967,0.599827939811646,-0.38602241721447805
122,0.3139011116603666,0.5992749237954329,-0.39316642857659967
123,0.3170791197507389,0.5998277001612968,-0.40046560957967503
124,0.3215840690191297,0.6008504500422545,-0.4079139712236386
125,0.32507831130208753,0.6032128741106966,-0.4152214589966119
126,0.3293396272044339,0.6072992797309102,-0.42249467407782815
127,0.33491110941623914,0.6096696545872895,-0.429771196768459
128,0.3382107229253555,0.608909711035938,-0.43677631343253465
129,0.33713417619885044,0.6072636460290555,-0.44363458758194496
130,0.33888622949485747,0.6062313868466318,-0.45040005047100484
131,0.36468224032285457,0.6059809498264626,-0.45685480729474937
132,0.419708883384204,0.6064086989265929,-0.4632190995750691
133,0.4755520005578978,0.6089119235244238,-0.46964097234936775
134,0.4818436553333122,0.6118958953578502,-0.4759310408162849
135,0.4225234636678621,0.6124746675216912,-0.4822937907827214
136,0.36467035833309636,0.6131869507681063,-0.488840508031096
137,0.3540232996740025,0.6144132394200374,-0.49530097338094836
138,0.36508668809250455,0.6142645596880705,-0.5015285043187026
139,0.36826214731456486,0.6133913467256935,-0.5074618119159933
140,0.3553296009481658,0.6127234239133412,-0.5133464383760333
141,0.33500243285541575,0.6127118372787357,-0.5193076473115996
142,0.3192425928661665,0.6130428424244949,-0.5251269145505806
143,0.314010100702085,0.6134105980163207,-0.530730802154767
144,0.31772748974736176,0.6135456301627709,-0.5361413399838741
145,0.3274291334242142,0.6131383895092164,-0.541649482065353
146,0.34074279808590036,0.6139683900136155,-0.5473690139519762
147,0.35329476808327076,0.6169181877942176,-0.5530967737514318
148,0.3605007140852987,0.6188370865338533,-0.5587663216063854
149,0.3580606183080688,0.6186143263500528,-0.5643360574036935
150,0.34553741385431513,0.6181297294619255,-0.569740147287874
151,0.32953606281710635,0.6183116104960977,-0.5749338039707457
152,0.316501644764442,0.6190445803271398,-0.5799182665500255
153,0.30890368654690936,0.6197483830342743,-0.5846986058298385
154,0.3079381482270692,0.6199913937952206,-0.5893015787926812
155,0.31334512356039035,0.6194337425317304,-0.5937825890810751
156,0.32259398998465527,0.6181128825470461,-0.5981975485533642
157,0.3319115474777242,0.6181868085570763,-0.6025971639261316
158,0.33780788971544884,0.6207762690037733,-0.6070464786359056
159,0.33646646241180667,0.6231127069079485,-0.6116037235083891
160,0.3319468239496073,0.6238715929645351,-0.6162559220923578
161,0.3567048076223679,0.6242582250839386,-0.6209340669098169
162,0.40237806082462624,0.6247709769182537,-0.6255842936169125
163,0.39582202483155793,0.6252214914258818,-0.6301819844577188
164,0.3401104400036091,0.6255694351810084,-0.6346998924135945
165,0.30432262188252013,0.6254667875022495,-0.6391330590998889
166,0.30623598038605704,0.6242828444901523,-0.643509459384306
167,0.3218790428108753,0.6223634729745522,-0.6478888758280164
168,0.3305317425507662,0.6205236982079183,-0.6523146061601406
169,0.32468512822222184,0.6192288781397981,-0.6567589689177007
170,0.3074000137991053,0.6188585143302354,-0.6612309584595777
171,0.2887855860000106,0.6211056690681174,-0.6657629343275597
172,0.27622736876355636,0.6259624460030186,-0.6703238241688041
173,0.2719281111222699,0.629628966311228,-0.6746020171335863
174,0.2759272528790204,0.630448334268757,-0.6784403488761723
175,0.2840864896244385,0.629887841182633,-0.6820779167046289
176,0.29150556329803956,0.6290368307861829,-0.6856907506195844
177,0.2969584742682533,0.6281763583268452,-0.6893503512206027
178,0.2989124337586001,0.627470330016429,-0.6930698414517205
179,0.293265399162857,0.6267120978908212,-0.6968747043115147
180,0.2797501630872772,0.6258602724996776,-0.7007954760053112
181,0.2651872756457252,0.6254780022149837,-0.7048444138976457
182,0.2555642030353198,0.6253190295095254,-0.708752078294091
183,0.2523843952501873,0.6249071705113638,-0.7124101956326094
184,0.2551716187185824,0.6246399212965468,-0.716037166459883
185,0.2620230466001391,0.6262909458287467,-0.719415829688671
186,0.2684242665732066,0.6301359385503233,-0.7224645070293034
187,0.2703974576898245,0.6327157293864571,-0.7254694547139404
188,0.26899796959337074,0.6325568206356349,-0.7285493382623593
189,0.2654035752793198,0.6316219133018937,-0.7317566207171504
190,0.2623561759477645,0.6310807247423034,-0.7348769218168623
191,0.25938726884730146,0.6310064085143492,-0.7378318552702918
192,0.24950950607145328,0.6312627912078232,-0.7408928471969909
193,0.2391599167488656,0.631341949737382,-0.7439424911377959
194,0.23952437819810302,0.6309260453287246,-0.7468870635828881
195,0.2469529739515136,0.6301415872436176,-0.7499098621035074
196,0.25410158063712984,0.6291342256858272,-0.7528085923449426
197,0.25824422266456704,0.6281803049817576,-0.7554853678014186
198,0.25879323773247354,0.62743827985033,-0.7581907135439689
199,0.2561104112978152,0.6268396145719088,-0.7610316225685279
200,0.2513310565264276,0.6263953401335001,-0.7640606968144696
201,0.2477226667747381,0.6262858239325726,-0.767101271868069
202,0.24788512630219794,0.6280247433812982,-0.7700656687292886
203,0.25133174653577806,0.6303285546598068,-0.773144937896677
204,0.25702088190183225,0.630730324854015,-0.7761763857387316
205,0.2643240374934819,0.6299855912229124,-0.7790614999934076
206,0.2738522995309435,0.6289450636191101,-0.7819811929051941
207,0.28309584852824177,0.6296840926940608,-0.7847399128958998
208,0.28900004227816567,0.6316058419323989,-0.7869681393268899
209,0.2925862048789447,0.6323004985095715,-0.7888189955969853
210,0.29510325566232354,0.6320542041334449,-0.7907297460682567
211,0.2989402919426033,0.6315671182537423,-0.7926697123931272
212,0.3039840298381803,0.6313013764838171,-0.7946036854941325
213,0.3084607111143839,0.6310107493339698,-0.7967667001901724
214,0.31485682104218937,0.6303639222223794,-0.7990027657417977
215,0.3245258605286866,0.6296093152029423,-0.8012484689638883
216,0.3352658041903809,0.6289978142920876,-0.8037474771581623
217,0.34526681964071526,0.6284218027836883,-0.8063042849064948
218,0.3542256795068347,0.6277549185481179,-0.8087548349293447
219,0.36111046204597586,0.627151610743863,-0.8112685885248432
220,0.37067257894156014,0.62685588021015,-0.8137287392704806
221,0.40684005687374447,0.6266416161197901,-0.8158756291645544
222,0.4763234133592311,0.626280903854352,-0.8178312044535225
223,0.543964204182156,0.6259146320250495,-0.8198966256856388
224,0.5559574673693986,0.6254816237134204,-0.8219641821556394
225,0.4993539641562046,0.6248683922983742,-0.8239837534832719
226,0.44406651990904833,0.624171594905564,-0.8261631256472399
227,0.4370974938305059,0.6250837748630016,-0.8283114622155292
228,0.4512185340368007,0.6268318477960371,-0.8300987971604057
229,0.4574186412348953,0.6271302985807543,-0.8316908104423808
230,0.4513935051102931,0.6283049458099732,-0.8334765675960583
231,0.4400047527676062,0.630266700612576,-0.8353747242080893
232,0.4294278640634248,0.6307807637612199,-0.8370484996548675
233,0.4263370222499633,0.6304325965756858,-0.8385862475095234
234,0.434416358414929,0.6298694443239159,-0.8403075865390002
235,0.4515112162568986,0.6293264567399364,-0.8420852116777966
236,0.4731886229725555,0.628829007101384,-0.8435692133499262
237,0.49611038278166175,0.6283317621005597,-0.8448877055559865
238,0.5166828821903764,0.6277525999072031,-0.846428788840722
239,0.5289530158252769,0.6269520356840386,-0.8481548756051147
240,0.5315764135568841,0.6261917044386143,-0.8497558717131515
241,0.5294582671729813,0.6257490479830081,-0.8510533018886179
242,0.5278943563961052,0.6254574137600029,-0.8522111651395656
243,0.5321713363537179,0.6251542372763299,-0.8535444628302105
244,0.5466839677447954,0.624838160461205,-0.854960801122171
245,0.568637528247818,0.6244133493286976,-0.8561720960646553
246,0.5921230764607259,0.623797290909123,-0.8572749377243598
247,0.6140818737617226,0.6231194254336461,-0.8585913587089213
248,0.6307126913837806,0.6224643056758854,-0.860060509481853
249,0.6402476949287401,0.6217885577888271,-0.8613842730011769
250,0.6497658672435942,0.6211774041258908,-0.8624144885812068
251,0.6923445982044587,0.6207222918514959,-0.8633833124479544
252,0.7618507360589164,0.6202298917230449,-0.8646730259574475
253,0.7802776576384705,0.6196817232610519,-0.8661586211906993
254,0.7412843484227056,0.6193422645275533,-0.8674630674478232
255,0.7162519000391208,0.619052536502142,-0.8683658867448201
0,0.7297573537149216,0.6185514142192734,-0.8690442508795391
1,0.7573710234563742,0.6196926883212528,-0.8699208157085287
2,0.778224461301189,0.6232882464575344,-0.8709901052890445
3,0.7863241569971999,0.6257786910216447,-0.8719884723943743
4,0.7820023835180785,0.6256629013573847,-0.8727867010337929
5,0.7733834006545159,0.6248739866324504,-0.8736146982515085
6,0.7695466706348775,0.6243826514790745,-0.8748192534884782
7,0.7740720370529783,0.6242524560915412,-0.8762169288869823
8,0.7884089700478425,0.6243156123898301,-0.8774207093327662
9,0.8121854775531983,0.6241548079273227,-0.8782509473216153
10,0.839047421970593,0.6235997575190839,-0.8786538854650119
11,0.8598963177445214,0.6227478750821851,-0.8789601752058305
12,0.8732669325494387,0.6216932943829159,-0.879624583616172
13,0.8820977890891504,0.6206029539678288,-0.8805412883957233
14,0.8858129875521881,0.6197556415686556,-0.8814042208264401
15,0.8857042652055536,0.6193283282733533,-0.8820849468059082
16,0.8884315359306267,0.6190957322819577,-0.8827439262966603
17,0.8984303669441434,0.6188380430822804,-0.883746706370601
18,0.9130296955092576,0.6187100583390734,-0.8849949666266395
19,0.9301792087079019,0.6187073521670226,-0.8860813757416666
20,0.9492162160601962,0.6183815650900755,-0.886837495723829
21,0.965501119235352,0.6175160992951017,-0.8872781383292576
22,0.9760864136026921,0.6165047298700352,-0.8874066239864438
23,0.9818090811038651,0.6156883454889348,-0.8874849012524502
24,0.9813433978611936,0.614917590911956,-0.8879490130626344
25,0.9756925425535727,0.6142000953819617,-0.8887323291262197
26,0.974978545382974,0.6138295568655301,-0.8894887390475477
27,0.9826571607687846,0.613643082502392,-0.8900307680553357
28,0.9918011748640074,0.6133279446036615,-0.8902906112442479
29,0.9976074133074091,0.6130092519136807,-0.8905340245696203
30,0.9997471262780606,0.6127485279408196,-0.8911613987600422
31,0.9999749391711772,0.6122857510384947,-0.8920973899636162
32,0.9971195463521889,0.6115274316077137,-0.8930154394481251
33,0.993650321752674,0.6105670908920269,-0.8937077362241084
34,0.9928813116911805,0.6112043689368192,-0.894059875024162
35,0.9898442184501741,0.614469622566532,-0.8943237425141315
36,0.9839523881399304,0.6171602636767388,-0.894915065429454
37,0.9814186587996483,0.6174877148516951,-0.895762723838708
38,0.9822700521003882,0.6169765986382596,-0.8965386912755515
39,0.9815007439667376,0.6166932127793645,-0.8970650694999676
40,0.9791517569496175,0.6166900954291845,-0.8972953685119238
41,0.9792992777439915,0.61660874472602,-0.8972756590826361
42,0.9789452135629113,0.6163342982686071,-0.8970526495933884
43,0.9738979285049583,0.6157258797483431,-0.8969009104592205
44,0.9677477892155641,0.6146788444144446,-0.8972030394359067
45,0.9635801097110601,0.613500051663574,-0.8978099928695178
46,0.9608554957518307,0.6125099047419773,-0.8983298502608017
47,0.9587120489426568,0.6120457083166237,-0.8986183941009127
48,0.9584638301530046,0.6120225105739352,-0.8986695128019462
49,0.9591376533973155,0.611904341688247,-0.8985305175440623
50,0.9564711328416116,0.6116526278319983,-0.8982598915750786
51,0.9537735428129697,0.6113977480119279,-0.897884632637159
52,0.9537129662906629,0.6109584787728117,-0.8976374309432575
53,0.9516925133076564,0.6102127681664606,-0.8978526407234972
54,0.9432380329991314,0.6092145423337676,-0.8983954787330362
55,0.9288410784908501,0.6083060205058577,-0.8988791718302309
56,0.9226382123490113,0.6075993357610705,-0.8991181583658574
57,0.932429436801955,0.6068293786820902,-0.8991050158474994
58,0.9422410687198601,0.6060301652002964,-0.8991565730886943
59,0.9416161555128406,0.6055460383541056,-0.8996926590117127
60,0.9364308191635922,0.6055782087085437,-0.9006257547450525
61,0.9325178337968971,0.6058486360126392,-0.901607069647516
62,0.93161926642667,0.6057636867367564,-0.9024214963000006
63,0.9312327682726691,0.6050993148785568,-0.9029105009062364
64,0.9306359731896987,0.6041187922355873,-0.9029854349985742
65,0.9325901704508799,0.6029449225896506,-0.9026546743323483
66,0.9343992852344685,0.6016864031985643,-0.9019680510377617
67,0.9320640818883175,0.6009219392169236,-0.9012725113557454
68,0.9282970411605711,0.6007234269103061,-0.9010915397329615
69,0.9230539327984912,0.6004372765887838,-0.9014170611471997
70,0.9117425449199401,0.6001489773606055,-0.901884366006179
71,0.8961408783919689,0.5999618377622902,-0.902269400247945
72,0.8829699401408906,0.5995330705040232,-0.9024868967499131
73,0.8742152653592039,0.599015014764535,-0.9025020266721038
74,0.865040076636904,0.5984357059023602,-0.9022765712710252
75,0.8520304522811823,0.5976832921242976,-0.9017972205873721
76,0.8373772314026366,0.5969338080569675,-0.9013432821915637
77,0.8228496644538126,0.596333317583823,-0.901299228801379
78,0.8078129331573964,0.5959076913616457,-0.9015627375883835
79,0.790626464128547,0.5854532875056981,-0.9018300079739223
80,0.7717144488288155,0.5186591205878044,-0.9019787399422516
81,0.7561075017829839,0.35005303224915774,-0.9019710894219548
82,0.7460556169195935,0.12167198163288662,-0.9018373456645188
83,0.7388517600790077,-0.05567692766470267,-0.9069086974180691
84,0.7366465696877569,-0.12510632029592927,-0.9307375708560639
85,0.7617196681171268,-0.13435719488979347,-0.9727708721859116
86,0.7999956025878101,-0.1474333194072175,-1.0284194062709076
87,0.7855336375605966,-0.17763552264570337,-1.1141107484569144
88,0.7241286409438672,-0.20799752624577184,-1.2311249450131063
89,0.6790836666088518,-0.2203103774229438,-1.357675005218526
90,0.6650352145384786,-0.20801076103867705,-1.4775799994692815
91,0.6620150616637888,-0.1765905867447337,-1.583416414005788
92,0.6557588210101486,-0.13891014307842908,-1.6723680908900684
93,0.6431067461743754,-0.10931023071690205,-1.7433384677095152
94,0.626470422721954,-0.09824361472974974,-1.7956107094718377
95,0.609251574658733,-0.10871993366519994,-1.8288267237912637
96,0.5940940243341923,-0.13558025925957184,-1.8436898966579296
97,0.5842084997148167,-0.1677820981464102,-1.8426799508447385
98,0.580067155359663,-0.19277493218021813,-1.8302163131276084
99,0.5767189842298144,-0.20125980068397864,-1.8120420524896854
100,0.5707931061862732,-0.19052700523333,-1.7939857066964926
101,0.5624609593107059,-0.16517447612088798,-1.7805460903078743
102,0.5517439991554556,-0.13505186251333845,-1.7738336430664718
103,0.5385917097024324,-0.1113294347554552,-1.7732697513951452
104,0.5239115252244908,-0.10225584419163014,-1.7761558251185443
105,0.5108375180007703,-0.11021252339879273,-1.7788962307442953
106,0.5013840928275466,-0.13110841090371506,-1.7784215715558727
107,0.494746399407747,-0.156228557636515,-1.773299131168577
108,0.4902004921020675,-0.1757223353445403,-1.7641518158521636
109,0.4854058618628527,-0.1823411534678655,-1.7532774228889831
110,0.4784277583764307,-0.17401158420182278,-1.7436592760664373
111,0.4696697057421928,-0.15425670067717295,-1.7377737390657853
112,0.45956271414327543,-0.13075884284286338,-1.7366533465943403
113,0.4480799100611399,-0.11232469391301295,-1.7395439458929198
114,0.4416459101727428,-0.10517953508622518,-1.744253800630922
115,0.46726101950357224,-0.11094412813336213,-1.7480280865699873
116,0.508908584041585,-0.1264982147515505,-1.7485939158826538
117,0.4958565078447099,-0.14527002523330956,-1.74497559587775
118,0.4361007890455413,-0.15984702563666875,-1.7377868219271182
119,0.39762341422247527,-0.16479755309492516,-1.7289177397889262
120,0.39418891717637106,-0.15858873772293025,-1.7207654924593196
121,0.3989122531871887,-0.14392545687559216,-1.7153194229934323
122,0.3950710148377752,-0.1264829601006549,-1.7134361802281717
123,0.38248032910801655,-0.1126098858416858,-1.7146049095831453
124,0.36535696132266837,-0.10692549005230151,-1.7172397424287489
125,0.35026822250986,-0.11071514395902216,-1.7192991446926573
126,0.34024386200421164,-0.12167172598352288,-1.719064655212983
127,0.33505792438378956,-0.13499160057679271,-1.715777019904773
128,0.33676290655850116,-0.14532632434797277,-1.7098551410126035
129,0.3445067070418488,-0.14880402533243164,-1.7026652129244813
130,0.3516245345841891,-0.1443613509040227,-1.6959542590826029
131,0.3511007179224399,-0.13393700277431048,-1.6911798282413644
132,0.34311325417396377,-0.12153528255029089,-1.6889912115201664
133,0.3328096424354625,-0.11159038300063329,-1.6890443990889885
134,0.3227937392404959,-0.10729274862563654,-1.6901967583996447
135,0.3138988659232559,-0.10950441268553007,-1.690983193720573
136,0.30944776605989865,-0.11662287303795399,-1.6901777835273757
137,0.31199365425955916,-0.12537065034451172,-1.6872269422731208
138,0.318357914548843,-0.13206053196742298,-1.6824031633671455
139,0.325256643493292,-0.13416335971837295,-1.6766430889067578
140,0.3316490415335449,-0.13120151723011253,-1.6711534419170384
141,0.3374272482005847,-0.12439078174579343,-1.666948121281524
142,0.3418488182615854,-0.11618662873386121,-1.6644926923019785
143,0.34280974593671687,-0.1094726847433033,-1.6635788637971922
144,0.34548953750558764,-0.10632204226927505,-1.6634565291408956
145,0.37816273223107555,-0.10727610466425386,-1.663153329365585
146,0.4294585863269652,-0.11130757475738073,-1.6618481495183817
147,0.4306094114727551,-0.11637077097599134,-1.6591564217173431
148,0.3881053688072995,-0.12026428314696534,-1.6552301469484911
149,0.366440911180949,-0.12145582955035045,-1.6506527311235892
150,0.3783706567133158,-0.11948701342816997,-1.646186386900414
151,0.39839683084089694,-0.11518779835472281,-1.6424789016902093
152,0.4073917697170413,-0.11028239323834532,-1.6398412944087006
153,0.40548531059182624,-0.10629714011208846,-1.6381706807962946
154,0.3978318866236279,-0.10416125269149484,-1.6370315113566214
155,0.38911234360231306,-0.10414899968277369,-1.6358485210135125
156,0.38528415682327033,-0.10574186276318175,-1.6341285357976716
157,0.38944138737309864,-0.10789869926906773,-1.6316268422482176
158,0.4011140981004775,-0.10952623563676835,-1.6284039535558543
159,0.4168133225477677,-0.10990054924109666,-1.624765477450942
160,0.43191315314039747,-0.10887463926786611,-1.6211218273823782
161,0.44070727951887156,-0.10682861508869568,-1.6178294151287336
162,0.440090382101024,-0.10442760322877553,-1.6150736101503664
163,0.4321094592859738,-0.10231640910061424,-1.612829954261528
164,0.42082196251995496,-0.1008835120717444,-1.610905866865056
165,0.4104239948562418,-0.10017659090089137,-1.6090348906608858
166,0.40400312385856463,-0.09997470741977002,-1.6069804631380222
167,0.4033183482615228,-0.09995438528862358,-1.6046098967289755
168,0.4080306256024506,-0.09985638494046087,-1.6019174311755942
169,0.41545613441851614,-0.09957587188324928,-1.5989984360641634
170,0.4222019923475502,-0.09914816869733978,-1.5959949966053637
171,0.4255459950413525,-0.09865864255796014,-1.5930397153087785
172,0.42226249053274323,-0.09814104935507728,-1.590218926379472
173,0.410567966631338,-0.0975282531501157,-1.5875632733775262
174,0.4003841205800367,-0.09668538687913064,-1.5850599437022854
175,0.4246188376653779,-0.09550693585649855,-1.5826730305354122
176,0.47119759879684264,-0.09402108246152763,-1.5803590932742173
177,0.46695212183563584,-0.09243641652184517,-1.578072194480053
178,0.4160113647052315,-0.09109239221777884,-1.5757616461679511
179,0.38558561832623606,-0.0903233685969395,-1.5733711762769156
180,0.3885743713736456,-0.09029328364321121,-1.5708472868543266
181,0.39980987560595405,-0.09088044857284933,-1.5681579379516126
182,0.402515606045708,-0.09167707362322997,-1.5653142421706274
183,0.39263160536662767,-0.09212057388354322,-1.5623825910497517
184,0.3742796077347289,-0.09171365034412193,-1.559476063329722
185,0.3573859539561838,-0.09024465208627519,-1.5567222259258147
186,0.3488044909217315,-0.08791065806640666,-1.5542160533825689
187,0.349005205935483,-0.08527966553503885,-1.5519760889607124
188,0.3558300345792482,-0.08309297850312569,-1.5499240990033911
189,0.3657552639832773,-0.08197785427802019,-1.5479013009536446
190,0.3730216927164631,-0.08218396169642808,-1.5457199745255714
191,0.3716318586647148,-0.08345504841481988,-1.5432336327237497
192,0.36240112592293594,-0.08501540899223581,-1.5403988432662472
193,0.3512294786512322,-0.08602929304150897,-1.5373022877023086
194,0.3392764452180319,-0.08597201098060586,-1.5341385023084704
195,0.3278408835886877,-0.08448200071293366,-1.5311428411236419
196,0.3210159681461999,-0.08169380198673182,-1.5285029907098435
197,0.31824631375982926,-0.07842021777216318,-1.5262829129127198
198,0.31955724923317264,-0.0756984890575744,-1.524390433901087
199,0.32526744752201364,-0.0743536791262312,-1.5226041075753711
200,0.33008441020416035,-0.07468466739929669,-1.5206521207303907
201,0.3296420676507398,-0.07634834086223835,-1.5183148290286144
202,0.3254634692124827,-0.07848096835691304,-1.515511704373497
203,0.31789657075743105,-0.0800201308794028,-1.5123378750868648
204,0.31009344531023275,-0.0801107874031009,-1.5090339139664963
205,0.32173117436276,-0.078439828892724,-1.5058982116203934
206,0.3473649202124547,-0.07536670187459302,-1.5031741623573662
207,0.3426670100018919,-0.07179521942265539,-1.500955288815803
208,0.3085217141354516,-0.06883247278806456,-1.4991456618962915
209,0.2878712202052781,-0.06736474187418676,-1.4974923676548237
210,0.2905022609865482,-0.0677141879014371,-1.495679098836701
211,0.29712026392270796,-0.06951022175102034,-1.4934459399955902
212,0.2947677916672362,-0.07182704658008837,-1.4906895721708642
213,0.2853098581552427,-0.07345344153659517,-1.4875049302749241
214,0.27410911418262773,-0.0735340435112321,-1.4841514226313732
215,0.2641175415826411,-0.07194614572540314,-1.4809426477599605
216,0.2562972366707241,-0.06898095406909974,-1.4781432821367004
217,0.25143876413344424,-0.065402289780517,-1.4758889925988328
218,0.252531343329062,-0.06236608357660806,-1.47409961386361
219,0.2574431974167778,-0.060824409926855866,-1.4725049032806545
220,0.260499142316197,-0.06112515378959313,-1.4707681005002011
221,0.25916339968608804,-0.06289636027279971,-1.468611367116896
222,0.2511381613957796,-0.06520787983496718,-1.4659193739111305
223,0.2383633963041658,-0.06693455003930854,-1.4627814888922646
224,0.226961719730714,-0.0671851855819488,-1.4594564760562356
225,0.21764970235373116,-0.06563790435536909,-1.4562732522512465
226,0.20932078929042397,-0.06265615358714513,-1.4535056465208913
227,0.20529987759767754,-0.05906067022374012,-1.451268895217971
228,0.20529789964367195,-0.055989607610955644,-1.4494770834408994
229,0.20573579266889785,-0.05451263892647569,-1.4478772715668313
230,0.20695703035480906,-0.05486119439892451,-1.4461467140754274
231,0.20692495229737262,-0.05651908123115029,-1.4440156627518075
232,0.2024495098512724,-0.05864088397798484,-1.441368855447403
233,0.19450993589239807,-0.060226460931740666,-1.4382873806839584
234,0.18495703597564217,-0.06038225011384568,-1.4350157100716654
235,0.17878244345564964,-0.05884795647140191,-1.4318673194045872
236,0.17725457982865933,-0.05614944339715124,-1.4291054809619612
237,0.1720717027415437,-0.053025497333197134,-1.4268447399608504
238,0.1621622227150889,-0.05030831272567818,-1.4250100798771665
239,0.15489276423428672,-0.04881664968599844,-1.4233683316642947
240,0.15179850167461317,-0.04889612752611047,-1.4216187556397077
241,0.14931656827754536,-0.050261661332888674,-1.419507520449622
242,0.1445620559453769,-0.05213302377787535,-1.4169223746091322
243,0.13723413043539234,-0.05355614726271973,-1.4139321117846464
244,0.1269233414804814,-0.05377214003122843,-1.4107570039055553
245,0.11604661030681107,-0.05249780006304297,-1.4076827664130347
246,0.1097436955120244,-0.05001873669114935,-1.404951712642922
247,0.10675717664304663,-0.047066279198249406,-1.4026726561179945
248,0.10188838730804362,-0.04453009630238214,-1.4007831173180723
249,0.09409148226210563,-0.04311902750463202,-1.3990637553733039
250,0.08537259651053053,-0.04309944980275823,-1.3972400949823731
251,0.07658379752291627,-0.04412534283103753,-1.3951082698603652
252,0.0687848114374221,-0.04556235328136796,-1.3925760859488419
253,0.062089980479472395,-0.04678703292518646,-1.3896903754979646
254,0.055116261809666,-0.047057880644369554,-1.3866364497121726
255,0.04785123525646501,-0.04595935646676852,-1.383662514039984
0,0.03920628764234857,-0.04375806202635206,-1.3809830425401408
1,0.030505007328685163,-0.04113246456900646,-1.378698053558502
2,0.024603419217116243,-0.038867315214442644,-1.3767581208384496
3,0.01903704102164812,-0.037568730042834474,-1.3749868354294672
4,0.01308514036151584,-0.037457974686029766,-1.3731504593258808
5,0.008202630033084607,-0.03830686367108982,-1.3710470823756302
6,0.0017172149006155074,-0.039538536361911625,-1.3685811385355189
7,-0.00798416773527355,-0.04045475515882532,-1.3657957420980749
8,-0.015747071180200134,-0.040501307573420964,-1.3628520598962455
9,-0.013545330816815138,-0.0394701458754521,-1.3599651962213222
10,-0.008918187595753621,-0.0375642367296498,-1.357322084301141
11,-0.018334388464616075,-0.03530580418883099,-1.3550127635224185
12,-0.03732807547637758,-0.03332846312398911,-1.3530003084684452
13,-0.05055079890074568,-0.03213583812457371,-1.351139284552385
14,-0.05552967773261325,-0.03191856187420125,-1.3492340558173943
15,-0.05972970233315228,-0.03249590590692136,-1.3471136537516668
16,-0.06766939660654425,-0.03339879179347781,-1.3446945819279765
17,-0.07695173689836865,-0.034057171194529196,-1.3420085373660222
18,-0.08509414422103864,-0.03401715992865892,-1.3391860540050442
19,-0.09385153256625256,-0.03310533703796381,-1.3364039243766275
20,-0.1025207743611346,-0.0314810117716742,-1.3338174952834025
21,-0.10862458007214018,-0.029561863706009488,-1.3315037368314675
22,-0.11451688298656809,-0.02785646790669659,-1.3294358910235986
23,-0.12233174471323488,-0.02677058496477553,-1.3274978333692227
24,-0.13130835282692588,-0.026460849844657963,-1.3255310966416962
25,-0.13885008717636077,-0.02678831472946215,-1.3233956082746987
26,-0.14410734819159782,-0.027302011767056142,-1.3210208987171201
27,-0.14935253306041912,-0.02759669848314779,-1.3184291242092736
28,-0.15541925891584163,-0.02751571829241771,-1.3157094864296082
29,-0.1617260668788274,-0.026836071116733654,-1.3129973258839436
30,-0.16766932930737827,-0.025511055567267876,-1.3104432868873728
31,-0.17292056935968864,-0.02388796155518575,-1.308123701893857
32,-0.17748090578183723,-0.022414112759169005,-1.3060112978589933
33,-0.18160013081135484,-0.02142854661928984,-1.3040107424562004
34,-0.18563399806646086,-0.021054501245067428,-1.301995152657315
35,-0.19162672845823991,-0.021180083882540723,-1.2998528917051355
36,-0.19872654179822447,-0.021517664898205904,-1.2975267669300758
37,-0.20443296679565698,-0.021719721417080937,-1.2950314307476063
38,-0.20630373458061024,-0.021509605902116605,-1.2924436032429245
39,-0.1900723654530141,-0.020779285521193173,-1.2898701112551842
40,-0.16451660602855556,-0.019619380655391323,-1.2874067149258903
41,-0.1701139843526775,-0.01827386517211397,-1.2851034169675928
42,-0.20482124407105262,-0.017040590874657376,-1.282935572390163
43,-0.2317006201064915,-0.016157893177596354,-1.2808325383153498
44,-0.24104909737002822,-0.015720290840563325,-1.2787280925905278
45,-0.24447286196793738,-0.015652766310265964,-1.2765518754776308
46,-0.24930679321053761,-0.015749433189414762,-1.2742508044305971
47,-0.2586908866229858,-0.015758070205924124,-1.2718277346252722
48,-0.27321173174164637,-0.015476157497205378,-1.2693348999256227
49,-0.28721469381161546,-0.014822057316155705,-1.2668499951681382
50,-0.2965448856885745,-0.013856669786582967,-1.2644448171035738
51,-0.29986731709391046,-0.012750981668301846,-1.2621584559616439
52,-0.2993652356414015,-0.011715334584236188,-1.2599845569619088
53,-0.29901613115531045,-0.010919322416321403,-1.2578763505685306
54,-0.2994575537031243,-0.010432613880521972,-1.2557663521820892
55,-0.3011781997939612,-0.010207004887402418,-1.253592438136514
56,-0.30348343588154925,-0.010103196619696574,-1.2513202308339313
57,-0.3075194172184469,-0.009866519328156985,-1.2489537946376879
58,-0.3147671648085,-0.009401917899644525,-1.2465315220091338
59,-0.3229536450640451,-0.008853778626657028,-1.2441097709884192
60,-0.33023966053759646,-0.008176412180057872,-1.2417411386313297
61,-0.3341471498819565,-0.007314086067957793,-1.2394557191609619
62,-0.33505038963816314,-0.006429928318228143,-1.2372519713688526
63,-0.33587306511757853,-0.005689653400231323,-1.2350997860256867
64,-0.33745129620065495,-0.005164879955089579,-1.2329536702168529
65,-0.34025723640706074,-0.0048270471434800274,-1.2307704289844987
66,-0.3444881969604954,-0.0045809318283659825,-1.2285245402424576
67,-0.35012719177620333,-0.004310203022587513,-1.2262158313357436
68,-0.35186692593618485,-0.0038385339961849356,-1.2238673367420785
69,-0.32505564714162816,-0.0031692561634568076,-1.2215149816487507
70,-0.28197233868513794,-0.002525679400821438,-1.2191935649077297
71,-0.28799385842486036,-0.0018930886258286816,-1.2169244494737335
72,-0.33848740452206827,-0.0011909394110139557,-1.2147092387152267
73,-0.37345293210093466,-0.0005158164595622516,-1.212531132374338
74,-0.37895309872819705,0.00004598947690550095,-1.210362706691872
75,-0.3723553086962532,0.00048373998789308544,-1.208176668828501
76,-0.37023948792677497,0.0008466292848022024,-1.2059554248612643
77,-0.37858079093151153,0.0012058707277544985,-1.2036961783728959
78,-0.39152743613962415,0.0016223311036152165,-1.2014102497388706
79,-0.40386126309753667,0.0021271791708224715,-1.1991175297114811
80,-0.41351450689318314,0.0027164780221758875,-1.1968386117451923
81,-0.4162809837235246,0.003358217819943596,-1.194587659708609
82,-0.41115514429076583,0.004007571582993546,-1.1923684123039684
83,-0.4018576635909237,0.004624027397002659,-1.190174292211919
84,-0.39443431442724786,0.005184156778922824,-1.1879920041578829
85,-0.3931666217075096,0.00568626681882815,-1.1858068711312821
86,-0.3963210630580152,0.006146793623215872,-1.1836078206559666
87,-0.40161996148903323,0.006591366703553626,-1.181390393684305
88,-0.4085776196516566,0.007044846186534167,-1.1791439934790304
89,-0.41536857816212813,0.007524058269739797,-1.1768707418514581
90,-0.41932680292993685,0.008035036242823515,-1.1746055288934292
91,-0.418911067554651,0.008574379848172692,-1.1723689680212663
92,-0.41439670613247026,0.009132863528188574,-1.1701567228292062
93,-0.40593974851631165,0.009699150600086177,-1.1679636211354802
94,-0.39699971057419536,0.010262262139226274,-1.1657840556817982
95,-0.39381513347713604,0.01081267729115952,-1.1636124159844101
96,-0.39592160587476344,0.011342863959738235,-1.1614433798748345
97,-0.40141859426436977,0.011848179153756473,-1.1592721149276417
98,-0.40511257700574244,0.012328442576993927,-1.1570945827677428
99,-0.37880145236182083,0.012789530554991466,-1.1549080936521356
100,-0.33440948897055867,0.013243699278316111,-1.1527120422592363
101,-0.33938050909617556,0.013707498012228467,-1.1505084999269708
102,-0.38656010733815627,0.014197118440237327,-1.1483022149673756
103,-0.41323149585878793,0.01472241622170838,-1.1460996958952423
104,-0.41068313654591326,0.015281926153858587,-1.143907411665828
105,-0.4031530509881537,0.015861332405181706,-1.1417295929544355
106,-0.4026601661474638,0.016436808901723374,-1.139566441260286
107,-0.40956102778387815,0.016982731145515344,-1.1374135608204843
108,-0.42085453635200887,0.017481256833969942,-1.1352630610912358
109,-0.43167210522074373,0.01793008988029912,-1.1331061456263996
110,-0.4376139206997882,0.018345017350410782,-1.1309363544565598
111,-0.43687296011423093,0.018755586386872157,-1.1287522471712133
112,-0.4301347430670017,0.019194951977208045,-1.126558400390563
113,-0.41958615210584893,0.019687418574444414,-1.1243641595315501
114,-0.41056448485504493,0.020238449686278442,-1.122180438226792
115,-0.40797738198684985,0.02083130583552739,-1.120015667913492
116,-0.4107702293593547,0.02143210961699482,-1.1178724261535922
117,-0.41674359004603057,0.022001883549202017,-1.1157461113367875
118,-0.42512151613532856,0.022511238414481258,-1.1136263093581125
119,-0.43345554843148815,0.022952094569523677,-1.111500472751466
120,-0.4384940257203873,0.023341703913228956,-1.1093586010240126
121,-0.43835951319999755,0.02371705417236178,-1.1071971517674406
122,-0.4330719278601911,0.02412143671653945,-1.1050206319696194
123,-0.4249362455550023,0.02458810331466619,-1.1028401603331424
124,-0.4171225409235191,0.025127254193957643,-1.1006694454523784
125,-0.41193625954457547,0.025721504756606478,-1.0985196462138047
126,-0.410982403353894,0.026331828282868425,-1.0963950621163776
127,-0.4145237494288623,0.02691195141911626,-1.0942913363231894
128,-0.41581967641092654,0.02742584702638809,-1.092196925790316
129,-0.388009286690183,0.027861648613883613,-1.0900973474346807
130,-0.34355028595489867,0.02823656220438267,-1.0879806267142729
131,-0.34826542835137775,0.028590734639126883,-1.0858418806636827
132,-0.39468869933293516,0.028972268911336127,-1.083685265153524
133,-0.4202658233450133,0.02941902145926921,-1.0815225033996354
134,-0.4146706477008787,0.029944123824749896,-1.0793685163060056
135,-0.4018437643228444,0.030530810030633626,-1.0772357943007989
136,-0.3976805906991556,0.031138603352555472,-1.0751296492269073
137,-0.40448629232669964,0.031718568818116535,-1.0730461650373382
138,-0.4172138781566277,0.03223184724795129,-1.070973644756548
139,-0.42923774710212625,0.03266440537053002,-1.0688970173723296
140,-0.43560408526201155,0.033032365537721334,-1.0668035346376255
141,-0.4342173749791487,0.03337587572534294,-1.0646875910900055
142,-0.42436685389617246,0.03374386154484685,-1.0625528331349234
143,-0.40879763779826805,0.03417548241245537,-1.060410757743171
144,-0.3952776499413002,0.034685359399355215,-1.0582763408542943
145,-0.3887409618544313,0.035258178250863664,-1.0561623658757275
146,-0.3892337931988401,0.03585467079291543,-1.0540746111441592
147,-0.39542400386690857,0.03642663150382876,-1.0520097176405763
148,-0.4043173747987907,0.03693520122544963,-1.049956527989826
149,-0.41203088592232784,0.03736545155835687,-1.0479003626959011
150,-0.4156272138880994,0.037731771645713466,-1.0458285880841394
151,-0.4143156978336462,0.038072108909854824,-1.043735354909309
152,-0.40881806458453696,0.038433370344689716,-1.0416237225405078
153,-0.40098212817090473,0.03885362072033434,-1.0395043949487546
154,-0.3937091831850885,0.03934785968455644,-1.0373915884192941
155,-0.3893977490462519,0.03990271103038344,-1.035297631172464
156,-0.38948422489145407,0.04048190253219125,-1.0332283535668298
157,-0.3935760719003547,0.04104029766961895,-1.0311809984036469
158,-0.3960588239359527,0.041541036300246206,-1.0291454007495622
159,-0.371391702834292,0.04196925508390312,-1.0271079378350492
160,-0.3292379033604751,0.04233726723455811,-1.025056710701842
161,-0.33232195644144946,0.04267940494754545,-1.0229859810109065
162,-0.37427101809667773,0.043038670988870084,-1.0208982042767492
163,-0.3968546339201352,0.043450399389241987,-1.0188029404175154
164,-0.3915544205947096,0.043929148645064114,-1.0167131155883022
165,-0.38210682505926075,0.04446369845241881,-1.014640098877504
166,-0.3816905244285733,0.04502185475941911,-1.0125894732143395
167,-0.3892702323731252,0.0455630281342153,-1.0105590764188732
168,-0.4005256109339477,0.046053665763541266,-1.008539996739875
169,-0.40915943056399784,0.04647965922010086,-1.0065200780595696
170,-0.4122751586546929,0.04693356861381494,-1.004488555370867
171,-0.41018160338658505,0.047400810334463084,-1.0024400499366584
172,-0.40309041063612483,0.04771635327641831,-1.0003764398108639
173,-0.3930305649681676,0.047994365145159285,-0.998305959484949
174,-0.3832710396609704,0.048414885033154775,-0.9962399419296579
175,-0.3774355694199274,0.048943576152112006,-0.9941884914045178
176,-0.37757520197046834,0.049499529024862154,-0.9921567409283827
177,-0.38286298338218705,0.05002438531153741,-0.9901430811015905
178,-0.3907465854777419,0.05049030141482366,-0.988139965835428
179,-0.39806606687897195,0.050894326849354715,-0.9861369148339625
180,-0.40205695335891756,0.051253748096988405,-0.9841245198656976
181,-0.40123113683799305,0.05159968421693614,-0.9820979224770605
182,-0.39592652216241264,0.051966462678831704,-0.9800584779322987
183,-0.38855049566600175,0.05237930810626146,-0.9780130420381381
184,-0.38339289592339054,0.0528452624118827,-0.9759712270621788
185,-0.3834246830049548,0.053351094036933666,-0.9739417223348394
186,-0.3866853729368347,0.05386891383172332,-0.9719290878649729
187,-0.3908095288730752,0.054367106608845445,-0.9699322029131001
188,-0.3907434404438832,0.05482225058326187,-0.9679448900080501
189,-0.3617928541806297,0.05522751596001363,-0.9659584019991616
190,-0.31697049230694063,0.05559454574299716,-0.9639647743313478
191,-0.32154722007381353,0.055948381346434456,-0.9619597584938364
192,-0.36781004473780754,0.05631760892182061,-0.9599442579061348
193,-0.393562732716788,0.05672359520490522,-0.9579237887550605
194,-0.3887123273825389,0.057172860354108596,-0.955906244898221
195,-0.3770364938151535,0.05765529525029517,-0.9538988681312275
196,-0.37365708629199246,0.05814863545421525,-0.9519055852464411
197,-0.3820037909740126,0.05862725394503607,-0.9499256887855605
198,-0.398225802863714,0.059071810745567,-0.9479542963559986
199,-0.4111695621510898,0.05947613301058571,-0.9459843417524691
200,-0.41532988055554854,0.05984889470627244,-0.9440092906822728
201,-0.4129040742617831,0.060209712050550424,-0.9420255390566612
202,-0.405369774040617,0.060581366736654624,-0.9400336162367595
203,-0.39671695179634026,0.060981228518943636,-0.9380377999801803
204,-0.38945077264631744,0.061415098530363504,-0.9360443589320497
205,-0.38452911389710676,0.061875638287555046,-0.9340591392679634
206,-0.3843895062894187,0.06234573924733078,-0.9320854223712289
207,-0.3910987520161746,0.06280533516882064,-0.9301228355519418
208,-0.4033837423665383,0.06323895786075667,-0.9281676687545581
209,-0.4127221761486559,0.06364120034604231,-0.9262144105637988
210,-0.4151120335168075,0.06401817568377119,-0.9242578734026119
211,-0.41476236213447204,0.06438464558636717,-0.9222950907737588
212,-0.41018217497694476,0.06475811486277869,-0.9203262957569605
213,-0.40135570933419285,0.06515224031273373,-0.9183546665990021
214,-0.3952386151649354,0.06557202654393823,-0.9163849986648369
215,-0.3933527902778582,0.0660124809521705,-0.914421851387822
216,-0.3939460857135151,0.06646102543732177,-0.9124678835736257
217,-0.39711872821059635,0.06690255685996196,-0.9105229814608351
218,-0.3971811146081786,0.06732513498983461,-0.908584457003371
219,-0.36974088288509166,0.06772416586114183,-0.9066481823032277
220,-0.32689213316492227,0.06810363279080875,-0.904710187902372
221,-0.33072758810227865,0.0684741049930512,-0.902768108821085
222,-0.37672222987874204,0.06884845848132998,-0.9008219547921663
223,-0.4061851962700458,0.06923702670464185,-0.8988739620972774
224,-0.4049445121820987,0.0696439971655507,-0.8969276378283957
225,-0.3955518861913443,0.07006629335150127,-0.8949863980636454
226,-0.3956447372035601,0.07049518502077212,-0.8930523258343128
227,-0.4051390368448,0.0709198510476586,-0.8911254970477556
228,-0.4175632923174948,0.07133145640091457,-0.8892040844285889
229,-0.4284406457974339,0.07172621758306183,-0.8872851497696019
230,-0.4343775206228999,0.07210640990553674,-0.8853657879971117
231,-0.4333455744865211,0.07247909982769607,-0.8834441803605846
232,-0.4277967945712349,0.07285323364385987,-0.8815201782633233
233,-0.42139275624087746,0.07323626616401888,-0.8795952379119183
234,-0.4145289714020097,0.07363159028104554,-0.8776717764773618
235,-0.4091082152472161,0.07403763720225565,-0.8757522269581965
236,-0.4086625554851404,0.07444883896585988,-0.8738381583273118
237,-0.4138738590760771,0.07485795240531268,-0.8719297757762585
238,-0.42237475429733573,0.07525879052821369,-0.8700259528928997
239,-0.4304375456215104,0.07564834082160643,-0.8681247419110498
240,-0.4362826412904046,0.07602756168255795,-0.8662241385677358
241,-0.437539923210152,0.07648312221060391,-0.8643228040056523
242,-0.4327429959049107,0.07697622457143577,-0.862420486815648
243,-0.4263939175302587,0.0773088921660926,-0.86051801901634
244,-0.421022137980529,0.07756635598969716,-0.8586169249855575
245,-0.4171827441303124,0.0779146766449833,-0.8567188186119812
246,-0.4170584633651011,0.07832550585836578,-0.8548248241844547
247,-0.4210188079025281,0.12366739265919063,-0.8529352257075811
248,-0.42221066609956726,0.43398672290411267,-0.8510494474243671
249,-0.39544165833148615,1.099159655696703,-0.8491663395318789
250,-0.35262821120814025,1.720514366375127,-0.847284636605099
251,-0.3539380763837062,1.9699308813837442,-0.8454034086516904
252,-0.3930380418235615,1.9823782492249444,-0.8435223468462199
253,-0.41445511609458874,1.9869742628024403,-0.8416418021865528
254,-0.40878974606439966,2.0585060829686483,-0.839762592031029
255,-0.39736261338916323,2.1577128512157646,-0.8378856692123353
0,-0.3927520343352795,2.2208298179255745,-0.8360117848346387
1,-0.3953904126516865,2.212781820751217,-0.8341412613003496
2,-0.4036468047474109,2.140774895732645,-0.8322739383594411
3,-0.41358736983906663,2.0344739036838995,-0.8304092867062702
4,-0.4177893915602249,1.9325040585770106,-0.8285466272689073
5,-0.41231529107636633,1.874170285738368,-0.8266853680144592
6,-0.39945813285284193,1.8792161305721011,-0.82482517823032
7,-0.3837141473305401,1.9419567006662612,-0.822966054300514
8,-0.37085002606700856,2.0356593209041236,-0.821108274493608
9,-0.36462899255847037,2.1208017657387845,-0.8192522762284837
10,-0.3633776217933373,2.1643522770422745,-0.8173985068857119
11,-0.3648046686713111,2.1510876131963403,-0.8155472964348389
12,-0.36944030473396394,2.0888336008871207,-0.813698782980445
13,-0.37571258277264485,2.00347288025612,-0.811852900227322
14,-0.3776577123629409,1.9238312029492617,-0.810009417553808
15,-0.37228651249599476,1.8775047809837568,-0.8081680135547642
16,-0.36355802652251834,1.882134357203011,-0.8063283620639199
17,-0.3554242051385659,1.9329309390164457,-0.8044902125350402
18,-0.34894642884807925,2.0031947023788677,-0.8026534505835667
19,-0.3436964220331068,2.062526149818951,-0.8008181276613224
20,-0.3396670791581037,2.0917628278841187,-0.7989844520602962
21,-0.33967853790151903,2.081980049918613,-0.7971527390208375
22,-0.3423322939813198,2.031354523980088,-0.7953233268313395
23,-0.31811657161170037,1.9541632286190422,-0.79349647712628
24,-0.269243413841472,1.8905364067724744,-0.7916722872548365
25,-0.2626062475815488,1.8697317984104407,-0.7898506449658811
26,-0.3016242684047651,1.8842364759861967,-0.788031247053731
27,-0.3269889775189849,1.920379368778856,-0.7862136847644279
28,-0.32215788038033544,1.9672924069112447,-0.784397574675975
29,-0.3084619972173901,2.0104913013565877,-0.7825826935382363
30,-0.30343588969867674,2.0353791166325603,-0.780769068547523
31,-0.3090796738854995,2.029668049824842,-0.7789569853521003
32,-0.31856826508587077,1.9967278629643195,-0.777133786187767
33,-0.32497821676092464,1.9503545176609487,-0.7752944893024702
34,-0.3274125617983218,1.9053139805414911,-0.7734648058414995
35,-0.32598454856621983,1.8788539127285997,-0.7716570822070019
36,-0.3181074932608082,1.8768837253323918,-0.7698617303230866
37,-0.3044973116230366,1.8962444478320393,-0.7680721774675088
38,-0.291904716777054,1.9315895868494781,-0.7662849523154662
39,-0.2854597149509519,1.9674499585950214,-0.7644990629468629
40,-0.28528058312165616,1.9872085831826896,-0.7627149457827505
41,-0.28987272273515985,1.984148367512577,-0.760933351247485
42,-0.2969759957499998,1.9606959652101663,-0.7591545079019315
43,-0.3037435106031964,1.9261331902702716,-0.757377778103151
44,-0.3077301958465778,1.893000720777744,-0.7556018306060144
45,-0.30757110819581635,1.872124173692626,-0.7538251754580474
46,-0.30345662710691035,1.8671577605850995,-0.7520467957054042
47,-0.2971414537302276,1.8777814238679857,-0.7502666031701284
48,-0.2909634217986915,1.9009213306514159,-0.7484855368484069
49,-0.2870736335164916,1.9249132121548387,-0.7467052728687769
50,-0.28829250202252965,1.9360286057993772,-0.7449276657639596
51,-0.2950509471614683,1.9309861059382243,-0.7431410200989983
52,-0.29773866381422154,1.9125155867250392,-0.7413404260079002
53,-0.27061763807676176,1.8805372292705158,-0.7395508339922983
54,-0.22922550980953293,1.8514480228726065,-0.7377833590704426
55,-0.2356077644119785,1.8437234087641743,-0.7360272232574956
56,-0.2798486983191646,1.8476257082657392,-0.7342751643174112
57,-0.3056457754342736,1.8537672079023748,-0.7325237553645729
58,-0.3054990590669906,1.865116529468768,-0.7307727157500521
59,-0.29778367455419075,1.87957827131926,-0.7290235373687681
60,-0.2949170700663679,1.8875696014677308,-0.7272779337207023
61,-0.30184347365299036,1.8834604802723929,-0.7255366308207223
62,-0.3160752661567434,1.8718867343882337,-0.7237988548335414
63,-0.3291646261273833,1.8583204296636806,-0.722062594987781
64,-0.33539598794258163,1.8469905877191595,-0.7203254360951681
65,-0.33444051440490785,1.839372251434666,-0.7185855659753566
66,-0.32976760505650626,1.834851326232239,-0.7168425329084205
67,-0.3250068480402809,1.8342007857081812,-0.7150974578622435
68,-0.31993374267271,1.8352495875732178,-0.7133526372727592
69,-0.3158303854992234,1.8368544579524935,-0.711610711915923
70,-0.3155418570948927,1.8387757660632387,-0.7098737351940609
71,-0.32113904989748066,1.838549811444934,-0.708142495767621
72,-0.3320367052357186,1.8349769408101038,-0.7064163350450068
73,-0.34200864768608874,1.8303047184046246,-0.7046935009925612
74,-0.3463288535831561,1.8254212950540234,-0.7029718765082911
75,-0.34551813880112725,1.8178954356757222,-0.7012497902040651
76,-0.34119544802062607,1.8100894231038396,-0.6995266044824564
77,-0.3367101834265367,1.807051100454192,-0.6978028780161889
78,-0.3349667110547121,1.8088604450206272,-0.6960800717354068
79,-0.33466561000755835,1.8109406306831621,-0.694359939624184
80,-0.3367375802028775,1.8091717394206346,-0.6926438534953023
81,-0.3382910578389059,1.8023784545050887,-0.6909323183367109
82,-0.3134177933545824,1.790840730804871,-0.6892248453306973
83,-0.27438466591147814,1.7844403398093611,-0.6875202039621269
84,-0.2831481431179419,1.7919372833790455,-0.6858169313976898
85,-0.3311488906862079,1.7983897336813595,-0.6841138899729853
86,-0.3604491128086763,1.79181967842122,-0.6824106613581564
87,-0.3592056055820757,1.7820703376009783,-0.680707643224447
88,-0.3492159606954447,1.7757979950268648,-0.6790058358490862
89,-0.3476038780017201,1.7701104347553427,-0.6773064230407997
90,-0.35467379569008184,1.7658853344623462,-0.6756103202400294
91,-0.3649689455122742,1.7657714673053206,-0.6739178607187362
92,-0.374718462706608,1.7684005315826488,-0.6722287247366607
93,-0.38079693509149326,1.7709501271585157,-0.6705421166478667
94,-0.3828538273628419,1.772779673179265,-0.6688571017717921
95,-0.38164080866083305,1.773661030841387,-0.667172962866732
96,-0.3761243523867319,1.7686962720001782,-0.6654894417221613
97,-0.3680970461440892,1.7581348975473805,-0.6638067871039168
98,-0.3638176539836999,1.7497823477834547,-0.6621256103686497
99,-0.36694882696409703,1.7452844766291067,-0.6604466222294028
100,-0.3743490607952966,1.7411519459588445,-0.658770361295955
101,-0.38201494345680365,1.7390551173169477,-0.6570970164763206
102,-0.38848532641323874,1.741323630375839,-0.6554263991072309
103,-0.3924758420255363,1.7438577011554797,-0.6537580579882432
104,-0.3940527258957146,1.7457375338165821,-0.652091477286058
105,-0.393655686501474,1.7459409254030387,-0.6504262729920505
106,-0.3898403526141798,1.7391293989386698,-0.6487623143115846
107,-0.38368400640076183,1.7287481032210108,-0.6470997342354192
108,-0.37926554466865636,1.720916983803232,-0.6454388406206124
109,-0.3789012622305703,1.7150281544872312,-0.6437799757380342
110,-0.3839393303926748,1.711107442461024,-0.6421233854685606
111,-0.38839966841857976,1.706264309972985,-0.6404691467642796
112,-0.3641211146494724,1.6963792361852041,-0.6388171718206093
113,-0.3214380510417988,1.6949008027510217,-0.637167274039329
114,-0.3241819267775241,1.710054046677894,-0.635519258455544
115,-0.3692359224184466,1.7211123641320052,-0.6338729956882063
116,-0.39856347754678223,1.7160169129520995,-0.6322284524061932
117,-0.3978959077605979,1.7030484465012021,-0.6305856747213221
118,-0.3876582487554159,1.6879829006454816,-0.628944742312616
119,-0.3861560697529367,1.6776021441927353,-0.6273057210719082
120,-0.3971813195560776,1.6768659834329123,-0.625668637800411
121,-0.41228505244927627,1.6799038302445606,-0.6240334854734029
122,-0.42345190516443343,1.6834483108041827,-0.6224002501571566
123,-0.42812530778329383,1.69024745110847,-0.620768939592476
124,-0.4258281070650759,1.6965779897246556,-0.6191395938687496
125,-0.41779431949237544,1.6966319917379202,-0.6175122696718311
126,-0.4071127876077073,1.6885507550765242,-0.6158870051178009
127,-0.39760848958783734,1.6755960551916589,-0.614263784422727
128,-0.39413903636151626,1.664731648563062,-0.61264252402628
129,-0.39899366180933127,1.6558929827033078,-0.6110230926421094
130,-0.408172331476651,1.6476046594858489,-0.6094053612311328
131,-0.4170902203355702,1.6460201139015505,-0.6077892628073516
132,-0.42371643774830514,1.6515697924901005,-0.6061748343931621
133,-0.4267435413709564,1.6580459607015579,-0.6045622185062509
134,-0.42510303556397266,1.6621029916813503,-0.6029516177838277
135,-0.41926662269141324,1.6618065470393821,-0.6013432171477833
136,-0.41180356492528736,1.6565104165262907,-0.5997371041383075
137,-0.40520475582626325,1.6472802266353632,-0.5981332218180153
138,-0.4014985071831887,1.6382652398035678,-0.5965313775264949
139,-0.4018675329887167,1.6314597157350672,-0.5949313087534804
140,-0.4056278819431849,1.6248902447170543,-0.5933327831750734
141,-0.40595035918335065,1.618063293343213,-0.5917356938607932
142,-0.37650533379349327,1.6106489261153571,-0.590140110125569
143,-0.32867891327301657,1.6088056054133526,-0.5885462604588609
144,-0.32795475489740544,1.6182320419758414,-0.5869544505644997
145,-0.37030118364224085,1.6269756674632827,-0.5853649461988979
146,-0.39519058171040367,1.6261349091750148,-0.5837778662352802
147,-0.39082009444843846,1.6184201491522785,-0.5821931292509024
148,-0.3795810609030662,1.6072667475082714,-0.580610477150149
149,-0.3749594077374443,1.5978131214094997,-0.5790295693539287
150,-0.3779147329953394,1.5917000593105888,-0.5774501126284544
151,-0.3865067498554826,1.5900889437360481,-0.5758719763589639
152,-0.3963889298943333,1.5952986523342645,-0.5742952474392973
153,-0.4001141992655708,1.6028979279769873,-0.5727202016161992
154,-0.3940182393504217,1.6048169098559324,-0.5711340838270298
155,-0.38225762455550705,1.60219006359001,-0.5695317439587864
156,-0.3684692568368021,1.5975090862920478,-0.567938705487822
157,-0.3545802001050268,1.5877781388403687,-0.5663671791617138
158,-0.3463319013593441,1.5758988353315897,-0.564807555991456
159,-0.3466813071386208,1.5670914903352458,-0.5632533823144448
160,-0.35119494750538216,1.5627911537728472,-0.5617014171301788
161,-0.35524366648008165,1.562791788000668,-0.5601509322916893
162,-0.35717136050237686,1.5672707050359165,-0.5586025610762078
163,-0.35553479280567246,1.5746825576471712,-0.55705710005051
164,-0.3492730802419668,1.5795990804665099,-0.5555146418828769
165,-0.3385289867093424,1.57893570009763,-0.553974269542344
166,-0.3271357658843289,1.5739175136468146,-0.5524343273611438
167,-0.317604619492865,1.5665411883695475,-0.5508930791117874
168,-0.3099682200766217,1.5587125923160676,-0.5493494400865147
169,-0.307333592004569,1.5521432456791362,-0.547803468972665
170,-0.3089366653979537,1.5464961309693055,-0.5462564201855582
171,-0.30569936408921694,1.538031064388767,-0.5447103396574549
172,-0.2751957321043167,1.5277575274958144,-0.5431673655277953
173,-0.22926574369406438,1.5274888064447794,-0.541629003663068
174,-0.2278922569473084,1.5394333575168533,-0.5400956491188598
175,-0.2679520481122736,1.546379968440828,-0.53856652309153
176,-0.2903949807515783,1.5398856958479765,-0.5370400336097783
177,-0.2822095074709985,1.5286603568314,-0.5355144104180278
178,-0.2679948386191776,1.5199820407725282,-0.5339883691370617
179,-0.2641306177933641,1.5167936139732117,-0.5324615597967695
180,-0.26954829672971226,1.5190341748263085,-0.5309346458972606
181,-0.2775469840592375,1.5220040590196429,-0.5294090040265349
182,-0.2851962771838191,1.5231567071488135,-0.5278861748813635
183,-0.28981576437368173,1.5233148505005198,-0.5263672818815481
184,-0.287868065735304,1.5208817080744428,-0.5248526342945332
185,-0.2779394945846928,1.5145269655821139,-0.5233416522101046
186,-0.262822153391679,1.507379533892852,-0.5218331243304906
187,-0.2501273169692829,1.5033302384097755,-0.5203256856139786
188,-0.24475974486302987,1.5021745618947997,-0.5188183264464024
189,-0.24624849356010636,1.5002030986269892,-0.5173107436157864
190,-0.2525106558467751,1.496727348041607,-0.5158034122001856
191,-0.26236787962810115,1.4943901003899174,-0.514297367302923
192,-0.27326861471017794,1.494020495512408,-0.5127937924331467
193,-0.27939000894057997,1.492791490800926,-0.5112935771590623
194,-0.27664426712042667,1.4887948359017997,-0.5097838918213367
195,-0.2668299816673706,1.4845535657472126,-0.5082588925458962
196,-0.258078098641939,1.4810225118440412,-0.5067430916682032
197,-0.25552498358589104,1.476515138707104,-0.5052477765508538
198,-0.25638860054726986,1.4706946647391796,-0.5037628497394779
199,-0.25850510053871945,1.466402467463194,-0.502281963618223
200,-0.26195568961407667,1.4657761986053788,-0.500802499814526
201,-0.2627888159324345,1.4629823338057095,-0.49931148172405493
202,-0.2384666690509316,1.4514947942409164,-0.4978048494198515
203,-0.19840681904368462,1.443683301510585,-0.49630916429444705
204,-0.20241744345411028,1.4524568178275183,-0.49483669225848503
205,-0.24589803355255213,1.4638802810138816,-0.49337664267894255
206,-0.2712886557696922,1.464822040974969,-0.49192054708971056
207,-0.26818116533189784,1.4590386322725575,-0.49046312601145003
208,-0.26007482468322185,1.4521007483299253,-0.48900242942044714
209,-0.26181744152733133,1.4467535252190094,-0.487539204855445
210,-0.27166905776290573,1.4437390549638165,-0.48607569848661414
211,-0.28325491982354556,1.44105428840829,-0.48461428256970995
212,-0.2926222261208611,1.4385755454682614,-0.48315634957359754
213,-0.29704873454967007,1.4377493711159524,-0.4817018004054381
214,-0.29537480360741186,1.4368832238380844,-0.48024922663802405
215,-0.29017068323980155,1.436192597881368,-0.4787966332017284
216,-0.2848133990122145,1.4347254424924998,-0.47734236443229916
217,-0.27945036462835826,1.430822855550078,-0.475885848243347
218,-0.27529623154507343,1.4259638181971264,-0.47442787187292645
219,-0.2754927418424762,1.4214817772958508,-0.47297030299207843
220,-0.280600851724943,1.4166942533682385,-0.4715153907581111
221,-0.28825347194273077,1.4111833096214803,-0.47006493753431755
222,-0.29686281534141457,1.4091953094865617,-0.46861966736306404
223,-0.3044120666095469,1.4103668150846818,-0.4671790252911949
224,-0.30632304211099237,1.4083513033937582,-0.46574146446304
225,-0.3016729582590695,1.4034306331206663,-0.4643050880112485
226,-0.2942180057957843,1.3986886386153001,-0.46286838402226116
227,-0.2878243597809823,1.3958452514033444,-0.4614307701954341
228,-0.28484772533161384,1.3940116414442305,-0.4599927528430283
229,-0.2874125587459395,1.3896460748073647,-0.4585556628994796
230,-0.2952996048351969,1.384639801635101,-0.4571210949113176
231,-0.2999512514967464,1.3804957871366663,-0.45569028089001695
232,-0.27632257501496216,1.3738610122874952,-0.4542636418860344
233,-0.235457736472786,1.3706043337376608,-0.45284067741289147
234,-0.2389657572927586,1.3771696047051836,-0.4514202138553185
235,-0.28443529940347245,1.3834755260765537,-0.45000089419368705
236,-0.3143480777270744,1.3818833939108504,-0.4485817062397992
237,-0.31621324963837383,1.3750291153167726,-0.4471623447279165
238,-0.3111488378639652,1.3665145030619006,-0.4457432793410754
239,-0.31337419017167245,1.3609204772350858,-0.44432552195375874
240,-0.3245949887297751,1.3593721257443576,-0.4429102024382958
241,-0.33840421640239304,1.3608006201235554,-0.44149812868042004
242,-0.3484979795873351,1.3621842723035313,-0.44008950090458
243,-0.35291865874243844,1.3605250229040124,-0.43868387939057385
244,-0.35133604319609624,1.358458489871702,-0.4372804001387458
245,-0.3463435640487218,1.3566760311991786,-0.4358781377993606
246,-0.3410387248304547,1.3520408664771533,-0.43447646519454164
247,-0.33544216566847485,1.3462458264881998,-0.43307527082264374
248,-0.33090496862631147,1.342822714121759,-0.43167496072293887
249,-0.33056855196585055,1.3399062475551986,-0.4302762601028065
250,-0.3369234719609506,1.336755192348368,-0.42887990692059863
251,-0.3486822486934209,1.336172501779282,-0.427486364838892
252,-0.35896153465993674,1.3380661572982029,-0.4260956659363393
253,-0.36313361566038393,1.3367225224070074,-0.42470743445370807
254,-0.3616833225489675,1.330975443428041,-0.4233210679353865
255,-0.35819162064463017,1.3255944496891803,-0.42193599208105037
0,-0.3554929066063095,1.3220858106088098,-0.42055188304059077
1,-0.3524993593020318,1.3199911360274332,-0.4191687720626689
2,-0.3512350395259224,1.3186509577086136,-0.41778700064879715
3,-0.35498336829498,1.3192074965476301,-0.4164070563618729
4,-0.3629312144830871,1.3185456629823324,-0.4150293647245604
5,-0.36755409329556465,1.3114995883890392,-0.41365412422506087
6,-0.3424066380856956,1.2996464411526052,-0.4122812472196713
7,-0.30134339379443986,1.293033452030595,-0.410910421854745
8,-0.309010811624401,1.2979960764306258,-0.4095412598146302
9,-0.35666870369216874,1.303974065313501,-0.4081603456833809
10,-0.3849226538549557,1.3029532701711073,-0.40676212597398864
11,-0.3849118778522883,1.2990750873483408,-0.40537211856280475
12,-0.37849684014288587,1.2948440600721662,-0.40400290640490466
13,-0.379873869430975,1.2901811845806108,-0.40264546626162323
14,-0.3907085978911129,1.2870641515957089,-0.40129390642962726
15,-0.4063199062299594,1.2873142933202204,-0.3999453091586578
16,-0.42092845331478546,1.2893068740388296,-0.3985989201221172
17,-0.4308512125746977,1.2887272718213265,-0.3972550274537072
18,-0.4328664014918937,1.2844053650566893,-0.3959139153851856
19,-0.4264928639456851,1.279086476902743,-0.39457520451356776
20,-0.4179691460529378,1.2749981355429392,-0.3932377257071662
21,-0.41296416055639895,1.271211167506363,-0.39189987513657387
22,-0.4127589212854874,1.2682383660584082,-0.3905602336133249
23,-0.41925111252493563,1.2676492173511438,-0.38921815952514804
24,-0.43085070662430547,1.267594717583321,-0.38787410122475463
25,-0.443023399774618,1.2661463137812476,-0.38652950164245947
26,-0.4538692569055085,1.261256786235811,-0.3851863336689745
27,-0.46031012426235174,1.2544496064748651,-0.3838464459781845
28,-0.46216448068091465,1.2488097661744595,-0.38251096509470506
29,-0.4619831837066122,1.2460627331205547,-0.3811799704151644
30,-0.4605102001261996,1.2454178701353782,-0.3798525500311396
31,-0.45924764623840986,1.2444797036142945,-0.3785272012524097
32,-0.4600040759485118,1.2451367171023628,-0.37720241564560375
33,-0.463746891055526,1.2468465017301353,-0.3758772289426461
34,-0.46879613890168215,1.2452864787242435,-0.37455153994543433
35,-0.4700379172103939,1.238093050126916,-0.3732260965309079
36,-0.46412768338062516,1.229778704767437,-0.3719021732090495
37,-0.4627381508712438,1.2279442193975423,-0.370581075234123
38,-0.4747754111024993,1.228960468344929,-0.3692636595194123
39,-0.48651709669094756,1.2250079862437597,-0.36795004559406164
40,-0.4885812531098481,1.2201674289664854,-0.36663961069423023
41,-0.4863597458239093,1.2185822520250027,-0.36533125441389824
42,-0.48602483597220614,1.216449043330711,-0.3640238213265108
43,-0.48988074942486204,1.213791464002882,-0.3627165192605539
44,-0.4971832956809492,1.2124617922451524,-0.36140918222021257
45,-0.5061434874123623,1.2113114450107867,-0.3601022923100057
46,-0.5149689081283342,1.209258320713186,-0.35879676743062705
47,-0.5203925399048352,1.2074846300884388,-0.35749360556456466
48,-0.5205260225224018,1.2070600127470086,-0.35619352249847924
49,-0.5188178213179242,1.2057187154541946,-0.35489671351882246
50,-0.5182029935821695,1.2011380433682914,-0.35360281649058944
51,-0.5186354041384609,1.1945341234695523,-0.3523110763965137
52,-0.5204128315586234,1.1917027921678587,-0.3510206391696712
53,-0.520841346253812,1.194758052019567,-0.3497308612330221
54,-0.5200531006158196,1.1962185011906437,-0.3484415233980884
55,-0.5229067196798798,1.1932053942731047,-0.3471528796135459
56,-0.5275015689671656,1.1892950737263446,-0.3458655347672188
57,-0.5295825907494416,1.1837582329438208,-0.34458020697586955
58,-0.5288911445255036,1.1789917096987312,-0.34329746673383654
59,-0.5280612648439913,1.1767916360797281,-0.3420175466103913
60,-0.5288267878809767,1.1729932717432323,-0.34074028335941997
61,-0.5288374596555814,1.168497065035789,-0.3394652029438011
62,-0.5288866946476867,1.167852666752018,-0.3381917078118889
63,-0.5315983915357421,1.1693945210603065,-0.3369192932042755
64,-0.5347121243951993,1.167629890459561,-0.33564771489578027
65,-0.5330185613455347,1.1584557257092638,-0.33437705384197625
66,-0.5123393385909449,1.1476062943215433,-0.33310766356801713
67,-0.47017235177062155,1.1469502962829279,-0.33184002788471967
68,-0.44982616484524285,1.151065707872641,-0.3305745850808477
69,-0.4830437958437994,1.1502566834519667,-0.3293115815924472
70,-0.5311723225314495,1.1483086707599117,-0.3280510026349942
71,-0.5512906082862967,1.147651238554718,-0.3267925969071954
72,-0.5489648298423515,1.145087276713126,-0.32553597914210464
73,-0.5439286587140941,1.1433989956679609,-0.3242807693655543
74,-0.545212919034967,1.146075851371271,-0.32301360238587307
75,-0.5547522490683265,1.1470158755228193,-0.32172897437087855
76,-0.5688005999343877,1.143704825550627,-0.3204524311480571
77,-0.5791958349360231,1.1413526840223245,-0.3191965696122919
78,-0.5828397839900086,1.139766839631815,-0.3179523918263405
79,-0.5815461198797451,1.1364113954973925,-0.3167140638866328
80,-0.5753141172513241,1.1310404235048113,-0.3154787558297879
81,-0.5662141981027518,1.1242725923115202,-0.3142457994794302
82,-0.5605522863381815,1.1194977519308362,-0.31301551934063887
83,-0.5621501845719254,1.119575172117731,-0.31178814687236645
84,-0.5681331657124193,1.121236699612688,-0.3105631553918182
85,-0.574933989567036,1.1188321032213246,-0.30933917400144095
86,-0.5828479195510785,1.113762691281889,-0.3081144179446401
87,-0.5910674089358867,1.11109578406296,-0.30688738934996307
88,-0.5947112746938308,1.11154736356283,-0.30565752085376896
89,-0.591609363548804,1.1099216192794366,-0.3044254802841373
90,-0.5862221607837699,1.1055146577829094,-0.30319300460438314
91,-0.5829537686571096,1.1024446707002271,-0.30196232443590276
92,-0.5827237564018586,1.099444375092324,-0.30073540169758384
93,-0.5855789313830733,1.0979255790689622,-0.29951327209159173
94,-0.5898628038710843,1.0983512434707206,-0.298282621691796
95,-0.5907627597544833,1.0923051034962636,-0.29703671225712425
96,-0.5668771275997297,1.0773741458775437,-0.29579911004220716
97,-0.5296403159573306,1.067619190934943,-0.2945804691408377
98,-0.5391194553964425,1.0735962641524393,-0.29337060851903085
99,-0.5884017242961797,1.0824354028763579,-0.29216367049919467
100,-0.618244913831592,1.0811222989373515,-0.29095790599151483
101,-0.6161924332247068,1.0748631834044522,-0.28975436825834266
102,-0.6059787303672959,1.0710733752979014,-0.2885550654025377
103,-0.6069856659020791,1.0703415394049571,-0.28736124658757556
104,-0.6196088356381517,1.0706301201079915,-0.2861723909694772
105,-0.6358932501890666,1.0703889037684795,-0.2849861715923805
106,-0.650688282724992,1.0688459628548288,-0.28378617470570466
107,-0.6590966629011816,1.0658507237178219,-0.28256396536507844
108,-0.660231994669876,1.061793449813016,-0.28134346544964217
109,-0.6570845407636066,1.0573797149936373,-0.28013762663416786
110,-0.6516121069881913,1.0535929269107025,-0.2789396810230449
111,-0.6479665055637986,1.0510467137703858,-0.2777470812268066
112,-0.6483197493405213,1.0511573657383546,-0.2765601423808194
113,-0.6524182445034694,1.0526318869744409,-0.27538009252536766
114,-0.660815844283523,1.0511172096067916,-0.27420730246986336
115,-0.6708120905518513,1.0492116173866104,-0.27304031077327606
116,-0.6803728683181216,1.0488319595427997,-0.27187590685001595
117,-0.6885381802291328,1.0455415036774265,-0.2707101184285543
118,-0.6929401098471355,1.0401334634710704,-0.26953962075021076
119,-0.6927857881367945,1.0357152589292546,-0.26836295850203307
120,-0.687742506820711,1.0323848335123542,-0.2671810820930731
121,-0.6817106735457579,1.0298698895633396,-0.2659969924586615
122,-0.6800397393452964,1.0279026398608502,-0.2648146437049973
123,-0.6818049387912781,1.0262585421183488,-0.2636375331820233
124,-0.6851760924741546,1.0263700871768373,-0.2624675122570286
125,-0.6865420200034327,1.0255236465534932,-0.2613042481425052
126,-0.6613388520788444,1.0155622718507162,-0.26014550597039354
127,-0.619141189334609,1.006206602210503,-0.2589881072946095
128,-0.6236768587870594,1.0103212017128884,-0.2578291767840213
129,-0.6689948872456932,1.0171774801059983,-0.2566672012877961
130,-0.6940039544586434,1.0170630656408606,-0.25550251990379214
131,-0.6899847936395362,1.0128448180082996,-0.25433709548699734
132,-0.6811707907365554,1.0089442890558726,-0.2531736934583605
133,-0.6799530788294146,1.0054414568251757,-0.2520148073245041
134,-0.6864710499786872,1.0025346848042251,-0.25086174540421036
135,-0.6974439648686468,1.0014863337570112,-0.2497142096550582
136,-0.7079476236569207,1.0006920108432333,-0.24857049512929064
137,-0.7133317476382761,0.9988888112263812,-0.24742819992269405
138,-0.7114254751786782,0.995898010296409,-0.2462851518296243
139,-0.7030226733753557,0.9921098417165513,-0.24514019470634496
140,-0.6912402698132876,0.9898387941281404,-0.2439935512836513
141,-0.6802453871294178,0.9887623795758573,-0.242846653938804
142,-0.673519292287958,0.9853543487661809,-0.24170153939992256
143,-0.6727157513423083,0.9830331578022315,-0.24056005933408142
144,-0.6773763202862577,0.985335324215427,-0.23942321092134167
145,-0.685140656984278,0.9879625414137596,-0.23829082713506644
146,-0.6923081619055955,0.986165030753567,-0.23716171716918832
147,-0.6955858191372335,0.9800314518762909,-0.2360341743804666
148,-0.6937486491981586,0.9756248627347972,-0.23490663855906524
149,-0.6874348634547023,0.9758902356557333,-0.23377825712693368
150,-0.6787041447606355,0.9761139973686861,-0.2326491454548193
151,-0.6705902505485997,0.9737254656190326,-0.23152027230039207
152,-0.6656181864646236,0.9689510108426296,-0.230379923822694
153,-0.6648741296159688,0.9642414163041422,-0.22922393150776477
154,-0.6678063240543299,0.9637669546081904,-0.2280783989925026
155,-0.667585592055413,0.9621688187036921,-0.2269555560466836
156,-0.637981015770746,0.9507871626014195,-0.2258453105950614
157,-0.5919516454122649,0.9412573884595763,-0.2247404541216118
158,-0.5953847199833382,0.9472997895394584,-0.22363701662544933
159,-0.6407328863388593,0.9546103401071018,-0.22253381649334336
160,-0.6656893106581652,0.952039638827876,-0.22143142800936377
161,-0.6598965657744063,0.9478729332769573,-0.2203309473924775
162,-0.6470417314105377,0.9443968304879884,-0.21923297053493973
163,-0.6412931234918273,0.9396127278112529,-0.21813708610684468
164,-0.6437312281611418,0.9364480940100752,-0.217041977817914
165,-0.6522999265475806,0.9377017583279255,-0.2159459995778903
166,-0.6606055327240152,0.9403140192999433,-0.2148479236356886
167,-0.6616295481845362,0.9384212405311065,-0.2137475224670764
168,-0.655730710382703,0.9329669859636249,-0.21264573848353185
169,-0.644017380695969,0.9292899647718809,-0.21154437833108153
170,-0.6277171431560711,0.9287070924725085,-0.21044546492097826
171,-0.6115771495362357,0.926443248554893,-0.2093505134417477
172,-0.6002211698794848,0.9220288875504008,-0.20826001847692843
173,-0.597329944209589,0.9196861663767448,-0.20717334536321463
174,-0.6006183161644685,0.9179103959552077,-0.20608905274907663
175,-0.6030689630837651,0.9160031177024286,-0.20500550349294266
176,-0.6028783852365935,0.9149887476048164,-0.20392151471732367
177,-0.6000837435245276,0.9135098004087419,-0.20283679377104846
178,-0.5912238285490332,0.9106546071649251,-0.201752002099838
179,-0.5755828423325418,0.9066136224026438,-0.20066844181484078
180,-0.5585812126553362,0.902242380407011,-0.19958750720718765
181,-0.5448921490224545,0.9000384159733943,-0.19851012840725513
182,-0.5336848695381291,0.9013247504160633,-0.19743642608957512
183,-0.5243303297452542,0.9030579556856857,-0.1963657022303984
184,-0.5195052843905434,0.9016271497799977,-0.19529675379063882
185,-0.5139614258657352,0.8955236888604978,-0.19421525302942821
186,-0.47818200110013587,0.8844681658651297,-0.1931149972785754
187,-0.4233043573426485,0.8782311261940676,-0.19202136597128405
188,-0.4167800496336842,0.8857120642640646,-0.19094735447748995
189,-0.4541222487570842,0.8922796856755584,-0.18988472544857227
190,-0.4739501476901353,0.8883332321617647,-0.18882842759597146
191,-0.4622794038043152,0.8817525571275158,-0.18777610701975078
192,-0.44098942921761,0.8774411455814728,-0.18672708378298047
193,-0.42903927150661625,0.8778214341580055,-0.18568121625679435
194,-0.43003936663308373,0.879296663764344,-0.18463803815978086
195,-0.4354595437361577,0.8773620768373682,-0.1835964024790921
196,-0.4373057895049166,0.8763127418054113,-0.18255465651703312
197,-0.4326603818925072,0.8768165640843231,-0.1815111775662615
198,-0.42052547826159836,0.873234833791777,-0.1804649853757644
199,-0.4020184092684591,0.8664485533739086,-0.1794161491968983
200,-0.3807316678981486,0.8605465909513192,-0.17836581366953136
201,-0.3608317737823924,0.8578437621835144,-0.1773158316592105
202,-0.34527493873079707,0.8573681880929622,-0.17626814845893368
203,-0.3371690844041837,0.8569428377182668,-0.17522417236754323
204,-0.33678238586872167,0.8584739745365177,-0.17418436206370025
205,-0.33820734112353956,0.8593269174293456,-0.17314816972372837
206,-0.3345948450253319,0.85594187097661,-0.1721143402603394
207,-0.3239476901029277,0.8532823294518588,-0.17108143628037292
208,-0.30958432527695634,0.8526479942241032,-0.1700483839116415
209,-0.29387551589511607,0.8487167584855841,-0.1690148406820568
210,-0.2784688758885784,0.8440096012433651,-0.167981265497879
211,-0.26406524621658667,0.8415209121837632,-0.1669486883557389
212,-0.2505733974263161,0.8374170427580903,-0.16591828756079863
213,-0.24166018562030944,0.8344673338352342,-0.16489094454698533
214,-0.23717694380479537,0.8349448761965506,-0.16386694145560754
215,-0.22833405206761842,0.8323223410436915,-0.1628459013314092
216,-0.21444762555951302,0.8274302504063371,-0.16182697374095956
217,-0.20768550448005235,0.8282185203388588,-0.16080917831648378
218,-0.20633505760596194,0.8313232046839061,-0.15979176788637034
219,-0.1986159125765663,0.8285168023321972,-0.15877447710055032
220,-0.18396230883317077,0.8220404037775655,-0.15775757580276278
221,-0.16779120570329042,0.818619469503806,-0.15674172467780134
222,-0.15418403918097934,0.8179682420936327,-0.15572770308153072
223,-0.144469846540479,0.8154828862258272,-0.15471611927877205
224,-0.13763474320989877,0.8123201425808957,-0.15370720947119437
225,-0.13186529515710507,0.8110945890108052,-0.15270078955755578
226,-0.1272248977035394,0.810694737637617,-0.15169636190850927
227,-0.12166168325121388,0.8096509190341958,-0.15069332300718846
228,-0.11210788769163377,0.8090059274218646,-0.14969118689808886
229,-0.1010310375501382,0.8098495475404888,-0.1486897428251559
230,-0.08960627862268389,0.8078522098901781,-0.14768909803723773
231,-0.0790902059375953,0.802777060616906,-0.1466896037276464
232,-0.0719144170975885,0.799117760328214,-0.14569170432060502
233,-0.0656115344377341,0.7974633455493843,-0.14468265603157915
234,-0.059844267316330274,0.7969724672656251,-0.14364406552805592
235,-0.05612301770971871,0.7966381414819357,-0.14259581605141292
236,-0.053015695231771395,0.7957204699435287,-0.14157537155882655
237,-0.049002169287146916,0.7939743602752363,-0.1405854075440478
238,-0.04351875748061272,0.7914635097129858,-0.13961025122170845
239,-0.03699119913407534,0.7868256824246602,-0.13864074608644672
240,-0.03028440942103905,0.7830972384110035,-0.13767337452078388
241,-0.025535110828035668,0.7821557539837682,-0.13670820639795095
242,-0.02227977445567461,0.7809501238216878,-0.13574647112978105
243,-0.01832630504611818,0.7810153273634226,-0.13478857079482243
244,-0.01412350673118934,0.7802249762320974,-0.1338331104749234
245,-0.006793525316745624,0.7705932749725375,-0.13287710625492005
246,0.018833640449150202,0.7586327786449671,-0.1319170937402674
247,0.0675959087832319,0.7588231155148766,-0.13095055739897055
248,0.11508976935653996,0.7631119018057488,-0.12997703503707614
249,0.11775357799921501,0.7627725879113672,-0.12899843189626226
250,0.06484862582679948,0.7624389398833391,-0.12800530604286892
251,0.014475794075738346,0.7600221435867498,-0.1269963794511944
252,0.004343299187520411,0.7455374877808238,-0.12600029754587044
253,0.014899507247289445,0.5389172390831745,-0.12503064735707392
254,0.021757070804974882,-0.0685894426487097,-0.12407712585417563
255,0.016014847117007902,-0.776109410145772,-0.12313094927949891
0,0.0045234987429886575,-1.1224255993196965,-0.12218590331990825
1,-0.003944396796056182,-1.1517431724110168,-0.12123879719045111
2,-0.006983970997329558,-1.141520413771972,-0.12028919274227184
3,-0.004303938098740134,-1.2050015675401982,-0.11933850693473819
4,0.004073484892811563,-1.310475471053353,-0.11838879382603273
5,0.01555828190532188,-1.3900294483526503,-0.11744161190045438
6,0.026100770975142074,-1.401670678942203,-0.11649733315661404
7,0.0319515517430837,-1.3423371175423082,-0.11555507243969737
8,0.031155404781181673,-1.2387866907264158,-0.11461317980360036
9,0.022518473299465463,-1.1324192386451502,-0.11367003708561912
10,0.008131255556964048,-1.0629445142017495,-0.11272480730701917
11,-0.004502570107658144,-1.0539547453845972,-0.1117778318820351
12,-0.010195832274874458,-1.1053604827026096,-0.11083053098172091
13,-0.010734127630949178,-1.1947142511926812,-0.10988486857864882
14,-0.008761758821891508,-1.286394384469908,-0.1089426135224183
15,-0.005270052681308458,-1.3454632661460053,-0.10800469757815567
16,-0.002270982153316038,-1.3507403645201848,-0.10707091890266052
17,-0.0024827362067267877,-1.302137222969669,-0.10614009188122542
18,-0.007712828184371329,-1.2197280890517608,-0.1052105645433628
19,-0.012390490081655922,-1.1352866526190768,-0.10428088487641768
20,0.008054138262576838,-1.0798284077797797,-0.10335035001271564
21,0.053783368127179404,-1.072032708407086,-0.10241923169324607
22,0.059485340118062266,-1.1118526857675057,-0.10148860853618391
23,0.003125167784720481,-1.181460270487003,-0.10055989284973599
24,-0.04875258102857659,-1.2528089772867839,-0.09963425444398155
25,-0.060438253128826114,-1.2986436234512695,-0.09871217306462471
26,-0.05414742729253175,-1.3026493920386422,-0.09779328787391722
27,-0.0536919626926651,-1.2649759455601237,-0.09687658638485852
28,-0.06656904218411955,-1.201305617714683,-0.09596083945302766
29,-0.08945798123849036,-1.1361572322484448,-0.09504509708416217
30,-0.11347330576673093,-1.093246467754109,-0.09412904593185326
31,-0.13098423958990363,-1.0866773927309374,-0.09321309512412021
32,-0.14119410226164564,-1.1162210156875427,-0.0922981717056631
33,-0.14491688974710543,-1.1682209683320477,-0.09138532284708728
34,-0.14124951290736296,-1.2214666297592025,-0.09047529332578935
35,-0.1332272752276113,-1.2555466193657034,-0.08956824735312016
36,-0.12758783996387243,-1.258408604139842,-0.08866373718450202
37,-0.1287175639183989,-1.2303418308562093,-0.0877609172180151
38,-0.13743821843389975,-1.1831074706817541,-0.08685890454234368
39,-0.15002492429525172,-1.1348398726671842,-0.0859571338530469
40,-0.16184304584805737,-1.1028902801011347,-0.0850555651301503
41,-0.1703187453793838,-1.0974208978323858,-0.08415466895887094
42,-0.17157807056723373,-1.1180976980804043,-0.08325520750443752
43,-0.16392435054134702,-1.1549167971627425,-0.0823579102156409
44,-0.15027038756520378,-1.1925811405007143,-0.08146318045689613
45,-0.13500665565975933,-1.2165514235404884,-0.08057094974208484
46,-0.12383872324702017,-1.2183939687828094,-0.07968073076875973
47,-0.1197548043739598,-1.1984751599536962,-0.07879183753572266
48,-0.1201143133839398,-1.1651833432086054,-0.07790367480073715
49,-0.11540363296946804,-1.1312196568158468,-0.07701597590518158
50,-0.07975636988250212,-1.1085595337723446,-0.07612889474679504
51,-0.028225301777211054,-1.1040675515082743,-0.07524292141247751
52,-0.028060916214466852,-1.11735486091146,-0.07435866423948609
53,-0.07067788323900391,-1.141505894777727,-0.07347659353625752
54,-0.089732634770183,-1.1661755957214028,-0.07259685356518156
55,-0.07367023142512247,-1.181707984041254,-0.07171921683936205
56,-0.04850158553322441,-1.1826521479709253,-0.07084319345831788
57,-0.033995549696223204,-1.1694116172299762,-0.06996824416933839
58,-0.03265154928854874,-1.1475705983468276,-0.0690940053088053
59,-0.035437155086471384,-1.125270676958301,-0.06822043258642588
60,-0.037010929921537095,-1.0585274577557704,-0.0673478074951962
61,-0.0367657646861366,-0.8632823128051217,-0.0664766086260499
62,-0.032105731378283715,-0.5543402845673908,-0.06560730568506465
63,-0.020517957355880967,-0.24498504153430223,-0.06474016384778122
64,-0.005520497871004629,-0.04602658061524889,-0.06387513894024505
65,0.007301898983196456,0.010317733877791557,-0.06301190395695855
66,0.015054948285883326,-0.007146437753266177,-0.062136875366727934
67,0.016195516455123092,-0.01325032475372323,-0.06124418460138498
68,0.010774728224621347,0.042048641326396075,-0.06035903583560784
69,0.0009477154217304301,0.16402046986642993,-0.059493845955065766
70,-0.009324902593884285,0.3436848565306956,-0.058639651614001836
71,-0.01603540591555637,0.5631048390207696,-0.057790822562067024
72,-0.018473479002288143,0.7253376360646666,-0.056944788021094817
73,-0.017605719411550303,0.7548642281182321,-0.056101069967129935
74,-0.012415938459187321,0.7215831702980551,-0.055260034974758176
75,-0.006106681329462876,0.7268242341390172,-0.054421806378085275
76,-0.0044532684122114,0.7926420009405586,-0.053585668217467936
77,-0.006928252402371285,0.8851444594235529,-0.05275008167271339
78,-0.013386276575308761,0.9389558482286624,-0.05191320076469891
79,-0.019500296795864236,0.8507750546991555,-0.051073601286372616
80,0.004027679895375488,0.5674353770079588,-0.05023088393427644
81,0.04656471959044019,0.1832312393562504,-0.049385891138562205
82,0.041173739076345806,-0.16460730660513323,-0.048540448982093046
83,-0.005114079183864237,-0.429003076468223,-0.04769674027721975
84,-0.03030670547315399,-0.6409879689609028,-0.04685655697194739
85,-0.02281281876992783,-0.8315130892665041,-0.04602071822804482
86,-0.005745996497959968,-0.9928555281908169,-0.04518886620690121
87,0.002888396179769298,-1.089385707971434,-0.04435969916007611
88,0.0017101127618028844,-1.109574354096953,-0.04353153336338872
89,-0.004480414080138634,-1.0998049140082249,-0.04270296694102475
90,-0.011305304979785338,-1.1080499454575188,-0.04187339228753441
91,-0.01150231987238387,-1.140768467125091,-0.041043174841420116
92,-0.0030014468810767025,-1.179688828701662,-0.040213452083947346
93,0.01106638013966496,-1.2044518708629446,-0.03938565259846345
94,0.02776476623346169,-1.2042553044690898,-0.03856093466787716
95,0.04325588345335413,-1.1802710658337876,-0.03773976202048762
96,0.052243899956409726,-1.1430608393872888,-0.03692176899772402
97,0.05024774020063631,-1.1074429457423478,-0.036105948141789745
98,0.04065424725284189,-1.0865406083008504,-0.03529106875894314
99,0.02852243946093798,-1.0869096828350808,-0.034476153206392135
100,0.014649799144425046,-1.106433917813193,-0.033660826713194175
101,0.0015951300535498592,-1.135675025505468,-0.032845416535137534
102,-0.005629889622602441,-1.1619947930285086,-0.03203077957846055
103,-0.004118601644508113,-1.1746909257948142,-0.031217942091326792
104,0.0046250014021863295,-1.1690717417706487,-0.030407700838977217
105,0.018662885715585636,-1.147926955412399,-0.029600339545511084
106,0.035827166339911704,-1.11996729292223,-0.028795559934126316
107,0.05558325746518605,-1.0960265362245645,-0.027992637943043838
108,0.08274898656504509,-1.0845746120249884,-0.027190729237129646
109,0.12964189133008208,-1.0769865895750423,-0.02638919684942774
110,0.22400205774967402,-0.9633526407758826,-0.009992047946550411
111,0.35234592310341484,-0.5844703795369095,0.08217814133552662
112,0.4549336441559595,0.009432133416067856,0.2957165846804346
113,0.5468977168536959,0.49522362405075215,0.5880348871191129
114,0.6911507366584244,0.3462769851524601,0.8924662309045374
115,0.8885463503908659,-0.41845880866043217,1.176322426722718
116,1.0648530782610623,-0.972241278747743,1.4273861426139973
117,1.147513223931253,-0.9924579484520635,1.6426257640272883
118,1.154821099823517,-0.8576768966920891,1.8206380241420144
119,1.1425097221723264,-0.8408269811728939,1.958361356483584
120,1.1335152646708728,-0.9748969249180721,2.051289064406121
121,1.1251567759706753,-1.1716893764557543,2.096514106345098
122,1.1103382501699501,-1.3307749376057085,2.09730700543819
123,1.0876547629336337,-1.3878382214723919,2.06462820629982
124,1.0581123767901937,-1.327583570295423,2.0145876487284413
125,1.0260127728610762,-1.1799633058173344,1.9645109632140318
126,0.9972445954535893,-1.0045975752242873,1.9288814056822616
127,0.9766241585393369,-0.8679362180265384,1.9156602551761717
128,0.9658623579296748,-0.8190693842560017,1.9237525622152738
129,0.9641165666157918,-0.8716835231264604,1.9442958963304369
130,0.965049293519169,-1.000344510792945,1.9649669144699438
131,0.960681996238212,-1.152403678162055,1.9744735124935007
132,0.9494488734456477,-1.2691090223237333,1.9669932322545778
133,0.93022515737088,-1.3076869594435991,1.944112802173425
134,0.9029958625355539,-1.2568709442400208,1.9133788778400964
135,0.8745516511746447,-1.1398862493551136,1.8851904888960798
136,0.8501741437024393,-1.00353945216581,1.8684084334463824
137,0.831697782029269,-0.8995036078647327,1.8673900269040544
138,0.822394450039297,-0.8648125618357676,1.8810019660758215
139,0.821425381690962,-0.9097491828787891,1.9028579934681913
140,0.8229207276157182,-1.0138773931778937,1.9224950897670592
141,0.8195918561955335,-1.1344143513952636,1.9308693604745288
142,0.8069053883223276,-1.225444897288213,1.9254496801520498
143,0.7873988457446561,-1.2539280095113612,1.9084292098321178
144,0.765143737555025,-1.2129324188087067,1.8855718417328315
145,0.7426818972024718,-1.1232703131253055,1.8647283868374052
146,0.7231961828239368,-1.0217297341519491,1.8522928769325846
147,0.709468150185425,-0.9466610327828122,1.851539363417344
148,0.7022817042060057,-0.9239137007919411,1.8617962796140715
149,0.7002140789127576,-0.815074347855195,1.878132249198897
150,0.6999688802451818,-0.34449950990975964,1.8933642573624594
151,0.6972735112305513,0.3210160555911803,1.901224949137978
152,0.689114724204321,0.6860395678371618,1.8980180456066096
153,0.674613773070712,0.7255643107709306,1.8537287705444125
154,0.6550954907513138,0.7377365430170135,1.7072630832975042
155,0.6341913300568414,0.850464499247253,1.4484419927484566
156,0.6159285694363388,1.0200243803692635,1.138850062941363
157,0.602608832201851,1.1546194632798414,0.8374121483714911
158,0.5948672565040791,1.190432611207214,0.5692088133056279
159,0.5916243932870642,1.114605804787673,0.3389890316141484
160,0.5896554286416325,0.9618186716266969,0.1436974113103695
161,0.5871410240338588,0.7957638593094323,-0.018902254077024172
162,0.5826398266400539,0.6807223065071852,-0.14680753229293364
163,0.5720102325463332,0.654764893389967,-0.23502810179782063
164,0.5549411971223623,0.7193698522459893,-0.2796056390530699
165,0.5361106538064919,0.8445005763774676,-0.2818315437343083
166,0.5196669930517122,0.981980926372044,-0.25040906728970147
167,0.5092107673447042,1.0812659159705271,-0.2004867231156553
168,0.5054848144079274,1.104587376156676,-0.1498524292198813
169,0.5040723259372197,1.0411461395523982,-0.11373960003330652
170,0.5011144078677818,0.9219889054042276,-0.10038687900087456
171,0.49525168598160985,0.8015167023479439,-0.10906807065994273
172,0.48737394133688494,0.7206671990655835,-0.13126356064739153
173,0.4784901389472598,0.7009252958082675,-0.15448775898345735
174,0.46623979732880927,0.7474470859248563,-0.16726630261446263
175,0.4521834694541973,0.8413073262654951,-0.16337749841719432
176,0.4408466395713577,0.9429493494489511,-0.1438300229077261
177,0.4319680697088393,1.013730971988633,-0.11597321778016065
178,0.4261305113910139,1.0281860893888846,-0.09024745925596658
179,0.4241940011377807,0.9826565249368273,-0.0759462835677247
180,0.42211823713813557,0.8970113864153837,-0.0776609926151689
181,0.4166385987112753,0.8063344316361207,-0.09372626720248722
182,0.4091306180004779,0.7472727986346102,-0.1041902605600249
183,0.4009239222177745,0.7378422953943544,-0.040547815308672464
184,0.3914940519442873,0.7747858232392231,0.1563036454486888
185,0.38135648832148095,0.6125178633767123,0.4501215839632189
186,0.37034834200398237,0.010099180462667778,0.770141270882584
187,0.36086547631260124,-0.6523289325501376,1.0758144874207793
188,0.3559321247371001,-0.9424777108740408,1.3466280927448655
189,0.3523611389512886,-0.9821453896136076,1.573280746645156
190,0.34867565409384405,-1.0302500218817503,1.7514085469053002
191,0.34552354325814527,-1.1571823292278225,1.8791508473975354
192,0.3411787569578858,-1.3001847440905223,1.9568342013279452
193,0.33453635015010685,-1.3796917134226012,1.9885153726391822
194,0.32584045705018627,-1.3586606490755297,1.9830105928347255
195,0.3163917677775626,-1.2500857942749546,1.9529104774887216
196,0.30620630589214537,-1.1009713925733964,1.912607375013338
197,0.2975742301748453,-0.9694137321700325,1.8753573931392689
198,0.2930442076167252,-0.9024090093307491,1.85062749064876
199,0.2906079254103996,-0.9198809020185985,1.8410926909474439
200,0.28818736249452814,-1.0093722407519343,1.8436204138000267
201,0.28482384037192066,-1.1327319325442935,1.8528045025924875
202,0.27980378630514546,-1.2418093399623338,1.8612447067215632
203,0.2730796162490977,-1.2968715306422736,1.8620488952050156
204,0.2404372856049205,-1.280728797300521,1.8524213320793272
205,0.1314206117957757,-1.2035774900106673,1.8345377651214925
206,-0.059626323961647576,-1.0973681824682937,1.8137598264788446
207,-0.28485485038661396,-1.0025025784716046,1.796546691982459
208,-0.5116604419090458,-0.952332910262935,1.7886743781071317
209,-0.7140556554288453,-0.9613745553518807,1.7919785481996984
210,-0.846941342836824,-1.0213399517454902,1.8039791361571202
211,-0.9054219743653333,-1.1058933254067793,1.8197778647322274
212,-0.9347463282293784,-1.181713751227368,1.832878993031735
213,-0.9641269081118509,-1.2212871360151327,1.8377247137371366
214,-0.9882553857785328,-1.2125535214245975,1.8322287233597692
215,-0.9922266512848843,-1.1620844196469688,1.8179551452139107
216,-0.9705127298566283,-1.0911344677837675,1.7997125753040288
217,-0.9306769549371374,-1.0266142133276803,1.783418302784355
218,-0.8881916673002357,-0.990750111867488,1.7735020784544995
219,-0.858912519121233,-0.9933683902754642,1.7718465406199853
220,-0.8527760595431515,-1.0294251095274962,1.7776512503290745
221,-0.8704464868452741,-1.0822240394996818,1.7878492909372543
222,-0.9036024442730843,-1.1306103987751925,1.79793490955442
223,-0.9384987214503435,-1.1571090088883431,1.8030357831880846
224,-0.9613637336595309,-1.153911223502229,1.8002363644347845
225,-0.9635628867021246,-1.1247149647870218,1.789987602538326
226,-0.9446052705656012,-1.0821626109093145,1.7751157244406244
227,-0.9119546124551627,-1.0422845205268123,1.760267162340173
228,-0.8778573488779786,-1.018321552792512,1.7500030716966242
229,-0.8545196086556572,-1.0162736311345304,1.7467030135239652
230,-0.8495277339763541,-1.0336161295590491,1.749428501607361
231,-0.8632258846045122,-1.061278706831353,1.7553237526825312
232,-0.8889436923175107,-1.0877526980215495,1.7623347602456212
233,-0.9158484682746382,-1.1035381348016167,1.7672363472322745
234,-0.9332178524900523,-1.1042437834999954,1.7663913617697924
235,-0.93445340355458,-1.0913835039224562,1.759164260942791
236,-0.9193383210620798,-1.070911231000646,1.747879227387168
237,-0.893781096787563,-1.0503839957954444,1.736338247239856
238,-0.8672737367037429,-1.036027647859731,1.727891549345384
239,-0.8491422371764106,-1.0308147648631416,1.7245365334758018
240,-0.8450643372586244,-1.0340908828355335,1.7263481074942657
241,-0.8551488736610602,-1.0425915267177164,1.7316928288330846
242,-0.8742117032117234,-1.0521768482949012,1.7379820661464382
243,-0.8940205123396234,-1.0594572723199107,1.741998040327763
244,-0.9065523071244974,-1.0626997331506414,1.7413991022012194
245,-0.9069809484543065,-1.0618389099735568,1.735951443906778
246,-0.8952884027138963,-1.0578464379190144,1.726903706260515
247,-0.8759768560574117,-1.0519418944945595,1.7164090694932232
248,-0.8561051205085639,-1.0450860102090465,1.7073848552848485
249,-0.8424899954548164,-1.0379399890948595,1.7021330266774903
250,-0.839175724874238,-1.031161401262426,1.7014056110817517
251,-0.8461046804744923,-1.0257060906337603,1.7042585221211128
252,-0.8594108709191857,-1.0228164666803417,1.7086549127599069
253,-0.8731197204495014,-1.0235844690560292,1.7126393696169693
254,-0.8815223057061128,-1.0282649834390534,1.7142709483392924
255,-0.8812870099436765,-1.035723604895992,1.7121911210077405
0,-0.8725338108051122,-1.0434108165961353,1.706527136453392
1,-0.8585403613985361,-1.0480415396923597,1.6986376034382271
2,-0.8442875229354914,-1.046815830828968,1.6905744728830738
3,-0.834474525169707,-1.0386240114922818,1.6843798830855796
4,-0.831788315640444,-1.0250183906896333,1.6805296607241198
5,-0.8360582270045414,-1.010042710759368,1.6785449925996305
6,-0.8445460827836015,-0.998561523742646,1.6788211722976314
7,-0.8531744925839146,-0.9946029135783526,1.680556755101608
8,-0.8581572497704446,-0.9998600905498085,1.6811701696469044
9,-0.8573861411602897,-1.0125970004740945,1.6789346277834607
10,-0.8509899144446318,-1.0279765918457642,1.6736314969218995
11,-0.8412607235913008,-1.0397307457212586,1.666376724341184
12,-0.8316641866347974,-1.042543017958459,1.6591962236450017
13,-0.8250849321519067,-1.0342153330934596,1.6535209717747392
14,-0.8229492813501875,-1.0167321147626742,1.6499022771314955
15,-0.8250396758932448,-0.9957289946133835,1.6489264762634503
16,-0.829604078719872,-0.9784878672370401,1.6506857147394642
17,-0.8341317036257827,-0.9711793067281299,1.6538680433291955
18,-0.8363822247558137,-0.9764110102255388,1.6564752799794205
19,-0.8352079978210902,-0.9920667773779099,1.6569651029154526
20,-0.8308665947546725,-1.0119474182566552,1.6546666676440491
21,-0.8247621332673947,-1.0280289756479082,1.6498430912986022
22,-0.8187805622130941,-1.0335069819066511,1.6436074029287377
23,-0.8145203209632648,-1.0254586931687548,1.6375308633264662
24,-0.8127260376183596,-1.0060716620790169,1.6330080777166982
25,-0.8131196827179905,-0.9819222141866402,1.630496582302725
26,-0.8146464886365146,-0.9615391271084897,1.6297693151421289
27,-0.8159881315218147,-0.9521634292072281,1.6304461674618604
28,-0.816107522167397,-0.9569466768563815,1.631188205528578
29,-0.8146055091824564,-0.9736808197946187,1.630432093405478
30,-0.8117725051465916,-0.9955739205490639,1.6275289633970527
31,-0.8083565061978595,-1.013798517847171,1.6225260294069983
32,-0.8051825351318542,-1.0208488998666425,1.616416629679862
33,-0.8028027888239295,-1.013420687011927,1.610514356426461
34,-0.8013205292818584,-0.9937000491811976,1.6050660754172306
35,-0.8004377923729888,-0.9685565111413075,1.6004839280093144
36,-0.7996729398988067,-0.946939333757334,1.5983928342451224
37,-0.7986251892240988,-0.9364708787048925,1.5989566960095605
38,-0.7971564666948512,-0.9405420017287218,1.600303248325405
39,-0.7954137063664244,-0.957023046783271,1.600503035966824
40,-0.7936982904474874,-0.9790832429130489,1.5988448573617076
41,-0.79226318103317,-0.9978013683298697,1.5956983770956814
42,-0.7911488561382707,-1.005564354084143,1.5914674119506849
43,-0.7901444742866848,-0.9989521978611529,1.5867615091991816
44,-0.7888947486631492,-0.9800104069920141,1.58255304929654
45,-0.7870983708923256,-0.955434505016405,1.579664231595638
46,-0.7846962007995812,-0.9339926548338799,1.578478689173381
47,-0.7819493429421254,-0.9231830146812838,1.578764995337755
48,-0.7793579337602883,-0.9264057902699667,1.5794120643705485
49,-0.7774475770080143,-0.9417210060723256,1.578979469635641
50,-0.7765165770943634,-0.9626468727554522,1.5766973056027949
51,-0.7764622136580348,-0.9806707215855588,1.5724799053818108
52,-0.7767752996349335,-0.988496378574963,1.5666940939137497
53,-0.776720487769559,-0.9827846457218197,1.5601411656008164
54,-0.7756361691321301,-0.965354124386403,1.5538484193181255
55,-0.7732294768418673,-0.9424105946470998,1.549024084868345
56,-0.7697359252688272,-0.9221291932156723,1.5465975469294548
57,-0.7658644318141314,-0.9115338366841588,1.5461805546045189
58,-0.7625368778000046,-0.9138685946808334,1.5467371668039718
59,-0.7605201616367285,-0.9274472352467868,1.5476600083714
60,-0.7600997107191727,-0.9463878029199257,1.5478932740749434
61,-0.7609334240627401,-0.9629164704984907,1.5464508681780558
62,-0.7621559906854749,-0.9703367621191674,1.543556584407328
63,-0.7627024424366273,-0.9655274130575835,1.5397786156739066
64,-0.7617278601399993,-0.9500354936002999,1.5348959109858704
65,-0.7589558771885707,-0.9293841096672211,1.529075113764585
66,-0.7548117523290372,-0.9108982186212162,1.5243479548063976
67,-0.7502786780759108,-0.9009051244041968,1.5219351678131412
68,-0.7465262599094418,-0.9023814350215646,1.5211828577903193
69,-0.7444534370402278,-0.9139224461810218,1.5213773162342514
70,-0.7442437894951326,-0.9303877302399415,1.5215978974112119
71,-0.7454541662672374,-0.9449344988651869,1.520638579210622
72,-0.7472204180281996,-0.9516344734997317,1.5180702403526691
73,-0.7482194314232835,-0.9476723403974168,1.51459199405206
74,-0.7473526762112619,-0.9343102624555297,1.5109870203300018
75,-0.7443907859104191,-0.9162918668720852,1.5077778945028242
76,-0.7399189412543634,-0.8999569008360329,1.505431044656396
77,-0.73508181853212,-0.8908151628071399,1.5041011091199938
78,-0.7311599733907197,-0.8915086743927083,1.5035571869460997
79,-0.729090551746356,-0.9009154849418102,1.5032617354999305
80,-0.7291068139188805,-0.9146945811324354,1.5025924488672358
81,-0.730642622647006,-0.9270194273545034,1.5010369344768417
82,-0.732545636541098,-0.9328091586282583,1.4983350412992893
83,-0.733519185148888,-0.9296029601982041,1.4946396942252833
84,-0.7326216454175749,-0.9183869376324503,1.4902175267525934
85,-0.7296293526849382,-0.9031007029556315,1.4856132984323192
86,-0.7251223726131073,-0.8890565211435271,1.4816147423357715
87,-0.7202603125697669,-0.8809035810080437,1.4786236965334147
88,-0.7163355368201969,-0.8809171437571925,1.4768499185274955
89,-0.7142769583726658,-0.8882409737997823,1.4757472518741936
90,-0.7142958881883954,-0.8993298066395532,1.4741547497149456
91,-0.7158095077909303,-0.9093790680532057,1.4715511751427997
92,-0.717669555186101,-0.9141674784265028,1.4682177368359524
93,-0.7186059858298046,-0.9116066004766941,1.4647397344865172
94,-0.7177133614549533,-0.9024300081298797,1.4603816806902454
95,-0.7147929055636464,-0.8898004456843815,1.454626306553343
96,-0.7104205781678601,-0.8780276802867841,1.4496557980641103
97,-0.7057182078698561,-0.870914267238593,1.4468630188546059
98,-0.7019189605031633,-0.8703631779976639,1.445595202059319
99,-0.6998961126559364,-0.875755398286806,1.4453688183617235
100,-0.6998358305301433,-0.8842950746467193,1.4455886360739694
101,-0.7011768653638035,-0.8921492766416823,1.4452337123263619
102,-0.7028360288276954,-0.8959205715647527,1.4438139412369941
103,-0.7036287044884699,-0.8938878895803319,1.4417695460086182
104,-0.7027206440466427,-0.8865643924731703,1.4395347422696325
105,-0.6999382493494892,-0.8763976142683503,1.4373078037147793
106,-0.6958217616036484,-0.8667656205619272,1.4352962512926828
107,-0.6914060971857958,-0.8606778453011064,1.4333323899554213
108,-0.6878182361681255,-0.859678848530069,1.431299002395721
109,-0.6858481554418423,-0.8633522656224106,1.429536844079339
110,-0.6856570244941151,-0.8695781382046928,1.4277773135510219
111,-0.6867305096441387,-0.8754082662098726,1.425480351149186
112,-0.6880892997257455,-0.8782013770515706,1.4225900311588613
113,-0.6886708379614583,-0.8765825529883804,1.41893016678361
114,-0.6877332199809336,-0.8708805535621034,1.4146394330507355
115,-0.6851274779395871,-0.8629100102051241,1.4102705398545514
116,-0.681338369720424,-0.8552164322037359,1.4062500699580185
117,-0.6772842922845459,-0.8500947716233997,1.403083601313552
118,-0.6739586111538265,-0.8486759027166508,1.4011758609952367
119,-0.6720526167819383,-0.8507540392645367,1.4002609674386957
120,-0.6717033715963951,-0.8549997245183638,1.3997165804765421
121,-0.6724582764011944,-0.859158962801152,1.398821009503243
122,-0.6734633834109913,-0.861093417398239,1.396919326279396
123,-0.6737975211552603,-0.8597677707799365,1.3943108941555469
124,-0.6728214543822757,-0.8554161356698278,1.3907587967126789
125,-0.6704096667135608,-0.8493355213649543,1.3860067075632299
126,-0.6669809529167121,-0.8433509809719628,1.3819510997861837
127,-0.6632403729481791,-0.8391253523595692,1.3793225249162293
128,-0.6600799310175132,-0.8375668019959597,1.3770356714326493
129,-0.6582893197691595,-0.8385495169037576,1.374713719357774
130,-0.6579003363744165,-0.8410327117401879,1.3726592083388471
131,-0.6583623342558682,-0.8435068940686912,1.3712418621490103
132,-0.658980258814746,-0.8445790827628095,1.3703135934497235
133,-0.659033810481799,-0.8434712645960492,1.369470251568968
134,-0.6580116782858676,-0.8402557286946384,1.3684838920885367
135,-0.6558085281230206,-0.8357615961499851,1.3672894123436232
136,-0.6527637771099399,-0.8312130150776218,1.3659231139037118
137,-0.6495217446610104,-0.8277532137755959,1.364389921639643
138,-0.6467771816502226,-0.8260378155000896,1.362667792354042
139,-0.6450113413255201,-0.826039980636232,1.3607879834336045
140,-0.6442373590382169,-0.8271200282623727,1.3585430191751797
141,-0.6441898970247022,-0.8283106800515605,1.3558615823570208
142,-0.6444900114336913,-0.8286945552340717,1.3529735830879726
143,-0.644430673726355,-0.8277281940250201,1.3499452417468603
144,-0.6434140137772935,-0.8254001978030332,1.3468154233233802
145,-0.6413798697527973,-0.8221825084218874,1.343681436453109
146,-0.6385760467673276,-0.8188133233206281,1.3408812010052844
147,-0.6355894277484326,-0.816007478266938,1.33830423491314
148,-0.6330952824386482,-0.8142063761219087,1.3354170594748997
149,-0.6314294111447347,-0.8134529801864052,1.3325311594971034
150,-0.6306951620388856,-0.8134224421944927,1.3303105213694009
151,-0.6305017443790812,-0.813579055453642,1.3287382906808278
152,-0.6303193912859553,-0.8133881129174689,1.327167437945565
153,-0.6299102921596615,-0.8125003753910867,1.3252031292680764
154,-0.6289101392414622,-0.8108474076407948,1.322911069941075
155,-0.6271045404661215,-0.8086264133101952,1.320374186094257
156,-0.624727833016403,-0.8061958124266213,1.3176964316997513
157,-0.622221779915813,-0.8039315445946587,1.3150192078798608
158,-0.6200264471565553,-0.8021002721875674,1.312458914798234
159,-0.6184276131903788,-0.8007903987558029,1.30977406571016
160,-0.6174720324942007,-0.7999142093047324,1.3071002569533134
161,-0.6169677783872145,-0.7992668948469068,1.3047839849339833
162,-0.6165685797878424,-0.7986111108630372,1.302671654281819
163,-0.6158277709177609,-0.7976711389704367,1.3005976479417036
164,-0.6145435812921312,-0.7963880415325639,1.2947467766968939
165,-0.6127927648860236,-0.7949598638401576,1.2745233460873155
166,-0.6107000661584956,-0.793377278647676,1.2283041112316937
167,-0.608598412090676,-0.7915914353825366,1.1480499557977395
168,-0.6067422107788694,-0.7897562870589026,1.0281411258905715
169,-0.6052286835915108,-0.7879568690966754,0.8697161911184392
170,-0.6041438124299074,-0.7863430357680168,0.6841760760504405
171,-0.6034013981719208,-0.7851540838478086,0.48705301486723807
172,-0.6027640038615938,-0.7842820048365116,0.29424636710134267
173,-0.6019577518765,-0.783478720800737,0.12099905958455237
174,-0.6007896823427874,-0.7826425890370294,-0.026687234845357954
175,-0.599216849559925,-0.7816795998353752,-0.15700489306153198
176,-0.5973504239591736,-0.7804845193648058,-0.2805931932764103
177,-0.5954022768186995,-0.7789903399650138,-0.3958224943980675
178,-0.5935990620060614,-0.7755683598966823,-0.4919393908588723
179,-0.5920976400809694,-0.6913512046442256,-0.5628800394572895
180,-0.5909326928591796,-0.40588919993191586,-0.6113500523475677
181,-0.5900134095564471,0.0609316803340294,-0.644625732203548
182,-0.5891667418528066,0.5711769227158219,-0.6703842011872423
183,-0.588207594566488,0.9481209210374841,-0.6936521733060932
184,-0.5870078008596917,1.096871627984875,-0.7155285024601978
185,-0.5855384143989086,1.1302403138764618,-0.7337053158227205
186,-0.5838718578206685,1.1854151460303237,-0.7443747240963949
187,-0.5821465330368283,1.270715965322891,-0.7445991048263703
188,-0.5805102517138159,1.3387389868481758,-0.734108310123148
189,-0.5790653059093416,1.3535515627307015,-0.7158649051249679
190,-0.5778353592529564,1.3092162781449188,-0.6952385754500527
191,-0.5767643794787112,1.226511277681032,-0.6781787697271293
192,-0.5757449508104178,1.1372863255965404,-0.6691419271809507
193,-0.5746626196050744,1.0736690764274799,-0.6695889982001284
194,-0.5734382632451225,1.0606001706090353,-0.6776147206230492
195,-0.5720530215276782,1.101451668668239,-0.6888146477284254
196,-0.5705484297141064,1.1743178669499743,-0.6980216935631947
197,-0.5690044261447582,1.2482821241762654,-0.7012313015726475
198,-0.5675058728043927,1.2964830083105054,-0.6969935288115319
199,-0.5661113158300157,1.3024587861912487,-0.6867834431553832
200,-0.5648352723229988,1.2637202273319512,-0.6742667772170579
201,-0.5636488992401374,1.194495671254411,-0.6637943215266451
202,-0.562496394251681,1.1228394434056597,-0.6587287092434273
203,-0.56131890376997,1.0751352517492956,-0.6602370057136575
204,-0.5600759906935981,1.0653493326236974,-0.6669733681175454
205,-0.5587570349151532,1.0952169777628704,-0.6757194141402454
206,-0.5573798824597644,1.1520895429674094,-0.6826747558949111
207,-0.5559793446339101,1.2108928832388717,-0.6849190683804367
208,-0.5545916388447467,1.2485935085210027,-0.6814676565920805
209,-0.553241414263544,1.2534347089014366,-0.6734895744664802
210,-0.5519358164801198,1.2254763682696876,-0.6637390687674363
211,-0.5506664112536248,1.1762825319738819,-0.6554571583232456
212,-0.5494164366069745,1.1226262347119995,-0.6511385104526812
213,-0.5481691579683838,1.0803211081852786,-0.6516541835220642
214,-0.5469135406680825,1.0605925676042824,-0.656034288154709
215,-0.5456455084906608,1.0747398783998907,-0.6619486143325801
216,-0.5443655456564356,1.121061918386241,-0.6666601800624854
217,-0.5430750859365392,1.1697921632572617,-0.6680650500597565
218,-0.5417742989987486,1.196693250380072,-0.6654256540232966
219,-0.5404626167240314,1.1997219267430745,-0.6595461359692902
220,-0.5391414247281099,1.180649103343241,-0.652363962567621
221,-0.5378168456750134,1.1438207149850643,-0.64615157629116
222,-0.536500270254405,1.105473954323898,-0.6426533050219483
223,-0.535205407349729,1.0826425893318974,-0.6424829648117814
224,-0.5339425722612838,1.0780173429897526,-0.6449860310291013
225,-0.5327127105509306,1.0468336804462202,-0.6485815262124119
226,-0.531504308940151,0.8806883705383868,-0.6514188005250854
227,-0.530295430157852,0.5049566251565611,-0.6520801039326716
228,-0.5290609327572995,-0.019541115017404298,-0.6500645645187397
229,-0.5277824456113269,-0.485407847344689,-0.6458924845644143
230,-0.5264570240609467,-0.7211973366636011,-0.6408239391257122
231,-0.5251004727045163,-0.7922477603651368,-0.6363299088476622
232,-0.5237432121642613,-0.8500422804281027,-0.6335342178379713
233,-0.5224195991481582,-0.9374833141710655,-0.6328357439857519
234,-0.5211545233435046,-1.016259157896486,-0.633833824318389
235,-0.5199526164593455,-1.0408707564310449,-0.6355550923977171
236,-0.5187947597917957,-0.996644368355116,-0.6368677195064434
237,-0.5176438946282564,-0.9022416202056198,-0.6369104517861419
238,-0.5164584352278094,-0.7958402262510861,-0.6353759657166809
239,-0.5152083525063593,-0.7176205438060336,-0.6325593731564068
240,-0.5138876116716293,-0.6946889221669446,-0.6291801821607714
241,-0.5125177776746357,-0.7321600223836513,-0.6260698973866867
242,-0.5111409032546659,-0.812617814305983,-0.6238571936922273
243,-0.5098040312417291,-0.9037170170236095,-0.6227678176751033
244,-0.5085410955777898,-0.9708568376651847,-0.622598804181467
245,-0.5073592697375977,-0.990055683442475,-0.6228532761907513
246,-0.5062352984006571,-0.9562518513984486,-0.6229631901944261
247,-0.5051235781344106,-0.8841775634696238,-0.6225040011549037
248,-0.5039731680367583,-0.801866232119063,-0.6213220484883544
249,-0.5027473176423303,-0.7395095387416335,-0.6195407451214494
250,-0.5014379517491823,-0.7183838284300703,-0.6174637207562341
251,-0.500069357561497,-0.7435649085065155,-0.6154302239165443
252,-0.4986894265587294,-0.802617300086768,-0.6136874120228999
253,-0.49735163164084306,-0.871332131429241,-0.612325810602705
254,-0.4960945815273594,-0.9235259184080693,-0.6112898315457744
255,-0.49492703458096554,-0.9406359137814513,-0.6104416799672647
0,-0.49382423112613383,-0.9180410557049132,-0.6096385718181185
1,-0.4927370763269632,-0.8659182447782907,-0.6087857987590337
2,-0.4916107424716385,-0.8046074233053873,-0.6078475849211367
3,-0.4904055900968922,-0.7565240455161011,-0.6068225109271768
4,-0.4891123698805102,-0.7378196487999356,-0.6057078939502691
5,-0.48775583778335063,-0.7528797557643228,-0.6044799605865823
6,-0.48638536373394037,-0.7934977319266914,-0.6031040446227169
7,-0.4850561205371413,-0.842716510173869,-0.601568973251493
8,-0.4838080640170883,-0.8816112577079882,-0.5999232836594077
9,-0.48265075886694,-0.896322127622847,-0.5982868708820932
10,-0.4815598445456055,-0.8827418253401653,-0.596822617160482
11,-0.48048645155682257,-0.8473085813062169,-0.5956733734463937
12,-0.4793759089280649,-0.8038971368709635,-0.5948900493652169
13,-0.4781885453778767,-0.768232708652167,-0.594385947685633
14,-0.4769146315451307,-0.7520544233151489,-0.5939451310355088
15,-0.47557780956714146,-0.7590942094461786,-0.5932905996217002
16,-0.4742258040329246,-0.7845320908955142,-0.5921906262809975
17,-0.4729120775025619,-0.8174784348351214,-0.590561184688916
18,-0.471675510830712,-0.8450332699725389,-0.588519089336722
19,-0.47052586174173605,-0.8572383231290299,-0.586357212389494
20,-0.46944045952485713,-0.8506068204981307,-0.5844440953679981
21,-0.4683732419011326,-0.8286696675283842,-0.5830828797358658
22,-0.46727252508654327,-0.8000526331892872,-0.5823846695638999
23,-0.4661006290759324,-0.7749498691607428,-0.5822096840922837
24,-0.46484788160945545,-0.7613685939930828,-0.5822052143801979
25,-0.4635357828999198,-0.7625050124324888,-0.5819314016127797
26,-0.4605596521779143,-0.7760853461672976,-0.5810293543292726
27,-0.4534794129687303,-0.7957140878132616,-0.5793663584844404
28,-0.4431880614717776,-0.8135416207377917,-0.5770988624192892
29,-0.4324052257956612,-0.8231606991804741,-0.5746242434656643
30,-0.4219762812298662,-0.8216784220358377,-0.572435711149669
31,-0.41307814958446976,-0.8103244313469178,-0.5709339681129155
32,-0.40611332135451006,-0.7935528180238043,-0.5702684203773911
33,-0.39776225494523354,-0.7771357420280594,-0.5702714388031287
34,-0.38656078429531016,-0.7660413076948012,-0.5705143057091762
35,-0.3746318690727508,-0.7628608368753382,-0.570466274291276
36,-0.3634666972006094,-0.7672535981293529,-0.5696971224656606
37,-0.3549007777173704,-0.7764549451463658,-0.5680451389911734
38,-0.3492559191262211,-0.7865174721688553,-0.5656844059543931
39,-0.3425848757606098,-0.7937534681257887,-0.5630633853498737
40,-0.3330629372472861,-0.7958657049193856,-0.5607365758978027
41,-0.32069258020122005,-0.7924488793759137,-0.5591529792715564
42,-0.30716523597638545,-0.7848141082284821,-0.5584827277469009
43,-0.29675437402289195,-0.7753222656822198,-0.5585493048887507
44,-0.2897696052966493,-0.766449584170763,-0.5588944780601774
45,-0.283549080434201,-0.7186250928209652,-0.5589518813260248
46,-0.27520757957273,-0.575673181828254,-0.5582630163343596
47,-0.26623124294315015,-0.38342755214692037,-0.5566527351141639
48,-0.25976362604876146,-0.24651680978405455,-0.554296619724626
49,-0.253381350863387,-0.20566438296141631,-0.5516541996500446
50,-0.24643641538389882,-0.1977348971673999,-0.5492935830941701
51,-0.24061936107860438,-0.11055559470953247,-0.5476748321909011
52,-0.23362041673476652,0.0681789889388903,-0.5469751511225571
53,-0.22535775227997212,0.24259233064004337,-0.5470226639312519
54,-0.21804820047277407,0.3504089159063115,-0.5473636359034946
55,-0.20989405590987853,0.4135866746474628,-0.5474367181150448
56,-0.2012909811269904,0.4714449985129736,-0.5467869690227931
57,-0.19446260656518455,0.5367243229523027,-0.5452376681746087
58,-0.18883343884160136,0.6309218557115592,-0.5429547501019207
59,-0.18364337451905755,0.7984015910171514,-0.5403803193353078
60,-0.17684418020082482,1.0124908016366618,-0.538061942505768
61,-0.169301367502728,1.1590301089438726,-0.536443894682427
62,-0.16329807144212244,1.1999616627722192,-0.53570025734063
63,-0.15773100606872942,1.2014439841595967,-0.5356727879608114
64,-0.15185026497539322,1.211455619434462,-0.5359357079583003
65,-0.14559051739628842,1.2306200723191116,-0.5359609126568572
66,-0.13920896282734252,1.235038388945103,-0.5353193016168689
67,-0.13154282634513814,1.1934047887429404,-0.5338412297576784
68,-0.1234905034679698,1.1053341506890941,-0.5316759235141117
69,-0.11748241171495233,1.0331822101110206,-0.5292291575131696
70,-0.11277726150604561,1.0443101439737184,-0.5270050979420629
71,-0.10818274778237635,1.1075717024287064,-0.5254140933526124
72,-0.103063185063962,1.1461067617269671,-0.5246198778736213
73,-0.09729515084397583,1.1419920461606616,-0.5244831861735657
74,-0.09116991758464546,1.0872716979401407,-0.5246210169947267
75,-0.08503872194237266,0.9674309874940397,-0.5245565430436225
76,-0.0792538982895159,0.7888627444741454,-0.5239009088608857
77,-0.0737438822954066,0.5385051042420939,-0.5224974687366355
78,-0.06846416570288921,0.2574765972593185,-0.5204749074763759
79,-0.06536068179936341,0.045693941734418875,-0.5181914794951761
80,-0.06303736849919758,-0.0821261243714706,-0.5160942190481772
81,-0.05690835765989452,-0.18910601785560566,-0.514548483905306
82,-0.0489121552615808,-0.3342489170602643,-0.5137029171727752
83,-0.044045420556077186,-0.4995872756901609,-0.5134397499219643
84,-0.04078748331759592,-0.6226220443192809,-0.513426749943173
85,-0.036059344384135494,-0.7033723218906326,-0.5132482981196891
86,-0.03049149469577493,-0.746279118627557,-0.5125638878524448
87,-0.024835260965801367,-0.7361188106062444,-0.5112335531518231
88,-0.01945123020170171,-0.7074941122445573,-0.5093640484829689
89,-0.014549962473965138,-0.709040828323263,-0.5072609062255116
90,-0.011519460844260802,-0.7517892020946917,-0.5053074241980156
91,-0.008925691171088209,-0.7946984951093077,-0.5038184659958489
92,-0.004319995754324967,-0.7706838422583528,-0.5029248539998845
93,0.0012065424520298247,-0.711925993376084,-0.5025307446861316
94,0.006938617964930503,-0.7148944582128309,-0.5023574696328756
95,0.011044889757119047,-0.757863123386359,-0.5020543414569738
96,0.014120011229658402,-0.7609630424578746,-0.5013324440462108
97,0.018567613182925033,-0.7179586722195705,-0.5000703778586213
98,0.02371997214900349,-0.6771337079784154,-0.4983533404171465
99,0.028743055253986738,-0.6792113025453148,-0.4964333988583307
100,0.031941176753130976,-0.7263064861489554,-0.49462885744179075
101,0.034432269928317064,-0.7783255135275642,-0.4932027895918538
102,0.03872435622159441,-0.811408488766789,-0.4922670510929392
103,0.04424107409006266,-0.8452738458570095,-0.49174669154636574
104,0.05010884939670436,-0.8643122906863954,-0.49141562551783724
105,0.05402260056309238,-0.8354692377850729,-0.4909872708031511
106,0.060063991387313886,-0.7699790619442635,-0.4902239448841581
107,0.06899668256226762,-0.7042492534288965,-0.48902331582409553
108,0.07040790859916826,-0.6698391331028123,-0.487450585623578
109,0.06644802739991112,-0.6791732618903541,-0.48570676178144945
110,0.06692686641868717,-0.7254119023823229,-0.4840477145765323
111,0.07202327844816009,-0.7883738575657979,-0.4826864679694989
112,0.07803892175758045,-0.8430915825703544,-0.48171596483797163
113,0.08324061171377428,-0.8692251705700764,-0.4810801736061343
114,0.0858591571144788,-0.8582105116623535,-0.4806020325045808
115,0.08732906052940528,-0.815441542885895,-0.480055090619127
116,0.09072383499987766,-0.75774914585235,-0.4792500199323326
117,0.0941430069146543,-0.7068018173886292,-0.4781030309986134
118,0.09760381796232065,-0.6806669204057127,-0.4766616143197644
119,0.10295131043018763,-0.6872436306386693,-0.4750801871681354
120,0.10738694280539918,-0.7218711613081781,-0.47355728670516384
121,0.11048427145779821,-0.7697409839708782,-0.4722596828268373
122,0.11439487733573744,-0.8119461480307839,-0.47126232516155686
123,0.11707818088158223,-0.8327205026445821,-0.47052559785697623
124,0.11740141359955497,-0.825110258251208,-0.46991630029523135
125,0.11865826668039797,-0.7930544335366467,-0.46926214191628723
126,0.12247253599231406,-0.7493019958022447,-0.4684176369177744
127,0.1259436137983423,-0.7101785741404414,-0.4673162945188176
128,0.1276109029563638,-0.6776267071435751,-0.46599053715003813
129,0.13041696480165083,-0.6025530101224081,-0.4645538559700433
130,0.1355411135517835,-0.42072656759946314,-0.4631540682880355
131,0.13934228207007426,-0.13297951812105047,-0.4619167415029346
132,0.1417081576751692,0.16810286447618328,-0.4609003359727246
133,0.14528015288137736,0.3734579457728959,-0.460078935424846
134,0.14802366434529057,0.4924638912995831,-0.45935720215333586
135,0.14843952004572614,0.5677746049300283,-0.4586099503742338
136,0.14978507114371553,0.5653365006806541,-0.4577301023882523
137,0.15415850360898287,0.50697815755457,-0.45666675971311865
138,0.1583136404786541,0.5085986093487271,-0.4554400082827179
139,0.1598559793086537,0.6033189733547402,-0.4541286006895162
140,0.1618001659860278,0.7188374950014733,-0.4528369583836338
141,0.16609405411829586,0.8416436814598631,-0.45165512585702694
142,0.16935195283364796,0.9656713459214665,-0.45062693126144415
143,0.16965327697180016,1.0316026091022774,-0.44973745868272164
144,0.17071596658825472,1.0578565761263072,-0.4489229802306758
145,0.17483426628527388,1.1169126158422102,-0.4480979720326961
146,0.17843265006443343,1.2226004771582293,-0.44718795804176703
147,0.17931537707959727,1.3339605183678866,-0.4461556702097711
148,0.17949090164847348,1.4045551600781678,-0.44501148570894355
149,0.18176210082405603,1.4053284222010216,-0.4438056328931863
150,0.1863481107912604,1.3331133336980932,-0.4426065721474808
151,0.18980134719054204,1.219795422314144,-0.44147465691787535
152,0.1922053940885149,1.1127084529823283,-0.44044110939053205
153,0.19573158800639068,1.046915486040822,-0.4394994890457695
154,0.19835504710196494,1.042753097151908,-0.4386115887778783
155,0.1989082487025764,1.1003553317350985,-0.4377242260915284
156,0.19908791750180688,1.192744916649361,-0.43678975494045513
157,0.199705944603347,1.2843084999373975,-0.4357693656196815
158,0.20213675130697173,1.3427964661414835,-0.4346606653297973
159,0.2068318787076947,1.3434191785797132,-0.43351663925165806
160,0.21031365740874808,1.285871048977992,-0.43238920944650583
161,0.21081000431724017,1.19870006570798,-0.4313053592129654
162,0.20994901833647983,1.1164667967894024,-0.43027968255668525
163,0.21078936864005615,1.065591400315633,-0.4293090416770402
164,0.21455988515274083,1.061933254830218,-0.4283745219028323
165,0.21795917189822278,1.1037987026997875,-0.42744897486653133
166,0.22265628930552928,1.1739488083755218,-0.4265066364433385
167,0.2281292884688878,1.2369001178791064,-0.4255310725911332
168,0.22846720495483397,1.2636454931085366,-0.42451889332313875
169,0.22772815046867068,1.2584600926475487,-0.42347861534144116
170,0.2291866164646308,1.2302632791639776,-0.422425894315251
171,0.23020248639556007,1.1809166985857225,-0.4213774091483866
172,0.23184860427494192,1.1226206134955756,-0.42034569858553583
173,0.2353342819790636,1.0800830323204167,-0.4193364164550113
174,0.2379271914062554,1.0727885840927165,-0.41834828106220434
175,0.2381266639351849,1.1009292057640296,-0.4173749919698191
176,0.23789419723505,1.1514494079941073,-0.41640793169229307
177,0.23834414341140098,1.2007478533802964,-0.41543861085298395
178,0.2390987542591344,1.2288464291658188,-0.41446032858192394
179,0.23981099957146623,1.2304704968611202,-0.41346905834938874
180,0.2419680784747058,1.2044310857561027,-0.41246385125757534
181,0.24603242005018533,1.158240355734955,-0.41144698857426243
182,0.24862824715602427,1.1134135429060366,-0.41042384194493287
183,0.24814238286006807,1.0881645720272028,-0.4094021625265283
184,0.2468637886886219,1.0861875783374066,-0.4083905369808869
185,0.2466266265819267,1.1019952886923363,-0.4073960762444091
186,0.24733015445137496,1.1293084499916723,-0.4064218980469625
187,0.2500009343248716,1.1606717152915755,-0.4054653484252091
188,0.2550165760387916,1.182534384429721,-0.40450479708725107
189,0.25869564811062096,1.1833968966048927,-0.40352248700864424
190,0.25915222283480754,1.1651105675079774,-0.40253160162301915
191,0.2582999558250514,1.1375155311118679,-0.4015368006450337
192,0.2592760409854169,1.110085089125282,-0.40052904874977546
193,0.2613774189375616,1.0926057297587044,-0.3994981316314772
194,0.26194595638581364,1.0890255739388697,-0.39845086336420454
195,0.26340013922359895,1.0968773319864198,-0.3974283241988954
196,0.2659345142452423,1.1123040565942346,-0.3964546879012383
197,0.26721496265840583,1.1240942814269261,-0.39552286200868214
198,0.2675665924218057,1.1280694958635586,-0.3946172650072757
199,0.2675571570082552,1.1324201149290705,-0.39371635361181023
200,0.267412314274574,1.1324110929986837,-0.392798289102704
201,0.2688312551869294,1.1197551920737103,-0.3918477036880754
202,0.27242135092841935,1.1015440082504,-0.3908609073629008
203,0.27496958365258384,1.087727519387669,-0.38984731030544584
204,0.27516845935333356,1.0816491943818476,-0.38882619988852385
205,0.2748343758827817,1.0825899535171124,-0.3878197989478127
206,0.2749095962172181,1.0862444173708725,-0.3868450444969149
207,0.2754179453884722,1.0919775728799093,-0.38590714648468327
208,0.27611217146380007,1.0869030442968122,-0.3849974297987875
209,0.2764894163195051,1.0721578008624713,-0.38409640377965415
210,0.2779803433832567,1.0775797394797895,-0.38318102083799754
211,0.28145252487275574,1.0925873874921068,-0.3822203276005983
212,0.283761614850217,1.0932002011320714,-0.3812031892417592
213,0.2835925552744557,1.0717430595191089,-0.3801639098070908
214,0.28284901786943795,1.0144377556906496,-0.37913519712905874
215,0.2827538370645949,0.8971980342023431,-0.3781320790571394
216,0.283536403191172,0.7251148128452636,-0.3771676052214217
217,0.2846009151884593,0.5788971736213409,-0.376245459500713
218,0.28687800595389634,0.49489761225351936,-0.3753565127566868
219,0.2911235361986352,0.4113936323697127,-0.37448072106420993
220,0.2939874849625269,0.3313099621544453,-0.3735936631686827
221,0.2936883661084183,0.3188269218630817,-0.37267518067911265
222,0.292273891657471,0.3164029450668213,-0.37171674026145063
223,0.29138632599279646,0.21180279830570647,-0.37072460660635786
224,0.29161464998344,0.012665619561398445,-0.36971751902571204
225,0.2925833681913804,-0.20932757629750154,-0.3687196837399763
226,0.2935601437814501,-0.43628343716860873,-0.36775170812376723
227,0.29401220872174316,-0.653350601790162,-0.3668229096334068
228,0.2954888450706137,-0.7584411300044398,-0.3659279176430461
229,0.29896014789038594,-0.718840665070636,-0.3650488490511704
230,0.30104036762186026,-0.6286956919013784,-0.36416221022808803
231,0.3003816037796695,-0.5524246808459337,-0.3632478783730343
232,0.29938325448790915,-0.5325825043004713,-0.3622967351689256
233,0.2994736171842206,-0.5536479314403695,-0.3613140597529415
234,0.3002440218400443,-0.5483564072801629,-0.36031742432527636
235,0.30109895495392924,-0.521018774344945,-0.35932994003727337
236,0.3018580497094351,-0.5503215447801728,-0.3583714638289125
237,0.3019886257837967,-0.6610401021970949,-0.3574511273996649
238,0.30136228355218053,-0.7581668349516654,-0.3565640106056335
239,0.3021155472292919,-0.8070529050605173,-0.355693172963091
240,0.3053390425250523,-0.8624701078834076,-0.35481620544517134
241,0.3076528969709853,-0.9392644977265507,-0.35391375870202424
242,0.3075221994912497,-1.0103401255424176,-0.35297678909107466
243,0.30718920204317957,-1.0426959999257481,-0.35200979882637196
244,0.3078848885852986,-1.02185924524268,-0.35102890845638757
245,0.3091399395332961,-0.9573014056258213,-0.35005557788870156
246,0.3102951373778464,-0.8755172886737046,-0.3491084267496847
247,0.3108133615077573,-0.8078643101102754,-0.34819628030888616
248,0.31023687748513884,-0.7783234321656474,-0.34731504441352434
249,0.3087897806724639,-0.7951069498210228,-0.3464495130907148
250,0.3070983974572137,-0.8486324118673387,-0.34557932445692785
251,0.30578936402756396,-0.9161909224165119,-0.34468672882963614
252,0.30694464146406586,-0.971220308886477,-0.3437631989599774
253,0.3112969104176265,-0.9934673750340157,-0.3428124164640015
254,0.31521073786517717,-0.976174601014761,-0.3418485939691521
255,0.316753099530624,-0.927765687187398,-0.3408908778462807
0,0.31729276464308387,-0.8677317247603247,-0.33995603697278254
1,0.3175929643608316,-0.8186275122465041,-0.3390522338511157
2,0.3175713180631242,-0.7974357669548904,-0.3381761940371738
3,0.3170055758289283,-0.8095879043300864,-0.3373147476873847
4,0.31603024822184533,-0.8477153980869314,-0.3364500433961122
5,0.3148395982009149,-0.8952854465182525,-0.33556637093298036
6,0.31375671536107064,-0.9334222423026355,-0.33465598245833106
7,0.31331045969027593,-0.9481285543982816,-0.3337217545954032
8,0.3134508599634822,-0.9351629920220237,-0.3327757863117785
9,0.31391112637030494,-0.9009049988829685,-0.3318345834744353
10,0.3146045438770705,-0.8591728433538148,-0.330912744049755
11,0.31515935544293694,-0.8254906839646607,-0.33001756098306123
12,0.3151952214462347,-0.811154584550748,-0.3291465372682165
13,0.3162509882498077,-0.8193477640420381,-0.3282886485272499
14,0.319230927411124,-0.8179834075093884,-0.3274287535839069
15,0.3213606835220463,-0.7269981809698498,-0.3265533924358429
16,0.3213868552396152,-0.5495405300295937,-0.32565575141104897
17,0.32092265624286676,-0.37449466781825036,-0.32473796596862214
18,0.32094961179296444,-0.18903924817200624,-0.3237968786526083
19,0.32157664003886255,0.021610590106130756,-0.32284080698177964
20,0.3224267619073031,0.1587887790729664,-0.32190745160016865
21,0.32293346400531775,0.24541223993054628,-0.3210154327027944
22,0.32276523226677056,0.385843936875812,-0.3201536319836198
23,0.32192954430866505,0.5561510117644739,-0.3193070513318249
24,0.32070253802559034,0.7622957045620162,-0.31846033515239147
25,0.31948590579029656,0.980552014015728,-0.3176017189448396
26,0.3187288524525038,1.0837099866135862,-0.31672592853012993
27,0.31850443348685586,1.0737183007186246,-0.3158349521666908
28,0.32035593816092667,1.0525082150774052,-0.31493642013918266
29,0.32340137516983836,1.069916610170817,-0.31404022229510165
30,0.3248564646934612,1.1177481474647455,-0.31315462692766705
31,0.32667138696808384,1.1606056649423007,-0.31228330346624067
32,0.32872918238580984,1.1781783397898016,-0.31142426310940874
33,0.3289490780773454,1.1766452629365816,-0.3105709827283267
34,0.328081237501924,1.1535213782678815,-0.309715163423963
35,0.32716370496816316,1.109765065053343,-0.30885000275852037
36,0.32678635057038585,1.0650822848662123,-0.3079727310094409
37,0.32675294290680357,1.0384523391891922,-0.3070855033074673
38,0.32676953428210465,1.0389612789036948,-0.3061944005645807
39,0.326886902410657,1.0633695086776496,-0.30529389342734836
40,0.3269418373363988,1.0995120687142372,-0.3043847524421315
41,0.32672702455426617,1.1308863685730852,-0.30349501797340694
42,0.32620248418120745,1.1458561568878247,-0.30263528609650836
43,0.3254625144207609,1.1424744054514204,-0.3017910368252025
44,0.3248058065262448,1.1217479609115708,-0.30094960821991235
45,0.32449030014992486,1.0898394033115113,-0.30010260936254807
46,0.3244173765992556,1.0589960827503941,-0.29924704201283203
47,0.3242881351682726,1.040467999073463,-0.29838479776281834
48,0.32417740261923433,1.0382146717965073,-0.29752077033499613
49,0.3241300012420353,1.050922432514346,-0.2966603005362738
50,0.32395129386655885,1.0746068422116464,-0.2958068709728322
51,0.32370529922598534,1.097796045306437,-0.2949608226413387
52,0.3234140351785968,1.1092080764212149,-0.29411944550233815
53,0.32295964118528575,1.105600785512967,-0.2932782710950672
54,0.32249291894158394,1.0883460919652954,-0.29243296851075706
55,0.3238597381926157,1.0633971897964023,-0.2915810691169509
56,0.3276959254547006,1.0430152137701993,-0.2907228700801675
57,0.3306387931908793,1.0336295358053218,-0.2898612254966074
58,0.3310699236220086,1.0333177647401013,-0.2890003764473791
59,0.3307473143587928,1.0418502990244836,-0.28814432526318867
60,0.33070723154869697,1.0483921353699013,-0.28729539732657783
61,0.3308424200163539,1.0494984602180364,-0.2864535188659012
62,0.3309462913463652,1.057908497579224,-0.28561643263467196
63,0.3306973630625929,1.0657710662920845,-0.28478070457133975
64,0.33012720403601103,1.0614161772986872,-0.28394308770721266
65,0.32968032393323976,1.0499966480382716,-0.28310170745339613
66,0.3292978740054171,1.038803163277148,-0.2822566400229086
67,0.328778714103385,1.0305746527826765,-0.28140971680704774
68,0.3284495470641534,0.9968466470809014,-0.28056369152050364
69,0.3282175466171998,0.9130626026968351,-0.27972113524008835
70,0.32779483421961764,0.7927129018068326,-0.27888349637944154
71,0.3275066616889848,0.6447206203217508,-0.2780506634953269
72,0.3276473912341027,0.48426147282446363,-0.27722115014420834
73,0.32786878759014715,0.349658252537534,-0.27639277590476563
74,0.32756476562583836,0.2545530383270702,-0.27556354179553544
75,0.32703238882110564,0.17159471153784245,-0.2747323526652464
76,0.32676415264250847,0.06105084648308745,-0.27389932973822306
77,0.3265071589711557,-0.09089187808609178,-0.2730656365223616
78,0.32610720826873396,-0.2548295871602956,-0.2722329334679413
79,0.32575715597030264,-0.41974008820476616,-0.2714027061432196
80,0.3255846081405477,-0.6029155803437498,-0.27057573450114925
81,0.32540090490316564,-0.7809658233182932,-0.26975188852074905
82,0.32518485932414565,-0.8892682034741828,-0.26893029039154503
83,0.3250592134215109,-0.9217741856615604,-0.2681097382093067
84,0.3248702222482973,-0.9360971174493353,-0.26728919749446156
85,0.32632326426619773,-0.9633189644181086,-0.2664681635849506
86,0.3301052382002362,-0.9961682521044457,-0.26564677213093935
87,0.332605892269042,-1.0158498655292472,-0.26482564883638593
88,0.33080406443738664,-1.0114703768119582,-0.264005593432478
89,0.32784846421491787,-0.9848996909653769,-0.2631872460588456
90,0.32885928135010467,-0.9473593705693713,-0.26237087115038427
91,0.3319121092107834,-0.9133546032292741,-0.2615563274335002
92,0.33311239352300637,-0.8947989783968255,-0.2607432064392514
93,0.33257401882904136,-0.8968975264181309,-0.2599310542192963
94,0.33170817560810784,-0.9168021656772867,-0.25911956814587855
95,0.33125195876709845,-0.9452775241504043,-0.25830868740060486
96,0.3308624845830238,-0.9705927853232144,-0.2574985548721551
97,0.3301609244462763,-0.9830641642730598,-0.2566893900843553
98,0.32945462938489267,-0.9785072969218729,-0.2558813493015287
99,0.32915780280165474,-0.9593798071846575,-0.25507444595951745
100,0.3290196263856725,-0.933353071041513,-0.2542685667238441
101,0.3289013558127536,-0.9100433696157002,-0.2534635663210322
102,0.3288528547112969,-0.8972729024635502,-0.2526593836210118
103,0.32869048972661796,-0.8983030112920192,-0.25185611137210717
104,0.3284676605664768,-0.9110016008175545,-0.25105397665278206
105,0.3281278376979069,-0.9290993406681742,-0.2502532357407854
106,0.3275541205522806,-0.9448874453486256,-0.24945403281722323
107,0.3269631346839409,-0.9522185893133337,-0.24865629439899317
108,0.3263805793863508,-0.9486542773985644,-0.24785971900979287
109,0.3261124707056604,-0.936025236440567,-0.24706387924712558
110,0.32641387102728114,-0.9193377776563225,-0.24626840004351724
111,0.3267607958582799,-0.9045929903400385,-0.2454731371061103
112,0.3266122343330631,-0.8964467481831186,-0.2446782725941794
113,0.32611990314463235,-0.8966118981839273,-0.24388427592620243
114,0.3256400015088483,-0.9035343347640592,-0.2430917342222194
115,0.32500830965027405,-0.9133355771285379,-0.242301115301488
116,0.32428418255956637,-0.9215300681760867,-0.2415125604257301
117,0.3239089719863345,-0.9247784582622312,-0.24072579790058524
118,0.32394246428881623,-0.9220020748120414,-0.23994022284418937
119,0.32399480868295094,-0.9145034904068954,-0.23915512062234956
120,0.32386086477163556,-0.9051630482080832,-0.2383699497000059
121,0.32350830007390485,-0.8971335556912248,-0.23758457034184122
122,0.32293763670803033,-0.8926031310347131,-0.23679932236338486
123,0.3226170798549479,-0.8921017429556835,-0.23601491286527254
124,0.32429810315248786,-0.8945534575591942,-0.23523215104594652
125,0.32660840106893885,-0.8979529240594342,-0.23445163096522703
126,0.3269859699730011,-0.9003078098355872,-0.23367348793277398
127,0.32791676909498846,-0.9004263486492656,-0.23289732874871882
128,0.3296283168238634,-0.8982479903261376,-0.23212236924274476
129,0.3284239383330114,-0.894646323707124,-0.23134773044551593
130,0.3240866046400538,-0.8908675399695163,-0.23057278013112326
131,0.3207169458055765,-0.8879044798701781,-0.2297973856711164
132,0.32185743105511555,-0.8860965228091593,-0.22902197642616562
133,0.32477521321361214,-0.885107832871205,-0.22824738732398442
134,0.32545266995134436,-0.8841613667891897,-0.2274745411440129
135,0.325887269972584,-0.8827066180873662,-0.22670409147436565
136,0.3268401669980847,-0.8808040588091395,-0.22593616552297968
137,0.3269226058957323,-0.8787513397881808,-0.22517030846838293
138,0.3250278467223162,-0.8770473928973104,-0.22440565317123506
139,0.32270771847766766,-0.8762553348380919,-0.22364125123160716
140,0.32259908687854033,-0.8764721576842502,-0.222876437911659
141,0.32162804208508877,-0.8771503804696845,-0.22211108947766545
142,0.32105838656580143,-0.877310038942329,-0.221345672717855
143,0.3221208146472426,-0.8760068457841932,-0.2205679500794553
144,0.3201264496428792,-0.8728296344366528,-0.2197734166178611
145,0.3179762453277095,-0.86818868107233,-0.2189881229877102
146,0.31987950616116667,-0.86324072875381,-0.2182244906169427
147,0.32245899660240285,-0.859453906459481,-0.21747272845643328
148,0.32328633347477664,-0.8579819170155742,-0.2167258817381521
149,0.32367697174358967,-0.8591162929860525,-0.21598008308853678
150,0.3245366276350927,-0.8620692369362786,-0.21523409146826356
151,0.32385332066762607,-0.8652092785739649,-0.21448833316936378
152,0.3219186149365584,-0.8666804354854043,-0.21374377735446826
153,0.3223609373022417,-0.8651642814637945,-0.21300099769348313
154,0.32362133026582585,-0.8604687014560104,-0.21225967983087846
155,0.32294125861051826,-0.8536836694065777,-0.2115186628946295
156,0.3212511850920896,-0.8468141409354932,-0.2107764129609183
157,0.31824614522743666,-0.8420153104381225,-0.2100316845263186
158,0.3156071765684185,-0.8407269500597818,-0.20928408036089308
159,0.3172183649812552,-0.843057976957482,-0.20853428190707657
160,0.3207767185940098,-0.8476833022201733,-0.2077838635432192
161,0.3225354887486973,-0.8523148981821373,-0.207034768752986
162,0.3226207540491077,-0.8545771481574511,-0.20628865278550512
163,0.32179191377467653,-0.8529471577728827,-0.2055463399458909
164,0.3205425889012097,-0.8473845407909761,-0.20480759238614676
165,0.31928139370152253,-0.839390051461254,-0.20407126467900227
166,0.3182756314944195,-0.8314550425307534,-0.20333577333555353
167,0.3176650370530557,-0.8261063599286758,-0.20259969767865693
168,0.31758482513692476,-0.8249166976777595,-0.20186228834414788
169,0.31796248713783304,-0.8278710290334019,-0.20112370366146493
170,0.3185252015176492,-0.83334512163532,-0.2003849020456019
171,0.3188490333706391,-0.8387139571093782,-0.1996472476318547
172,0.3187166465945337,-0.8413596308704396,-0.19891198815787003
173,0.3182463554839067,-0.8396884033064067,-0.1981798025467112
174,0.3174667363178014,-0.8337590967025319,-0.1974505799077959
175,0.316461566741167,-0.8251916431660076,-0.19672349853898674
176,0.31562375406886956,-0.8167290325701286,-0.19599736020203118
177,0.3151727689750524,-0.8095003888666528,-0.19527104416299002
178,0.3149913499598703,-0.8059481558485977,-0.1945439090881661
179,0.315062525183856,-0.8100767098678308,-0.19381599924349124
180,0.31533319250820724,-0.8184356406558653,-0.1930879907557168
181,0.3154521553702543,-0.8232127532102114,-0.1923609119139612
182,0.31523581577860904,-0.7783561923488485,-0.19163575175958147
183,0.31481685516924873,-0.6501976042471602,-0.1909131052646434
184,0.3142841148751734,-0.4848768097704179,-0.19019298145888475
185,0.31361468209860865,-0.3180306567600262,-0.18947483433049506
186,0.3129171575495241,-0.14887731313481634,-0.1887577920217871
187,0.3124253792507997,0.008442105204043426,-0.18804098957663412
188,0.3121599537147016,0.12703508506097283,-0.1873238788855413
189,0.3120992613679613,0.18259200286190302,-0.18660640559091274
190,0.3121969305518377,0.1451868709886106,-0.18588899770669026
191,0.31223612554487723,0.04098522537027871,-0.18517238204631803
192,0.31205142572652145,-0.04179907445082476,-0.1844573054600555
193,0.3116070900153549,-0.03831333898682987,-0.1837442670435817
194,0.31106442185842365,0.06292925813950356,-0.18303335639014362
195,0.31043629313843135,0.20690394411480373,-0.18232424849822082
196,0.309703001742744,0.31922762158709705,-0.18161634648325625
197,0.30915409133465455,0.3726193419548597,-0.18090901107323515
198,0.30892560831222626,0.3900973484995709,-0.18020178922920416
199,0.3088807316732727,0.3744024478990564,-0.17949456086176274
200,0.3088471597542496,0.30000060052466315,-0.17878755764491344
201,0.30878977180465816,0.20370030937922667,-0.17808125660659407
202,0.30869961524727907,0.18297575805824406,-0.17737619524830417
203,0.30834689427922035,0.30722414759226124,-0.17667277910421336
204,0.30775839679025474,0.5399789445009266,-0.17597114977127604
205,0.30722148616285094,0.7382738831238997,-0.17527115488606188
206,0.3068243097300217,0.8186161607938642,-0.174572422578742
207,0.3065537907377417,0.8503013009306364,-0.17387450626397244
208,0.3063603869414645,0.8729965313159749,-0.1731770439587778
209,0.30618313084461846,0.8770131867441648,-0.17246675922229276
210,0.30588380711403784,0.9052339387073323,-0.17173827439616413
211,0.30547418163304296,0.9420776775175952,-0.17101725332253903
212,0.30515877281716464,0.9544107453141146,-0.1703163613923006
213,0.30488748933022003,0.968367457884185,-0.1696265970086021
214,0.3045403488706556,0.9416809144275586,-0.16894205401622397
215,0.30418088057814285,0.8562796924586236,-0.16825978936855746
216,0.30379290365066436,0.79161068798702,-0.16757902240321904
217,0.303509789817377,0.7252867583971722,-0.16690000575828035
218,0.3033693110916561,0.6171404681137695,-0.16622296412511472
219,0.30308231310513034,0.5451925305677356,-0.16554742983215737
220,0.3027374478542736,0.5413135248607812,-0.16487213408051865
221,0.3025262179860513,0.5567648169009738,-0.164195399979718
222,0.3022935419013858,0.5920174056754735,-0.16351580498760843
223,0.3019555588330006,0.6123846955167467,-0.16283279887099017
224,0.30153204860596783,0.5142991336101392,-0.1621470041429946
225,0.30105860507766635,0.3318241136578943,-0.16146006806708413
226,0.3006958189570391,0.18560469170712013,-0.1607741205179551
227,0.3005563521761899,0.1358061892104705,-0.16009104794511758
228,0.3004529689154316,0.16262585152069708,-0.15941186214330622
229,0.3000880535999718,0.18301238712939183,-0.15873640075571188
230,0.2996221452118819,0.16409305526342832,-0.15806346434932633
231,0.2993136508989831,0.1106761488796062,-0.1573913263895254
232,0.2990445397747953,0.00210022886945449,-0.1567184133470041
233,0.29865535448844116,-0.14036511630952697,-0.15604389461389134
234,0.29819245420599216,-0.28556002791326773,-0.15536796507481793
235,0.29794313703850317,-0.4234698416386853,-0.1546917271229022
236,0.2979040722044136,-0.524413155002184,-0.15401673361050272
237,0.29779190208246387,-0.594593043808322,-0.1533443787563602
238,0.29752021138718143,-0.6678132182952794,-0.15267537388329455
239,0.2971074196902903,-0.7207882324771064,-0.1520095030245412
240,0.29661295798652176,-0.7224179287365758,-0.15134573941881552
241,0.2960300184726955,-0.6967598101106278,-0.15068266392215157
242,0.29547680022578604,-0.6813607494218281,-0.15001901449689148
243,0.29512270624771375,-0.7053857926066509,-0.14935415352193804
244,0.2949346525536968,-0.7773824045564197,-0.1486882798786509
245,0.2948243910421875,-0.8723898252973239,-0.1480223167619466
246,0.2947051322788422,-0.9514023848715185,-0.14735753179826366
247,0.2945074915585696,-0.983406840528791,-0.14669504473831307
248,0.2941926161970603,-0.9581439500401814,-0.14603541348824028
249,0.2937643009643157,-0.8880910184088744,-0.14537845091373286
250,0.2933516152309329,-0.8017389335941714,-0.14472333065479254
251,0.2930653808952952,-0.7317420089548536,-0.1440689283516674
252,0.2927292564465853,-0.7025003225201749,-0.14341425832565918
253,0.29226433552482334,-0.7216484357510624,-0.14275883651520793
254,0.2919975592942974,-0.7783255184861027,-0.142102836610546
255,0.2937077350838072,-0.8484505456549636,-0.14144699097573893
0,0.296104159220687,-0.9045865224334215,-0.1407922866908352
1,0.2949414187394006,-0.926396869467415,-0.14013958171168628
2,0.2920145902727892,-0.9077315757336133,-0.13948928983371434
3,0.29225871088719835,-0.8579148731500372,-0.13884124942957993
4,0.29443359097371813,-0.7971557572153709,-0.13819481542258633
5,0.29362971104556546,-0.7482206370734876,-0.13754912769727606
6,0.29090145787797506,-0.7277624840252148,-0.13690344522082554
7,0.28952462465259077,-0.7405849027795952,-0.13625741648760809
8,0.28917423166150014,-0.778773484616829,-0.13561118818274553
9,0.2906763471140159,-0.8256490849165952,-0.13496532054066174
10,0.2929385437529438,-0.8626843687782104,-0.1343205525924302
11,0.2918060398665262,-0.876552068767251,-0.1336775144808729
12,0.28886798522469315,-0.8636471739108753,-0.133036498198929
13,0.2891291796216534,-0.8305920148269625,-0.13239736940189772
14,0.29290077779110935,-0.7908719332641745,-0.13175964465352424
15,0.29445105990497344,-0.7591986891569698,-0.131122694602456
16,0.2909383707188853,-0.7459217529753208,-0.13048598865769712
17,0.2871367345038315,-0.7535877415263954,-0.12984928647828264
18,0.2877324933580896,-0.7700709297555863,-0.12921270777947513
19,0.2903193993005282,-0.7300766999826769,-0.1285766624060669
20,0.28935560433729535,-0.5688204833213668,-0.12794167650281202
21,0.28635163080106485,-0.37382458729408796,-0.12730818735334526
22,0.284812780578666,-0.2834896653590868,-0.12667638626913702
23,0.2843123621135708,-0.27609976333602626,-0.12604616516500916
24,0.28397582549123634,-0.2615347201301268,-0.12541717936306096
25,0.28362400842487245,-0.20534955903862395,-0.12478899435344593
26,0.2834274801890283,-0.08556538649710882,-0.12416125492089808
27,0.2834053198713187,0.07389182386897053,-0.12353381124039003
28,0.2833438872110765,0.19662069721781983,-0.12290675780427496
29,0.28468917143616845,0.27793972587273696,-0.12228037747102821
30,0.2882285583566929,0.3463640518100861,-0.12165501945432589
31,0.2893201544454145,0.3827435621698687,-0.12103096278005748
32,0.2872652199189706,0.4073303777539946,-0.12040831799433538
33,0.28595951145697585,0.4596392892688068,-0.11978700094171013
34,0.2842393270224689,0.5211830358136605,-0.11916678219008808
35,0.2821915289151453,0.5490470198225625,-0.11853426985898358
36,0.28145045265495394,0.5357461108069634,-0.11788379123223297
37,0.28108558182381416,0.5250501491480706,-0.11724065571171227
38,0.2804557442334952,0.5416383568436585,-0.116617239133331
39,0.27963457306629447,0.5806689531216038,-0.11600440114542715
40,0.2788804448693727,0.6217135148946971,-0.1153962722202444
41,0.2782983952401471,0.616241455376006,-0.11479008582472983
42,0.277975534249985,0.5655879564594353,-0.11418530317694942
43,0.27956693806935773,0.529850199562004,-0.1135824008812199
44,0.28213891725922846,0.5384455753404824,-0.11298174516845838
45,0.2816084685075362,0.5725121248712912,-0.11238289796041201
46,0.2792204150140125,0.6116360527635694,-0.1117845156490267
47,0.27795016464679145,0.6306245336348568,-0.11118477728837795
48,0.27747752069688236,0.6012717000785417,-0.11058209472099279
49,0.2770868294879909,0.5675971826043724,-0.10997577607400327
50,0.2765046153532963,0.5931450740513635,-0.10936635931553812
51,0.2756632995090439,0.645434958827849,-0.10875548018902603
52,0.274751784903119,0.6582870521623341,-0.10814532836892049
53,0.2742150662879671,0.6414262250474767,-0.10753790427241416
54,0.2742060192577035,0.6194482803051378,-0.10693435895367476
55,0.2745853567758395,0.5731306848950446,-0.1063346590701153
56,0.2750910112618731,0.5051310734229575,-0.10573768870518024
57,0.27523846239129823,0.45188721968992174,-0.10514173302672514
58,0.2748710401718195,0.4609075845944459,-0.1045451496229361
59,0.2759410124612587,0.5552120205766817,-0.1039469728266969
60,0.2776684832728268,0.6712409207848946,-0.10334723323645906
61,0.2760302862614791,0.7138311566276474,-0.1027468905768184
62,0.27287316719289734,0.6905922216147282,-0.10214742604781851
63,0.27167298675630025,0.6606168086103055,-0.10155026361886554
64,0.27193479359001294,0.6130540093968453,-0.10095624378869
65,0.27248111631673977,0.5339793164155373,-0.10036534172877754
66,0.27259502772852573,0.48661863015455564,-0.09977672068754029
67,0.2721095920149692,0.5314316050590966,-0.09918908239421975
68,0.27129570321898255,0.6667156737513871,-0.09860116843717304
69,0.2721576785611304,0.8460760481288769,-0.09801221900179125
70,0.2755380447138637,0.9752159710172279,-0.0974222222144725
71,0.2781371193682992,1.003642069130859,-0.09683187432452162
72,0.27851510884580644,0.9991234941091038,-0.09624228239401805
73,0.27826636355152845,1.0407441096535734,-0.09565453429174597
74,0.2767419640470744,1.1300894556710945,-0.0950693021015672
75,0.2749177944031087,1.221587565440311,-0.09448662251339698
76,0.27468417926114397,1.2812257952581918,-0.09390592364203879
77,0.2731785363116379,1.2933412045711914,-0.09331315593135833
78,0.270157717863969,1.2459084721885576,-0.09270192979399375
79,0.2697196224428343,1.1540460155080479,-0.0920970432788917
80,0.2708601907780537,1.0580554783778795,-0.09151074242978643
81,0.2689709969587435,0.9973799106422208,-0.09093416626043374
82,0.26725894512293036,0.9938806990229305,-0.0903620105694306
83,0.2684160683099218,1.0416690920217735,-0.08979213915474252
84,0.26810033346439544,1.118081081308711,-0.08922447582563772
85,0.2667150830678192,1.1932785410867779,-0.08865963305505203
86,0.26661871858221864,1.2379895486541064,-0.0880977548943668
87,0.26690252585420604,1.2364131298839651,-0.08753792362611074
88,0.26659627871718616,1.1911962664835452,-0.08697824693523018
89,0.265467741377273,1.1226921302808512,-0.08641648873233615
90,0.26540710790339306,1.0569273423707224,-0.08585092168758482
91,0.26794844165890486,1.0160212730606712,-0.08528102477818059
92,0.26880351847347883,1.0149663195585217,-0.08470773671291024
93,0.2671800900036947,1.05081869521625,-0.08413316549714567
94,0.2684412186993469,1.104196904582063,-0.08355987010963734
95,0.2701766798662497,1.1497506753934408,-0.08298999084695957
96,0.2681237614531209,1.168190806088624,-0.08242455335533758
97,0.26535034097409893,1.161290024385814,-0.08186319544124926
98,0.2641459141629079,1.1383022951739825,-0.08130439981123377
99,0.26480087815020315,1.1013239284166279,-0.08074612604919179
100,0.2671077092195532,1.0584863884536468,-0.08018659324820221
101,0.2682527758162445,1.027271115573848,-0.07962492120967851
102,0.2675060332175463,1.0232524526976778,-0.07906140433178371
103,0.26701353235227254,1.0465391228166019,-0.07849733845395532
104,0.2661146782783018,1.0607654034561245,-0.077934488946487
105,0.2652646237231012,1.0283757234127737,-0.0773744150512859
106,0.26600101505984974,0.9770984822290929,-0.07681790647887221
107,0.2653568521527374,0.9529920885964676,-0.07626473291339422
108,0.2629822186069062,0.9633625550439793,-0.07571378101740905
109,0.26239400055229345,0.9951950792988455,-0.07516350716019982
110,0.2641103051079985,1.0184345026586814,-0.07461252232602478
111,0.2650104410794665,0.9858076723267128,-0.0740600877019601
112,0.26399157557424213,0.8896889055693964,-0.07350634503077175
113,0.2633154123802093,0.7712466239863125,-0.07295221316874106
114,0.2641889861055283,0.6440927600411248,-0.07239900836547936
115,0.26446002014022185,0.5179643777100982,-0.07184794321530683
116,0.26231138111112173,0.43309639636234487,-0.07129969401183775
117,0.2603126126927723,0.3960481875621591,-0.07075418948398107
118,0.26133727642278004,0.37523970966888,-0.07021068357682292
119,0.2642493463691854,0.3579102350261537,-0.06966806764104302
120,0.26489584592753856,0.34374978418664237,-0.06912529329470585
121,0.262382368590103,0.3256082138386359,-0.06858174556667643
122,0.25984773207930434,0.3001240144183662,-0.068037434814817
123,0.2592999718125666,0.2507352298412989,-0.06749295050596954
124,0.25908073136370424,0.1426351541362343,-0.06694921003848736
125,0.2592402633700306,-0.015493748039938526,-0.06640710749493409
126,0.2609602507122236,-0.1484592504847141,-0.06586719574640551
127,0.26228347654583095,-0.21900101992961185,-0.06532951358278966
128,0.2634436970916947,-0.27003494305574793,-0.06479360907637152
129,0.2636347567927605,-0.3112950648266959,-0.06425873605962754
130,0.26135766949566197,-0.30798455024999827,-0.06372414033829141
131,0.2585065224596266,-0.2963078279460232,-0.06318932669282479
132,0.25692411525097114,-0.34572163536909395,-0.06265421328200649
133,0.2571360205015356,-0.43917089194519476,-0.06211912776311032
134,0.2587541870118173,-0.5191654772738781,-0.061584659483817
135,0.26090667423078495,-0.5489640934983192,-0.06105143191776194
136,0.262679362700866,-0.5149503817680718,-0.060519882197206054
137,0.2618370871226702,-0.4763834605877757,-0.05999012445615304
138,0.25877351018659267,-0.5039419266810734,-0.059461937379406804
139,0.2575762798803206,-0.5524706030719213,-0.058934869123733
140,0.2574625856861893,-0.5615617317075734,-0.05840841244197123
141,0.25616509320333136,-0.5805961705041862,-0.05788218293577982
142,0.2547676617852782,-0.6039030792876015,-0.0573560387839378
143,0.25435010423849946,-0.5603970802304841,-0.056830106631323984
144,0.25523419865993535,-0.4983109132907063,-0.056304714096218594
145,0.2554125071034833,-0.46202527660767967,-0.055780261120141644
146,0.2531521072857834,-0.37840799540247905,-0.055257079724055747
147,0.2524755454652391,-0.23770129684893537,-0.05473533025927452
148,0.2554625214873064,-0.17161176227656139,-0.05421496469512613
149,0.2573205359796047,-0.22962218658069955,-0.053695761828216254
150,0.2558617467127793,-0.3271901122106462,-0.053177415114579324
151,0.25331283052595976,-0.4134886461724643,-0.052659638989774715
152,0.2516723360334201,-0.4348796994390922,-0.052142257652768836
153,0.2516011843471869,-0.3760528691177275,-0.051625250232004205
154,0.2511901785232902,-0.3260816056938204,-0.05110874310214386
155,0.250635089793798,-0.33971419640636946,-0.05059295751464818
156,0.25298483412079,-0.39524928931267334,-0.0500781332943486
157,0.25592982295027356,-0.43507352207319205,-0.04956445397986434
158,0.25602043668314334,-0.4221894123454488,-0.049051995305488594
159,0.25397786484078455,-0.37166990806741373,-0.0485407097574356
160,0.251512679647506,-0.3159428557755135,-0.04803044845832895
161,0.24982243005138782,-0.3002496857253867,-0.04752101115295625
162,0.24917637582575725,-0.31554032285021627,-0.047012208244537196
163,0.24945009410499785,-0.31545767725699797,-0.046503916805715695
164,0.25049581503520324,-0.33178884074545023,-0.04599611511858495
165,0.25191149256155865,-0.3918676488169821,-0.04548888665828128
166,0.25294525127578404,-0.45073702432662033,-0.04498239293634987
167,0.25299529867234294,-0.4746100374042055,-0.04447682319675832
168,0.2521171977572588,-0.47925216899979617,-0.043972335543905616
169,0.2505520807669366,-0.47279091599240686,-0.04346900695578611
170,0.24869560099780796,-0.4372952064256348,-0.04296680767073513
171,0.24736119842023563,-0.4065071374701046,-0.04246560875778005
172,0.24703333376613612,-0.4177282396278288,-0.041965221775631695
173,0.24740216266366133,-0.4385583784769184,-0.04146545910661566
174,0.24800102882846387,-0.45171753821945243,-0.04096619612140562
175,0.24862227198718112,-0.47997909321568166,-0.04046741454139294
176,0.2489974527110187,-0.5160764669836426,-0.039969211445140845
177,0.24882054700559275,-0.5250369917275322,-0.03947176919501302
178,0.24812058232649836,-0.511354271208271,-0.038975294829559456
179,0.24715926769663832,-0.49923674456959066,-0.038479948646893455
180,0.24613895319733314,-0.49209422791796253,-0.037985786600328905
181,0.24523432276833468,-0.49795505884161084,-0.03749273747317619
182,0.24467126524188565,-0.5002181112694211,-0.03700062439177207
183,0.24472326172180336,-0.46879577957980884,-0.03650922470837434
184,0.24530506574014577,-0.4271584875969312,-0.036018348090721464
185,0.24421090561866465,-0.41108597625328813,-0.03552790523462758
186,0.241924322030736,-0.42193182165789067,-0.03503794198492481
187,0.24246236160118617,-0.453039567447288,-0.03454862538122583
188,0.24422028414567065,-0.4845332838884686,-0.03406018534307574
189,0.24412197271970548,-0.5111326303713266,-0.03357283215479813
190,0.24301708362278207,-0.5577575870905771,-0.03308667943449277
191,0.242099262477108,-0.5938425124351494,-0.03260170099735338
192,0.24191830091016653,-0.5420490075198718,-0.032117738194860954
193,0.24222785077068454,-0.4007030669309666,-0.031621439282209576
194,0.24260333594256134,-0.27621455534201134,-0.030320115150474905
195,0.24294252842829855,-0.23159378226172112,-0.02684901465852145
196,0.24290612132015954,-0.2076175743349719,-0.020989849621101175
197,0.24233860863016077,-0.16269642287170036,-0.013919713299158087
198,0.24158252493876797,-0.12399308129341821,-0.007104331526788583
199,0.24082590501598844,-0.09093131354784223,-0.0014791518011728205
200,0.24007324368652372,-0.0420442345169908,0.0023547899043531995
201,0.23954240975223062,0.004347543707793555,0.004005109130429067
202,0.23941180179881638,0.04848323471252469,0.0039111815274736755
203,0.2394591254009255,0.11770962387443351,0.0038508763849756725
204,0.23948812947397458,0.18477868951893145,0.00615347390402405
205,0.23941897889106378,0.2360961830948871,0.011983780730678812
206,0.23912122866427943,0.31727410799145983,0.019796079912320474
207,0.23858072119372808,0.43717590493733316,0.02614680346739478
208,0.23799549834662415,0.5514005694504494,0.02922250573122847
209,0.23757515355301395,0.5974104187503892,0.029574376120202625
210,0.23729413586603632,0.5772363211264386,0.028388099636860814
211,0.23703531427203006,0.5494788438977523,0.027242861711658628
212,0.23678784212301174,0.5150630666718938,0.028070328273707146
213,0.23664627974322072,0.5039612307184564,0.031704442622900925
214,0.236640000785041,0.5612682301710021,0.03850980208617116
215,0.23653197294358497,0.6252912939904387,0.04945406186634524
216,0.23604074343014636,0.6546007760380088,0.06239617380164509
217,0.23531840189311792,0.6764765473116643,0.07214293476322031
218,0.2346788690119853,0.7016666391289192,0.07563905735192626
219,0.23431893926436131,0.7389008056906057,0.07339469859903683
220,0.2342923978222632,0.7988529695193329,0.06820078794290152
221,0.23438485333222925,0.8538677437753339,0.06262383216171469
222,0.23441000266130163,0.8769847492917084,0.05724322490131167
223,0.23432537117724728,0.8876164306846883,0.05146800048834754
224,0.23244279206434326,0.8983044819540744,0.045590295740117776
225,0.22963139843915314,0.8990929330495434,0.04237299865484519
226,0.2299089951420703,0.9002801643727514,0.04398081315308805
227,0.2316868413652674,0.8963879990092125,0.04958892103868609
228,0.23200144692039615,0.8558350847744625,0.05769789523795536
229,0.23147848240934943,0.8096678274432128,0.06633483974039116
230,0.23090461306798715,0.8171327190418651,0.07359119191820979
231,0.23077726160322343,0.8542731061433386,0.07971863768082799
232,0.23106138952527255,0.8592125137254034,0.08623922135651219
233,0.23131495674773384,0.838001688404741,0.09400456684712333
234,0.2313735000632855,0.8173622189061742,0.1024190472492224
235,0.23112161858985758,0.7880846617256667,0.1100668258071435
236,0.23042136148337522,0.7558024760306687,0.11612529550994502
237,0.22951724550364183,0.7328448537741414,0.12131593113452102
238,0.22885746296986698,0.717824650744622,0.1273778147267829
239,0.22845078189899315,0.7183820989225604,0.13490089736117888
240,0.22814526310069505,0.7547474938982031,0.14263510885502484
241,0.2280578906045725,0.8217565747288271,0.14953421547021928
242,0.22816161782084343,0.8690876127613414,0.15546995732318836
243,0.22821069888075152,0.8733507638539004,0.16075287346457057
244,0.2280948864838105,0.8395608974103839,0.16655060539772176
245,0.2277265349521247,0.7737622458620605,0.1742456544580952
246,0.22699630412573302,0.7352697991629857,0.1839655687515227
247,0.2262400932424763,0.748548242232161,0.19481998617966256
248,0.22583549437304073,0.7524121391450054,0.20608246054761764
249,0.22561692125798116,0.7450283686376744,0.21782546066895064
250,0.2254118981895411,0.778096838453852,0.23110076468182006
251,0.22542669641932334,0.8233327458039377,0.24740874123494772
252,0.2255977932578117,0.8193400795699985,0.26648893805238927
253,0.22549863002146853,0.7869133254779905,0.28448388309293005
254,0.22505918931455215,0.7518779963819209,0.2976851587138748
255,0.22444735901469326,0.7042465868863657,0.30634562896835005
0,0.22376157398150875,0.6910102102833404,0.31264496835883415
1,0.22320509691404156,0.7378643137929375,0.31860932108401074
2,0.22294223955188586,0.774235844149044,0.3256771793707991
3,0.22287714199433906,0.7356975263537124,0.3340405346816454
4,0.2228996065856932,0.6600045398294423,0.3427761748463686
5,0.2229779921168079,0.6103425509072546,0.3509620408869545
6,0.22301643069674237,0.5888021272272361,0.3576602565900209
7,0.2228908975117353,0.5979658829606667,0.36168532501422446
8,0.22253122051132668,0.6303107685577594,0.36310653977602014
9,0.22196512731368934,0.6558138360964301,0.362806700422323
10,0.2212243565292762,0.6970467531374758,0.3609375426892
11,0.2205035758108611,0.7652340786191445,0.35743868971934034
12,0.220046830386062,0.8049423174805403,0.35253215111546365
13,0.2198638789851619,0.8189863183347064,0.34692254616510365
14,0.2198640156037156,0.8368064762386094,0.3413481001087616
15,0.21991736308867793,0.8395772965878332,0.3361173828250281
16,0.2199727986325699,0.8453455298125769,0.33161030599675145
17,0.21980552088318484,0.8726138390114686,0.32761926119538043
18,0.2193119875077274,0.8840041717127569,0.3228056602169772
19,0.21870429526677426,0.8854453291887361,0.3166070549607235
20,0.2181029000410878,0.9305500055588825,0.3103392970866026
21,0.21760072542912434,1.0086787199211669,0.30527021194973236
22,0.2172666218756777,1.045632684541606,0.3020044911304419
23,0.2171975184514734,0.9952564425427499,0.3012935637240022
24,0.21729403318517881,0.8996970100507165,0.30370508708278166
25,0.2173300809918638,0.8362732836980129,0.3090924168166732
26,0.2172305368176355,0.838503373767423,0.316327572422041
27,0.21696646956305543,0.8999566794673188,0.3238625049703996
28,0.21646098684416137,0.9891556407258753,0.3305226727755012
29,0.21581284137844647,1.062264403859229,0.33580979916537057
30,0.21531907543906825,1.100277195155527,0.339667664577902
31,0.21499602901812176,1.0992583220799754,0.3423798278563108
32,0.2146579864379805,1.0501752262623354,0.34462496100515017
33,0.21429428361429825,0.9691611893803347,0.3465060883980169
34,0.21406439028480007,0.8954595859347618,0.34826694473777464
35,0.21406145795866593,0.8592858691512761,0.3515904215151088
36,0.21414550016508005,0.8673033775937995,0.3579005205161492
37,0.21402959070251226,0.902953231133961,0.3674644878866863
38,0.21362242138569942,0.9120635195610327,0.38009869224060777
39,0.2129984261396961,0.8471733053895028,0.3948344205670895
40,0.21236570356096685,0.7557637310316592,0.410626165396064
41,0.21194222511748373,0.6877392349987965,0.42805771384916136
42,0.2116357860305078,0.6108865003414574,0.4487322411950945
43,0.21141414633542,0.5390317028382698,0.47359009798878726
44,0.21139379257157354,0.5160748390525147,0.5018639483363156
45,0.21149246951225642,0.49031154319562953,0.5311699053311985
46,0.2113552245740774,0.4114060468713543,0.5588908780469843
47,0.2108277050778521,0.31778999890371745,0.5829470302283533
48,0.21027686306981463,0.2383046352372264,0.6024411528147766
49,0.20987634023326973,0.14871329115497756,0.6185961084508911
50,0.2094288866334213,0.052171650610741804,0.633271312141727
51,0.20900043846049154,-0.023616723868308875,0.6468112383019771
52,0.20883217075914084,-0.08035750879928527,0.6597651953544377
53,0.20891215685155984,-0.09627001638301569,0.6729193718705515
54,0.20888811604073587,-0.056262091087131816,0.6847444533827016
55,0.20863731380040906,-0.02640564573513493,0.6933137532543887
56,0.20840327875397957,-0.049961416996718744,0.6982728470656501
57,0.20816283509574507,-0.09493218953960769,0.6998312763644394
58,0.20771166859007084,-0.1534333580845666,0.6985503282439212
59,0.2070815376432028,-0.23989921492929234,0.6955520678407516
60,0.2065362164714869,-0.31411086590041043,0.6914296875475083
61,0.2062124973751489,-0.336333640648781,0.6859868021355169
62,0.2061095675905148,-0.32548105632925123,0.6800651106137303
63,0.20608566968745856,-0.30495745882466063,0.6749584836127731
64,0.20595753163584563,-0.2816113040603243,0.6705918892838976
65,0.20572716627478194,-0.28444761261392393,0.6665533488883513
66,0.20542593860755654,-0.33650290983660924,0.6627482852198594
67,0.20515852064389828,-0.4065514442157625,0.658889985611057
68,0.20482246051380804,-0.46891396246295425,0.6548776778475653
69,0.20437466974649465,-0.5333353528232361,0.650841633602077
70,0.20408839144938162,-0.5949767014501023,0.6462714168122077
71,0.20394416267561977,-0.6323021302131915,0.6404821922573976
72,0.2037000236505,-0.6411005330461728,0.6337363487717429
73,0.20330941781910428,-0.6251630829715671,0.6262505164084238
74,0.2030266521857491,-0.5791032162151089,0.6175366582639512
75,0.2028758046651803,-0.5382875713659647,0.6066684491743892
76,0.20255373813043742,-0.5355373021480183,0.5922290995614203
77,0.2020861118043915,-0.5492627925567597,0.5731176088770273
78,0.2017393886488953,-0.5766703356553066,0.5490383487592685
79,0.2014952571439539,-0.604411564819174,0.5199656718861383
80,0.20114319288372473,-0.5883135020899862,0.4860194689431159
81,0.20084486710961946,-0.5379510013575186,0.4487589321808332
82,0.20079585117115717,-0.518120798615898,0.4124048843937471
83,0.20078193761446617,-0.5750883001798939,0.38464517449513713
84,0.20063380181249968,-0.7149529841992561,0.37412098601514854
85,0.2003006431765283,-0.9181767034589918,0.38614119094583355
86,0.19987484676491007,-1.0909751525892468,0.42174779474115764
87,0.19958389899274398,-1.12265352320588,0.47788385951920553
88,0.19936331054565093,-1.0332507237160304,0.549916804020138
89,0.19906932224069496,-0.9246380353853327,0.6336235749964636
90,0.19874919029295657,-0.8648187225241868,0.7237303563307749
91,0.19838440986426709,-0.8725586046004747,0.8146068413804188
92,0.19795380983030564,-0.9339103074726709,0.9014846158074103
93,0.19768249431213547,-1.018531728840383,0.9788322023048055
94,0.19757208204415655,-1.0921839476576225,1.0413077862178142
95,0.1973048773790621,-1.1280182289301592,1.0865120081508572
96,0.19689072393537377,-1.1151934898251774,1.1145001481687133
97,0.19657912154004298,-1.061695074260073,1.12652208260565
98,0.19634025002793787,-0.9900770250065998,1.1258649269617376
99,0.19604559407872224,-0.9279477195703869,1.1171575623158803
100,0.19574113089820566,-0.8971777351630292,1.103142643039324
101,0.19548234928624386,-0.9060845039768588,1.0853765783056244
102,0.1953589086526557,-0.9473735113570392,1.065707771678317
103,0.19521405975589812,-1.0021771494075356,1.044958935296319
104,0.19484959353588138,-1.0481637338279073,1.02270587624345
105,0.19443943019070598,-1.0682902208790133,0.9989581613140341
106,0.19418580159500098,-1.056800370692443,0.9748320275142808
107,0.19398607109794408,-1.020403325594501,0.9507359335741516
108,0.19368185482466937,-0.9745905169025164,0.9264841217097239
109,0.1933275381428179,-0.936925090714821,0.904062858539382
110,0.1930044281968406,-0.9201512549991886,0.8864526955222272
111,0.19274724995977766,-0.9277956737509041,0.8738466235747713
112,0.19246326716304152,-0.9537332598757997,0.8645059659216643
113,0.192163276062418,-0.985517803266228,0.8570860757784411
114,0.19192999372583197,-1.0098279058573953,0.8506032437663982
115,0.19177975865489028,-1.0177020772287368,0.8440480420973553
116,0.19161269613340304,-1.0075353209471183,0.8367092337044046
117,0.1912242570206641,-0.9848823050091422,0.8281676809008491
118,0.19073110577665214,-0.9594670488783832,0.8179615111632401
119,0.19042383141061875,-0.9408714908683393,0.8059687157646804
120,0.19026225731281127,-0.9347602636002694,0.7924252378743
121,0.1917291915178907,-0.941101242344283,0.7777495672332853
122,0.1940175445491521,-0.9548897735138913,0.7618213685018405
123,0.1946891689225374,-0.9688139351651057,0.7429190005397666
124,0.19594079628576755,-0.9765568482551626,0.7186386916942453
125,0.19786110104815535,-0.9752968414795771,0.6882778354705479
126,0.19845001928525063,-0.96644191081273,0.6533092126152937
127,0.19822217864642855,-0.9544722214726216,0.6159046215467259
128,0.19790412900023857,-0.944582247091093,0.5783781662094529
129,0.1977607591729994,-0.940267995651082,0.5433809667358447
130,0.1977013422205668,-0.94192886516357,0.5136358061938195
131,0.19759624978274515,-0.9470191505845804,0.4915948570126074
132,0.19717832737550356,-0.9515539319845898,0.47946892756963
133,0.19641914252632908,-0.9521788600250929,0.4778621954681894
134,0.19569549525951568,-0.9478063484276786,0.4858544747438005
135,0.19525190258982028,-0.9400723777047999,0.503195263255972
136,0.1950533907738521,-0.9324448086389789,0.5287432383411739
137,0.19507957480921245,-0.9284450791399927,0.5589167153225527
138,0.19518202398012097,-0.9298461149169164,0.589787737902812
139,0.19514615209670383,-0.935706983902012,0.618115124957521
140,0.19494056044989272,-0.9427094224906982,0.640693220031086
141,0.19458684827421147,-0.9466570688317564,0.6543569729844123
142,0.194210418245503,-0.9444587014143506,0.6580929903910882
143,0.19375010327361464,-0.9356835452152144,0.6544290816916687
144,0.19320713274689427,-0.9229538992932028,0.6477734047842845
145,0.19288544655314044,-0.910950546794656,0.6427254043623214
146,0.1926902167853236,-0.9044257103385389,0.6411427300344388
147,0.1924067534384536,-0.9060743186041491,0.6411649613034411
148,0.19224039184877617,-0.9152044716385603,0.6410497293262774
149,0.19219919414415232,-0.9278272134844237,0.6414298139637309
150,0.1919556029971181,-0.9381865417998227,0.6437857131562397
151,0.19159186923623356,-0.9411270283246291,0.6483594693588137
152,0.19123848059488963,-0.9343161550855001,0.6542318367983844
153,0.19238272781277216,-0.919368831456876,0.659410076898882
154,0.19589222069569984,-0.9013576736523607,0.6611153735157935
155,0.1971011765524957,-0.8867754501224838,0.6579128570348025
156,0.19355180004305517,-0.8810915092415477,0.6499010058205168
157,0.19003751757736898,-0.8865122525274245,0.6375237682529806
158,0.1894335446621499,-0.9005973321900549,0.6224362190491024
159,0.19176038289044817,-0.9172763382540454,0.6079767639484368
160,0.19610202051061565,-0.9294063383103914,0.5963331104605085
161,0.1987480909091247,-0.9314625588918699,0.5861997604771645
162,0.19833655268990535,-0.9216791909875042,0.574833173378092
163,0.19689959894149733,-0.9030385551196903,0.5607486720224459
164,0.1959181636972266,-0.8822458806884603,0.5433784884592894
165,0.19593205634591115,-0.866772587352197,0.5233596510091447
166,0.19663031120733632,-0.8620779023426355,0.5033405737464418
167,0.19724698002717322,-0.8696256663446742,0.48615255641753663
168,0.19742492876886775,-0.8860930853934668,0.4741115586323925
169,0.1972085113557357,-0.9045833253454783,0.4688071021866185
170,0.19663997878288397,-0.9173141322701825,0.46938836324085176
171,0.19563628687491996,-0.9186800531650259,0.47298036722179027
172,0.1943715001805466,-0.907470214603278,0.47709356023961336
173,0.1934783670303417,-0.8873684202773919,0.47996543276136117
174,0.1950493244210345,-0.865536938674687,0.4794279543026918
175,0.19946735097920354,-0.8498357674397385,0.47474011525379756
176,0.20301447049388122,-0.8457642743803793,0.4674604754788365
177,0.20414678018739574,-0.8543210521784665,0.4592873593751985
178,0.2041005517011576,-0.871617326568868,0.4508336509533406
179,0.2037336822031397,-0.8903918371564017,0.44001281211201926
180,0.20362282926507624,-0.9028318923614327,0.4230956340785179
181,0.20332659188614288,-0.9035980788697269,0.402742227688791
182,0.20254959763618596,-0.8918762292473636,0.3860578514994992
183,0.2018451282832905,-0.8716657887874253,0.3724614024693377
184,0.20133099758684203,-0.8502046850186658,0.3569818029285461
185,0.20087874179728116,-0.8351551228553165,0.3388434294295992
186,0.20060960693501906,-0.8316498726147121,0.31978221685932195
187,0.20206288100725067,-0.8403421294480604,0.3006260987895013
188,0.20583238185328434,-0.8572016187111302,0.28114076401498256
189,0.20894304574575695,-0.8751159358887195,0.26116572441890407
190,0.20982974013633582,-0.8866579143879929,0.24059957502958373
191,0.20943014298344553,-0.8869379596366143,0.2195382154259602
192,0.20858058480102204,-0.8754423568687644,0.19812341446735998
193,0.20798037418986426,-0.8561653096749671,0.1745709615071933
194,0.20946801657693204,-0.8360101260951824,0.1456136227591685
195,0.21352232920367442,-0.8221014161046067,0.10990351427675943
196,0.21648130531859933,-0.8190581508333248,0.06887307126068892
197,0.21661236654854443,-0.8272740944428616,0.02527957412636045
198,0.21586200743304307,-0.842846206981382,-0.018250195847642176
199,0.21561348091533994,-0.8591470628302029,-0.059840998644122956
200,0.21580865082302292,-0.869406895510616,-0.09771855487701789
201,0.21762220632616658,-0.8543763448824402,-0.12963976691184786
202,0.22168324629015645,-0.752082018294453,-0.15324348054395398
203,0.22461900184879235,-0.5043494476160324,-0.1669009424740182
204,0.22467290528957107,-0.1367929369257186,-0.16258227147905213
205,0.2235695221142635,0.24708537400043773,-0.11946192017325996
206,0.22432194906014147,0.5572722382427998,-0.017541368291337178
207,0.2280329532290989,0.7940843079251524,0.1486555091322172
208,0.23130627941290083,0.9740962877521426,0.37477638771360494
209,0.2321772450603835,1.0845653178124692,0.6420548059429417
210,0.23356090629219062,1.1446657613826439,0.9156239838722808
211,0.23734730839155438,1.1909067724719105,1.169248058790048
212,0.24055721551542586,1.2252595522723695,1.3927408609444107
213,0.24125532772316938,1.2294374406734057,1.582047405440555
214,0.24243803442738432,1.1997823118373505,1.735423000109047
215,0.24599522518752748,1.149466141018243,1.8502529865342199
216,0.24883176790802142,1.0969008487933571,1.9238430013007024
217,0.2491519547414417,1.0597822694982961,1.9563573229110753
218,0.2500711696225316,1.0535549397623547,1.9528223467235337
219,0.25360241011245566,1.0787705997184762,1.9235737156100159
220,0.2585206693784555,1.1191542136469832,1.882226630881643
221,0.26337640864113965,1.1598672578123388,1.842637836622461
222,0.2661483483021383,1.1885111302355478,1.815792328688504
223,0.2679897308475503,1.1921373095832544,1.8063417761033813
224,0.27142691056968227,1.168579961628621,1.8117836181337328
225,0.27419312827675735,1.1286878675274319,1.8247063642153867
226,0.2763278239837621,1.0882517496760085,1.8359864502878365
227,0.28005203252643396,1.0615762278736565,1.8382444264087576
228,0.2845517670213866,1.0288128970992232,1.8282761549287363
229,0.2888640168528648,0.8502832482902338,1.8079725120261179
230,0.2931402111935295,0.36163193806212046,1.783623320977517
231,0.2977070723210563,-0.26795461219118355,1.7632869737873849
232,0.3023176037085198,-0.6567324589968573,1.7532814540063582
233,0.3068056561912219,-0.7498153835059367,1.7555424783689713
234,0.31121724425830644,-0.7682463982740608,1.7670659312539412
235,0.3155682710280999,-0.8457748148699809,1.781828586615127
236,0.32004423770594626,-0.9685347596306793,1.7935660482501756
237,0.32623799795221453,-1.0673203211905147,1.7971766624094858
238,0.33300083044358686,-1.0907996424590207,1.790651527356359
239,0.3379116308544605,-1.0297823666136334,1.7753580275426888
240,0.3434036866757031,-0.9119416333022357,1.7558361774309352
241,0.3513173056231532,-0.7846422487090499,1.7395161706493862
242,0.35897637152718853,-0.6955191503974238,1.7315565186056423
243,0.36465078729817335,-0.6754104897550153,1.7325725837726287
244,0.37105882561993697,-0.727950929713034,1.7400299978858618
245,0.37968525078752247,-0.8295738441795093,1.7495761843736863
246,0.389107683495753,-0.9395663425238769,1.756762752883449
247,0.39832712957011673,-1.0160541471786848,1.7582534500328695
248,0.4053785801119434,-1.0316777105575854,1.7532631924641322
249,0.4099249961564482,-0.9830933786210556,1.7430949315201252
250,0.41574803652983894,-0.8910314994895533,1.7306407364904501
251,0.42431353753467893,-0.7913538008651194,1.7197316469553758
252,0.43542717234408346,-0.7209103661377607,1.7132499764988998
253,0.4588123827397612,-0.7037548253368128,1.7124078845500295
254,0.5288783008216298,-0.7428563163308157,1.716125121308436
255,0.6742686575815251,-0.8201190765482971,1.7214946109867357
0,0.8695237331074848,-0.9042597087475612,1.7254274023887586
1,1.069631924379073,-0.9631732944570368,1.7257232238134383
2,1.2271700028964325,-0.9759217489803036,1.7217532167008383
3,1.3028368291463535,-0.9398874409467894,1.7144964637399376
4,1.3241175637339904,-0.8706937461203368,1.7059954874843033
5,1.3423565749148683,-0.7953366357141687,1.698276407656648
6,1.3682002971532476,-0.7414853979466558,1.6928454812748255
7,1.3877712846043684,-0.7271704059220765,1.6906310995340723
8,1.387517719931763,-0.7546809391245899,1.6911290755128894
9,1.3649209309211559,-0.8106921167592005,1.6926159965832328
10,1.3285362375500376,-0.8721886271778532,1.6932993485851027
11,1.2922489887028998,-0.9156139161920711,1.69196305206707
12,1.2624411677679541,-0.9255483598463679,1.6883527870940114
13,1.2449188355377983,-0.9000532776001071,1.682329202201979
14,1.2579154504839263,-0.8505383713029495,1.6747090013392967
15,1.2991926592629417,-0.7962706909360504,1.6681613030558111
16,1.338573214275721,-0.7568569144350841,1.6638835020499343
17,1.3563621581726033,-0.7451012009752549,1.66105852737675
18,1.3500495890808963,-0.7628000149678829,1.658989185627651
19,1.3266167480667348,-0.8009081638516011,1.657081499835046
20,1.29875611512078,-0.8433402631500817,1.654998330610959
21,1.2744451627998217,-0.8736000261176229,1.6527890897037736
22,1.257036976297929,-0.8811013792844355,1.6503969099754254
23,1.2526987096736266,-0.8644568496120617,1.6475500834418346
24,1.265778187812415,-0.8312057097252659,1.6443802510943106
25,1.2887715301195635,-0.7943155040116436,1.6416164243808389
26,1.3093391281776365,-0.7669739172179546,1.6395356316396619
27,1.319713875199628,-0.7577339414292896,1.6377740684312014
28,1.3167266755931584,-0.7677860511981329,1.6356739176524675
29,1.3016257405923342,-0.7911869247721164,1.6326097866028544
30,1.2794777430339868,-0.8176964815749719,1.6286995220208969
31,1.2582346023281317,-0.8369322757429021,1.6247483652810164
32,1.2450486577630784,-0.8421775834847016,1.621562617662101
33,1.2415454896993916,-0.8324655982351072,1.619018554320692
34,1.2462493990992476,-0.8106897504106052,1.6164064468841497
35,1.2594224698180514,-0.7822537863685093,1.6134702893051882
36,1.275087277983538,-0.7559320493724266,1.6104229128876923
37,1.283287533170657,-0.7393472594737123,1.6074989700007372
38,1.2820446736369413,-0.7341266248746265,1.6045694360154679
39,1.2720191879940348,-0.7366556964586369,1.6014918510073928
40,1.2557481817042708,-0.7406887017648249,1.5985218518388784
41,1.2332114223485688,-0.7404199924063025,1.5960639036036453
42,1.2084502619221058,-0.73281226367371,1.5935888749158895
43,1.2032053345357219,-0.717922789656297,1.5907397735020128
44,1.222417054062487,-0.6980061544858116,1.588404442456052
45,1.2437328505651157,-0.6784481988251758,1.586581382884276
46,1.2544230919962174,-0.6638145634024752,1.5845887406941541
47,1.256184226177457,-0.6527892991449615,1.5819333640941533
48,1.251585684404792,-0.6439716859479026,1.578037474291866
49,1.2412007483418983,-0.6376586735869769,1.5731581364623168
50,1.228406412487268,-0.6325289944184529,1.568591838118436
51,1.2197856055824943,-0.6265454285302442,1.5653967263273842
52,1.214576056272513,-0.6200146324593157,1.5638467158088725
53,1.209981830329844,-0.6137103773239279,1.5636803483651036
54,1.2107170035701373,-0.6046705661035388,1.5641501756450094
55,1.217971668438079,-0.5919196914256504,1.5642302086441031
56,1.222953287617841,-0.5783275466231852,1.562697963780348
57,1.2219283605655415,-0.5670780240481847,1.5589719268432822
58,1.2195711048365792,-0.5588249724987273,1.5535067111742897
59,1.2161096821683821,-0.549974552867899,1.54724099653488
60,1.2103406548538755,-0.5405169374460237,1.5413195671731712
61,1.204449325291249,-0.5335102081091455,1.536483148640332
62,1.1984839035683659,-0.5273699074275238,1.533139160820184
63,1.193922289130401,-0.5203414277861005,1.5315871934880008
64,1.1948028092371739,-0.5149754668500504,1.531503966362977
65,1.1984668724753167,-0.5119994363582814,1.531716676745826
66,1.1984633627776184,-0.5066984396277787,1.5306531349290236
67,1.1950199413053242,-0.4978189971483902,1.5275456421908973
68,1.192762446927079,-0.4874213442080114,1.523007255879643
69,1.1910543604121506,-0.4739013588325891,1.518087789448769
70,1.1877760221992415,-0.4592615708864132,1.5134610326427724
71,1.1774543349335902,-0.4484992168864934,1.5097939617451241
72,1.1597123834392487,-0.4430223171630939,1.5068618018251985
73,1.1540231849543359,-0.4422343882976092,1.5041955285232698
74,1.1658488804028462,-0.44256540034824354,1.5025412321558633
75,1.1761244084487195,-0.4421851923248714,1.5015712074362764
76,1.1761788107216753,-0.4407010904013191,1.5000642932340784
77,1.1699490226833213,-0.4353087639535054,1.497373749962938
78,1.1634787246863691,-0.424704058554477,1.4933887138619935
79,1.1622821945879718,-0.4102401694037464,1.488813350443316
80,1.164474431848217,-0.3951855450281061,1.4847313758213714
81,1.165849658947395,-0.38306501844110075,1.4820788991481861
82,1.1637425768466052,-0.37648326840167756,1.4812468665242395
83,1.1589972448623458,-0.37462110028650897,1.4818703749618742
84,1.1561474203052717,-0.37637228643948495,1.482919750219982
85,1.1543999841147587,-0.38188862953795955,1.4831676983269153
86,1.1511998615287116,-0.38575916263615984,1.4814238982860997
87,1.147439247310745,-0.3802979886160711,1.4772506742104672
88,1.1444777665029577,-0.36624277631929747,1.4715362227169764
89,1.1430690341353178,-0.3507696285751446,1.4655080770717626
90,1.1432216175142638,-0.33659518152615997,1.4601966656387617
91,1.144012549905694,-0.32451651280183647,1.4564573716987166
92,1.142442425429857,-0.31766772917652675,1.4546147846521373
93,1.1384946213939169,-0.3178089585431578,1.454072498536915
94,1.1358909334706113,-0.3232357490312283,1.453581907938633
95,1.1333589613455515,-0.32939984014870105,1.452412032234517
96,1.1286002681338974,-0.331787331195901,1.450394779103049
97,1.123649373128389,-0.32747106320184516,1.4472186915512335
98,1.1209358110073375,-0.3160257239520117,1.4428192233491925
99,1.1191444239837063,-0.299554864032434,1.4375521206187019
100,1.1163015455755034,-0.2837093073484612,1.4322885240632224
101,1.1094590902815495,-0.2723828685339667,1.4283987447005986
102,1.0968195851566014,-0.2663547540850466,1.4254788364219428
103,1.0856575914876463,-0.2716652464866458,1.4216301793931256
104,1.086092609435438,-0.34750585755506114,1.4175548202766945
105,1.0951788450961373,-0.5233874548645654,1.4151775691105084
106,1.0989720169079256,-0.6806984418103439,1.4138235846913845
107,1.096144493632055,-0.7314360519646679,1.411915214532478
108,1.0937768886136312,-0.7219823227598092,1.4090114276140033
109,1.094461745257596,-0.7115331205183395,1.4055230046596465
110,1.0983775581795125,-0.7178671335074089,1.4023493914526974
111,1.1033841764205614,-0.7330909278679005,1.4001096812671836
112,1.1050981815037288,-0.7452358406701682,1.3988103304317572
113,1.102240451194752,-0.7476815253049907,1.3985056079896578
114,1.0981794491267296,-0.7399361739983212,1.3990529129319929
115,1.0923275207805996,-0.7253651099395331,1.3991771982960772
116,1.0837471941529198,-0.7092099435963595,1.397560105991413
117,1.0757656058303162,-0.6970129385934953,1.3941763572426695
118,1.0701730562255163,-0.6925651132217034,1.389574574739357
119,1.0689394786111315,-0.6964701588282667,1.3842340805001538
120,1.0743059659097147,-0.7063386591405165,1.3790472896199173
121,1.0817322571547057,-0.7176949961448718,1.3753224900899745
122,1.0838151499902686,-0.7256693959416847,1.3736089881139972
123,1.080168335442763,-0.7271469718417576,1.3731645080250017
124,1.0738541306961613,-0.72171719402279,1.3729536152773765
125,1.0657168316070775,-0.7111820077938162,1.3639470778398048
126,1.0589963331982988,-0.6990955819572544,1.3137703646790966
127,1.0551846307898214,-0.6896319555994694,1.175793923996069
128,1.051463273930755,-0.6855278831541205,0.9380498715479653
129,1.0493902790130853,-0.6873033340426673,0.6439511363848194
130,1.05137722551353,-0.6934502763413883,0.3458518362375216
131,1.048579073435247,-0.70099847087128,0.0716465702752902
132,1.0364438701487968,-0.7066652831212292,-0.168487206275713
133,1.0317485136340516,-0.7080757371111399,-0.3717901037151343
134,1.0414290150702912,-0.7045625026445472,-0.5364223666742243
135,1.0477832781255514,-0.6972777427308086,-0.6593143889110689
136,1.0406956501046989,-0.6886344712181198,-0.7374844532833849
137,1.0294443489783656,-0.6813379993124524,-0.7709736758023085
138,1.0240138486955006,-0.6773927702912501,-0.7653249951349794
139,1.0240346182115099,-0.6774449529294413,-0.7320715618934726
140,1.0273437650191029,-0.6806684444099937,-0.6867471904675444
141,1.0338739093350298,-0.6851873898865788,-0.6450658137031497
142,1.038924104333455,-0.6888353265778089,-0.6187088225308206
143,1.0362862568752171,-0.6899480704010612,-0.6123310276860132
144,1.0291059074093254,-0.6879037916515609,-0.622917789522496
145,1.0231594716060228,-0.6832421479771007,-0.6417147518453103
146,1.0176089948543732,-0.6773618294918831,-0.6579782071639162
147,1.0124314074811047,-0.6719466434361292,-0.6631352427360797
148,1.0085488183241074,-0.6683513342213472,-0.6538385183963569
149,1.006241178603036,-0.6671677258875099,-0.6328693199086997
150,1.0074910113715387,-0.6681033570109094,-0.607684388219645
151,1.012767243259391,-0.6701792684597581,-0.5872840664292929
152,1.0187490870510194,-0.672140563613683,-0.5786679483485195
153,1.0197997048953815,-0.6729119240632535,-0.5842315340968995
154,1.014106370383371,-0.6719359847811881,-0.6010340656053481
155,1.0053448807547691,-0.6692945204961496,-0.6221172860837996
156,0.997507993974855,-0.6656009506011953,-0.6392753252989467
157,0.9928065780782722,-0.6617324560796363,-0.6461616331021507
158,0.9902669185947564,-0.6585140511458059,-0.6405496839961407
159,0.9899958818571672,-0.6563829032472892,-0.6249431451403744
160,0.9925830622356435,-0.6554787474745674,-0.6053924685602647
161,0.9887369960478329,-0.655706011151368,-0.5890548667202478
162,0.9793543890673675,-0.6564343141690094,-0.581476633367858
163,0.9780354166003646,-0.6568944788362117,-0.5846274079748273
164,0.9815388373102332,-0.6565497976726473,-0.5963775805450986
165,0.9814714669428506,-0.655256705883946,-0.6115313051893907
166,0.9777989298932503,-0.6532721290526828,-0.6239394827466798
167,0.9716301754601564,-0.6507755060711975,-0.6288410588035698
168,0.9673397601520359,-0.64799738517567,-0.624546046846844
169,0.9683934548153386,-0.6453919466671092,-0.6128729529143695
170,0.9724283061213015,-0.6432838054283636,-0.5982544907837113
171,0.9774176510477828,-0.6419323971569701,-0.5859282620734163
172,0.9800541220414023,-0.6415196391482614,-0.5799445924813957
173,0.977294382258572,-0.6417217363341976,-0.581745191654222
174,0.9709513767793516,-0.6419729041946944,-0.5898042734377427
175,0.9637002283141829,-0.6418448482622197,-0.6003947884465426
176,0.9558968079809049,-0.6410123337732963,-0.6091183732589431
177,0.9499491820423711,-0.639234565145445,-0.6125773268142942
178,0.9503237995032352,-0.6366443115032201,-0.6095570445529923
179,0.9545853031139822,-0.6337897488297279,-0.6013144440719476
180,0.9579007532111579,-0.6311029509179751,-0.590930279803213
181,0.9589993811473043,-0.6289396208313376,-0.582035291661779
182,0.9576932163658398,-0.6276729585791847,-0.5774304602903797
183,0.9525969651843784,-0.6273937635766027,-0.5781216680997425
184,0.9436763968789226,-0.627816200021519,-0.5830944537740179
185,0.9368097035504581,-0.6283700043083436,-0.5898531502729414
186,0.9357308213149627,-0.6284051168988944,-0.595461976347702
187,0.9366661708769151,-0.6274284552569387,-0.5976601818774354
188,0.9367540134257824,-0.6252919482691011,-0.5956315890394628
189,0.9365594144370988,-0.6222634128861,-0.5901735098969467
190,0.9365568140337963,-0.6189478009254257,-0.5832560668465245
191,0.9299890546698766,-0.6160793392713557,-0.5771908518255167
192,0.9179691730755031,-0.6142554558702535,-0.5737533749986876
193,0.9169421157372368,-0.6137098926258038,-0.5735886671908998
194,0.924616616159899,-0.6142126039989291,-0.5760921755303288
195,0.9247729291455071,-0.6151397383388308,-0.5797618913037255
196,0.9176691230357168,-0.6156938809568406,-0.5828422494277998
197,0.913319900146996,-0.6151965823692385,-0.5839901102378067
198,0.9136873421655141,-0.6133448069126641,-0.5827137906598345
199,0.9152838049900387,-0.6103331369492511,-0.5794484732014273
200,0.9166177087567675,-0.6067917993062435,-0.5752830103484252
201,0.9173785442735056,-0.6035593942156756,-0.5714820606253128
202,0.9170831742954753,-0.6013726273834328,-0.5690068429188508
203,0.9149818780056038,-0.6005887823466878,-0.5682127053634738
204,0.9112088274799302,-0.601046544677337,-0.5688117042819634
205,0.9064130418058265,-0.6021200755935403,-0.5700760997929979
206,0.9017550877566589,-0.6029486489802396,-0.5711705225474046
207,0.8985367227420444,-0.6027572081783488,-0.5714679664359599
208,0.8954346821258334,-0.601147627393424,-0.5707332803662051
209,0.8910456442304833,-0.5982503147952234,-0.5691278972689753
210,0.8846070126952479,-0.5946778073675407,-0.5670672763147266
211,0.8740630229145947,-0.5912966845773857,-0.565015289379569
212,0.8598280789334347,-0.5889031056654894,-0.5633094674137551
213,0.8435605921825204,-0.58792417304612,-0.5620799610990823
214,0.8275122154669852,-0.5881754714700937,-0.5612726189487369
215,0.8131508335582138,-0.5891095091838126,-0.5607388399837387
216,0.797869274872367,-0.5900705670078672,-0.5492357466913946
217,0.7802346387236625,-0.5901735740671799,-0.4810654549925135
218,0.764018895954468,-0.5888063597519073,-0.30689380122590504
219,0.7518713632578833,-0.5860703109300769,-0.040389092499748536
220,0.7421611183660759,-0.5825845029873629,0.2597789200637317
221,0.7328146255366026,-0.579211585271423,0.5496274239124095
222,0.7210689372053098,-0.5767462493483086,0.8103531865512449
223,0.7060182597406728,-0.5756337811363947,1.036059102457397
224,0.6912188572666487,-0.5724323549683541,1.226012812067681
225,0.6783678722095845,-0.40891724788540706,1.3778200842773884
226,0.6658873325125467,0.15883457504438314,1.4861833871789871
227,0.6529843861229248,0.8972761884501705,1.5472860259602683
228,0.6401379258517423,1.2975091292269387,1.5623378788619213
229,0.6281566437186921,1.3429674118283053,1.5398842946663054
230,0.6173574735990022,1.325668546288023,1.4947593427729529
231,0.6073749040449219,1.3810215288183842,1.444286244346047
232,0.5959301048347176,1.4857910429668655,1.4040724940088736
233,0.581891863456097,1.5688128718890368,1.3840972272797107
234,0.5696962205098888,1.5845615293931417,1.3862002694165785
235,0.5614405292776885,1.5303407288430582,1.4040236972004596
236,0.552619080211799,1.4280801508022718,1.4257940925125796
237,0.5409109017053242,1.3151687143455764,1.4393385993214123
238,0.5281055933894072,1.2378138292349457,1.4369814065379192
239,0.516014956671101,1.2235731955703846,1.417859680406793
240,0.5050963527414281,1.2709592785183328,1.3877894357589287
241,0.494888368831095,1.360292264265146,1.3573535996070327
242,0.4850935912419083,1.4561052414269797,1.3373993101876924
243,0.4753805498273478,1.520285129343108,1.3340849424324017
244,0.46527231912179845,1.5287053977399108,1.346676345328345
245,0.4543185670366747,1.479212286105366,1.3687338623721015
246,0.4441346699818802,1.3954249086390011,1.3911590230292576
247,0.43613385323128484,1.3111692056919009,1.4050194354589483
248,0.4272281177877024,1.2538661165414813,1.4046896374876345
249,0.41583532900325704,1.2414014278401488,1.3901578982939355
250,0.40434542286353414,1.2766258490786555,1.3667555065419186
251,0.39422331980192826,1.340934866621052,1.3428685764455794
252,0.38504788873214735,1.4040832044456568,1.325843207973715
253,0.37737843409771177,1.4484599390028166,1.3201921074648202
254,0.3629395100063266,1.4645086347897136,1.3273385820365418
255,0.3230159778019809,1.4388137734795294,1.3432454433133434
0,0.25429883182870394,1.3768354765737358,1.3599639973105457
1,0.17237416997873856,1.3051352350558831,1.3700467087112163
2,0.08965427807716941,1.2518583915713402,1.3688929707066602
3,0.007948088428794409,1.2373736950146652,1.3565103728952823
4,-0.07362906599548735,1.2643479391666266,1.3376279629310814
5,-0.15591896264062788,1.3190847855740868,1.3187206620284146
6,-0.23978084834316238,1.3775967823073447,1.3056470746491078
7,-0.3224929913318719,1.4155535836691389,1.3023112123147764
8,-0.3994960257286462,1.42181400771443,1.308643734832803
9,-0.46643988014312066,1.3943349571146992,1.3207600627340743
10,-0.5205954614365491,1.3420146681199436,1.3329379766684486
11,-0.5658375906873212,1.2872726049099668,1.3397947480689294
12,-0.6077517298139614,1.2509115170914389,1.3380671372568953
13,-0.6477359868816128,1.244790520203849,1.3279576123131998
14,-0.6871946492139385,1.2671024396691477,1.3131741746206105
15,-0.7278395790246159,1.3048388807523459,1.2986933775960665
16,-0.7679913793301578,1.3432348950582598,1.2887747191799588
17,-0.8039102305471739,1.366814203949148,1.2855270829070595
18,-0.8349965615918515,1.364278667720185,1.2882972611711176
19,-0.8630751944744928,1.3325251172827919,1.2945384654916081
20,-0.8892024411950104,1.2819387556195503,1.3009163590289345
21,-0.9127448138913321,1.2304134427282811,1.3043030104080744
22,-0.932355066056028,1.1908688471961026,1.302590474572649
23,-0.9513699314717119,1.1699090805459358,1.2956391504350808
24,-0.9737604914619213,1.1651989914582863,1.285485693002701
25,-0.9937354280232942,1.1708568692241283,1.275326566143526
26,-1.0123616899214523,1.1795579689606308,1.2681983388069558
27,-1.038957660919447,1.1809808257773713,1.2655373118637616
28,-1.0667937531813205,1.1681617295841722,1.2669850491495023
29,-1.0856579354743894,1.140618779314782,1.2711312110101893
30,-1.0972958466378389,1.1055440594830022,1.2752727333884826
31,-1.1088045403298934,1.070406550186021,1.276671345571207
32,-1.1225002342279775,1.04046819501314,1.2741155021306576
33,-1.1331302407488861,1.0209757577111,1.2678788205333715
34,-1.137599923202723,1.0125129014247212,1.2598038626683663
35,-1.1385415892142534,1.0128700028113586,1.2521955852388902
36,-1.1389883802365435,1.016547293151672,1.2467323877373402
37,-1.139268992508573,1.0141049583977342,1.244300647867599
38,-1.1382387704883916,1.0005768204852106,1.2447208219474484
39,-1.1352050236095006,0.9795304083791998,1.2468110932999075
40,-1.130687467070992,0.9560765160856652,1.248610573339104
41,-1.1259030656149416,0.9316341152589089,1.2485364648509263
42,-1.1221058069029715,0.9084481011769392,1.2463177289357206
43,-1.1200787767188611,0.8920937206681105,1.2422683588028964
44,-1.1197957174474356,0.884164279576253,1.2370606534784954
45,-1.1206590104733793,0.8805978625129871,1.2318314818559233
46,-1.1218120707745132,0.8769286309345583,1.2276339222714685
47,-1.122116896695339,0.8703197652665855,1.2249709640689597
48,-1.120756263416181,0.8598581622288739,1.223693572992317
49,-1.1177379590328052,0.8443788797522425,1.2232182364521162
50,-1.1137076434922641,0.8247884929857587,1.2227822354401439
51,-1.1096355060494112,0.806238007045657,1.2217197986822739
52,-1.1064433355606544,0.7917172140088784,1.2196950348498476
53,-1.1046700204709046,0.7802702832415527,1.2167673840889073
54,-1.1042899143375298,0.7701995008973548,1.2130432261533572
55,-1.1047504049762615,0.7601864699887855,1.208875949441397
56,-1.1052082253203257,0.749715377104341,1.2040640458985856
57,-1.1048656124580156,0.738836678632453,1.1977924787474379
58,-1.1032723117135275,0.7278815124785916,1.1905018548405333
59,-1.1004791034308612,0.7190339217318176,1.1839640994459164
60,-1.096991614252481,0.7134717472714458,1.1797267120709916
61,-1.0935526252296923,0.7073508998746951,1.1772932556576174
62,-1.0908454410501558,0.6981014598727309,1.1757482718792724
63,-1.089236246464914,0.6868337316862911,1.1751901379728724
64,-1.088652071892025,0.6742211935661788,1.1754041904589538
65,-1.0886336817739757,0.6604519482933677,1.1756863872673113
66,-1.0885333614002883,0.6462833285669698,1.1756134246077572
67,-1.087773563601126,0.6345927835416618,1.1753746027073668
68,-1.086063679672478,0.6273510845716017,1.1749235689056392
69,-1.0834941072368323,0.6217648225838004,1.1736639073871857
70,-1.0804786137228741,0.6155592207248102,1.1714253014564364
71,-1.0775760689378324,0.6090273571624465,1.1686188023050441
72,-1.0752672770421143,0.6034119818696544,1.16540010529802
73,-1.0737754876147902,0.5981965459281606,1.16226339776658
74,-1.072997053280646,0.5886538471217868,1.159978728111302
75,-1.0725621985239515,0.5749362796944725,1.1584941819697843
76,-1.0719943972561206,0.5616499715441241,1.157258686123023
77,-1.070900665663895,0.5491670316219155,1.1557282488345475
78,-1.0691172987351854,0.5380372109804634,1.1535507982769522
79,-1.066757542433185,0.5320448557570465,1.1507522850038128
80,-1.0641490780690819,0.5316340418005092,1.1474264693090728
81,-1.0616927270020975,0.5314518744645911,1.1436913884753812
82,-1.059702378733547,0.5288436506067105,1.1400753581116376
83,-1.0582895718833352,0.5234450553558587,1.137337965018986
84,-1.0573346325658024,0.512070114952911,1.1355826240852185
85,-1.0565497623229985,0.4965177292342575,1.134209554657966
86,-1.0556031945254678,0.4819067391633488,1.1320284703651433
87,-1.054169270216549,0.4689287353341276,1.1282909195575117
88,-1.0522262260568245,0.45986060507956117,1.12388561293371
89,-1.0500180240468775,0.45711675697652354,1.1193878066232705
90,-1.0477569573803507,0.45704870928065233,1.114939223140666
91,-1.045748827517957,0.45744006885287947,1.1114405782433963
92,-1.0441169774188341,0.45701118698033794,1.1096944701870521
93,-1.042775668737292,0.4523517042820413,1.1093787181218393
94,-1.0416485323532996,0.4425482474402548,1.1096446328751042
95,-1.040571728783092,0.42905624048081614,1.109846186374691
96,-1.0393452400168184,0.41460225160548314,1.1092937695872989
97,-1.0378324493163293,0.40267561541993013,1.1077854490603647
98,-1.0360230174465346,0.39581425423620176,1.1053639834404771
99,-1.0340299971023166,0.39441232777522184,1.1021514788828384
100,-1.0320329373014254,0.3968086872432697,1.0987083042715717
101,-1.0301983498897611,0.39835082121927945,1.0954680412171252
102,-1.0286124857556866,0.3966658107586214,1.0928739885782006
103,-1.0272524837177177,0.39319461744027007,1.0915582635931713
104,-1.0260045097902672,0.3858157220442858,1.0913502577096255
105,-1.0247179989155812,0.37144902875594,1.0913656985256646
106,-1.0232711555798906,0.35453363639928015,1.090736009675159
107,-1.0216198465808026,0.34324370803094095,1.088575449242478
108,-1.0198106316226356,0.3387175892227281,1.0844217071678854
109,-1.0179547577732473,0.33838369237965504,1.0788606945083665
110,-1.016176430655371,0.3409620510962219,1.0733027713210563
111,-1.0145587004106247,0.3441492227465992,1.0691211520970763
112,-1.0113789259622403,0.34481852434954385,1.0668094492663802
113,-1.0057750135011787,0.34052570533234405,1.0660812828724207
114,-0.9995400717079432,0.3326326492360093,1.0663054610655531
115,-0.9884750294593716,0.32203730575706574,1.0666418220592164
116,-0.9499549292589395,0.30902147842277616,1.0654972005906247
117,-0.8980737140740023,0.29717958447515697,1.061777174740885
118,-0.895647541439232,0.2898746507977654,1.056573738644289
119,-0.9345233650844498,0.2880495047939764,1.0511288128691119
120,-0.9537457635260296,0.29016317482859466,1.0462074058306188
121,-0.9440942350665829,0.29488347025453665,1.0427465902951467
122,-0.9283293382920044,0.297997481107265,1.0407509716584435
123,-0.917784277069726,0.2948797033388082,1.0397852090851076
124,-0.9142164377473341,0.28588762598120354,1.0395568712195384
125,-0.9175030905415595,0.2731995981443199,1.0392659478244055
126,-0.9214003094145777,0.2615128038961986,1.0384260439432262
127,-0.9195636808654566,0.25296484225971094,1.0371610624582939
128,-0.9117060703463178,0.24712228023091465,1.035317145369408
129,-0.8996818467249259,0.24676785935752954,1.0327551222878686
130,-0.8877018534684047,0.25043732586162615,1.0295491821763085
131,-0.8775249362813242,0.2533316753245247,1.0261680554647814
132,-0.8688604226331833,0.25478361168421426,1.023588638415172
133,-0.8653006684093447,0.2529248649920496,1.022239868482441
134,-0.8679295635192781,0.24547122496491414,1.0215057015629978
135,-0.8731553943917252,0.23569567211648307,1.0206679342706644
136,-0.8775052896135822,0.22578746039992037,1.0195719389207905
137,-0.8788837652226413,0.2164141621117226,1.0179774699104756
138,-0.8762388409668698,0.21158288003069192,1.0152530904561101
139,-0.8701748043654711,0.21135208035635777,1.0111416682982073
140,-0.8630016321080674,0.21258999825579616,1.0062825550868202
141,-0.8570999567280606,0.21551326526882897,1.0018988818501011
142,-0.8540950902930788,0.21729068340934288,0.9989829690696035
143,-0.8543080513552628,0.21387653452543343,0.9973502152656728
144,-0.8568046394697459,0.20757146355801814,0.9960488626055191
145,-0.856830621967791,0.2011342910370329,0.9948151232253579
146,-0.8310569595372792,0.19335582845219207,0.9927401197138885
147,-0.7906591223416686,0.1845758444001666,0.9889796017156764
148,-0.7955393837972933,0.17958696739265745,0.9851299930044002
149,-0.8389834355686112,0.18071216553419045,0.9819797722292218
150,-0.86540512326413,0.1837548233491283,0.9787600933187419
151,-0.8638640122684866,0.18502240178766294,0.9755560041055729
152,-0.8539468334008031,0.18547745120779802,0.9728657092321074
153,-0.8509113997046174,0.18518806585346648,0.9711948328168898
154,-0.8587659485959551,0.18085378289759074,0.9705400411743925
155,-0.8732897419061971,0.17199018705584967,0.9700114724947975
156,-0.8854299355655235,0.1634844714859066,0.968899748318031
157,-0.89125933595647,0.15715931605727396,0.9670150165414753
158,-0.8915439008704138,0.1519982722459563,0.9643168434021852
159,-0.8853759159643748,0.15037182680492367,0.9609739799440131
160,-0.8746912188521927,0.15291652140030176,0.95735013710443
161,-0.8665539008065983,0.15681608792403084,0.9541675240977869
162,-0.8656864303238336,0.15788148594297846,0.9521805924683342
163,-0.8698773300474985,0.1540717800226975,0.9514105794388259
164,-0.877807385939831,0.14877344896386002,0.9513654362372117
165,-0.8889708032660901,0.14451894846271618,0.9515281126395032
166,-0.898033987008565,0.1392515345347204,0.9514221172322554
167,-0.9024730595273427,0.13250432996825662,0.9507288202956574
168,-0.903308190931305,0.12821910756762356,0.9493450832720463
169,-0.8992716930175906,0.12829289695176677,0.9473144179143236
170,-0.8928679496212033,0.13091725744624577,0.9448204220058303
171,-0.8892105419358165,0.13236167375275937,0.9421905870516571
172,-0.8883110239422063,0.13027573475248821,0.9397708736142003
173,-0.8893432282491753,0.12708853734986775,0.9374906212083061
174,-0.8944828671846339,0.12451332943933363,0.9351746864964325
175,-0.9001131932581714,0.12202430378182116,0.9331315836303555
176,-0.8792397024294316,0.11779950346242729,0.9303449925602543
177,-0.840352204164323,0.11129070114824424,0.9259617409187078
178,-0.8442731304914162,0.10692316782735417,0.9215051427974683
179,-0.8860972292469067,0.10710163853598076,0.9178682902598774
180,-0.9111895865051212,0.10928594930531765,0.9147483018795071
181,-0.9087591961188846,0.10958088307632291,0.9120512100638014
182,-0.8984945601019025,0.1065861704738919,0.9100682330367222
183,-0.8956115922551482,0.10341661020189624,0.9086982851792675
184,-0.9022526850301884,0.10180211251217552,0.9073004619725715
185,-0.913345341904336,0.1003600960945637,0.9056935690320356
186,-0.9228043627723945,0.09832384073043629,0.9039120262280251
187,-0.9263702983247462,0.09465497873750381,0.9021290099583323
188,-0.922592611572163,0.08960626594318821,0.9006114053492702
189,-0.9128433172319843,0.08676852624522713,0.8991882935515862
190,-0.900566191863927,0.08733765329068882,0.8975967555436011
191,-0.88991351926729,0.08901603783145098,0.895889144309403
192,-0.8841923439223107,0.09021440087407784,0.8939641005266181
193,-0.8846877173747658,0.0904186870205824,0.8918470631591173
194,-0.8902967449865953,0.08945122680514367,0.8901101286093565
195,-0.8980770051243043,0.0859916708111309,0.8889481678980027
196,-0.9044539169024262,0.08021102786761905,0.8879911118288577
197,-0.9065941008025398,0.07612305965136187,0.8866152421277333
198,-0.9034181551600988,0.07542611274041197,0.8841865555777959
199,-0.895894346308312,0.07616480237571341,0.8807426021874032
200,-0.8865475243934764,0.07686652749077677,0.8767779720088669
201,-0.8784168642845445,0.0755402325520142,0.872982880788554
202,-0.8738885610478948,0.07145877849053561,0.8700508437691274
203,-0.8738493869408597,0.06792568175866864,0.8680980363958546
204,-0.8774574397632606,0.06676346772356084,0.8668420193551247
205,-0.8809261291551023,0.06652139936017609,0.865971834971071
206,-0.8627326499960479,0.06607098482433951,0.8641806306032564
207,-0.8306589282268417,0.06527404143176105,0.8605820838018654
208,-0.8339822290778254,0.06453815588015752,0.8566638690609358
209,-0.8625789274644013,0.06429919914014814,0.8536810269251487
210,-0.8735761003395925,0.06303461090883469,0.8516304142150894
211,-0.8660771583669589,0.05954580990350691,0.8501716943804118
212,-0.8565450325856769,0.056567534402713615,0.8485945158085131
213,-0.8543262564148919,0.05579568488272457,0.8466861380183865
214,-0.8596196502817364,0.05574698644123291,0.8447956546473461
215,-0.8682823843754592,0.05537944834699901,0.8431623275439968
216,-0.8756596830896961,0.05470748817083368,0.8420973858310119
217,-0.8784518077755918,0.053903229760046883,0.8415705811580767
218,-0.8754695525863081,0.051626518181034475,0.8410838481097467
219,-0.8677207470252748,0.04732088008617022,0.8399989065339075
220,-0.8578641377507639,0.044245047090712517,0.8377585779148582
221,-0.849145171768793,0.04411428668970009,0.8347473260620011
222,-0.8441721686757808,0.04520276758013153,0.831860798999378
223,-0.8439921915155071,0.04576733371362385,0.8291739647699021
224,-0.8478041951999908,0.04503607276841008,0.826292016010131
225,-0.8533820855912615,0.04357743426875409,0.8233197152849736
226,-0.8580025031962499,0.04229839323170806,0.8208031211660227
227,-0.8594939597891669,0.04158535754371884,0.8191499067474108
228,-0.8570049636563284,0.03987369575313693,0.8178726504841434
229,-0.8512232933671622,0.03629129743412349,0.816089070102278
230,-0.8440043459397177,0.03395766311205396,0.8138665339414679
231,-0.8375917201972372,0.03414419947338823,0.8118531437114354
232,-0.8337528888921506,0.03476554675502447,0.8099249210737467
233,-0.8331603555350693,0.03463555991668059,0.8077807648063637
234,-0.8352309493881336,0.03362471621082312,0.8059026174511628
235,-0.8384468597807126,0.03223686171298726,0.8045964092227487
236,-0.8376189905436084,0.0312163189553568,0.8025721073172019
237,-0.8331687276049036,0.030905190307105604,0.7991193558460479
238,-0.8329068888207214,0.02972817087577395,0.7960808473284757
239,-0.8339351929574987,0.02662237053979953,0.7943310513823585
240,-0.8306410029910061,0.024379516451057223,0.7930941354307497
241,-0.8254810392679826,0.024231773229893186,0.7919039659760125
242,-0.8217202238164774,0.024284823761047694,0.7905452035134206
243,-0.8206774122841574,0.02354526520551451,0.7890524674892831
244,-0.8218842861312914,0.02227488398715228,0.7875982919752116
245,-0.8239916170789292,0.021013742074139904,0.7863451378961988
246,-0.825462878491865,0.020201022146378353,0.7850610769125468
247,-0.8253098343487042,0.020238987690067684,0.7834744348562572
248,-0.8234113698185408,0.02097799327988656,0.781898701685674
249,-0.8200936537843302,0.0219197548613341,0.7801629423951106
250,-0.8161013201276024,0.022782376632989064,0.7778217368217515
251,-0.8124833641980467,0.021705838402350942,0.7749806481014452
252,-0.8100375142235618,0.017617263951003,0.7716217651496056
253,-0.8090072598997513,0.01371742963706133,0.7679135280706042
254,-0.8090682483830596,0.011996377287852203,0.7645850174100577
255,-0.8095336780628888,0.011243528483505717,0.7622737879031753
0,-0.809663336924275,0.010653112711280277,0.7606803636000292
1,-0.8089485068773345,0.0102611010401722,0.7592478338621953
2,-0.8072699106491257,0.010397766901327897,0.7578369632049695
3,-0.8048850552105891,0.011046546713113638,0.7560488428674017
4,-0.8022723138769203,0.011772992985677598,0.7539317975866615
5,-0.7999123252929965,0.01232282617465483,0.7518274613485003
6,-0.7981022595482816,0.012671526058538295,0.7496964961688053
7,-0.796790370245291,0.012561201717382252,0.7478050103508298
8,-0.7958235559757278,0.011945971720968174,0.7460708694885418
9,-0.7951039568022515,0.011182546754236251,0.7442237146651802
10,-0.7942905173889925,0.008894356646478946,0.7418619126999637
11,-0.7931009730550433,0.0045844089737939395,0.7388172054213493
12,-0.7916053881881293,0.0015713761888669561,0.7363560747986304
13,-0.7900025484843458,0.001233535781931569,0.7350120215882314
14,-0.7884640039948922,0.0017231758161630369,0.7338367512637993
15,-0.7870569511617842,0.0019618462456747615,0.7322938631756968
16,-0.7857333833990521,0.0017421866652592294,0.7306902239761464
17,-0.784376133720273,0.0011556375695172816,0.7292757807708716
18,-0.7828789586657743,0.0006319583120399444,0.7277350417078339
19,-0.7812208337336115,0.0003325831490311182,0.7259577921897615
20,-0.7794946482510172,0.00029536598834215,0.724437375604571
21,-0.7778721260554116,0.0006155988920795927,0.7233578188238514
22,-0.7765192379247612,0.001031109412678536,0.7223863586158406
23,-0.7755027793353579,0.0013260887353227918,0.7210152853508702
24,-0.7747358268068099,0.0014259475651037315,0.7190146648273839
25,-0.7739936721596128,0.0012341556784350866,0.7168420735406247
26,-0.7729996661332335,0.0007902114550502395,0.7147970026552608
27,-0.7715467981000927,0.00026484615123890595,0.7128228413101261
28,-0.769601360842953,-0.00005008500542380556,0.7106820681052071
29,-0.767339239641653,-0.00005118594263148202,0.7080563799158988
30,-0.7650923641551106,0.00008382906299964077,0.7053411426643574
31,-0.7632215602770265,0.00033601690374635007,0.7032545393498109
32,-0.7619657456792557,-0.0008746934142615133,0.7017992585101325
33,-0.7613310404962697,-0.004475556983370314,0.7005461175988841
34,-0.7610700610490166,-0.007490897960399732,0.698972808372541
35,-0.7607660093106272,-0.008368320716129453,0.6968847945026908
36,-0.7599925235001885,-0.008750459308991654,0.6947811006615803
37,-0.7584868802700462,-0.009645101660895578,0.6929710437643353
38,-0.7562655425322433,-0.010657798983158363,0.6911093445786418
39,-0.7536317507102406,-0.011039324123175305,0.6890485393334205
40,-0.751067238695911,-0.010607698986072684,0.6861698980074911
41,-0.7490473438477676,-0.009822280222674697,0.6819080646230207
42,-0.7478514467854727,-0.009253330372922454,0.6779305477115796
43,-0.7474449894729944,-0.00892048240919354,0.6753009813946855
44,-0.7474827550485017,-0.008694125265408213,0.6733346178139581
45,-0.7474356929532551,-0.008906772910095201,0.6716146790108468
46,-0.7467940743496666,-0.009537532670337363,0.6697066636310538
47,-0.7452681133391683,-0.01004705791902518,0.6677952707075567
48,-0.7429064753479853,-0.010191631128835473,0.6666147418266135
49,-0.7400841497450794,-0.010337223129460817,0.6661820653393076
50,-0.7373620752072223,-0.010648322304278509,0.6658198373677882
51,-0.7352716510409485,-0.010495704127745399,0.6651142311892397
52,-0.7341076542505034,-0.009668540806097043,0.6640781595132501
53,-0.7338108202070646,-0.009020636220100412,0.6624339975721785
54,-0.7339870088550513,-0.008951426890707409,0.6600476270380302
55,-0.7339743308501132,-0.010650324472608483,0.6571828440314964
56,-0.7332752070590518,-0.015015254273488002,0.6543480435681877
57,-0.7301488513626679,-0.01895972104784848,0.6518685274014029
58,-0.7221724023968048,-0.020282522692572184,0.649677454220398
59,-0.7120445208979471,-0.020273598216939005,0.6480100062624223
60,-0.7019938984110812,-0.02003346175536381,0.6467127770051182
61,-0.6913186733425354,-0.019782703205450093,0.6451606525585589
62,-0.6825557215917333,-0.019664832535808627,0.6432685132541143
63,-0.6748302437350431,-0.019654616506940628,0.6412250311776713
64,-0.6652922810904625,-0.019704307248819483,0.6390796594138308
65,-0.6546320858150301,-0.019838218593231316,0.6370615321919735
66,-0.643727043401475,-0.019822901395337517,0.6352410879265016
67,-0.6342105777291973,-0.0196279613338273,0.633406278127026
68,-0.6266534318026407,-0.01951507813672526,0.6317870815368638
69,-0.6162250586516578,-0.019624220881349755,0.6305664070946957
70,-0.6024325350200659,-0.019755416674420156,0.6288318691854551
71,-0.593213433436677,-0.019705586491109456,0.6261952687964811
72,-0.5891968461596861,-0.019833358435912815,0.6238251287211745
73,-0.583724168190521,-0.02012048870092198,0.6219828047157583
74,-0.5749388408633644,-0.019965393757805747,0.620380127070864
75,-0.5662738769932509,-0.019457044036016724,0.6189941472514255
76,-0.5595889546162982,-0.019009414457500158,0.6172489970889425
77,-0.5517730393560811,-0.01888139573615949,0.6151743999780777
78,-0.5411731096634012,-0.019163573024304756,0.6131718470921894
79,-0.5311075601270048,-0.01953210824177181,0.6113299857598007
80,-0.5234844791365616,-0.019799019876868232,0.6097541498779864
81,-0.5156049549180102,-0.020063289508728363,0.6084676004131506
82,-0.5075315244943923,-0.020178648068716026,0.6076626535275875
83,-0.5013371079172939,-0.02015195496052144,0.6070295016374723
84,-0.4946141678234286,-0.020300484856343406,0.6060666783184439
85,-0.4854166932967803,-0.02043079768087236,0.6050268584072833
86,-0.47646281010274194,-0.020255120468978788,0.6039745903619405
87,-0.46979981122058256,-0.019754789033171953,0.6024159909697093
88,-0.46393268366602913,-0.019233123404501153,0.6002385546896483
89,-0.45741018712812354,-0.019058721292491372,0.598061950695695
90,-0.4488215653976919,-0.019179876785830823,0.5960275163483915
91,-0.43979936435188405,-0.019616128184365547,0.5937122664913963
92,-0.4331008918868533,-0.02171891383146101,0.5911484920257362
93,-0.42798090080171236,-0.025870479419293033,0.5885741573580592
94,-0.4233500703063362,-0.027377553251445336,0.5860416704092652
95,-0.41864176772277983,-0.02558778722754665,0.5834967519487213
96,-0.4133350202385484,-0.02601042711228485,0.5811623449011294
97,-0.40563017333499585,-0.02833379264813743,0.5791834159572291
98,-0.3967519820050456,-0.029606081025118372,0.5771114114511031
99,-0.38947760098456397,-0.029871421101273943,0.5750434007063252
100,-0.3833012130349295,-0.02978936544081412,0.5725841798875613
101,-0.3773134889303207,-0.02967292364627315,0.569102766095058
102,-0.3714076331931365,-0.029518619580878258,0.5659544416133973
103,-0.3659384871647582,-0.029404615507740428,0.5642309042692342
104,-0.3592845158232776,-0.029438037542498727,0.5636768825799994
105,-0.3520882856533568,-0.02948760522383033,0.5637200342011894
106,-0.3464235898957789,-0.029403122941409524,0.5637498648126358
107,-0.3411808142651759,-0.029336846210409814,0.5634861735603851
108,-0.3352244929122188,-0.029256767064415642,0.5626973218127695
109,-0.3286048167518665,-0.02913392733145781,0.5612065204004806
110,-0.32199870395663244,-0.0291277145059676,0.559285993516144
111,-0.31582194330130087,-0.029218874293480482,0.5575706509089196
112,-0.3101512200300257,-0.029417194864666887,0.5564900855422208
113,-0.30489501290336896,-0.029535939310278467,0.5558248172731877
114,-0.3000457669547787,-0.02938492397300506,0.5548133029872158
115,-0.2955564924149813,-0.029244446021589057,0.5527894476165927
116,-0.29255049715128123,-0.02921533135035949,0.5501084100738003
117,-0.28963398530310247,-0.029138535822361644,0.5476955870430669
118,-0.2845603633242617,-0.029106982995417946,0.5456291471696688
119,-0.27822015836722025,-0.029138653127508685,0.5434713642708333
120,-0.27152153788480504,-0.029153552540121683,0.5412297924577836
121,-0.265251764235085,-0.029110110720370994,0.5390966151985623
122,-0.2599257435794671,-0.029073384675198044,0.5373223784651422
123,-0.255317647371047,-0.02922018712945909,0.535872656711553
124,-0.25064582997272666,-0.029421868580656846,0.5343666315431326
125,-0.24730643460171975,-0.02939295500045422,0.5326517382076565
126,-0.24455925896761854,-0.029191933919005986,0.5305110804678947
127,-0.23980173367585722,-0.02909161411926231,0.5282355241312855
128,-0.23378813896607065,-0.02906968092010377,0.5263459830842143
129,-0.22602709828832324,-0.029002461548492203,0.5248916580607035
130,-0.21785480402557944,-0.028859180354456795,0.5232929995769433
131,-0.21335970929147774,-0.0286614688814988,0.5211250915523109
132,-0.21244067688308488,-0.028663348766416574,0.5191754114428939
133,-0.21083088822439022,-0.02894853124365733,0.517520200342626
134,-0.20651793249985373,-0.049082604342834665,0.51583804352753
135,-0.2026792903757998,-0.1295920953400751,0.5142328826137166
136,-0.19947722070440366,-0.2751953162368861,0.5123420405752048
137,-0.19489904913501188,-0.4465497425207424,0.5103731429984544
138,-0.18982639228889586,-0.6111604644289681,0.5090446893949052
139,-0.18463625212035206,-0.736978219224991,0.5082053965698135
140,-0.18090131814388505,-0.7983036879721546,0.5071760898719062
141,-0.17789137209106942,-0.8197064100787887,0.5057758273166515
142,-0.17319278558648643,-0.8391907406313841,0.5041265254848326
143,-0.1691410820718227,-0.8623604602211539,0.5022398107168515
144,-0.16589655267503794,-0.8769092330787398,0.5003293969531846
145,-0.16139264035074413,-0.8727209345878832,0.498780056990086
146,-0.15780788652735073,-0.8498903620852687,0.4973102415802797
147,-0.15508750950439998,-0.8172765944760612,0.495357838697015
148,-0.15107631188627224,-0.7873594884036508,0.4930680158847527
149,-0.147886818168458,-0.7708698110077961,0.49085952834631685
150,-0.14514092972401954,-0.7728783557453438,0.4891674444888887
151,-0.14051497287920112,-0.7912721318923688,0.48810337550727345
152,-0.13667014044244719,-0.8179155659511053,0.4872886476078637
153,-0.13542946462651373,-0.8419609968381963,0.48666270933423394
154,-0.1334465850395557,-0.854017689008391,0.4861395866826119
155,-0.12870583618081816,-0.8495960143926613,0.4853966779051928
156,-0.12455445434423051,-0.8305658721586955,0.4841292094569456
157,-0.12175680568804198,-0.8041669438325931,0.48158136555173736
158,-0.11817502157667298,-0.7800519500757461,0.4735720195139419
159,-0.1137913708000759,-0.7665635504817117,0.4524362889933231
160,-0.10892100926200643,-0.767678233849397,0.41631183408700156
161,-0.10530154866843228,-0.7817319737941628,0.3677215165432113
162,-0.1037653678376107,-0.8023193340418309,0.29936573560467394
163,-0.10293659359036245,-0.8209222182394176,0.19948437028637112
164,-0.1002858407927466,-0.8301968711630576,0.06705844687957474
165,-0.0950876453745394,-0.8266542706916713,-0.09117715978974705
166,-0.09134697560961785,-0.8117609510224215,-0.2680165341058185
167,-0.09096277794585511,-0.7911301072536181,-0.4561970883620138
168,-0.09024682160963038,-0.7722064968793787,-0.6489654010435284
169,-0.08686815127833392,-0.7613921930705334,-0.840406628521098
170,-0.08357704961088097,-0.7617190214210938,-1.0224290766680975
171,-0.08218779196570472,-0.7719082905181933,-1.1838340621526986
172,-0.07986396809455179,-0.7870919800050751,-1.3159926403071514
173,-0.07497527249437572,-0.8008315824094416,-1.4163054711432341
174,-0.07059714968981623,-0.8076053481735412,-1.4864736477874674
175,-0.06871856527710796,-0.8048071373342949,-1.5305642404161084
176,-0.06692701752684527,-0.7935390666031776,-1.5537198219169497
177,-0.06358342417788415,-0.77797446672435,-1.5613337843191344
178,-0.06110155660137939,-0.7636163499443458,-1.5585167596264387
179,-0.060774121948065446,-0.7551700178159451,-1.5497295667440514
180,-0.05928606339610015,-0.7548480776304465,-1.5385251865067855
181,-0.05474637484213604,-0.7617126085195385,-1.5273981682213735
182,-0.05046055108259398,-0.7722324033494155,-1.517765908042735
183,-0.048534538694732746,-0.7817671508191428,-1.5100979480169907
184,-0.04788200161023193,-0.7863629049267296,-1.5041763737943952
185,-0.04598717954461683,-0.7841683090706528,-1.499431080716315
186,-0.04166798173098689,-0.7759701598547872,-1.4952677959374379
187,-0.03825106217477929,-0.7647110505727523,-1.4913073317571564
188,-0.03777297373038768,-0.7542420359081543,-1.4874832560418207
189,-0.03686889813291824,-0.7478309049559475,-1.4839921014304953
190,-0.033094726290884904,-0.7469997372401502,-1.4811382354957296
191,-0.031096719158692485,-0.7510994498713977,-1.4791470723346851
192,-0.03212511122942725,-0.7577225715499285,-1.4780243641947681
193,-0.03074824232171247,-0.7637343819338636,-1.477515345847216
194,-0.027483931948279777,-0.7664888771739993,-1.4771754421759766
195,-0.024200395749061035,-0.7647619548881102,-1.4765204029982297
196,-0.020109474174364483,-0.7590784354400912,-1.4751944403506685
197,-0.01749509485241929,-0.7513633387323999,-1.473090440938884
198,-0.01752886096898898,-0.7441064770139416,-1.4703771195379178
199,-0.01819073632166166,-0.7393948412354678,-1.467425061378754
200,-0.016321268492743693,-0.7381848815835403,-1.464662236647357
201,-0.011183753289514282,-0.7400627920498619,-1.4624150858756284
202,-0.006780342212425267,-0.7435348106652713,-1.460794590558137
203,-0.005238052397814712,-0.746604462135235,-1.4596675505458094
204,-0.005201818278550496,-0.7477277327538836,-1.4587197846739306
205,-0.0037800999987076065,-0.7463897295316844,-1.4575833860591367
206,0.00040447512923342914,-0.7428235109048269,-1.455977550474322
207,0.0037553792306128358,-0.7379742785553871,-1.453809812578712
208,0.0040800911069989974,-0.7332718140187136,-1.4512018647508076
209,0.003299779323266954,-0.7299173317829388,-1.4484340548100136
210,0.0030853184732418416,-0.7284410110194968,-1.4458333400808985
211,0.0034503970851795136,-0.7286114447611058,-1.4436493738005658
212,0.00585923493175209,-0.7296422869689652,-1.4419655855782065
213,0.010866246611737278,-0.7305664965805081,-1.4406766558403636
214,0.014562779417031893,-0.7306161833921403,-1.4395373644792842
215,0.015198584763346408,-0.7294670820898901,-1.4382608803613346
216,0.014626212778322167,-0.7272767806233422,-1.4366272610841562
217,0.014198446126877373,-0.7245355870337638,-1.4345612235072913
218,0.014312101470168724,-0.7218198100874278,-1.4321519308422288
219,0.01802373988138352,-0.7195619336249823,-1.429610661738403
220,0.024958502475629543,-0.7179261555169156,-1.4271856069136972
221,0.02772185514633895,-0.7168187082448931,-1.425067915181517
222,0.02609769230002841,-0.7159999356278004,-1.4233243993075164
223,0.02482610884351829,-0.7152268027733366,-1.4218803123362185
224,0.0246515790041274,-0.714354080956441,-1.4205555795218237
225,0.026727766843209683,-0.7133551878957924,-1.4191377818840474
226,0.03131398716179963,-0.7122703626372107,-1.4174625470045505
227,0.034603953888336314,-0.7111267507374377,-1.415471079319
228,0.034850081650685,-0.7098850075939911,-1.4132249741844465
229,0.03412564581566381,-0.7084472743930013,-1.41087560442327
230,0.033982385570901635,-0.7067235843768391,-1.4086024121224452
231,0.034514826072991375,-0.7047180398887629,-1.4065450257102832
232,0.036779754107399754,-0.7025810428255892,-1.4047547277041406
233,0.04124477561822866,-0.7005876028068978,-1.4031818667446485
234,0.04465869296368548,-0.6990381538748274,-1.4017013223744827
235,0.04535551518872648,-0.6981198820856604,-1.400163881608664
236,0.0448158207197759,-0.6977926724732026,-1.3984526703296196
237,0.044249887483990155,-0.6977604093879326,-1.3965234519043088
238,0.04420686122927417,-0.6975549322318813,-1.3944151695193487
239,0.044616085904426506,-0.6967100820297449,-1.3922291591554408
240,0.04511513284240859,-0.694959055046263,-1.3900871647515491
241,0.04707847483615818,-0.6923705029992095,-1.3880853108357702
242,0.05115469389477238,-0.6893575117592379,-1.3862612830324785
243,0.05406949887000022,-0.6865430102959764,-1.384585655935469
244,0.05446018740968543,-0.6845256224354375,-1.3829784687294993
245,0.05424922335368383,-0.6836358561144111,-1.381342743480809
246,0.054265950581278644,-0.6837831627416404,-1.379601136114041
247,0.054620390735510144,-0.6844632171634948,-1.3777220148761566
248,0.055345045375704255,-0.684932687450466,-1.3757264334775425
249,0.05753174100655584,-0.6844902617062316,-1.3736753130852275
250,0.06183357271746645,-0.6827560055887647,-1.3716434923128689
251,0.06331695552091374,-0.6798365279059879,-1.3696914570911614
252,0.06100230206404178,-0.6763045600558619,-1.367845289514047
253,0.06103445623425505,-0.6729933303813072,-1.3660912280211406
254,0.06305173626210167,-0.6706804026625142,-1.3643851639777815
255,0.06379225361863397,-0.6697824266593246,-1.3626718857745375
0,0.06390482020495436,-0.6701818036890277,-1.3609059224190605
1,0.06445386514425852,-0.671257465570487,-1.359066250682039
2,0.06547077701549583,-0.6721131194241443,-1.3571603606034253
3,0.06623852904588728,-0.671918207614876,-1.3552176655613333
4,0.06632237841619715,-0.6702305835683866,-1.3532761443646049
5,0.06570614330408342,-0.6671744836328719,-1.3513680180549508
6,0.06634460725612445,-0.663401848114958,-1.3495097384626185
7,0.06965040350602394,-0.6598486653995876,-1.3476991453702731
8,0.07262360123334369,-0.6573782215479529,-1.345919540217078
9,0.07351220128390601,-0.6564483465551287,-1.3441479297908034
10,0.07368692278325178,-0.6569318482671522,-1.3423636817746303
11,0.07409353277157402,-0.658160940601284,-1.340554450427017
12,0.07498784902909816,-0.6591800690345926,-1.3387179404868141
13,0.07600210572933641,-0.659110685162958,-1.3368599856563068
14,0.07645525537283832,-0.657487770043339,-1.3349906985065916
15,0.07599237289652866,-0.6543559705695798,-1.333120686785925
16,0.0749105116309059,-0.6504306623017286,-1.3312586441768088
17,0.07377270645731657,-0.646872852066513,-1.3294105300029453
18,0.07296389595298985,-0.6444788983120271,-1.3275796749392752
19,0.0727956670242324,-0.6435472447975872,-1.3257669045532294
20,0.07318134105491025,-0.6439787200955767,-1.3239701877914403
21,0.07379573878870993,-0.6451633991848373,-1.3221840570327736
22,0.07617264102465154,-0.6461783280293725,-1.320399611481497
23,0.08258070872987036,-0.6461550162755876,-1.3186059192000616
24,0.08846452277553374,-0.6446248099820857,-1.3167930076571772
25,0.08622217361035009,-0.6416982649736058,-1.3149556739209798
26,0.0802460694133535,-0.6380163159229488,-1.3130965691916416
27,0.07944614087938653,-0.6344993745485195,-1.3112268944158414
28,0.0821137054624452,-0.6319939750928814,-1.3093637701896488
29,0.08371899158896942,-0.6309526303873034,-1.3075246898740667
30,0.08402347708562666,-0.6312679033788609,-1.3057208671677856
31,0.08377840586508192,-0.6323214870333884,-1.3039520890887628
32,0.08348861218408624,-0.6332264132332095,-1.302205430354931
33,0.08340964672530274,-0.6331672906421979,-1.3004588598480695
34,0.0834857183769179,-0.6317076588197115,-1.298688840057479
35,0.08341402983100171,-0.628948275384245,-1.2968792644778637
36,0.08318181672664549,-0.6254789333256945,-1.2950282668994353
37,0.08304073810861645,-0.6221459870902943,-1.2931499968224616
38,0.08303271204147439,-0.619727382633982,-1.2912702610820723
39,0.08474983086914692,-0.6186402839432548,-1.289417323123606
40,0.08879669937478774,-0.6187914110030059,-1.2876111803024068
41,0.09194501074269762,-0.6196236740607679,-1.285855451777726
42,0.09259521183091635,-0.6203370351952395,-1.284135204821852
43,0.09219105636603162,-0.6201959694127563,-1.282421866825787
44,0.09197414427902723,-0.6188051405015704,-1.2806836266240724
45,0.09224940727684894,-0.6162498194304578,-1.2788974982739956
46,0.09268281175844745,-0.6130513718439836,-1.2770584157196407
47,0.09301003396392088,-0.6099594144930172,-1.2751817216934422
48,0.09303717754379767,-0.6076634755842689,-1.2732978754653939
49,0.09259481744435419,-0.606535214627604,-1.2714412034416949
50,0.09191310230463201,-0.6064976476299067,-1.2696368857598577
51,0.09134924694198629,-0.6070671077877368,-1.2678911619099762
52,0.09112664210912905,-0.6075470967838574,-1.2661886014219776
53,0.09296436103448674,-0.6072964321159589,-1.2644976263715493
54,0.0956791574732127,-0.6059683778917431,-1.262782301855815
55,0.09505543214182438,-0.6036315638389043,-1.2610159574675812
56,0.09287311492263534,-0.6007308814216166,-1.2591914338962207
57,0.09229343410322921,-0.5979082261869659,-1.2573239857178855
58,0.09257266307466211,-0.5957551453311629,-1.2554456567744476
59,0.09431938096179704,-0.5945927258451782,-1.2535932131187453
60,0.09632302819778904,-0.5943605821592743,-1.2517942083779037
61,0.09628800838203547,-0.594652905538088,-1.2500564992639371
62,0.09535596553407033,-0.5948828471898846,-1.2483652286568137
63,0.09482319724947666,-0.5945088740712126,-1.2466884443232988
64,0.09657819172347554,-0.5932358192959408,-1.2449892175503399
65,0.09952815349333233,-0.5911160744272583,-1.243239639436386
66,0.10107062969567965,-0.5885167002096308,-1.2414313597829882
67,0.10154970399821156,-0.5859699278037047,-1.239303214646037
68,0.10144194268849571,-0.583967663237916,-1.2343978359793568
69,0.10105586196882527,-0.5827792652367736,-1.22154853949321
70,0.10064983553365386,-0.5823599723037716,-1.1965249971039755
71,0.10021491789146683,-0.5823806028681886,-1.1572779981550751
72,0.0997345361262379,-0.5823623860278009,-1.1027187799800013
73,0.09947595581194987,-0.5818620144660018,-1.0327635978907672
74,0.09953452798637569,-0.5806354989618736,-0.9475370436156645
75,0.09978712849059046,-0.5787204176516356,-0.8481336755886506
76,0.10006409925263332,-0.5764093704180215,-0.7383972546955171
77,0.10027669441323689,-0.5741294138060242,-0.6237332790243224
78,0.100400213738008,-0.5722768041667299,-0.5092794134093155
79,0.10030937788593486,-0.5710708656073009,-0.3996878215795976
80,0.10005320034906806,-0.570480693206382,-0.2981055115948009
81,0.09968007875775808,-0.5702486299825242,-0.20464696833149476
82,0.09923095357770068,-0.5699971167921236,-0.11760158646829905
83,0.10046234702450091,-0.5693749819981277,-0.03413181170848403
84,0.10438863738117798,-0.5681866424221906,0.053174501202294944
85,0.10778462373191022,-0.5664568784396253,0.1507005597275133
86,0.10700613477948584,-0.5644102989855375,0.25078777526621876
87,0.1029423601595254,-0.5623775405267382,0.3400913089204749
88,0.10160808272477684,-0.5606669750650426,0.41554154653152087
89,0.10370354009998928,-0.5594515379654241,0.4805516742775069
90,0.10491060342544478,-0.5587119994012852,0.5378159539836807
91,0.10613988484122594,-0.558254714970406,0.5892197139377291
92,0.105681250280979,-0.5577931302053303,0.6353499491869778
93,0.1013447187606139,-0.5570591476292353,0.6739876538838703
94,0.09934475092435455,-0.5559012536482759,0.7022066345576394
95,0.10296629605772528,-0.554333707165646,0.7201557782154251
96,0.10698544439558139,-0.5525213932794266,0.7304266836714657
97,0.10830469713800933,-0.5507098020685413,0.7362438430257079
98,0.1085472696729517,-0.5491294425928521,0.7408558329590849
99,0.10858939289932512,-0.5479117243126386,0.7461755553491085
100,0.10844292483040668,-0.5470467815900306,0.7521043489195862
101,0.10838837560778858,-0.5463962109847662,0.7570452187238907
102,0.10808335223613774,-0.5457524606744479,0.7589288008076616
103,0.10722957199832556,-0.5449198220283789,0.7563703717757111
104,0.10654054106066568,-0.5437856075748271,0.7493946298703893
105,0.10634774479554171,-0.5423558502401589,0.7395359968888675
106,0.10636262436667765,-0.5407447707925432,0.7293338563967897
107,0.10651872463346007,-0.539125149557212,0.7214046759096606
108,0.1067732253377387,-0.5376607241260021,0.7174940734252759
109,0.10702478644449509,-0.5364468735304775,0.7178759842992533
110,0.10714958081099457,-0.5354808572559615,0.7215915299126203
111,0.10723145429324793,-0.5346703507921864,0.7268085863251106
112,0.10701623641133046,-0.5338741859320018,0.7310073835752156
113,0.10807817537281467,-0.5329577671955406,0.7321339333601375
114,0.11177967213979673,-0.531841597588911,0.7288880199883969
115,0.11321523012665557,-0.5305256338914008,0.7218970395599027
116,0.10957598194034895,-0.529082541086543,0.7145247274931863
117,0.10597069458163272,-0.5276249774665329,0.7095152449674778
118,0.10548655155095554,-0.5262611801568933,0.7076800229104847
119,0.1064060983192785,-0.5250561774592126,0.7088503989354176
120,0.10700083393218851,-0.5240123185526728,0.7119692124268937
121,0.10673636618722393,-0.5230744319389589,0.7154264417272953
122,0.10584389335792188,-0.522155355184202,0.7175455755576323
123,0.1046132473035225,-0.5211704981132126,0.7172408868469213
124,0.10353904354784932,-0.5200679124284247,0.714126151375535
125,0.1032790302463703,-0.5188433810286168,0.708854179962725
126,0.10388756643392821,-0.5175366514257682,0.7032519718046781
127,0.10463742417816002,-0.5162122817237362,0.6989293400746821
128,0.10515086843950983,-0.5149338223111743,0.6965731545316638
129,0.10719396779655083,-0.5137414857071627,0.6962107781569191
130,0.11119937807015545,-0.5126409550349333,0.6972247261553537
131,0.11382427928340871,-0.5116059443128425,0.6985881411622392
132,0.11388044113570017,-0.5105917479665545,0.699255081283803
133,0.11309827702981823,-0.5095533670638925,0.6982017911964113
134,0.11258432347913,-0.5084610308057202,0.6951420487113826
135,0.11286338634724324,-0.5073079495897415,0.6910521100986811
136,0.11349870223801944,-0.5061087861649818,0.6867454208164965
137,0.11381164721956138,-0.5048909830430988,0.6827976764302377
138,0.11405166427108593,-0.5036833355445931,0.6801817806627268
139,0.11436850617729949,-0.5025064021277745,0.6792230000294359
140,0.11411589902790126,-0.5013677563955226,0.6793859467264454
141,0.11307085458830524,-0.5002626465599769,0.6798580216582937
142,0.11194459496432341,-0.49917847179079766,0.6798856202940409
143,0.11310051489019657,-0.4981004381682108,0.6785047270144808
144,0.11731586793541904,-0.4970160360535436,0.6746470259154096
145,0.1175790667143442,-0.4959171884357325,0.6689860478959908
146,0.11207435624786655,-0.49480031175362216,0.6625678777468527
147,0.10965575163061037,-0.49366540496786815,0.6530608946593142
148,0.1115918056329695,-0.49251530401773214,0.6361620959006917
149,0.11306994292204353,-0.49135555689037114,0.6087115380308885
150,0.11308583965947444,-0.4901944982593551,0.5700151057578677
151,0.11234044169163132,-0.489042603756491,0.5222178399984121
152,0.1111835611812006,-0.48791041528315526,0.46834953171528637
153,0.10992356961887018,-0.4868051681046657,0.4110690590079864
154,0.10929772056248527,-0.48572726228412,0.35308000592804367
155,0.1097409309868353,-0.4846683123951556,0.296120281943582
156,0.1109558164799932,-0.4836122562131193,0.23993619537039212
157,0.11211840877799267,-0.48253988632209777,0.18348105140108506
158,0.11267663855131554,-0.48143561929054557,0.1258927002447796
159,0.11260021830215045,-0.48029403951741156,0.06614659561712957
160,0.11202386341452186,-0.4791234069375352,0.003551582312274315
161,0.11116596161783476,-0.47794419401306665,-0.061472604669392306
162,0.11013976798861086,-0.4767825751601651,-0.1276551981998781
163,0.10930110694633083,-0.4756609150746216,-0.19365398418641
164,0.10921690524204253,-0.4745887876592656,-0.2584917942736621
165,0.10971720146973041,-0.47355820017395955,-0.32197719660566027
166,0.11014152294704821,-0.4659506402147773,-0.3848056783733803
167,0.11021445499284377,-0.40047723664948576,-0.4479707736250078
168,0.11013558338232521,-0.20663849567775316,-0.5122944628895703
169,0.10998111077888639,0.1006162281714309,-0.5783142286704046
170,0.10975642823416037,0.41579058656681345,-0.6461767284553557
171,0.10937980017212978,0.6372872925189468,-0.7153899814647224
172,0.1086296845175827,0.7526032793070456,-0.7853343279534479
173,0.1112721600273473,0.8087203213461511,-0.854873792040785
174,0.11776466856543238,0.834542230385884,-0.9188336139195767
175,0.11875332788494969,0.8639781869512797,-0.9744875739748506
176,0.11292871548695194,0.9465699168275159,-1.0305341661425391
177,0.10886702274064358,1.0959225200362113,-1.093277130841905
178,0.1106664045580465,1.276047565744658,-1.1561477582555009
179,0.11598011433181654,1.4059860740957935,-1.210086205493269
180,0.11936995746069884,1.4302749670432768,-1.2510310941825287
181,0.11890907249999222,1.4017352860508696,-1.2794131941788551
182,0.11699335870344657,1.402239289515574,-1.2982397392696154
183,0.1140831534663927,1.4527920307277329,-1.3111766921918218
184,0.11157493784513406,1.5066952746502187,-1.3210652023440352
185,0.11308326079005598,1.512003810768097,-1.329174819531814
186,0.11663602494481462,1.49097921341591,-1.3352595203998274
187,0.11861394191505781,1.4888812903740867,-1.3382299690576827
188,0.11886322062812277,1.489180534854368,-1.3370786079686
189,0.11817406587233747,1.4513190972765209,-1.331654157713566
190,0.11734034546327732,1.3919068356374904,-1.322986588836466
191,0.11659349016825393,1.3601612628137643,-1.3130662658493866
192,0.11597307527555101,1.3559109314009943,-1.30420136320789
193,0.11556825708276874,1.322244828124207,-1.2982333762556646
194,0.1154314107116664,1.2151397715813053,-1.2959282236240472
195,0.11564614005139551,1.0661552535321581,-1.296774178523398
196,0.11608276996298272,0.9512270479993825,-1.2992486926789382
197,0.11641707572112675,0.8931121264404789,-1.3014336941136055
198,0.11650546760221725,0.8579330453581682,-1.3017332843705862
199,0.1162639078830971,0.82623231614868,-1.2994230329535656
200,0.11560927742659233,0.7894082590401091,-1.2948392756770848
201,0.11482942674495744,0.7091916740682138,-1.2891633680533205
202,0.11429419873052465,0.563012525318181,-1.2839099526592919
203,0.11575249706236462,0.3841806631890732,-1.280331229061821
204,0.11834944565670003,0.1927543212849594,-1.2789655029531053
205,0.11628404898055944,-0.0038915591538470906,-1.2794876859106679
206,0.11176382542356633,-0.17256251148041457,-1.280894611217783
207,0.11185970374464294,-0.3059118794265996,-1.281929990130545
208,0.11445789067758705,-0.4207401912883988,-1.281571151243897
209,0.11535483210051822,-0.5254492944514988,-1.2793902847283314
210,0.11466241757055268,-0.6294710647247914,-1.2756648166518372
211,0.11355952234113054,-0.7124102939211907,-1.2712158917102028
212,0.1128041252667486,-0.7185652571174279,-1.2670579231767944
213,0.11269279072673621,-0.6330921521139137,-1.2640063895298788
214,0.1130889957744069,-0.5011218522683611,-1.2623943480457882
215,0.11364532343487288,-0.3819574517576685,-1.2619942312552586
216,0.11413127249445643,-0.3211803884035547,-1.2621556485482017
217,0.11427879310845906,-0.3373951635868242,-1.2620875133936962
218,0.11402397771038547,-0.4193545164600805,-1.2611649601353627
219,0.11350798912880933,-0.5324243191444897,-1.2591434212920358
220,0.11284210131908012,-0.6324389935760601,-1.2562087060971603
221,0.11219780522648132,-0.6825957048910642,-1.252861074984625
222,0.11175878341057977,-0.666753642175185,-1.249694487401345
223,0.11163196867914132,-0.5939795802333386,-1.2471656834064895
224,0.11179750703131619,-0.4939528634499975,-1.2454415261832028
225,0.11220385234031166,-0.4049634749775814,-1.244373443008286
226,0.11261902978987948,-0.35900833678118144,-1.2435936031216284
227,0.11275901218465167,-0.37019596794028253,-1.2426812844830537
228,0.11250210090071783,-0.43055387687100555,-1.2413269254163692
229,0.11197149131813311,-0.5143274886474338,-1.2394311475593223
230,0.11142291285615524,-0.5886464134797791,-1.237109325936264
231,0.1109689452572995,-0.6261899324983229,-1.2346132043368532
232,0.11076543917956366,-0.6149992507074447,-1.2322123543528227
233,0.11236830265171377,-0.5619478755252325,-1.2300884315011937
234,0.11634519843870772,-0.4889730981857521,-1.2282825270839695
235,0.11793583936194285,-0.42393984711133115,-1.226708345709083
236,0.11469554179577418,-0.3898987333035111,-1.225214694440833
237,0.11131984467124278,-0.3968561254970153,-1.2236623739342916
238,0.110655470407996,-0.43896024658739174,-1.2219796075781977
239,0.11107227019049581,-0.4977834214240966,-1.220175043728632
240,0.11099623421550958,-0.5500514154296007,-1.218309782173073
241,0.11030821984084771,-0.5766207297463246,-1.2164489475553628
242,0.10951872234434057,-0.5692643035481249,-1.2146206673741884
243,0.10898885967933197,-0.5328946793518208,-1.2128035361772027
244,0.1087441455537857,-0.4827359019082129,-1.210947054267097
245,0.11040919735476767,-0.43788313745502117,-1.2090117149919455
246,0.11310474253702207,-0.4139319719459347,-1.206991991233504
247,0.11265328238637518,-0.4174996935988977,-1.2049476200799418
248,0.11214602848967886,-0.4445291775890485,-1.203003265708912
249,0.11547925534991932,-0.4826967108447345,-1.2012563847749234
250,0.11710745202093448,-0.5166810869203776,-1.1997189057245006
251,0.11351525391229528,-0.5340833044533888,-1.1983166818993078
252,0.10941366824002807,-0.529731784478372,-1.1969044823229402
253,0.10805265973638428,-0.5069119065404677,-1.1953185196186977
254,0.10805420398719512,-0.47534360274208964,-1.1934329438494684
255,0.10794624114123258,-0.44696787567971485,-1.1912367626810827
0,0.10757713777776035,-0.4313269069877703,-1.188872518484167
1,0.10731657619921342,-0.4323038885072542,-1.1865560219338436
2,0.10897676731970851,-0.447303068008516,-1.1844906827401975
3,0.1115077964184108,-0.468921823387484,-1.1828042973711104
4,0.11236321142740258,-0.48822080515305866,-1.181486746005668
5,0.11387696634086147,-0.4981893543409075,-1.180381074588134
6,0.11609812320082546,-0.49608305535052577,-1.1792354097572355
7,0.11701567114143113,-0.48388745320205917,-1.1777978892449337
8,0.11703756628203493,-0.4669616151458791,-1.1759177743323046
9,0.11511700667172792,-0.45160356886446573,-1.1736114217188902
10,0.11092846508627274,-0.44260103311229315,-1.171064295933827
11,0.10759652872424491,-0.4417008127152082,-1.1685651477560994
12,0.10653494952489162,-0.4474517322964111,-1.1663959996924582
13,0.10793651977694313,-0.4562792376904681,-1.1647204339073158
14,0.10994695282480554,-0.4641867585957956,-1.1635148817967438
15,0.11004869756746194,-0.46831928910282944,-1.1625717833936329
16,0.10939667055236024,-0.4677954180813523,-1.1615755529974559
17,0.107570417383682,-0.463603528508854,-1.1602232392212883
18,0.10553172134332689,-0.4527480937126773,-1.1583432713621944
19,0.10694833840891704,-0.4050879358235604,-1.1559653823184415
20,0.11007209229372311,-0.2682870907908681,-1.1533131591749508
21,0.10968583135112159,-0.03611573229843246,-1.150720696030532
22,0.10848963608341405,0.23606619854621003,-1.1485047508456643
23,0.11074124014492193,0.486117532774226,-1.1468417657806338
24,0.11300306689487949,0.6650415436607893,-1.1456978459179816
25,0.11311712595617612,0.7531537653622906,-1.1448395989876023
26,0.11264780267660429,0.773444030559927,-1.1439224021857486
27,0.11269572658430804,0.7572229667623676,-1.1426224192851193
28,0.11183210916227532,0.7410404027898223,-1.1407614201623337
29,0.11038090763170161,0.7841147410549458,-1.1383759876552046
30,0.111733240594653,0.9097410557849483,-1.1357041143755477
31,0.11256531172298728,1.0800136763214436,-1.1330941738766884
32,0.11049266894294807,1.246345688441912,-1.130871334988354
33,0.11002477912103936,1.3605539988544404,-1.1273503832265006
34,0.11103476032830284,1.4063851128022953,-1.1164320142473647
35,0.11120294149089438,1.4346355036751417,-1.0902849446512821
36,0.11096699010738337,1.4892755390370302,-1.0427874946516007
37,0.11113301920565088,1.5564578666349762,-0.967143593272759
38,0.11197633000844348,1.604261816257675,-0.8594160194588021
39,0.11132422298879663,1.6184072043901363,-0.7296902158062819
40,0.10788005999833988,1.596163181171291,-0.5948696557365292
41,0.10478571382058516,1.5360073334444238,-0.4621032693128464
42,0.10366188793556613,1.4587645486113927,-0.3313209530919805
43,0.10288087689597264,1.4005221530894634,-0.20271348816513823
44,0.10159886092767348,1.3840493835696517,-0.0767533108320331
45,0.10186668523067688,1.4138419281124577,0.04618857531099324
46,0.10339198898541754,1.4743213116446556,0.16613768939365303
47,0.10406619052642024,1.5383747792599705,0.28406717703113865
48,0.10469125221838,1.582991233139226,0.4003617312267186
49,0.10416820091302426,1.5917653166069483,0.5113168364281196
50,0.10300603811534881,1.56147237681488,0.6110558240664614
51,0.10305516420478367,1.5060475197106156,0.697124958421812
52,0.10312878970060957,1.4461614442695803,0.7697982389702214
53,0.10223437017682263,1.402590424091759,0.8287892370661418
54,0.10219605439793464,1.3929865115189974,0.8731021390321625
55,0.1028630842058687,1.4198032276000898,0.9019795187926105
56,0.1009568554267801,1.4665875202522702,0.9149050003162613
57,0.09835171848508067,1.510312211514603,0.9126291236587667
58,0.09814643435442,1.5333145798016297,0.8990521308129171
59,0.09970691559429795,1.5315695616972258,0.8803289050893826
60,0.10155846575377314,1.5089782641638236,0.8624119077129309
61,0.10240514082452051,1.4695718434935614,0.8495183661465764
62,0.10190600769475616,1.427000444077977,0.8437850973140497
63,0.10059237760240455,1.4013875286920303,0.8451620428930089
64,0.09898879929089316,1.3989208422569686,0.8509868488224166
65,0.09747843200154696,1.4145014575440014,0.8568047831613756
66,0.09817021760763839,1.438758082482078,0.8588090193818254
67,0.10056829409521961,1.4575490993043099,0.8548130533925806
68,0.10063445369818869,1.466546241305255,0.8448970992049132
69,0.09945959026297474,1.4681761820575683,0.8326577188957698
70,0.0995803669473253,1.4584510983786405,0.82250026944619
71,0.10014642097173149,1.4366209984416511,0.8169673770130217
72,0.10019687076029177,1.4113752322865656,0.8169304212772235
73,0.09944106077366466,1.3948302179190533,0.8215919540989725
74,0.09807357906551378,1.3949400553985427,0.8284218598881412
75,0.09655244374095284,1.4092160756459329,0.8343405103968133
76,0.09553814369082614,1.4086294749303696,0.8372812348230099
77,0.09554035067494476,1.3411710706444722,0.8361615428372877
78,0.09631151905869573,1.2138062304432031,0.8310918964867846
79,0.09735382636730361,1.1156880627171963,0.8234667795658228
80,0.09840271605991902,1.0975693984413053,0.8155924474789247
81,0.09892788913772593,1.1185203870089202,0.8101586900642821
82,0.09855095133266595,1.1308313843962514,0.8083199321508294
83,0.09754184435625823,1.1391085777344463,0.8095231620373258
84,0.09641938338489314,1.1721240231121466,0.8126881932589902
85,0.09556037616985408,1.2438004876987425,0.8157520976272328
86,0.09508241976180362,1.332238621037476,0.8163757068927238
87,0.09504920075270334,1.3980306785317445,0.8138876804775332
88,0.09540319215522067,1.431289117375799,0.8091883056891125
89,0.09592065780320277,1.4425732816416095,0.8032664948402299
90,0.09644312728193005,1.435580406701222,0.797342263094428
91,0.09675232028666261,1.4165884687987615,0.7929717415438842
92,0.09669652802502182,1.3945563096305493,0.7910189260896732
93,0.09621964815133499,1.372003398030789,0.7916073789860332
94,0.0953219743307569,1.3531120627630058,0.7938815383527107
95,0.09446424708182533,1.3482430698252181,0.7962668816198799
96,0.09567152024260739,1.3570174358452474,0.7974066241346383
97,0.0980279622689301,1.3696183689928954,0.7965298420051967
98,0.09749611847578529,1.3848912837491234,0.7937005450199575
99,0.09544693219104047,1.3988583143928581,0.7897015323163825
100,0.09483484245461396,1.4015542148419953,0.7853660859297227
101,0.09524617796359769,1.3917185284064342,0.7815625103247892
102,0.09560558310315209,1.373931610645636,0.7790673438903601
103,0.09521307088636871,1.3559276175506447,0.777970895866805
104,0.09434042155125294,1.3448393629789335,0.7780019385432275
105,0.09347335887235467,1.3419128315576971,0.7784133386349716
106,0.09281386761701343,1.3454247902257888,0.7779678607201019
107,0.09254779765668025,1.350640222376006,0.7760799895049071
108,0.0926317312442784,1.3547527745908972,0.7730515235697766
109,0.09306067410655108,1.357124292520023,0.7694710136413025
110,0.09375510522736755,1.3574896486240746,0.7659950592678215
111,0.09418704410016132,1.3562432908002622,0.7631714910636589
112,0.0940345105109815,1.349869867682898,0.76122822202695
113,0.093596287418654,1.3399160820436826,0.7600134700785668
114,0.09316916864688479,1.3324662493578145,0.7591933113733682
115,0.09270808902559446,1.3288937646915415,0.7583840659310614
116,0.09225077973691384,1.3282995893011367,0.7572431212654924
117,0.09198457468608318,1.329091612326624,0.7556448017179946
118,0.09199594955024287,1.3313917356827076,0.7539546268664012
119,0.0922225849776048,1.33358360410121,0.7521917795688644
120,0.09251376405229686,1.3331799374818059,0.7499140909663442
121,0.09271134253918625,1.3295271674980742,0.7475290200814539
122,0.09271124866930258,1.324650995359427,0.7457880778165125
123,0.09241038838660481,1.3228338002688282,0.7444638964546144
124,0.09191191539618382,1.3223363661730687,0.7428127622293788
125,0.09152596402349117,1.3196740089881556,0.7406823804946798
126,0.0928480971278878,1.3087198216435558,0.7375271704452109
127,0.09494306015255108,1.2927730097087422,0.73346731512196
128,0.09399879475003081,1.2898941153485883,0.730508827218922
129,0.09151914715123782,1.2966851843427158,0.7293185049990913
130,0.09058127425453202,1.2980898086363273,0.7286942662443152
131,0.09079121780650531,1.295730799660339,0.7278677314155446
132,0.09115302762846261,1.296489040691764,0.7267559394936995
133,0.09111538188899132,1.2994937370481505,0.7254645033759446
134,0.09066217792682976,1.2985801159197292,0.7244122685727812
135,0.09009820060873344,1.2934787873893319,0.723857079419405
136,0.08970411332511913,1.2886862913389234,0.7233891955993363
137,0.08948453851604138,1.2839228593122387,0.7227305426271129
138,0.08934038025459518,1.2762850292018566,0.7221528971175046
139,0.08936104858422284,1.2708121151346554,0.721659864125602
140,0.08968927596519116,1.2724975303489674,0.720612391718811
141,0.09009643704669976,1.2774706304704009,0.7184176770069148
142,0.0901870512157226,1.2820230858091524,0.7152057678352444
143,0.08986899679411275,1.283532348227821,0.7115521800996369
144,0.08937247423921948,1.2802678835376953,0.7079339717262125
145,0.08897363204144917,1.274429052029188,0.7047185104740574
146,0.08874937256777002,1.2673440943380734,0.7024031627130611
147,0.09022853113719245,1.258604157031543,0.7013854780923869
148,0.09413749546697878,1.2411831525979533,0.7013698055701767
149,0.09553841778492228,1.2041197229644558,0.7014326062528382
150,0.09372948078471097,1.1516874032340239,0.7009463253160133
151,0.0929272763813776,1.097524648965372,0.6998437855647379
152,0.09335691345718766,1.0432589246549169,0.6981616808175886
153,0.0939647800831045,0.9839047119057933,0.6960473778605296
154,0.09241224495992761,0.9212241727079662,0.6937546449153118
155,0.0911929800461414,0.8577578280845901,0.6915596143030376
156,0.09385275172757737,0.8016166308634372,0.6886404376178945
157,0.09649785912576736,0.773876589395132,0.6838959372074931
158,0.09498376266671071,0.7747471692058747,0.678718566156389
159,0.09173410059370332,0.7779155757114433,0.6755583871622011
160,0.09063105426746457,0.7665149559203166,0.67394004917064
161,0.09137702476917811,0.7370150300582408,0.671427064262277
162,0.09420598138511987,0.6739020481756492,0.66789853234861
163,0.0955460368204481,0.5743525933117906,0.6649253157855382
164,0.09364556215323777,0.48344904577127323,0.6632780405223557
165,0.09371472478598197,0.42615542480832347,0.662894464163647
166,0.0937513224735193,0.38050815874690536,0.6634653078193011
167,0.0916234921953116,0.3305261771273609,0.664730684947725
168,0.09180173694693103,0.2787049980379288,0.6663334085438561
169,0.0937877055799746,0.22991624552250745,0.668068158958713
170,0.09323727539037588,0.18803369272727943,0.6695802435219318
171,0.09129208917010434,0.16047353590284563,0.6702638960550822
172,0.09087293977092126,0.14536950708453,0.6698326420374978
173,0.09127529481229324,0.1321270917284978,0.6683886059910145
174,0.09310538209738872,0.11550536551413337,0.6663098066450377
175,0.0951648196886353,0.09040150492744958,0.6641197948262163
176,0.09505210695832361,0.05083386119687905,0.6623062880987634
177,0.09387141182828446,0.0008563551633883337,0.6608631051597824
178,0.09306153251101099,-0.0498590083027719,0.6593573832966633
179,0.09301181566296968,-0.0950981684925929,0.6578362157098163
180,0.09338006899480525,-0.12931379317347746,0.6563507000445301
181,0.09391934507604668,-0.1487012481815141,0.6542423236022237
182,0.09446325784668524,-0.15696282880003448,0.6511812504179988
183,0.09481805357985684,-0.16242468356285267,0.6477523516988974
184,0.09485516186428583,-0.17179168190731442,0.6447943257375313
185,0.09435334347476776,-0.18950781779029757,0.6426540958229596
186,0.09346261316668478,-0.2123385975716089,0.6413647674390763
187,0.09272959644896137,-0.21216845441895926,0.6399007742492251
188,0.0907098626481739,-0.20755015596262583,0.637401231972279
189,0.08824848723591092,-0.2575133469846309,0.6351350833400073
190,0.08938328487167432,-0.3284756759198516,0.6337105118888937
191,0.09226260120606702,-0.35912903298394017,0.6323082473666897
192,0.09340313288100421,-0.3547668268979207,0.6303747341821153
193,0.09332235859965979,-0.3455672736806013,0.6277703976389901
194,0.09125220625288696,-0.3476419406150838,0.6250412712119702
195,0.08675031269527131,-0.36224990322508177,0.6230880305601028
196,0.08480428216717015,-0.3907992481441167,0.6220263023818997
197,0.08781833618654211,-0.4277211859832628,0.6213846710011162
198,0.09097507251885853,-0.45980790251438175,0.621050661881595
199,0.09158305309263562,-0.4804078373299936,0.6209602382999728
200,0.09102605040386194,-0.4877254415995802,0.6207078416102074
201,0.090503822382632,-0.48152612650384574,0.6200618582027695
202,0.09047525967784428,-0.4158724917974643,0.6190997255843524
203,0.09088249074610211,-0.24785550056113426,0.6174754116608723
204,0.0913587923119249,-0.08040754760883229,0.6150631276487226
205,0.0916020486547996,-0.03852860259177726,0.612458887732759
206,0.09156062525867176,-0.10750702476475027,0.6102991335879613
207,0.09121397435617842,-0.21594658871338052,0.6092327849268393
208,0.09050027851067191,-0.308779765400422,0.6093435862012797
209,0.08978571000203553,-0.3291083740574702,0.610079731717587
210,0.08938359978930971,-0.24084458816424265,0.6105602971424138
211,0.08926425149273048,-0.06917850870515818,0.6100589428510432
212,0.08949749295388218,0.13896203461542456,0.608704267581079
213,0.08987124992976181,0.3434968350477572,0.606504643435535
214,0.09014792724971321,0.47966597196605254,0.6035327218255098
215,0.09031027973906836,0.5093995812968365,0.6004169434518725
216,0.09024823637661125,0.4751020738312355,0.5976939235483274
217,0.08991298151144794,0.42567630869413087,0.5951587925165938
218,0.08929036821306019,0.3872734467164909,0.5918277711141156
219,0.08857807997102599,0.3983836979912758,0.5884194823637849
220,0.08806601206443646,0.4752069489129793,0.5864079820167178
221,0.08791797707298257,0.5897387809637284,0.5854002414541304
222,0.08815463719075214,0.7203178457195933,0.5847157710110955
223,0.08853029278136068,0.8554220555344001,0.5837889874199496
224,0.08883413599863668,0.9557518943813311,0.5822831769912329
225,0.08900815486615699,0.9946053957227625,0.5808767947534306
226,0.08892040179648347,0.9934301215659556,0.5801693594296815
227,0.08858462442804896,0.9707983937442499,0.5802416074993249
228,0.0882333733338592,0.9418284180043841,0.5809385548212946
229,0.08787894206841596,0.9514230516155742,0.5818204258548896
230,0.08748122085246154,1.015072134161998,0.5823636408079853
231,0.08717459388806115,1.094330051893404,0.58215041509288
232,0.08706415427611339,1.13283239521617,0.5809758747119687
233,0.08706839633536984,1.1012352228069355,0.5786760060851095
234,0.0871449461831299,1.0487974369142878,0.5754915329457273
235,0.08728902104804537,1.0469359309360762,0.572383219596444
236,0.0872674140328234,1.1087331856691254,0.5700531901254073
237,0.0870176534679076,1.1677640367453943,0.5685907806164221
238,0.08673889400675011,1.1580651384742424,0.5675736558290485
239,0.08642846658643705,1.1248484548246038,0.5663227981716938
240,0.08603810076875726,1.1336696390614547,0.5645987053151178
241,0.08570252962602129,1.1594624305616388,0.5626787315493429
242,0.08545584125869932,1.1415942171143854,0.5606622596639896
243,0.0854457041629614,1.0733509058241752,0.5583961309306582
244,0.08568242715323979,1.0115421133215716,0.556205090302835
245,0.08589677479586397,1.0121870224863319,0.5541807737810831
246,0.08597157560263477,1.0660927068435644,0.5522879164579131
247,0.08587017534339841,1.0936597088227478,0.5500395538283789
248,0.08560445380065587,1.0532784514779001,0.547171358897437
249,0.08514805036678899,1.0048544652764857,0.545341687146268
250,0.08471656868768687,0.9981501158009292,0.5451237313911736
251,0.08447929870965573,1.0108572743461641,0.5453689620111484
252,0.08434230473458804,1.013193037190375,0.5453176530233004
253,0.08431115599310887,0.9939465847398419,0.5444502510727631
254,0.08429544220115778,0.9640721231141699,0.542531006874303
255,0.08428098218874247,0.9458149879229261,0.540240656330691
0,0.08438672104562103,0.9339242488710311,0.5383534116572795
1,0.08454413490820026,0.9053656859095565,0.5367281175053382
2,0.08451795156588474,0.8587931367782362,0.5351606407643912
3,0.08415739310445153,0.8258319000912167,0.5336569980924413
4,0.08358156741076656,0.8179257330284657,0.5323093671841574
5,0.08318599584368622,0.8117994706793576,0.5313160280159908
6,0.08308349494509532,0.80583266261621,0.5304930949646862
7,0.08307865739306763,0.807172904259843,0.5295216277441654
8,0.08319513590065464,0.7953159018775193,0.5284134587440996
9,0.0832796692169808,0.7656064799706348,0.5273779842854693
10,0.08321358794310957,0.7479383667032229,0.5266350426813595
11,0.08319148972749182,0.7466907411514345,0.5262797303399389
12,0.08307111718583537,0.7402607020734813,0.5261818764711528
13,0.08275681365240731,0.7312213740956652,0.5257821191841288
14,0.08251425845774804,0.7300095258112649,0.5243975558483922
15,0.0823618973910058,0.7280047761880801,0.5222499982869686
16,0.08220028667368043,0.7249598097449057,0.5198240648089627
17,0.0819944255260274,0.7299333347708854,0.5171816595202074
18,0.08174469445463142,0.7278550222356077,0.5145009314034592
19,0.08168105660082958,0.7158835819146923,0.5117852387912412
20,0.08187076473395644,0.7306709569462679,0.509402996472222
21,0.08192715493416977,0.8155268807236595,0.5069902950106173
22,0.08163785337928889,0.9679154278195083,0.5029616075940782
23,0.08124536505503488,1.0801035042229294,0.4983781724636922
24,0.08101976252384646,1.054407461217783,0.4958642892842646
25,0.08098326449735788,0.9379326529620193,0.49516731730995955
26,0.08086588998876004,0.8484647566302598,0.4948143753936334
27,0.08063718384963517,0.8336802928171481,0.4943332385601866
28,0.08059254218919232,0.8364816043484335,0.4937112286622569
29,0.08069489801174598,0.8319593205568698,0.4931529815392046
30,0.08066678757161769,0.8712550016369001,0.4928963120103973
31,0.08052012136120454,0.9738746861349483,0.49329060577691597
32,0.08038249673807968,1.0901470514906935,0.49400935079589003
33,0.08014084757900294,1.151395763854322,0.49409518758367255
34,0.07989130763273694,1.1243368325731464,0.49321201321944397
35,0.07972726420497053,1.0186091723931785,0.49147060118363894
36,0.07953602897013229,0.8722069191719657,0.4892786404670033
37,0.0793528125474999,0.7364259797908377,0.48724642397603457
38,0.07914846641732434,0.6581772744263381,0.4856079076886666
39,0.07897918032364398,0.6590282136032275,0.4841041918259117
40,0.07893664000857104,0.7277819865132962,0.4824002207931217
41,0.07901813604268393,0.8293317792288324,0.4809017857441169
42,0.07909009078539272,0.9176746021101665,0.48025845011000334
43,0.07891282999351534,0.9555042390350637,0.48029348698598695
44,0.07857864226674555,0.929812866251309,0.48016118979998557
45,0.07837309634383402,0.8508384086858372,0.4790523944139051
46,0.07827228643031506,0.7457518624336776,0.47716296912283784
47,0.07814201583351699,0.6500069865931444,0.47502976054827517
48,0.07645204371621578,0.59387682670617,0.4728367937885547
49,0.07400925546510403,0.5910079137241688,0.47107340580778123
50,0.0747938479417753,0.6342804228149859,0.47000246668510015
51,0.07735791100483178,0.7002132433186794,0.4686195935954849
52,0.07664438614540059,0.7585147793164428,0.46637272315966305
53,0.07378699416938739,0.7840708288479701,0.4646249181579387
54,0.0738901718354355,0.7663408367886948,0.4639657001196307
55,0.07599286343472775,0.7116131641562911,0.46366908812560004
56,0.07694870318005892,0.6390201733112892,0.4632723317514502
57,0.07705204599372983,0.5739840185692082,0.46256513021635115
58,0.07689513371208317,0.5368797009399864,0.4616016955584423
59,0.07669732945164662,0.5332871219784059,0.460576022011419
60,0.07672115973063398,0.556821904112753,0.459641691764034
61,0.07697664694701983,0.5938039134764477,0.4586253519726273
62,0.07703011350480485,0.6263696152578352,0.4571113293697888
63,0.07666659237361403,0.6392068518387533,0.45508950890713074
64,0.07624455305440206,0.6256406803203838,0.4530615443989954
65,0.07595507221683737,0.5910125281565066,0.4514927331137142
66,0.07562065503533474,0.5477196044832167,0.45000477872558275
67,0.07540319761395642,0.5071856152945253,0.44813773276038127
68,0.07542363964466084,0.4792847995244842,0.4463270901688634
69,0.07542997645988953,0.4698828843413523,0.44497058146113955
70,0.07547813593608813,0.47842273552023595,0.44405630792942974
71,0.07559663873938607,0.49730811499236915,0.44349016191307755
72,0.07558459286700778,0.5128656684186024,0.44316281515462475
73,0.07384936274233758,0.5153450705849041,0.4429267443359721
74,0.06964104002102206,0.5053315513072164,0.4422932705565332
75,0.06778048654557497,0.4871318689940627,0.44100201707633513
76,0.06917865498528666,0.46341382464960823,0.43948979240724917
77,0.0700411094567315,0.44074908139909175,0.4380089596784529
78,0.06990087405549031,0.42601533747136733,0.4364964994162699
79,0.06937412425628295,0.4182432926268982,0.4347104192002096
80,0.070604310093726,0.41565265771229876,0.43262578038291655
81,0.07126140503468498,0.41683869862219947,0.4298043419808746
82,0.0681905642069848,0.4163972571891017,0.4250497060730576
83,0.06522417989740473,0.41083838669948336,0.4197230830545384
84,0.06643852118616458,0.402736091356641,0.41633248932852274
85,0.06935063805887323,0.39506438036858826,0.41481645814048895
86,0.0700940003331405,0.38798315924353366,0.4143294643605131
87,0.0708027867504932,0.38131184707020616,0.414372004509479
88,0.07024470388509191,0.3728862841302445,0.4142893066727975
89,0.06779271394978537,0.3628537604930009,0.4139428890802106
90,0.06857126262223437,0.3532311884748469,0.41392309491019863
91,0.07156669893034795,0.3433262072332448,0.4145174985977591
92,0.07326367337611606,0.33366496233462417,0.41544178071158844
93,0.07385110029253708,0.32449606329517433,0.41605369378421875
94,0.07232852986441449,0.31832461499518216,0.41586037727929326
95,0.06973463677626643,0.31810614506768387,0.4148489253417902
96,0.07009516208449001,0.32157373520596666,0.4131152633988613
97,0.07189466804944603,0.3245529869496169,0.41113780675505707
98,0.07209479923401008,0.32311353975086776,0.4092953039768892
99,0.06970018010529336,0.3148037194051263,0.4076335131477469
100,0.066820040783486,0.29820782429271997,0.4060544914123372
101,0.06626933135571247,0.277419023454218,0.40456397176938586
102,0.06702646619987376,0.2595114370954552,0.4036247439604099
103,0.06941144779303718,0.24804239295871278,0.40303883968855536
104,0.07036918107260132,0.2450258663690883,0.4022040917601315
105,0.06687495435727275,0.2501349630621039,0.40095321467343514
106,0.06307052995464224,0.25987003800139785,0.3992391243044737
107,0.061517412702048996,0.26870478611186854,0.3974148767472341
108,0.06268274572901514,0.2726014415290683,0.3957889815431046
109,0.06642235143638198,0.26718459444947884,0.3943664744266482
110,0.06930920901063317,0.2503815667767564,0.39325618496341086
111,0.06813691670586602,0.22689356952682616,0.3917527487090997
112,0.063893373497911,0.2041829485719231,0.3894744327721642
113,0.06100905059755943,0.18948773944632524,0.38751565981875213
114,0.06119992276478689,0.18671164661302186,0.3862602335838947
115,0.06390141160524743,0.19495973901874963,0.38542667535769337
116,0.06651958855404738,0.20923734699124985,0.3845386863295175
117,0.06479024701064356,0.22217282812138262,0.3831459496703067
118,0.06245724056845639,0.22658797833025046,0.38142712442428683
119,0.06271158025133525,0.22012822395342635,0.3796858141016607
120,0.06159306874351028,0.20267474812630004,0.3782161723428661
121,0.059663693152037095,0.17719440513575258,0.3768685691888243
122,0.05956435420231668,0.15248769415364816,0.3757316494826012
123,0.06049165279633889,0.13669035103431648,0.37499379866075166
124,0.061189649493995024,0.1356681901993051,0.3743611644147379
125,0.0612868087240962,0.14777319102602804,0.37357623939942386
126,0.06078948519454072,0.16485798023839604,0.37220056628886977
127,0.05978556656061426,0.1793315339790329,0.37012429345902376
128,0.058746895161460755,0.18453219734401727,0.3679936287928559
129,0.05804965227702599,0.1781402036056997,0.366503701648069
130,0.057837164561700655,0.1600379676050372,0.3657578279607201
131,0.058090381849801476,0.1337259166344822,0.3654860887074167
132,0.060266646778645655,0.10987864393340652,0.3654898346869163
133,0.06505095815867712,0.09580541613946814,0.36560763708578625
134,0.06726928401468737,0.0935985361442293,0.3656302140358908
135,0.06560539044194644,0.10484790150999812,0.36535802821691477
136,0.06394633136540531,0.12363036290442331,0.36474898697478964
137,0.061471261139761785,0.13941059720729942,0.36384997745039516
138,0.058792697211245915,0.14691182478731757,0.362690727982687
139,0.05798287460836404,0.14192980059460103,0.3613495614937037
140,0.05806026493236341,0.12316312353109815,0.35994465919386
141,0.05801871242425999,0.09845201569203144,0.3575266448199014
142,0.05768004070590363,0.07558122171747583,0.3529348659274071
143,0.05744502414162023,0.05975934136354244,0.3478575164185016
144,0.05754808685455065,0.057686522492666814,0.34476818388388175
145,0.05774829799980216,0.06857321363192925,0.343634560837785
146,0.05776824565791108,0.08466642406707159,0.34337358941015017
147,0.05931216310817064,0.10033067067007839,0.34339278245450844
148,0.061715854990689156,0.10828644341609839,0.3434507037490977
149,0.0607505471512787,0.10239038428459035,0.3432519697345361
150,0.057943556894366866,0.08566788411598625,0.34252920604718595
151,0.056791666723793044,0.06497374540490053,0.34171431337462854
152,0.056847492004741096,0.04463662318881256,0.341463604147067
153,0.05715335927230655,0.02968023229357486,0.34167046711004256
154,0.057224052461153974,0.027331227893528376,0.34152300327187546
155,0.05697811501883446,0.038771500016588356,0.340538217023969
156,0.05827942049560106,0.05563611517979328,0.338872035190252
157,0.06042224198255028,0.0689687282414242,0.33677640367724626
158,0.05933793869784393,0.0753778089102568,0.3348497381380462
159,0.05662518219038554,0.0713760161728485,0.33352678840467176
160,0.05571035254070075,0.05554065617962656,0.3327109261998591
161,0.05616359302288265,0.03462140218790144,0.33229059444906994
162,0.05679599255335557,0.016779957240851684,0.33213217012333074
163,0.0568032068369535,0.005393109049418365,0.33197869893570553
164,0.056191923255323795,0.0019037360873009335,0.33130497661894964
165,0.057093353707098615,0.00865076944034704,0.32987929789261616
166,0.05891908171703919,0.023723997096003813,0.32820638877869357
167,0.05948780192210287,0.039463706762754125,0.32663727762601624
168,0.06110988548917193,0.04684637949753545,0.3251654625597191
169,0.06200326811725393,0.04183487097415295,0.3238404508043343
170,0.06088876612489824,0.028492561633334246,0.3227390577271003
171,0.062250028204983765,0.012313480290097378,0.32083074644920884
172,0.06339993442535302,-0.004053583049577814,0.3167889371479268
173,0.060284164698156034,-0.016737891414104977,0.31221921709636336
174,0.056508197193778226,-0.01966815887574619,0.3095716800245929
175,0.054857216399809894,-0.01172354903448658,0.30872333098742877
176,0.05425783987854341,0.0002896176131568784,0.30827572722096575
177,0.05379253675938089,0.009150725565980178,0.3075484492991245
178,0.053436917055320915,0.013158251648988706,0.30690325279705755
179,0.05334840551956274,0.01163646420916667,0.30671261280516515
180,0.0535781920258627,0.003520648898892753,0.3069617139675218
181,0.05392543022164828,-0.008974512094705178,0.30752640084879757
182,0.05430512516971789,-0.023000318446203927,0.30822602863027937
183,0.05467775361385763,-0.03476851904557071,0.30884529241404945
184,0.05630281276273075,-0.038020627551132224,0.3091026043762388
185,0.058229154740456784,-0.03135942552429427,0.30874770099384785
186,0.05836826827877195,-0.01970705072520343,0.3076922718399304
187,0.05934112783269496,-0.01039131726642778,0.30610692257097916
188,0.06139058604473416,-0.008493465928455013,0.3043000315097225
189,0.062373857879137545,-0.012597552917104404,0.30253294270449727
190,0.0626692586947428,-0.020195717960607235,0.3010397671635864
191,0.06295751960001295,-0.030121219110872344,0.29993962544150476
192,0.06339284507895743,-0.039821911219031725,0.2991300549955681
193,0.06357896715782657,-0.04776642815399351,0.29844452442928626
194,0.06330795571099174,-0.052318735289986096,0.29770742514312876
195,0.06269832077626947,-0.04983020541007685,0.29645962914995105
196,0.061913295583912314,-0.04117029554769637,0.29427040097415047
197,0.0611857402148232,-0.031936781848563744,0.29137777948158616
198,0.060819709229679025,-0.028268748901817867,0.28856454156230193
199,0.06088447587305182,-0.03282032358748027,0.2865594479267113
200,0.061219277015752166,-0.04184884748821932,0.2854335977552651
201,0.06169012346717273,-0.05117745082989192,0.28377238627751933
202,0.06046375061049303,-0.058993102191793045,0.2809006953630344
203,0.05832762148148088,-0.06383622134777311,0.27845262933646
204,0.057548540958143296,-0.06416923286659737,0.2768821557992932
205,0.05727479463024049,-0.061459098218369534,0.2757148761960657
206,0.058419473421813556,-0.058665399895391775,0.27520385119580504
207,0.06007914256301358,-0.05528105719185594,0.27518644775828505
208,0.06017320140226798,-0.05183730733329771,0.27527050732228786
209,0.05801239251533516,-0.05129211292169221,0.2750702261020771
210,0.0554401906569186,-0.05480160884587887,0.2742564655163219
211,0.05689655187630749,-0.061261940493682554,0.2729902539541216
212,0.060465662505109485,-0.06811559162121861,0.2718593139235096
213,0.06046584041309869,-0.07420241824936874,0.2713097719182893
214,0.05778657017587155,-0.0787088227190331,0.27115418420050497
215,0.0576365058104209,-0.07844402343854015,0.2709348460029032
216,0.059197775609343556,-0.07336523396809955,0.27017952744353124
217,0.05939521482759286,-0.0675093055886305,0.26852980740593424
218,0.05887576023520849,-0.06408412317245868,0.2665031615383895
219,0.05865425528515561,-0.06432672589572841,0.26499737657644684
220,0.058981696178079884,-0.06934314521984514,0.2639504642758772
221,0.05960264688830022,-0.07837486233078989,0.26298982127957116
222,0.06019888951301447,-0.08625965749870737,0.2623668429910637
223,0.06064085110018014,-0.08961738396066343,0.26210735299181276
224,0.06058983717977584,-0.0892515289647696,0.2618328858243122
225,0.05986936865470646,-0.08667862813490884,0.26136569202072146
226,0.05895134197890989,-0.08325362947556664,0.2606997122771757
227,0.05821124961772295,-0.08009111609074471,0.25961456902536817
228,0.05772660899927476,-0.0782086106386237,0.25784744969741924
229,0.05769706746839784,-0.07991620977444752,0.2558864306171871
230,0.05800197988305558,-0.08586946515129734,0.25448949955277167
231,0.058417932554023555,-0.09187513797527685,0.25343346886466633
232,0.05886574517318352,-0.09510696620611994,0.25224493057830333
233,0.05904663904014526,-0.0964907812877534,0.250905293103445
234,0.05884938061654604,-0.0967347643993482,0.2491716071234994
235,0.0584751838466554,-0.09587386889528043,0.24700412489740697
236,0.058062898880999,-0.09427362018737606,0.2450126422029556
237,0.05760938211541275,-0.09241897989219294,0.2437906263758216
238,0.05720914708868438,-0.09091997766003579,0.24331184333018874
239,0.05705587708649193,-0.09221173367381799,0.2432141692940284
240,0.05720276264131155,-0.09713224258363232,0.24326733912258358
241,0.057459881720633654,-0.10177011964072002,0.24331304519578767
242,0.05768507934328651,-0.10373650261298645,0.2432017110092216
243,0.05790856595183447,-0.1044068413119067,0.2428655257354223
244,0.05795462300377105,-0.10492285945568441,0.24207207896571314
245,0.05758666893523212,-0.10523715360622343,0.24078080243780586
246,0.056977383097503664,-0.10521880978075993,0.23955356729097976
247,0.05653045925354955,-0.10474602489637058,0.2386208585709726
248,0.056320048301448794,-0.10381986453587244,0.23775519553678204
249,0.05624970536098964,-0.10286234915546877,0.23684890997166486
250,0.0562410328046401,-0.10390915063788031,0.23591146924979078
251,0.05629989594350737,-0.10790256179717544,0.2349963074906577
252,0.0565296682838079,-0.11135609390116355,0.2338349482998483
253,0.05673974826424827,-0.11237318020772447,0.23202736020546422
254,0.056701188114036793,-0.10619645201413769,0.22974159241404857
255,0.056363242536433045,-0.07927883451650275,0.22762992006082805
0,0.05580681220556952,-0.022395358708575785,0.22621520288081054
1,0.055313122846283286,0.05945290158696481,0.22515275252309197
2,0.05512814958486956,0.14761427058042248,0.22370216503916174
3,0.05515634248435608,0.22732339766763815,0.22177329920575628
4,0.05520098551472202,0.2964837404448264,0.21940762958933746
5,0.055238725594051796,0.33563604565421246,0.21622226608002848
6,0.055262839395703894,0.34512152225175474,0.21212912717548027
7,0.05532753562898016,0.38207060763419354,0.20554738103983772
8,0.05528057460640445,0.47782050367053963,0.1892371526626675
9,0.055046265627897856,0.6132627324667079,0.1527683337479695
10,0.0548922633294342,0.7545614504502094,0.09067295234372436
11,0.05473743356313868,0.8642297709235744,0.005226316637073791
12,0.054422041640416946,0.9252066718986369,-0.09695044677098691
13,0.05422602462950013,0.9496571784264569,-0.20891457539867114
14,0.054225634132953365,0.9634207680131794,-0.3252302828859164
15,0.05421585523139025,0.9835954748795492,-0.4416019350941798
16,0.05415326185148814,1.0095886057172283,-0.5546235284268541
17,0.05405727678984151,1.0291868527847798,-0.6624089199026111
18,0.05395024385890734,1.0302117194572702,-0.7645891790563981
19,0.053762397781093735,1.0102995355225741,-0.8613751985969058
20,0.05362607115432247,0.9786486211761054,-0.9533928860726051
21,0.05361659206578717,0.9472743889105377,-1.0418095741503293
22,0.05348617363375652,0.9259556593559202,-1.127759870551447
23,0.05326163071192039,0.9222869421391784,-1.2118093697181114
24,0.05308938737757138,0.9369747241176767,-1.2940233962130057
25,0.05295239242928766,0.9649598472561292,-1.3740308252331812
26,0.0528184893359637,0.9941572329675741,-1.4509966195817459
27,0.05277014815323049,1.0112601694418917,-1.5246469512400518
28,0.05278121186420823,1.0106097483124996,-1.5935490000997552
29,0.052744393286386665,0.9917897617025679,-1.6527551613711413
30,0.0526939796616063,0.9625248331784839,-1.6975232763470371
31,0.05265554202705355,0.9348338967999474,-1.7268824783887737
32,0.05269612021794892,0.915388212468373,-1.7430658430921628
33,0.05265755416753573,0.9097425248472262,-1.7501033576312945
34,0.052362393328635404,0.9167570156308353,-1.7523195641193183
35,0.05201965922730996,0.9271531928227708,-1.7530821561454601
36,0.051868493527160775,0.9421451762854343,-1.7540966041258335
37,0.051914219855183005,0.9635051363230267,-1.7553755854951776
38,0.05187609357060391,0.9756773440604971,-1.7557955107626295
39,0.05171365468645028,0.9653834304556606,-1.7539689718907612
40,0.051713128190951224,0.940839435908007,-1.7490797298256773
41,0.05174918223958844,0.917732582933283,-1.7413733762672763
42,0.05167140163117767,0.9044119756688174,-1.7321498710392804
43,0.05157532437778006,0.9036694539150925,-1.7233024678815223
44,0.051362066273651835,0.9139596641551213,-1.7166156351544775
45,0.05105631846836746,0.9299318215605221,-1.7131119984742638
46,0.05088077741758204,0.9430223028128557,-1.7127016896568774
47,0.05080013139548602,0.9495798659834813,-1.7142573744835898
48,0.050694069966671695,0.9496480161536982,-1.7160691494129798
49,0.05061015974791147,0.9404245237663642,-1.7164914737399268
50,0.05050835794417119,0.923929796734658,-1.7145313656016103
51,0.05041696921103661,0.9058617273344605,-1.7101624226831653
52,0.05048545393269968,0.8935556520546242,-1.7042638091054876
53,0.0506597927653433,0.8922948137758793,-1.6982293446528267
54,0.05070117588610357,0.9000757581605741,-1.693412358400976
55,0.050522820952505196,0.9116332279279482,-1.6906231359999868
56,0.050256111382675966,0.9199495029814413,-1.6898625249019235
57,0.04994272080764579,0.9218679230834725,-1.6903752700483778
58,0.04960428359391897,0.9177678484932863,-1.6909817196217016
59,0.04949377344123779,0.9095072858294277,-1.6905452391530211
60,0.049617851722699724,0.9005957387828776,-1.6883915643138794
61,0.04963631668629023,0.8903721650048548,-1.684526895014316
62,0.04959824842222141,0.8816355806414737,-1.679587475626355
63,0.04957909710333555,0.8815259998251821,-1.6745586075172607
64,0.049441057128869856,0.8838060347424839,-1.670384577435219
65,0.049210567040941094,0.8852141713773074,-1.667622942439615
66,0.0489675625681491,0.8944371363194223,-1.6662686519474308
67,0.048779901900727785,0.9042666254328728,-1.6658005025261877
68,0.048598939101074864,0.9038094576047038,-1.6654152396283806
69,0.04854829513928968,0.8956013324276109,-1.6643340476932664
70,0.04866932915251709,0.8851307791075751,-1.6621024801749007
71,0.04866845602646386,0.8763441972478851,-1.6587517986814921
72,0.048613806993130726,0.8716910712669503,-1.654712749855137
73,0.048666529158831295,0.8718434040624414,-1.6506157235887864
74,0.04864495295763897,0.8738826832239237,-1.64705977819919
75,0.04837340173367015,0.8746353807168226,-1.644393306250655
76,0.04793114206147073,0.8762717280896628,-1.642608793029967
77,0.0476757931463896,0.8793835402735399,-1.641379945032873
78,0.04768655096936873,0.8789225471889774,-1.6402133436489175
79,0.0476610747184166,0.8734264087047574,-1.6386465120186848
80,0.04757652811522156,0.866197817572353,-1.636413683462643
81,0.047537831949979514,0.8602163904614781,-1.6335208159522567
82,0.047491026563648814,0.8574415383391525,-1.6302117547961377
83,0.04737765127648495,0.8581715455346961,-1.6268504595776285
84,0.04719162397350696,0.8607297509060667,-1.6237731233601895
85,0.04705219661432877,0.8628913935188938,-1.6211691923371152
86,0.047049060365504325,0.8632973177766505,-1.6190322992749167
87,0.04705954623532803,0.8615181929504203,-1.6171773569604166
88,0.04693661427213222,0.8575558275552737,-1.6153487198240928
89,0.04679728572750136,0.8508562643150652,-1.6133468286560868
90,0.04678556132401718,0.8438191422425394,-1.611062125420017
91,0.04674108950347769,0.8413381234376787,-1.608492927206501
92,0.046689107140871294,0.8423720050928214,-1.605730253816895
93,0.04665994426281041,0.8433142302697694,-1.6029177025169883
94,0.04650626271055763,0.838415762044169,-1.6002089961965158
95,0.04626613994297603,0.8289571553074575,-1.5976805942014893
96,0.04594712718353422,0.8282040574695788,-1.5953150195028387
97,0.04574327465872392,0.8349260941988956,-1.5930488751384413
98,0.045837321697421635,0.8356503083169318,-1.5908103948825554
99,0.04601075449640109,0.8282273804196789,-1.5885506081173153
100,0.046009573420983274,0.8206241095348323,-1.5862546780941145
101,0.04589573731909999,0.8191964845889812,-1.5839319574700745
102,0.04589348795342871,0.8215203184387945,-1.5815944808588966
103,0.04591590812354264,0.8229816157544443,-1.5792386462596841
104,0.04571342582433681,0.8243827386069693,-1.5768417271536928
105,0.04529510237158048,0.8248581033024271,-1.5743756671009628
106,0.045000644553491176,0.8226387109761331,-1.5718302808084834
107,0.04501234006976278,0.8176296619260308,-1.569231876183232
108,0.04510170228450895,0.8121037575958274,-1.566644614770059
109,0.04503268137177885,0.8106804181246732,-1.5641501691986717
110,0.0448115391813827,0.8103815924301365,-1.5618125042506632
111,0.04463657297842605,0.8085692406126554,-1.5596302744900807
112,0.04465728971162336,0.8073698861685936,-1.557541234077088
113,0.04479838286873039,0.8063515572847053,-1.5554579781139592
114,0.04482419512362554,0.8061500535305504,-1.553263844070388
115,0.04457790156250127,0.8040339419672078,-1.55085698197722
116,0.045802639070539136,0.7973891631445742,-1.5482187178523605
117,0.04796414423372493,0.7924213863521188,-1.5454278180401975
118,0.047075088525547704,0.7914748244179104,-1.5426357580762935
119,0.04456669196263846,0.7912951107372783,-1.5400100083558295
120,0.043791335585834035,0.7927793155849923,-1.5376664643629194
121,0.04411254215341728,0.7950406194345949,-1.5356182254441064
122,0.044383075702011346,0.7955745263018259,-1.5337628989476002
123,0.04429257693349868,0.7944392895842327,-1.5319159992737497
124,0.043803902923433266,0.7852692201160227,-1.5298794685771004
125,0.0432293925215345,0.7656728608361301,-1.5275194067387186
126,0.0429208573696771,0.7544101917070949,-1.5248221044115997
127,0.04281432078304705,0.760922092430705,-1.521904884920077
128,0.042834530088679434,0.7643885694228263,-1.5189755146370278
129,0.04301056812024068,0.7529497106238456,-1.5162543549134657
130,0.04329072911018554,0.7456811999474917,-1.5138888269787216
131,0.0434606193762926,0.7543100034747465,-1.5118937756435469
132,0.04343117375257023,0.7662368070583607,-1.5101420182019698
133,0.04333855465239965,0.7725552516547209,-1.508410141828652
134,0.044692129761895016,0.7718442998531592,-1.50646291637885
135,0.04649959101972066,0.7668846943207084,-1.504144110218248
136,0.04510864701093455,0.7631031120352061,-1.5014383400565459
137,0.04237749108056321,0.7595581288468103,-1.4984793163515229
138,0.041507858842590076,0.7576797288547608,-1.4955004369166502
139,0.041946300766521144,0.758351569248386,-1.4927461481191897
140,0.04248394500018389,0.7565398274092767,-1.4903649012649347
141,0.0426056964792413,0.7542810617954592,-1.4883670711617056
142,0.04244941150775372,0.7537239619777822,-1.486640963082082
143,0.04216128452938314,0.7506738382864595,-1.4849605423233925
144,0.041731846815278695,0.7476169579933789,-1.4830677740584406
145,0.04125895024530357,0.7482809665407157,-1.4807926927905641
146,0.040973959860904074,0.7476021840914353,-1.4781161703896921
147,0.040910962945665236,0.7442821173883167,-1.4751753585962102
148,0.04106671438688107,0.7420816737375051,-1.4722097423851306
149,0.041486389265533136,0.7397122219420962,-1.4694685578354867
150,0.043550198549437105,0.7387016661949564,-1.4671151184065345
151,0.04606177412872965,0.7396074808459474,-1.4651646518319992
152,0.0465071113527198,0.7388985867115092,-1.463479216550465
153,0.047371327858340515,0.7363700504428341,-1.4618212391072243
154,0.04900696838309618,0.7297188803334405,-1.4599447373984504
155,0.04784782266439343,0.7184024780334524,-1.4576890275828394
156,0.045504269816162624,0.7112610053987631,-1.4550259604839502
157,0.04675474795084708,0.7158237322710401,-1.452084972870177
158,0.049774454800942114,0.7234129973580776,-1.4491234425239536
159,0.0508524098259244,0.7249940295213002,-1.44639361616923
160,0.050488427170797254,0.7248770173792447,-1.4440430378886222
161,0.04979529930789987,0.7237753502389834,-1.4420680621149176
162,0.04931350821618875,0.7209702986481947,-1.4403307948008468
163,0.04915637811243907,0.7190289959921268,-1.438632806912365
164,0.04750208838205461,0.7175632391767808,-1.4367560460919093
165,0.0450604988908164,0.715679325027657,-1.4345406160643446
166,0.0459713102678265,0.7132076475523252,-1.4319645613707612
167,0.04866778293561938,0.7105735039256429,-1.4291469399570627
168,0.04967657831061159,0.7066310326015974,-1.426298098142711
169,0.047792251420417584,0.7025958155196919,-1.4236369975669816
170,0.044797214542343686,0.7025082570238539,-1.4213075074486348
171,0.04518918541181806,0.7059720056499976,-1.4193252833314292
172,0.047551794193409366,0.7066854479269786,-1.4175745674748792
173,0.048481525702381095,0.7019418279891674,-1.4158548967392899
174,0.04669667129544813,0.6967046298540545,-1.4139588055456969
175,0.04394840186868082,0.693777280083592,-1.4117503361184212
176,0.04479358097123698,0.6918866938178612,-1.409214616684924
177,0.04600794239873582,0.6899167933001213,-1.4064604810706283
178,0.04475693480771967,0.687690574132048,-1.4036763479443248
179,0.045272192439271094,0.685610990346667,-1.4010572602634466
180,0.04706073770897688,0.6841396480391195,-1.3987314118892273
181,0.047494335195236714,0.6830879632296143,-1.3967139018696395
182,0.04703435789114187,0.6820076049153778,-1.3949043861648303
183,0.046713634633663195,0.6808538647008389,-1.3931282356177754
184,0.047003017368455385,0.6779057179529608,-1.3912043947760364
185,0.04747441004839473,0.6753178675817288,-1.3890135653871143
186,0.04768875558784527,0.6778486402316581,-1.3865410272201295
187,0.04775049663748898,0.6810417055791396,-1.3838787799483518
188,0.04767320501566402,0.6803624474240157,-1.3811875154315016
189,0.04722382432307079,0.6764848994189858,-1.3786340512352275
190,0.0465520471074784,0.6709322121820656,-1.376328580931803
191,0.04606713919997377,0.6690019345946097,-1.3742853408383948
192,0.045946368594695725,0.6724074350673461,-1.3724206634128873
193,0.04597681511966398,0.6753706816121892,-1.3705878266419065
194,0.0459916426595868,0.6743562662768727,-1.3686342858281368
195,0.044556048715062135,0.6693845667316234,-1.3664589788877675
196,0.042585258485696276,0.6634812516210011,-1.364048191676749
197,0.04367868153167931,0.6616029880881125,-1.3614642185663333
198,0.04600606201538812,0.6623029475083542,-1.3588344684250457
199,0.04644960754919804,0.6606004766148856,-1.3563227206452426
200,0.04557254896860491,0.657562724674223,-1.354033267793454
201,0.04460644191585213,0.6561002395524023,-1.3519699159817806
202,0.044239276427365914,0.653901338195028,-1.3500592219312457
203,0.04453576934957923,0.6505634366006705,-1.3481789386371759
204,0.04518097159109391,0.6478709664671263,-1.3462039328008202
205,0.04575901118391448,0.6452115839565684,-1.344051655401802
206,0.04606890248725379,0.6421984662269467,-1.341710130995041
207,0.04593783446084819,0.640949762564134,-1.339238698997263
208,0.04542219283792384,0.6411684778567481,-1.3367423713061828
209,0.04484808747110848,0.638987392817655,-1.3343305138196224
210,0.04441571965435975,0.6375360314061214,-1.3320759471674384
211,0.04403505170828757,0.6404737610946836,-1.3299896705495193
212,0.04378336912279099,0.6434720419442566,-1.3280198652634585
213,0.04396099100044966,0.6418288239078753,-1.3260743534603838
214,0.044358495315711954,0.6309327617857348,-1.3240569697317608
215,0.04468090933321445,0.6129196209567045,-1.3219035813406559
216,0.04487524370138675,0.6049553610674563,-1.3196043419972128
217,0.0448269323009238,0.6098070025771007,-1.3172045885443122
218,0.044583286277434686,0.6133340453327294,-1.3147851554204828
219,0.04418675676652711,0.6151690024941652,-1.3124305237168663
220,0.0436008729128423,0.6167891595166948,-1.3101973153517181
221,0.04307818865352815,0.6176269422396246,-1.308094842305573
222,0.04297261187434484,0.6191531683403559,-1.3060842880007693
223,0.0432179661004157,0.6201592263420512,-1.3040957895161238
224,0.04346502565093384,0.622305396186881,-1.3020560602351958
225,0.04354218053830393,0.6230208148799077,-1.2999156851460882
226,0.043516971268793864,0.6188345310476906,-1.2976659702475293
227,0.04349007906516958,0.6149425074590071,-1.2953397083411562
228,0.04341805744144489,0.6147839331822704,-1.2929965427775665
229,0.0430734457717967,0.6145586113472796,-1.2906992975008231
230,0.042456011055450174,0.6122359604063285,-1.288490609029477
231,0.041954154184387554,0.6081197788208683,-1.2863785016528642
232,0.041878100670214954,0.6045424158508357,-1.284335677467788
233,0.042188549154469235,0.6054464811156051,-1.2823118928114967
234,0.04256721486623956,0.606913501341424,-1.2802539763912222
235,0.042790852689338854,0.6056729357857815,-1.278125571406603
236,0.042758922603799945,0.6038182647649892,-1.275919321913991
237,0.04252817562368984,0.5998711389943696,-1.273644408931791
238,0.042326078916114174,0.5960979394863095,-1.2713239018977247
239,0.04204513202994273,0.5943029435768681,-1.2690220500764369
240,0.04156603707961595,0.5905835392165306,-1.266807119182889
241,0.041160615189558714,0.5861202799224636,-1.2646887846331563
242,0.041009273172053495,0.5840497957397133,-1.262633863146398
243,0.04104259354246281,0.5838822372352279,-1.2605995167701654
244,0.041145185847171764,0.5808103923804393,-1.2585328564712568
245,0.04130711350014919,0.5774625123619421,-1.2564030908178765
246,0.04150678595325884,0.5806714883796722,-1.2542306181895126
247,0.04147320902571201,0.5842905173030457,-1.2520417146573366
248,0.04110102564922544,0.5828659201742572,-1.2498523515945221
249,0.04068593092505468,0.579153873151375,-1.2476824107123718
250,0.04042864268038353,0.5760936498442017,-1.2455460215240994
251,0.040382020761075985,0.5746572639384633,-1.2434455550617258
252,0.040528048660612354,0.5743759207103152,-1.2413710134395965
253,0.04058406456249376,0.5730135331339552,-1.2393043649643936
254,0.04040154176743316,0.5724429823527046,-1.2372266017411153
255,0.040283142494034446,0.573451633908709,-1.2351245512392826
0,0.0403860882241394,0.572610064497248,-1.2329949173443495
1,0.04037930898590075,0.5716731992929451,-1.23084435802891
2,0.040080083291339386,0.5708616152527302,-1.2286860232974406
3,0.03982451023863569,0.568489448625707,-1.2265342366978573
4,0.039746840868382816,0.5643513922843417,-1.2243994751154204
5,0.039682155301300454,0.55909363714054,-1.2222854060805974
6,0.03960623749415128,0.5575656943862559,-1.2201887418491855
7,0.03945387262397099,0.5595821227568738,-1.2181015263218438
8,0.03935497202537028,0.5604998234711118,-1.2160146404257701
9,0.03945496883326208,0.5611129724976276,-1.213907949825023
10,0.03945491996950773,0.5592341803972363,-1.2117729892868052
11,0.03918520683977836,0.5543029283528011,-1.2096363027368975
12,0.03888951813039422,0.5503950546981675,-1.207514231830792
13,0.03881146367753259,0.546587015892829,-1.2054024552324951
14,0.03893151805359593,0.5432339944329039,-1.203299137718865
15,0.03901812965247563,0.5436576434497222,-1.2012038786585353
16,0.038881756080566765,0.5474004032160644,-1.1991167718845008
17,0.03856790425660292,0.5484578761455747,-1.1970376491730494
18,0.038305228815373044,0.5390155364771203,-1.1949655073552532
19,0.03826936404331027,0.5264955419486026,-1.1928981645945593
20,0.038402996749085816,0.5260253194649591,-1.1908322675842822
21,0.0384732679071291,0.5282892588361034,-1.1887637754249756
22,0.03830828635489071,0.5258640341766674,-1.186688923252294
23,0.038056512513110624,0.5274947867772866,-1.1846054500014316
24,0.03799756203691855,0.5307361670475723,-1.1825136659887292
25,0.038060013483183774,0.5325654812378602,-1.1804168657186822
26,0.03805450656067999,0.5338978708924551,-1.1783207401130928
27,0.037979427031713045,0.5342508895071787,-1.1762317919210394
28,0.03787137654767492,0.5343144712148742,-1.1741551843271618
29,0.03775111812767594,0.5321905394191311,-1.1720927721928587
30,0.03762788137715514,0.527011255312122,-1.17002899863295
31,0.03751064086950903,0.5221756991023876,-1.1679521811671383
32,0.037409081171238506,0.5191383485191237,-1.165879689652677
33,0.037328315358244116,0.518065812891938,-1.1638168639164617
34,0.03718232756509299,0.5177109451748458,-1.1617511585089502
35,0.037003912215021556,0.516070020859831,-1.159678473513205
36,0.03689863912669082,0.5141494743509918,-1.1576026503548733
37,0.03681674125960907,0.5130682800566526,-1.15553237686643
38,0.03679168023245219,0.514642497737575,-1.1534766138744823
39,0.0366910285741526,0.5173206468847067,-1.151440206482961
40,0.03637864876148439,0.5163515611278167,-1.149421298329253
41,0.03608459444946485,0.5112890343656342,-1.147398395978366
42,0.036036722871266955,0.5076777327424247,-1.1453540191803633
43,0.03620314909248307,0.5083564217707928,-1.1433023587819506
44,0.0362567164811666,0.5074018684363426,-1.1412496779351504
45,0.03612098903156248,0.5017550028082305,-1.1391882669113538
46,0.035989531095194385,0.4962298041528175,-1.1371209487010465
47,0.03580210147981093,0.49388584486955067,-1.1350578480899398
48,0.035655200627492584,0.4902501508397352,-1.133010788599306
49,0.035694128544615206,0.4805817173350071,-1.1309874682110674
50,0.03572705560810058,0.47656897830022515,-1.1289744856466002
51,0.03564523702254095,0.4859103994212939,-1.1269576367725613
52,0.03553345605242775,0.4926276909740115,-1.1249481148949938
53,0.035376447791752544,0.4896477283206724,-1.1229438557448974
54,0.03514094503455835,0.48612295506393277,-1.1209264579812968
55,0.0350443169330186,0.48678175344016417,-1.1188895581104359
56,0.035173348614439826,0.4873703730633643,-1.116838930946896
57,0.03525868631259532,0.48621758821461736,-1.1147884475251475
58,0.035157748488219495,0.48611154364946274,-1.1127534706601505
59,0.034882626268367536,0.48500528979692903,-1.110744173622761
60,0.03449811008587757,0.482439186271554,-1.108761242734253
61,0.03421716292318609,0.4800123176771811,-1.10679548181025
62,0.03420953584711864,0.4771592647311609,-1.104831339402374
63,0.03441008061876849,0.4737165798702112,-1.1028529014217252
64,0.03448140181950217,0.47030356530956197,-1.1008368748438029
65,0.03434665435322107,0.4677355207899865,-1.0987772223923091
66,0.034203094541245455,0.46803886363493463,-1.0967085244056545
67,0.03407967167259854,0.4702681245316034,-1.0946585173045587
68,0.03403677144008081,0.47173096285755456,-1.0926337156624095
69,0.034023820999256535,0.4738570532118702,-1.0906383802600987
70,0.03385219016693623,0.47403049352971993,-1.0886707039390862
71,0.03362199534907542,0.4692359675082287,-1.086721797273909
72,0.033589563778534906,0.4636800626952029,-1.0847778282099223
73,0.03367875854522344,0.461804775608752,-1.0828244058547276
74,0.03361672912098776,0.4616786779959454,-1.0808514345793427
75,0.03344339629861022,0.46014592985659153,-1.0788433957555394
76,0.033311997550847794,0.45977791170178994,-1.076800734492327
77,0.03312006938965388,0.460835938675203,-1.0747606399078924
78,0.03287522373856104,0.4562843615202028,-1.07274861088381
79,0.03277929952914008,0.4425612224219855,-1.0707650306705898
80,0.032854353538223344,0.4305954491431412,-1.068806591957324
81,0.03291136798472459,0.43239516773957076,-1.0668523431140882
82,0.03278106064718364,0.44410747845633236,-1.0648857843867927
83,0.03250951062004287,0.4513286233679692,-1.0629210026771236
84,0.03239462696601572,0.44737681488330394,-1.0609621169630548
85,0.032546026412329634,0.43985017158388806,-1.0589971918032504
86,0.03268045630147744,0.4376381777799485,-1.0570236533479762
87,0.032631523188404274,0.44027379294518565,-1.0550335009396759
88,0.032391206455396865,0.4417665750042634,-1.053030129258659
89,0.03209550076701949,0.4432931047021724,-1.051046809415428
90,0.031912429373545895,0.445795990849883,-1.049099012551245
91,0.03181856908059073,0.4455347908685583,-1.0471743727762304
92,0.03176547521479242,0.4424242605626818,-1.045245584015177
93,0.03164406989810964,0.4363620946637705,-1.0432942775738971
94,0.031566945871877417,0.43132453677282623,-1.0413372831796104
95,0.031597256525244005,0.42986669544926714,-1.0393845496728042
96,0.03156562336147965,0.4292754281408633,-1.0374305045908048
97,0.03146101546453868,0.4308082439226193,-1.0354768773781644
98,0.03124106797573878,0.432188405252558,-1.0335293690602327
99,0.03106754529948963,0.4299586384923977,-1.0315935618091392
100,0.031035899201891634,0.4287334579533375,-1.029671581351526
101,0.03091231732458309,0.429467545238589,-1.0277606457798498
102,0.030813366307159057,0.4268171201329465,-1.0258538694644077
103,0.03091983608339377,0.4232246612874915,-1.0239297163446
104,0.031033063676377315,0.42308088016457446,-1.0219759897846346
105,0.030930159417971573,0.42325846750374474,-1.0200155810449472
106,0.03063116492234598,0.42008769782439104,-1.0180634548788614
107,0.030445067358131808,0.4163788977999061,-1.0161170701670548
108,0.03043119883773679,0.412381638096152,-1.0141786964964865
109,0.030303045568761747,0.4037123058077965,-1.0122522734916797
110,0.030165025272443483,0.3958182002569919,-1.0103401893209427
111,0.03021630715219588,0.3964317685707417,-1.0084280854825867
112,0.030284232903609667,0.40292512375651457,-1.0065053861431101
113,0.03024707358964518,0.4077406078892386,-1.0045900237746639
114,0.03008579275594772,0.40695732777331184,-1.0026871006820812
115,0.029815990973568893,0.4015111697460708,-1.0007697958855672
116,0.029606874873807434,0.39667593415248326,-0.9988265221388835
117,0.029521766030195892,0.39788883076244175,-0.9968839304970079
118,0.029542435554627572,0.4027757631238975,-0.9949605167604307
119,0.02964363385172869,0.40632563418052614,-0.9930543522423463
120,0.029661752947934272,0.40720562289454665,-0.9911643458515598
121,0.029462894575169055,0.40408043024074547,-0.9892879409143491
122,0.029123210702135985,0.3984593981468092,-0.9874201445927171
123,0.02888220643762708,0.3933557579898892,-0.985554126763811
124,0.028909004605924632,0.3907929807582724,-0.983682986183056
125,0.029124771003625774,0.3902424370338735,-0.9818018532581392
126,0.029184941969611897,0.38957151702498294,-0.9799094194959972
127,0.029018960499233748,0.3893714466436493,-0.9780082575722018
128,0.028922508557406065,0.38858068240516364,-0.9761037969690891
129,0.02889758828418952,0.3876625508379503,-0.9742023459836857
130,0.028812987101206083,0.3893458633179354,-0.972308902578038
131,0.02870151170856762,0.39111034142051615,-0.9704255507045745
132,0.02853127914245228,0.389659464274021,-0.9685509906190046
133,0.028278676694909535,0.38772379140368507,-0.9666813103907463
134,0.028093187195589578,0.3846835725903319,-0.9648116460105229
135,0.028114215397718856,0.3799992685911504,-0.9629380715803331
136,0.028192289071400492,0.37730589611615295,-0.9610590148330957
137,0.028056472330685506,0.3754599001806903,-0.9591757094750819
138,0.027870607854749763,0.370878998335921,-0.9572784627200379
139,0.027789270278622394,0.36135413770046265,-0.9553660402931281
140,0.027702048566238743,0.35613656663241255,-0.953467253963812
141,0.02761630698560362,0.3643983970134218,-0.95159582036518
142,0.0275592863805547,0.3752002682469533,-0.9497414242050302
143,0.02761511269417312,0.37705927733958444,-0.9478950949690113
144,0.027635473680749895,0.3726086096061578,-0.9460502930960546
145,0.027435123776570716,0.3684745667535473,-0.9442034485308874
146,0.027281898572266705,0.36772962158509404,-0.9423537938506512
147,0.02733985155810767,0.3697496329151746,-0.940502559917173
148,0.02730275161748849,0.3710091466484584,-0.9386518143648575
149,0.027087871215556295,0.3689579670551921,-0.9368033323134055
150,0.026988156449452835,0.36563347566974835,-0.9349578522347386
151,0.027005496438572626,0.36242320934772265,-0.933114906652444
152,0.02699565581435727,0.3583258226582491,-0.9312731954084068
153,0.02696467933612115,0.3534988573244705,-0.9294312763629651
154,0.02685106951630155,0.34934265238122253,-0.9275882557321755
155,0.0266939750693663,0.34872568673246274,-0.9257441958448953
156,0.02667874127351824,0.3525764540744528,-0.9239000982175067
157,0.026630297812879233,0.35690993370538715,-0.9220575021446451
158,0.02643180018902104,0.35925723000326737,-0.9202178893239927
159,0.026246101838567307,0.3586456957954388,-0.9183821468799138
160,0.02602659016578457,0.3560948001010109,-0.916550297764859
161,0.02581070039296285,0.3538191801908286,-0.9147215846327157
162,0.02579230408893779,0.3510778161480963,-0.912894845705039
163,0.025879890669972275,0.34904879298357605,-0.9110690100099816
164,0.025893090293689525,0.3476359339653097,-0.9092435062327429
165,0.025839729670957753,0.3455863829582926,-0.907418431288908
166,0.025758544519833504,0.3442256871087751,-0.9055944342681062
167,0.02574939883142001,0.34277593074602797,-0.9037723898512775
168,0.025771377574895324,0.3368122751828392,-0.901953013958364
169,0.0256251117673085,0.32691434588498336,-0.9001365843633122
170,0.025400139942528238,0.32348396789601563,-0.8983228715200808
171,0.02526967390537331,0.32928213135107043,-0.8965112887237625
172,0.025211055761325707,0.33510223804719796,-0.8947011785398811
173,0.02516833371750664,0.33659738831632313,-0.892892102078739
174,0.025111973687323,0.33312078016666546,-0.8910840073481849
175,0.02511871129969688,0.32783351979437614,-0.889264097460388
176,0.02506616035640863,0.327837349059781,-0.8874274274745595
177,0.024803510139334267,0.3319280495674962,-0.8855998437938273
178,0.02454221089676939,0.33532569865783235,-0.8837938464566539
179,0.024417632596985234,0.33550542631545865,-0.8819999757285975
180,0.02444447519176568,0.3331787025426761,-0.8802117630060575
181,0.02459336408976108,0.3320038934512014,-0.8784258415390562
182,0.024595846968611834,0.3291515386478273,-0.8766413387176297
183,0.024418935454424015,0.3234159210253287,-0.8748588041944934
184,0.024359530053104497,0.3187108553105156,-0.8730790406359414
185,0.024401090814858542,0.31434750318575966,-0.8713022067776901
186,0.024304314644633812,0.3128386044219118,-0.8695274465250296
187,0.02412271974777297,0.3153298918286076,-0.8677531001460692
188,0.024095079017192406,0.3162440459127295,-0.8659773439902363
189,0.024151679113517566,0.31513082753163235,-0.8641989590185077
190,0.02403968966784021,0.31578098617069084,-0.862417897346341
191,0.023823328234920303,0.31818368876420977,-0.8606354088428478
192,0.023676011131424708,0.31829330258316635,-0.8588536692369568
193,0.023504621363722375,0.3134950335115886,-0.8570750478591642
194,0.02339472566075005,0.3077110185587093,-0.8553012925048762
195,0.023404954634558946,0.3067862407033213,-0.8535329395851896
196,0.023294785307945987,0.30896461810288356,-0.8517691700557775
197,0.023104125321717628,0.31060196056598943,-0.8500081610231001
198,0.02306867099574967,0.30662003948151706,-0.8482477958761554
199,0.02312262374457115,0.2995499744935515,-0.8464864631731626
200,0.023016281419266267,0.3012942280637424,-0.8447236457154559
201,0.022895282386832465,0.3068153121207057,-0.842960085390509
202,0.022966503898344634,0.30665133627218844,-0.8411974724905624
203,0.023048609867889154,0.3014036570447556,-0.8394377873298904
204,0.0229309760477587,0.29558181297552144,-0.837682549181757
205,0.022723182056223944,0.2932203706113975,-0.8359322562553997
206,0.022606806248569006,0.29346178309831084,-0.834186221919722
207,0.022474142728144,0.29618607942880193,-0.8324428586203272
208,0.02231057961543939,0.2992745272584014,-0.8307002918378559
209,0.022208331242972355,0.2980554018194891,-0.8289570657382366
210,0.02212831441695346,0.2923890758805572,-0.8272126739723333
211,0.022116991986414897,0.28839413434678585,-0.8254677217779909
212,0.02212852725995696,0.2876260890455762,-0.8237236689151604
213,0.02205913603077571,0.2799649025689981,-0.8219822612835612
214,0.021962746024594533,0.25881512334160983,-0.8202448725648721
215,0.0218915196715034,0.2099316717591858,-0.8185120043207998
216,0.021936562541418334,0.07674730489237469,-0.8167831263280516
217,0.02203464883873764,-0.19424253238347222,-0.8150569062971962
218,0.022041180255107706,-0.5852043976171616,-0.8133317310022372
219,0.021977435192298063,-1.0372440777589693,-0.8116063151026651
220,0.021884370722173085,-1.4252093228875011,-0.8098670510652584
221,0.02178154713562009,-1.6177402769534872,-0.8081089387480365
222,0.02167661868404098,-1.6664774310824901,-0.8063585713754313
223,0.021494327974720076,-1.701868428393965,-0.804629730770801
224,0.021204523989902302,-1.7593717576630494,-0.8029142895728114
225,0.02097670521118984,-1.8095705009260286,-0.801206645452404
226,0.02097403213787248,-1.8191159530449923,-0.7995034849961931
227,0.02114293046465556,-1.779268339715732,-0.7978031385779394
228,0.021249430946694084,-1.7060387313894787,-0.7961048011149399
229,0.021196758737608484,-1.6285803299268031,-0.7944078769932506
230,0.021082261738840688,-1.5757997116210478,-0.7927116219316437
231,0.02098223952840609,-1.5655446618795255,-0.7910151261999108
232,0.020832336624181692,-1.5988118960745874,-0.789317555484021
233,0.020582720337726658,-1.6603180873273304,-0.7876184811227045
234,0.0203813599833745,-1.7249554815853942,-0.7859181170258398
235,0.020297897994302615,-1.7675908541465493,-0.7842173365150176
236,0.020324169200550787,-1.7724501515250397,-0.7825174434171207
237,0.020356855082747413,-1.7385893110890311,-0.7808197768535545
238,0.020193262097510184,-1.6795634112314777,-0.7791252976802374
239,0.020025381820848218,-1.6175964738304525,-0.7774343118174327
240,0.020000545713534747,-1.5750356263406702,-0.7757464314401137
241,0.019902367019797106,-1.5561562202090289,-0.7740607827073118
242,0.019757171918415146,-1.4873223236424273,-0.7723763754252668
243,0.019694129527232762,-1.2491995215002802,-0.7706924916832709
244,0.019670386128678156,-0.8501789414810563,-0.76900894852586
245,0.019625689937483343,-0.4479465285615225,-0.7673261427103171
246,0.019620264015062908,-0.15679249469825063,-0.7656448715143398
247,0.019702432926032985,0.04973148675593064,-0.7639660083264319
248,0.019648999969422425,0.2219817633695058,-0.7622901631282806
249,0.019446131090467493,0.36182733086505126,-0.7606174579560934
250,0.019313926650813322,0.46232182079535633,-0.7589474978433355
251,0.01927568327970687,0.5147919174598568,-0.7572795398082852
252,0.019363157589642438,0.5049120190517034,-0.7556127870831142
253,0.019400351135655074,0.43361746824985237,-0.7539466912804131
254,0.01928288385745864,0.3296062124660486,-0.7522811473409634
255,0.019242753716110436,0.2325947591183044,-0.7506165121434041
0,0.01925004293740642,0.1753016813520003,-0.7489534477511595
1,0.019169742859696283,0.1746145346821446,-0.7472926567524032
2,0.019043763226542644,0.2251350714387773,-0.7456346150460207
3,0.018853292360962018,0.31129295021400294,-0.7439794034243021
4,0.018587415183392637,0.40707812547894484,-0.7423266968367419
5,0.018487037294466373,0.46595916692053985,-0.7406759075929625
6,0.018649684218391666,0.46061404769918246,-0.7390264205785322
7,0.01880089417091705,0.40243446456385623,-0.7373778266775941
8,0.018780709546110594,0.3187747737633082,-0.7357300661424637
9,0.01866115737960953,0.24339974032664136,-0.7340834323240304
10,0.018443232350125745,0.20078431473183933,-0.7324384417189638
11,0.018210196337714528,0.20109713450963845,-0.7307956267232953
12,0.018091677816129435,0.24382351947982395,-0.7291553337529946
13,0.0179639817239187,0.31173485080093144,-0.7275176028860859
14,0.01789851398587665,0.3765182721464573,-0.725882170079045
15,0.01794426725285197,0.4130613723558918,-0.7242485841877977
16,0.017852263658847074,0.4105446420282177,-0.7226163878658263
17,0.017740994207619494,0.3733675029478989,-0.7209852901681852
18,0.017805467406229514,0.3154521350248932,-0.7193552659914961
19,0.017787593370086452,0.2568979998080763,-0.7177265489744236
20,0.017533660676854544,0.2206278822921966,-0.7160995270190547
21,0.017284053261305762,0.22200490042028848,-0.7144745860345258
22,0.01718617967539892,0.2551392262644591,-0.7128519643125872
23,0.017248336917084064,0.30155609097961755,-0.7112316720628016
24,0.017428693774944846,0.34510325319704505,-0.7096135024572181
25,0.017449476692143057,0.37114217911389846,-0.7079971240730087
26,0.017275011893271672,0.3695943750539976,-0.7063822142983913
27,0.017205948633278047,0.34305952502365256,-0.7047685802951742
28,0.017233690326220096,0.3040103832800378,-0.7031562224434331
29,0.01712781193788729,0.2659141410161543,-0.7015453201419286
30,0.01694837019321839,0.24138984210302383,-0.6999361507403021
31,0.016936113779563326,0.23447109738795288,-0.6983158604671833
32,0.016935877343254614,0.24607958577429673,-0.6966791401397878
33,0.016815193554141787,0.2797945514397622,-0.6950513662039961
34,0.01678929307926689,0.32092949453416386,-0.69344468652936
35,0.01674042631144477,0.3458241431690873,-0.691849551462387
36,0.016572266990664233,0.34592629827003507,-0.6902596732896644
37,0.016520142093431563,0.3243455002468456,-0.6886720181695989
38,0.016555629701700034,0.2925561541744639,-0.68708601771917
39,0.016452327053693337,0.26419735052384796,-0.6855023438429604
40,0.01627596981786914,0.21755820380056357,-0.6839216849519811
41,0.01618578685685365,0.0992595677405752,-0.6823439150429376
42,0.016069281941770805,-0.11539899703975254,-0.6807678736039602
43,0.01591282442941057,-0.3900685007698421,-0.6791917376318641
44,0.01581072729888594,-0.6142768639357887,-0.6776137538919884
45,0.015727109180726957,-0.6837452249074187,-0.6760329859797505
46,0.015712844289692794,-0.610190937835219,-0.6744497532951443
47,0.015808936762803018,-0.4515736872047178,-0.6728655819205993
48,0.015869712295479878,-0.24517565262696905,-0.6712826904441056
49,0.015745731577795297,-0.07712517186259227,-0.6697032170734389
50,0.015486028491464937,-0.027378926690069916,-0.6681284892013626
51,0.015305357096799352,-0.04557265326603366,-0.6665586108710728
52,0.015275670042011573,-0.058331174168512634,-0.66499251290843
53,0.015361501413808605,-0.07892806165712551,-0.6634284295323409
54,0.015433158373117144,-0.09329911011370551,-0.661864605334525
55,0.01527505518412648,-0.05309833764728733,-0.6602999579511444
56,0.015081356261839755,0.011287104026284744,-0.6587344506735313
57,0.015095719315675368,0.0669943391206167,-0.6571690500763541
58,0.015076814192096187,0.1085158878046446,-0.655605306356976
59,0.014948295314611684,0.10488744652796411,-0.6540447344556952
60,0.014887157778322328,0.08740717153252175,-0.6524882402836953
61,0.01489471202696168,0.11909065974743016,-0.6509358068953621
62,0.014911248681934532,0.20703276458465858,-0.6493865459564776
63,0.01645560147049476,0.3239859109601926,-0.6478390760233963
64,0.01866565880092782,0.42257279930927405,-0.6462920674052139
65,0.017611318589373884,0.4578031633777291,-0.6447447387451557
66,0.014931500643040739,0.4153404434603779,-0.643197120205959
67,0.014022872104624218,0.3172655568932139,-0.6416499964951563
68,0.014346745512029344,0.2068326037171554,-0.6401045688179412
69,0.014651283884661158,0.12858302586776937,-0.6385619791563679
70,0.014560177265029464,0.1075761054454134,-0.6370228843734167
71,0.01425777067653277,0.14466411941076218,-0.6354872380481695
72,0.013974097756839082,0.22607295721655007,-0.6339543502346596
73,0.013771951844209561,0.32107318176316935,-0.6324231860625034
74,0.013611108370514033,0.39019386028373537,-0.6308927760119907
75,0.013569752735871549,0.40749554534024435,-0.6293625760634458
76,0.01367692401244916,0.3689432618311512,-0.6278326447851366
77,0.013957413495992547,0.2931277093960837,-0.6263035819773408
78,0.01426205144298822,0.21386640483948716,-0.6247762672684698
79,0.014291280176577006,0.15951264594093617,-0.6232515104573617
80,0.013996851061624495,0.14580266758256188,-0.6217297516026383
81,0.0136872383203194,0.17361815957414828,-0.620210920906016
82,0.013481977647225925,0.23027615945991864,-0.618694500572738
83,0.013180447050450364,0.29395083617945034,-0.6171797513231556
84,0.012961082004127343,0.33760044773810327,-0.6156660063180563
85,0.012975434750293946,0.345386943894233,-0.6141529164246398
86,0.012998110163544317,0.31942163517300204,-0.612640557399633
87,0.013098773426252742,0.27214552602207,-0.6111293685229546
88,0.013304454144260208,0.21853627945273346,-0.6096199585274631
89,0.013317825004510953,0.17807077333033328,-0.6081128625365548
90,0.013137004623901903,0.1691042949793924,-0.6066083460822502
91,0.013000024312298061,0.18709872492632496,-0.6051063269908763
92,0.01288808396139739,0.21619451484110053,-0.6036064354875752
93,0.012704545440491308,0.25452195174049985,-0.6021081783930362
94,0.012615713204736662,0.2919322543414252,-0.6006111361285915
95,0.01266047370109117,0.3047033503446573,-0.599115114613167
96,0.012733287621203272,0.288556092315432,-0.597620197871088
97,0.012828575825585123,0.25545422416109775,-0.5961266898050743
98,0.012841059595294212,0.21818775707477767,-0.5946349773886273
99,0.012766013428757904,0.19216946889545383,-0.5931453750011662
100,0.012683570666674769,0.18761001391638987,-0.5916580115870729
101,0.012550686926008463,0.20266898371234532,-0.5901728002058342
102,0.012437161934510742,0.23005748674699622,-0.5886894938481491
103,0.012341532460114758,0.2558607308949845,-0.5872077974300838
104,0.012123227450542763,0.2671226872286254,-0.5857274866958762
105,0.011908529716086382,0.2649057786791812,-0.5842484867124795
106,0.011952727646254505,0.2542826083793459,-0.5827708832980143
107,0.012073653736686014,0.235482924708315,-0.5812948699236506
108,0.012007924663234748,0.2130780213524308,-0.5798206580575487
109,0.011965757824883655,0.19840392832660347,-0.5783483907850793
110,0.012081584230862159,0.19878750762335584,-0.5768780941447194
111,0.01212537907381311,0.21170582408034389,-0.575409681794949
112,0.011983489225820258,0.22773118227666478,-0.5739430051598411
113,0.011773712945050148,0.2374955218889936,-0.5724779231774981
114,0.011612822600105679,0.23904577841314434,-0.5710143602700828
115,0.0115481683682583,0.23510406720441712,-0.5695523292983717
116,0.011487182044573475,0.22752804283692207,-0.5680919134227922
117,0.01143272483239189,0.22048367710657146,-0.5666332191121723
118,0.011536308028503587,0.21634943476800217,-0.5651763240084409
119,0.01158952273105008,0.2147041296007144,-0.56372124350627
120,0.011366482043880272,0.21573403450608564,-0.5622679296680133
121,0.011146491723998796,0.21357523016254165,-0.5608163004353097
122,0.011051156461506863,0.20402957512812847,-0.5593662833598845
123,0.010857902314662316,0.19988917698470288,-0.5579178523370092
124,0.01070758810286631,0.20610434474455408,-0.5564710399982846
125,0.010724756221871731,0.21005738352938952,-0.5550259204751438
126,0.01068371141055123,0.209349694821796,-0.5535825713315168
127,0.010598248805110889,0.20691825346283244,-0.5521410330761478
128,0.010581631702651948,0.20557160568603505,-0.550701285796519
129,0.010662014393064047,0.21003436801569997,-0.5492632544963318
130,0.010815943147205472,0.21515457591122344,-0.5478268414145269
131,0.01078288816980632,0.21557892767205256,-0.5463919710518519
132,0.01046762601974241,0.21366802472815172,-0.544958627415459
133,0.01023985677908383,0.2090779014285995,-0.5435137491977136
134,0.01031040510688051,0.19985573299269532,-0.5420519840105371
135,0.010367636166983267,0.19070251124301785,-0.5405988332278386
136,0.010209175574971772,0.18757177460930363,-0.5391666708793719
137,0.010123719953905375,0.19110344521708478,-0.5377461702624431
138,0.010274059068796405,0.2006483048979235,-0.5363311680810048
139,0.010412093834991573,0.20986385469559155,-0.5349186099879217
140,0.010383162260506652,0.21333262861887237,-0.5335077812964781
141,0.01026234605688213,0.21289729173458527,-0.5320991542501503
142,0.01005457027845224,0.20570338655536102,-0.5306932556777899
143,0.009761482581724674,0.19066832751512997,-0.5292899058503726
144,0.009552572339536006,0.17591761773526327,-0.5278880172527585
145,0.009498706496481747,0.168371685650909,-0.5264859285554975
146,0.00958054515762435,0.17097680889414701,-0.5250820607999183
147,0.009676633768132464,0.18120039725083026,-0.5236755851218868
148,0.009647809451236878,0.19142566484523815,-0.5222668142130888
149,0.009546094938102712,0.19874353129977518,-0.5208571576276353
150,0.009440072937970608,0.20390028291978002,-0.5194486609893647
151,0.009444769021996893,0.19991839028297242,-0.5180433112317382
152,0.009519826452395793,0.17924419502235867,-0.5166423742533774
153,0.009452487031963427,0.15908281921115763,-0.515246010624627
154,0.009309590574022916,0.15567237723479077,-0.5138533019315366
155,0.009240897381791121,0.15919460168942567,-0.5124626619035217
156,0.009208705609787076,0.1646388052298321,-0.5110724646830345
157,0.0091562332732004,0.17281066288718705,-0.5096816496399794
158,0.0090673713729101,0.18284162030163253,-0.5082900821564125
159,0.008958476748882338,0.19380691572835262,-0.5068985509610546
160,0.008773456977385848,0.19864448838513704,-0.5055084231110805
161,0.008577457589567027,0.19414586459083077,-0.504121103266576
162,0.008581024472868324,0.18431738291709132,-0.5027375084665802
163,0.00869471903332961,0.17287273026753092,-0.5013577522655501
164,0.008652000471177878,0.16144429733249743,-0.4999811438227699
165,0.008501578842379127,0.15381024968322166,-0.4986064848777707
166,0.008401192953753592,0.1545425335994116,-0.4972325379375866
167,0.00833097970653222,0.16224822015842677,-0.4958584827944057
168,0.008251481825374427,0.17407528551838936,-0.4944841932745052
169,0.008157614680001743,0.18808106310700112,-0.4931102423913516
170,0.008067427663109628,0.1953665034972749,-0.49173765004967995
171,0.0080819954474831,0.19083230208429702,-0.49036748172773503
172,0.008163608286394185,0.17815256216264763,-0.4890004550922675
173,0.008102421370581751,0.16147616712478063,-0.4876366988972449
174,0.008047445239779204,0.14813658246182004,-0.486275743235701
175,0.008102682560050367,0.140986528736758,-0.4849167299329964
176,0.00810953689449525,0.14104296337844702,-0.48355875139635196
177,0.008132558777810384,0.1519757340093686,-0.48220118495357167
178,0.00807584795626777,0.16868429016720676,-0.48084390032111934
179,0.007893352974209272,0.18220597814358674,-0.47948727282611014
180,0.007845265573670827,0.18776873102944225,-0.4781320110895184
181,0.006256154033790897,0.17731907415776915,-0.4767788753908524
182,0.0022150948489316584,0.15437301544034732,-0.475428397603594
183,-0.001048135297390132,0.13844235820333872,-0.47408070494581
184,-0.001809639822552011,0.1333283854735694,-0.4727355040885459
185,-0.0015436430517997007,0.1331695051194569,-0.47139221914895146
186,-0.0015186992285758354,0.13575706226053835,-0.4700502213762032
187,-0.0020163221605836307,0.14046558642241957,-0.4687090597354453
188,-0.0010859312736488831,0.15117073441818762,-0.4673686085070998
189,0.0024639864602780046,0.16611698065119795,-0.4660290851943196
190,0.004047766989808882,0.1758222019697907,-0.464690943225335
191,0.0027696352806837604,0.1730235777236298,-0.4633546890682734
192,0.002283650040720009,0.1603002121991613,-0.4620206964631528
193,0.0011889375417166378,0.14506108677222518,-0.46068908500613936
194,-0.0003742189664692544,0.13207357307175827,-0.45935970083443123
195,0.0008949824216780283,0.1250262111481127,-0.4580321966812604
196,0.004695730411828851,0.12593633118121605,-0.4567061729338733
197,0.00541398545394494,0.13556843784717654,-0.455381323169721
198,0.0008124789051593556,0.14788553595490328,-0.45405753184139486
199,-0.001949392744126175,0.1562896616821643,-0.4527348944348484
200,-0.0005059866049844999,0.15982614217848257,-0.45141366136942795
201,-0.0003560416304302875,0.1570200632400972,-0.4500941339979374
202,0.00010106672362388339,0.1496708920657737,-0.44877655485329737
203,0.002502436625805217,0.1399636770937729,-0.44746103129853587
204,0.0020932456669931487,0.1282969369892613,-0.4461475150359302
205,0.0011816391324961217,0.11989551760282675,-0.44483583737890076
206,0.0019577206262105656,0.12142048591091492,-0.44352578072360327
207,0.0017616922446770794,0.12906187282752113,-0.4422171567195967
208,0.0024200639563825427,0.13579169842495864,-0.44090986360113193
209,0.004076229381359268,0.1427064916336762,-0.4396039066122457
210,0.0032889519683746045,0.14938920078453233,-0.43829938061304374
211,0.0015244542563314645,0.14498117681406456,-0.4369964268436779
212,0.0031615296227719553,0.12544160127012247,-0.435695182386036
213,0.0065687014801439,0.10815476110855304,-0.43439573965209677
214,0.006543514459546557,0.10626188755529957,-0.4330981263746938
215,0.003908323935335354,0.11248359809780809,-0.43180230785371454
216,0.002040781797589224,0.1180627191996752,-0.43050820591062156
217,-0.0004931136875692826,0.12322254650176662,-0.42921572552620124
218,-0.001749323666629424,0.12995035011756195,-0.4279247806327635
219,0.0011057799058560198,0.13528927645460598,-0.4266353133902261
220,0.0025798573527545422,0.13705919680370005,-0.425347304638491
221,0.0012241696202670849,0.13547431154532802,-0.42406077553572596
222,0.0007123176697495237,0.12993950023375792,-0.4227757812990731
223,-0.00028338886427056037,0.12160620817594232,-0.4214923981873544
224,-0.0002452836145342453,0.11291333725614919,-0.42021070521151005
225,0.003191201652837549,0.10853503430923148,-0.4189307632609247
226,0.0044551429893901935,0.10822494926168502,-0.4176525962725308
227,0.0022166467257862003,0.11054215958175673,-0.41637618026358303
228,0.0019535552613095097,0.11795356436288201,-0.41510144540735894
229,0.003455858429880697,0.1264354642899435,-0.4138282932215209
230,0.004145441672858682,0.13055667426091516,-0.41255662574479945
231,0.004568854832460856,0.12953230458699722,-0.41128637846295657
232,0.005251333097611562,0.12272142872776498,-0.4100175456143158
233,0.006042434920231793,0.11143933132062503,-0.40875018734609414
234,0.006628182336719374,0.10306308761273392,-0.4074844138068474
235,0.006757093920243741,0.10218560270325547,-0.4062203494530148
236,0.00637386507695183,0.10501873688251345,-0.4049580887908022
237,0.005629449507757128,0.10825147805816854,-0.40369765947343783
238,0.0031552228268425008,0.11204483816001481,-0.40243900742140104
239,0.00013417267801195659,0.11599816608105906,-0.4011820113615001
240,0.0009046347067693974,0.11863529720979477,-0.3999265234262255
241,0.0038032161405027964,0.11519434860155614,-0.3986724221858837
242,0.0035990661836442905,0.10037784988063597,-0.3974196587646075
243,-0.00015938212802834467,0.08552245749013285,-0.39616827805340193
244,-0.003388314801169541,0.08478028157618003,-0.39491840561989866
245,-0.004084563528339299,0.09136110365147654,-0.3936702036583839
246,-0.002145403298252891,0.0963212492249414,-0.3924238113173444
247,0.0017498341862601362,0.09897016322739713,-0.3911792915198198
248,0.002346600423361163,0.10074788376410718,-0.38993660476068936
249,-0.0020458285401101922,0.10181290449414337,-0.3886956207074823
250,-0.004195196049610959,0.10248915973809103,-0.38745616444265885
251,-0.002197682277493617,0.10349499104536497,-0.38621808079005215
252,-0.00030772504416809975,0.10134042794228126,-0.38498129267111514
253,0.002169692992361778,0.09593822515003414,-0.3837458311933386
254,0.004775619606359095,0.09227210360384774,-0.3825118255022054
255,0.005510296989987299,0.09194875082063395,-0.38127945541891584
0,0.005095224424325399,0.0901785201099656,-0.3800488841930598
1,0.004377222013438188,0.08707851430843583,-0.37882019661282673
2,0.003927125301223671,0.08870324023115153,-0.3775933660146491
3,0.003843339985381021,0.09190098030317476,-0.37636826305109516
4,0.003978821820568485,0.09162656251944057,-0.37514470327853333
5,0.004184626151138833,0.09182485082466024,-0.37392251583729885
6,0.004404985267726093,0.09487777719933305,-0.3727016074060626
7,0.0030585014162478738,0.09613369295318908,-0.3714819971789426
8,-0.0008052311074260895,0.09152296625719952,-0.3702638094829742
9,-0.004081125605327068,0.08453390799304977,-0.3690472267541026
10,-0.0033857246188139624,0.08021798779293701,-0.3678324205957497
11,0.0004491910093379235,0.07741282997444868,-0.36661948700757485
12,0.0031416858735402557,0.07766715868707283,-0.3654084102489118
13,0.003137017801534716,0.08294978865611871,-0.36419906890138143
14,0.002434660314153278,0.08814354073456587,-0.3629912817040255
15,0.0025009539939211765,0.08299904203852071,-0.3617848756517891
16,0.0033227444002172854,0.06556776363129296,-0.3605797505595927
17,0.004232012692948123,0.05728481907595118,-0.3593627989887186
18,0.003316421367428383,0.06689072730424647,-0.35812867567996354
19,-0.00043021461454745974,0.0741400952482188,-0.3569029427667262
20,-0.0023869898151431743,0.07151773379904028,-0.35569807251272156
21,-0.0015075208730035289,0.06726095953400867,-0.35450484455175046
22,-0.0030046912603240855,0.06718614738020875,-0.35331717564597176
23,-0.006220418753554936,0.07233478888751478,-0.35213203685843564
24,-0.00623748594172209,0.07807484478057594,-0.35094867224580517
25,-0.0023618290251782546,0.08088651399940777,-0.349767456208363
26,0.001521276541658071,0.08140617268769951,-0.34858879174854907
27,0.0031875175597968555,0.08057477007864139,-0.34741239126134227
28,0.0037600893802930482,0.07860203049135561,-0.3462371142834503
29,0.004178689379871616,0.07575808889775965,-0.34506132307787885
30,0.0045012417724039355,0.07103444988177363,-0.3438835340331291
31,0.004552178723709853,0.06454840793408545,-0.3427030542784396
32,0.004184442667531617,0.061791201956207104,-0.3415203255607838
33,0.0033459362800662383,0.06511031178579771,-0.3403368322566128
34,0.002330012515089245,0.06927920984239919,-0.3391546111404705
35,-0.000016258735931702628,0.05286103196350264,-0.33797555682101765
36,-0.0025429687724359204,-0.046549867645019144,-0.3368007905009298
37,-0.0012865911570783036,-0.266808414218195,-0.3356303272802369
38,0.0018722068484508534,-0.517600911022179,-0.3344631560664042
39,0.0017786625441415845,-0.6677074308839026,-0.3332976862833429
40,-0.00035761825664609725,-0.6933362966791783,-0.33213237981058075
41,0.00029439257644120476,-0.6417774635984519,-0.33096632525568437
42,0.0023814891382371098,-0.5577521084288977,-0.329799544563654
43,0.0027964729154163447,-0.507792383740123,-0.3286329322856034
44,0.002310426419054856,-0.5527715002394529,-0.327467870345276
45,0.0019285084795559147,-0.6779329128028173,-0.32630568039483554
46,0.0019400447274797918,-0.8348740776565137,-0.32514712813556856
47,0.0022992444055461372,-1.0014081116666476,-0.3239921629930588
48,0.0027172325545840688,-1.135253336294102,-0.32283997820252663
49,0.0030137666294108214,-1.1818667872916844,-0.32168935133581167
50,0.0031483462453147926,-1.15897376033963,-0.32053912208773694
51,0.0013775111646875116,-1.1075183567452518,-0.3193886205270746
52,-0.001318178084251425,-1.030814214178415,-0.3182378880241665
53,-0.0008819602514637918,-0.9624697581164883,-0.3170876198646282
54,-0.0006003176403805918,-0.9627966112607398,-0.31593886716022634
55,-0.004132247936208486,-1.0182637028840347,-0.314792623784924
56,-0.005792183570788676,-1.0832382794962512,-0.3136494597365227
57,-0.002374211838694063,-1.1604440218050391,-0.31250933524906044
58,0.0012631321544124656,-1.2231159873538187,-0.31137165402246003
59,0.0021544024266435084,-1.2156890070608828,-0.31023552060813553
60,0.0017908533381199541,-1.161574003504899,-0.30910009268084293
61,-0.000004887689893991187,-1.1098046535566208,-0.30796489034169006
62,-0.003716429383518828,-1.0511931335615454,-0.30682994965521937
63,-0.006550861406604429,-0.9949203675356628,-0.30569577349309307
64,-0.0055779740127273394,-0.9818355763561089,-0.30456311188077834
65,-0.0014770823775355699,-0.995324195403583,-0.3034326656954929
66,0.0014951810464106235,-1.004138352807983,-0.3023048297960279
67,-0.00020021081176853361,-1.0241186298298135,-0.3011795687695291
68,-0.0037482825424985378,-1.0430447397196003,-0.30005646203172287
69,-0.0050270872601729175,-1.0170202487282147,-0.298934888832437
70,-0.005895910292055419,-0.9685497896915827,-0.29781427348193334
71,-0.005322794245592455,-0.9380778897237487,-0.29669429461674945
72,-0.002849166905786439,-0.8992929642349816,-0.29557498316924935
73,-0.0017874052985820052,-0.841645172272595,-0.29445668132779634
74,-0.0004513125684871694,-0.8028194315333712,-0.29333988922199516
75,0.0009937501406462115,-0.7720137289894058,-0.2922250659554183
76,0.0005802007184275565,-0.712565610762141,-0.2911124631868284
77,-0.00201679618708326,-0.6403417437998904,-0.29000205064186513
78,-0.004664294134823287,-0.5634376948451618,-0.2888935531922816
79,-0.004825094487997568,-0.4619386200814497,-0.28778657545729247
80,-0.0035963491630888363,-0.35693857579000277,-0.2866807591757444
81,-0.002388128883441771,-0.270782021388273,-0.2855759113270119
82,-0.0034563503485473684,-0.21245565350369322,-0.2844720578861878
83,-0.004481243456654158,-0.20579832675553789,-0.28336941055233145
84,-0.0022272243128982454,-0.2138211367435452,-0.28226826793731774
85,-0.00018496083215647358,-0.1517891553232955,-0.281168895261388
86,-0.0003156981179474952,-0.02060286886986873,-0.28007143012712843
87,-0.001006540149244145,0.07875570709703084,-0.2789758469457547
88,-0.0010909288330152728,0.08496404226935894,-0.2778819866150932
89,-0.0002998922543369677,0.027833927050570306,-0.27678963236310117
90,0.0010170507030864973,-0.0640486596608163,-0.27569859729776414
91,0.0006191439847560293,-0.18278959837271946,-0.27460878887237206
92,-0.00116576738634383,-0.2986082408349766,-0.27352022868810744
93,-0.0005759508397207048,-0.4046622848922832,-0.2724330262228889
94,-0.0006272343249190404,-0.5275780232392178,-0.27134732321849975
95,-0.005002297569540681,-0.6515598079060272,-0.2702632347763195
96,-0.00795434263605712,-0.7544712941201155,-0.26918081079183154
97,-0.005636271048257299,-0.8638932256690981,-0.26810002966982815
98,-0.00213966986742126,-0.9819192642746022,-0.26702082146136485
99,-0.00032578310080507225,-1.084608064235136,-0.2659431057627131
100,0.0004940334957207783,-1.2036161987962446,-0.2648668257925956
101,0.0010561408706897014,-1.3681870709386255,-0.2637919647713186
102,0.0016616845163157298,-1.545204577345995,-0.2627185406973759
103,0.002111964670683239,-1.7105512367927895,-0.261646586094353
104,0.0019548909158580603,-1.873749649135089,-0.26057612544592956
105,0.0010592857752061424,-1.9820301616164997,-0.25950716233698423
106,-0.00021497534354317747,-1.9427133051279646,-0.2584396819510463
107,-0.0028098292038799544,-1.7814582741436875,-0.2573736658979566
108,-0.007052531553584512,-1.625235561294101,-0.25630910980999977
109,-0.009806657265566038,-1.5703271183232657,-0.255246032830433
110,-0.009702600604860535,-1.6373631314986543,-0.25418447251004395
111,-0.008717665886081805,-1.7882115906191443,-0.253124466539006
112,-0.008239144051089706,-1.9565329270420566,-0.2520660300641907
113,-0.0068364357603127625,-2.0765086653588254,-0.2510091404920409
114,-0.005261005517940273,-2.1057791292428334,-0.24995373901627183
115,-0.007165745104521719,-2.0385079372392143,-0.2488997506199495
116,-0.010353950920005742,-1.9049622717336048,-0.24784711532165715
117,-0.011269156818679345,-1.7580399848703445,-0.24679581722010357
118,-0.010573730138046192,-1.6521794050797212,-0.24574589751168596
119,-0.007904497783524245,-1.6229530595889576,-0.24469744378124336
120,-0.0031209907232194432,-1.6750119580081684,-0.24365055784909162
121,0.00022183719746685093,-1.7824114028101548,-0.24260531410626918
122,0.0004502683961267774,-1.9003893099951137,-0.24156172554492117
123,-0.00039054020660445055,-1.983396042507473,-0.2405197326311317
124,-0.0025351946119199983,-2.0021660295108257,-0.23946610472880747
125,-0.005038253644085191,-1.9534782637950272,-0.2383952563148799
126,-0.005551952136750221,-1.8594531724616266,-0.23733248610928648
127,-0.0065439367243463435,-1.757403502557497,-0.23629008385075723
128,-0.008412246561590977,-1.6847480101533963,-0.23525880040576042
129,-0.00923504155261072,-1.665031193173629,-0.23423269006470193
130,-0.008016721990981121,-1.70022607616718,-0.23320897461730794
131,-0.006274083865184472,-1.7717325116854803,-0.2321740473434032
132,-0.007904970295412699,-1.8490113696800723,-0.23112300037526678
133,-0.009243983092818608,-1.9019899623159104,-0.23008164277085275
134,-0.007716324118881141,-1.9122545887733615,-0.22906184303480326
135,-0.007849566337101245,-1.878909713223707,-0.22805288514064337
136,-0.009194809741052978,-1.8173454395420547,-0.22704679038442088
137,-0.00928968750273295,-1.751993734068952,-0.2260389852455813
138,-0.008909811653618344,-1.7063442680264629,-0.22502818046018114
139,-0.008957039413728746,-1.6942464028637358,-0.22401551132391473
140,-0.009621528711767177,-1.7156742865537193,-0.22300322187669597
141,-0.010587551579993568,-1.758140106600064,-0.22199331934320343
142,-0.011493368196578216,-1.8026722660480075,-0.2209866194816612
143,-0.010398720348777458,-1.8316306860315197,-0.2199824488038532
144,-0.00783720122328884,-1.8351914901866384,-0.2189790248808463
145,-0.007870810531538422,-1.8141595015433634,-0.2179742939922148
146,-0.009469829885810192,-1.7784210535752853,-0.21696685555559614
147,-0.009825879891090778,-1.7421082185473775,-0.2159565972876487
148,-0.009382195649374352,-1.7177096138522208,-0.2149447998502697
149,-0.009178186520320791,-1.7115318914850164,-0.21393368772032173
150,-0.009742960612942747,-1.722120545935458,-0.21292561863543158
151,-0.010807443799244296,-1.7419003970135365,-0.21192223566543378
152,-0.011839197420688063,-1.7609889076975014,-0.21092390769399805
153,-0.012319590793127978,-1.7713903680693348,-0.20992966140303937
154,-0.012103579497341678,-1.7698398059820746,-0.2089376127574426
155,-0.0114753497813153,-1.7583246607514038,-0.20794571604884482
156,-0.010645193219317426,-1.742386039343029,-0.20695253601008967
157,-0.009830508409184133,-1.7282124554401452,-0.20595775246287606
158,-0.0093850673802831,-1.7199226893800228,-0.20496222086381122
159,-0.009431998571256268,-1.7181815492136616,-0.2039675877382694
160,-0.009964630436492462,-1.7205735252618277,-0.20297562785828505
161,-0.010838724962108554,-1.7233298523173595,-0.20198756689490138
162,-0.011662357301194505,-1.7234375408842304,-0.2010036455862385
163,-0.012172468242495058,-1.7200832621737736,-0.20002307750846515
164,-0.012177294684673108,-1.714795542487729,-0.19904439624372827
165,-0.011636587631790934,-1.710324323645934,-0.19806604086848334
166,-0.010841293411174242,-1.708910927928069,-0.19708694647985836
167,-0.010155204354309907,-1.710872755224428,-0.19610691679894487