Counter,Channel1,Channel2,Channel3
254,-0.029641461621940965,-0.02293008005048519,0.0005847530171355347
255,-0.029435405187525215,-0.020995772334599774,0.0008717692168963252
0,-0.02570502448296816,-0.017972168318763138,0.002145268828423419
1,-0.024067751323823675,-0.016513685173080897,0.0034834808402761826
2,-0.026487431102871162,-0.01798345521595586,0.004001808886220584
3,-0.027682176619527182,-0.016570337495193672,0.00263877273566357
4,-0.02657737218058244,-0.013449654740917397,-0.0003971597642734633
5,-0.023950538479535932,-0.012670016300562473,-0.0033071642070863633
6,-0.0194018143725459,-0.008218067191067945,-0.0045334549489870375
7,-0.017115134440475195,-0.0029696076975270908,-0.003078850665545493
8,-0.0190772433932204,-0.00548864546987398,0.0003716533297610184
9,-0.01963083309202647,-0.011472333359704316,0.0034033416290733583
10,-0.017510735982851244,-0.014388660841484449,0.0047524235831464465
11,-0.017921035554754175,-0.013731334678808962,0.005015936171419667
12,-0.019077736300646825,-0.011067465667145584,0.0037380076002657206
13,-0.01748717713435518,-0.009432526144647811,0.0008664665395822814
14,-0.015840296815962877,-0.010959600477096494,0.00009986320235677582
15,-0.015609737861263212,-0.011667312109885444,0.0033460140596565033
16,-0.01577907335298588,-0.009156730433502014,0.008445404875681684
17,-0.015305388322808061,-0.007781679076739066,0.013197916910627674
18,-0.012067156538683468,-0.007882881197045777,0.015635175180805292
19,-0.006455774177288438,-0.006468500394900892,0.016335671212106172
20,-0.0041500905532166794,-0.004654739693136699,0.017698006087963174
21,-0.007107803700374751,-0.0031657362218781397,0.02031492661269564
22,-0.0092756042345559,-0.0009140595741407957,0.023475935978318624
23,-0.007386554461962494,0.0003603270802017954,0.026495474928686175
24,-0.004903821915806527,0.00055752136306755,0.028781315885374095
25,-0.0026789905316314325,0.0026074223530953393,0.02932194119919508
26,0.00072911740608856,0.00436924874989663,0.02788324560581859
27,0.003710665915301052,0.0047270903453057395,0.025672730733986064
28,0.00560237881088526,0.00421614155643002,0.02489743044252845
29,0.006913577998736313,0.002336860787929748,0.02727005729271629
30,0.007796282559230108,0.0027494408134402116,0.030677699946802674
31,0.010413150293863242,0.004044027237309504,0.03307117049887612
32,0.014816090975988946,0.002879934593769746,0.035421707711951314
33,0.016980285765800178,0.0024652424801308408,0.037334259600601494
34,0.016327377176258984,0.004099428132449117,0.03737047266008947
35,0.016840897777499787,0.00537665620380994,0.03549631953520117
36,0.01989695461394375,0.004884725375521802,0.03292111359691921
37,0.021329510737489593,0.004306788181605152,0.030736792457569773
38,0.019114590603549177,0.006986117147737829,0.02953069732800001
39,0.016898222331715812,0.010230634115590172,0.02969565308054966
40,0.015398664767165587,0.009228964986685025,0.03214023918375337
41,0.01258241746319523,0.005573671917392532,0.038274849301482915
42,0.009520721940787832,0.0010254400124441454,0.04605939361806572
43,0.007451080427082535,-0.0029192211678601004,0.050081133096325864
44,0.004556292018295365,-0.00553829137241554,0.04831059630262172
45,0.0010515713966971763,-0.007453809135155302,0.04420341659351651
46,0.0003804611129676269,-0.0058451318800145854,0.04168711609624701
47,0.00046080301681005603,-0.003884775399885722,0.04160459241236017
48,-0.0034931133343203483,-0.00596372840518182,0.04360387946957825
49,-0.00963072690201653,-0.010795913703422554,0.0460293400586836
50,-0.01429025053331133,-0.017868239103394756,0.046917162824597694
51,-0.01736824203900919,-0.022089071568032567,0.048376761822512465
52,-0.017624035163385093,-0.02006929509861574,0.05339245609780891
53,-0.01502243544223993,-0.014055421902402186,0.06119022063932475
54,-0.015110944958916503,-0.008636711412742998,0.06824971538837285
55,-0.01862523172802444,-0.011223059457205656,0.07122872151628029
56,-0.019915718996019877,-0.018925616091532135,0.0704439296602063
57,-0.01998739580632898,-0.02260551084669353,0.06951448593158083
58,-0.021823237188709363,-0.022783879476470585,0.07103370265080644
59,-0.022860117823758033,-0.02130899701543612,0.07395118145636662
60,-0.021665755665561344,-0.018681932671809308,0.07537883590575603
61,-0.019662961381847227,-0.018001741295471968,0.07486218742525678
62,-0.01895290559335836,-0.017943894552832546,0.0748322130241216
63,-0.020368833595314002,-0.018084147787803137,0.07725104949881458
64,-0.02438591718288416,-0.018858706243242734,0.08232385628348599
65,-0.029118870270057703,-0.017512247912242762,0.08903205734461195
66,-0.028335446083318463,-0.016117818439447484,0.09630231421688118
67,-0.023535355772740324,-0.015845527611627525,0.10351109023026989
68,-0.021873792798328795,-0.014549205908766842,0.10782504093847589
69,-0.022618398906101712,-0.01510045524383288,0.10628409773783232
70,-0.02217176290811864,-0.018698462728575838,0.10111032809319698
71,-0.02044597067637261,-0.02055152984782241,0.09619250577409647
72,-0.01935941686775912,-0.01865180881777074,0.09312094086047729
73,-0.018386449766451977,-0.015451510137995408,0.09282057474076055
74,-0.01761863316531003,-0.013456520993308144,0.09462073570884427
75,-0.018760318868956835,-0.013684968206851042,0.09652859539133349
76,-0.017368619131885976,-0.013991662663816115,0.09774521463719782
77,-0.011587422341270456,-0.011025539434817912,0.09773058461407308
78,-0.006467299562818038,-0.004594421049758924,0.09629776328581496
79,-0.005785482181440191,-0.0011689851717528801,0.093974367346839
80,-0.008516115781716238,-0.005306844033269066,0.09113701729446605
81,-0.009979506404929034,-0.009501361939316444,0.08792635685844838
82,-0.007674533244505448,-0.00816143012195373,0.08462958490431347
83,-0.005108020161717387,-0.004668435084531429,0.08252718261143482
84,-0.006976971134946483,-0.0025875549565772607,0.08330726953987494
85,-0.011492049880617757,-0.003208368395335004,0.08656136768296444
86,-0.013354692870646001,-0.00774975234109182,0.08743319895059667
87,-0.01222037858085348,-0.017183047248019327,0.08196121731603895
88,-0.01397634728015583,-0.025566392343457464,0.07201562595758959
89,-0.019320277562828794,-0.026073716604737587,0.060499161934051915
90,-0.023733234830981657,-0.02387005764426633,0.04958103004559036
91,-0.026491526706368923,-0.024726290895173544,0.04018153789948539
92,-0.026163761436001964,-0.02555418941767526,0.031214438978917722
93,-0.021224437285143435,-0.024630314703074627,0.023448005103916036
94,-0.015562455808130607,-0.022264036591587447,0.017597069096818296
95,-0.012294753332106279,-0.018856982105735,0.011704146239885901
96,-0.010137267746064549,-0.015926550650231325,0.005240730748845637
97,-0.010148245432430564,-0.013402938067712332,-0.0003435264366518781
98,-0.012523922829873857,-0.01187560338293335,-0.004194604896166659
99,-0.013304822103391525,-0.012999542372825933,-0.007864854359273865
100,-0.014337875644692105,-0.015731827393532738,-0.01359526714210299
101,-0.017487210386124163,-0.01813127243368816,-0.019432729475705762
102,-0.018185625161085323,-0.018768089702929314,-0.023314906239590885
103,-0.015990012032996007,-0.016287502803125242,-0.02614181745014868
104,-0.013945837330596011,-0.01394048447462641,-0.026759669697397348
105,-0.012873987393639597,-0.015141637300914362,-0.026027411381463667
106,-0.0134406512545443,-0.01990408754909681,-0.028875846747810158
107,-0.017787923800518843,-0.024962737943397907,-0.03546891839000997
108,-0.02457606020980065,-0.026692468991664386,-0.04214254781063031
109,-0.030765335913882058,-0.03063028404105711,-0.04809294147501855
110,-0.036173629010420885,-0.03889147404759951,-0.05301660446700033
111,-0.04006162227907478,-0.043554218836557496,-0.05529150529897543
112,-0.04216172597295456,-0.04300383058110015,-0.05586543392763885
113,-0.044843355842778015,-0.043742608175944886,-0.056227750604462556
114,-0.04761857422678212,-0.0490235557363099,-0.05558917959729853
115,-0.04538433412587267,-0.05176142108458742,-0.05533781657666498
116,-0.03849925096753634,-0.04739189367838487,-0.05712102475413783
117,-0.034454363144796135,-0.044604723687320075,-0.05903805419582088
118,-0.03631936086487765,-0.04754506081508418,-0.0593823374922331
119,-0.03924796593755511,-0.0495441454577761,-0.05836882572310971
120,-0.039436061366306605,-0.04721353713363534,-0.057617980803047614
121,-0.038619828210504165,-0.043146623508201296,-0.05884865214029992
122,-0.03893430408975553,-0.03881024709266062,-0.06096769149220327
123,-0.040053925642578536,-0.037904164227366755,-0.06209696594283959
124,-0.0414603515389276,-0.043206403736845644,-0.06357935225345623
125,-0.044772174981935864,-0.04973033984163461,-0.0665753687022893
126,-0.048037324807713555,-0.05359580538549488,-0.06928094652950878
127,-0.046388289448185765,-0.051544026492385264,-0.06987986619239958
128,-0.04057424355763298,-0.044483064256955765,-0.06732143387999645
129,-0.033841797322366945,-0.038707975378456744,-0.06318988103654959
130,-0.029240747586347718,-0.0354593686286077,-0.06060815744245475
131,-0.029816461937272776,-0.03660331930056715,-0.06031593012752734
132,-0.03461551035047332,-0.04344295868655321,-0.06170469814323115
133,-0.03681114103730896,-0.04781866379595398,-0.06438724330758722
134,-0.03370723009095461,-0.04580747432055918,-0.06870293258921678
135,-0.03113459091845927,-0.04387257580938955,-0.0725827956641375
136,-0.03295299203389451,-0.04540522910543343,-0.07205340943022731
137,-0.035655943544485286,-0.046631277714481,-0.06784446196278945
138,-0.03459558930773407,-0.04402542049466085,-0.06350383694107639
139,-0.029892476029159593,-0.03810829735689662,-0.059353277417832015
140,-0.02523052464840412,-0.032262173660409135,-0.05455169692680269
141,-0.025013800562656383,-0.03205213844643637,-0.05051585364922394
142,-0.02750040879324351,-0.036561754770151084,-0.04826426651114753
143,-0.026859842968098867,-0.03615940447681809,-0.04732428028351404
144,-0.02276827159569883,-0.02841983353754611,-0.046337643127167844
145,-0.021922981901301652,-0.022709586374643445,-0.04325781219981448
146,-0.028216222389074924,-0.025498155131419606,-0.038332633153425
147,-0.03629969516182088,-0.03505156245312993,-0.03417397899192243
148,-0.03866827561459939,-0.04125906878604531,-0.03204881995802709
149,-0.0359157268134576,-0.039630482329375355,-0.029319292602366095
150,-0.03307679475907567,-0.0372682371559445,-0.024654995701755077
151,-0.028671954640005666,-0.03293527961965731,-0.021586613160942188
152,-0.02430345535339315,-0.02701493244795096,-0.02198306003152315
153,-0.02520666544141159,-0.02653253243639213,-0.024599595373932234
154,-0.026787412544514763,-0.028238410807867445,-0.028135941357605707
155,-0.0227639376444575,-0.025588143544310424,-0.031869179062697164
156,-0.015623894088955537,-0.01871071320841762,-0.03521637335380742
157,-0.01257752797399972,-0.013462634441053035,-0.036422588174626194
158,-0.015416514097303456,-0.013940228406938166,-0.03366585817363045
159,-0.018329842554066278,-0.017312107657753713,-0.027818817687671124
160,-0.017954797408086552,-0.020112933170850503,-0.023245039994838193
161,-0.016488332366998093,-0.020626080531490967,-0.02218020490660922
162,-0.014686662940264432,-0.017700761404498833,-0.02120438934632634
163,-0.010042867923935973,-0.013004261212656298,-0.01727717494954234
164,-0.0024621299621813836,-0.009485954661897195,-0.012396270033039551
165,0.003913704677477897,-0.006119629432276924,-0.01036552878797379
166,0.006426087377863543,-0.002335967425809937,-0.011794545495069114
167,0.005402088078546072,-0.00031054348916079166,-0.014631194054199395
168,0.0024032127645479406,0.000776562698454393,-0.01720613086619323
169,0.0014493683119765621,0.0029575433606381096,-0.019504181258891688
170,0.005646749424954051,0.008042716861491953,-0.021662221700796805
171,0.015337875321296504,0.015566319348147097,-0.021990909181968193
172,0.026020938095127552,0.0222655359708423,-0.01909180644821791
173,0.03044908102272082,0.02465033253448213,-0.015504162391778695
174,0.030066690900583018,0.02256791835932221,-0.01410193168980535
175,0.02902714480136396,0.022625300755756264,-0.014884894703369178
176,0.02726580428008918,0.026600074163258533,-0.018284112330581515
177,0.027208061893003982,0.02950341649173016,-0.02429329636676423
178,0.03165390822041256,0.03269424793235115,-0.031154768093319296
179,0.03915644165883386,0.04082929877464417,-0.03624043978399641
180,0.0464879153385368,0.05118842617980146,-0.0371073978985602
181,0.05134699901832768,0.05741123227503331,-0.03520115171067896
182,0.0516565558774298,0.058706458103337425,-0.033290517408579995
183,0.05019984979070013,0.05936731278244853,-0.03219600882948842
184,0.05292247549479574,0.06321850831223473,-0.032279197156113854
185,0.058565605409204934,0.06838922169352729,-0.031611196084597865
186,0.06121688981977308,0.06729010787926307,-0.02821120705577053
187,0.06014342945647411,0.06049309400227418,-0.02247414189961845
188,0.06305809355678743,0.06344530604261403,-0.01662956082544626
189,0.0749535554128401,0.0811160321127033,-0.0133608919400943
190,0.08944911374549655,0.09831481641606898,-0.012776233363234878
191,0.09809783695709848,0.10482878933195844,-0.01488776856924049
192,0.09879294171018974,0.10262940528173264,-0.01967492637553217
193,0.09571036163147023,0.1001819980146135,-0.024914872190024265
194,0.09163236767888533,0.10455441116941167,-0.02852241837467369
195,0.09019966410280086,0.10891692019162752,-0.02910568651949351
196,0.09668912332589852,0.11008950430583858,-0.026790187301507354
197,0.10539199343247474,0.1146283401422728,-0.023959573038481508
198,0.11071440494131674,0.12134248115803742,-0.021818471618742903
199,0.11483904013892798,0.12656006608386267,-0.01921353872267037
200,0.11565049637659652,0.12726315297020158,-0.016030305999805504
201,0.1126275395806739,0.12481097771797539,-0.01368730404640986
202,0.11123800078668916,0.12559959695396522,-0.012808973029978764
203,0.11229904028961812,0.12880729584115835,-0.013475763845305452
204,0.11485458123668524,0.1321743506779252,-0.016177210141119107
205,0.1189670813396686,0.13808934171583814,-0.019999301277121365
206,0.12228251847532201,0.14505366951473164,-0.022756935601511576
207,0.12411854701382624,0.14999654484744396,-0.02350339113333566
208,0.12667288631180262,0.15198005557227512,-0.022593553258838182
209,0.13259511760934384,0.15332248016733308,-0.02078681257570568
210,0.13985807615790813,0.1587367984535542,-0.01785110002269341
211,0.14318163881492885,0.16313217923562962,-0.014745252236920622
212,0.14231800906032022,0.16125425750576228,-0.014731210585172821
213,0.13927609311678457,0.1565885362111062,-0.01745654645502369
214,0.13832325632720027,0.1551766417679611,-0.01891806975366489
215,0.14363911808233354,0.1605153244224401,-0.017777140488581963
216,0.1500918919156456,0.16750109924694184,-0.01599250175223212
217,0.1525370271928953,0.1715768762916422,-0.015645854312606497
218,0.15354850997825942,0.1707069853802246,-0.017133718182678573
219,0.15447348715891612,0.1671541522925018,-0.020151571317443787
220,0.15480483300543496,0.1676044758605641,-0.024021636197389132
221,0.15641936856249405,0.1711661922908519,-0.027027401356954556
222,0.15836956462157153,0.17393182085253073,-0.02854228220178906
223,0.16082152456495563,0.17529987437932198,-0.027694478601184958
224,0.16680561102966301,0.1756337741959279,-0.023499788045144243
225,0.17372439329195222,0.17520369164733007,-0.01790461065041902
226,0.17548528460027074,0.17559387740640675,-0.012942016540422645
227,0.17169712247402202,0.17772571408800147,-0.009068366514428591
228,0.1695896862045923,0.18069794972193637,-0.006315771099290206
229,0.17265724874877098,0.18427623305862073,-0.004596331370999502
230,0.17633358642788727,0.18515173161966675,-0.004397293161185353
231,0.17724624026503993,0.1804433199670052,-0.005358678825082893
232,0.17468991175334697,0.17446540359478102,-0.006439742895900005
233,0.16993140132024032,0.17081506061286356,-0.008249900702816348
234,0.16665913205117439,0.16770123427831107,-0.010764264031806681
235,0.16556017586725041,0.16470188028636173,-0.011915458989433698
236,0.16359668860292836,0.16222383191071332,-0.010409532570786806
237,0.1594550081694277,0.15941765422802845,-0.00788364501225386
238,0.15719466440958652,0.15644824828364323,-0.006441816566669589
239,0.15778153032928455,0.15415438975239026,-0.006428032580418755
240,0.15835802565304596,0.15335837532253932,-0.008175132013906492
241,0.15982820331892172,0.15599749964466947,-0.010705095839020594
242,0.16143052857147971,0.16068708108175306,-0.011805557155576456
243,0.16041463644301918,0.16062298347281684,-0.011347315640380079
244,0.1584801907737559,0.15558734503736454,-0.010926452023502314
245,0.15937651957695043,0.15339213021826698,-0.01179757115492501
246,0.15860217479137773,0.15429363166716864,-0.013719293935530466
247,0.15158422434208907,0.15172019197228664,-0.016146042752989948
248,0.1427784360704903,0.1464191705436314,-0.018386950332742735
249,0.13594127350957752,0.14083268743914812,-0.019442088174999074
250,0.13421005495059174,0.13504758671624212,-0.019095040680305188
251,0.1355237656760302,0.1305503293746999,-0.017664427451504407
252,0.13327830852933692,0.12736875996704772,-0.01653611311507171
253,0.1278931824802328,0.12637404168993377,-0.01638468355780519
254,0.12416212902916945,0.12577584368552214,-0.016930945975408052
255,0.12524675606113356,0.12407758518832551,-0.018052176016880715
0,0.12713509253880456,0.12420448672997708,-0.018120523021326815
1,0.12511002739221172,0.12455372734323417,-0.01617431621021012
2,0.12186481202900251,0.12255375537377833,-0.014072910991853621
3,0.11875295510690226,0.11828113497309917,-0.013270314614444181
4,0.11287678308252919,0.11139946429435182,-0.012617717882148629
5,0.10508092574834832,0.10490924179972666,-0.011104493760664337
6,0.09977789573671281,0.10146554581390443,-0.010144466442395611
7,0.09662460528840905,0.09765813089312703,-0.010734657185609807
8,0.09253046446839167,0.09380676059100057,-0.011800080543756012
9,0.08872991111358569,0.09544788057935621,-0.012123495297799734
10,0.08740826454087178,0.09859170507274481,-0.011224141763538753
11,0.08769584834039973,0.09722338549079759,-0.008963944738939314
12,0.08775851287978009,0.095339370291922,-0.005087730311910427
13,0.08742885339259232,0.09552260814665745,0.000010594126250693114
14,0.08932181044917042,0.0966400320340905,0.004653229554657551
15,0.09375849976738893,0.09716482628680106,0.00948539656443452
16,0.09670073464020584,0.09598808379838886,0.016184747264296355
17,0.0972012806425907,0.09384428213377566,0.021866188278295645
18,0.0970309721640027,0.09055010238311717,0.02536660514562114
19,0.09815405616476386,0.08879614128604207,0.027892923943688086
20,0.1003736133618392,0.08995385049314836,0.028429904244285167
21,0.10162654618110306,0.09127754654833978,0.0279239633631612
22,0.10325880602933868,0.0940558908496043,0.027588647425269244
23,0.10343701036051905,0.09883499780386487,0.026908463551557675
24,0.10150916733220261,0.09926506659569723,0.026190510718272816
25,0.10358871291583599,0.09550009271987253,0.0261037472940837
26,0.10776373531099892,0.09654202293682701,0.02623812712466167
27,0.10601817308862221,0.10052813322862314,0.02605040395578316
28,0.10128054410023135,0.10035283810040324,0.026680019234544064
29,0.10095751737818964,0.09728800533852083,0.029150449884484744
30,0.10347473074524616,0.09522764928407995,0.03226127938127428
31,0.10497517026930392,0.09489673078675054,0.03416766547164518
32,0.10487030338259601,0.09370192475616168,0.03411929664689159
33,0.10216072799033477,0.08986195396195293,0.030622690315612558
34,0.09563222595212673,0.08192900565115968,0.02248075589037153
35,0.08968317988440849,0.07431875840190447,0.013368997166868984
36,0.0896667121454362,0.0753006968089866,0.006819211453739468
37,0.09104759615020519,0.07981742128583547,0.0023070992923815564
38,0.09015497596707311,0.07906683500160439,-0.0007001657572432499
39,0.08863896835180665,0.07496153221470805,-0.0035838530262187612
40,0.08400555911881483,0.07081658036562194,-0.009329545376120962
41,0.07712251475701024,0.06646656775049697,-0.017851949273877496
42,0.07284585840493812,0.062435302019275135,-0.02511506895732142
43,0.07020207503791195,0.06039939740649919,-0.028713972469293983
44,0.0667152172183165,0.05938452864279767,-0.030150131874110593
45,0.06550967069174518,0.0580721025067005,-0.03193054040976902
46,0.06664552719191649,0.05683885621833651,-0.035264307829839935
47,0.06363397282116584,0.05515083035925217,-0.037848248044701965
48,0.05840440873263347,0.05533110261993615,-0.03681182284338433
49,0.05755507767654161,0.05637020168225293,-0.03399158386419457
50,0.0577804828393417,0.052723186181663065,-0.031511970605144296
51,0.05495413874050867,0.04787916383070849,-0.030218366442586186
52,0.051852277190508056,0.047180674209149745,-0.030165741401037505
53,0.04915316619318141,0.04685377982883239,-0.028183407388914374
54,0.047212148756780314,0.0442706166794922,-0.024442153449819707
55,0.04857145626639414,0.04175899043423706,-0.02370989813142131
56,0.04904481123616114,0.04032395361764812,-0.02687307110121094
57,0.04530854585350255,0.04069006628780611,-0.03074369310490372
58,0.043229945948178056,0.04026950469254553,-0.03372429040144172
59,0.04411814609678631,0.035557466384657066,-0.03671609585426372
60,0.04314255726689678,0.03261813450326159,-0.040037022396304245
61,0.04122418322309451,0.03605207689626701,-0.04162410291416466
62,0.040492212640193787,0.03761283886034855,-0.038393899614366206
63,0.038763815341322394,0.031496901368544244,-0.030091449970450435
64,0.036895980284172084,0.023992866891954026,-0.02049567039154604
65,0.03814724204809365,0.0240638316182199,-0.011256866632792496
66,0.040090073690012634,0.030147392113648475,-0.0006896782058954665
67,0.04016737631676824,0.03674290054757477,0.010645220471249967
68,0.039369759413520736,0.042319056492312254,0.020431939783167083
69,0.04009055464263621,0.04214510403905801,0.027868158081613248
70,0.04397632445213703,0.03847236773381239,0.03327324069935453
71,0.04628536883027723,0.03777245134676002,0.03532542970563829
72,0.04373073094924515,0.0384512324639391,0.03098110439265986
73,0.04246272824819142,0.03893491761819029,0.018786499951904748
74,0.04619962811639303,0.04035812224336016,0.0008426120336611914
75,0.04978859558854504,0.04134104244574735,-0.019082383621214935
76,0.04985838899479131,0.03862433391486965,-0.03857470518596047
77,0.046896404569070946,0.035149699646316215,-0.056508308421138936
78,0.043552396849960956,0.0358591243637887,-0.07268543044790227
79,0.04374203632053493,0.03721989520819359,-0.08610261516493378
80,0.046164988623856165,0.036953766209458214,-0.09347612843912595
81,0.047869732165815276,0.03742713868135064,-0.09314908775307534
82,0.04851483901906457,0.03777841850287962,-0.08671691426059286
83,0.04858999852896692,0.03778290894304284,-0.07716708212970613
84,0.048896537880117,0.03904661328615455,-0.06810160032998797
85,0.04916111932190084,0.04010106034003802,-0.06058091220752397
86,0.048638161002728914,0.03935445681211169,-0.05295800405076278
87,0.04463919932260049,0.037051848121678554,-0.04508444322177453
88,0.03607987778454297,0.03621248513992671,-0.03812331771774127
89,0.0290740267033906,0.036551003478050875,-0.035053426194539605
90,0.027475289809245698,0.031078526610323398,-0.038658517496096306
91,0.028484936778617062,0.02253909243550012,-0.04639715835097721
92,0.028765642156831063,0.019685904837068793,-0.05281926044606819
93,0.02929322763968463,0.023213076413902786,-0.05414519094344408
94,0.034106495953598784,0.029820597558352466,-0.05119414058863658
95,0.04270416062334178,0.03716315208097744,-0.04743440280139444
96,0.05028378491576274,0.04259169129362879,-0.04434048311991859
97,0.05420967143845673,0.04665086391604076,-0.042477483026675755
98,0.05233770461694803,0.0496521841270791,-0.04188825440956044
99,0.04340378031739556,0.0432185956333114,-0.041407949932517785
100,0.03267635814510131,0.025600151574157404,-0.039608216936625265
101,0.025693908682371064,0.011287604842116938,-0.034866548184213836
102,0.022507063185895182,0.010657125759404723,-0.027315812106551346
103,0.02051084407134665,0.017162479304874786,-0.020791163234704008
104,0.01960788288701991,0.020761382203089304,-0.018631847274416316
105,0.020407416187931668,0.020125956294192685,-0.018312707805317116
106,0.018912959550318104,0.016967516203640606,-0.016203771011585863
107,0.014704503517150733,0.012676433105422949,-0.012755488057635628
108,0.013207993177443741,0.009380514881161137,-0.010624630144611028
109,0.014057908809711028,0.0072386863885167685,-0.01048706983439232
110,0.013934257281765672,0.006404720201122788,-0.010066487591442505
111,0.01379956117562317,0.008159670648062611,-0.008860280316789912
112,0.015006400336135303,0.011545631147960603,-0.007496453594103239
113,0.016715592810026242,0.012492144789328502,-0.006218806711106514
114,0.0161973623141987,0.010014684667942766,-0.005692299469922293
115,0.012908079364083808,0.007277242778572474,-0.005311529954654316
116,0.009585501383778158,0.004829331942728762,-0.004301850038674573
117,0.007422255358925142,0.0019962242899099897,-0.0034651037374677437
118,0.0077683933896917495,0.0013613258062111083,-0.003395137414863192
119,0.012543246498983321,0.005449120540299501,-0.0029501706716570653
120,0.018849134067901452,0.012042032632006205,-0.0024105959478033304
121,0.020815227892072685,0.015815159056184497,-0.0029421791708198197
122,0.017993568659242343,0.014997610219929125,-0.004157853408981886
123,0.015585709990197087,0.01349451104798214,-0.006100234203669314
124,0.01442374699623572,0.014408477393089973,-0.007889814427736813
125,0.012249165461838706,0.014309632762942157,-0.007425848864772353
126,0.00827496848084959,0.01102022619324531,-0.004277933992022226
127,0.005753001787352021,0.007492304907100483,-0.0005035387782493933
128,0.009344586787024045,0.005150450370068074,0.0012728970881631593
129,0.016947559184278732,0.004873140349441127,0.0005377364446762373
130,0.022968314787408378,0.006227261617531982,-0.0013492658668759379
131,0.023527929962453745,0.008162942185534261,-0.0024411375340603614
132,0.021914711672112216,0.011918431266751087,-0.0018699829490939207
133,0.02101364088579836,0.015818467665679167,0.00018499135436447767
134,0.017826494292220246,0.014715784831397433,0.0036857372848338246
135,0.01519598846784087,0.009094197671340037,0.007775751555908886
136,0.015392325209001828,0.0059040221527253064,0.011204185475927685
137,0.016641647673222244,0.006321600738597492,0.013970748887284952
138,0.018464573509075294,0.008226473927459552,0.016869626654255523
139,0.018263609871448143,0.012583375442469805,0.019260463032329714
140,0.01886411897989302,0.01630079316628326,0.019826526054392737
141,0.023460118883388885,0.017576941257351368,0.01877285001208928
142,0.026678087275120457,0.018395684440145645,0.017126945844460034
143,0.025833597077054835,0.01770555324705901,0.015547870836285282
144,0.02371043182144387,0.013839628314140696,0.014076966971990689
145,0.022112052686366304,0.008635987434184148,0.013442749178701814
146,0.019726334987795746,0.006832713819383052,0.014323415430820045
147,0.016351035757667387,0.0076565423530269155,0.01574255107543161
148,0.016580776738705255,0.007165975708168432,0.01872604056024832
149,0.021370981807872766,0.00977949706823339,0.025581181800331518
150,0.02389373661150912,0.01756159314950209,0.03213190945771732
151,0.02089913315402277,0.023837236857138074,0.03314897020748696
152,0.018018230825818247,0.025840636130445405,0.03172268007454963
153,0.019286502384210494,0.023248986413728072,0.031646659152703094
154,0.021651556668721955,0.017578130235839033,0.03214507324627899
155,0.022258786088877117,0.01311760717178119,0.032432689222229
156,0.020004338754952486,0.011197366858549482,0.03350447939895203
157,0.015922299668491485,0.012218305584566352,0.03705654935826473
158,0.015664176037398683,0.013270907270104791,0.041708671072285416
159,0.020531038073646195,0.010336430148697211,0.043728649198913186
160,0.023270645592649936,0.007063635586432547,0.04231412846105749
161,0.020114309874273383,0.008593796805816636,0.039530034017132176
162,0.015318311355893297,0.010646727274665174,0.038709577668958106
163,0.01262532483060392,0.009241553124173386,0.04132081357356204
164,0.012106423344849654,0.007754913401130228,0.04553468153732859
165,0.012303670340389275,0.0054824422598568345,0.05074725895328995
166,0.012314927609490087,0.0006402082050312036,0.05694481245015581
167,0.014396151140139236,-0.0015289648507328113,0.06284907395187579
168,0.017732400671770128,0.0023214865558027903,0.06768311703569058
169,0.01736763824193563,0.007884266956513675,0.07129872882169966
170,0.016500986957742266,0.012438493530187326,0.07634525821143678
171,0.01797400333189033,0.01514476950150545,0.08532479583196426
172,0.020083665575085657,0.014111080433552158,0.09357392149519056
173,0.025108656539242054,0.013096580439284772,0.09518576109979959
174,0.03033011152098737,0.01840211826039373,0.09197152253191965
175,0.033182572741903046,0.02875027582805026,0.08841643891791828
176,0.03315590534599834,0.032744855094239494,0.0849831333527804
177,0.024976513448725784,0.024027711383613093,0.08139786037155078
178,0.010733867828598129,0.009342818509413653,0.07962233533582713
179,-0.0017884007280752762,-0.005833986420808568,0.08036184146723965
180,-0.009428929543867128,-0.018726582676278317,0.08168011597378685
181,-0.014281328946894024,-0.026892967419565622,0.08244526661133403
182,-0.02019694800069345,-0.030531002593614326,0.08378233064972498
183,-0.02609353252437409,-0.030935963634083435,0.0868057604948605
184,-0.031223408600571795,-0.032435198149972366,0.09123732218098268
185,-0.038734879507050846,-0.04090494335575054,0.09611076919133932
186,-0.0481429650298737,-0.05503055036890781,0.09979660371317511
187,-0.05462300169875198,-0.06403394167824121,0.10155732132920792
188,-0.053608461718250455,-0.06161976389177333,0.10227054078570863
189,-0.05215860658398294,-0.05541408575637592,0.10339856199011593
190,-0.06314206157935315,-0.05953438280053244,0.10649037698187241
191,-0.07736588584579412,-0.07357332379016707,0.10917477818934973
192,-0.07837203607400176,-0.08246373941512974,0.10788262018158146
193,-0.0751420885976492,-0.08573198130626164,0.1033679243512729
194,-0.08207151663412643,-0.09345868284780506,0.09769393251470121
195,-0.09367636291944348,-0.1017540411744535,0.09247856673829274
196,-0.09776127374918228,-0.10390244342460242,0.08760671640566497
197,-0.09236710960628519,-0.09908906189545527,0.08206633645191735
198,-0.085074065708023,-0.0901647811795091,0.07643312233445149
199,-0.0815410785691692,-0.08471110278576433,0.07226570596471196
200,-0.0790835585613743,-0.08258507573640073,0.07070483569318614
201,-0.07510317377725931,-0.0794817964071231,0.06980269543090323
202,-0.07150838952729152,-0.07685581813328513,0.06781464516858313
203,-0.07069052578875812,-0.07646366122955675,0.0653434588588411
204,-0.07514309130672311,-0.07800025434783833,0.061815883915497666
205,-0.08059201423886361,-0.0795934106984382,0.05789648100163591
206,-0.07988494329462628,-0.07786580778683191,0.05458766679426569
207,-0.07353243854515579,-0.0712472421844483,0.05020687065045559
208,-0.06600498642049943,-0.06145725854730694,0.04354688743307367
209,-0.06206901167035825,-0.0553796409188356,0.03442538004708498
210,-0.062209617322084326,-0.05870901707843068,0.023872912266487904
211,-0.06337705893766157,-0.0667055273589637,0.014375512207806716
212,-0.06443880942286803,-0.07261895172385763,0.006731315980515476
213,-0.065062038940249,-0.0729184430906773,0.0009593277586976527
214,-0.0630460980521438,-0.0674766928957721,-0.0032394527738667453
215,-0.058246070256767396,-0.061112133372067445,-0.008202616082644248
216,-0.05446487348514058,-0.05832842828389334,-0.015161798198358284
217,-0.05267290430222274,-0.05768352496739143,-0.022544673506345328
218,-0.051876848934989894,-0.05662480746525511,-0.028268242512235475
219,-0.05048086774974814,-0.05641976829173939,-0.03109553353034858
220,-0.04836980904297794,-0.05652560905538315,-0.03088461769102245
221,-0.04917271163124046,-0.05705644534413798,-0.031032313025278147
222,-0.05219556400979232,-0.05908251282307614,-0.03513823830396101
223,-0.053804325529414374,-0.0608050010604894,-0.04171134199089428
224,-0.05496220869902581,-0.0606483660279612,-0.047871425356598024
225,-0.05649585160882119,-0.05685659379880638,-0.05187319516627857
226,-0.055728986670151665,-0.05147487644550133,-0.05385277523565592
227,-0.053365829663519604,-0.05144928551446884,-0.056009191706681935
228,-0.050661178199397444,-0.054873192306978874,-0.05991532531615332
229,-0.048877340115196455,-0.05508744481828659,-0.06393275253240024
230,-0.04887162043295365,-0.052615310883072475,-0.06580153557585647
231,-0.04704511809769649,-0.04975650126320605,-0.0663999777753029
232,-0.044245402138565995,-0.046976146166302135,-0.06610184999825605
233,-0.04463853539806545,-0.04531548552782581,-0.06424571663850909
234,-0.04775933027750011,-0.04634917773439658,-0.0625914287527462
235,-0.04833847779762839,-0.04728572905072498,-0.06285624228276615
236,-0.044655574691022215,-0.04546787341722332,-0.06440911519958975
237,-0.04136936607203057,-0.042644036199885604,-0.0660130356049308
238,-0.03935262132498554,-0.040756423873800324,-0.06670585469133661
239,-0.03865149397761067,-0.040787325194816565,-0.06764530307561278
240,-0.04276304503738568,-0.04261088010100306,-0.0702760983372249
241,-0.0475530036773707,-0.04367579934683842,-0.07222211011184851
242,-0.044867224188518816,-0.04201688608768833,-0.07139260032988184
243,-0.03846719930154909,-0.03986762218058271,-0.06830632864622666
244,-0.03493407498352645,-0.038737115156469576,-0.06377027681797204
245,-0.03265055812208718,-0.0374476307839417,-0.05879773715229644
246,-0.029530281882511236,-0.0370164369199735,-0.054474147963088526
247,-0.027181202340735372,-0.03716444984616571,-0.05218257456755629
248,-0.027046287705460803,-0.0332392867745924,-0.05295617267865915
249,-0.02827847644180062,-0.028365936350088328,-0.055714830405766275
250,-0.03066199161849463,-0.0297136121520523,-0.05991380005715766
251,-0.032228064369718264,-0.03441144874373919,-0.06558156790596964
252,-0.03332132548070945,-0.037451954482040146,-0.06990305259540827
253,-0.03461535411117532,-0.03822787211837824,-0.07124857572441615
254,-0.03275416516337659,-0.037273289669326734,-0.07058128729098173
255,-0.02854441806814932,-0.03546786065060316,-0.0677668828334041
0,-0.02479937824220639,-0.035321641681270805,-0.06318897495594725
1,-0.026430623352656307,-0.039975880555218335,-0.0584006561604232
2,-0.033460875394106304,-0.04555251286134196,-0.05444411294667595
3,-0.03681331647080341,-0.04424101369704195,-0.05273325246960407
4,-0.034622617432879976,-0.03824728871855988,-0.05205247282827366
5,-0.03145403060130188,-0.0370012758252278,-0.049118661229504576
6,-0.029521815366909912,-0.04044085140142465,-0.04482855599693594
7,-0.029025450607965228,-0.04079994858216335,-0.0418411709033199
8,-0.029035913185870642,-0.03788242157596646,-0.040717705420400596
9,-0.029637258469153563,-0.03366823534358733,-0.04154990992470328
10,-0.03117998872761084,-0.029332720194751333,-0.043443212941278814
11,-0.030838642424265872,-0.02884962144812417,-0.044247830357242335
12,-0.023771242944389273,-0.029261888183258117,-0.044236027112542306
13,-0.010696032750507109,-0.023128294822833975,-0.0441388218284571
14,-0.0024165741336219793,-0.012474557836650704,-0.04296506804541937
15,-0.008561776526302398,-0.009735366547761075,-0.039942318876122304
16,-0.02527297006904875,-0.021389095043377035,-0.03534546393491517
17,-0.04196709037900062,-0.03715186575785459,-0.03055239425366668
18,-0.05125713217931424,-0.045679648522405365,-0.025702179279111892
19,-0.050334251497854116,-0.04816242550094958,-0.02084393202579432
20,-0.04359239830919784,-0.05027824574430137,-0.01667491260401019
21,-0.0422852659503577,-0.054793302169609454,-0.014922961692166087
22,-0.048203279711105274,-0.05856086297591767,-0.016804124966456502
23,-0.055297450187096364,-0.06031043120887425,-0.019506217317848955
24,-0.06205607473351063,-0.06385743245257933,-0.021339133204800888
25,-0.06424383225162253,-0.06735249243559571,-0.02364762999999158
26,-0.06365214936075483,-0.06927129766541545,-0.026512476818901877
27,-0.06506577644642471,-0.07112975687084774,-0.02898785459213779
28,-0.06415535177947694,-0.07101945496339945,-0.031143396392863953
29,-0.06076735028225386,-0.06885561562285777,-0.033605916165589084
30,-0.06092738379699464,-0.06898776441254428,-0.0352864651961492
31,-0.0671160971095831,-0.07194751779497638,-0.03393177209891721
32,-0.07460918984459602,-0.07358708755704785,-0.029081555702606218
33,-0.07662533108152403,-0.07442907014015637,-0.023224190963871037
34,-0.0732758691943598,-0.07620470010322516,-0.020144559268226038
35,-0.06973770345394846,-0.07713524148411624,-0.020737452080840896
36,-0.06523344458133257,-0.07279820212668088,-0.022802128385310483
37,-0.05783778907881153,-0.062030119205611786,-0.0241111153419536
38,-0.05218916436961933,-0.05407388952743303,-0.02378831224267823
39,-0.050204262581691986,-0.054267031111966596,-0.02311937792994445
40,-0.049916501407194,-0.05684264719323387,-0.023595885116031015
41,-0.0513465312292761,-0.05818250423026669,-0.02267824828292475
42,-0.054070358529221124,-0.059443743494015766,-0.01780887684625236
43,-0.05603842815070714,-0.05968352748561159,-0.01289750172545559
44,-0.055186421183592266,-0.057783432779534405,-0.01143981049247868
45,-0.05281362727348686,-0.05420685562212693,-0.012209971391143836
46,-0.05219675967350794,-0.05226569504232759,-0.014033190863709799
47,-0.052099418742718395,-0.05576970656593071,-0.016544510704330044
48,-0.04958928234430418,-0.05775189205476128,-0.02008165847592419
49,-0.04631003638591252,-0.054493297018303744,-0.02447419102007639
50,-0.046507711262069235,-0.05499252440018443,-0.02746304500234728
51,-0.04974242762913797,-0.0611658129843973,-0.026370649226678686
52,-0.052768858540637814,-0.06529151835152325,-0.02166673228765288
53,-0.05251678933982584,-0.06282737786426915,-0.017545132545436895
54,-0.047226618548174074,-0.05574402035095957,-0.016749874186237516
55,-0.04197241454574016,-0.05061501636612606,-0.017833087635568137
56,-0.04134205770821159,-0.05148292462686618,-0.019099869914286846
57,-0.04041912924432818,-0.0517978133252177,-0.020454603897517562
58,-0.03592790637576375,-0.04777961244159626,-0.020654008699181988
59,-0.033304799866154394,-0.04490730287008875,-0.019999869501507193
60,-0.03544564916491835,-0.045839197893273204,-0.021453842268519208
61,-0.04072896240048529,-0.04814039361768832,-0.02405061859706538
62,-0.045820661647395566,-0.04854926723643224,-0.024379689904268337
63,-0.046243276064692654,-0.04717672455030325,-0.02342290079805867
64,-0.04268587017733104,-0.04736562993761023,-0.023462791662653
65,-0.03848223082823064,-0.04941861959661581,-0.0236375598818597
66,-0.03537515141470941,-0.048629552032661644,-0.022550846613215655
67,-0.03384630358514182,-0.044786053634911144,-0.021056129123022276
68,-0.033237051222378966,-0.04104134976890336,-0.020072838863139954
69,-0.03382468813236125,-0.03770257100070454,-0.01843676440658513
70,-0.03608485749155775,-0.03689447345356156,-0.015693922104887494
71,-0.03862753718669347,-0.038510589857734284,-0.01369530713102253
72,-0.04000410198202603,-0.03857475316062113,-0.013976068864756871
73,-0.04030143822545543,-0.03678493161219673,-0.015295346100995089
74,-0.04115930498114871,-0.03638097437134502,-0.015575334189853289
75,-0.04329722129055712,-0.03803827326742991,-0.014628287022346583
76,-0.04302492576159239,-0.03932545450899516,-0.013245954926851006
77,-0.04034530359230909,-0.040276199530153003,-0.012355959313726718
78,-0.03873546009344386,-0.04000841176935628,-0.012289513938342034
79,-0.03893655850990539,-0.037415576783324106,-0.012248925230874605
80,-0.042400377562533426,-0.03658182904855914,-0.012566700588158834
81,-0.04838378637022324,-0.041522461397027005,-0.014707729232917424
82,-0.052527354134275034,-0.04805998199212558,-0.0177895323860201
83,-0.049921304795905924,-0.04843009844901719,-0.019850232206425122
84,-0.04229448945763825,-0.04276680900635235,-0.021385301830549305
85,-0.03666820708582588,-0.0385845834336655,-0.022730548465704072
86,-0.03533062068407811,-0.04022240813785491,-0.023506913513936717
87,-0.0375793276776141,-0.04267358103228151,-0.025006759801559315
88,-0.03991817290352136,-0.03970062196137121,-0.02603922344722101
89,-0.038340315845330354,-0.03370430222693896,-0.02486728679460637
90,-0.03566758464959122,-0.031192417424899005,-0.023460441151185216
91,-0.03667850600728503,-0.03208798323550614,-0.02264974885136957
92,-0.03978449759428839,-0.033718469349379054,-0.022105615914322085
93,-0.03997628772738761,-0.036013291080661855,-0.021222774702502264
94,-0.039452368286162956,-0.040348466142545905,-0.019321790952161126
95,-0.040512876890600846,-0.0450474688608328,-0.01784201108705578
96,-0.04120813732836995,-0.04538657645404032,-0.016450258040974865
97,-0.04292362290901108,-0.0426509375371323,-0.013830998226750837
98,-0.04447630427543067,-0.040115623618284274,-0.011381378632426178
99,-0.04437216711747757,-0.03945832480256008,-0.010468344394995124
100,-0.04421043080478898,-0.043204858046929445,-0.01105436256979872
101,-0.04585686361823958,-0.047828217089988995,-0.012370415989041594
102,-0.04851957332276019,-0.047611185746548074,-0.014271547913044705
103,-0.048446297280181544,-0.04571143062921623,-0.01657175596377844
104,-0.046383441682474574,-0.0465145519037439,-0.017454279210488505
105,-0.046933255573426286,-0.0471470096615418,-0.015974488302353335
106,-0.049582461595169935,-0.044827912583112584,-0.012987035821559023
107,-0.050821111184749274,-0.043595951689021334,-0.010024954206588853
108,-0.053604311028855295,-0.04575207521129909,-0.00864632123109027
109,-0.059130326575613165,-0.04870315992063612,-0.00946775032438172
110,-0.06095574744278527,-0.04971307557931841,-0.011878731510725958
111,-0.05529999727803431,-0.04664752017987221,-0.014097071270570166
112,-0.05073617634888429,-0.04294161014949231,-0.01554954274047704
113,-0.05444352847247044,-0.0444992844402962,-0.017241299243950094
114,-0.061413458941542265,-0.051331981440809804,-0.01912376747036465
115,-0.06871197856184333,-0.05954523545260815,-0.02043958394144017
116,-0.07707753687162872,-0.06952988557920053,-0.019948714276869124
117,-0.08567477733558596,-0.08040054998410448,-0.01817760652181062
118,-0.0852806389508236,-0.08405676681497859,-0.017513452074316357
119,-0.07305169830051983,-0.07589066464618158,-0.0190297077838434
120,-0.0669340647873288,-0.06577966973101723,-0.02265775786459548
121,-0.07950191010645102,-0.0745639932463748,-0.02614200590125538
122,-0.10059225288801138,-0.09974115888385374,-0.027382670024241773
123,-0.11626445121944937,-0.11526147114925786,-0.027419779820296482
124,-0.12995538596597134,-0.11935356454753829,-0.026561107421679456
125,-0.14847820374679505,-0.12669699938003956,-0.023783241558592655
126,-0.16595289654532297,-0.13810136894748637,-0.021112539040588574
127,-0.17653840220536854,-0.14938568817043968,-0.02118410774302204
128,-0.18614248227289032,-0.16487245757929725,-0.022918682448533775
129,-0.20278426241027814,-0.18900050198965268,-0.023915130644198757
130,-0.22176192757606328,-0.2127241289625682,-0.023267980137862784
131,-0.23692494761474592,-0.2289194477513261,-0.021550575544351136
132,-0.24975157507202406,-0.24168290698660877,-0.019529526097491937
133,-0.25683582318687437,-0.2533876548384971,-0.017946774122713723
134,-0.2577983672114248,-0.26412576950417743,-0.016871735004296312
135,-0.26027870842243284,-0.2715738092477248,-0.01433051467044965
136,-0.2662487937196151,-0.27264376803560153,-0.009322676967658802
137,-0.2729723274488207,-0.27096865379314383,-0.004253146401400232
138,-0.2790564226128863,-0.27028336073266446,-0.0001261108748898121
139,-0.27998352840118856,-0.26788835743254413,0.004850740387007439
140,-0.2704955808649364,-0.2602252528532992,0.00991778648470365
141,-0.25601738608840485,-0.25020528631119243,0.0129271254149941
142,-0.24381574081539215,-0.24213343895947392,0.014718786051400715
143,-0.2334186408646538,-0.2344555266987225,0.016826178336738884
144,-0.22220028276116355,-0.22224751997036996,0.019110507895082826
145,-0.2076256286326248,-0.20485309785505246,0.021771745078658013
146,-0.192676519044359,-0.1895810223427904,0.02502266327164169
147,-0.1826363719594149,-0.1779121041631001,0.027455888369971253
148,-0.17507731664767312,-0.16489234541039066,0.02882511955399541
149,-0.16526130876855138,-0.149637646778553,0.030315808550105017
150,-0.15153952923744485,-0.13300352191305193,0.03226553916480232
151,-0.13430377570869584,-0.11584791651602433,0.03570921248486103
152,-0.11695263779757492,-0.09905161627734771,0.042166022055304286
153,-0.10325361495864566,-0.08484372084093905,0.049245295036415976
154,-0.09367165857133103,-0.07421566669073851,0.052092223217292205
155,-0.08222595905842725,-0.06219633201330274,0.05062500176561292
156,-0.06441314752474198,-0.045821632382912286,0.04811265586108528
157,-0.046805961916935104,-0.030806978761502207,0.04567212327029019
158,-0.034710877925033023,-0.020364201007483818,0.04285325323604956
159,-0.024705847843425693,-0.01113274306809875,0.040505284659932
160,-0.015377287312998242,-0.0005785801574130917,0.03838328878451788
161,-0.008631304621141124,0.009738175444451519,0.03353599178293458
162,-0.0036945948419754085,0.018028411305344577,0.026244593239802688
163,0.0046341353908871605,0.026295273778313394,0.01908203442291219
164,0.017429081366835165,0.03711060234402133,0.012881783267511798
165,0.028829304286600903,0.04968838855952068,0.008037219723567073
166,0.03932700227641314,0.06035221983245531,0.004182445858786486
167,0.050640992331774215,0.06839432221161479,0.0005288849784349965
168,0.05756331005597637,0.07300337667897702,-0.0035535849968214087
169,0.05817861578300709,0.07247861502348946,-0.007707264655827963
170,0.05957089240938382,0.0728852838707906,-0.01121382906612982
171,0.06673521405570756,0.07893291401809555,-0.01521464814248558
172,0.07686210529928852,0.08727219396330366,-0.01908023868465536
173,0.0850173460333975,0.09569916389247052,-0.022102512394513142
174,0.08550421725900748,0.101951570187501,-0.02675099268767088
175,0.08198677430002885,0.10275127491840308,-0.03278444570798793
176,0.08424155528855551,0.10139162431838783,-0.0374039982666039
177,0.09132399683542264,0.10437132606118171,-0.039433206399753604
178,0.09954198693450614,0.10946470446424472,-0.038390670082640105
179,0.10806441104069603,0.11067184920882661,-0.03451266532202024
180,0.1124395465837239,0.11022436680210201,-0.02822768648258718
181,0.11209128489989861,0.11169188296348359,-0.020020727805331914
182,0.10957262068797452,0.11393000449055884,-0.013258398787480738
183,0.10563802083085455,0.1149813260801053,-0.010427782402355461
184,0.1037457935434567,0.11391592667606959,-0.009661387659062125
185,0.10341200862753464,0.11115260253765225,-0.009915517189269848
186,0.10229676356925926,0.10784253962268792,-0.012061342093980756
187,0.104312364025581,0.10684225273478126,-0.016013032090026046
188,0.10754627200401651,0.10994868951981418,-0.020945341758127546
189,0.1052358039012212,0.11246599677030017,-0.024250192497834236
190,0.09835271744756113,0.10959022259267887,-0.02348558760340612
191,0.09186006172965161,0.10441892408441694,-0.0192023889904136
192,0.09131815034831381,0.1038144925131384,-0.012619061190534436
193,0.09697755589534451,0.1082019049977977,-0.0028577286916746936
194,0.10084694309017267,0.11104184595732536,0.01125415841588686
195,0.09896666700102064,0.10946880857506247,0.027353825615793435
196,0.09840053924589379,0.10764663386934464,0.04244240385491202
197,0.1039747886356534,0.10721343500564173,0.05528409450746369
198,0.10921832039006488,0.10688831842138125,0.06421367348860169
199,0.10931029277235238,0.10588985047331229,0.06688768743708218
200,0.10719580176578053,0.1039009340292576,0.062480744556718426
201,0.10674978201757218,0.10515808340618849,0.05183098645665063
202,0.11009510309816323,0.10921190560352417,0.036876387965306956
203,0.11458707434170173,0.11104301952745715,0.021505312180998964
204,0.11540586951631504,0.1097541310805576,0.006172011228702784
205,0.11215674222522992,0.1065997937179129,-0.010709626719864349
206,0.10639195575818758,0.10168132395973412,-0.02463186938206599
207,0.1027490223614187,0.097003933365651,-0.030194064020300976
208,0.10260240888797953,0.09559966624940108,-0.027411116495876825
209,0.10205155819724226,0.0951341717441812,-0.01858745512185414
210,0.10387014954670165,0.09330070090924034,-0.007222984480947076
211,0.10819083592917705,0.09227015438872588,0.00021757254837466433
212,0.10929864262904554,0.0929762475531199,0.0002654169104219506
213,0.10655748977018964,0.09324631179931916,-0.0035542081642112727
214,0.10279941748299054,0.09350063477567819,-0.007402699612668068
215,0.09936181289873558,0.09336480801336441,-0.011026559300618854
216,0.09681975949634969,0.0917362614515364,-0.015638571899522752
217,0.09692163168418233,0.0918958906629696,-0.022380408850444358
218,0.0961104560391858,0.09405881642432457,-0.029605001525859015
219,0.09044795945349288,0.09104745734304737,-0.033757897966665784
220,0.08424749256469738,0.08251115718870913,-0.036494878257843505
221,0.08211599219458474,0.07733638034058243,-0.03881777565452077
222,0.08510304119181353,0.0790162694185933,-0.036613632499001486
223,0.08948878370689589,0.0851419310115932,-0.031504607086460426
224,0.09034055627660056,0.09056288068911422,-0.028329301797166515
225,0.08771317883618973,0.08927465225058698,-0.026709351887266614
226,0.08137401375717496,0.07889816404999958,-0.0244466212251148
227,0.07483797602514933,0.06702113285494166,-0.02096135858528512
228,0.07551776993589196,0.06646227019138576,-0.017946161548993297
229,0.08072622548823297,0.0742938212332599,-0.0182146003271417
230,0.08109567584912444,0.07492433018107167,-0.020500112953574706
231,0.0742641909756214,0.06745185513326091,-0.020896004142632083
232,0.06642184913271582,0.06333567326583578,-0.0179045975571189
233,0.06344671652499637,0.06348370278851109,-0.011741139692244898
234,0.06521155396674244,0.06402403879099802,-0.004087120250672781
235,0.06634795927304793,0.06515951110330478,0.0014124031893449907
236,0.06464460974225852,0.06425525042701963,0.002044086629324475
237,0.06239295095709116,0.058739782046654004,-0.0012846665214350517
238,0.05707534599055683,0.05248134802846394,-0.005744540502791641
239,0.05178962489821701,0.05094454697732001,-0.009491717124395081
240,0.052161478467679934,0.05350260539846016,-0.012458830812281649
241,0.05312777200634236,0.05257249076692361,-0.014593881570533915
242,0.052461930500215165,0.044191951991250894,-0.015526904202468536
243,0.054098702499154216,0.03848910452578048,-0.014764783672970884
244,0.05594593411305274,0.040224101926207095,-0.01127770944015559
245,0.05123182663831746,0.0402075429406697,-0.004211037220153608
246,0.04573768719876778,0.03861871285409381,0.003979120266580441
247,0.04686177724796342,0.041272427973219755,0.009328858821060179
248,0.049439881212118536,0.04591922225104597,0.01133096961140203
249,0.050772272076702554,0.04794940280031443,0.010500594909476059
250,0.04755037744397747,0.04489061830070498,0.0078031307685302795
251,0.038433004791464984,0.03932563897993799,0.005455246696369445
252,0.03356471467351996,0.035818706243560386,0.004506566331631864
253,0.038878329682929064,0.03582630344059115,0.004827333376989033
254,0.04832447122550089,0.039371675367095495,0.007431515096643037
255,0.05276197966044743,0.04170021365990324,0.012896349908946638
0,0.048088909682648576,0.03669806407444225,0.018299757051174197
1,0.039359332451800844,0.02683303761101144,0.021493601759217836
2,0.034212541434788885,0.01967193209044503,0.022735961115741908
3,0.03302950690063358,0.02090949542471754,0.02137204725197285
4,0.034153110560085354,0.02863300717066962,0.018521376743562093
5,0.03776280198694179,0.03477317067608815,0.016933642549330746
6,0.04076987257490143,0.03391270088157,0.01676656838045225
7,0.03933428454136604,0.02694326546492256,0.016195647097837794
8,0.03478856416312182,0.02131099928550157,0.014311600078156565
9,0.030572367992187058,0.021561136150102016,0.011867418783189726
10,0.028709368609553698,0.02385242356711588,0.010638829688433354
11,0.03089191195895795,0.02690649063731064,0.011789013909549693
12,0.034287119509210345,0.030738856686039748,0.0133637960088245
13,0.036313076055137464,0.03205675806791203,0.013224248755447823
14,0.03811033407983064,0.03195242843291006,0.013940237147403625
15,0.03912575523064839,0.031038633786031167,0.019205687872868457
16,0.038974571626497756,0.02738005191026019,0.02871512000199812
17,0.03852648038054181,0.02477865995436393,0.037424996235181654
18,0.03911537712529417,0.025823362042092804,0.0396456168766431
19,0.039602564075982144,0.02499067235187788,0.03615126444385651
20,0.03765332097613158,0.019717760386283728,0.03279408410233835
21,0.03538556347023633,0.0170744589577327,0.03207160659158545
22,0.03469640743496255,0.021095534985110714,0.03115014324310683
23,0.032087984323873955,0.023495429317458058,0.02939065248805621
24,0.02581990407869475,0.018800983794317994,0.02859068607034991
25,0.022145157729070886,0.015376635321733001,0.028147380988324103
26,0.02602088892449903,0.016409125216504408,0.027613040777601683
27,0.0314422294939697,0.015139460967107159,0.027717993158787396
28,0.03024596396797922,0.01270220146737211,0.028734911327700202
29,0.026615418192900572,0.014963719957788627,0.031602958848687364
30,0.028093512056692832,0.018677804480586965,0.03755123795369343
31,0.03210692623409023,0.019678247952412097,0.0440646887812713
32,0.03266677573228874,0.021646900261692865,0.04803014467497957
33,0.028344361731076434,0.020540571433676838,0.05035049116774609
34,0.02482079295621588,0.013318559262910416,0.05266822770645424
35,0.024566064357505524,0.010149377700591725,0.05503780889840029
36,0.0241794220540869,0.013972341857225713,0.05613336607541208
37,0.022892050664246162,0.018819336493597995,0.0560073104876975
38,0.02063487126161481,0.021634537368213472,0.056355441260155015
39,0.021105548090389642,0.021170195506759214,0.05838153415979931
40,0.022915221230020433,0.015067848331342403,0.0632927212421747
41,0.016186313803518926,0.005333725354746147,0.07037928413736343
42,0.005146208056820797,0.0001439061682380685,0.07696076098964422
43,0.002817679155023345,0.005300230189109197,0.0821424751538809
44,0.012760239694326568,0.017586497140381487,0.08582727248153638
45,0.029815081094116,0.026439776792407374,0.08758336558833268
46,0.042261612427879784,0.028925489774820463,0.08883018843826507
47,0.040937650206657225,0.028407737542972076,0.09202108141192239
48,0.027728130530405536,0.019520705697735258,0.0973941510485487
49,0.011233823821360359,0.0029664240843504663,0.10118272732862571
50,-0.00013009072798753074,-0.009423866538064374,0.10063246776168228
51,-0.0007125848248181188,-0.01084210838552259,0.09907962969514184
52,0.005999627273823027,-0.004603381013254609,0.09894948794939346
53,0.010793091163372792,0.0006362727912991445,0.0996745769808719
54,0.010493581817317327,-0.0007991524645543646,0.10352183141118187
55,0.0029379177628260644,-0.009251677199000885,0.1103560591514326
56,-0.01041512102268713,-0.01920880908606698,0.11559050256276432
57,-0.01784299604891998,-0.024260204436007293,0.11689623391980186
58,-0.014758790860498167,-0.022519507529041638,0.1144674471528716
59,-0.007275599534037516,-0.013160555645208405,0.10930568479379904
60,0.0010517423492690525,-0.0034333393956851033,0.10389704284338702
61,0.0037581201938197972,-0.005592618424734561,0.10168037261631901
62,-0.0029618723666242908,-0.016987472203260898,0.10429180973975155
63,-0.01007830510319506,-0.026663619267881106,0.10899220735637499
64,-0.010510585174719991,-0.030287039862549298,0.11145575269275482
65,-0.009382816742736541,-0.030239916507082576,0.10959553126168453
66,-0.012760117558997808,-0.02861065475489774,0.10480110251945013
67,-0.017186879588053622,-0.025763273123227348,0.09921986210761663
68,-0.017286204985094138,-0.024135066373434155,0.09292628866957342
69,-0.014564391018874003,-0.022686406435716903,0.0862889504075916
70,-0.01146676873997049,-0.018679535175446987,0.08002670525059183
71,-0.010274479305832591,-0.01602007026782057,0.07388538842088171
72,-0.01299339999176869,-0.017478932067786383,0.06862905834887797
73,-0.01576062716105238,-0.020678989358485594,0.06551861029666783
74,-0.01631436156948761,-0.026013885730527424,0.06553115365371143
75,-0.017507808448469914,-0.0328289837297725,0.06785518029305329
76,-0.020162836288292962,-0.03583136532824785,0.06854627216414294
77,-0.020553259335140586,-0.03246717614507924,0.06623152901685664
78,-0.01739999185962625,-0.025527823665272897,0.062235258210603245
79,-0.011132042162749878,-0.021109790641563916,0.056269038084901996
80,-0.002458696990552206,-0.022546338155845197,0.048141968871029006
81,0.0009184748271390195,-0.02485005622866325,0.039246614104777366
82,-0.0012446984299906497,-0.02354880134214256,0.030346138536248207
83,-0.00014946634169228645,-0.020086012667681577,0.021436247035832787
84,0.0017387930202110748,-0.016863867163430128,0.013145535158517102
85,-0.0018330001421895392,-0.015501132348990913,0.006597174626109287
86,-0.007528898165957407,-0.014970223273682498,0.00241903957986854
87,-0.007419251841963549,-0.012015725325671744,-0.001257938040779033
88,-0.0005938136661464075,-0.007905528875279219,-0.005822186579224946
89,0.0033239264581207476,-0.008382913968282515,-0.01147315665436656
90,-0.000853933524436936,-0.013074488628616716,-0.018551928088567093
91,-0.0054576722370487454,-0.015337160809390862,-0.025492405464536495
92,-0.005189629144535968,-0.01299441333447425,-0.031471755148775225
93,-0.0025728160415993684,-0.007170634656960009,-0.0364458796542565
94,-0.0003114015154528568,-0.0015700226504124504,-0.03986640328529137
95,-0.000537402193496149,-0.0020336907081741767,-0.043060698611743
96,-0.003157838953360678,-0.00685589949711795,-0.04586778631460847
97,-0.005853381250835274,-0.011285864071935797,-0.0452223931692719
98,-0.006292572264256301,-0.01589341589377468,-0.0417168410705131
99,-0.0037138088957451784,-0.019776126917730022,-0.03980841024725576
100,0.00010971724123459009,-0.01886007500377888,-0.0415116616554835
101,0.0014252235363345425,-0.014826649939420733,-0.04598925143702204
102,0.0005436997102584232,-0.011605191989120463,-0.05240250114926461
103,0.002821636787386894,-0.007755288084673614,-0.05946680304499648
104,0.007240171533505757,-0.0021849010417378384,-0.0649203806268577
105,0.005292723737771815,-0.00045331784438520234,-0.06826021481215741
106,-0.002989069583603206,-0.0052396094481020825,-0.07088172744768823
107,-0.00746113715431769,-0.010697872678299563,-0.07219735540017225
108,-0.005524421055154459,-0.01305305034444718,-0.07034940529671185
109,-0.0017671699111866113,-0.011554862909904977,-0.06615129426245123
110,-0.0005562566951862608,-0.010132586326518134,-0.062202622681267056
111,-0.00146198789966457,-0.012872398785455506,-0.05944487472390256
112,-0.0013532685453286376,-0.014049400239097669,-0.0582759178160953
113,-0.001553215240840216,-0.010169396910419612,-0.059143945650747584
114,-0.0034724285692394052,-0.006122532021261409,-0.06047411646046333
115,-0.009027099759369835,-0.010081547102237728,-0.06069719585126937
116,-0.013675119136115986,-0.021497262445786033,-0.059315695792164835
117,-0.010460930484093606,-0.02801631729414782,-0.05724263386760006
118,-0.007799374072811227,-0.025425911426134127,-0.0571637086946504
119,-0.012959716379845276,-0.02135793596654322,-0.057746300653653826
120,-0.016841187870113766,-0.018817952779208842,-0.055416605517371265
121,-0.011691530410016457,-0.01405006394028277,-0.05189250104217705
122,-0.0025645367302157066,-0.009439740690298293,-0.04997792334677535
123,0.0003979726721277249,-0.011480596013945008,-0.04966720427084623
124,-0.004801664060902863,-0.017625103130468278,-0.05031718804657209
125,-0.01202768860087397,-0.022254260413846767,-0.050828451028004845
126,-0.01762336551023322,-0.025174898877010868,-0.05112820184858005
127,-0.02206381447328011,-0.024828846602496714,-0.0521901026601361
128,-0.026026101715113707,-0.021012404530411796,-0.05307884007896088
129,-0.021267073976553613,-0.015473229848783625,-0.052054864326488814
130,-0.008533848582364806,-0.01204371416174542,-0.04876056397876166
131,-0.00801245667210812,-0.018173668485509692,-0.044673875835973265
132,-0.02087751859684285,-0.02907616198233129,-0.0423768642714656
133,-0.026999528281079134,-0.03390380411858193,-0.04194532442336596
134,-0.021825186113545253,-0.032211756003344444,-0.04118822273117356
135,-0.015482864424544801,-0.026987125268439553,-0.039763115698704526
136,-0.012908254409355571,-0.020556249542905795,-0.038914395610057634
137,-0.016497317685797555,-0.01877892939175027,-0.03863003813533497
138,-0.02227279243487479,-0.0238547785969266,-0.03726783423838864
139,-0.02603458283458611,-0.029830032524829783,-0.034168910618482234
140,-0.030535357465622748,-0.031084042737440115,-0.03130474890317521
141,-0.03097479423627114,-0.025906836004789713,-0.030178011257403457
142,-0.028874678446682206,-0.02125418101046693,-0.030328787833008866
143,-0.03301823753218404,-0.026027773810583937,-0.031129828349055408
144,-0.037329799932474005,-0.033053816005866765,-0.031398828827593935
145,-0.034518192058458005,-0.03387078448840114,-0.030389053428532944
146,-0.031257181450472155,-0.03175541884813042,-0.029240631043197948
147,-0.03014194521804034,-0.030709240437456896,-0.029304231369486733
148,-0.02872098700997114,-0.03508480183996062,-0.030002328232577674
149,-0.03149678139967804,-0.03728533143091686,-0.029561353616831765
150,-0.03524446596453576,-0.029014536014474332,-0.028144656430178064
151,-0.0338130654117392,-0.02404682239920833,-0.027222159386553375
152,-0.02913907743966751,-0.025256913085600408,-0.026273173874241478
153,-0.022338813219283563,-0.022584598861516633,-0.023529082435054985
154,-0.018706708329769152,-0.022495019793445453,-0.019361040607211753
155,-0.02285453366270243,-0.029052171396750932,-0.016121005845236628
156,-0.031013981601935234,-0.033769959216019864,-0.014747668851821175
157,-0.03805562180057915,-0.03245757277213649,-0.01509485705609559
158,-0.033924436723038284,-0.028386498488416123,-0.018081390090579186
159,-0.023678691846958505,-0.03071038357587136,-0.02282159193342706
160,-0.026100701307397,-0.042065195950318546,-0.025454595616251893
161,-0.037851211576546695,-0.05210889157596088,-0.024237437500925316
162,-0.043616684824130114,-0.053326094593563356,-0.02101421978945576
163,-0.04233623416613698,-0.050795336703297195,-0.018147112592206048
164,-0.04201194182890739,-0.05070256636514461,-0.01666537866972287
165,-0.04288657916889422,-0.04944917182585061,-0.016249148941389235
166,-0.04220539331276485,-0.0445250281578861,-0.016261845729481292
167,-0.03951582083659397,-0.03723837736980791,-0.01623911223224349
168,-0.03337044559204502,-0.030556068994977564,-0.016788255765852328
169,-0.028010143820131728,-0.03193390593658964,-0.01888308291721541
170,-0.02964819766804916,-0.04030176807757971,-0.021675989296498215
171,-0.036053317503762616,-0.04632600373535192,-0.023670298388456707
172,-0.04352816018171636,-0.04871264538484309,-0.024815807754172553
173,-0.044841619975552624,-0.05052624118653358,-0.025995332934360467
174,-0.03475646620882658,-0.05269996052400555,-0.026414653937500893
175,-0.030544480228469964,-0.06094998101942101,-0.024709365171806108
176,-0.04019216207796296,-0.07268770850525155,-0.0231495867903055
177,-0.04096684242706468,-0.07207048226682122,-0.023010501548664963
178,-0.028210819979737706,-0.060731373100536085,-0.021576220063976928
179,-0.015791864750602458,-0.049244496752140376,-0.018006755489742024
180,-0.01356019581896492,-0.04319899774120037,-0.01314956829989585
181,-0.025857592998082074,-0.048546450065609675,-0.007578621545399178
182,-0.04108354583882384,-0.06094003472922804,-0.003713216194797194
183,-0.04526618610097072,-0.06909306938860373,-0.004452039006541973
184,-0.03415367752248806,-0.06686430258024069,-0.008460758292128542
185,-0.020679342061634767,-0.06368963973959593,-0.013145835232855969
186,-0.022463471583650474,-0.07119683155872991,-0.01910143441922793
187,-0.036771447871079055,-0.08103428287584868,-0.025184085208737092
188,-0.04820569958388207,-0.08087044507440388,-0.02877899811398947
189,-0.050868338207728014,-0.07550663875774327,-0.03029424045583598
190,-0.0465670090435559,-0.07375030384995712,-0.031037360439723147
191,-0.03571360806606394,-0.07616827044081667,-0.030878549032336555
192,-0.02561094086484489,-0.08074078584534417,-0.02789311160230183
193,-0.025386341335688713,-0.09024850134396854,-0.021257079747581425
194,-0.03337121903004574,-0.10271632688643953,-0.014448276376593516
195,-0.036110730844869696,-0.10338225043276901,-0.011078493082642325
196,-0.029624955212367736,-0.09574708921938108,-0.011624963161008212
197,-0.02467676449733565,-0.09175493012496322,-0.014160589177483847
198,-0.026618789786205382,-0.09330103488006297,-0.015623274998135312
199,-0.039594594320988635,-0.10817725264405237,-0.015463100444438624
200,-0.05620137508105433,-0.12589186214147557,-0.01565658674443651
201,-0.06310030155786672,-0.13197451246884417,-0.016901870400707827
202,-0.06540631317324544,-0.13086648679187024,-0.018449525996095173
203,-0.06133545985143987,-0.11779469842335172,-0.019438804938423107
204,-0.04767923382252448,-0.10145423382960667,-0.019237441101127503
205,-0.045863112549725804,-0.10841096231661734,-0.01769519262582095
206,-0.06170337281728605,-0.13288182789940983,-0.015523233683228284
207,-0.0749999958868677,-0.1505674876438789,-0.013918345703377565
208,-0.07731010879151679,-0.15350476446037586,-0.012479638592307746
209,-0.0777836356454156,-0.14932261861884877,-0.010627216962213443
210,-0.07897857291444496,-0.1458253542761429,-0.00809992153408956
211,-0.07343159139803776,-0.14244919618895663,-0.004791286935378194
212,-0.06305352222330785,-0.13853785804963664,-0.0018305117976656765
213,-0.05053715299740452,-0.1326729451275579,0.0008772243385112427
214,-0.03996795678624818,-0.12375829027964302,0.0028643636011597
215,-0.0477015445984213,-0.12421948734330368,0.0023721946212468675
216,-0.07827695089354438,-0.1461304335882973,0.0007860854600155523
217,-0.10647316789275935,-0.17641171233515934,-0.0002676495323824385
218,-0.11025526268530049,-0.1927153418093377,-0.0013161723975670114
219,-0.09101471586686594,-0.18374105543240238,-0.0016076024596997987
220,-0.0681372921102898,-0.16194876446785034,-0.0012970769626513695
221,-0.06659201301673001,-0.1561772467869157,-0.0011995271486532587
222,-0.08734462902074869,-0.172216909044699,-0.001400036271638365
223,-0.11189978004684326,-0.18982377159841124,-0.0023974455771312436
224,-0.12523593064543753,-0.1965968226490613,-0.0019187555798374778
225,-0.12555762351544722,-0.19661156942997582,0.002351712067847976
226,-0.11780781888434388,-0.1887118320473084,0.006820294967049403
227,-0.10262930000130147,-0.1750862146795764,0.00712207231860016
228,-0.08476891407847509,-0.17262509444549173,0.005188676893897126
229,-0.07953976712999788,-0.1843687222507201,0.00409347828676597
230,-0.09453690363405437,-0.19600642082836273,0.003654442926647343
231,-0.1162848755407746,-0.20267802814955382,0.0026755028318340077
232,-0.12466491150468961,-0.20712958941127224,0.00012737476856455876
233,-0.11843778079005979,-0.20353539137311383,-0.0035630175779718734
234,-0.11700236329402897,-0.20124861664493987,-0.006892883268555049
235,-0.12307350027289093,-0.21102195613023783,-0.00924477537354184
236,-0.11846017276322568,-0.2108017315339552,-0.01097649977806809
237,-0.10248288257488752,-0.18917442507138144,-0.010837135731267685
238,-0.09191315425124941,-0.16979939939926125,-0.007850489926606443
239,-0.09714615578220809,-0.17525974568245684,-0.003740879460347733
240,-0.1092572631581964,-0.19333315422899044,0.0007068324333161635
241,-0.11047711283759493,-0.1994761287135074,0.005688925133309607
242,-0.10608507214907958,-0.19562798049899266,0.010541397772468056
243,-0.10836685617054537,-0.19351598979143886,0.012851887565924862
244,-0.11002596641835599,-0.19666496823143365,0.010351569625259145
245,-0.10832567724356396,-0.20449205233870632,0.005237175065550263
246,-0.10422739948728332,-0.20885885545072713,0.0008295497301995386
247,-0.09666686779921657,-0.20499638412649734,-0.002032680429387604
248,-0.09764139832657076,-0.19906288325217925,-0.0035161005792631456
249,-0.11160329081626996,-0.19559787952027896,-0.004404553408578871
250,-0.12104126526239628,-0.19472820914713607,-0.004677507690766934
251,-0.11449850728304595,-0.19177722854270973,-0.003939127720574323
252,-0.1048778283558274,-0.18550851801911233,-0.001989771280069663
253,-0.10356912033935825,-0.18342087520245443,0.0010350535581593462
254,-0.10396235551476155,-0.18584567674197755,0.0030971903598539935
255,-0.10463569186204555,-0.18686291472177058,0.003329146822424016
0,-0.11196636240516383,-0.18569005454919574,0.0021400433340033193
1,-0.11551495977194559,-0.18430432620202658,-0.00006122932096529199
2,-0.10814182050454019,-0.18659228181554166,-0.002240002749630543
3,-0.10515275659119472,-0.19215079429996096,-0.003479612418877648
4,-0.10721432459598257,-0.1911440817912966,-0.003490563907308314
5,-0.1049420464434444,-0.18215757154664491,-0.0035687753709690018
6,-0.10117250934890434,-0.1770772106360834,-0.003297766306490049
7,-0.09830436353284483,-0.18032349638009887,0.00006286430634216966
8,-0.09745050140744149,-0.182939639243843,0.005474792600167297
9,-0.09534096641705486,-0.17717881976034355,0.0079851159722307
10,-0.0963189450323069,-0.1703723484000476,0.0063645927603963315
11,-0.10577366964199514,-0.17052840586869839,0.004655394382803907
12,-0.11108835514811627,-0.17289348575911634,0.004475826957162976
13,-0.10798916166374695,-0.17661707934843895,0.004239392764491173
14,-0.09907677634899731,-0.17823083024401065,0.002599669229546006
15,-0.08579855715314788,-0.17094780339184978,-0.0012567583059322415
16,-0.08380855759180245,-0.16637160830947145,-0.004883860712802238
17,-0.08977210835466656,-0.16822837707898164,-0.0042472321138578295
18,-0.08733327641823296,-0.16863130517555586,0.001039303150234011
19,-0.08649813323216021,-0.16709197749533777,0.007137752991566507
20,-0.09017532780899809,-0.16243903949248129,0.010190016931060634
21,-0.0858937983305276,-0.15903613585062437,0.010814956329307568
22,-0.07542413710885279,-0.15754227611143234,0.011682167597893894
23,-0.07691122011043605,-0.1588080850738357,0.012117126316728316
24,-0.0983488931679058,-0.1719609309550425,0.009780346160532624
25,-0.11755260062821471,-0.1872996747704217,0.0048739316034766
26,-0.11890951780819425,-0.1874150450041156,-0.00028515777587193036
27,-0.10765199079920335,-0.17503207935535092,-0.0024968704861781377
28,-0.08722666054189915,-0.1584439986745852,-0.0006771593640176182
29,-0.06802856785534661,-0.14318597177004078,0.0025290919378291032
30,-0.060169709828373774,-0.1355060275256083,0.005836550318045072
31,-0.06341628847989439,-0.14077315690899705,0.010767203634960393
32,-0.07939401612729913,-0.15895722492028214,0.018258420567346986
33,-0.10192822520222698,-0.1745023640139678,0.026406173154223597
34,-0.1087595861034597,-0.17089186570275205,0.03173657054631315
35,-0.09087452214203515,-0.15106989308000213,0.0337702809960346
36,-0.0706369532750532,-0.13605528777443,0.03308937130780491
37,-0.0692363337059389,-0.13849546489657172,0.029922839881381787
38,-0.07712657836039172,-0.145144602313319,0.027708999100668638
39,-0.07652251564804535,-0.139192422413985,0.02934056448866678
40,-0.07088274006834175,-0.12322826842115925,0.034587292551382195
41,-0.07371628824865822,-0.12173964192534958,0.04149661793535091
42,-0.08627502366288405,-0.14133996008845318,0.04668564860964135
43,-0.09353074890347479,-0.15101014911696314,0.05022095726239434
44,-0.08508235115927346,-0.13720764150952264,0.05498411717359125
45,-0.06995468290313683,-0.12307437378533581,0.05935245162214159
46,-0.06349172335013004,-0.1282644966912796,0.06063569029197374
47,-0.07142940099222106,-0.14591340480554194,0.05985252429969623
48,-0.08455934419621691,-0.15300193039684784,0.057899649074009546
49,-0.0918269237554648,-0.14391432668151705,0.053472291393636684
50,-0.09073433716905543,-0.1376121585716235,0.04591893205627226
51,-0.07795272140941603,-0.13613286266261243,0.038645280133677934
52,-0.06312204191517007,-0.12866156307520765,0.03451755651788445
53,-0.06793336817430684,-0.1258522656684763,0.0319017768511979
54,-0.08392784162850414,-0.1322074348750754,0.029012070297061064
55,-0.0881282804113464,-0.13479248183413728,0.024782617287244846
56,-0.08156594743088802,-0.13081772624639926,0.01768006188240847
57,-0.07288475363095132,-0.12795125844312183,0.008290365709299613
58,-0.06822788281489667,-0.1287772894933305,-0.0013924707616581253
59,-0.0780032582868615,-0.13169443528863434,-0.011009077629077879
60,-0.09745539822793228,-0.13485471580986136,-0.019851857153855526
61,-0.10029860598947403,-0.12891493238534396,-0.025191391131279335
62,-0.07952920302237379,-0.11714802907689709,-0.026196023987782577
63,-0.06449645202159504,-0.11639490447474887,-0.027171654274201068
64,-0.07079270150696518,-0.1230509987522333,-0.032414416004269725
65,-0.08192651823227504,-0.12359114083840517,-0.04035695309332704
66,-0.08978167271423287,-0.11991360846978338,-0.04640516628317856
67,-0.09979956715851174,-0.12234591652552679,-0.04665414102603199
68,-0.11155309334517521,-0.13882753350706756,-0.04047856520483478
69,-0.11394461163143216,-0.15991650704001714,-0.0327400265631146
70,-0.10147340441547337,-0.16365412388520945,-0.027232582554082008
71,-0.08909735912119682,-0.1514086784939488,-0.02247246386177701
72,-0.09181116760551461,-0.14126632052704935,-0.0193609751186037
73,-0.10230820090882436,-0.13758797522195965,-0.020682514513999745
74,-0.10009809016534871,-0.1319221356826955,-0.025018506500954225
75,-0.08850730504122578,-0.12267430183420219,-0.030174977439829585
76,-0.08739742669674799,-0.12288458834456845,-0.03485634131336423
77,-0.09849697713955996,-0.14033058475603039,-0.03755077736234213
78,-0.11216063546917027,-0.16000003646323746,-0.03731975406095996
79,-0.11530769127183377,-0.16183027912970183,-0.03575489635119032
80,-0.10170842228382593,-0.1486691305589748,-0.03479301076121491
81,-0.09114665668300598,-0.14437721292798245,-0.031576413495773864
82,-0.09749705993439423,-0.156065984644582,-0.022172109091713466
83,-0.10164535548133308,-0.16493552774685305,-0.007891910316437226
84,-0.10084706372672511,-0.16669593235028102,0.00621188662161741
85,-0.10907552498186654,-0.16993205038341114,0.018460716422144377
86,-0.11914911218052762,-0.1719249438290696,0.02954026925487163
87,-0.11826367053908124,-0.16648654986000155,0.0391647577188485
88,-0.10861416262417456,-0.15281724936034513,0.04747781352808261
89,-0.10638094566934742,-0.1408134618712944,0.05217040428885955
90,-0.10679483600193879,-0.1371095772264601,0.04970445780515195
91,-0.09319195114789791,-0.13664612153268485,0.03978077236126343
92,-0.07867893732948134,-0.14015044851087666,0.024638640625227387
93,-0.07616619671582175,-0.1426565718066985,0.008102887475750373
94,-0.07830539446223939,-0.13321666564603318,-0.007484850224268549
95,-0.0806189625296452,-0.12157664647882882,-0.021607933629747403
96,-0.08534361091831423,-0.1274596452835391,-0.030854526335998743
97,-0.09038282083378202,-0.1443471288622893,-0.032875002060404085
98,-0.09309738472448936,-0.14921453558402298,-0.029102592483181394
99,-0.09489341632869619,-0.1381649552780922,-0.019592477102416767
100,-0.09159762967224233,-0.12151901201710463,-0.005717986495554411
101,-0.086165425510424,-0.11757084419292574,0.005409077594144995
102,-0.08973476355757976,-0.13642669638295585,0.008388429924649929
103,-0.09455217966687246,-0.1535994833191185,0.005692870144060697
104,-0.0891131738091345,-0.14745608335833799,0.001567117068859647
105,-0.0837104474016711,-0.13542185615512453,-0.004769977497340344
106,-0.08374584041360676,-0.1313939152423697,-0.015109779661443334
107,-0.08076939485080388,-0.12544793912248886,-0.026559759842200242
108,-0.07712838885089632,-0.11798085900002919,-0.036552646058365376
109,-0.07596851402452987,-0.11580035935788768,-0.0452512729760908
110,-0.07444306729910088,-0.11595682062428686,-0.05173867339200272
111,-0.07890128470022295,-0.12126862456973359,-0.054578551811744036
112,-0.08986064355260132,-0.13223520119501847,-0.053127310518949866
113,-0.0907804095530757,-0.13250054572410658,-0.048280168605290066
114,-0.08183520020241616,-0.12331414559728343,-0.042101189706023404
115,-0.08074938951643562,-0.12268119816377665,-0.035882090094510356
116,-0.08404344362607222,-0.12457101571095175,-0.030216003708355768
117,-0.07725649436905,-0.11564008557853384,-0.025633595660568102
118,-0.061500061312032894,-0.10294770997456715,-0.02265727250936616
119,-0.05068760363268959,-0.09713778396134404,-0.02191772296824271
120,-0.05702821031379546,-0.09619689585292884,-0.021933059818881773
121,-0.0728946720543352,-0.09558843211442644,-0.0206429250813481
122,-0.0776779293214431,-0.09733759480783674,-0.018702124788850943
123,-0.06874093991420749,-0.10165281943771837,-0.016661800457546866
124,-0.057972885168459234,-0.10061117014600299,-0.013730298432284405
125,-0.05209048764258983,-0.0946004718250402,-0.010074841911304741
126,-0.054628995975920414,-0.09490396430291786,-0.007831500592767993
127,-0.06329965334810614,-0.10449945827566165,-0.00907979425138758
128,-0.07411303952275583,-0.1171738288042164,-0.01282748382909614
129,-0.08697360427700301,-0.12676919349045274,-0.015128024558833324
130,-0.09114647586100899,-0.12280689819011892,-0.013675571627729088
131,-0.07262052387173612,-0.09615110754562001,-0.010256530701791056
132,-0.04629525481540747,-0.06880023937220797,-0.006977429644169836
133,-0.03523374967845072,-0.06908616788794089,-0.004057894855929195
134,-0.04152462034034346,-0.08420203580234947,-0.0029485974487303
135,-0.058868384360160564,-0.09048151957569509,-0.004612925604242382
136,-0.07125856771428968,-0.08538737646988442,-0.006795571789746421
137,-0.0659589289440661,-0.07536060024631558,-0.008280541520616011
138,-0.05538495064673987,-0.07213724584165923,-0.00950383507880051
139,-0.052895959448875124,-0.08070568445558968,-0.010940749749497658
140,-0.05353785832162866,-0.0864492978683632,-0.012104252496489526
141,-0.05634697975150316,-0.08321451232073923,-0.011967371736624016
142,-0.06798222506946272,-0.0825246962636289,-0.011091412799001471
143,-0.07577321806527632,-0.08393363358758937,-0.00955914518997078
144,-0.06492307227279542,-0.08366705922612913,-0.006673075955638666
145,-0.053385934609027574,-0.0920452438441674,-0.002428226807419692
146,-0.0536651611598032,-0.10795454495807033,0.0029636248030761175
147,-0.054580596951911926,-0.1127824927657399,0.008074662165484886
148,-0.057093685118170055,-0.10226528172767818,0.01004360037568
149,-0.061177044192629884,-0.08981558087919433,0.008235549862415564
150,-0.06306155343118983,-0.08506408926850911,0.0050586349452928225
151,-0.06446456771268627,-0.08580892919833083,0.002434041511422347
152,-0.05828596583694173,-0.08296715081459571,0.0015954465935028306
153,-0.04832099675964796,-0.07815373282361143,0.0027181627750757498
154,-0.04566653593177178,-0.0798178514980382,0.004646667702686839
155,-0.04756139937839975,-0.0831420361314239,0.007146451043379583
156,-0.04859011106086516,-0.07966848695466597,0.010454885174049744
157,-0.04891802231507818,-0.07425552742012388,0.014340961637054075
158,-0.04936730016744122,-0.07388112049159803,0.018361916591562333
159,-0.050045072828591886,-0.07648651598535328,0.021629710902809234
160,-0.05269193942884165,-0.08122049240218082,0.023516984401195207
161,-0.056123706711562416,-0.08570795450246599,0.023499497214593514
162,-0.057089760208775375,-0.08103620213993462,0.021745944986292988
163,-0.05461068312898287,-0.07103608772506875,0.021376696624519544
164,-0.049355477597646136,-0.06740615533719185,0.02605495656816892
165,-0.04663131634495922,-0.06944077729735679,0.033879780386707414
166,-0.04912246441622875,-0.07472431081171862,0.0380979035700712
167,-0.04735354496584654,-0.08156869513133755,0.036508171577216
168,-0.04095368390564172,-0.0794779377152928,0.03357277559819541
169,-0.03495312979838342,-0.06527023604213877,0.03251399860252083
170,-0.0306309827661794,-0.054622537550436556,0.03198495963119341
171,-0.037223610142482905,-0.059509379622114944,0.030339841287522318
172,-0.04778148396627302,-0.07077418949786007,0.028307266576034634
173,-0.04734087508533133,-0.07311229124885284,0.027836839483190844
174,-0.04443724823217571,-0.07055392336127904,0.02995050498432736
175,-0.049356952561918147,-0.07412432911977543,0.03374166002965115
176,-0.05677844077436726,-0.0791421771996583,0.0381514728842296
177,-0.05596629115533085,-0.08073103318106577,0.04278961048554562
178,-0.04145728824868633,-0.07766228161065247,0.04775333212921082
179,-0.024167060315684566,-0.06603362500812826,0.05207225003752994
180,-0.0201304213995461,-0.053292376412822695,0.05354688739682448
181,-0.032418819453694625,-0.05715847416142933,0.0527786770430598
182,-0.04981782943866167,-0.07935012102578401,0.0529590326239788
183,-0.056528735582643305,-0.0969832291797993,0.05622945478869035
184,-0.051957411862269876,-0.09389879829625464,0.061093006886712736
185,-0.05027828370152461,-0.08077415903505003,0.06549043587889422
186,-0.05580589346974927,-0.07168348342405535,0.07130146449596964
187,-0.05753909575354779,-0.06747931831435053,0.07741875664365136
188,-0.0483219178218941,-0.062357318233717596,0.08057787308133485
189,-0.039360439654093804,-0.05593910807422153,0.08322565544999669
190,-0.036983195301406147,-0.054332944392875115,0.0872261521552059
191,-0.03255575123216897,-0.058853002363906004,0.09060630949103043
192,-0.03332928832877237,-0.06795260218018336,0.09132876869542011
193,-0.0474432002473132,-0.07860211039488035,0.08945152789294197
194,-0.05855828341167081,-0.08210088816776787,0.08867092049672873
195,-0.049836501417306,-0.06872645171946298,0.09108165299962465
196,-0.03001293243983457,-0.04481573611888573,0.0948618725425063
197,-0.01920458556486701,-0.03470401382426602,0.09915146804398992
198,-0.02346680893168493,-0.0471528298100386,0.10327174733632288
199,-0.035313281343559155,-0.06908744731776406,0.10605716362057815
200,-0.04471815869004944,-0.08421059335593228,0.10782350399755225
201,-0.046491853575025555,-0.08334212231023247,0.10895763151211801
202,-0.04103518938637864,-0.07255756779265515,0.10940507706397656
203,-0.0349300187956275,-0.06131154491004358,0.10878359872397897
204,-0.03344647570790668,-0.05410340755777997,0.10754839508677022
205,-0.033180336309962956,-0.053320531287062295,0.10704004792979066
206,-0.02980731505525018,-0.05595257373175974,0.10643734215636685
207,-0.02223803496513077,-0.05496568404479746,0.10409526317614504
208,-0.01743127657238494,-0.05084158992092308,0.10116344687253737
209,-0.024691683074609505,-0.049511543782300715,0.09942327095566433
210,-0.034343889056640986,-0.052465307182064186,0.0975662167894874
211,-0.03139817394703724,-0.05207952136436303,0.09362300616256058
212,-0.01827694656348517,-0.04283953738138488,0.088778038380736
213,-0.00819547627025416,-0.03603580620500846,0.08461176869758519
214,-0.015418838830529462,-0.04248372369402177,0.08076273941669176
215,-0.03586151191876199,-0.058800722263693324,0.07698321949759035
216,-0.047538561064475876,-0.06984528785094332,0.07334044708164797
217,-0.042372181473417564,-0.06440399017965553,0.06953236339015914
218,-0.030214495338621722,-0.05373859859669661,0.06627882524371262
219,-0.01758870532550183,-0.05157031124484329,0.06473590032509452
220,-0.007803273324109183,-0.05367239004686647,0.0639569533759635
221,-0.009909236570354779,-0.05397020319035445,0.06233977622192291
222,-0.015284880294680725,-0.04857578934972187,0.0595268438678663
223,-0.009540139442344442,-0.037611888243159086,0.05626096520986523
224,-0.003661590835405293,-0.0299287994628476,0.053136853815670904
225,-0.009341664235595654,-0.030629102258162517,0.048529392910633434
226,-0.022389187416092762,-0.036260795152078334,0.04140224610268885
227,-0.033139227832775675,-0.042971739564551,0.034843485528580034
228,-0.03793529718687855,-0.05408944003381114,0.0306965195241298
229,-0.035238021849161555,-0.06451959567027138,0.026527469145114183
230,-0.02661461959101591,-0.0651328957243561,0.018742524539500663
231,-0.023510706311605623,-0.06329094932023885,0.0073441867195758875
232,-0.029130132381475715,-0.06389759519133209,-0.001302356073326294
233,-0.03163784020382815,-0.059372178011007415,-0.003707468431073377
234,-0.025137425366654684,-0.047592809295008406,-0.005802148908598703
235,-0.013594572120842224,-0.032022419065828894,-0.013978842693151639
236,-0.0038956601693912324,-0.020465437870672717,-0.025613539331304516
237,-0.0054088854302260375,-0.02294995001163537,-0.033060861303608996
238,-0.015666570920255862,-0.03725759744772393,-0.03402620971514085
239,-0.0239977209780044,-0.049406434425235415,-0.034430741943624596
240,-0.02751998856798335,-0.05135080289165997,-0.03906528573650213
241,-0.02931662880955696,-0.04899129142938689,-0.04554687827251942
242,-0.029458964034851293,-0.04332813229457824,-0.052506403456022574
243,-0.02386676411206218,-0.03175042235352932,-0.06035069584158212
244,-0.014714605874115771,-0.02585484433245422,-0.06700961586646922
245,-0.01201192135954203,-0.034694442024895855,-0.07192360913845702
246,-0.0157142983207596,-0.04490992168735876,-0.07570616070448863
247,-0.017200191645570823,-0.04380087524931281,-0.07832742262378506
248,-0.01814098520597683,-0.0413005943651159,-0.08018528972749778
249,-0.022697024112137934,-0.04386139658908457,-0.0807422695562226
250,-0.027639140402886175,-0.043557392045529775,-0.07859050569021486
251,-0.026048573137208597,-0.038196230638268325,-0.07315152582638104
252,-0.020133968839933986,-0.029803475885482572,-0.06476325149639561
253,-0.015289629943009642,-0.02197249145580199,-0.05729846202645325
254,-0.008432087651548341,-0.020076151747781795,-0.05581614330159777
255,-0.005116199782582986,-0.025708472358584603,-0.05823659808116172
0,-0.009384641362205834,-0.032225532059488846,-0.059817052563287024
1,-0.015331540464637736,-0.0323919617467424,-0.05971504228572541
2,-0.018721361149482772,-0.0269346775050974,-0.06035469487866471
3,-0.014206723238446947,-0.018786150799262047,-0.06301585127808793
4,-0.0041500050869171246,-0.014799756527580449,-0.06519933780365042
5,0.0018709326100180557,-0.018373588686262293,-0.06580657130638712
6,0.002101567787012648,-0.024489608891735543,-0.06468781529443335
7,0.002344666455376676,-0.025197814795612478,-0.06246375410535965
8,0.003102172128869096,-0.01895399220797707,-0.061655190204508326
9,-0.0012678700436129509,-0.020092537295705912,-0.061836369130019636
10,-0.0032318637280023543,-0.028184646179810494,-0.061350579643638825
11,-0.0005363002411681861,-0.028012435223679313,-0.0607404414196373
12,-0.006850813010314177,-0.02402241269928282,-0.05957157816039038
13,-0.01295922332528987,-0.020873748405626932,-0.05647381206564439
14,-0.005151168839322373,-0.01623201994975834,-0.05181077760564484
15,0.004050092140308242,-0.01718567379374497,-0.04747907405498597
16,0.008463816643760752,-0.020762952159049525,-0.044301991185148215
17,0.012832982562044182,-0.014017732178752323,-0.041370270951267774
18,0.004760325831603018,-0.007645341916256029,-0.039120090320795
19,-0.010028297256550925,-0.007995410112441842,-0.0385236474110899
20,-0.0029456372393180386,0.0014022600974403082,-0.03746451970473469
21,0.015965456832125413,0.009894343382015433,-0.03270664893096593
22,0.020457431365762807,-0.0005024943318138186,-0.026271920767791723
23,0.01658590133734686,-0.010214434107147369,-0.023980053611409563
24,0.011671026934252024,-0.006411694934444351,-0.0280159878970547
25,0.005143140952198588,-0.0030580533259325915,-0.034820384981788494
26,-0.0032029907913002087,-0.006514167871701615,-0.03945897774246476
27,-0.01705125158488932,-0.0168389494291723,-0.04071498573397224
28,-0.018379112722063468,-0.026440041462661074,-0.03976326521354964
29,0.0019499993073870958,-0.019944269635245995,-0.037646615785283125
30,0.017526957232802176,-0.006014148893941293,-0.03485760686025033
31,0.010952075840259132,-0.005294312516046826,-0.030790732527061507
32,-0.006167857057153739,-0.012045661360269466,-0.0253350873873536
33,-0.018931751469937225,-0.01487638813007125,-0.020596237902370154
34,-0.018063936271561117,-0.01630217874273658,-0.018027066413894885
35,-0.006750078187856029,-0.01793986968202211,-0.016734955988510714
36,-0.0027681905213102487,-0.022354076373070964,-0.01572695861412842
37,-0.007420287501956946,-0.03206166579112815,-0.013993436490356021
38,-0.01333234647731723,-0.04133457274609942,-0.011598834643947488
39,-0.019545879742851352,-0.04349984823711828,-0.009848102949429043
40,-0.018748692027333286,-0.03459781343023971,-0.00966243798943292
41,-0.010504742756807656,-0.015477392093310727,-0.012452162807381359
42,-0.004733852659629834,-0.0015164434178063374,-0.017449896765203046
43,0.0017844259590870937,-0.003673567317605094,-0.02058906120503745
44,0.01110581324793046,-0.011986722264173098,-0.019605099784911664
45,0.011735334989492238,-0.01867908574737371,-0.014913041826327932
46,0.004302655525253066,-0.022959793820425185,-0.008453599144261154
47,0.0012766115078143153,-0.017502449876905378,-0.003983220746014232
48,0.005011847645836481,-0.00265942794156776,-0.004292909831944431
49,0.00726196992283,0.005002173086123829,-0.00901673678434951
50,0.0017252486143388701,-0.005566999971503561,-0.015133334130488195
51,-0.005679588263620972,-0.02088637986964534,-0.01956770666470157
52,-0.006835531885431595,-0.02567042445346414,-0.02150062825754584
53,-0.00464896178549562,-0.023228448142314534,-0.02220247351393488
54,-0.007110440300194351,-0.02071903699471629,-0.02342587304265592
55,-0.015056588040547964,-0.02284904219277342,-0.024451833236363962
56,-0.014295613870631704,-0.02499117745760881,-0.023397070476014303
57,-0.005089922942520232,-0.021348659178014984,-0.02046081661850986
58,-0.0006960062916793464,-0.017530929430278758,-0.017008142898782365
59,0.0009348462392556947,-0.021768956244194365,-0.01420788158325929
60,0.005488719047181567,-0.028249199556395127,-0.012806107750148149
61,0.013898690692405,-0.019516720154236444,-0.01292939921480392
62,0.018779580776746532,0.00014619943866647778,-0.014364530299923305
63,0.011162181886646246,0.0040082404047295725,-0.015973998492829995
64,-0.006419073597114654,-0.013110717548253659,-0.016586426021496833
65,-0.021916635930050374,-0.027648766287935736,-0.015725613181411927
66,-0.027763146734450718,-0.030206389623159406,-0.014935401310124954
67,-0.022618700945659834,-0.029779091957846657,-0.01744983662322913
68,-0.012192202044505579,-0.027651245922028223,-0.022016637364565765
69,-0.007348556274199183,-0.025047457443974103,-0.025102312510825307
70,-0.0063306311183720515,-0.028119327999638594,-0.026597796734721336
71,-0.008052270217806017,-0.03763051114369956,-0.028034814653449397
72,-0.00835056655562276,-0.0413294339800081,-0.02974418786451111
73,0.0026389062289038506,-0.027107533064544123,-0.030674601950029357
74,0.01592215673707279,-0.006216455100900825,-0.029945442025631805
75,0.02231635974276553,0.007489677481832872,-0.02774524529439812
76,0.020419008141499516,0.010187846656703851,-0.025027169760227758
77,0.008086007275962127,-0.0011137575754866444,-0.02311092960592212
78,-0.003399133152847608,-0.01607828485809868,-0.02214757683533171
79,0.00023742713167208135,-0.018633077871356096,-0.021668712317080965
80,0.010347525964909485,-0.010639877121407487,-0.02180212281745919
81,0.010806463080116405,-0.01050117724949981,-0.022480432763216218
82,0.0015543798873170582,-0.0267176041629254,-0.0237462571229399
83,-0.012149470195680278,-0.04610028384993546,-0.02502113214424659
84,-0.019440117277096266,-0.050638704152064964,-0.026623014416333482
85,-0.008952944153605197,-0.03458243248845831,-0.029536012360311337
86,0.0024306702657880958,-0.019073876083713526,-0.03286010408380896
87,-0.0013535612684763103,-0.020151692344279923,-0.03486379910588633
88,-0.0054859461472922325,-0.02006172771209544,-0.03455909341007374
89,-0.0021671610659379503,-0.01434431325874716,-0.03315086533934672
90,0.0030262927803226328,-0.014605616920719565,-0.031573912529219386
91,0.01173573818065514,-0.01487677636618287,-0.028154353602582345
92,0.016690718577966477,-0.01077163359775983,-0.023612881526231373
93,0.00909937436620186,-0.008902087733256354,-0.020768474410810776
94,0.0009005696991516571,-0.012416045224706393,-0.019739890845846514
95,0.001829560599014915,-0.019545495175924035,-0.020216374063061315
96,0.002468929537034495,-0.0294645874068101,-0.021425837819683782
97,-0.0012919639591251683,-0.03160279614382344,-0.02207932542795596
98,-0.0006672377410778391,-0.015485009424397303,-0.022234743267120098
99,0.002102638727035047,-0.0062450876174013625,-0.021878663924103304
100,0.00483764997462767,-0.019588753276153115,-0.020433984056066966
101,0.009923704773718872,-0.028867599082738025,-0.017540706434271757
102,0.008609524511753688,-0.02044651188587994,-0.014972099352516088
103,-0.002052857483195711,-0.008833137914569023,-0.013211528396245023
104,-0.011000679175030045,-0.008146084823230731,-0.011158898266945383
105,-0.007273395102632682,-0.013181701833865373,-0.011531199891980828
106,0.0034969611144686913,-0.014491251732897927,-0.015960447597674482
107,0.010073387991050065,-0.014755979708575409,-0.02149824229094305
108,0.010607807061336474,-0.016288787209837882,-0.02513271606312055
109,0.008294851595432653,-0.01731167084068723,-0.026059930236126867
110,0.010006199774482444,-0.013193117494525675,-0.023571132781434648
111,0.01495656667181472,-0.005708657940993636,-0.01906129068324494
112,0.015284838545118556,-0.00391528105071616,-0.01831007879070007
113,0.011609674574991735,-0.006000678069017135,-0.022643654137158895
114,0.012990467559441499,-0.004926579939845931,-0.027229981400439612
115,0.02356280437090727,0.0055853549342524955,-0.028593431491592172
116,0.02648591732821054,0.010482451077506401,-0.026537993293888992
117,0.0072339948417167454,-0.006504661936987777,-0.023887207751591713
118,-0.016282484983139014,-0.021932715578189786,-0.023958066038843484
119,-0.019222332631341446,-0.020707283214177197,-0.02627845216981843
120,0.003810827806272246,-0.006061451007952703,-0.02794846806269763
121,0.031051564579217608,0.014796400072592725,-0.02763390527521005
122,0.03540406471053355,0.02366877859257098,-0.024560534775971893
123,0.024352840024477865,0.012259487393659091,-0.018011946127337794
124,0.016860910821870828,-0.00726513652738435,-0.01141413010248181
125,0.00845366385862828,-0.019168934258569692,-0.010638708393714946
126,0.0005330545516208929,-0.02143179404931639,-0.015230561429255867
127,0.006095738070732243,-0.013865710455572375,-0.01988065352788309
128,0.017070006095981805,0.003276193833536195,-0.02398703753053199
129,0.01946401004928118,0.016773483214191476,-0.02975085268113347
130,0.012520464397399927,0.011899971566286721,-0.035235078157694576
131,0.0037636000087197807,-0.003948685053842993,-0.037558077698044146
132,-0.0008371291814076309,-0.013808587866718278,-0.037781625726381385
133,-0.00011971921423351017,-0.013215178974060618,-0.03752541005153254
134,0.009843832704744288,-0.0018031300629750557,-0.035666424402238855
135,0.021306699873944845,0.007387698810246784,-0.03057639397975334
136,0.025544640411808595,0.003951453414660161,-0.024109266625289616
137,0.025111418638689043,-0.00015269450739953394,-0.01968284862640214
138,0.015056113076396302,-0.002835723295026432,-0.017777669211096928
139,-0.005722802464806748,-0.016339027905447057,-0.0175598582273441
140,-0.019532835988594427,-0.03406306399906231,-0.017072191204359932
141,-0.0072109341836160135,-0.03119255343629082,-0.015736645308202457
142,0.01574853940325896,-0.014371404206092175,-0.01700149662095038
143,0.019445047117980993,-0.008078702918017155,-0.020023162637824193
144,0.009374319414217014,-0.008250402515537908,-0.020902861873433737
145,0.0033314159026382184,-0.004976109200148189,-0.019602857216238778
146,-0.00045026581190535375,-0.0014357907751217508,-0.01537759520583512
147,-0.012251108934382832,-0.007794228044818274,-0.009314667894609947
148,-0.026923776738408872,-0.022867234259293268,-0.004526734681259109
149,-0.02447390677696834,-0.02665282248266592,-0.0013842394077838022
150,-0.00411422616039861,-0.016147677889448306,-0.0009456230702295509
151,0.009440374986301237,-0.009343086229301328,-0.004265624664857012
152,0.0026344999181843742,-0.013716607269926961,-0.011563238971524059
153,-0.010360564813634593,-0.020025872991688884,-0.020351066048402047
154,-0.012154362878308178,-0.017164722850117844,-0.026946073295195355
155,-0.004732102491121798,-0.011160452188430342,-0.031016200035913766
156,-0.0011362347050928867,-0.012903266656200257,-0.031850747107915106
157,-0.002309679268233361,-0.01967358946470922,-0.028690380881353617
158,-0.0004136199794505524,-0.022851141231927816,-0.02303270982960179
159,0.004270233014480651,-0.018977488229026035,-0.017196072306372996
160,0.008671702547593946,-0.008222324246315388,-0.012762981725344999
161,0.006647793282842762,0.0010210131474627515,-0.009048945291264352
162,-0.008911633788046908,-0.004315276394708328,-0.004289775244022787
163,-0.025256100999657055,-0.018214960748073453,0.0009428908979640487
164,-0.022467951372352746,-0.02822135157902933,0.004441138905071303
165,-0.00674891324316601,-0.026914646678842996,0.004772118466352945
166,0.0024025291995005693,-0.011859762412383956,0.001336312597650751
167,-0.0006842380602597176,-0.00161068027107944,-0.003054817908862209
168,-0.006809756584169546,-0.00682697027157296,-0.0055517898483141166
169,-0.006009170236368835,-0.01239406451878873,-0.007476325040650411
170,-0.004556044120183206,-0.014518235747253846,-0.008396673680070769
171,-0.005936460833637719,-0.01558280739034909,-0.005453504624868618
172,-0.004421187773142876,-0.01214874168430427,-0.00011663075363131312
173,-0.004146514398633894,-0.010340969481591904,0.0032555359038973497
174,-0.0074183035796562685,-0.012711860102866554,0.005000660644561845
175,-0.0048984574829795124,-0.010109014058936938,0.007282023322745763
176,0.00924347736163858,-0.00012262438416522914,0.008716954431754513
177,0.019337381219314387,0.0056209194312771965,0.008969533014954859
178,0.013153499073818367,0.0013283491650479956,0.0098206538365318
179,0.0011789131930089458,-0.00894124904179363,0.01048588072951688
180,-0.00982952437143339,-0.023062779195461514,0.009310485918298445
181,-0.017022980130002363,-0.030204353460801553,0.0062250528741557495
182,-0.016717489534397834,-0.021896521817975786,0.0008723702996059034
183,-0.014526327158346772,-0.01035139756832279,-0.0063883374793487074
184,-0.009476761542947985,-0.004042883477217929,-0.013288506958005958
185,0.0031174769254819004,-0.0011024945994199675,-0.015896270664509417
186,0.012068336010798493,-0.002006221681646228,-0.01222731621909736
187,0.01071581139984823,-0.0008690348506520673,-0.006885065295407972
188,0.006335024677994391,0.005063895497848164,-0.0052045126639560235
189,0.003097050586379199,0.005828723922821036,-0.007514117050740305
190,-0.0036109028192914394,-0.002147929892125186,-0.011953096602494821
191,-0.016092821331560515,-0.013256538819638237,-0.016259597833335398
192,-0.02577826760935669,-0.025323398403055773,-0.018603023214647983
193,-0.02635727225378426,-0.03018920492698826,-0.019168961796992085
194,-0.01566022487053771,-0.01672008500559044,-0.01978562613267336
195,0.0044261511541136,0.003306569834221784,-0.022291912333466793
196,0.016941841742183522,0.008850985050796456,-0.02702882475379298
197,0.01318986589852593,-0.00014595865912718498,-0.03189435188491113
198,0.009619127984141496,-0.003402002429996942,-0.03456684924824949
199,0.013244015534039533,0.007034570878260232,-0.03499555394588405
200,0.011017060061198763,0.013234436698190744,-0.03444901887209728
201,0.001611289197971516,0.0058688823944358925,-0.035440366752332794
202,0.00025381197470823735,-0.0031066998780337196,-0.03844229169382081
203,0.007374951019975345,-0.0045419537287026135,-0.03979949832085203
204,0.006064478500647272,-0.003152553315348694,-0.03844489699893479
205,-0.0037061573109886947,-0.0028223165889045,-0.038223685142177666
206,-0.009391145315881866,-0.001911184627749335,-0.04038599113372343
207,-0.01266709302745378,-0.0029434109895547234,-0.040885876089298334
208,-0.01025798857985552,-0.000005913904696869254,-0.03795430800626248
209,0.004864780218643228,0.010078980479238636,-0.033589594322460684
210,0.016950579026229706,0.011619613611499685,-0.02968574121617805
211,0.016778574395010765,0.0044188211803140864,-0.027775239531700226
212,0.013238527665583602,0.005969748627193405,-0.028042669079255518
213,0.011151904288170804,0.01852277570460241,-0.029123765727917354
214,0.009045498806162303,0.025894486622522944,-0.02911576233556462
215,0.005581631352021985,0.020611837383931908,-0.025521285998225743
216,0.003735596294490204,0.0106354303919549,-0.01635523475073465
217,0.0026298394551518764,0.0026067747494433607,-0.0020863129563090804
218,0.0058883584221454816,0.0031773228253979754,0.016764362892025736
219,0.017494731702347457,0.015475396047723189,0.03938034951587108
220,0.023211800069081023,0.026903188961022645,0.06190181997385304
221,0.018937289972059262,0.027928004757195174,0.08055262165476676
222,0.02047631583232294,0.026667702724699996,0.0935843046515401
223,0.02773712596461614,0.029154788574362933,0.0994243544778064
224,0.02797543965399251,0.031200861935295157,0.0956949955609478
225,0.02246628755959195,0.02998942159292949,0.08223310980703386
226,0.019645568168847938,0.029299968525926437,0.06250752410828792
227,0.023556965959024227,0.033641241417981735,0.04002691270280509
228,0.028936492951938467,0.039564590318891424,0.01720748026512224
229,0.028150470047361473,0.03921511030314326,-0.002567366802924048
230,0.025477798146214495,0.034486587616748304,-0.01742652539206424
231,0.02643738037723506,0.032446747735070613,-0.029382218082018907
232,0.030441999702292374,0.03502230190825373,-0.03726997902618487
233,0.03597735838979478,0.03640835729687963,-0.0369247189476794
234,0.04179746539319841,0.031849545294939,-0.03027014003605085
235,0.03794903561439722,0.02236282033682279,-0.023103949107370764
236,0.016361381520070786,0.012175791263675517,-0.018433590177495275
237,0.0026333345602049807,0.015294051422650834,-0.01657480806326022
238,0.01898603381979773,0.03553471749702866,-0.01739808352923823
239,0.03553399254228817,0.04827895802864014,-0.020139525654455905
240,0.026010582696482452,0.037823776133773704,-0.02306791654918755
241,0.010295548788135052,0.025340946647706503,-0.025868965256603496
242,0.0071574518702717735,0.027002606368937115,-0.028359286489838903
243,0.009717875711204235,0.029875755419614514,-0.029863268613051303
244,0.014527511665574956,0.028820114588721746,-0.03202300337031884
245,0.02294379478725201,0.02779409828010542,-0.03426129736985233
246,0.026075323188211173,0.02542330335026192,-0.03271545058690066
247,0.02294065029850255,0.025832965453493055,-0.026366640717279254
248,0.015238522638800572,0.02513445849197086,-0.019015828564951903
249,0.0017399361111538059,0.01625956205490841,-0.013727865359150618
250,-0.0008317843769559546,0.015390434157753374,-0.008824416026452273
251,0.015748455582760813,0.030846918375728546,-0.003137927470412513
252,0.031218208388744097,0.04198485423462038,0.0022334232950400115
253,0.0327131206977391,0.03998386158221966,0.006449826344515644
254,0.023440733955699483,0.028157685712163275,0.009525190442075872
255,0.011913453919086124,0.015328076083988049,0.0119612361968148
0,0.008036394053384827,0.017187791808059474,0.014118144580908779
1,0.014439476933137102,0.031178154343259892,0.01617239492008983
2,0.024083019307827858,0.03924023846471316,0.01818156232532861
3,0.024722144130990026,0.029053458375800402,0.019897733916797035
4,0.015516907621502683,0.013001180452648406,0.021209530467633464
5,0.009717288327180051,0.014282467622198869,0.02291540717449703
6,0.013874327950129595,0.033700171074343255,0.025196936081731115
7,0.01843047520353725,0.047280364482199785,0.026264360406422174
8,0.016804307578854857,0.039623524220396014,0.025294170332836277
9,0.015226192042608687,0.025661399238596727,0.023935127124527167
10,0.01606998358949409,0.021314152780422493,0.02409981827433194
11,0.01221277087966477,0.021351871314781667,0.025974747090360323
12,0.0043213508565400766,0.018191651968878897,0.02573101555362533
13,0.0027874425530729913,0.016134944407383774,0.020022257979935742
14,0.008333064175491022,0.02090737366542375,0.012258125879159688
15,0.01287961245830524,0.030561364624689197,0.008291130774259721
16,0.012814572263202456,0.03775438695293043,0.008658398586742442
17,0.005593589338285798,0.031404537664806616,0.01068939004764759
18,-0.005928825785983645,0.014341939146448726,0.013629780802016038
19,-0.010753612377512878,0.006949110794227248,0.01869434369708546
20,-0.008430176311201465,0.012865302017441377,0.026609051868368427
21,-0.0036398842994346606,0.020214726216146686,0.034028349455283796
22,0.0052395833097157105,0.022452564413489993,0.038260600423935184
23,0.020353912227415047,0.023043001792492163,0.040333515359715855
24,0.03233224705405613,0.024525484717874163,0.04189878742799784
25,0.024320615651218992,0.01809474459333754,0.04370556509309531
26,0.0033132231008122723,0.009052758378556305,0.044076340852746365
27,-0.005037477293017123,0.013330438506477707,0.04185774234716727
28,0.005034781749586714,0.02473848497986486,0.03890596194666521
29,0.013360240875221502,0.027175456977295426,0.036995412347733084
30,0.009557698304665976,0.024109515307476403,0.036586908495125026
31,0.004507807623062049,0.025984686467786233,0.039020671784480265
32,0.005909671091646071,0.030588813636320895,0.04411908312563473
33,0.011571336252238718,0.03042783716420224,0.04677681551347031
34,0.01558570712079968,0.02659109201807438,0.04236085235200873
35,0.018271168936441956,0.02841181070184854,0.03390361271211462
36,0.015024888787112396,0.02993044757742605,0.0269251685418673
37,0.005412990282262109,0.022303620271623636,0.022890025313840295
38,0.008455837063084976,0.0203600175153916,0.022139992945453157
39,0.01901756727944756,0.028817981900207595,0.02478101966093342
40,0.019386518228106664,0.03452691120462603,0.029478160714857385
41,0.01881097930114474,0.03553903452530493,0.03479443510741209
42,0.024286716611401513,0.03269064339993619,0.03902240921774197
43,0.02684760285231301,0.024229062600407095,0.041014985156556535
44,0.021537401189284676,0.016769842387115146,0.041958331500813684
45,0.01298758470330881,0.019205720487708057,0.04403047033182289
46,0.014258012876474907,0.030406921549517824,0.046945530369749716
47,0.026272451768900668,0.03685705767565453,0.04824892326966401
48,0.028146371782139856,0.02531656416824607,0.04688782304884681
49,0.022888832913400853,0.014080837377931546,0.043002884632910326
50,0.03046621175605546,0.025991802641046793,0.03904043201475249
51,0.03931358860815823,0.039486065104860676,0.03729045158819817
52,0.033937421870400164,0.034649179074320156,0.036855081527541335
53,0.01987523598740599,0.025896646388605477,0.038663013435084166
54,0.013404193194483174,0.025365844003130418,0.04484203061612658
55,0.015297401618311973,0.02276336299836859,0.05432695181249972
56,0.006885827754241458,0.010334890172452496,0.0649561171298797
57,-0.0018026310414546165,0.003928330606456712,0.07394446345614145
58,0.004925359795007994,0.013258070801370939,0.07800913359474243
59,0.015087621835861875,0.02731039876780531,0.07751137817402554
60,0.02206440013685762,0.035136309548154006,0.074990361230895
61,0.026473498758986164,0.03289991826854355,0.07141569903385256
62,0.0228284935655811,0.026244957793351217,0.06712851387525412
63,0.01328635917367621,0.024916696725749837,0.06428631066802734
64,0.008852272172857834,0.027279960099200376,0.06498833882324812
65,0.009290739954077698,0.024512200735297557,0.06775094504902501
66,0.009046761332916736,0.020251380632757443,0.07154535523002442
67,0.009653621001658341,0.020747115300838545,0.0776870250598419
68,0.011379841227975432,0.023862593443971736,0.08555062414552717
69,0.012126921338525373,0.03174184656310042,0.09167795812165325
70,0.011115530813058938,0.03831218335707554,0.09403517549585932
71,0.004936844832220316,0.03341614078601253,0.09462872882874418
72,-0.005079445476785446,0.023202273369675508,0.09580383517578972
73,-0.0060426754398332505,0.018380683933069103,0.0972014646181305
74,0.0025504019549945772,0.017395225332966474,0.09769931556215192
75,0.010867630509169765,0.01781268877992681,0.09855654352433779
76,0.01941940140801819,0.02759714374157879,0.10078487394462068
77,0.019971964821816776,0.03643976287329475,0.10375760637489378
78,0.0043612109191043386,0.02725358446498049,0.10672976357475267
79,-0.005817636600712897,0.01503180908562083,0.10888317650144602
80,0.007795087424974478,0.016753820934854176,0.11027128509110817
81,0.024826458359677353,0.021439555434948195,0.11224386129690983
82,0.025773058918854216,0.02405024955528412,0.11564261435081696
83,0.020910132536629267,0.03325409959400137,0.11944343034706795
84,0.016341746544265734,0.039084507550326664,0.12343797827121644
85,0.009462387529048766,0.03764228122953739,0.12765466781068086
86,0.006390810450959933,0.03668429859959049,0.13064950024887617
87,0.012749006383259043,0.031474768865124625,0.1314075026219002
88,0.024466828051892243,0.024192313426702458,0.1301582560022232
89,0.02654874412201269,0.018499793626367323,0.12756582864211863
90,0.013482553167091668,0.00958745066803187,0.12414013436102811
91,0.0025502968845168145,0.00040269492701817955,0.12076312332094102
92,-0.0004222544474819928,-0.0023621492456969914,0.11772358704419023
93,-0.003254435656528498,0.0009360623508348452,0.11333188939871497
94,-0.001816782742383713,0.0038100114998463643,0.10629247906621919
95,0.00017723955220530496,-0.00044249556293686487,0.09788574808496622
96,-0.004296531499434639,-0.0057736913252698085,0.09029688718133094
97,-0.0017954505500134693,-0.0002666798794421707,0.0844631631362325
98,0.012302396785892608,0.012529968726261597,0.08083575992581038
99,0.012665677215041665,0.01641371026503963,0.07966384975200527
100,-0.01108906468058321,0.00510573187607768,0.08110887515005585
101,-0.03192271777068814,-0.008109955584742794,0.08427588848446096
102,-0.03265059255433374,-0.011241855522105295,0.08552467624850876
103,-0.023623516382443775,-0.011474667737787067,0.08330613238520215
104,-0.017677338806691985,-0.018528713391049112,0.07853633411277144
105,-0.012420745669032882,-0.022390887998603608,0.07109241798930332
106,0.001959780083119436,-0.016459818126353692,0.061452315169685856
107,0.008008561378871445,-0.013933021457781039,0.051553518975184676
108,-0.010025393362871296,-0.017844894161997,0.0426982309768299
109,-0.030036751903478646,-0.02451926860570633,0.03434736973023628
110,-0.03164255239517343,-0.02971972834285825,0.026617568666200783
111,-0.013728464691567702,-0.02011357877671033,0.0209965032867398
112,0.0009279152928657192,-0.0032116370119582016,0.0172429139955972
113,-0.00954025231676675,-0.0023288346228487154,0.01378603628237779
114,-0.026807157603055756,-0.014897273881345825,0.011147422904005526
115,-0.02620682726097691,-0.022742544179023667,0.010173958076854145
116,-0.018907427848607952,-0.020154062677702603,0.009440284268465611
117,-0.02123159109646376,-0.014182291893242792,0.006565710822981741
118,-0.02100671389903845,-0.015077206941334298,0.0011672814347792465
119,-0.01866866405236007,-0.024810554478468458,-0.003931147361788928
120,-0.02398881560139416,-0.0311902094188138,-0.006939107182387237
121,-0.02475822830056953,-0.022067752316309627,-0.009460866108904481
122,-0.019921355354745054,-0.0043219389978664535,-0.012943973641888706
123,-0.020408554257588557,0.00825893248223708,-0.017023225598240904
124,-0.023595626121918706,0.008022586399558468,-0.021693373477186292
125,-0.02035397455070659,-0.0007394659084411503,-0.027179658265113607
126,-0.010050142633326029,-0.0033464344002616733,-0.031769157603682006
127,-0.004828981699899926,0.00016797459060770292,-0.03395012684437047
128,-0.008352692164326804,0.00028917008588059956,-0.03477398825244604
129,-0.010639505898557604,-0.0013621787669267776,-0.0354619652955124
130,-0.008157016124172516,0.0002678590658688057,-0.03656255710855305
131,-0.00357353816731832,0.0047685822521245785,-0.03836291784157783
132,0.0024173671484312015,0.008661815786447591,-0.04030736166403401
133,0.006044591816852907,0.008212569649005658,-0.04185775958017998
134,0.0023245821929501545,0.004672179192914502,-0.04177273069510026
135,-0.0027154360109325273,0.005923025496797782,-0.038941351165205446
136,-0.0014637200102486023,0.014515805573543691,-0.033841772798821584
137,0.0015883482898634976,0.023424824972683472,-0.027318521927802167
138,0.0060473698916281675,0.02565636497898828,-0.02198744000974117
139,0.014358124138004885,0.020713034166468886,-0.019457376863577396
140,0.01446347290140556,0.013768021568919472,-0.018483991317599806
141,0.005396485864634065,0.00996245523185555,-0.01994651158781483
142,-0.000984567497974806,0.008416481548377028,-0.023817633569520498
143,-0.0014012924211752875,0.007104428183053565,-0.027158156645494397
144,0.004622058766818558,0.01237469924976766,-0.030342158163052475
145,0.01349737828680321,0.027156409880655947,-0.034830405510272625
146,0.02144901722551057,0.04210836142967511,-0.039218942464656806
147,0.023063113583479136,0.04492629482479185,-0.04161052751511132
148,0.014817344228492027,0.03664691170933704,-0.040697375680102635
149,0.009815313852361944,0.033219841460168015,-0.03824818677158459
150,0.012698817069826812,0.034809330281328155,-0.03641005173355835
151,0.014125677802594966,0.027997504554017227,-0.03469238289080065
152,0.01277500959760458,0.017026211018877094,-0.03312440264901062
153,0.010403889485850831,0.016047033017069258,-0.03125439338631522
154,0.008170512091551146,0.019757926325786268,-0.028982219199452652
155,0.007172483628046761,0.014725527664599988,-0.027415074450873288
156,0.008084378230170289,0.007415135691173441,-0.02676813617039206
157,0.013254257396260433,0.011602194141437483,-0.027549294072779118
158,0.024785252344326006,0.030214372615639862,-0.03037715238598765
159,0.03523856496985703,0.04773628677006417,-0.034207685159715284
160,0.036812553597122516,0.045601513621020384,-0.03780765555126611
161,0.030220219391678155,0.028681000507285337,-0.03929479440341756
162,0.014887829498701433,0.014188595087847478,-0.036881078095451617
163,-0.0007734591106245414,0.010815092486991806,-0.03217853249124278
164,-0.003303888491259427,0.013506719010090679,-0.027616416237826777
165,-0.00021899323091617573,0.011370406842404063,-0.025418291214816285
166,-0.002688737273241426,0.007185326469308723,-0.027086510590297215
167,-0.00613009836056988,0.008116376690565363,-0.03054976905861953
168,-0.013819105336682597,0.0039888360670181505,-0.03524142541864021
169,-0.02873478149950104,-0.009447972221669418,-0.043332438794070775
170,-0.034916351606913004,-0.015653636725373538,-0.05132782240242936
171,-0.02170806162368734,-0.006492619733113575,-0.053146440797593716
172,-0.0029810370807923092,0.00633807496330685,-0.04919948227943077
173,0.001859644908384958,0.006766908310401179,-0.04429472484768501
174,-0.010516865828588823,-0.008539093306134019,-0.040358765005923225
175,-0.02982110196818623,-0.02504128806270961,-0.03565138130747439
176,-0.03618781298710502,-0.029692076297749823,-0.03001762516443647
177,-0.030198723961122914,-0.028298158536084167,-0.024836632982936674
178,-0.03516363935573222,-0.033533661947716314,-0.02094654632780594
179,-0.045934930794365225,-0.041659244706543155,-0.01981325794149842
180,-0.03861874553416213,-0.03798289781170905,-0.0217638967282068
181,-0.018457125710597475,-0.023177405084405696,-0.02544936374674879
182,-0.010803654650817365,-0.01243303936863116,-0.02969158248291498
183,-0.01620594103924036,-0.00912310856891882,-0.032946703457110815
184,-0.016209191710065206,-0.006113126374913805,-0.03420916154922227
185,-0.006907364866904683,-0.0025841998850753972,-0.03272035434785908
186,-0.004059888551438705,-0.005055288209289688,-0.02781879484682201
187,-0.018754347929644845,-0.01551181504225952,-0.022288463950148565
188,-0.031353406604558445,-0.022166731805705775,-0.019228779772245665
189,-0.024535650528690237,-0.01763558485824218,-0.01759103819991059
190,-0.013084564072893656,-0.011359649683844453,-0.016330564171840763
191,-0.00965194792951371,-0.00792987041054688,-0.016373046453817416
192,-0.0074634529919748865,-0.00007421850989870749,-0.01709611537056082
193,-0.0027949037854048467,0.006209175931183475,-0.017666067201023927
194,-0.0003230758055189076,0.0005924847296046448,-0.01871633799836668
195,-0.0030232174224939304,-0.008434954053474289,-0.02082532100176024
196,-0.006604937472291808,-0.010037770127920898,-0.024670457743803026
197,-0.0032945374840422093,-0.0023724779382098687,-0.029760148496271052
198,0.003354241101026008,0.00843820837247028,-0.03404615438969388
199,-0.0015759237253762173,0.0065249633146484964,-0.036316235747313415
200,-0.01601275309626793,-0.007153091960431131,-0.036773141319629346
201,-0.01679785006617736,-0.010841771605446998,-0.03658614251387216
202,-0.003227855379071942,-0.0005971780119522763,-0.03779165245717492
203,0.0005741135512283141,0.006641509252371114,-0.040955314703580936
204,-0.007064788637008955,0.0028727740716604777,-0.04416790503454138
205,-0.007685474378997886,-0.0019680243179014123,-0.04507098526625894
206,-0.004537518815447214,-0.0020645362791251315,-0.042440815482264804
207,-0.005024165044195256,0.0020753669029503624,-0.03654091062058476
208,-0.0012388154460413817,0.011159580719630552,-0.028954446507993933
209,0.008717440929596768,0.021232064179347244,-0.02261270559490039
210,0.018907598405021195,0.026825698351722913,-0.0199349152875071
211,0.018208817261018043,0.025820331054577483,-0.020337558391713403
212,0.008073870169799845,0.021654533617461006,-0.021101238846191292
213,0.002869766750418959,0.014122445744975884,-0.0217809388053875
214,0.006970072316592149,0.00769544579616431,-0.024730329530442824
215,0.014285146595593587,0.012237666679230347,-0.029996738234648393
216,0.01197285352524008,0.015376411081557073,-0.03522384755962926
217,-0.003375107610517125,0.008094380225922834,-0.0389743530377952
218,-0.011394104523744446,0.004345225813375625,-0.03965891511630813
219,-0.002935797399456687,0.005867568296115538,-0.03640800717813006
220,0.011495365074236416,0.007892650687891745,-0.031933433982331894
221,0.020526762799128795,0.0003194233945794378,-0.028706035405712184
222,0.010198441998731475,-0.017577322295656957,-0.026332725050700535
223,-0.008855325338959524,-0.01478209402928822,-0.024415873535363737
224,-0.01527422570643111,0.008311412999851959,-0.02185280225187642
225,-0.011655251549238493,0.02091844520963345,-0.017331234999049136
226,-0.0072009353598621595,0.017691904547474595,-0.012747001060162869
227,-0.005247969756976542,0.02043886782242957,-0.012279735155666271
228,-0.007939895730661214,0.031845816093483276,-0.01742081626808549
229,-0.015921755721585412,0.023061901075438845,-0.02409874865960356
230,-0.021463584106788197,0.0003797969022384523,-0.028739330576754853
231,-0.013211419055038198,-0.004606284332264454,-0.03230470189678389
232,0.0026898681119847945,0.00987772953758885,-0.03483443301897573
233,0.010424695038919574,0.02611021495824424,-0.03535533032962432
234,0.010025360795861735,0.030933799730394868,-0.03495344151687346
235,0.007820244410446126,0.021298030482367364,-0.0337299140364386
236,0.005674070244114565,0.010599981420160082,-0.03171477924033245
237,0.008671720807027189,0.008430712569849695,-0.02988333873323848
238,0.010829957085564057,0.00901917709907979,-0.02700356064929285
239,0.0005048117596083979,0.016494373003042517,-0.02199983270647729
240,-0.012790980586452783,0.02624020036207339,-0.01670607793236087
241,-0.017525609865130104,0.023632432922414376,-0.013844619619021826
242,-0.015777416406961065,0.015563249289937398,-0.015047035878777235
243,-0.013025090480329737,0.02158571628893269,-0.020046545169738583
244,-0.013707534685589114,0.04525972192273117,-0.025687087416677287
245,-0.015683489854497384,0.05240961373497958,-0.02740538561031214
246,-0.014655612395769083,0.026231536964206825,-0.022755494372119073
247,-0.008335249003963735,0.007634663645700979,-0.015231120743517068
248,0.005311216835926849,0.01666812825543737,-0.011163006653177404
249,0.01868091806967128,0.03351119076019099,-0.011279294986453609
250,0.016300795569035895,0.041560953061780204,-0.012812536877801269
251,-0.0008525358310732534,0.034726807108330045,-0.014742402930548001
252,-0.0026216286223639737,0.032086942828607426,-0.01641603194484592
253,0.018959618250518333,0.0387910497487699,-0.017048704392378038
254,0.02671435282376934,0.02954288701410746,-0.01761797007362577
255,0.009569964587043081,0.012222725638674325,-0.019333690806281445
0,-0.00375664341916096,0.01031077304754588,-0.020371409226870668
1,-0.0029075363461138065,0.017829257349466138,-0.01825340072929449
2,0.0008236619356808,0.02654503954319179,-0.013743682510065552
3,0.0033369330034971334,0.035730939553495086,-0.00941573205603867
4,0.0005990049119113938,0.04022772179386573,-0.006403575487309368
5,-0.010387259559220666,0.034370392304798464,-0.0044921975089098065
6,-0.020372375911960366,0.015049555081930732,-0.0029660705349478095
7,-0.022863718299714147,-0.002985140061428814,-0.00007200427581648128
8,-0.02277244270193688,-0.008218498204245264,0.0038239550406093253
9,-0.017731636836293172,-0.004135419523093653,0.006824303577331076
10,-0.008834697006087959,0.003976941997532887,0.007706424063225997
11,-0.011479818831689192,0.009380798527877363,0.00545108584811109
12,-0.019831198083142806,0.012200681855694728,0.0030829898080040885
13,-0.02022679210700376,0.01242675035362159,0.004075385267261089
14,-0.01912720129448807,0.007442682006100043,0.007905993817587269
15,-0.01829088919771149,0.0005889958393679173,0.012628799609322575
16,-0.012788906138823858,0.001963192471039127,0.01570382551495164
17,-0.007153039971800251,0.009330383676700055,0.015074799595345648
18,-0.006873890764580275,0.014164941479418464,0.011449265511979959
19,-0.010424853608680496,0.01880259789225404,0.007934369901921506
20,-0.007122466280709422,0.023735881793113894,0.006251949009428465
21,0.0052857213403508865,0.023324087486939347,0.006246037449006717
22,0.014316619807896808,0.01759469554920822,0.008595759918377688
23,0.01557075521200979,0.019063371269778584,0.013770204703105172
24,0.013618522305639234,0.029085525460073876,0.02102992688369852
25,0.011335740581057694,0.03486492200888033,0.029759185455928962
26,0.009944732081427501,0.03566567876680728,0.03828343033042429
27,0.008603856735523219,0.03270967491682236,0.04349931897070569
28,0.008970243250577867,0.027446369235286205,0.04481224368642625
29,0.014782659962338712,0.02496189336540658,0.04449922149881222
30,0.0231331327415418,0.024226825933234636,0.043467139737541294
31,0.024766035252215893,0.02756531736110534,0.041730592152303195
32,0.013389667353829463,0.029109015470938162,0.04072073307888226
33,0.0006464392248724318,0.02393393293094688,0.04282752590053928
34,-0.0026674599786795546,0.02334954528876104,0.04828438029613433
35,-0.0002519806164493904,0.02645135966246708,0.052403619572833474
36,0.008876948939228572,0.029775927019079843,0.05139447018485556
37,0.02202366361059898,0.03746428841842542,0.04733937106937444
38,0.030630411376035886,0.047193824253584676,0.0431320462105273
39,0.03630419216096855,0.056380684568421074,0.03975442125562703
40,0.03791169476341677,0.0566280637447035,0.035179265305432444
41,0.03274358103691703,0.04199846775223437,0.025842977794279687
42,0.02542941565413276,0.025910576736521307,0.0141427893369186
43,0.01855054343415133,0.02417684529498519,0.005617823768315794
44,0.0164984904661806,0.03290505064186345,-0.00008248869087264243
45,0.019436837816719982,0.03533218341916668,-0.006130217612079658
46,0.016879966629994025,0.027612735412032508,-0.012522725434987725
47,0.007075577075069964,0.021710710435653535,-0.01830171564664325
48,0.00017985325150871034,0.021241048913547285,-0.022401915693707725
49,-0.0012417939932894556,0.016469927126806436,-0.024191600066102013
50,0.003470914967935154,0.012771727875723116,-0.025249039576212412
51,0.015119988907248846,0.025222877582819617,-0.024997683026928407
52,0.022127678785991714,0.0399165086916739,-0.02151400710781995
53,0.01689933942997296,0.03624367655027151,-0.01733216492784201
54,0.009758997075850984,0.02838236306912688,-0.015381004837352052
55,0.004449659594092312,0.025632815848518696,-0.015197848296201327
56,-0.0011780304051567658,0.022312309906730263,-0.015698718374541884
57,0.001871899006561914,0.0276918030785772,-0.015205227861594048
58,0.011652181861700403,0.04043546314751158,-0.012005630125909661
59,0.01607308438067062,0.04735258121437026,-0.009172889506731924
60,0.016768421212812218,0.04857352907917872,-0.01113010594432362
61,0.01908500121772977,0.051498823503825564,-0.01624282470369505
62,0.01764998586077776,0.052348006155126775,-0.021855349398091695
63,0.016831230610257514,0.04713184792706676,-0.02803703792828119
64,0.023655500876466673,0.04482389083908772,-0.03259481559834254
65,0.026703861351628888,0.04786546842224715,-0.032291819157964696
66,0.018849217587540684,0.04596872161916146,-0.027455516309360495
67,0.006918139735282575,0.03617111624992958,-0.01949208195671988
68,0.004357826344536075,0.026826584047026703,-0.008872101033514011
69,0.012110939982263688,0.02585392547062973,0.002825961270028543
70,0.016229071234071413,0.034209162951301594,0.0143924822732103
71,0.01680433575903384,0.04288872310622624,0.026783992393468237
72,0.021274769892815848,0.04889388660646392,0.04103324757743004
73,0.025055972240470653,0.05608893906849807,0.054561024256406396
74,0.01672854493386966,0.05546865806098572,0.0630719033145134
75,0.007880289303774907,0.04607067099123904,0.06541510233681094
76,0.02240468133554785,0.044825391865314146,0.06144340662058989
77,0.04265868184041143,0.049965888252900686,0.05048608947445127
78,0.041691618396818855,0.046784674855402414,0.033964967677473784
79,0.02374980782121605,0.034988212888768216,0.014968567196126659
80,0.009736248638381892,0.029020456288192047,-0.004512716538044942
81,0.019654653086718765,0.040387701915425886,-0.023786255225473868
82,0.03852692634583406,0.05274209169934274,-0.04037842054462164
83,0.04063647515619176,0.04951861986424136,-0.05223582421199763
84,0.03147641889010669,0.03898957574728609,-0.059677823040280686
85,0.025589592531138128,0.03439900961080064,-0.061582358643251234
86,0.02626989273149649,0.040492533416656956,-0.05923433987982152
87,0.02435033768312997,0.04765273769029432,-0.05603716076057069
88,0.014670628192380325,0.04606509536141473,-0.05372719279299625
89,0.01425820863281576,0.04286813158436363,-0.055395045338598556
90,0.031466970851925985,0.04674639035698351,-0.061769532322358586
91,0.04240672839552713,0.051772013948959056,-0.06792076300026585
92,0.03178859764089213,0.05185667637286223,-0.07035090360905438
93,0.013168748468394081,0.04276692548957788,-0.06963811757091279
94,0.0038062910294023033,0.027855426926528024,-0.06548875969281648
95,0.010824160473316802,0.02829583096368926,-0.05812434364177471
96,0.02709386202771294,0.05115180206217079,-0.050115894241703374
97,0.0393329353264642,0.07591527264403153,-0.045637792947964134
98,0.037892569318439484,0.08270635554194658,-0.04707488161523379
99,0.023213388453424286,0.07533300684687377,-0.05054524472605092
100,0.011412250186623896,0.07055949781975007,-0.05139045567196003
101,0.016092826169843394,0.07229988146353497,-0.048088275151420015
102,0.02727161623115376,0.06854007403209128,-0.041491489137013365
103,0.029980103874355513,0.05569894981814985,-0.034949452799787784
104,0.02766633694574852,0.04746237434145478,-0.03147732691109428
105,0.030673330336861343,0.04913623393864605,-0.0282881400594181
106,0.04075068040296079,0.05015257812031865,-0.01858560843958701
107,0.047064188920949435,0.04147209805054324,-0.001851618614869377
108,0.0393908696359854,0.02217247738785185,0.0161132559027804
109,0.024196067575283017,0.005796338927948796,0.030234827573792533
110,0.01469177763291232,0.005559852618250063,0.03884009784445064
111,0.01601788683451301,0.017966634598907436,0.04248294751382531
112,0.020009828332236856,0.02929658744098532,0.041021272032388034
113,0.017547305345001055,0.021763350366600084,0.034334509913910266
114,0.016192551438054592,0.0073916798061802735,0.02479427613109926
115,0.022650754759397887,0.012727814882645183,0.01646358902522317
116,0.034814799067677586,0.03366010813798398,0.011836560171549881
117,0.04277839299487541,0.04855451298252367,0.009728891039729681
118,0.03455233139096454,0.04516910594666847,0.010865036130523961
119,0.02194146572081248,0.035066305551348695,0.016827530155551648
120,0.01712358000597798,0.031799909746690835,0.0234836655227742
121,0.014714887746694813,0.0321676415269701,0.026572668887142936
122,0.014627172885072232,0.032580071025984494,0.025548073961821793
123,0.018812132137700652,0.033322680972521224,0.022088228933738574
124,0.02506999736973632,0.035022231738394194,0.018279796353490654
125,0.02200281774072588,0.03116839689257364,0.01597884337706021
126,0.008469860931179001,0.02086202048466991,0.01493676277956997
127,0.00276792533327274,0.020596037022498154,0.013655605094339163
128,0.004585772311325353,0.02868610089372814,0.014026565882436934
129,0.003978781660086084,0.025920170999467803,0.017450337371106503
130,-0.0005916732728324867,0.013452249592194196,0.023103234804727618
131,-0.005679496387263179,0.009251360172274743,0.030002614608407807
132,-0.005829842734607252,0.017862879430013648,0.03658268633589459
133,-0.00010363729512109093,0.028496209418051907,0.04127350269904123
134,0.00992505238242429,0.031212081348826026,0.04240885393155455
135,0.016483635635966942,0.027369971851833708,0.039881981623752324
136,0.011865479093286911,0.023965695680842863,0.035545738744438914
137,0.0026815375062228045,0.02443539039833785,0.03134075738426379
138,0.0037767901264151166,0.03060948735576892,0.028429021002449553
139,0.011222128190575983,0.03559862830735437,0.027283576708893975
140,0.011477867102571981,0.03398193008160484,0.028113686459148413
141,0.008821103590820667,0.03306779758410243,0.03043451442195111
142,0.011703602965740849,0.03716399243027427,0.03428249834212088
143,0.014126245567561257,0.037999718687679304,0.03892004919974912
144,0.0076434422234812616,0.025579686773077676,0.04202605858876424
145,0.00035471025284855573,0.008963156737925415,0.04318206229143308
146,0.0015235211758696382,0.01128174438992631,0.04384608642639683
147,0.008225842000807733,0.03159638864449148,0.045441129064232186
148,0.013682359243654664,0.0428777811020883,0.04774293349170754
149,0.010982513166570548,0.03272836295504089,0.0496251074672749
150,0.0019371884424518176,0.015517865722351679,0.051525508206270304
151,-0.00271612793463194,0.009475223303257056,0.053623246245759926
152,0.0032526512754605524,0.01929950760793682,0.054105146483309774
153,0.014459523276418425,0.03347327267470526,0.051183564293248995
154,0.019738662873378297,0.03634619427756883,0.04569272579358896
155,0.0172747418724395,0.030242688506230256,0.04181739229687435
156,0.011114435391135255,0.028558699310097843,0.04183016240695128
157,0.0019696507869608124,0.030844503789072913,0.043299385449964936
158,-0.00407403931631195,0.028140568301471137,0.045316780154766215
159,-0.0008250242391354412,0.021667574100262793,0.05004237221755209
160,0.004163771585771775,0.016971929881008867,0.05791493486144446
161,0.0036982627190595974,0.012594045122886047,0.06500256731406293
162,0.00513173911415736,0.01274604667141735,0.0677767260777736
163,0.012114561527052606,0.02407752353644515,0.06773518544844018
164,0.014411040186873517,0.03352272318322608,0.06742728068032758
165,0.011833557396874556,0.03220753375271434,0.06656887540935302
166,0.018801031060351373,0.034505961907166253,0.06397030496592174
167,0.03183859550764702,0.04327733121852223,0.06174801597259377
168,0.030861145229718223,0.042231858655826196,0.0628706984241644
169,0.015659959414263097,0.03154284491623413,0.06739460760944926
170,0.003406266506900013,0.025914403499649102,0.07486885112257843
171,-0.00027706239876898464,0.022771504367802675,0.08334524020441278
172,0.003295734895839536,0.016871345924900166,0.08905839643479174
173,0.015672690998723135,0.01568914641977919,0.09064768764939812
174,0.022899065659777645,0.018910801326763246,0.08891790251441717
175,0.007862223298561039,0.015752742084860855,0.08620871538887559
176,-0.017803771368083324,0.005729474493135073,0.08551438480856993
177,-0.025081391111132695,0.003616207596230804,0.08684605768126341
178,-0.007056739273438389,0.015327789407067006,0.0885740179423096
179,0.015416406133036908,0.031829676435898596,0.09026331794775086
180,0.024663219389618907,0.03671010053298565,0.09147230679963633
181,0.01818540859415354,0.023239589690354667,0.09231581209890061
182,0.00634255511987835,0.009594709890866526,0.09397589730311909
183,-0.0026386895148248213,0.005118682300077226,0.09730297601925564
184,-0.010096653481854866,0.007905139599734844,0.10280747041873917
185,-0.011593753665696586,0.02033648667454517,0.10880700799791537
186,-0.0018191309158166469,0.033438653527552625,0.11219460521784513
187,0.013316513220965363,0.03537481868219519,0.11221288884011765
188,0.02345375486943079,0.02395338688449951,0.10909825571869158
189,0.023884276270310922,0.011819324328393721,0.10328591228548528
190,0.01767216025045963,0.011420119745938817,0.0971545737237392
191,0.013619346588312015,0.018822929077334127,0.09350853539604151
192,0.017110664576227452,0.028939021515635183,0.09314846755960593
193,0.0235737238116029,0.03873688416565274,0.09430091828797596
194,0.023906509514765292,0.03974147639966266,0.09500728931172464
195,0.01831468274240363,0.028547089138510534,0.09475194106730478
196,0.014790940281783974,0.01398359344794059,0.09271987897043948
197,0.010470736806902248,0.007454191922103254,0.08873702528059257
198,0.005570099587518786,0.014604679582965824,0.08439346640001977
199,0.009412982004900379,0.026879932354336028,0.0802917979976508
200,0.019346247196108883,0.03302949015873402,0.07592645037437332
201,0.021654707722901186,0.031717749524518335,0.0719306790561259
202,0.010728922311632923,0.02358289363621699,0.06909592223913019
203,0.0006440765091868389,0.01675812524428863,0.0681986527665567
204,0.0004147286528437405,0.021616973003551178,0.06954208004661125
205,0.002367987271185385,0.03035405168041374,0.07149394005076137
206,0.002687374514134977,0.031426193782121886,0.07329244176025032
207,0.004638059811348235,0.03068547458262441,0.07353628022564176
208,0.009249174190289138,0.03302990406368016,0.06886442911755158
209,0.012082975088594003,0.031550162171242166,0.059803300526300646
210,0.012707747425845857,0.024403983976092364,0.049610581155865946
211,0.013246608590439517,0.019096670604174998,0.0415871693758999
212,0.013170029023988034,0.021081334462336454,0.035383841535961455
213,0.011241084570920226,0.02662329244576557,0.02574869123592756
214,0.00949375953860536,0.027764788543022174,0.01377273263443348
215,0.007591045270943536,0.01924812979046539,0.005660112706957276
216,0.0032294113128452373,0.010485433016466844,0.0017183185078898829
217,0.0015261019018572158,0.012111610883632017,-0.0027214334240668586
218,0.004445967256883204,0.017834721295590293,-0.010468819423454177
219,0.011403142760444365,0.024176059035753192,-0.020345902640618356
220,0.016813148748777804,0.028386357875781115,-0.029817379705171912
221,0.018371182902649164,0.029892799073054505,-0.03862862230125172
222,0.021530271942923923,0.03422643725290009,-0.048428648215118594
223,0.02366591841133725,0.03999270955590209,-0.05836873599700791
224,0.024464654310973527,0.04508345027654456,-0.06569550940479651
225,0.02712077062195334,0.04583324404046252,-0.070235252952802
226,0.02643154352010585,0.040888098826385014,-0.0735171291101637
227,0.017306945021675638,0.03599553374760657,-0.07609693615759663
228,0.007493746199620108,0.033288284912694754,-0.07881030038044623
229,0.007784941725316019,0.03525574931381403,-0.08134391491537998
230,0.0136246095344673,0.03858955594672123,-0.08278997111859923
231,0.01580227891492525,0.03502740941473528,-0.08396949955028313
232,0.018059540729854898,0.0332438094271416,-0.08557955037756954
233,0.023904143612118754,0.043007191559872066,-0.0882820289139819
234,0.029910519266576077,0.053552627727853186,-0.0921994714266337
235,0.0348365078823166,0.05232095734743089,-0.09564885361889752
236,0.036829847742115784,0.04427387596312721,-0.09801233924418706
237,0.03310561012257873,0.03602402692109999,-0.09914493501940136
238,0.0261408803826602,0.030256528013680534,-0.09744342259877864
239,0.02209848144398341,0.03597234134815258,-0.09348515692521714
240,0.022128327856494275,0.050040069457247455,-0.09093063214176866
241,0.025277148431513175,0.057810324200953445,-0.09124590834984972
242,0.028143569352022776,0.0575580920002815,-0.09106484011747648
243,0.021176169216383246,0.04787957597871707,-0.08776263275471499
244,0.011744852586943307,0.03241448399202308,-0.08224263438122581
245,0.015360596111165609,0.029508221638536947,-0.07699461320949152
246,0.027149694241871247,0.036281033876662816,-0.07410524758324655
247,0.03348760731902034,0.03604448821261963,-0.07381683992377855
248,0.024051445209490888,0.02639206467028811,-0.0751708001511614
249,0.010146687190010377,0.018264802465902882,-0.0748040623161848
250,0.011427479130499022,0.02521891389228727,-0.07039729520262067
251,0.020890902720631207,0.04168017683371836,-0.06476908731578068
252,0.024969324600223403,0.0516222376823138,-0.06057414336185177
253,0.02218383324021931,0.052117238376491445,-0.05700293599502862
254,0.01574935115432924,0.04549724689374793,-0.05425454126020918
255,0.014360730674477531,0.03780147216134383,-0.05470363042113133
0,0.02470829908280453,0.038809194539127345,-0.05894791884659781
1,0.033569524554710475,0.04328658729955753,-0.06488906252078425
2,0.02791266714646151,0.04104321631094149,-0.07069649890644356
3,0.017282915706391663,0.03632744593826927,-0.07559522997387516
4,0.01602629346285535,0.03824354297071336,-0.07914103512029672
5,0.022085852753081666,0.046720838029674916,-0.08130886161318737
6,0.02011210321131836,0.04793313338395622,-0.08171061631320331
7,0.009889018488587392,0.035465508870719524,-0.0809235869405786
8,0.0044719349437161125,0.02848759815168808,-0.07959751311955743
9,0.006557058551764951,0.03802061860961739,-0.0764031843745609
10,0.00920699232196421,0.047788377672633,-0.07109453634272953
11,0.009666774140694858,0.04076398861121078,-0.06509413666499214
12,0.013200078425761975,0.029359051378907958,-0.058351436821298674
13,0.018732491202014544,0.03781578233107126,-0.05282757376510207
14,0.01803531130242145,0.06261617182921209,-0.05116408199793847
15,0.012835892035974763,0.07323211424749287,-0.051446197202096214
16,0.0131884679004826,0.04848810897455768,-0.052279194857059105
17,0.01933680353335137,0.017778077156484856,-0.05310243002607712
18,0.024874686106863268,0.01450679786551129,-0.05286187633887535
19,0.025202473988703483,0.027492114718381866,-0.051793553418723326
20,0.01950539837434953,0.041691045432724644,-0.0497432034135529
21,0.016245104864324386,0.05156049268108384,-0.047853742776346964
22,0.01984442526953968,0.05131466346305477,-0.04825478137226266
23,0.022968204967799583,0.04388758520012968,-0.04930788442118758
24,0.02118025728373068,0.03475810838897776,-0.048110187516131483
25,0.015806500202476884,0.027829762226183205,-0.04544967370917165
26,0.01254339265770154,0.023298633309280642,-0.04301041450276223
27,0.0150585762010986,0.021258969767161906,-0.04144556086044644
28,0.01611406530414597,0.022259839651281615,-0.041524050725767314
29,0.014735494650108094,0.02269866789957739,-0.04296785685702362
30,0.01389868138788361,0.0226883198400461,-0.045544393300494146
31,0.008196015638395032,0.021954251696718267,-0.04932215814001378
32,0.004547812437660396,0.02457935159889295,-0.05320651885981191
33,0.01314334210848972,0.03149724675254913,-0.055825501150054385
34,0.023992887864364182,0.0376094384099188,-0.055739356130777976
35,0.025001378279832332,0.047212780947454326,-0.052982102736899434
36,0.018475856129646563,0.05628977286411596,-0.05018737761237432
37,0.018285124263578437,0.05800724288871692,-0.049319952292113334
38,0.026156231918174955,0.05734371520787562,-0.05021118565165475
39,0.027964109261757575,0.05407778147739606,-0.05179591056782343
40,0.021342560124490165,0.043837900613994396,-0.0533359934143785
41,0.014195708664155468,0.03483332661434091,-0.05261024071141818
42,0.01256925189823397,0.03696337165820124,-0.04688298977282877
43,0.015106113468233588,0.04205715878239738,-0.03939353786576842
44,0.020068450380395265,0.04366770110850443,-0.034846117300149734
45,0.02535295644380231,0.04265533704876058,-0.033184891764673485
46,0.02642562312907168,0.03956354353671737,-0.03285893553307637
47,0.026892298763754884,0.03958946923330853,-0.033474783795805624
48,0.02865762698165053,0.04352054081083395,-0.035030685586469726
49,0.026610096389469234,0.05086995876777317,-0.03638621413703866
50,0.019095944664897585,0.057341272112898245,-0.03711173373855693
51,0.006845874093374671,0.05568294727364073,-0.036883282882733265
52,0.0018184091288115933,0.05249515651617642,-0.03582156956699571
53,0.013307897205304689,0.046965011652417364,-0.03584100312316592
54,0.023425173098385016,0.03483378714320787,-0.03638117890265129
55,0.02246609838178877,0.03153677720559474,-0.03580434722070125
56,0.01647579246437403,0.03872990877985151,-0.03436225123079467
57,0.008123419946991645,0.043497616627974245,-0.03296618008753972
58,0.0050795159785763655,0.04817215446719897,-0.03167390615621052
59,0.010983401086348238,0.05552547884759332,-0.03084720864212743
60,0.01929122350442672,0.052900864966914984,-0.03161123786037659
61,0.02283217970849638,0.03915339526398262,-0.03367340745418156
62,0.017931915364750778,0.033607553208389984,-0.03556740763442709
63,0.010358697815203974,0.040715474820069666,-0.035465284524443724
64,0.004491694464061113,0.04197646718350203,-0.0326082966760691
65,0.0021154205450918534,0.03506150956269015,-0.026678794843198905
66,0.006149544027127946,0.03335908517998311,-0.018964027273396356
67,0.009697478557160896,0.03201532247301201,-0.013968035261253758
68,0.014427371556579915,0.026824213414914005,-0.013941534737495098
69,0.025400146022381664,0.027715796954174754,-0.01794807687424675
70,0.0324404525106429,0.0347601926006148,-0.024328947110739893
71,0.02966423358669268,0.04396138396578403,-0.030027310974216515
72,0.02623194236246157,0.05685844194975043,-0.03306177155355212
73,0.027056093612825058,0.06721266729345197,-0.0334404573503023
74,0.017796542614531355,0.0595927567844491,-0.03186280538798969
75,0.0011457969472105853,0.03569033443691341,-0.029617955704234533
76,0.00246807081561054,0.02637884230053905,-0.027537705035737575
77,0.016569122257292047,0.038450251245496336,-0.025316261397540507
78,0.023224553818447395,0.0483377533049682,-0.02284945090993845
79,0.022553318643734013,0.053889569145569444,-0.021350180314334277
80,0.017528770802865738,0.056059715224758416,-0.022577917166140438
81,0.01189975149378679,0.04664132386993093,-0.026891726355144696
82,0.012906529036917108,0.03273756189759995,-0.03131494634571051
83,0.018216872651933474,0.025376818768090587,-0.03276154638223301
84,0.021219504545603132,0.02847307992486378,-0.031909859378771416
85,0.02419738617354353,0.037568955750095265,-0.031041219755590488
86,0.03105437809465402,0.04758439103314137,-0.02983036304801634
87,0.03258385185080171,0.05170105854452907,-0.02679279580615096
88,0.026952309546725305,0.04550336759686778,-0.022779990359534874
89,0.02222429201583527,0.04163468162785154,-0.019030319049799738
90,0.017524265863099825,0.04397237988617661,-0.015900791853761004
91,0.015714662894942777,0.0450780725056458,-0.012973903024956268
92,0.018743278901042104,0.044068951931026196,-0.011147112312142826
93,0.021710581487850503,0.04250500524247691,-0.011285527178225438
94,0.02336953006946691,0.043457629265842304,-0.011702819300031739
95,0.023381475636018154,0.04967909642618784,-0.012295846632273927
96,0.018660149468225667,0.05313223126863348,-0.014788602337797191
97,0.011985826427605581,0.049330630947008264,-0.01945335692991071
98,0.008786547158190848,0.04769058441863448,-0.02406151098765899
99,0.011088107396346518,0.04498469304620897,-0.026489003206567108
100,0.019343851203346002,0.039168347071009135,-0.026441424360471033
101,0.02348453443157139,0.0400099801555818,-0.024396706471667487
102,0.021212342323098946,0.0456264360819392,-0.021526598983004352
103,0.023456593844538298,0.049908219363475545,-0.018232064340168788
104,0.027678611992829928,0.04939862209300844,-0.015045657407950039
105,0.02949042718595674,0.04436380934930893,-0.013396229916570052
106,0.03219701646396077,0.042749273923941136,-0.012944102168551769
107,0.03580444877366894,0.04948137500182312,-0.011673565502282574
108,0.03951247719746962,0.06112901554500877,-0.007422860296854822
109,0.03630780553244245,0.0660358766428445,0.000033404982179408016
110,0.025924794453283523,0.05939856859476661,0.0070560127396254585
111,0.02302240117883611,0.05350776088037126,0.00985658476396456
112,0.028229000157469014,0.05510112771395645,0.010356560834146267
113,0.030130639792870978,0.06116167173527293,0.011553666077856406
114,0.025016443934099727,0.06089520499272838,0.012209280468085115
115,0.01968992759599049,0.045423620554525396,0.011244019407263807
116,0.020112054433883864,0.029697944189089553,0.00966096759184297
117,0.01881277090654982,0.029453699391978408,0.0089407342337917
118,0.01582957465518786,0.03676462106356797,0.009688032622258133
119,0.020729743381105975,0.040403666515154424,0.012933495061427547
120,0.02579404203419193,0.04505531484689551,0.0188921331942542
121,0.0202937859293571,0.05051550304138393,0.025505292287059167
122,0.00786522510833576,0.04780475388009063,0.032369628252961774
123,0.0008485584118014533,0.04023764340799579,0.03781148908070979
124,0.010806324429614697,0.039545453948499676,0.03868076877947513
125,0.029240950907399144,0.04849294693208908,0.03570441579047948
126,0.03839219617396457,0.06397386339703254,0.03332937830775676
127,0.03676801752087691,0.07977296999580094,0.035033409781903835
128,0.0280792080775491,0.07347642091333192,0.03847010133775339
129,0.016550064423766192,0.04678453887341888,0.040671299409189676
130,0.0038948985375799883,0.02753118266608201,0.04214925592176233
131,-0.011174088725372844,0.01822792859615674,0.04244443451312596
132,-0.020216658952282474,0.009890873432365943,0.040858106918954834
133,-0.018119527041550898,0.0003980450436130989,0.037430952643039306
134,-0.012617654824456148,-0.007592345777797216,0.031952864571099845
135,-0.016811272166130153,-0.010245539453808142,0.024864967985354147
136,-0.03336705902176179,-0.0088502544588073,0.01576350191555538
137,-0.04958438496165346,-0.010949978374985292,0.005755190431535561
138,-0.05335646488282761,-0.022598444143616253,-0.002572957726126389
139,-0.050818003079933824,-0.03444616566181759,-0.008895125282290684
140,-0.052950553855207486,-0.038164347336607354,-0.01225719844136949
141,-0.05703788584717569,-0.04154680751875563,-0.012138273471269785
142,-0.06330858108438292,-0.051045114983669176,-0.012009880706207086
143,-0.07798552176995834,-0.06710065525478437,-0.014121059694912584
144,-0.09827625989497352,-0.08842599892922032,-0.01630599455831505
145,-0.11424601726250899,-0.10681545926559738,-0.01765629809183459
146,-0.125317305008738,-0.11440736661850687,-0.020366138199790995
147,-0.1381391139049727,-0.1150793027220442,-0.024604329479414877
148,-0.15251389266981613,-0.12170158793012381,-0.02649607188729683
149,-0.15871227305111135,-0.13239618794547264,-0.022046446527082604
150,-0.15393277403958622,-0.1340063667179746,-0.014897443897205168
151,-0.1537531132087695,-0.13484415855237103,-0.013631096732617573
152,-0.16618908742637156,-0.14569540424907457,-0.018059945034579014
153,-0.18201054536562605,-0.15441989893790065,-0.02237310302900971
154,-0.19317963883286615,-0.15374344661798423,-0.025248350507946726
155,-0.19634463215664455,-0.1491448972759507,-0.026685313218480108
156,-0.19746742518163396,-0.1455553093172527,-0.02629615620850222
157,-0.2035373629718067,-0.1530591848749484,-0.024972462581683404
158,-0.2041419484725494,-0.16370572323364063,-0.023378274137759017
159,-0.195896235297208,-0.16083335568061535,-0.02154569831455884
160,-0.19737132871979335,-0.15065755822420945,-0.018940606125305723
161,-0.21227611880607072,-0.15073460284288154,-0.013510946769799831
162,-0.21725364968597294,-0.16296007047935218,-0.0038796668876499713
163,-0.20627861589456548,-0.16719722457837727,0.009455367374539524
164,-0.1920245602578694,-0.16057983837324935,0.02711348432676562
165,-0.18096852735824598,-0.15447990130755873,0.04741519384320546
166,-0.1866990075455609,-0.15714935373704908,0.0642702011046587
167,-0.20791748570003044,-0.16990354105938033,0.07379873795664546
168,-0.2183444482022464,-0.17663305329736956,0.0762825255015799
169,-0.20789226393140936,-0.16899295428362782,0.0727558442445762
170,-0.1883597506250262,-0.15397937450847377,0.0635182165114399
171,-0.17080351621339152,-0.1428615416701669,0.04889379806655683
172,-0.15634653750240946,-0.13559626279550463,0.02887895052925543
173,-0.14812841285644318,-0.12590093660670315,0.005106339988167272
174,-0.15319126255441318,-0.11970398600254373,-0.01780861387095048
175,-0.15908684623120745,-0.11738297837541839,-0.03867022245512422
176,-0.1539284352404675,-0.11860828550718666,-0.05837452786797523
177,-0.14531794484032395,-0.12177565771073445,-0.07236902722250013
178,-0.1349329215796094,-0.11672089482127046,-0.07627933218405741
179,-0.11732906011150057,-0.10253773970524133,-0.07252669580129428
180,-0.09778038996704863,-0.08472759677144714,-0.06683087193168222
181,-0.09021274106121013,-0.0714332573934855,-0.06380253697926419
182,-0.09238565124670944,-0.06307330314693343,-0.06420716282117259
183,-0.0935152013304632,-0.05544789058194577,-0.06534442613671897
184,-0.08893939303924447,-0.05297653483313994,-0.06472863778373414
185,-0.07154273784227261,-0.050210372980342616,-0.06202160216630438
186,-0.052408591055327525,-0.04191886591525043,-0.05854448943656104
187,-0.04513268339907134,-0.03134504027252824,-0.05513366246965273
188,-0.04154844840749872,-0.019012118260374272,-0.05186991455891776
189,-0.0364075922099856,-0.009113845607640975,-0.04932290237426368
190,-0.027885804791695723,-0.0013791713426318658,-0.047130657908096424
191,-0.020235996490683382,0.005533556912683604,-0.04277913704815284
192,-0.02263899067672811,0.008416687144089052,-0.034668677744506736
193,-0.02514039532204549,0.011055070364390768,-0.02466430838092688
194,-0.02122897210049121,0.01663601613843349,-0.014774837212924538
195,-0.01797725070192415,0.022040676256304237,-0.006516148681466338
196,-0.01494165160269978,0.025261762711990973,-0.001882378908019582
197,-0.006973489702794933,0.03008978264527744,-0.0006610464909910657
198,0.005831961544780967,0.03944003206779295,-0.0006987677288622027
199,0.012719119521110892,0.04301202222369324,-0.0006795308966612984
200,0.011244198195035207,0.03638928073888287,-0.0009097550738022195
201,0.012394632228873798,0.03133482873133776,0.00010739091024549591
202,0.021991321366432448,0.04013231362928271,0.004373975260430395
203,0.034379274651966996,0.05992653648415519,0.010186194574161145
204,0.03981736621670226,0.07051791969756391,0.015409395115125388
205,0.0371758199175625,0.0659240680209004,0.01774173025569739
206,0.033575926764438074,0.05968312627429237,0.01685983608598366
207,0.026124393290375456,0.05699518340389237,0.015833540347206923
208,0.01615519269884144,0.05686317944773871,0.01406541001967341
209,0.020396930096726034,0.06502359727655244,0.01057858737864665
210,0.03700637572431089,0.07756611711423007,0.007821408831890246
211,0.047529589091857,0.08279959914606794,0.0064716364381399265
212,0.04909297287251088,0.08614464874681665,0.006270923517963966
213,0.05118317170046621,0.09054991074217272,0.0076719170221729235
214,0.05395039008935332,0.0869784344439844,0.009673071253314064
215,0.057282126055930666,0.0834370588079606,0.010278682283136697
216,0.060613051147069635,0.0887051272205816,0.008164706968423986
217,0.061413709431721725,0.09362789318634762,0.0036835040548158643
218,0.06257080578718846,0.09258474384039672,-0.0014065557103054918
219,0.06294724994336753,0.09072882128890247,-0.0043943002365085665
220,0.06078281547178853,0.09087306511180943,-0.0038696703903136134
221,0.0589391190387093,0.09007058053959408,-0.0017173787888566383
222,0.058264543776535546,0.09128009767558526,-0.000040998361302967135
223,0.055233012553485644,0.09586597441204647,0.0011090534610177852
224,0.050860737513072934,0.09455012699049148,0.0031563575303695454
225,0.04986536258187049,0.09232309157430973,0.006828349864506311
226,0.054048056129988115,0.09630043397306087,0.011020651056973786
227,0.0591745344261643,0.09189620162232404,0.013509910825090649
228,0.06145428782672091,0.07985203253564502,0.01414107837224618
229,0.062447617024250085,0.07465061713852353,0.016205199687201452
230,0.06194265600383678,0.07850748444204897,0.019563959819894935
231,0.06467623354470355,0.08796001612946314,0.019908873055456036
232,0.07344220830132248,0.09410472920447735,0.016893255698151928
233,0.0781629570812829,0.09126810810439734,0.013624954280911403
234,0.07278542231315527,0.08355039331175695,0.012291144499803595
235,0.06332057353797504,0.07887441111898219,0.01311891697826123
236,0.058995646292696324,0.08258151120950563,0.01340617294467182
237,0.06055038465394366,0.0914816628652122,0.01261488157036312
238,0.06428924657918093,0.09957886259505055,0.014150731243437839
239,0.06876136363267973,0.10229520606047215,0.017758278343521214
240,0.06464965008143789,0.09325407721246379,0.019544629405602615
241,0.05208075001977995,0.07617343714547958,0.01863923941704773
242,0.04576271821977643,0.06627110324951213,0.017718767119361947
243,0.05206974762125341,0.07103130192336096,0.01782254513512465
244,0.06481116381286203,0.08091152774140958,0.017966981648074302
245,0.07585875474260112,0.08698394598905401,0.0189747845019402
246,0.08196627543578441,0.09183321840142186,0.021297427228602603
247,0.07671756581667419,0.09076308223644483,0.02301708493053152
248,0.06534341657470666,0.08536956583822902,0.022788641911503774
249,0.06213339163545517,0.08831051351976213,0.020754061229889043
250,0.06088553332038529,0.09369710492673375,0.0187550762885529
251,0.054147001719563076,0.0895406581809638,0.018940003060655977
252,0.053384409440908415,0.08168620617357036,0.02014866556426028
253,0.06311213346899983,0.08294058229663437,0.021734640833586966
254,0.07249000066753239,0.09505361376703081,0.024872356642776042
255,0.07600884759284637,0.10061651834441243,0.029091907168779754
0,0.07379849326793081,0.0911216299859656,0.032627714764484214
1,0.06370301586652727,0.08169649580171406,0.03354470881360544
2,0.05497826207348372,0.08046178400424725,0.03293222483684463
3,0.05913336622403306,0.08717916637770218,0.03334287005357259
4,0.06494964196135644,0.09369076836736559,0.03544611767589889
5,0.06282287468719044,0.09420074011709068,0.03935204395390898
6,0.05968225532586209,0.09610552672205153,0.04440746649500339
7,0.06235135428674253,0.10051109183164542,0.04925399463083026
8,0.06809002286254999,0.10038784322985839,0.053892924206258144
9,0.06322766035837209,0.0918147447813299,0.057665527218111426
10,0.05196712185442792,0.08251448730524835,0.05905493700127509
11,0.050500042565750164,0.07709507424027029,0.059838627771060804
12,0.05520302377661096,0.0730986261437816,0.06315230276596942
13,0.062112866890718654,0.07676940616022265,0.07058253230274877
14,0.06746814097733006,0.08733370041037967,0.08050139358990588
15,0.06545521338907567,0.09399785348802422,0.08673987584208417
16,0.06340910129963143,0.09348939496595025,0.08560292113007745
17,0.05990603076747539,0.08334422744587708,0.08143225891177416
18,0.05159308428260073,0.06988219634920406,0.07950409470159775
19,0.05079911031745574,0.07031707144598204,0.0803956685252987
20,0.058421485122221783,0.08467726482502425,0.08175347328161514
21,0.05817500208056045,0.0937198142148718,0.08123905401300371
22,0.04868374181361729,0.08710145650381801,0.08075938196040644
23,0.04427079695928521,0.07679283560669858,0.0839109759943622
24,0.04668775019605659,0.07378538599871903,0.08883598937652606
25,0.049062409150282205,0.0718975720482983,0.09132562029968
26,0.048449260958121174,0.06785759712661876,0.09082189335913265
27,0.04658240733360117,0.06736039267957172,0.08877611073260552
28,0.04867840814121839,0.07253436728787752,0.08613987952630076
29,0.05405994297689526,0.0836253807583689,0.08322533070783386
30,0.05422476086937178,0.08964769576863618,0.07989728445637007
31,0.05134047688017751,0.08552554777696586,0.07627274790950114
32,0.0511272023165657,0.08001143499708158,0.0732652762186268
33,0.047165126505894384,0.07242792274557722,0.07293186108261512
34,0.043037990124255576,0.070215999747544,0.0778835249777576
35,0.04522632737352224,0.08066000823839858,0.08583653967569096
36,0.04533335365835669,0.09169250221981534,0.08859378604199913
37,0.04165753669913555,0.09115373530420365,0.08261447805627892
38,0.04204702896803373,0.07894004203657012,0.07240034991523325
39,0.04497738833396857,0.0684116076985572,0.06298782048439833
40,0.04459076478409274,0.07376404493289707,0.05618314177565653
41,0.04385133099038016,0.0882427819308978,0.05128910664774822
42,0.05017098818131896,0.09181549572299907,0.047187521272262445
43,0.06115386578655235,0.08228307589164296,0.04257923881967049
44,0.06311097526954124,0.07295899948624973,0.035749854986501746
45,0.05342421965985908,0.07004079647236178,0.02727434702182495
46,0.04683353697925402,0.07167619718512835,0.019248238564546098
47,0.04646550202525111,0.07329315582293183,0.01259447720464544
48,0.042019751765140556,0.0708325450717647,0.007909255390126907
49,0.036873630056344156,0.06758331244860308,0.004711467922218146
50,0.03813768092082684,0.07017752840592675,0.0013867893834677847
51,0.04082527310197885,0.07415192277249405,-0.0015125176148156755
52,0.04238852098157643,0.07826721100673747,-0.0038124164845376313
53,0.04426104174217242,0.08515567883576478,-0.00915793871322601
54,0.04392318877654017,0.08552238020506331,-0.01935316887934893
55,0.041950616871627044,0.07575575127538497,-0.030973627131658632
56,0.04378861908967617,0.06463637259211225,-0.03927920761747755
57,0.048362710325985436,0.06615064143201616,-0.043011017963678164
58,0.04504417070147382,0.07706238861972259,-0.044791737828068015
59,0.03324089410905989,0.07632856640297722,-0.04672565975103486
60,0.02484066611234595,0.06259317282136892,-0.049026623873319825
61,0.024258857322377328,0.055569551602905,-0.05173442696485363
62,0.03059365614479067,0.06577429452376118,-0.055025259294976314
63,0.03757251223001646,0.07770658124036631,-0.058578459590808735
64,0.037696683730565034,0.07590302210484606,-0.06177653105952563
65,0.034521597286910274,0.06747992546679032,-0.06501934250366947
66,0.03388147208536022,0.06443273119741288,-0.06957389614254489
67,0.038024680196902985,0.06844140348647884,-0.07520973550297394
68,0.0431131701309449,0.07426891991635082,-0.08016923806358195
69,0.044977886066680184,0.07760716232019257,-0.08327027080478508
70,0.04508206185532285,0.0771921945404501,-0.0853837019104339
71,0.04567463982462089,0.07378222435344345,-0.08812941261759694
72,0.05229252638306871,0.07063132815467743,-0.09159450437776823
73,0.058847209927447436,0.07015700800206895,-0.09558406697190625
74,0.05181804995014877,0.07064171147799353,-0.09918028059243938
75,0.0404243281742591,0.07150813145009147,-0.09991926337397611
76,0.03772873870924531,0.07073458733953569,-0.09740078358345261
77,0.03959147198070995,0.06829761356006483,-0.09379391748457364
78,0.04222746137086186,0.07017540468287495,-0.08994904495647002
79,0.047740358523468224,0.07626616067496056,-0.08566204754653561
80,0.05075105160714191,0.08130856797065653,-0.0825373384107406
81,0.04436123859846339,0.07982276212351269,-0.0825484096428411
82,0.03334771348365584,0.06981961489634717,-0.08476730387368553
83,0.02706507432189101,0.059544867035526305,-0.08637041606190768
84,0.032124094932844655,0.059284792199862185,-0.08721595072131844
85,0.0428881983705412,0.06707794003460299,-0.08835046687799933
86,0.04945947509077807,0.07252716265337944,-0.08744074528705248
87,0.05010118927273034,0.07226745433911233,-0.08401888815149003
88,0.0411454181747519,0.06959496305684448,-0.08199743593868203
89,0.030171114085095097,0.06446968068395009,-0.08187418382197459
90,0.029149464350553933,0.05727875166170954,-0.08099764265604095
91,0.03225802401105479,0.054987828852409326,-0.07986097174545359
92,0.035254056485497454,0.061448289186502025,-0.07964230016467622
93,0.03601553773824778,0.06913141824055724,-0.07949663206569926
94,0.02981498144636257,0.06791273842864698,-0.07855236242446825
95,0.02589553556612057,0.06566501144722384,-0.07615341806058801
96,0.02932156203056076,0.07306464977753224,-0.07316952169042215
97,0.03035189810220472,0.07615400121630789,-0.07133217591528798
98,0.026389548337379623,0.06711360892754667,-0.06984438838140142
99,0.026782004925260033,0.05757378343624034,-0.06600130283605013
100,0.03190443834082052,0.05395209990396485,-0.05918854127806131
101,0.03513270670175121,0.056218399081403136,-0.05236964307920991
102,0.03843835815254082,0.06312164846334015,-0.0477759753212913
103,0.036301961688650394,0.0670257063643504,-0.0454608495172
104,0.03224028376978263,0.06769450054744208,-0.04657491629852177
105,0.038372441210628244,0.07112861836384313,-0.050341038253082004
106,0.042772141507233075,0.07076574117337378,-0.05273531651379172
107,0.0358389393372746,0.06673578865856483,-0.051531451580656445
108,0.030078083894083285,0.06758166665574034,-0.04746420447469776
109,0.03627546282820404,0.07397223240501599,-0.043762305777955646
110,0.04592711286631579,0.07945283899160066,-0.04208281760695076
111,0.04644315868438109,0.07711958979973543,-0.03902897401215871
112,0.03870499902795302,0.06777721519556831,-0.03392745301178807
113,0.03174455710393841,0.05818561176054815,-0.031361045533887175
114,0.02975283687355046,0.05435363691840921,-0.03188188851205244
115,0.03319208334135763,0.060228261910340086,-0.03305766263051962
116,0.042731455972961005,0.0749856787357751,-0.034657647514510094
117,0.04526264813214376,0.08485520216332826,-0.03459834385000561
118,0.037160138282480465,0.08428507462848706,-0.031045981525007274
119,0.03479710406931086,0.08641905076422352,-0.027648059144201098
120,0.042744693970786146,0.09452985349304976,-0.028033492984533476
121,0.05648039546974887,0.0982351578426724,-0.030784417644254297
122,0.06595228630483078,0.0931561493061458,-0.032801170909578556
123,0.06450123949339645,0.08868745075030326,-0.03329038518702977
124,0.061345264215537834,0.09166182493521788,-0.03191027075405522
125,0.06013034951288693,0.09555856926648001,-0.027090828747452694
126,0.05858779777634479,0.09803334450434656,-0.02098024060972115
127,0.05921988705991915,0.09972258529658037,-0.018894611813889725
128,0.0629840358556922,0.09763165933012469,-0.020953207517601657
129,0.06319776886389661,0.09417522755416596,-0.023601291430555796
130,0.053854709077610724,0.09159476811850914,-0.02631935798407095
131,0.046058417652222045,0.08801673386197173,-0.028341065931249396
132,0.04988852974191871,0.08556485520857737,-0.02783212035803527
133,0.05476881842061551,0.08762972240902839,-0.026309034822051214
134,0.05059575764808388,0.09070644259912625,-0.025606760459790337
135,0.04568852281044772,0.0920416268943168,-0.024744259298801273
136,0.04708287239452705,0.09068702040220608,-0.02315655631557975
137,0.04959299075051826,0.08888747172677927,-0.021673799332642532
138,0.050480102841256314,0.08956252115706007,-0.02010102303682243
139,0.045936125665564265,0.08401968380548025,-0.017922371209305357
140,0.03555817216459281,0.07413476266633945,-0.015981899117173112
141,0.03377710318663257,0.0750763868474878,-0.014249856129178187
142,0.04233842460301898,0.0813617837466768,-0.01299931100308417
143,0.042744984965153984,0.07894834067121159,-0.013242988404505582
144,0.03310347923494936,0.07194264725987003,-0.014432353163797998
145,0.026266100286588746,0.07050109867738673,-0.016486751065783033
146,0.028145065499761784,0.07475632385365467,-0.019268906891717806
147,0.034996952523742075,0.0761536450037434,-0.021502241905040846
148,0.03800189342767722,0.07226337448994652,-0.022736473049419045
149,0.040214674153794414,0.0745582125820527,-0.024043988413005243
150,0.04752568810712614,0.08375720533232506,-0.025832759862895308
151,0.054293728908636,0.08599142325302506,-0.026873966120934498
152,0.051676899197820675,0.0807500761506263,-0.02506891042658496
153,0.037557577231289996,0.07808286950231741,-0.021054100137109552
154,0.024714151497019776,0.07722388861288917,-0.019247266444115178
155,0.026852391138214332,0.071907086233372,-0.02182683490487885
156,0.036915743941405676,0.06577829131037462,-0.026277360829106696
157,0.039761938756022325,0.06114458306202995,-0.02925031260531994
158,0.03583092127270271,0.05636696289017569,-0.03027197275720915
159,0.0324982199344539,0.05722312905468013,-0.03109800572112159
160,0.02803588968618137,0.0633255605050462,-0.03228935125619907
161,0.024050846917527458,0.06535073916485723,-0.032939554660137066
162,0.029869304805741362,0.06886364273058035,-0.03355204497450558
163,0.039737988995411644,0.07546876429894459,-0.03434014748376889
164,0.04010565086986714,0.07411043678401608,-0.03280665725296954
165,0.03807786201162765,0.06919869205940737,-0.028507820663444837
166,0.041400199314244754,0.06948856515643317,-0.024330239116757288
167,0.042006396013911346,0.07363914551565298,-0.021408560710345657
168,0.04068701376374413,0.07377548109602028,-0.019392431812778416
169,0.04319238634438849,0.07008190272380921,-0.01786789107370622
170,0.044794839146125476,0.07102809186674441,-0.016711325364166058
171,0.039188173564363715,0.07287030842056652,-0.01657304425441939
172,0.03271512082479898,0.07355919971601119,-0.01687040641778216
173,0.03351248420897973,0.07511381935986022,-0.016998713868745755
174,0.03517923567260496,0.0701865894904466,-0.017575159587658973
175,0.033568058489078414,0.061368088586584185,-0.01814441109769607
176,0.034512299659850226,0.057574282461784615,-0.018204917034785575
177,0.03500247688125534,0.054345451309634196,-0.017889878239636794
178,0.029004294707792644,0.05008148819810321,-0.015698378409817415
179,0.029525991455211897,0.05697935132616597,-0.012228065247373326
180,0.03985067249886659,0.0713472467651301,-0.011521439428476277
181,0.04571371375360103,0.07971169371758222,-0.013949615310756676
182,0.04626603181488448,0.0818280570878945,-0.016118923413363462
183,0.04130494314097388,0.07304287997938635,-0.017465437894912127
184,0.034225935869364066,0.057837552519784674,-0.01992491639546282
185,0.03388896509993805,0.0536412509698978,-0.023011961814044815
186,0.03614373176426136,0.059023594414409686,-0.02487206917237368
187,0.03525481151554895,0.06393132722751979,-0.0257388209202917
188,0.032626678426545576,0.06500002375563423,-0.026229816196194744
189,0.030727825133299275,0.06227635525872731,-0.026119268066683923
190,0.02836398295886664,0.06099699500857973,-0.025605555671257135
191,0.026726823562800484,0.06341106814377113,-0.024428360219064083
192,0.028081230138832944,0.06656735992443172,-0.022773535612734173
193,0.030026446202825824,0.06921409054130381,-0.021502756780365204
194,0.03117838623925795,0.0704744101729547,-0.020072056687536404
195,0.0301796521196898,0.06722952506362745,-0.01826821576233163
196,0.027063767697899074,0.06128676208071876,-0.016158284330969778
197,0.029100306892483233,0.06252113087506078,-0.013302629755841067
198,0.03291365903183986,0.06784379614837913,-0.01016056977797572
199,0.030156118670837742,0.06581924078258784,-0.007432486129071866
200,0.0275320442131311,0.05824748163308585,-0.006702687469856042
201,0.027755700740588543,0.05214515343938286,-0.00891168767445838
202,0.030143068728341174,0.052476532092939274,-0.011034864435240793
203,0.03214557556329656,0.05881670572179856,-0.010427928077738818
204,0.02803502450927868,0.06382403537188736,-0.008881697593100278
205,0.021217969655397434,0.06643465499002185,-0.008419492802194537
206,0.01832827826034658,0.07249133367260902,-0.008517128683903266
207,0.021612260259402348,0.07626976434058794,-0.007878894615863871
208,0.02884028112452506,0.07196024665075287,-0.005529513552955931
209,0.030500650527287534,0.06563790036837044,-0.000943580397766805
210,0.02405153477266618,0.06260083622616613,0.005448466512148253
211,0.022957445692295353,0.06377237735566851,0.011788576288846511
212,0.0275585881550727,0.06650886275148862,0.01602848598031653
213,0.02997579974040296,0.06843732436708638,0.018622424873610627
214,0.03092078261307453,0.0699891162428728,0.021321088590420118
215,0.028208439431434695,0.06917584747202163,0.02373270063977989
216,0.021481421338346227,0.06063772601882117,0.024291725648579704
217,0.01727197707840769,0.050488917474976136,0.02184905628933958
218,0.020051028411892553,0.05019421479710903,0.017568494404417625
219,0.02418421754210439,0.055810614987636786,0.015176873470942188
220,0.022544971565793145,0.06036305174497543,0.01502344536703203
221,0.024167694183214614,0.06813637782700836,0.014928645943285137
222,0.033487412482892,0.07633268493501395,0.01671539775067162
223,0.03421109428827451,0.0704854904776017,0.022257765254377025
224,0.024007979189079653,0.05444131859013979,0.02902365685003387
225,0.018943968364131453,0.04551572395255418,0.034035093242915745
226,0.022681875537727214,0.05061911965777249,0.03833500562988801
227,0.027755265382361782,0.06612173265611554,0.04488502653840838
228,0.02903872866855694,0.07881936995757624,0.05144774593448853
229,0.027915486918911957,0.0780144888257986,0.05298134463680956
230,0.029765954779768435,0.06861331648958754,0.049657793586501534
231,0.03337601059489076,0.060845223500613624,0.044766818203277214
232,0.036199369319896826,0.06269986138464817,0.041221852513626256
233,0.03924418464333411,0.07119033761081955,0.04053284445740901
234,0.04258411074373611,0.07634194218749024,0.04080833439256426
235,0.042569154653316066,0.07754735481774078,0.039584522508639516
236,0.03942000708318788,0.07684265450390892,0.0362679618174792
237,0.043573469313962804,0.08287426062220118,0.030426780965904877
238,0.05435793896361252,0.09344733082509823,0.021647638145906103
239,0.0559628273427101,0.09236782873937296,0.01152054688391782
240,0.04663827627868227,0.08593142740162957,0.0025958837927804387
241,0.03927818634877958,0.08048772852084818,-0.004261321000824346
242,0.03420073781595437,0.069717194324249,-0.008841592806177207
243,0.029354456757531983,0.06168358227148257,-0.010541307395481682
244,0.03275566534015567,0.06669518559375398,-0.009330779829257757
245,0.0409049761244383,0.07550822878770622,-0.006885064550067363
246,0.04557017379709932,0.07636495945790284,-0.006370599140100755
247,0.04838696740222352,0.07292665889007177,-0.009424377540604045
248,0.04718664786636602,0.0697797670843486,-0.015168823848765833
249,0.03866527303122591,0.0681281959952744,-0.021403730111619296
250,0.03031760580815892,0.07187213443431922,-0.02419482881849059
251,0.032233207843355094,0.0822835004829951,-0.021985784993413773
252,0.04228187208784939,0.09111311752056384,-0.018341605099784584
253,0.04898296861827281,0.08941821240050718,-0.016805756036949546
254,0.04664696064984292,0.08319328668103992,-0.018347326196757843
255,0.04163016625605223,0.08232439985195517,-0.021674701990987172
0,0.03922636573116228,0.0818014909241192,-0.023358856454539473
1,0.037297104367094006,0.07534682462428094,-0.022127379699187738
2,0.03816500764291324,0.07089050906967609,-0.02063412000701726
3,0.04364916487294486,0.07157674410449308,-0.020218793207855693
4,0.04616928751838838,0.07043076386456132,-0.019840996760251663
5,0.041322453769176246,0.06716026677799392,-0.01818596026741783
6,0.036986353602264155,0.07010564056137758,-0.01410992939438941
7,0.03512000455862735,0.07827792896960178,-0.008867906266313313
8,0.030758961400617513,0.07788340821337852,-0.005213227585041169
9,0.028795951393037394,0.06972426653406666,-0.002197362324550395
10,0.03327796404478166,0.06884750921091279,0.003538855841465613
11,0.03660555875894516,0.07304682535618254,0.013080713535629243
12,0.03255377444695874,0.07072914280945247,0.025443034376715093
13,0.027503354933220828,0.0668441591183015,0.03908040024047921
14,0.031120155179751433,0.06620332995059239,0.05223444807395339
15,0.040962392798725177,0.06688567906866857,0.06239499862073386
16,0.0438116284025612,0.06917359168056064,0.06684155197503788
17,0.037430493807651316,0.07237579073871661,0.0632121011957569
18,0.03156981712709139,0.07167728858659325,0.05198808100335414
19,0.03082051803016092,0.06496774841862915,0.03590993979675233
20,0.038279870156646884,0.06338994112917395,0.016402862787153805
21,0.04765112288860114,0.0688605373722126,-0.005790907260964262
22,0.04543509637298928,0.07084909471598899,-0.028729235333749284
23,0.0359133545849345,0.06867408680862927,-0.047553845675746456
24,0.029781010997824174,0.06596950098842527,-0.0590045312179642
25,0.03120164819880246,0.06335753286209975,-0.06307854606326846
26,0.03801936849321293,0.06299332476468347,-0.059981662330547136
27,0.03925356422680837,0.06592166487257081,-0.05202022987930521
28,0.0308518231694907,0.06560568463514896,-0.04216408143170189
29,0.024892393409462532,0.060975207254752195,-0.0328349763399971
30,0.028285345264152245,0.06399515651643842,-0.028062452996324885
31,0.029695689437778085,0.06931750982730894,-0.028147692309857017
32,0.021006513244530782,0.0615198387029014,-0.027405286095115666
33,0.012048833848091113,0.047923880278744876,-0.025475263806423037
34,0.012744144418344728,0.04382907222225439,-0.028531000248487717
35,0.020071847876802967,0.04998429331183081,-0.03734075710985832
36,0.02729078625194656,0.05180721561289871,-0.044662692866518194
37,0.027033842011347384,0.04313605394291603,-0.04518555537047486
38,0.01483612621796844,0.03179503710552256,-0.04465566381861652
39,0.0030970660468821326,0.027660365850976726,-0.049765772106464295
40,0.008789544737678678,0.03470039100007727,-0.05644498992999189
41,0.02168937380848058,0.041884082756071805,-0.057793924853466204
42,0.02469200781837296,0.04408087462413898,-0.05247556705502951
43,0.0180659623625425,0.04784162629458552,-0.045716474528855994
44,0.006634117227391462,0.052985859603312965,-0.04150124509390092
45,0.0011327687974014011,0.05827446465186288,-0.03910395661288879
46,0.009054292299698535,0.06525357749978394,-0.03927667871774765
47,0.022668302897971754,0.06907161697278602,-0.041684477362833844
48,0.02853505313716856,0.05891710998584643,-0.04410312246680839
49,0.025058163387334187,0.040529579110210934,-0.04482511691976761
50,0.023604627024922872,0.03314515693323433,-0.04289624459809915
51,0.024902943897303867,0.03811816314772404,-0.03862896260238057
52,0.021589188201253898,0.04110192619217464,-0.03305519651518591
53,0.013945537369888246,0.032119584822781266,-0.02718110661478266
54,0.007529527485501966,0.02055504434527361,-0.02203541161410756
55,0.01283309099385084,0.020632718016167048,-0.018297211586449882
56,0.026840654491720725,0.028077458178152728,-0.015118343735540135
57,0.03435718063464588,0.033560079307111995,-0.013224656398426682
58,0.03322647541807782,0.036668153308338836,-0.01282057673949133
59,0.027709892257091473,0.04003902080334737,-0.011648731485232336
60,0.022912393409354914,0.042375027343677346,-0.008516175638511016
61,0.01953678845731535,0.03966687674952665,-0.0030482964407310548
62,0.012538088943419456,0.03309356316552922,0.002794589328568242
63,0.00652274293744054,0.027410418006597066,0.005860211455841043
64,0.008051323791452514,0.02482213640541399,0.004568530196634182
65,0.011835751371908329,0.026390385097589578,0.0011757162849424657
66,0.0163495411820216,0.033555120426311896,-0.00029458236843810104
67,0.02312586566543566,0.04242875891138668,-0.00041277570419215315
68,0.024982900181289902,0.04598598948976498,-0.0019255866811573909
69,0.021725681004875846,0.04682219983536795,-0.004806278731797335
70,0.02021142693743036,0.05031004754454227,-0.007662913958815867
71,0.02125262155482377,0.05516058961912523,-0.009951947807635489
72,0.025619126807777032,0.06165657010675277,-0.010576039345439374
73,0.0329620285847598,0.06786170050354232,-0.01007660879623131
74,0.03112074772741682,0.06317654483188359,-0.010472564461523497
75,0.017888457357164364,0.044534567880308906,-0.00963197825624347
76,0.007758676044678725,0.02905783791246984,-0.005240706660427155
77,0.007559600423046486,0.032941151572175364,-0.00017116066886875558
78,0.014110134684694325,0.04706188253948379,0.004178919499615269
79,0.016074016791802648,0.05453570514106745,0.0089981778236886
80,0.010531327996797665,0.053432052298307595,0.014413627722887012
81,0.007900895457262733,0.04973064596649934,0.02041240962811515
82,0.011109970014847287,0.044695516573464766,0.02501266564124062
83,0.01730415782649987,0.036787366545380895,0.026781632516344314
84,0.022370831051710584,0.0315170273819497,0.026017727400815337
85,0.018133762405974585,0.030555404257094243,0.023096010646428133
86,0.0045434868254971145,0.027157271022313204,0.019801578303581868
87,-0.005588180180495769,0.02508519744593418,0.017090193833713165
88,-0.007872706626781828,0.030232897611410153,0.015542818137100303
89,-0.0045744023264635385,0.03820756812455597,0.016706057936580268
90,0.0054963892934091554,0.042056816185507044,0.021276155616173367
91,0.01565177922562145,0.039253737568944125,0.029074931474040694
92,0.015302730117735544,0.03297820988592698,0.036885638006185856
93,0.00812875496117492,0.03265674128145818,0.03950028404391574
94,0.006582513721115471,0.044278577958233895,0.0363455021802179
95,0.00861789071952123,0.05178388241466997,0.03236619457154721
96,0.0075555985653294605,0.04037234434254003,0.03129704963682531
97,0.011303418745434841,0.02740226545602785,0.032750773467908834
98,0.017925305860271933,0.030323833479393606,0.036420815722444336
99,0.016421929210155943,0.037622535640757584,0.04090274037604946
100,0.012956708746177548,0.03659415563884981,0.043968737128447344
101,0.012455998240468044,0.03312520270774531,0.044344617494300145
102,0.013564744815995441,0.03881858830778301,0.04290051825250808
103,0.016520749656282724,0.0504370402316866,0.044511139683355766
104,0.01643041942271295,0.05161055084031724,0.04957583834636803
105,0.008703221584117557,0.04214178072822064,0.05284292622381609
106,0.002628672454866997,0.03754766353093145,0.05259428333493618
107,0.008998599346706184,0.04067007955302568,0.051431065236536816
108,0.017325524767575602,0.045264194697497845,0.05145584838137332
109,0.018943748697831848,0.053030114108789266,0.051951041105107496
110,0.021209693714865516,0.06077846897946673,0.052388772871132416
111,0.022708791762358817,0.055245494238988904,0.05483820283320569
112,0.019018038436446838,0.041111855536586556,0.05922976666564703
113,0.016925409486104923,0.03598674246867181,0.06395496423650462
114,0.01673543727266691,0.038047412497237726,0.0712166628511477
115,0.01248300780500175,0.03850306328642428,0.0814721017185896
116,0.009601705160976887,0.039842352534523465,0.08941112464803491
117,0.009380765709715966,0.03924109929543991,0.09213688026604586
118,0.0047029526146015535,0.030813707919097787,0.09193297424903857
119,0.0022509315845734984,0.028321581221871193,0.09142970347284524
120,0.007828309559642962,0.04377929733025373,0.09254538393680223
121,0.014677211046622424,0.05987869911760706,0.09713294372293385
122,0.016100574607883195,0.05829958909563708,0.10312544478053265
123,0.007073736985625745,0.04511665824645722,0.10622080213551782
124,-0.0035919167173707467,0.035028819122745636,0.10763101650777035
125,-0.0018461629944451496,0.03612575330818163,0.10914108768165548
126,0.002995268312543098,0.043197897791752815,0.10925777084086702
127,-0.0015011311902473484,0.0436164362664945,0.10850147435162733
128,-0.007331310444537734,0.03497315870748148,0.10832273098285072
129,-0.0104578917047298,0.018918550251072613,0.10918315876469009
130,-0.01580874188447265,0.0017337089910268166,0.11186123581769386
131,-0.015978786994118227,-0.000535905029161482,0.11446668285051431
132,-0.007074235631088666,0.014207996821168065,0.11385718443150339
133,-0.0006551210466198554,0.03430088600851541,0.11043002147666703
134,-0.0019117035015988187,0.04595731223075776,0.1063480872260053
135,-0.0039022526303830046,0.039448590650257354,0.10420151472118189
136,0.0010153067298446367,0.03171840397747566,0.10704937869028197
137,0.011702533747319874,0.04177474485093652,0.11535156995619245
138,0.015354935116228083,0.045381357367975106,0.12398496983689522
139,0.003813241333997325,0.013743220252063815,0.12748330247483947
140,-0.013927268444480861,-0.025873634892420977,0.1258015701682596
141,-0.021558009616357014,-0.030432893910313716,0.12031855619717469
142,-0.015311973933951836,-0.009961341484420377,0.11178291840576277
143,-0.0071684249968350724,0.004942066301262177,0.10216745474417122
144,-0.006274818297101744,0.010374073060252342,0.0932488463547061
145,-0.010566942561190645,0.00909406509962174,0.08562925328380294
146,-0.013454063453401058,0.004696253573908682,0.0787714508454018
147,-0.008189266233244397,0.0089084101557899,0.0712877652728823
148,0.0017313173824821323,0.02077659002832319,0.06353041690468525
149,0.0019741631237434124,0.024833404360937866,0.05813989369267859
150,-0.0037699945693497154,0.019989763392302462,0.0554563380452672
151,-0.005504058514784818,0.016280600413628207,0.05337535642528042
152,-0.004985335949165566,0.01504350659570837,0.05125215882216322
153,0.0009567513494715199,0.015123948042895574,0.04781642854903967
154,0.00663798075897503,0.014295930152983138,0.041765541416686564
155,0.00456638163013871,0.012787645323698082,0.03478258661446504
156,-0.002053918013268201,0.012471149913579019,0.028095673419914452
157,-0.007605392004289058,0.016255716909283943,0.020581806364699917
158,-0.0035211072809344275,0.03141881089123602,0.010774155196032455
159,0.004892092268922444,0.05038525041628222,-0.00018511146935823453
160,0.005813351710688849,0.05874926658446572,-0.009844799604607352
161,-0.00327665015979978,0.046952359973607305,-0.018379316043882786
162,-0.014592786314861016,0.01887492868312976,-0.02594077078443749
163,-0.014170352728616671,0.001619126248795108,-0.0312146628732997
164,-0.0016719444859038708,0.006452466651237346,-0.032371793264296525
165,0.010572301597060664,0.021341206403498555,-0.029215500981784034
166,0.010474304457061219,0.030247509813533358,-0.027392043755420578
167,0.002550014675227079,0.026262632250422663,-0.032365017967861495
168,0.0005664791037034954,0.019687467221674054,-0.04125150054676385
169,0.0025029461108796586,0.019035518501253096,-0.04976503565945782
170,0.004660334049056629,0.02389265191586476,-0.05833581929191911
171,0.010043371337669901,0.032444304351573444,-0.06595134001427529
172,0.02020507681901325,0.043710973500248274,-0.07069877072849143
173,0.030161005968041756,0.04800841972999431,-0.07332871178180334
174,0.033553870657574966,0.037526068795047635,-0.07553407135973941
175,0.027836898629056174,0.02005284921808452,-0.07837850613698949
176,0.013616787927867677,0.007335572541917452,-0.08058315275613315
177,0.0025714113950947998,0.007544090672218888,-0.08030818291780562
178,0.0015791959625570257,0.01754339916664046,-0.07678368855096399
179,0.001188153175417761,0.024158981787924277,-0.0705702380403615
180,-0.002516398950677304,0.02507114026665508,-0.06347473741228898
181,0.0019463167711792698,0.02997432481572375,-0.05693159172553405
182,0.013968566157825296,0.03798222630394757,-0.052214198100666964
183,0.016641124197487145,0.037383435990322234,-0.04906942910349732
184,0.01071766821633749,0.029087123550393057,-0.04667982856644881
185,0.006536742412830546,0.022677582594133883,-0.04581267322988972
186,0.008931317879188355,0.024461277920707777,-0.046983391345962994
187,0.014201114662894893,0.032462274984990484,-0.05024336841599286
188,0.011721487499363109,0.03369717380104247,-0.054300885845462527
189,0.005528493232902415,0.0249922959990364,-0.057065373413745096
190,0.0021592767717173444,0.014577204115851646,-0.05838449815152899
191,0.002149562498319449,0.012023567898146272,-0.05859917199637846
192,0.007697957116596224,0.024174274725989042,-0.05744861888517441
193,0.015737967820961873,0.040547289508144665,-0.05538816213858844
194,0.018335709456114582,0.04389954079133923,-0.05266059251758137
195,0.012167477777916144,0.037255068488041415,-0.04990306900418984
196,0.005673220056365752,0.033246685399338574,-0.04767610721808857
197,0.0031754181918178803,0.03293359534620213,-0.04472417167045148
198,0.005080910977541764,0.03633049731106883,-0.0411282037423836
199,0.01314114550460449,0.04139624358056061,-0.0381868459681555
200,0.02007581115721467,0.043629812826053105,-0.03638394202734761
201,0.018988659170930122,0.04654122645957433,-0.035901623092866236
202,0.009134383652395411,0.045695159965850246,-0.036121025069574236
203,-0.003334895274572952,0.03756144262346321,-0.03679959238861835
204,-0.011361556131991232,0.027784805094688725,-0.03785969816847373
205,-0.008865934622334828,0.019490896930979523,-0.03750965523149152
206,0.006346251096092936,0.017942363985378268,-0.0346990429037831
207,0.02142453698011608,0.025279554485844055,-0.030490011625702848
208,0.020445340488339292,0.03178292383028342,-0.024015183107058427
209,0.012377231088878025,0.03486899846485274,-0.015395419987175453
210,0.017398156847888264,0.044514961541644055,-0.009781138359422632
211,0.028478959354382626,0.05452933591125735,-0.009785931596934947
212,0.028297618067738513,0.049719758063270655,-0.011584302771585573
213,0.01408596952290497,0.03193501120805156,-0.013316922742900618
214,-0.0030721592995188937,0.017568436834024592,-0.017355654249254733
215,-0.01109252526453787,0.01605221406439572,-0.02216187987951685
216,-0.010925824534951736,0.0191383356959115,-0.02403275985333394
217,-0.0067792896853252835,0.020830148237657997,-0.021616033406585133
218,-0.004587493488786676,0.020966472454829146,-0.016591363657515235
219,-0.010813758620181566,0.014331147266575472,-0.012213392560888478
220,-0.01901046181799554,0.0038386815334834623,-0.0097773373000484
221,-0.021726113130945995,-0.0019667064512747245,-0.010270358827204076
222,-0.019941034573065286,-0.0036054052676186,-0.012375862107222198
223,-0.017263264402964357,-0.006557930879528356,-0.01455234843697488
224,-0.01886129669492096,-0.008695280533457334,-0.017561651277689126
225,-0.022711435253636968,-0.0059818344088941044,-0.0195589224810563
226,-0.028948737228051497,-0.007562244589551723,-0.01884026080377197
227,-0.036929556871323516,-0.014813761460803862,-0.017040796160677274
228,-0.037157427858174275,-0.01982538021981009,-0.014964763979815832
229,-0.03679896113859024,-0.028385647365096273,-0.012936470767170333
230,-0.048188815277783015,-0.041613503859695755,-0.012877200348557674
231,-0.06428574496684553,-0.04635985855709979,-0.014247061243747028
232,-0.07035789427275196,-0.04181158252998464,-0.01600070230393394
233,-0.06234686911074777,-0.03568987567494729,-0.018437222678782728
234,-0.047096258264756385,-0.027182778094430537,-0.02034155412283789
235,-0.03808451992231532,-0.02349010590784769,-0.019440062929862667
236,-0.040560915753421245,-0.03002628339660092,-0.01592551059857078
237,-0.042539399808183734,-0.03406401329190667,-0.015469843832362787
238,-0.041025180443003365,-0.03039783242519989,-0.021527929382979483
239,-0.042371800906664314,-0.02758184418007803,-0.02969648870218025
240,-0.04125200149943595,-0.024554242180753277,-0.03515608812296425
241,-0.03169368754367792,-0.015519774397075067,-0.03643258975850608
242,-0.023441301366829564,-0.006879998183875698,-0.033988868770693535
243,-0.025170215176370025,-0.003694514597071305,-0.03031877558907557
244,-0.025177870917877307,-0.001894748962822615,-0.028140181593344322
245,-0.017971413976486057,-0.0015609290528467712,-0.028620949463919382
246,-0.017303190265186046,-0.005770331961713435,-0.031015505211211852
247,-0.02156885090726201,-0.010450065022200423,-0.031919877246539385
248,-0.019701837885115935,-0.010282968225923561,-0.0298431268146043
249,-0.013724917098537048,-0.007889085513721791,-0.028489810722864328
250,-0.013064119104455766,-0.007590060558324702,-0.02902433998300301
251,-0.019359561353395102,-0.004549642510973978,-0.028779446857073177
252,-0.02412794770937346,0.004149693863360379,-0.027848272642931857
253,-0.023848981584528847,0.011185613673378697,-0.02764326102738312
254,-0.018365242868151846,0.012957403592509534,-0.027725527127832737
255,-0.012671282169235215,0.011716002813822513,-0.028007674356534167
0,-0.014528115236379667,0.01178426695468024,-0.029822074526403758
1,-0.018369586502008216,0.017382571474589936,-0.033870533713105194
2,-0.01255491901030752,0.026695102994957753,-0.03874023146119743
3,-0.001177851226832817,0.027652163129236698,-0.042060297444210165
4,0.0017561552614249708,0.014944930301946782,-0.044185024271618106
5,-0.0025883563650191677,0.004801921776441939,-0.04460921914214869
6,-0.004792436973012959,0.008041347313189805,-0.042546539663347205
7,-0.006687063228386379,0.015433479750740414,-0.04193680845089276
8,-0.016143036170109412,0.015211665995363624,-0.043756049675484465
9,-0.02679822078673781,0.008965917692333819,-0.04546119695607832
10,-0.021377473231052643,0.007677938528350803,-0.047642131118182676
11,-0.007325449114502364,0.011516403102607764,-0.05269141570751806
12,-0.0027144061189078444,0.015240239506127774,-0.059413645500378864
13,-0.004067083523458789,0.020631853522041402,-0.06399824304380985
14,-0.0026387680484401405,0.0247458927728621,-0.06587544472940154
15,0.0006078740259862735,0.02182827614309278,-0.0660094782046072
16,-0.0031357213309758103,0.0151002336329955,-0.06560485347346295
17,-0.015652741442260434,0.009986649911625317,-0.0671336975225833
18,-0.024886508895405425,0.006597274191362162,-0.06947352111277735
19,-0.026259741112847526,0.0006794546863079509,-0.06993494455317215
20,-0.024040343553904782,-0.005924248954368133,-0.06990617455496878
21,-0.019998670866476262,-0.0037402134647802204,-0.0708336659765805
22,-0.016312905041902,0.0018758684498171932,-0.07293035286763422
23,-0.012400480819700133,0.001668803584068318,-0.07699814506811972
24,-0.012044728010854738,-0.00010222062891671047,-0.08101058082312815
25,-0.016359407554322983,0.0003631410764598775,-0.08188809916475634
26,-0.0151969581764142,0.0072724559146711415,-0.08092721920948481
27,-0.007040071022804295,0.017346458932496894,-0.0805543695988615
28,0.0004052961969746305,0.021378963390289857,-0.08054105214639376
29,0.0013289269082687044,0.021945749704325612,-0.07989442367904132
30,-0.004333221771962048,0.020630202046797413,-0.07880395270254753
31,-0.010203257712871838,0.015830507204190034,-0.07862504581316598
32,-0.013011321516748248,0.010916675227450878,-0.07985720410736619
33,-0.014831472414278207,0.006095997084225688,-0.08112496170555725
34,-0.015816658233340247,0.0024167715929485495,-0.0816944037483904
35,-0.016745291793269057,0.005086822365431523,-0.08307097699227872
36,-0.018009253896763194,0.011910722790790043,-0.0864148572216474
37,-0.015985790836861274,0.015158903506356486,-0.09167839705311662
38,-0.009589302867794615,0.013493537570900896,-0.0984524668182172
39,-0.0027946083953850863,0.014561804728569161,-0.10478400646015051
40,0.0013909429324890574,0.0224868031813259,-0.10878143813077024
41,0.0009804127974984422,0.029875020248403633,-0.11062376299344512
42,-0.005633164710660277,0.031114564362653807,-0.11106579144912254
43,-0.012896536764862444,0.025310491300123538,-0.10938303529756127
44,-0.013371883300523957,0.018503128822330933,-0.10575397137454323
45,-0.007633319680645004,0.01668314646274388,-0.1008180945009976
46,-0.0025723733881841864,0.013660381640824695,-0.09519208353554981
47,0.0004169967354440557,0.01301159244157666,-0.0912033706307272
48,0.006393572674817346,0.022741977506247263,-0.08932310682588634
49,0.01348242390466348,0.03246702793849188,-0.08952792156216019
50,0.016191156208783655,0.034239698769753205,-0.0924299842009127
51,0.011032851108543063,0.031469254597849966,-0.09732098967590339
52,-0.001070859558900121,0.026604248893184385,-0.10228521834127224
53,-0.0087184019135573,0.022798633463427267,-0.10533132885503199
54,-0.005875373972712913,0.020932937986198927,-0.10623224682537918
55,-0.0006176376806645012,0.020008604408801055,-0.10473930132788944
56,0.0003797491820897031,0.01935331620383674,-0.10181499031576507
57,-0.0019177020351332508,0.01852882253039027,-0.09951308455551439
58,-0.005652545410823953,0.018154438393455374,-0.09550837172302235
59,-0.007337884644108943,0.017301876039532912,-0.08762646727828124
60,-0.0011789790046259456,0.01784197124093241,-0.07849433584615409
61,0.006133142549146493,0.022089839345670673,-0.07199461531380855
62,0.0064077543553790195,0.026029551259491204,-0.0700363777662282
63,0.002455933399253832,0.025218670082725214,-0.07090691460782947
64,-0.0036252556417724763,0.016651154728739834,-0.07220266339599679
65,-0.009817835015386349,0.0006889769578260416,-0.07264208315919188
66,-0.011916305037686509,-0.010063223966136278,-0.06921722088056176
67,-0.006345261105514394,-0.005341396329580354,-0.06088892996681128
68,-0.0012173053417707524,0.005269783295764968,-0.05211892699714535
69,-0.006453998468507971,0.0068387741980671934,-0.046224596660286166
70,-0.013126380468642215,0.00100734645341026,-0.042000081815555035
71,-0.01141171030450951,0.0025245236556557527,-0.0378718555817742
72,-0.003924137114689252,0.010260129519355253,-0.03328706789721045
73,0.002451786215873261,0.008105248756785075,-0.02642713576324304
74,0.0018193454138461518,-0.0035765980244627654,-0.015805655685159185
75,-0.0003051271024759883,-0.007607362841561008,-0.005210236201521341
76,0.0052076279764702756,0.00513161161546101,0.00036173217372342803
77,0.011781024377096716,0.022680052462259695,0.0021795635115367806
78,0.015859283304810658,0.033065516571412615,0.003245058931632294
79,0.020058552549674175,0.034317714347519804,0.005100207558672368
80,0.0183635864416506,0.02850454837732337,0.007918805591464934
81,0.00764096399154348,0.019467053367507287,0.01029774096001028
82,-0.0045099714823581966,0.01242962669027467,0.013229470599350118
83,-0.006045741734587579,0.010690013826679223,0.018026139831450447
84,0.002115832548975183,0.008068342338857754,0.023800039825937598
85,0.008374850842055567,0.00430858299510789,0.029531281553007
86,0.009067586332287159,0.0032445994774109033,0.033475470158634925
87,0.008070068268389782,0.004740676725484658,0.03592969231416562
88,0.005471347869691112,0.005011566229981473,0.039834804981167066
89,0.0034885710564161038,0.0025399559468440025,0.043366977290639194
90,0.004874313439663686,0.0025018412543308943,0.043292034350140646
91,0.004943750083733933,0.002795610025626505,0.04213506090745439
92,0.0029842022025709514,-0.00018931096853194718,0.042418526163921555
93,0.002487904596556595,0.0008812983040297484,0.04287634302091059
94,0.0019141337566335043,0.009813538349166456,0.04122585236595293
95,-0.0018707173983365938,0.01917036369663626,0.03490165435278481
96,-0.006101718553957011,0.022809550611105678,0.02435678035257115
97,-0.00765125316532464,0.015005400970340935,0.01347900730416773
98,-0.006392084584233987,0.00006239425967777268,0.00535529069047587
99,-0.0048117093196562155,-0.005184718880674524,0.0027578315257955933
100,-0.004447135856132954,0.0024722606988880486,0.007598736681174237
101,-0.004046961263727125,0.013968700824194123,0.0156797093301834
102,-0.0020400647334571226,0.02104266224395493,0.019912775599734173
103,0.0012988933365237904,0.023391705588564238,0.01925056588908862
104,0.002183321509339628,0.02619880266834454,0.016084345923374765
105,0.0005127103974143787,0.02571578714530466,0.012092671424470194
106,-0.002589358203958801,0.02054995202230174,0.008807302572237892
107,-0.007265108745838314,0.01718152960364085,0.006136609995399868
108,-0.013130808706889888,0.013826507831317125,0.0048335337396627764
109,-0.01626625871672631,0.008116086372105993,0.007052233510872603
110,-0.013231720938220018,0.01082950674830907,0.010896229478658405
111,-0.009086630992272422,0.023853803392074106,0.012909168182653578
112,-0.009760765645902565,0.031184499628204576,0.012967509036443045
113,-0.012357107798876776,0.02587300622974989,0.013341949728943377
114,-0.008875701536528047,0.016809430076049237,0.016130799797807988
115,-0.0011343160836367328,0.011519609865718955,0.01990862994789508
116,0.003310494592801208,0.01124884898664226,0.02360469051857121
117,0.0007250041432217968,0.012251138200860351,0.028916726397979597
118,-0.008385180770720188,0.008294479466059448,0.032674710261764314
119,-0.01471143669622475,0.003603151581796561,0.030103778775597903
120,-0.008922587800557928,0.005321260820692689,0.02348178821425241
121,0.003840547227952098,0.01155613663306125,0.017502863934285143
122,0.01114939804469247,0.017137933932492966,0.015640393824418578
123,0.008032808174453423,0.02084634740995,0.021120633559591054
124,-0.0024996875649342803,0.02377896959316632,0.032219097269571596
125,-0.012753161617975246,0.021553849884506232,0.04323586494491788
126,-0.014928655043598457,0.016285726413683338,0.05326171581079217
127,-0.00930946818275281,0.015403389606691409,0.06489062144794826
128,-0.004402912168805222,0.015695758549886057,0.07668828404027678
129,-0.003354784035026273,0.018483120415138776,0.08554716623535208
130,-0.00032121556631869996,0.02691607262422349,0.09227577628019429
131,0.004999489214699851,0.026756967397127115,0.09714607618629018
132,0.007575452156890289,0.015321500835801007,0.09536013556994222
133,0.00668733286272942,0.010610184305564166,0.08421454004935014
134,0.004779881742067782,0.015649378088032545,0.06741981284592513
135,0.002729143798069475,0.018755845330788112,0.04798967128212922
136,0.0002754120808433902,0.017373532688291282,0.0295316756192531
137,0.003908346538108405,0.020033644855894858,0.018512263364488593
138,0.013434553851325227,0.028781649809886824,0.01685220391651432
139,0.012585120624605955,0.035796629349675424,0.0215099222892959
140,0.0011955151217973303,0.03252606568657951,0.027593118058541186
141,-0.005038991450607849,0.01963153217854373,0.03209101625553694
142,-0.0009364749586445315,0.009125952056945587,0.03421751108440056
143,0.006812485998427362,0.0073222463372527025,0.03164658181008262
144,0.008805577379055754,0.010674935699636984,0.02537290934370473
145,0.008147764534217339,0.018334033681008388,0.02034512219756343
146,0.009876596670909642,0.028091668964784045,0.017331395700493107
147,0.009983228789308594,0.033443291283158635,0.013894204819012546
148,0.01065673274402084,0.036652733182408616,0.00868688880546109
149,0.013582261019859043,0.03711972816317306,0.002342750244752584
150,0.01306165630474717,0.02808568900491438,-0.003213075879781091
151,0.012915416962223168,0.017616394245278583,-0.0073798718131928565
152,0.017153061808485984,0.01811443789543793,-0.00900542294405951
153,0.01835170514448088,0.02660341254071144,-0.005091102996020752
154,0.01720738242858756,0.03503224510641531,0.0033803348692476726
155,0.018346855754107924,0.03959223016965224,0.011366334246038556
156,0.01858576367238944,0.036871994149535785,0.016778949410782992
157,0.014321207371869184,0.026291590847096796,0.022145017679423555
158,0.006473401590075419,0.014836144955180743,0.02953261966362383
159,-0.00035654927279077375,0.012738162162389294,0.03607135218486956
160,-0.0039113740094012875,0.01846443177208281,0.039713629432105796
161,-0.004001215136641978,0.022310809148733887,0.042890064290890345
162,0.0018381099301073081,0.022016590249372317,0.04602168328810821
163,0.012828836974112336,0.02244008706875812,0.046715609768439
164,0.0201898992408717,0.02480900500278109,0.045492819937170664
165,0.018212281420195722,0.023428950812211552,0.04415423818980854
166,0.010920082460920078,0.020022684982826562,0.0422936985257642
167,0.00852065004758698,0.021264851887507097,0.040141369986844214
168,0.013075509674440988,0.02621372451035576,0.03883887032539085
169,0.01762510319595776,0.03113652180570023,0.037937641841807375
170,0.01855152529675318,0.03291656985660308,0.03545346119813057
171,0.01432451125339633,0.029750579034301033,0.03229341969772439
172,0.01146200708644524,0.023853502422516742,0.032156089465139565
173,0.013611775073620318,0.020341315992769837,0.03634608561969083
174,0.014942744245803045,0.022561229247511486,0.042698780845588646
175,0.015174205492371223,0.026945335721427224,0.04840602810140621
176,0.013683389110929325,0.025655891679373283,0.05309371976899502
177,0.008789499046578927,0.019126535626363975,0.0552895000941149
178,0.0027709159518397863,0.01268910100304621,0.05315767841583495
179,-0.003651089851776687,0.0071779818990224745,0.04948172319792543
180,-0.005730651707357398,0.00836273586594264,0.047742817728803635
181,0.00036438679699364596,0.018983454765470885,0.04787689408656129
182,0.005414057453319798,0.02794757911971231,0.04863671192704214
183,0.006338767269794834,0.03118594420073667,0.05197599675775533
184,0.006434081577396958,0.031064172406428947,0.06048379731901912
185,0.0034117924988830706,0.02327537447532635,0.07007137589080847
186,0.003428018075471939,0.014869086045713506,0.07257912829031832
187,0.009600386027795782,0.019167611801281806,0.06695833977953103
188,0.011242500563554664,0.026918350473017293,0.0588039340785772
189,0.0031631501804126605,0.023838735995337274,0.0518876611451525
190,-0.004729764975534484,0.017011914401309825,0.04809814329313039
191,-0.004674861788844312,0.017161958889737053,0.047917501631432824
192,-0.0019092014073189556,0.022059964907740422,0.04800493700414428
193,-0.001449325983921862,0.02379631355142864,0.04586604465039586
194,-0.001568517862989352,0.0227060525303016,0.04334987845732591
195,0.0017134439724907358,0.0253955235863058,0.042627447904851096
196,0.004648763962275329,0.030691629644369736,0.04366496736397908
197,0.001038041262343789,0.030840546329019225,0.04555877226664776
198,-0.006858313809681688,0.023850240978606482,0.04762315168690315
199,-0.012782480192290543,0.020118592084381257,0.04898462399853512
200,-0.010214523279255996,0.02328914191980473,0.049506099992729174
201,-0.0027363157807533123,0.023522583573739833,0.0494371187556738
202,0.0002029615355074177,0.020934347874813443,0.047702672461913134
203,-0.0019827277715174507,0.021677543090515686,0.04368994801315547
204,-0.005808945685166156,0.02432739825680469,0.0402056129804262
205,-0.00876773481686171,0.025222457547304893,0.03815743770707926
206,-0.007121242638168046,0.02234934078627697,0.034693360257325015
207,-0.0003140758372152108,0.0178773594071331,0.029161589349346304
208,0.007888886071813983,0.017534513065469368,0.022782947513370358
209,0.015513993427183445,0.021570889308427058,0.016417374459281972
210,0.01700015672986821,0.023674908277338147,0.010182362222367125
211,0.009044871096600113,0.021236238023462518,0.003994426337451659
212,-0.0013942038602918205,0.015476761515173788,-0.002092091566485335
213,-0.007403692637734383,0.010389104152741812,-0.007148993862194954
214,-0.004314429023097276,0.012886286176831626,-0.009804581485022994
215,0.00515779895803279,0.01988155338317251,-0.009835159316767962
216,0.01170241834926742,0.02467668459871719,-0.00858653985653459
217,0.013213619309190731,0.029059124747973467,-0.007930960490036582
218,0.011721264862026973,0.029526034439540494,-0.007980124831213908
219,0.009228646570588764,0.02045046493865199,-0.008666895538198528
220,0.007548016585437453,0.011741651831162367,-0.010289088979285824
221,0.00684720241795192,0.014762075178411521,-0.01235349400314393
222,0.0048086451869497684,0.019730018413853655,-0.016513094661888907
223,0.0012044717740421693,0.014867431320432747,-0.024272575957183982
224,0.0010948910719623811,0.009143351968588505,-0.03316879136378224
225,0.0007643674404229917,0.009612662753882277,-0.03977924369063002
226,-0.004220849963494269,0.01066987713660305,-0.0428917025074837
227,-0.008231803879129043,0.014347670879869845,-0.04328079244557692
228,-0.007922348001812615,0.02362465860985339,-0.042066414613030345
229,-0.00283260415230098,0.029103886715183852,-0.04080462396703863
230,0.003607153316416728,0.027628719735015836,-0.03919217887258852
231,0.00474221578417016,0.024828183139026017,-0.03404683299480207
232,0.0017286244044122795,0.01956396136093036,-0.025240049851328314
233,0.0007231642183830184,0.013919630878248185,-0.015733519646080836
234,-0.0007032450031873722,0.013979972384127591,-0.006383742722252075
235,-0.004779792769414096,0.01708614865332549,0.0013412233403171103
236,-0.0006978276043660761,0.020486627643937695,0.005701749288625324
237,0.012327343962091186,0.024928925980749785,0.008648683428977288
238,0.018257634172575754,0.02474376526499937,0.0119734800262528
239,0.013111570555029886,0.021973042382010304,0.015811879373042168
240,0.006761863840063227,0.02899432648011964,0.02058854339186325
241,0.004887907945963853,0.03635453198276614,0.024933101053733295
242,0.007469826944961601,0.03330237065869987,0.026602192583025402
243,0.010291893707964902,0.030444199215363704,0.026079155707262824
244,0.0058026304777609415,0.026974627266978718,0.02539441195229704
245,-0.0014373048514870652,0.019684289183479767,0.025955718594694033
246,0.00273920838938993,0.018569634885855845,0.027905736940526893
247,0.014174155813881567,0.020787150300959747,0.02978705794984482
248,0.018927780031180785,0.01790038617834311,0.03088076613446203
249,0.013651134736250427,0.015024714284943955,0.03239230657027596
250,0.006152501047241216,0.015124170346306372,0.03411034851997241
251,0.0059300579788052615,0.018772959175913886,0.035506723946006596
252,0.008601851486122358,0.02572540309964587,0.03821382323120043
253,0.006655132330603601,0.027282020808159044,0.042116401280839905
254,0.003349717677361183,0.022483421079183247,0.04501160596512942
255,0.0024438990615649678,0.019211112714188225,0.04537653169886827
0,0.003476260376195278,0.01771154369630777,0.04337671997477663
1,0.007731881147394079,0.01103247929731288,0.039836438563846804
2,0.016050558640568306,0.004034078745785492,0.03395279807340909
3,0.02234674634710135,0.009238937374658793,0.026399305742119364
4,0.019900142164523252,0.020108351106430153,0.018940083327234195
5,0.013792348913882868,0.025975005846777668,0.01227793025131034
6,0.010247235469907995,0.02906211640198883,0.006445540775383774
7,0.010808475452440874,0.03341305209199917,0.0015228267676256
8,0.018953379858853536,0.038247104111315655,-0.0003113042140253028
9,0.025803054612280413,0.0367960288123369,0.0019773547140438386
10,0.020151992116079542,0.02732498488267704,0.0055197645555270375
11,0.013623540473118215,0.02292749060856744,0.006038449591113555
12,0.01763166645210141,0.02934352386548239,0.0024086300559405527
13,0.02415601543052992,0.02953316683783687,-0.0034185001830202427
14,0.02184620397834558,0.021770625664654847,-0.010793376263532953
15,0.011590831982299266,0.021989138275185616,-0.0197363641492053
16,0.006473277863464411,0.02720732510806792,-0.028512094991421613
17,0.01046440346804739,0.02951524321435229,-0.0351674852685345
18,0.013343129185396596,0.026136821471497637,-0.03982621422752122
19,0.00949729195216846,0.01707707382227125,-0.04388542439972107
20,0.0025945712463907866,0.011645117705047253,-0.04744915241456868
21,0.000607290817170078,0.011354560221251753,-0.04942660511947525
22,0.0050196182568578995,0.008923172514891373,-0.04908884191637758
23,0.00904608258407491,0.00530079452502534,-0.04754187025261991
24,0.010651433843613285,0.00522359408225187,-0.047873738120770296
25,0.006458270701916166,0.008864399454195482,-0.051403222237592305
26,-0.0010145973515646167,0.013132824609192212,-0.05546676373540135
27,-0.0004722654023096018,0.014118707297376007,-0.056870815742384534
28,0.0049505844256000076,0.014215853996840118,-0.055228373136221365
29,0.009743124543070567,0.02152995148357939,-0.05209002710929064
30,0.015907210850157616,0.03431674971116652,-0.04819531998000215
31,0.01905714488685606,0.03806390214912045,-0.04259665433267332
32,0.017573647945785295,0.027428533678601014,-0.03521448448209413
33,0.01975056941300013,0.016586945848973883,-0.028052844459421675
34,0.02792743090633537,0.01895546529201013,-0.0234487677865442
35,0.03202659260445312,0.02698488426732066,-0.02136063410940643
36,0.02487804606591848,0.022005890735286138,-0.020590878502553076
37,0.01605850381669771,0.010017780695402559,-0.02082024097906364
38,0.013535964224555053,0.008496039088247032,-0.022703913734173395
39,0.012522772529787923,0.01366089810708837,-0.02779162094171568
40,0.013262371958946917,0.020151444090855744,-0.03354872003091325
41,0.017147713399826514,0.029728120399966085,-0.03487713774523937
42,0.017598165207686367,0.03505260069291434,-0.03098014880668523
43,0.014556586943424557,0.032036617392567655,-0.02478746024871621
44,0.014695258376624928,0.02984797893485258,-0.01923329805778603
45,0.02013280164068776,0.031585894601389115,-0.014893398948030233
46,0.02784148646968529,0.030757324195565455,-0.010161034484795523
47,0.029875074897965925,0.0247827093480064,-0.004475830110988975
48,0.026564173709624495,0.020705046966050897,0.00016344718721106322
49,0.02652361572662241,0.01971075460280529,0.0030229521420303065
50,0.027967048488573287,0.019538705381505997,0.005119877360236086
51,0.025138603992465466,0.024420882789424267,0.0067102019188649276
52,0.018801331659433457,0.02794697557963447,0.00903696132752698
53,0.017426907599109254,0.027854168172322138,0.012928342863026611
54,0.028048622504781046,0.037103242736747186,0.016511895712353397
55,0.037612638072961724,0.0469634912861074,0.01844655841245843
56,0.03306486490646171,0.038286641992651346,0.018942566193339963
57,0.02510617293949896,0.023092283592967444,0.01962287144468039
58,0.026791272271925043,0.02092954519729112,0.022321513355375425
59,0.031791090716362075,0.028759365777345752,0.026616046680228225
60,0.029580547189723166,0.03251680088087738,0.031134645930098112
61,0.021949771703931774,0.024882512259374365,0.03453658425697536
62,0.015359212902412989,0.013549744266906284,0.03636611618110847
63,0.01594150388993551,0.014473326020830846,0.03641669201545396
64,0.02024949642654361,0.0265155971124914,0.034277790601582564
65,0.02104985777840343,0.03227321925648774,0.03107791651238731
66,0.021815211025413034,0.028116285925216915,0.027777438872223836
67,0.024989424136903665,0.02469183635666225,0.02416589468657987
68,0.02604614148440032,0.02782797484877106,0.021006743208074247
69,0.023590664505921496,0.034952335120998324,0.019922604301531886
70,0.021841499506101508,0.04271291266482871,0.021096683268147023
71,0.023255135163580562,0.04709567945455767,0.02272868634992445
72,0.026216747820608635,0.0422346491461002,0.023054347588417123
73,0.026100986576095817,0.0322423822837844,0.023930230503710848
74,0.021027202217191843,0.029809200905634325,0.02846462467938478
75,0.017370279645028408,0.034555028889281074,0.03509897685697708
76,0.019877293357935116,0.03475337088602366,0.04013774138530027
77,0.021586205194863595,0.026787163509250866,0.04226307386914793
78,0.016427025027387118,0.02088009309324071,0.0427024646201829
79,0.011079128735291724,0.0285383822827609,0.04384704469638194
80,0.010684295469717081,0.04136619641879773,0.04507006199715345
81,0.011462613629825008,0.042919308179127626,0.044583802493928036
82,0.013333308597879012,0.03543736626174945,0.04410580859202416
83,0.02223387217141977,0.03141753403033818,0.04486470097094114
84,0.029744447560239043,0.02781281399097002,0.045071859838077155
85,0.02023165288366563,0.015077210377388128,0.043550503579087685
86,0.0032261166853760626,0.003239842200884094,0.04156764471170718
87,-0.0015143762173732978,0.007123416603851296,0.04076266564276759
88,0.005618914949924336,0.022281388433012153,0.04147797520730853
89,0.011065982002598493,0.030382176925460927,0.040988231337135014
90,0.010602703261245086,0.02480647528660674,0.037038379440973046
91,0.012183711626146954,0.020121498981791795,0.031980243101884194
92,0.012738560010073174,0.02138945107544817,0.028123728245279096
93,0.007194686165641034,0.02127621054461032,0.02580096362852873
94,0.009126833304778148,0.02600088199775577,0.02477484968539244
95,0.01996606265819903,0.035718991766013036,0.023907231102104895
96,0.025064399560894318,0.039462192660101786,0.022914667602462385
97,0.02356220998543701,0.03698843046565903,0.02286741783917337
98,0.020873541299030296,0.03335279830874517,0.0233968593190699
99,0.01761563084622983,0.03071487430448007,0.02313526671537257
100,0.015007115054048906,0.03160158420034628,0.021801070293289322
101,0.010669568954954758,0.03422411148738451,0.018823292259055033
102,0.002029097189289175,0.02738751494832275,0.013933732666648137
103,-0.002186560084512512,0.016546029478923446,0.009014700912641279
104,0.0031822160611010286,0.01574231469210853,0.006104676272683504
105,0.009280189151739004,0.01960245175923972,0.005107206597288569
106,0.012034930391853577,0.022883696491601532,0.003914278243074623
107,0.016829329760234796,0.025888423761667,0.0016846975422370458
108,0.022986825965760432,0.024491748734908225,-0.000724176262720453
109,0.02494857515470643,0.02146943246280999,-0.002544923127549732
110,0.024004113462857156,0.025156444014176257,-0.0033151736897629736
111,0.020612856073496173,0.029815609492992404,-0.0034745285575719237
112,0.011514578427984326,0.02582799720743771,-0.002744478375919332
113,0.003972331433438357,0.01845699632640141,-0.0019034893804823344
114,0.0058272012259797355,0.01753679852319298,-0.0024375504887326482
115,0.008657553509996346,0.02054772580922759,-0.0038361132294494824
116,0.004682607564954852,0.02156563830652039,-0.005494134071988663
117,0.000881563337630592,0.019955117099847108,-0.006384487066864959
118,0.0053351202157208705,0.016439538222014313,-0.0055079222013813475
119,0.011436489617196163,0.014744616741964277,-0.0033125361582309817
120,0.009648357093032418,0.010953833819533534,-0.0015735588325340166
121,0.0037005021589558394,0.0019016324146762902,-0.0032008368090327144
122,0.0006602493977415011,-0.003285945582141049,-0.009671204765063002
123,0.002046042371904082,0.0016838725582221659,-0.018265876229136002
124,0.005643541172368458,0.01295322093308129,-0.02507935350787903
125,0.009036789195210188,0.019900819734604076,-0.02948862707123528
126,0.011388804802930072,0.017612104822462123,-0.03327203823024486
127,0.015335890241865727,0.015051722363707679,-0.037362578231086255
128,0.020202929356259627,0.01945809021998757,-0.040982498631294745
129,0.01808948715533505,0.023237669546383843,-0.043461683574583604
130,0.009627967941877313,0.019916968571450394,-0.04540950090242021
131,0.006757597799246486,0.017405594939706212,-0.04669110469699489
132,0.009011093861765088,0.022016547071500886,-0.04631687571781182
133,0.0053699103975145615,0.02645990653821241,-0.04354990514017475
134,-0.002060030338664906,0.02327835977935544,-0.03806615483972365
135,-0.005267560569432922,0.01651593533304945,-0.03131025576145623
136,-0.004414260561196523,0.012365679143926046,-0.02707443932722675
137,-0.002375431014682454,0.011954667409283554,-0.028006127693953897
138,0.0013714058643414656,0.015967587575565257,-0.03157660505840116
139,0.004173354945177218,0.023504306407898204,-0.03537460454537364
140,0.00011678821224329894,0.026389341114707997,-0.04020408886414928
141,-0.007976452256497228,0.020700218484134517,-0.04500565025120537
142,-0.006748259657614747,0.016046453855440082,-0.04801575206558403
143,0.005981810530877936,0.019021249006835966,-0.049113276521775856
144,0.013473611376026592,0.021010634526493044,-0.047253046718902764
145,0.005294326944742755,0.010827514029922602,-0.04322966189497335
146,-0.009487455244999329,-0.004063016447596823,-0.04112176912004849
147,-0.015077755996306764,-0.005795651993949859,-0.04207149554245247
148,-0.007817322933187269,0.007115109230454816,-0.043578699041654734
149,0.006593894265540006,0.02294075156694117,-0.0450325869637619
150,0.019912608741203028,0.03375475706763617,-0.047648396026655646
151,0.021501007005518318,0.03117499479963185,-0.05128822005631675
152,0.011377233110902375,0.014792957806665397,-0.0546818057650276
153,0.0005420534918252132,0.001560394774171081,-0.056222316872500844
154,-0.004092318699695896,0.001102414069958424,-0.0555657687686818
155,-0.0028864225719809483,0.006914186196211841,-0.05302990260005125
156,0.003393880658789969,0.01164081367267833,-0.04851484204453274
157,0.013230029535066995,0.017181431330914182,-0.044249776993977114
158,0.021109442523234573,0.02187284586978136,-0.04279603805250115
159,0.0221247695457661,0.01670870609225239,-0.042485652811924596
160,0.016886502149991545,0.005339601505385497,-0.04051177951178425
161,0.008796356517426211,-0.000016671270003348893,-0.036969958125879526
162,0.003412608291645358,0.0061271387793129795,-0.03226393110873155
163,0.007068605453781851,0.01734233539557345,-0.02587658238826493
164,0.013945473397274755,0.02343900130242324,-0.02008865660717775
165,0.013184453601773255,0.020850436558009153,-0.01851723776606798
166,0.004284580641032196,0.012667891410122277,-0.019777641744622515
167,-0.002420641683990768,0.005453989277649091,-0.02079711624904843
168,0.001999876424631966,0.00382196874586746,-0.021544192655834564
169,0.009965432163299287,0.008952375943066124,-0.021195535454519653
170,0.013809284225600071,0.01566604487656345,-0.019139573306090254
171,0.0135284136690135,0.016004631872125377,-0.0171972697291863
172,0.011724200482322172,0.011763220287916584,-0.01583925466809897
173,0.01577164089296232,0.013322344194154734,-0.014357209719346092
174,0.02102117819534821,0.022656272772875963,-0.013466872367193738
175,0.0171496140476827,0.027838355071963472,-0.012751789772057334
176,0.011399021083218705,0.025080768454551344,-0.0102801088511765
177,0.01184464205064674,0.022358719173095454,-0.005753081528770916
178,0.011619455084146205,0.021628743103419848,-0.0004261385626769601
179,0.00518164440189374,0.02128259013571035,0.004462183492495844
180,-0.0022596176000599516,0.020060874324623442,0.00708276499099704
181,-0.0034549266628619013,0.01772283351288719,0.007231037795027047
182,0.001414844102996922,0.01887679586347321,0.0076933963926392734
183,0.008391095551503414,0.024626979718502917,0.009881716714327067
184,0.013153447151070377,0.02585571268670228,0.013670358779804381
185,0.013106859134869725,0.017913568566800292,0.017119468525618898
186,0.009385308298356793,0.007410421343591239,0.017799802937141264
187,0.002497426889670404,0.0024236582215826155,0.01756237780012459
188,-0.0038108403175725544,0.009164255738218469,0.019337213128382796
189,-0.005854807794293315,0.02409498599061026,0.02285405710606289
190,-0.008278549507994885,0.030970126681427387,0.02700143929011392
191,-0.013499711754645545,0.019938381990916867,0.03207392189474048
192,-0.010677077636576448,0.005058954949221914,0.03702861140743789
193,0.004993484776917929,0.0029738600294017814,0.03982589383990201
194,0.018278028671724646,0.008959762067114435,0.04254576911206956
195,0.016904715842144723,0.01254047850491058,0.048107107170719005
196,0.006430160830366724,0.014592136569625921,0.05455069529295506
197,-0.0018918917490396425,0.016800936078316328,0.0596753490344234
198,-0.005528277384551333,0.014345900122206948,0.06406438546913834
199,-0.0029004946528372877,0.010752172406291935,0.06736855103881675
200,0.006624829293744541,0.012673162187965437,0.06795691152413452
201,0.009948047828384265,0.014411716365695118,0.06649955132410332
202,0.0022629506976701713,0.012905647752204569,0.06556449280853793
203,-0.00362868525461571,0.014985625158375426,0.06564423589295793
204,-0.0020387069339889152,0.02164730151072053,0.06497979845564142
205,-0.0021099078745244956,0.026094494900586462,0.06320484130442511
206,-0.008389257537892318,0.023233138654945557,0.06150231474691334
207,-0.01109542114585868,0.012957663667575628,0.06015505238749591
208,-0.004867398244873013,0.0025292369942033974,0.05931346299196219
209,0.003917798683570631,-0.0002698644226919594,0.058761578299202005
210,0.008471182152325216,-0.002738057280766301,0.05648056663851797
211,0.007524751902869317,-0.0068110647089330845,0.051174664301123995
212,0.0007146021239232969,-0.0059983547353736,0.04392714217467278
213,-0.004601884842983989,-0.0027792563104045154,0.034392012475219
214,-0.00006550349246867843,0.007756221665188176,0.02252260487002103
215,0.005378883487257097,0.023137875651130672,0.011886197411538804
216,0.006278573191042178,0.026554480547452047,0.006185393973800562
217,0.00873881039841816,0.01981668603420156,0.0043736891512610315
218,0.010191525089888673,0.013105990283952249,0.0024708002355796482
219,0.008220160502679527,0.006405103862441974,0.0000320809058356325
220,0.0069237449928286725,0.002764582109719957,-0.0022886455426694013
221,0.002895349856390131,0.0044536601773148415,-0.004727150098903909
222,-0.00512529372613774,0.0073972441697331415,-0.00660959419660536
223,-0.008594358862566882,0.010240947635229015,-0.007458753651743477
224,0.0001154779126582503,0.013230171519210441,-0.008884076014583735
225,0.013052316287171965,0.013874392696417603,-0.014336718736795786
226,0.012224152722656492,0.00835369915476045,-0.02379374744027546
227,0.0015802161713881907,0.0012010246019133267,-0.033863104130235314
228,-0.0010027540709017027,0.0024983281754785563,-0.04243369927229644
229,0.0038945474133322312,0.005912658469039753,-0.04856166436567194
230,0.006056008921681193,0.003921131377924901,-0.05204836182621819
231,0.0024994315569827237,0.005279640040044865,-0.05280186046464469
232,-0.0011344394740593032,0.011940362413356172,-0.051161018445883305
233,0.0021844243315326025,0.019428238494269577,-0.048722754811286295
234,0.009191509599342793,0.025212477689458702,-0.047109498116097964
235,0.013935329340606773,0.02456750046989583,-0.046725687529329
236,0.016181636306522924,0.0202660576408131,-0.04612726363514444
237,0.016174088604900126,0.016974094669477233,-0.04461898528602587
238,0.012092824524876325,0.01270606134984087,-0.043047615837112585
239,0.0013941571595195157,0.008203457036344758,-0.040957904952476296
240,-0.009484450477567782,0.008545927792574862,-0.03714536162650056
241,-0.01212846496125973,0.010171587864529485,-0.0315839603671092
242,-0.012874094103401373,0.0032498446622288776,-0.02438881059304035
243,-0.011546875611470928,-0.002431425642042656,-0.015943923759521722
244,-0.0014112962373728222,0.007281658049260509,-0.006383660100045124
245,0.003860290692866669,0.01778900120186934,0.004688255217128144
246,-0.0050186165823881,0.014926915693482118,0.016401710069835325
247,-0.011845160340827637,0.01232191091154608,0.028146305829532897
248,-0.005347433735754345,0.017426570293813864,0.03897958166926377
249,0.0038548048890077458,0.01980811244000119,0.04507064022919946
250,0.006258173493169747,0.017026771539289665,0.041871552109313565
251,0.009431471993735119,0.01612705650469258,0.029108352032473972
252,0.01688032024928833,0.020615748122337824,0.010251387169277482
253,0.018627208682302075,0.022333101266691677,-0.01182673973666136
254,0.013313772661651332,0.015705175023663823,-0.03423665451257221
255,0.008022525861360798,0.006446746884041052,-0.05414414263213764
0,0.0066878425510687595,0.0010257166945286528,-0.06954545050637614
1,0.008140260199360566,0.0029593117312063655,-0.07851111978686573
2,0.007051483598227035,0.007188891128756175,-0.0810345877638115
3,0.0070452925967963015,0.009560946206005866,-0.07843154268752961
4,0.014197413488315463,0.01475266356743471,-0.07341895152242955
5,0.023877994262700562,0.025283797704599098,-0.07070348531888357
6,0.02746282247264048,0.03471592068401466,-0.07120337157108825
7,0.02095181695177656,0.03315235943264824,-0.0713856866088281
8,0.008445163342178541,0.02340885735477232,-0.06982767271962671
9,-0.0023626789150049815,0.011856238594813329,-0.06776062979938614
10,-0.005427570304626109,-0.0005905208889522007,-0.06655806889397684
11,-0.0047805119944124425,-0.0069473362167187525,-0.06759605762865756
12,-0.008115508528860338,-0.006889157664964618,-0.07057270940137012
13,-0.0106556109918277,-0.0079989770468918,-0.07297763208185543
14,-0.006207013112705571,-0.0077769408204949875,-0.07291392302701699
15,-0.0021882318782190796,-0.004952856154685825,-0.07045192630419977
16,-0.009861903392501481,-0.008421054292297031,-0.06673290559536602
17,-0.021755582077546506,-0.01636373233403468,-0.061574633114786545
18,-0.026060204854696883,-0.020133952059681492,-0.0533412436467163
19,-0.031816165501295,-0.025680838994148192,-0.04372789494541847
20,-0.03699524666823996,-0.03484849489915913,-0.03700474945062285
21,-0.0303309804947538,-0.03502329541067006,-0.03345365880214074
22,-0.02287188587951331,-0.024618240009907477,-0.030828090103213468
23,-0.02120263698003534,-0.015006137869129826,-0.02875829121706691
24,-0.019641088601792978,-0.011806091101395327,-0.025960371549369254
25,-0.02464612789077894,-0.019058581653822015,-0.02139699032810577
26,-0.04162846662652629,-0.04076017642201285,-0.017199085076967352
27,-0.059088574868125826,-0.06169698547137234,-0.014626266132857627
28,-0.062334387333145155,-0.06391698858037524,-0.013965682045402474
29,-0.05078663600266271,-0.051649167165639484,-0.014769872891411802
30,-0.037209512934210695,-0.037023215919236414,-0.014757083093013684
31,-0.030976192977257927,-0.02875143995181191,-0.013650176632743719
32,-0.03185268932922464,-0.030188344348964946,-0.012355217525417475
33,-0.03814927570531934,-0.040726796576285196,-0.01017031487319113
34,-0.047426367820871645,-0.05661976449019476,-0.006030968972469297
35,-0.051686428511089524,-0.06576713724377656,0.00017480707033057374
36,-0.04656764960188477,-0.061652133342600446,0.007037497467430223
37,-0.037369498951663964,-0.05076892182658228,0.01366555443868115
38,-0.029930543416861688,-0.03954358776423206,0.019726722824015178
39,-0.02731672920367184,-0.03470445296916294,0.024821228445779386
40,-0.029942506229996668,-0.03982035251281156,0.029308276034058597
41,-0.03139053212606785,-0.04457289806786388,0.03222777313443029
42,-0.02994768704523998,-0.041557824291541076,0.032724166058093064
43,-0.029179961268039983,-0.03343428843723631,0.03205264638452072
44,-0.02829677799532497,-0.02648918291692169,0.031560151120840964
45,-0.0306887653969407,-0.028455800430793668,0.03226623751579861
46,-0.033674140609109976,-0.033227209743746045,0.03417433252048646
47,-0.029049980203948104,-0.030434721482327287,0.03738000632946585
48,-0.022778951166922138,-0.024616967837083385,0.041454289371704145
49,-0.020521056042025615,-0.023964053543517216,0.0435021910316426
50,-0.016835650389302556,-0.02480583726529311,0.043545575596776825
51,-0.011983589520442331,-0.02333287404153067,0.04412098820341498
52,-0.013516576814694217,-0.023535574625385233,0.04595418003226168
53,-0.01813732643657008,-0.024969414339302567,0.04760313487604202
54,-0.01842321750320814,-0.02372934424714858,0.04715390378628245
55,-0.014493235096364729,-0.018229394439495228,0.046035508848772264
56,-0.0073995620403479595,-0.011508152493952845,0.04709874354919405
57,-0.0016391753089428154,-0.008348990369118202,0.050062103720455026
58,-0.0026451689058683905,-0.008426811045982467,0.0519237829809962
59,-0.009355751986004468,-0.007228414805544734,0.05074714718332768
60,-0.015026734164556486,-0.005927576500688779,0.04768984258781264
61,-0.017425818797853113,-0.011010177014775361,0.0461024831514249
62,-0.016732187574103892,-0.017531426555483946,0.048028995206184116
63,-0.010334121257159962,-0.017389436413319494,0.05220579642672758
64,-0.0029426392616714384,-0.014715460255542108,0.05710548965786327
65,0.0028485123911799887,-0.011339126523306639,0.06278074625224057
66,0.009690161878372038,-0.0036492107853228484,0.0699787863479607
67,0.014816956784534922,0.0043187768020991335,0.07776672172812044
68,0.017730527117104933,0.007376294196223085,0.0838163685039282
69,0.01911829589573051,0.007652628285898161,0.08792387207921892
70,0.01609436518348857,0.009053709311967847,0.09106243233885353
71,0.012616842258822258,0.012333991334504399,0.09426865023145325
72,0.015840759108737314,0.01586679697042953,0.09828788330184601
73,0.02155451181442633,0.016366226898263322,0.10113722794947466
74,0.020389019695022343,0.013744520389831483,0.10116405030080963
75,0.012932305180796959,0.012102949880832506,0.10102901058842212
76,0.0065742472596179696,0.009433755362319149,0.1028124525741533
77,0.0065029180468260915,0.0031718873012369503,0.10578217186372912
78,0.011250222270193108,-0.00036051473575816895,0.10845197049375543
79,0.0127692718517671,0.0011450997076552297,0.10901930715762947
80,0.00757667149565671,0.0024838007121475297,0.1087086334256811
81,0.0010964745171699666,-0.0001607051320606373,0.11080481007771337
82,-0.0035582064406415002,-0.006645268047936248,0.11401628085813731
83,-0.0026356057898908117,-0.00825515513090437,0.11548836938803791
84,0.005747748027985472,-0.002982819300458281,0.11712037410452453
85,0.01200812795530471,-0.00020566070271303,0.1194374275139945
86,0.009496969223160852,0.0006519098389366068,0.12255215642950124
87,0.004599169447301328,0.0030620769000208187,0.12884579043040278
88,0.006605966551388447,0.004614253559837855,0.13461664782088117
89,0.013791283329148044,0.005563166112410339,0.1353421024952492
90,0.01947318106628783,0.006282922887397124,0.13532877010430405
91,0.020737273108212148,0.0076891694418909085,0.13831557516622384
92,0.017496578392108192,0.012409498991934123,0.14042457794012408
93,0.012317746735654299,0.01543635825757278,0.13913644941118736
94,0.007413603352449949,0.011936516035499091,0.13480769367767875
95,0.0038901685107007346,0.006071105269164191,0.12886705494863726
96,0.003230129519090432,0.0013462048290686299,0.12542756731846927
97,0.004302741832468419,-0.0005037286796518922,0.126177255509147
98,0.0026733072220051987,-0.0016195221337723595,0.1293125274495877
99,0.0007423607211717292,-0.00465550174887152,0.13317343769533846
100,0.0037478137803759227,-0.005909172334828346,0.13854247950267684
101,0.008836932532916966,-0.0037339819585309325,0.1466980547462906
102,0.01336740069445743,0.0012259122499363034,0.15531131619439142
103,0.018303580426278707,0.007471070730055145,0.16126143352272304
104,0.020551657479274926,0.008809874841138356,0.16464871817225257
105,0.012367180127119418,-0.00030793789371054425,0.16802313539726926
106,-0.0028440552230420413,-0.011755556688889897,0.1722030043351815
107,-0.006830625827940681,-0.013234866828131787,0.17533587804314676
108,0.002610964508470197,-0.007237897235277593,0.17617092122678685
109,0.009638048288391425,-0.0023946190973592914,0.1747128692360761
110,0.009650667270807052,0.0010926124159347447,0.17221979493289974
111,0.008166064491520485,0.00805854495251367,0.17026755596410054
112,0.007679289085254663,0.015185258649967354,0.1693545507997366
113,0.005132285771055983,0.016073085993103055,0.16889965778416105
114,-0.0007347261804536986,0.01198736401385326,0.16793418883368416
115,-0.003133813843199662,0.008277862523922722,0.1658822230284261
116,0.003776124024889957,0.008696234252511564,0.16316008313375668
117,0.010622924140655556,0.008939424609161986,0.16220846313834458
118,0.006105277392460577,0.0031485195757036955,0.16190734130090623
119,-0.0017636974122736612,-0.0019927497550138867,0.1563271577070417
120,-0.006062261869771865,0.00128580043301222,0.14461825841319342
121,-0.0076423548371180455,0.007183516257095429,0.13254348942891075
122,-0.003407530962477777,0.00956372123795729,0.12493188775740305
123,0.003084568389586609,0.009889528850278856,0.1210950870174628
124,0.006851364652494734,0.0102069459136176,0.11824548592464257
125,0.006686474531365574,0.009277301820026299,0.11482045424674839
126,0.0007105316571491757,0.00939565748616343,0.10910681662527971
127,-0.0022114100331554892,0.01670278092838484,0.09998693919316318
128,0.008921723977644375,0.02626152329916908,0.08944268408810457
129,0.023058807076667423,0.026412359256165547,0.08077283237955118
130,0.024106613814710798,0.015306306884936803,0.07391366531757942
131,0.01650842796761779,0.0032878564737835805,0.06731563212140557
132,0.010004637352589402,0.0005792159159897581,0.060403959014749486
133,0.008367212833823717,0.009214132701771604,0.0530295889572136
134,0.008272304842044179,0.019138098418746474,0.046142569586461915
135,0.005347414160656969,0.015108518501168781,0.04020856527330199
136,0.005240305663143097,0.003990998716981886,0.03552005230231389
137,0.009642835870027296,0.004171402345021322,0.0328622895075291
138,0.01337247166184654,0.01298381019569992,0.031062449642774742
139,0.014638268293707499,0.02016894722935614,0.02795638197671907
140,0.017358541719963302,0.026384627099708482,0.024703093446218682
141,0.02510941940125075,0.03293212856596782,0.022806053552005073
142,0.03106870277232785,0.03516363205534318,0.018842275556058927
143,0.026377041037728977,0.027180668752532722,0.010718044772668016
144,0.011845354274867936,0.01096288171408999,0.0013544445328223104
145,-0.002813441983204018,-0.001857546679984473,-0.0068332280820842875
146,-0.009705893617505124,-0.003948190743982782,-0.013626043652466724
147,-0.009495085779317236,0.00028623826425290544,-0.018022548648919
148,-0.0063821070801002855,0.0038100409277186387,-0.019486997417027502
149,-0.005501490853640878,0.0031523670681402327,-0.02012546108970114
150,-0.011671477548613501,-0.005456273683880519,-0.020933791203094153
151,-0.02403153766846372,-0.025273360161077854,-0.02301843768199745
152,-0.033769456996767394,-0.04332624937009021,-0.028383064490318244
153,-0.03220827606899397,-0.04006726061882834,-0.03541697625015404
154,-0.022474217526398138,-0.022106847106692258,-0.042192600925840235
155,-0.022689827370052346,-0.018165677374621235,-0.04936536164393243
156,-0.03625045894467992,-0.04239407392709131,-0.05595757588829653
157,-0.042837585208459455,-0.06970330797389608,-0.060202383863285386
158,-0.038364394129642376,-0.0695446263238047,-0.06308837369207368
159,-0.03363978214868027,-0.04591532185946384,-0.06478437179533994
160,-0.03167536495228557,-0.018887539015420285,-0.06403377261963525
161,-0.03443083687440382,0.0003497325399040019,-0.06189930144929162
162,-0.041213178540245976,0.0055362588218905995,-0.05961150086972608
163,-0.03957443521418856,-0.0015561606976529085,-0.05642525657151627
164,-0.026292609299458897,-0.007619962507457778,-0.05253958966110964
165,-0.014373479944236267,-0.0035502186802223723,-0.05071709114921667
166,-0.007419716645151189,0.006513318863878237,-0.05288819854369259
167,-0.0018298741276966124,0.012224051347356935,-0.05730779131492064
168,-0.0013473813198926488,0.009504670516464947,-0.06163844091644216
169,-0.00914842860641027,0.0033465079043122903,-0.06504568131562527
170,-0.01779547180408249,-0.0009710820548863575,-0.06708158395456637
171,-0.021596461047259166,-0.0064922514153383515,-0.06780056530815715
172,-0.020972007211826606,-0.014534984011270652,-0.06725237376793047
173,-0.01623016816271714,-0.015478651030053636,-0.06501144419538457
174,-0.009455414328763359,-0.005895126592938324,-0.062122995980418705
175,-0.0028551729699608196,0.005050525716783882,-0.06112073070064292
176,-0.00028858836236012736,0.00890202891104136,-0.06141247990075374
177,-0.0012271955849145755,0.009531325206135616,-0.06062066993435092
178,-0.00047922884974609115,0.015881324797047708,-0.059018654685859345
179,-0.002116918894229873,0.021081796238412623,-0.057133410799311
180,-0.011480931788587972,0.013192323670602829,-0.054504001883223546
181,-0.020919500840248177,-0.0004019894464622198,-0.05108410705371577
182,-0.02102649680514076,-0.005774635260185179,-0.04828282025886019
183,-0.014474545139895746,-0.005049477116246773,-0.048473167444934434
184,-0.009655894103844945,-0.002464409269323037,-0.050375678705448595
185,-0.007463897253725496,0.005206451958228858,-0.05103556447362312
186,-0.004310930439056976,0.014107337329773387,-0.05007771092936675
187,-0.004475267840880509,0.014808135141265194,-0.04704978964972027
188,-0.012856332920204189,0.0045373206288536125,-0.043434024080330424
189,-0.02572736754010349,-0.009416312029833368,-0.043725467804719156
190,-0.03354498276610916,-0.012932185001658478,-0.04943861815456724
191,-0.02569199673336687,-0.00027273049176470415,-0.057065503166994797
192,-0.009881682060084988,0.016066344256853375,-0.06270798198088662
193,-0.0026124783713494387,0.02524779380947445,-0.06532416034010699
194,-0.002806379037861656,0.025959031522531317,-0.06488897471944144
195,-0.007818128647806455,0.017200887708417434,-0.0616017556176256
196,-0.013392446059819804,0.006359518844825607,-0.057568959799958574
197,-0.009226103905646654,0.0031740029886605375,-0.05558667449558666
198,-0.004987566686256703,0.005431024593578915,-0.054864227472566474
199,-0.011851646841886568,0.005412469333464037,-0.05227035023322871
200,-0.016285380424810814,0.0009861321063869277,-0.04715715462949237
201,-0.008898923752223918,-0.00234231414097609,-0.041948433107161134
202,-0.0019214865052626373,-0.001984168821055926,-0.0411336211064479
203,-0.00315910529580124,-0.0009668909024611039,-0.04640364683805938
204,-0.007406544271361143,-0.0004820076479372104,-0.05282565983894079
205,-0.015473225587056327,0.0015226377780198155,-0.056687127536488274
206,-0.026109767373138554,0.008432217291838587,-0.059378173384449506
207,-0.026464417180169772,0.016906774141195,-0.0608150734058307
208,-0.014641564517273893,0.017618917269327808,-0.06011510579395829
209,-0.007334231192707166,0.009535904844780296,-0.05749004952020953
210,-0.012725890680069803,0.0005987197037909536,-0.0524570045767723
211,-0.019767431316608703,-0.0022694777209745325,-0.045365067372686724
212,-0.02274962698803338,-0.00017150888468241143,-0.03834059753196392
213,-0.028200672631882723,-0.00194056349417282,-0.033959172120644296
214,-0.02991886622976156,-0.007393098288725416,-0.03261877129391379
215,-0.02031074735238972,-0.0054774307730602045,-0.033490282539915685
216,-0.014795697253174173,-0.0018268940769720354,-0.03569910981693589
217,-0.020633133055135727,-0.0039469496936328265,-0.03732640280019481
218,-0.022351528848738013,0.0026257440534669975,-0.03763419021890925
219,-0.013333645406470536,0.018528808696694647,-0.03684215719313541
220,-0.0025712923884716066,0.021724176063013613,-0.03554343474020713
221,0.0016805221358559752,0.00835513244925356,-0.03540954707547278
222,-0.0023342882062174063,-0.0027919826097820358,-0.0362594747385076
223,-0.008716775569012496,-0.0009151238272779166,-0.03609095632542282
224,-0.008410681831694702,0.005729045208241093,-0.03436600251077902
225,-0.002122758120264783,0.006072268002938169,-0.032284716047625846
226,-0.0018795521426712564,0.0004938680607847953,-0.030052253906936215
227,-0.009693086104741962,-0.0018227385786994989,-0.027145208126462685
228,-0.015177575382217933,0.00048224478617150957,-0.022981536623183266
229,-0.015014848683093465,-0.001277833848232303,-0.01743564182946164
230,-0.011416772157357036,-0.00519542247872308,-0.014818748827669495
231,-0.0056432813229501735,-0.0026441491825469517,-0.01731431897703853
232,-0.0010571477979460647,0.005490173849517641,-0.02031044316479025
233,-0.0020922744268962387,0.01146599385454751,-0.022482254644972832
234,-0.011158344000198321,0.013850419347529029,-0.02652213640472443
235,-0.02185381539962173,0.014487879689234123,-0.03176940761482892
236,-0.020047369327168562,0.010659892202593599,-0.0351765946423863
237,-0.006142789400249395,0.006763074020618383,-0.03670804073592805
238,0.00635289155992963,0.007020812989298353,-0.03925248613406623
239,0.009145059428492905,0.006626617490107255,-0.044044298474119364
240,0.0006925414552468659,0.001960423890532135,-0.048270196360655965
241,-0.008026261651924112,-0.00512040815327329,-0.04901444429077628
242,-0.004984002381273448,-0.007348332094960875,-0.04691685093099185
243,0.002642544991758998,-0.0018363425780130727,-0.042668604164863067
244,0.003949661850865517,0.005316268014442696,-0.0362767301090868
245,0.0013109076084773935,0.009700436356102404,-0.027932148714447436
246,-0.0010761712891679057,0.011405946895546727,-0.01852417425725321
247,-0.001720888158555204,0.009365256326228342,-0.012089228255547223
248,0.0008625905357951685,0.0067479518872420804,-0.01042478888411795
249,0.003630798657748943,0.005949047918333977,-0.010617921925552817
250,0.004160461470575666,0.004566123116491183,-0.01213676892777981
251,0.006432632399099261,0.008111977524611798,-0.015698507687444054
252,0.014292339686956833,0.0183854717749918,-0.01841815585684631
253,0.023392676426486847,0.026419103290257193,-0.016598298256030774
254,0.026197364916961896,0.022546677471843253,-0.012908475933056086
255,0.02285541337995972,0.010832105261554245,-0.013482955222479075
0,0.02054479577508929,0.009568093316796318,-0.01790096467776542
1,0.022336579332593337,0.019181536424369608,-0.021256529303702865
2,0.0231522070900311,0.023628160456764552,-0.02150848268033259
3,0.018129003592678626,0.02004161305732592,-0.020585253290259634
4,0.01330577423065724,0.01678354382323538,-0.018980721666268907
5,0.015321984548228074,0.014389971360106675,-0.014858169610451728
6,0.021479203849723183,0.009813122361412293,-0.009473708942186906
7,0.027504635678147454,0.008609100848338769,-0.004926626614516497
8,0.03229928790766991,0.012201167572112061,-0.0008853557296667237
9,0.037179399337127744,0.016065383429117307,0.003229146454212857
10,0.03845652457058174,0.0202016524868244,0.007329046069466827
11,0.03255189155010452,0.019947150904707667,0.009575914253225223
12,0.02185030772868446,0.010066148654709353,0.00836473692985246
13,0.017560669740913415,0.002660123696167263,0.005548543469354943
14,0.031092495234011766,0.008349479565878032,0.00323897354531346
15,0.049309676235913466,0.018093150517690358,0.0009241079172424109
16,0.04920858773892231,0.021926288922261367,-0.00238201197111439
17,0.037088526225761635,0.01795465943497173,-0.0064633978946425155
18,0.034035454399316295,0.012795300695137846,-0.009091906828154278
19,0.036876943503585585,0.017885357576146607,-0.008571704213073288
20,0.035807319107137,0.026555669738280795,-0.007037147747368723
21,0.03555639468891389,0.02562078640119947,-0.0063506850648853835
22,0.038188218213679764,0.02179046259701692,-0.00604376708703927
23,0.03611003895494681,0.024618891449981167,-0.0048087297684407185
24,0.0275430100260909,0.02555682825023145,-0.0014374531260328213
25,0.021915115995073217,0.017328155244527355,0.0014833584764802309
26,0.02521435927499182,0.012156731269633271,-0.00026284941582530377
27,0.03367540815934847,0.017629964931185453,-0.00438727766634683
28,0.03785913202049694,0.024831048063108555,-0.005087279261735248
29,0.03568973312295151,0.02444019501591129,-0.00224240034171724
30,0.03736388354458073,0.01879513725895255,0.0015938787149752838
31,0.04514883295532171,0.015572297320859407,0.0035850207000295217
32,0.04853671282709224,0.019443971168948748,0.00027585274474245525
33,0.04446906073893403,0.027181996477772558,-0.006498345351554498
34,0.03914486230333637,0.030734695921501076,-0.011777039243398821
35,0.03590905230188258,0.030989755970409136,-0.013325880275627408
36,0.030850223620110192,0.029001788477511184,-0.011684492576289594
37,0.02075181502158194,0.02221643015221865,-0.007428903488888975
38,0.01568340763246341,0.014709181390524913,-0.0024001998133971816
39,0.020628752164260345,0.013888186878027228,-0.00044743702816014974
40,0.02651543446728749,0.02002676639723734,-0.0013337567268376233
41,0.028697852957289008,0.025529159435768736,-0.001466077232957233
42,0.02772343132614216,0.028237253804784493,0.0005383038844960983
43,0.02632009948405227,0.031023305177667743,0.005142953647413264
44,0.026055331638178816,0.029012649206602542,0.012855085387441297
45,0.024247539515534475,0.018101757529041515,0.021687443801914258
46,0.021379111984267854,0.008141404424369572,0.02884387968028873
47,0.020646776656383096,0.0095747885383803,0.033151056187634365
48,0.02108088891650534,0.01977402930593654,0.03405511601003905
49,0.021461620521941987,0.02790451008500007,0.03203398514457316
50,0.025290042783202387,0.027446231909094412,0.029671971577328843
51,0.028730596844185587,0.023114559252489737,0.0298178771719496
52,0.025449395774945677,0.022611865183496338,0.033486620011676224
53,0.022850894944547548,0.026982620651106876,0.038670128653672114
54,0.024543279653007913,0.02970055195943977,0.04256597782145344
55,0.024422382579040933,0.025485219419554145,0.04550819363798428
56,0.022192822885670052,0.018208526251740437,0.04701580850190386
57,0.019688438077502247,0.01434592382479552,0.04562204370974017
58,0.01562614665738666,0.012287409936491966,0.042875306230193755
59,0.012214656455450217,0.009537968992109985,0.03927455167121241
60,0.012847065008734442,0.009031485964071065,0.03472319806529736
61,0.015110968724796389,0.009856124465403057,0.031628519785792175
62,0.015432577669246918,0.013060895077760953,0.030371447705487997
63,0.01641372023405898,0.021081600164141796,0.02898539784100805
64,0.02027202960952547,0.02623410762185792,0.025645707418919403
65,0.01889818604665125,0.02117654229896318,0.01880091812543273
66,0.012992965471603321,0.012481861852257914,0.01052517505500919
67,0.014771560028345308,0.012507911902307628,0.0038593370082641992
68,0.022344646112727514,0.016616246670682816,-0.0016420020144892813
69,0.02349810022131804,0.011286556479246534,-0.007020043634182148
70,0.01523709155715014,0.0013709915298249914,-0.011263879225243412
71,0.008729923164765497,-0.0023394691913066756,-0.01423087540366788
72,0.008149131248412524,-0.0020085919997872154,-0.016565229949562894
73,0.005669390193895084,-0.0037128015726720642,-0.01701498727662723
74,0.004914167428586691,-0.002652617188983894,-0.015778598200649377
75,0.014918946538384742,0.009326777022216196,-0.014699517184805763
76,0.02457148352693854,0.02115547647529621,-0.013855095612068241
77,0.022314611848278973,0.018852082832524736,-0.012372910594948987
78,0.019392584460949824,0.00952941691227846,-0.009745364081565441
79,0.020323620442432244,0.006300070844368254,-0.004987726010331012
80,0.01906966417117595,0.008345851159854933,0.0015524838588958992
81,0.01588784280047209,0.007142224608902122,0.0062486744699111404
82,0.011173550306507171,0.004437270451897925,0.006855306729313875
83,0.007566284173597934,0.003399711872746635,0.006000062144626991
84,0.006425845331289905,-0.002432333948730339,0.005937086719260298
85,0.00545340905793823,-0.013013150723555392,0.004844108298790197
86,0.004012887624075229,-0.01732204941938992,0.0018419461614602312
87,0.0030448079373460585,-0.009193103707418025,-0.00071218714116357
88,0.004258071452455867,0.004717749467613195,-0.0002097195182064887
89,0.0034704740856457417,0.00953964794992436,0.004200590849305165
90,0.0023566582328548996,0.0029676658156811697,0.010953138487943468
91,0.010141843385457802,-0.00036026636588427224,0.016501673086967997
92,0.017880611404527555,0.002384286358805804,0.018551383644984806
93,0.01645202472318409,0.0025273888090157834,0.02000381496306912
94,0.012390475942390608,0.0006313391562504655,0.024185638459834596
95,0.0068500815414582195,0.0005495597730151291,0.030719874672406222
96,-0.002225523433040895,-0.0016163116827969393,0.03776111154983558
97,-0.008764431310368938,-0.005627846336994438,0.04305320896005735
98,-0.006922120253296478,-0.003831985039371155,0.0446586912411272
99,-0.003550651276233212,-0.0011034410150639606,0.04109802510856628
100,-0.000754711064372568,-0.003064624795731344,0.031783027811023684
101,0.0031055333539917254,-0.005727085990955311,0.01718088699939445
102,0.0022162033569511005,-0.005298284948363825,-0.001635063527386335
103,0.001222173600326587,-0.0025509306066586537,-0.02258476653744646
104,0.005358063107034079,-0.0040509557454244255,-0.04227215397861623
105,0.008195965951487083,-0.007620445319906077,-0.05789352493805007
106,0.005677865023282672,-0.007850034122163708,-0.06954700991933674
107,0.0009918099050185182,-0.006677618574006103,-0.07754835453691689
108,-0.006039761987074413,-0.007948133710329111,-0.08004560716441272
109,-0.012720146760628027,-0.013050766558036789,-0.07843535056101053
110,-0.011558679591564418,-0.016523849149678915,-0.07751597327746673
111,-0.005118066215414233,-0.013294655553408113,-0.07718709195919884
112,-0.0017633904572459391,-0.005040305521986345,-0.07406138836912662
113,-0.006995535767022526,0.0014230746738987318,-0.0692179659496382
114,-0.016283281513055775,0.0031716308759017348,-0.06524747358470614
115,-0.018715816115696438,0.0038394222657974417,-0.06201008974315675
116,-0.011781201164331408,0.005467121906908609,-0.0600979226953153
117,-0.0019610781977421263,0.00756511265693071,-0.05977148729489379
118,0.001045772260351751,0.0072030976347074414,-0.05900063854755189
119,-0.0057379466663601275,0.0011055627965742484,-0.056317916317076167
120,-0.013622365021798644,-0.00950764680772265,-0.05123255724493572
121,-0.014635614602439263,-0.012988748606826181,-0.04432231570349765
122,-0.0072231939337514366,-0.0038205728195924993,-0.03650637808461603
123,-0.001655317416802568,0.0018571719046710372,-0.02867028382082052
124,-0.006704183967453061,-0.0028598771642409995,-0.021130978961133216
125,-0.013194343517265818,-0.005628143663589699,-0.01234577085233232
126,-0.017855449108175783,-0.002613050280846574,-0.0029704596086349774
127,-0.019556405586655126,0.002955120817152733,0.003986475510736921
128,-0.012780322094917279,0.006219122019193314,0.006695710864520862
129,-0.006926099686180021,0.00010165049998848985,0.005859461799664855
130,-0.01000414504617557,-0.010785754658413561,0.003717468500818673
131,-0.015345408263203852,-0.015846041927482082,0.0009406723005503104
132,-0.018015089067730986,-0.014065867056001491,-0.00255102740224053
133,-0.019342799105153748,-0.013674716864834999,-0.0052237412734884164
134,-0.017829225526495667,-0.016661703748787934,-0.004870252467162314
135,-0.012300835785070286,-0.015031846051900694,-0.0017545031159523355
136,-0.007762981928945551,-0.009592626301501428,0.0015514442622203417
137,-0.006584438302706122,-0.007617068012794721,0.004018398496551237
138,-0.0059301009537761976,-0.0047171823616375674,0.006192040532489895
139,-0.0037190323544486897,0.003965190105578081,0.007475600687636121
140,-0.005192517086164354,0.011204946241146138,0.006356810289404172
141,-0.01477399832965632,0.010536036751226281,0.002467240775301194
142,-0.022136863654394462,0.006025625772215035,-0.0008801881836651149
143,-0.021086310763970575,0.0032709057076191483,-0.0007124578050418384
144,-0.01791930986535125,-0.0007771442694982922,0.0012625950585805068
145,-0.014810201742615162,-0.0035468796983090696,0.004202461970378671
146,-0.01291052299073639,-0.00009605533056623698,0.008348608714905406
147,-0.01667264875579598,0.0007557898089939133,0.012564625043627292
148,-0.021531633440787012,-0.0028194473606360237,0.01589075379047364
149,-0.018858766698485643,-0.004634513885042445,0.018384896491293837
150,-0.013112260634470962,-0.009808833577327617,0.021143449205607123
151,-0.012102455767931753,-0.01871872348540698,0.02331103745265345
152,-0.014116409356420431,-0.02222558630965009,0.023461468843787858
153,-0.014290257672808705,-0.019216892121116377,0.02214424475519311
154,-0.011047321022744964,-0.012749979198229622,0.021641570970590635
155,-0.004331318748089032,-0.00432867341998025,0.023384906411670438
156,0.005887378231006865,0.002811446847421517,0.02423652866118456
157,0.016993538013067397,0.006019984731021194,0.021911617102829906
158,0.022463245777069804,0.006960963238334436,0.0186465785606469
159,0.01525398358115826,0.0049188606613879485,0.017144390270196735
160,0.0015561618929942067,-0.0012965330633546573,0.018995357981921493
161,-0.007989007311452884,-0.004044889105492305,0.02311928251477674
162,-0.011050387843027754,0.0015061225438040143,0.027547250109776072
163,-0.004312773627724281,0.00899222572223117,0.0319414517521473
164,0.009010957405787945,0.01254475892569662,0.03669127627270449
165,0.014694485712891267,0.013354738889188617,0.04113647436598523
166,0.006564085374802964,0.009772332034039141,0.0417003292042287
167,-0.0020081758235799274,-0.0005001054741518157,0.037246291165866585
168,0.001936983532776472,-0.006328852211159544,0.030936260436852013
169,0.011868316115442201,-0.0008887854424128455,0.025298824897682468
170,0.018490577172560363,0.005082316706660192,0.022285968508144044
171,0.022241339764895035,0.007584161968368572,0.023059709526262434
172,0.022534720368537042,0.013506990157413627,0.02666056031646813
173,0.020895036532907432,0.022125584917461513,0.03090288937892599
174,0.01962397062176783,0.025776379943741164,0.03286910118794835
175,0.015726605222621245,0.018783983311876362,0.029940264231376877
176,0.008329454312536774,0.0042878713812029845,0.024547128045450388
177,0.0006787206334917251,-0.004649205859873176,0.022705881292104695
178,-0.003833536203443025,-0.004711584536014626,0.025984097389155594
179,-0.007438043937801557,-0.0019187326384053766,0.03192773848962624
180,-0.008288668793682182,0.007256075267130235,0.038434662942097714
181,0.0022081243180636784,0.023512267960739103,0.04444724793972987
182,0.014927144092883898,0.03315879837070569,0.04924115158263433
183,0.015450654729530356,0.026028414334663838,0.05120230754169264
184,0.010808021108832352,0.010518508323382712,0.04840347710585603
185,0.008921666856812036,0.001886555096103748,0.04337111887553968
186,0.004675326837332426,0.001809715287902386,0.04112518893875698
187,-0.001910594263197049,0.0016063871611484981,0.043025291428771956
188,-0.003974458128591575,-0.0011751579058287137,0.0479912963528938
189,-0.0032991821788445376,-0.0033500759741583452,0.05447244977222397
190,-0.003453129632746025,-0.0033444163520839343,0.06000486736221114
191,-0.0034078840062773327,-0.004307384401616959,0.06255056184333631
192,-0.0039514690873041144,-0.008584892536760591,0.06320993739378952
193,-0.006325958732316055,-0.013210603514987512,0.06455922424613644
194,-0.009154628379353207,-0.015203518531015661,0.0683751168690519
195,-0.007242927354441497,-0.012110607535080559,0.07529168390796881
196,0.0003850691417699153,-0.002301610130127321,0.08316512814623175
197,0.0071001811195911466,0.010034294048634637,0.08877895947906117
198,0.007306744782975553,0.016236099594604786,0.09089472774517557
199,-0.0003042785472931672,0.015553916124176483,0.09149914316273908
200,-0.009351922380658684,0.012983517167971085,0.09232768266616295
201,-0.012333786989043527,0.005059115180103848,0.09330391968854601
202,-0.010000479788687372,-0.012001865200476448,0.095958346334579
203,-0.005686179521893701,-0.026735583919999313,0.10067250217084578
204,-0.0006120221766901524,-0.02425794515902922,0.10576356990996216
205,0.0054561873780257925,-0.005096255317410554,0.10938103249809894
206,0.007538981089301747,0.01538692623515811,0.10938991827649058
207,0.002420148898332322,0.023171900371012105,0.10562669877338382
208,-0.0009177790669723379,0.016718265263226825,0.10126309731722954
209,0.0023131925393168884,0.006881487901756765,0.09981962826859508
210,0.005498583572034976,0.0057254157310997755,0.10117903882412682
211,0.007766910728919413,0.012203575128418909,0.10253224114515008
212,0.012592500649243013,0.01897002824886221,0.10194889310721927
213,0.01608315645219291,0.02096227240916501,0.09991486245774531
214,0.011395216645612952,0.01464583473053787,0.09866953822050617
215,-0.0018751411926973757,0.002425343244741085,0.09831752786382306
216,-0.009674877475365738,-0.006267476859206901,0.09686195463635061
217,-0.004654063377102453,-0.005684803827503748,0.09451124782853243
218,0.0024459914678535005,0.002672394966354054,0.09312472547247858
219,0.007615119305227708,0.014399958702011002,0.09447213844598656
220,0.011482424002784208,0.02054301241111762,0.09883717405749659
221,0.012635939323440957,0.01777634316403008,0.1044967061824067
222,0.01321619864657238,0.016891463338675125,0.10826460764869217
223,0.01395121948327075,0.020523493970991152,0.10747251818703152
224,0.013402355622922331,0.019021895725716262,0.10334675200814708
225,0.010523712668745092,0.013681896102624408,0.09739643421080024
226,0.004254127757223766,0.010749531740831972,0.09033151440555803
227,-0.0021240051800712895,0.00678688877691553,0.08459232315560755
228,-0.0028599017734225185,0.003791125873053122,0.08109213849639035
229,0.00033353826828821237,0.008137455037491366,0.07823141014810378
230,0.002279916267026727,0.010716556720455968,0.07315355657148187
231,0.0004341991545812676,0.004344350559495898,0.06477552288569399
232,-0.0022927442306545365,-0.002331567846508363,0.056096932418629564
233,-0.00440185584590691,-0.0022697510601018406,0.05003617006827174
234,-0.008508961836056657,0.000822586205784917,0.045306718929425255
235,-0.0118719677774623,0.00040620750587250926,0.03837760393816608
236,-0.012090557408929406,-0.002422196007473912,0.028270915121611062
237,-0.008442538998806239,-0.0022806257250784986,0.017296640487912796
238,-0.0026494233747048138,-0.0019124225031239145,0.007894363924565162
239,-0.002605556034110456,-0.008808597000165577,0.00017262144634701965
240,-0.010556700319874365,-0.02045947332114334,-0.00739265512634231
241,-0.019530467943847732,-0.027235503814415665,-0.015186726010566517
242,-0.0245892661414195,-0.025720655305590007,-0.021989815731159337
243,-0.02394888039461797,-0.018660124193423812,-0.02666664683514966
244,-0.014418288963219242,-0.008080627015013046,-0.029924822381868374
245,-0.0023270561274972568,-0.0006795880897150219,-0.03249487665132524
246,-0.0007554549043500072,-0.003928202197276867,-0.0334728163576544
247,-0.008690610597137115,-0.012500498865065657,-0.03421508820985791
248,-0.015034045980725143,-0.016612283201217118,-0.0368346901943565
249,-0.018390763347263375,-0.014980127488398467,-0.03982833754360708
250,-0.025387113600935332,-0.0117972476407317,-0.04188851279447749
251,-0.030706447727943113,-0.009808383331558913,-0.04417335101008554
252,-0.022986461470332398,-0.008006031681040447,-0.04753696160884843
253,-0.010228007946515932,-0.007086853417311183,-0.051929570572148115
254,-0.00964984891470086,-0.012103150465258644,-0.05636765154289927
255,-0.017548908999958174,-0.019439212879742845,-0.06026602753767918
0,-0.018597012051960383,-0.017435057182619063,-0.06360567476657741
1,-0.008981699525600323,-0.004796546598983847,-0.06495228466192754
2,0.003310922413785042,0.008104607759145704,-0.06434159391087382
3,0.009375231798064307,0.012593045780533343,-0.06460286952402164
4,0.006754973311447157,0.008334393364867979,-0.06663789295260991
5,-0.0014375394416640402,0.0018616927774192382,-0.06858846707183719
6,-0.007224447195902012,-0.000950004911862673,-0.06909215064785126
7,-0.006465274991141252,-0.0008397105668222077,-0.06813318056561521
8,-0.0018899681610409363,0.0005737417445742729,-0.06729735623278413
9,0.0024941108012724728,0.0012009313570988528,-0.06766710283978827
10,0.00019189468727583148,-0.004037760281012992,-0.06802299676166204
11,-0.007942519500184542,-0.009695487202070183,-0.06778914119405821
12,-0.010877194063741033,-0.004996656204246774,-0.06736343096088113
13,-0.001410988441100297,0.002476463201309745,-0.06746105987754197
14,0.017705006412604418,0.0065179726806316035,-0.06863237132035879
15,0.03418541733917677,0.016774465806248307,-0.06923375398499512
16,0.035440575014469254,0.03041323385887179,-0.06784934664774633
17,0.022656812749486388,0.03384218307158243,-0.06519705875924572
18,0.006855430212072813,0.024274051217301612,-0.06105485746900058
19,-0.0036476654001560554,0.01203466990498478,-0.05461450729955741
20,-0.006898763814599182,0.004744926840854549,-0.048242883970620404
21,-0.007051507829539061,-0.0015765386774885537,-0.04486052756354725
22,-0.009495878417219591,-0.010517827258498078,-0.04390393551012557
23,-0.016218093739825995,-0.022820158465567786,-0.043449923432359705
24,-0.019276251071782644,-0.031152751672299694,-0.04363444083817987
25,-0.011590895134172441,-0.021641863497830843,-0.04550141444292413
26,-0.0037588494487776763,-0.0012998543102434867,-0.04939894420603627
27,-0.004188370779808388,0.008830120638195132,-0.05493002587190099
28,-0.0056382967960043745,0.0043078660355296144,-0.05878585102192979
29,-0.0021300963710585014,-0.003779164147133224,-0.057936508411338294
30,0.004494786917710242,-0.006089066408241001,-0.05323136102560219
31,0.01048754252381874,-0.00469948259338368,-0.04837287648186592
32,0.011263857906928326,-0.005322462448617574,-0.04789354013292893
33,0.006793395373524261,-0.006148896215366517,-0.05171818682208741
34,0.004132884864550067,-0.005084149477457542,-0.05490723903153459
35,0.002996266303190366,-0.0037766639212309383,-0.05529333115878775
36,0.0015589407936846891,-0.0025798108785949347,-0.055296719673865305
37,0.003486987325522311,-0.003966734902250163,-0.05593413664613808
38,0.0078429373834773,-0.0062041769529780355,-0.05613421266188204
39,0.014539127660907522,-0.0012389586521634743,-0.05533371714664673
40,0.020628610593508886,0.008043874350821462,-0.05290752895876161
41,0.021899233686828015,0.012414305337168974,-0.04868278015831412
42,0.022787277014301804,0.015527084257776644,-0.04358884495122678
43,0.023735776228436048,0.022358767490279298,-0.03942612834762926
44,0.02111595637856304,0.026526198899677764,-0.037032647183483855
45,0.0228094578722898,0.02275812744504184,-0.03551696605096868
46,0.03270040021878178,0.014312495711378478,-0.03550575331791843
47,0.037222016492928785,0.010257275604002407,-0.03826950595641104
48,0.03161421684431741,0.014486190414818995,-0.042224555197475866
49,0.027760177817186177,0.01929342249960604,-0.04386256071962087
50,0.029572302462930203,0.020966756540890086,-0.042216295916561675
51,0.03477933141463818,0.023983029032965522,-0.03988819937995741
52,0.044855913099175526,0.027285017162386092,-0.038161990650115496
53,0.05036056986931792,0.025708597937069942,-0.034942901550520905
54,0.042341198502535024,0.017496245197124647,-0.029109033039987228
55,0.03192777215213628,0.007116190606104432,-0.023424260053746593
56,0.029485445580428205,0.002840194856532479,-0.020333119625103303
57,0.031562653194674356,0.007810997540990398,-0.019960341371537495
58,0.03424691795080405,0.01792934338538578,-0.020299909696356366
59,0.037607719265466535,0.027136893588287372,-0.019962991764732162
60,0.03657935988894456,0.030223022105072807,-0.02118713995448035
61,0.029442621724389342,0.024029379393150696,-0.025906391074624127
62,0.025549853417376187,0.013082660354099274,-0.03293365535913269
63,0.02576825308227139,0.006883257641971383,-0.03885989494841968
64,0.025800369587866967,0.008201681617990772,-0.04146289568389844
65,0.025859474300379354,0.01226287469708031,-0.04083644846658949
66,0.024568860553706946,0.013593086212893978,-0.038071775658019225
67,0.022693401121671834,0.011519658417549525,-0.03408014810703468
68,0.021249315582947445,0.00895313075659919,-0.028943937161583805
69,0.0215856721541713,0.008014642140650646,-0.023744068876629748
70,0.024941015845215166,0.007636638853222175,-0.01996753531140262
71,0.025778199912301923,0.00621113472153087,-0.016835005623339477
72,0.021867785552219104,0.0025004478932561663,-0.014357607304762286
73,0.015853003075372032,-0.0026395105593462753,-0.013915502906474603
74,0.011562208264346757,-0.002505666980623128,-0.013565677846147033
75,0.012908066158673986,0.0056098224620452775,-0.01007380686941606
76,0.016464338559557153,0.01670775539038251,-0.004112407308491344
77,0.01739062353053508,0.023923124503105367,-0.0005842762309902216
78,0.013750844355457165,0.016525508131157163,-0.002361672654709053
79,0.007383848992716132,-0.0030608152819651957,-0.007598936165589713
80,0.0017524747258025695,-0.014681513075054331,-0.013401793555473163
81,0.0018435304917404846,-0.015573662799193033,-0.01641508868436116
82,0.00970502946090624,-0.015541378577677803,-0.013563647344817402
83,0.017803034712356072,-0.013011621233612464,-0.006002820928471521
84,0.02079926820211648,-0.008827394626647403,0.0007184515273311876
85,0.020212676561900844,-0.009686488291167694,0.0025615687115051952
86,0.01953920041562303,-0.012000275068423327,0.0001242778025701552
87,0.0166862051941091,-0.0125292075437681,-0.004004065947801401
88,0.0151297572090284,-0.0127016792120771,-0.007987867885818269
89,0.023006003372197506,-0.007107187103440299,-0.009674306881527782
90,0.03218840519908586,0.006163787991772501,-0.007136867203717895
91,0.03410249657299563,0.017304929951967307,-0.003550338913941832
92,0.030417306767154206,0.018025388212355414,-0.003957351275243402
93,0.02389435689832975,0.01342216744720369,-0.008253866881221344
94,0.017859689543080495,0.009320024863791354,-0.012733892024322443
95,0.01692090582582198,0.006887069580675573,-0.014951045308659788
96,0.020135508112385694,0.00973096470710709,-0.015955492042923944
97,0.02395391486735786,0.015119385020145287,-0.01761580558181329
98,0.025285737867934067,0.014104835654342826,-0.01884668890661875
99,0.020019913205819424,0.003677290035028702,-0.01763480105904689
100,0.01664554049754894,-0.004433205644299651,-0.013318912840722959
101,0.02227332913695111,0.0014209931469571502,-0.006776265571564619
102,0.02554573692709257,0.008881167947251453,-0.0007452199469564214
103,0.020495292504010637,0.0084125427161309,0.002836405062486752
104,0.017218501356659532,0.009811027926816734,0.003722214909597267
105,0.020688420211481845,0.015395798103398473,0.001962262709278212
106,0.021953212722255658,0.01694778743828161,-0.0008590729169933656
107,0.017095536383827242,0.011858438405888905,-0.002241855279528429
108,0.01301869717237892,0.0039059112856250494,-0.0014405801899404352
109,0.010370571590776347,-0.0012072036865018732,0.0005862692664519165
110,0.004418517496274178,0.0004349109042954269,0.0020853227279609837
111,0.0013553366081487488,0.007881621832348834,0.0019360323646133645
112,0.005600882721723372,0.013373316481379002,0.0007248009600074878
113,0.005984172089819427,0.005653473905943715,-0.0006928427577545387
114,0.0012485986129052492,-0.008720336182318086,-0.0015974351316268218
115,0.0023144589279908527,-0.013008545473087343,-0.0001222299203632593
116,0.007710346796637442,-0.007599264434949626,0.004095414696335092
117,0.008734648963920963,-0.001715927970584341,0.00859026501158451
118,0.005431235911951276,0.0011348385005426204,0.012230208113277047
119,0.002779297674531077,-0.00003850329803994912,0.014971182319859229
120,0.0020878924748242156,-0.0039518787659534454,0.014855285298774773
121,0.0018632741304864323,-0.004603478415488471,0.010615294818706395
122,0.0017026413803272033,-0.001033635235922481,0.0032294021099706118
123,0.0026069274929488816,0.0012580659646245843,-0.005625020093461405
124,0.00046411473150944575,-0.0006187538925169975,-0.013881878405140343
125,-0.004204218447188147,-0.004149740414467543,-0.018608397855151275
126,-0.002368954903279709,-0.002892204594949488,-0.01761574058523865
127,0.004660194682513431,-0.0013376519788313723,-0.013637595124906685
128,0.008230412018003123,-0.006555586023237733,-0.009024775897979245
129,0.00594732285549035,-0.008660347580932481,-0.0023887162964745523
130,0.0041619946565887855,-0.0043955242890578936,0.004519746006204403
131,0.006912179783068281,-0.0011936308670664614,0.009256541892682636
132,0.012160970329142456,0.0021530702053694437,0.015498710501496524
133,0.017112929933755044,0.006889416138368541,0.024116130383702833
134,0.01579219274551237,0.007746491508903726,0.02800066120934254
135,0.009021903313767086,0.004694615276112611,0.026136849163568676
136,0.003314578235999288,0.004248651962424403,0.023558593918786702
137,-0.0008573703731972748,0.005556008782653284,0.020292154740663176
138,-0.004224946268263571,0.0027770700343392185,0.014248261089272823
139,-0.0061368236384953395,-0.004554951753405111,0.006505413576932614
140,-0.007145913781310409,-0.008297584220742824,0.0007025023526049945
141,-0.006777973150936388,0.00028492906061368395,-0.0006816442794055494
142,-0.0055584490569218215,0.010254782165460545,0.0013926328136370097
143,-0.0027995106947349066,0.009000235743662162,0.00614229824839381
144,0.003974759419800147,0.0033377677710700604,0.012984751726141788
145,0.012145450641985897,-0.001317441756730993,0.01896636254223788
146,0.016130112431819957,-0.007198113394890109,0.02250807734854625
147,0.014250343477456837,-0.012088181098460028,0.024792782947509487
148,0.012217201457257354,-0.009061039091637094,0.026092891767940274
149,0.013025016761375532,0.0010595552525987442,0.024476845185795182
150,0.010662257734058017,0.0050707497177034586,0.020442108717397614
151,0.0034614648586372143,0.0006098635014503626,0.017515392160299167
152,-0.0022916224976886612,-0.0011914598023031117,0.013823816995311107
153,-0.0035895630966896047,-0.0014862668353611344,0.005771913941004007
154,0.0000049588516617821154,-0.00153973298086044,-0.002671740296845201
155,0.0077409295055045485,0.00236110727481699,-0.006807314643559343
156,0.01264019495769246,0.0016567031174535146,-0.00841877040033611
157,0.009326935978064638,-0.007750588144138041,-0.012071684514683722
158,0.001939216021202235,-0.010158896980974712,-0.019575402196410553
159,-0.0017486294250118467,0.0027704866137658463,-0.02817684504417329
160,0.0061293361648238065,0.020385646566141374,-0.03508873151116704
161,0.0254557812466642,0.03137687932991499,-0.04200115127350312
162,0.03483403024740244,0.02882740496503169,-0.05034709771441173
163,0.017588636511516223,0.012066358106162477,-0.057875863167630964
164,-0.013067444668495564,-0.012238274018511172,-0.0616225442014752
165,-0.03384572152345543,-0.030875493706397472,-0.06004730112875836
166,-0.0338512804349862,-0.037541157660389346,-0.056298494386029185
167,-0.026351021332104506,-0.0418296644951035,-0.05591539138768534
168,-0.025587011395621348,-0.04959747216284044,-0.05748098494387774
169,-0.027325600155552687,-0.05628493054672207,-0.054885032851386795
170,-0.029961280781607508,-0.06251044514295062,-0.05064860385147471
171,-0.03777407167727015,-0.07240043297065918,-0.0518468408421528
172,-0.04872091494034744,-0.08456289077523516,-0.058607569584972874
173,-0.057509295243815706,-0.09138754482273084,-0.06790999857314303
174,-0.06380529067362252,-0.0904984216414794,-0.07666603415482742
175,-0.06522322173303756,-0.08803298057182152,-0.08197267014179377
176,-0.060227125864252995,-0.08619059533204793,-0.0828900828065266
177,-0.057772072796148655,-0.08458356669020883,-0.08054422771453684
178,-0.06333590379006165,-0.08501095939269743,-0.07805898064557953
179,-0.07578811152428921,-0.09382083103047201,-0.07560551476892968
180,-0.09007019656867943,-0.10970747872842479,-0.06863339498747392
181,-0.096377633507962,-0.11904155216296963,-0.05555102812753562
182,-0.09100013431842272,-0.1128054026551325,-0.040210973994501326
183,-0.0785437403533138,-0.09772174624927571,-0.02462107386444931
184,-0.06743189322724252,-0.08800119207647633,-0.006770795614741608
185,-0.0631883667421218,-0.08552352874792865,0.013558545556033218
186,-0.0663850976356668,-0.08775648231905184,0.0339118075071333
187,-0.07315963384638724,-0.09232982134148787,0.0518974036136767
188,-0.07606367226237243,-0.08963198999703562,0.06509341176643835
189,-0.07127408984552416,-0.07875777073956922,0.07017722325978523
190,-0.061590555712972145,-0.07165529607751864,0.06361006213801251
191,-0.05542546079816016,-0.07267988329320874,0.045067015928998144
192,-0.055399024298920296,-0.07643438846310649,0.019637610119513205
193,-0.057713558437248486,-0.07984343013856379,-0.006648165039767728
194,-0.06278083198929954,-0.08317583802897172,-0.031202078387998544
195,-0.0690940935749704,-0.08593213110773862,-0.0545133156829572
196,-0.06642397366787312,-0.08097538814373853,-0.07724286571675704
197,-0.051107308266379964,-0.06810324718472346,-0.09720264369389275
198,-0.038486629934677385,-0.05992645885269582,-0.11015220848588236
199,-0.0404463020916519,-0.05986872936215293,-0.11344626202590469
200,-0.048145564549208014,-0.06299376780714389,-0.10999788728718629
201,-0.04866947096443694,-0.06595922013553429,-0.10643855891862741
202,-0.04362768640676215,-0.06360961657716971,-0.10682688940401622
203,-0.040884203653172455,-0.05572256973606628,-0.11002244809216008
204,-0.04082215873900842,-0.04949797994309693,-0.11244762573630479
205,-0.041028289807138615,-0.050225035976281085,-0.113346250004708
206,-0.04216118903059125,-0.053799828946830885,-0.11457920553614281
207,-0.04416944544186266,-0.0528546351491164,-0.11673122887235837
208,-0.0464791928198616,-0.048606717439250824,-0.11741163851686598
209,-0.04863317816915366,-0.042889809295183406,-0.11428231433944891
210,-0.047897161000704985,-0.0358299865825743,-0.10726310039936637
211,-0.04762597187930118,-0.03184962877403191,-0.09644597901206808
212,-0.051041952622659786,-0.03372450472399517,-0.08238666334342282
213,-0.05124517984522148,-0.04103325326850122,-0.06693968801342141
214,-0.04598376112533564,-0.048689621790710846,-0.053417534995026564
215,-0.041537043059504786,-0.05353691740750849,-0.04450258055630987
216,-0.041768693580524735,-0.05892053141791568,-0.039366138811881446
217,-0.04271557142322671,-0.06187321057553807,-0.038264600655883885
218,-0.03916866360942213,-0.060905782584525336,-0.042233970359529305
219,-0.031343071635234296,-0.05777452885068596,-0.04656986691795037
220,-0.024977981199752156,-0.05426225529940376,-0.04695478674627454
221,-0.027249432871946408,-0.05726360652326351,-0.043941085123866824
222,-0.03455137605024946,-0.0632601028287448,-0.03705577231817199
223,-0.03902045972775675,-0.061375651551540567,-0.02590923441191706
224,-0.039263336054457594,-0.05201226566524522,-0.012774639744800233
225,-0.03448524906447176,-0.03961982645091369,-0.0012423573049224375
226,-0.02721805556301675,-0.025378995989641384,0.004355585586003588
227,-0.025749309866235248,-0.01645299175884421,0.002809211547365905
228,-0.032217271361136696,-0.020773512304649244,-0.0023795021394482085
229,-0.03713074734301203,-0.03370016581210741,-0.0066602141279049065
230,-0.03451518532756348,-0.0438877486819213,-0.008324080486943733
231,-0.028353797229780285,-0.045272723812656276,-0.008106578695118383
232,-0.021898610623122088,-0.039985087738136325,-0.006145048047462798
233,-0.01994491800795678,-0.035523233105289126,-0.0017584748890164675
234,-0.023874720322491508,-0.031218131030742606,0.0041847181978220405
235,-0.02600138255298616,-0.025631015129281454,0.008852187288261842
236,-0.02611879432363237,-0.026504678967825143,0.011478697389843737
237,-0.029527061862520063,-0.031620017445451676,0.014076217329697133
238,-0.03284594716822996,-0.0334198832234808,0.01748579135550253
239,-0.0352609911618504,-0.03426777634495114,0.021564480691721566
240,-0.039538819330985076,-0.03647264061111892,0.02556507743696712
241,-0.04132587599902422,-0.036207205914293,0.02796560074672126
242,-0.03759761516467623,-0.03549708741155483,0.028420254182485487
243,-0.028710290849991993,-0.03765664314632693,0.026690786352473527
244,-0.019065676246192403,-0.03646236314231083,0.02312685725736558
245,-0.019740407798523527,-0.029975875597760715,0.019489558783454118
246,-0.03014537226766037,-0.02670712396503297,0.01778568885225583
247,-0.03633742496746319,-0.031546399217913856,0.01794326686507748
248,-0.034257974975520564,-0.03696432743024522,0.017031077347844606
249,-0.027349199018489992,-0.03569571839830435,0.014020268862815752
250,-0.021553547496872605,-0.028905269615958885,0.012164823270207473
251,-0.024795396362143132,-0.022999729157181438,0.012827115526383812
252,-0.03169484853540089,-0.02351669430171032,0.01273021217513394
253,-0.0318371233018554,-0.025890477622940798,0.010203770570712103
254,-0.027575791734368443,-0.026150807399054524,0.006471317979254508
255,-0.024746582858712216,-0.02532553657494148,0.002813554581812691
0,-0.023362806180500198,-0.022543967577666482,-0.0012486452984703245
1,-0.022822435512409492,-0.01968120487546285,-0.006055647545154197
2,-0.02195216481007166,-0.01979589539579403,-0.009380811501049122
3,-0.019062706393221017,-0.021171656881111472,-0.010464220660076545
4,-0.01481111361539568,-0.018697378834194138,-0.011200763944365623
5,-0.00924380361188383,-0.01259619005550185,-0.011654270611583792
6,-0.004759511182078048,-0.011967621884046934,-0.009266192488844652
7,-0.006168198979309383,-0.02031375981566855,-0.0036684060014820635
8,-0.00982172412364371,-0.02660001133497605,0.0022882404480028956
9,-0.008693917203455002,-0.0204965982283227,0.006473683153025017
10,-0.004367998854677514,-0.009107246624564039,0.008697395443824099
11,-0.001854402207973102,-0.005488199232135879,0.009684261614514134
12,-0.004236162451995658,-0.011130204200344551,0.009434851981159662
13,-0.010306064346575293,-0.017273719234553453,0.006565516018089981
14,-0.014828178391032953,-0.017233688249271052,0.001866467976940872
15,-0.015111825336192507,-0.013840937373373191,-0.0008024671687692636
16,-0.011865897444445328,-0.011595433997191464,0.0005617492692180925
17,-0.00794170832375457,-0.010175280412489749,0.004429347080956131
18,-0.002672602797295781,-0.007613429627296973,0.008942904762386433
19,0.002431043979548124,-0.006731496930013903,0.014692053589646842
20,-0.0002792395045411525,-0.012017950073175757,0.022294809400179916
21,-0.007973694438946334,-0.02019038986127701,0.029849439127756408
22,-0.01088187235102124,-0.022186785183525966,0.03570720626305271
23,-0.009060980530454288,-0.01684506839792204,0.039595107433291254
24,-0.009487536424936265,-0.012329254426696652,0.0422542079352832
25,-0.009906453365610461,-0.010136374262970971,0.04450184990797271
26,-0.0034178666473852898,-0.005208046023897881,0.0458421563000473
27,0.007541703010105386,0.0007067658301388516,0.04560752119896468
28,0.012873138590455774,0.0015638713671423873,0.04510378909340185
29,0.006413552047028828,-0.002035931625084546,0.0473816820351204
30,-0.0008739728839205624,-0.002951969156351337,0.0521588064328967
31,0.00003716715732984821,-0.00029323426141181913,0.05685113580362447
32,0.00031894621861122685,0.0007335821218563028,0.061186825411993356
33,-0.0042389400610837735,-0.0016609376482937897,0.06469754419240387
34,-0.0035917484303207015,-0.005311247466439729,0.06702899648100336
35,0.0016474877926876685,-0.007656992491674813,0.069337444682807
36,0.0005560158009728644,-0.008702189726765206,0.07270425255010429
37,-0.0012610938511003478,-0.008369264171727626,0.07673883064503526
38,0.0024399383004594377,-0.007453757874739113,0.07862880385827592
39,0.0035384513396625183,-0.008204298142572251,0.07634817594002175
40,0.001224218153149853,-0.009601956801827679,0.07212672547102217
41,0.003644501986944354,-0.00790143362738695,0.06975715290281775
42,0.009136994587535502,-0.0054085217580577116,0.06989777692394344
43,0.011922418869004109,-0.006814384149146705,0.07207129956315755
44,0.013029788065045705,-0.01013305943132228,0.07680264646981483
45,0.011765685017096753,-0.010482212783494071,0.082485530040809
46,0.0057446931447014404,-0.007013616329516671,0.0872939228060513
47,-0.0020569168759638073,-0.006578818437178072,0.0911037592284086
48,-0.006547967811786154,-0.008450261038874286,0.09321398939954875
49,-0.0064309592982061126,-0.004127636952996255,0.09367193518424169
50,-0.006334693939680502,0.0007507476283935832,0.09445428984874996
51,-0.00826924496868045,-0.004046039727801378,0.09736305628897379
52,-0.0077215170006098705,-0.014145502346356295,0.10095442566482105
53,-0.003516132215296293,-0.01956435506332775,0.10221004620506896
54,-0.0009256558985262647,-0.018395149916780436,0.10198752220854251
55,-0.0033765144297908667,-0.014188192114305345,0.10235325735020001
56,-0.004866489405270014,-0.011899566333817675,0.10116561557109904
57,0.0002649985692319834,-0.014175208587635393,0.09800773655496889
58,0.006385711844616351,-0.016336558529920803,0.09478946351991324
59,0.007443014316829602,-0.015194461723082975,0.089522495912675
60,0.004418663687929147,-0.01464813978042824,0.0823031411648632
61,0.0012926042645858837,-0.016517930661347675,0.07707288610953039
62,0.002434752343764085,-0.016826573734701714,0.0751139211411681
63,0.009083788650110253,-0.01125452486084056,0.07293139875906812
64,0.015943957976212016,-0.005257496454240482,0.06665652393252247
65,0.014482288606218509,-0.0047038750446455335,0.05737229017206666
66,0.005191931563623714,-0.002075229405477101,0.047479671718180225
67,-0.0038396202213849817,0.0034696160703714674,0.0383042100450357
68,-0.007494389110990235,0.0035271401298143656,0.03148409676916546
69,-0.005894558874554277,-0.0006441950607564279,0.02662595592168962
70,-0.0014722600375929734,-0.004163993573077271,0.022288741396110617
71,0.00645779742958625,-0.006161787942404309,0.01899935056549437
72,0.013409168379576779,-0.005246249588085838,0.017282907371605427
73,0.012827468961971672,0.0006736925021507204,0.01362429803353861
74,0.009933138906186016,0.00386749809063619,0.004461319124913252
75,0.006342785740244201,-0.0030714026528166974,-0.0073230035376384145
76,0.0013084703902639296,-0.009056597724115656,-0.017091702055793134
77,-0.0006511290932462634,-0.00781835126302692,-0.02450802554703442
78,-0.0030652083932266906,-0.007586473728836134,-0.031724058266454164
79,-0.006153411993333097,-0.01031932817744,-0.039474693739648486
80,-0.006923432283491331,-0.011392967639887414,-0.04623198933726996
81,-0.004879144295730834,-0.009395294743330479,-0.051333584659359305
82,0.0011739234328104267,-0.007588413239764825,-0.05485933641761265
83,0.005786808225303093,-0.009159581399747395,-0.05633973299544828
84,0.005448230919220559,-0.014693535221759334,-0.05642171889502398
85,0.0041218799874037995,-0.018889684450794322,-0.05473199150505087
86,0.003906419818018366,-0.01470680800590446,-0.05039120665773869
87,0.0015516160043308608,-0.002565336044053776,-0.045648624546099664
88,-0.0013582219819356228,0.005269293972961719,-0.04424788112837297
89,-0.0010115890014675208,0.00018886522976850617,-0.04599538850463902
90,-0.00006713391890027925,-0.008387884575739177,-0.04734222693558486
91,-0.00023443909832298465,-0.013561326100436227,-0.048010391466155794
92,-0.00005616214556784793,-0.015680574773342032,-0.04994821982487811
93,-0.00016971725933254134,-0.015042903284660597,-0.05319677936166381
94,-0.0032199420866784595,-0.012071048163252204,-0.05644280641778715
95,-0.007857290343406792,-0.010361410280463501,-0.059390919984774554
96,-0.008618288742621646,-0.013430247913325366,-0.06304135820327889
97,-0.006808833281747591,-0.017283800574358577,-0.06664105065348636
98,-0.007512076263548946,-0.018918277177820797,-0.06850533054868793
99,-0.008864773086320193,-0.016012188954053812,-0.06905657180361618
100,-0.006259368387948085,-0.007995777553839054,-0.07032489489193292
101,-0.0006251558134509477,-0.000044761764562500916,-0.07189640037882869
102,0.0034861003934547885,0.002021848124021744,-0.07073309590258153
103,0.005735850301412604,-0.0029821598303235164,-0.06658245482356986
104,0.0032842737686788054,-0.01120364583356838,-0.06069750884511704
105,-0.002616395755690837,-0.01943889194082022,-0.05381435967575193
106,-0.004986342085739226,-0.024250509076218257,-0.04822978116620941
107,-0.0029191457676737004,-0.020164909337389306,-0.04584792974437335
108,0.003914271134269398,-0.010298163929901516,-0.04627877359755864
109,0.010670333777201994,-0.006953375075605006,-0.047274570140680136
110,0.009433357860822653,-0.011153188437371842,-0.045463818818278434
111,-0.0011778041826338848,-0.014633947243594597,-0.03878616991612775
112,-0.014231757912545995,-0.01610579891058514,-0.02967997465975021
113,-0.017678653853845594,-0.013895403336021225,-0.023291038414991916
114,-0.013494422989287068,-0.008446309966780224,-0.022140769458111054
115,-0.013479449581879894,-0.007955660787899,-0.024648966592642346
116,-0.013412965869252166,-0.013488274777342463,-0.027087386057165944
117,-0.007498819261572998,-0.018874529253167127,-0.027198880808017953
118,-0.005527606182127252,-0.022226629826454763,-0.024936508226538263
119,-0.010579518515021653,-0.02667675469223124,-0.021775844831948353
120,-0.012376780493456599,-0.028196857072203596,-0.02051890869095136
121,-0.007828834786574645,-0.018531777624641366,-0.021575413965998498
122,-0.0025589980143631424,-0.0048625669599319625,-0.02215541587925822
123,0.0014557148060797276,0.0025127977900519446,-0.019429032499744342
124,0.0036927099244774345,0.0019305864497149265,-0.01410990079696764
125,0.003014186318309107,-0.004331561180863794,-0.008770056720826841
126,0.001588129559385254,-0.007142984779705881,-0.004213048346650941
127,0.0004840966226595869,-0.004815214479219988,-0.0008976910923497519
128,0.0015234200632471412,-0.004103740182439822,0.0016038039451164096
129,0.004401792058847588,-0.003247335054830179,0.0026283759902530138
130,0.004652651026459311,0.0009353293666977958,0.0010911411265886184
131,0.006347313776746223,0.003905176709194408,-0.0006949766790552703
132,0.01104804579528626,0.00041880302806972247,-0.00004192442129781135
133,0.008225290935572824,-0.007311710948450387,0.0022446375905958438
134,-0.0012254527366331522,-0.01086103686720169,0.001719011454132717
135,-0.0054368636749746665,-0.0027266686360208348,-0.004447415683580716
136,-0.000384175456902211,0.010636010032463526,-0.01398071002765263
137,0.008959291087965185,0.015264659083621714,-0.02200116787697019
138,0.00805208975795351,0.007934819016690152,-0.02568413292295112
139,-0.0028634426781890543,-0.005680540519234216,-0.02598752969108602
140,-0.0058537596637114955,-0.014393720447708902,-0.025393030878377645
141,0.001949796404629306,-0.010180176601059989,-0.02501610374102796
142,0.010079313233950088,0.0017977035197557882,-0.023413874102861915
143,0.00960676140756727,0.007406479571951701,-0.01999806497285564
144,0.0010952052361866797,0.002443300869019817,-0.01672778871073155
145,-0.006201496282022448,-0.005946919673447928,-0.013887885812596937
146,-0.005791724903434339,-0.012349837726759053,-0.009994032621161102
147,0.0007135031597972283,-0.011224297548076993,-0.005348209613577758
148,0.007658986133974144,-0.0033128380528945588,-0.0010669629341720083
149,0.0103691443207976,0.004995208154694744,0.0008933920453479127
150,0.00622293027427033,0.006460700299245704,-0.0009387132409667542
151,-0.0031124783807251408,-0.0034031675244313928,-0.004800256618561417
152,-0.012144873695394947,-0.013881576652943158,-0.009422996609710872
153,-0.014336127339775358,-0.013570184112764835,-0.015705959800665373
154,-0.00934857345937299,-0.007017705744044325,-0.02419248287432342
155,-0.0034036788382840466,-0.00016104587928165992,-0.032862835125169215
156,0.00263359229713956,0.007855370480839386,-0.03772101895923445
157,0.007475162245023027,0.013468486822359647,-0.037725170869952473
158,0.00644663161881609,0.011421740950822823,-0.0341127227845118
159,0.001139644454027651,0.003963021823209033,-0.030193252817686936
160,-0.0051804261631106865,-0.0040253718157492804,-0.031122867414265037
161,-0.010583815370226131,-0.011544675081632566,-0.03548832701922684
162,-0.00968765251474641,-0.014271516078605481,-0.03837505523777952
163,-0.0030222519199475384,-0.00771792079869571,-0.03977979189391201
164,0.0014419001815057578,-0.0013410068007470716,-0.041811617768811316
165,-0.002625938786617533,-0.004529500916118007,-0.04488488228894699
166,-0.012224069781165706,-0.011261903174590707,-0.04841631180943651
167,-0.014506702638300235,-0.007792379339361652,-0.05194154299855336
168,-0.006616012751848817,0.0028704036380180625,-0.05458795922545742
169,0.004355343745934749,0.004731118365574147,-0.05679045352155357
170,0.010568153759710541,-0.001974564228233139,-0.06003185639512504
171,0.005792346398300403,-0.006556254275198736,-0.0634631929444664
172,-0.00565045485315277,-0.007630551144076361,-0.0648030411863913
173,-0.012659627658481692,-0.00922584700878222,-0.06295116424812036
174,-0.012543852074098888,-0.010755616318892422,-0.06039724681732525
175,-0.008375462737072265,-0.008170644752325068,-0.06129982857184477
176,-0.00017502062314708744,-0.004697873072477682,-0.06536932566670245
177,0.002908881121068435,-0.008736030317109567,-0.06932364557986098
178,-0.002078194280779988,-0.01452379105972916,-0.07252316397504371
179,-0.0026556318083746366,-0.013640325429481945,-0.07614599179504264
180,0.0026626015676936288,-0.008070084676512254,-0.07914140296568464
181,0.0044656990956128614,-0.000977819974812305,-0.07962820671886905
182,-0.002131030349165647,0.002768593570373429,-0.0782111964401293
183,-0.012338119413877358,-0.00046493423696357394,-0.07643224631118589
184,-0.014789621135722048,-0.005273980432858108,-0.0741931989499672
185,-0.004952963172145303,-0.0036089715436540062,-0.07194760513420823
186,0.003926145720109034,0.0005082668579396293,-0.0715722074413788
187,0.0014580478469166103,-0.001332532792940877,-0.07125096635574066
188,-0.005638706697782464,-0.006319607474834649,-0.06883639717300649
189,-0.007789161869118488,-0.007404288986526522,-0.06816868386596539
190,-0.0069108120455764754,-0.006618602681620019,-0.07251568636657824
191,-0.009026831862494242,-0.008018843113489313,-0.07952809470536795
192,-0.009002016767588633,-0.007148362483755388,-0.08576070358118004
193,-0.0047668046029198385,-0.005100347486084338,-0.08944582078799054
194,-0.003793298735905601,-0.007199632137474654,-0.09062123152820947
195,-0.006419925934096363,-0.009217143428658037,-0.09027518415043723
196,-0.006436419978472774,-0.007753007358310318,-0.08979314553368672
197,-0.003766383835288184,-0.008408351188904803,-0.08976849256983771
198,-0.00464217707369638,-0.013803903214409066,-0.08931163643589066
199,-0.013091173608352269,-0.019992394905177714,-0.08838792284908006
200,-0.022937833289656165,-0.024354382496019608,-0.08751248885658092
201,-0.02001660208808008,-0.021885470461453588,-0.08688520722111406
202,-0.0035498524651862845,-0.008483261087548499,-0.08570361862328266
203,0.006928963140222302,0.004487704422716003,-0.08233064882364763
204,0.005104936790578503,0.004146036227614364,-0.07735865628481808
205,0.0043693266727597505,-0.0013122606190971858,-0.07401099331950561
206,0.005797310761883417,-0.0028559441143717335,-0.0727571406955703
207,0.0027896421057441723,-0.004161318589565109,-0.07092323247338614
208,-0.0015617388862303669,-0.007507369442286381,-0.0681496212070076
209,-0.004191900178785957,-0.006547313071657596,-0.06621267357811228
210,-0.006633615329067699,0.0003006897667642977,-0.06626924109502355
211,-0.008718813632056732,0.0036459821395133166,-0.0683882456509399
212,-0.010767257421297319,0.000358030795495734,-0.0710347461642038
213,-0.01257952295373653,-0.005645250954669431,-0.07133656520018566
214,-0.007180143467904701,-0.004783299086865436,-0.06761668929097953
215,0.0009144760108124733,0.005009985024353528,-0.061838074592973274
216,-0.0003821301970013957,0.010606362529823013,-0.057542096427072004
217,-0.004795892886665654,0.00733780604712253,-0.054352375748826065
218,-0.003452155608246528,0.004947533125730541,-0.04827449096095768
219,-0.0005023829745478547,0.005637681703095143,-0.03851109352135386
220,-0.000691507215111728,0.004130816648299493,-0.030215634273211785
221,-0.002125871271772134,0.003952218376165023,-0.026672714312018612
222,-0.003851393448178475,0.007685658484128659,-0.026028391702109924
223,-0.004062944973551308,0.010464941166962227,-0.02583502733623433
224,-0.0020519964626694656,0.006470619012215947,-0.023431974806092146
225,-0.004999695147187996,-0.002211735747575952,-0.018822847257034397
226,-0.012857823060106466,-0.0061316812466665205,-0.01529625131460545
227,-0.018140754951125104,-0.009387611831062993,-0.013626260710532329
228,-0.02068693066580176,-0.02096066235254819,-0.012000635054179393
229,-0.020897496910604996,-0.026360648704952187,-0.010205652572624846
230,-0.016931463982975674,-0.01592532575807539,-0.00710876288087095
231,-0.012844723301233076,-0.005122089906948551,-0.00039122911137765004
232,-0.013463932950426707,-0.0034845853797508958,0.008056040453640584
233,-0.016597012577917677,-0.009897534594727225,0.014031964388171864
234,-0.012758924553318368,-0.01746794021475974,0.015405511391158144
235,-0.001986226956553469,-0.016212099298016924,0.015093152672321574
236,0.0018522413264671772,-0.009702195917139,0.01764820464668833
237,-0.005101313315303058,-0.00566804173823162,0.022717471370666726
238,-0.013693585617635243,-0.00566254179886138,0.026908335329725006
239,-0.012608840209557319,-0.008990968290011461,0.028705817296641616
240,-0.006199686076138786,-0.012167349208954917,0.030261929168531806
241,-0.0059699491831410045,-0.011993738968850247,0.03345917474699367
242,-0.0041743290646056724,-0.007257952405165552,0.03702205212982243
243,0.005690830652556864,-0.0012254734691173746,0.038789497477035306
244,0.012458757161538617,0.0012652526377022744,0.03784134448818384
245,0.006095956730809843,-0.002552550029878753,0.03589985616656133
246,-0.008377858946233982,-0.014209950739414043,0.035428802564376374
247,-0.01907089181037183,-0.025351052542866,0.036922204775400536
248,-0.01928525882667323,-0.02268615274178061,0.0375455804296151
249,-0.01132614726653941,-0.0047879816580489246,0.033273473220734734
250,-0.004196110331645117,0.01391029764136889,0.02634453438176515
251,0.0029931944836301544,0.018221495745915667,0.023697520055194057
252,0.015817865420395982,0.01220185630208906,0.026853619530228273
253,0.02165599090249315,0.005819932634903033,0.03130335000222814
254,0.01294332319844968,0.001560743664704517,0.03322088916477218
255,0.002101860957491153,-0.0019611978903879,0.03153199719575554
0,-0.0019358171019409481,-0.006743220868416111,0.02617291428418554
1,0.0001918864128878095,-0.005911922851891349,0.01703803029482827
2,0.004326554773213059,0.006402041520623486,0.0059893705627173804
3,0.007203195631047571,0.018781754620851063,-0.0023824437212434657
4,0.005487272216115058,0.020283230870300956,-0.005968989598410093
5,-0.000649978700946463,0.016832702942631145,-0.006635828545342781
6,-0.0032006914021411037,0.00982534238085861,-0.005884962030649213
7,0.0013908027887903351,0.0010307042780461628,-0.002524571043029611
8,0.009372930475368246,0.002607591380663493,0.002755356181683849
9,0.01407077331203832,0.008544565792886788,0.004787871850596523
10,0.010769507602176098,0.005458519082570168,0.0007663616418049496
11,0.005141035662376198,-0.0010375073618714287,-0.003889709094950261
12,0.004297433953980967,-0.0027304122875270176,-0.0014354109420144229
13,0.007153219765596797,-0.003306069211956586,0.005827674854788675
14,0.015351926003607227,-0.003677258599355665,0.010743428565291549
15,0.027104296366255817,-0.0003246600122629173,0.01353207878709737
16,0.03147595587996907,0.006468805939265826,0.01585865436942848
17,0.02764988533374159,0.0162443896630185,0.015571680214143693
18,0.01830755964484583,0.022266576756123785,0.01254421274951912
19,0.004440346515741461,0.017160258325907174,0.007993504399265876
20,-0.002095703041975261,0.007440018926114511,0.0035962899812315152
21,-0.0005400179266822902,0.0017236682749544041,0.0023345381271319132
22,-0.0006440773458673554,0.0015385621239072111,0.0029138619744412814
23,0.0009682712914715341,0.006538445194837372,0.002395387677429195
24,-0.0009084098318648259,0.008627884763065113,0.0019409572645675693
25,-0.009360552654569254,-0.00015203736469240892,0.002992278104998261
26,-0.011706416988063295,-0.009548354584476088,0.0056732104182297405
27,-0.010447016631712658,-0.010502310979131124,0.010590580617608383
28,-0.01457266278212796,-0.011000319606777609,0.018281911298609885
29,-0.015925284386987926,-0.009458178506455306,0.02929758041812139
30,-0.00704609551871796,-0.00047620553009677935,0.04332420184001407
31,0.004183869938512913,0.006211657811614646,0.05800807436537522
32,0.009982437305559616,0.007050162191531095,0.07109257325094898
33,0.007279231873456984,0.004429736038700505,0.0811542463344464
34,-0.0007786911802718718,-0.0014683813926496675,0.08795308777559901
35,-0.010398176832881523,-0.009381994499073815,0.09258680374148959
36,-0.020797809409163204,-0.01910518451186309,0.09379172198589181
37,-0.020703507403210766,-0.021505453973511578,0.08967625346294003
38,-0.007413784447694763,-0.011089597184534325,0.08102991423729594
39,0.0033940245933919005,-0.00040063246177420714,0.06700921030728976
40,0.002762110637093425,-0.0009368555211481527,0.04630354884734689
41,-0.004183106745156706,-0.009873054765916323,0.0230348688609123
42,-0.0048141438300108585,-0.014192399916963118,0.0024404397064063665
43,0.004562902048501093,-0.008066656640096398,-0.014033290582781369
44,0.011757694917097432,0.0005565355632059232,-0.02538880427940321
45,0.009315357819734929,0.0028768750280103034,-0.03026493484250753
46,0.002448094817843992,0.000041016340702609844,-0.02944479297983299
47,-0.0009227367585656829,-0.0013937889535456244,-0.024794044982936442
48,0.0013450933146397538,-0.0022004436596083157,-0.018521926253482396
49,0.0059471698050058,-0.003286260974919769,-0.013338861408797364
50,0.004543229153259151,-0.0030053344544410943,-0.010108180625381213
51,-0.003363609406386789,-0.0037101907073412432,-0.007097801750002131
52,-0.0026958398213814683,-0.00445554782349511,-0.0030866896036502445
53,0.008656326186580871,-0.0008815300459541348,0.0035621435108032784
54,0.01575753476548275,0.0030761836849235308,0.014115784905561951
55,0.012658681353331633,-0.0019880612847111845,0.021727310280175535
56,0.005852741177713235,-0.015810939142572936,0.01865307787473343
57,-0.0017573466196119936,-0.02698415787635436,0.008510809508016873
58,-0.007416461049679125,-0.02587205503229017,-0.0009735459741117142
59,-0.005078946725759252,-0.01846710881146714,-0.005936506917511922
60,0.0009466739722869197,-0.013369048732815095,-0.005343530569911548
61,0.003060153255652863,-0.009925687020722627,-0.00032338215183208563
62,0.0004627223164341901,-0.009433956415441924,0.0067280567049128465
63,-0.0028986026406969886,-0.01344393518013666,0.012928658183034618
64,-0.0004981509425350944,-0.019367353069695725,0.01658930502572878
65,0.004291085567905126,-0.022447712313104266,0.018992094026233253
66,0.0010879864336673442,-0.020079806984239914,0.022403226178091873
67,-0.009237883691864263,-0.01845677766238772,0.027168549875885108
68,-0.018072040957737553,-0.019893585574789777,0.03270912258998545
69,-0.017853330348081488,-0.0188257132567496,0.03968249262600494
70,-0.008835610355915034,-0.015414641097594335,0.048034353041608024
71,-0.0004549535023937179,-0.011954832069299953,0.05457286009409559
72,-0.0034487594000093685,-0.011120220745583775,0.05699877721522237
73,-0.014280316115906022,-0.016182327397598117,0.05621280529838174
74,-0.018588316126090368,-0.021897037032388725,0.05272042504453453
75,-0.016166133124315474,-0.020737419417947392,0.048049382873411345
76,-0.011518934085546646,-0.014517216702335673,0.04519279756864056
77,-0.006950843176683999,-0.008676257099247166,0.04491226581400849
78,-0.010430666658783186,-0.006052232952954694,0.045456341665261094
79,-0.019903572819140958,-0.007997720002565142,0.04598843299364691
80,-0.023709855078321178,-0.01531399216052954,0.04743164702838701
81,-0.02089062028672506,-0.02229692379299547,0.04954975685298907
82,-0.01822123743294353,-0.02005263207018665,0.05164810134539494
83,-0.013309426186596918,-0.01197954594211642,0.05331877761583406
84,-0.005472411367188262,-0.009047312534795723,0.053614700101882795
85,-0.004755345357995433,-0.010875470630213865,0.05296526212244268
86,-0.008476510820200213,-0.01186874445732311,0.05420685172248964
87,-0.0052067717524059975,-0.013877686865565526,0.05749028031071193
88,0.0019835072571208617,-0.016130859694095938,0.061118515513582786
89,0.0041455279689203706,-0.01436586693162965,0.06438918212292566
90,0.0024871174993744555,-0.010078146713634252,0.0646449043175007
91,0.0019996846041154606,-0.00925664317059072,0.06213818572522167
92,0.0003879597716267419,-0.014628400742394618,0.059787923638312535
93,-0.0031601618488084765,-0.02070996988609522,0.05654923125512154
94,-0.003572139759206089,-0.02123949538482764,0.04995670637756497
95,-0.00194079782476482,-0.01807563531031328,0.04159057932839283
96,-0.0040075735769836696,-0.01418313777723755,0.03598127764431153
97,-0.008781550208737839,-0.01018160602174362,0.033573810519390006
98,-0.010773439993161403,-0.00791099700649847,0.0314879952738769
99,-0.008016788281816345,-0.005571845181294954,0.029740954355201014
100,-0.00251285043618292,-0.003277212729040099,0.028384506026266666
101,0.0018138618965844525,-0.004448650166526369,0.027185077242452657
102,0.003909663095387497,-0.004418687088834588,0.027897938505897724
103,0.0058298735845151994,0.001653689758342295,0.029377977945777956
104,0.007305525079340111,0.00921941318493135,0.02819776697406426
105,0.007584207668571166,0.013103565894694424,0.02279638729073835
106,0.003954902705701084,0.011734978842044417,0.01176542672138911
107,-0.0003594295619796517,0.00807664097334149,-0.003478328869007001
108,0.0034466973287297503,0.0067295932423538166,-0.017365157419755244
109,0.013661032738134002,0.00951374210808957,-0.028333528930633366
110,0.020761619380382335,0.016123448470092228,-0.038356049821358665
111,0.01834460526023384,0.02145170264816547,-0.04689050310273238
112,0.011410393140238805,0.019721345770965768,-0.052456420488824845
113,0.009069374525679366,0.01278803014690485,-0.05555968620098162
114,0.00959632528638326,0.009120013806851155,-0.05749865135604121
115,0.005976406958516811,0.009136305294675497,-0.05951371833080221
116,0.0023870913554125683,0.010345431550549213,-0.06183896752541032
117,0.00364200471867486,0.013538929351517334,-0.0627039514933466
118,0.004516008442227354,0.010916902749498462,-0.06065859675698551
119,0.004418100765435459,0.004406937516466543,-0.05670974222710415
120,0.006283378704624365,0.005084700077558631,-0.05362892561204005
121,0.008395838178632167,0.007821141199194637,-0.05343922942888757
122,0.006745428477098282,0.004376130354102951,-0.05545313982506114
123,0.001159642229258677,-0.0025329551251313774,-0.05704200423434949
124,-0.004051075694830368,-0.008960935003617141,-0.05768254431668668
125,-0.005660229118156258,-0.013626415330170477,-0.05882125190165641
126,-0.001494454262622083,-0.015651433885863264,-0.05976359992429875
127,0.006211952958896982,-0.014803988674687317,-0.05755660262084336
128,0.009416649140642556,-0.01166943171580917,-0.05133033840006404
129,0.00663101649953661,-0.009133947606654307,-0.04312060299300946
130,0.006548772381438396,-0.006120142424657936,-0.03654671244625746
131,0.01193576588865524,0.0008637910510677707,-0.03297634161651131
132,0.016352088252590262,0.006313791701892425,-0.02861947041686244
133,0.01406437086671248,0.0022338332105639805,-0.022624653541507517
134,0.003171248216133446,-0.010042599646328913,-0.01795028911164183
135,-0.003110125880834397,-0.016982279729646554,-0.01440971879597953
136,0.00517970932424737,-0.013180030981288789,-0.01292493105178565
137,0.011814250525093418,-0.007366299960191065,-0.017842453543799847
138,0.007654271353455894,-0.003943677857069089,-0.02673850423179641
139,0.0009872927644958562,-0.005519830009225846,-0.03212261788693699
140,-0.0031849673808702905,-0.012472033342217553,-0.03250334467250357
141,-0.007423174496650475,-0.017914236723261548,-0.03032439862676417
142,-0.009893315311684477,-0.015752008272139253,-0.02643335146793263
143,-0.008322261711329097,-0.009724902713061229,-0.020663936026346516
144,-0.010802571608853628,-0.0059033540135673135,-0.013046326472117148
145,-0.014187096919969285,-0.005648328717268072,-0.00429303943044386
146,-0.011898421183502986,-0.00900489655229254,0.004282966034313704
147,-0.007178388065306008,-0.008480173557005172,0.012540980879811682
148,-0.0026898993587744224,-0.002608773609448077,0.023819437459647985
149,0.0000476018883936169,-0.0030879062885876968,0.040416096334440973
150,0.0005952660181668123,-0.007813448889949517,0.05701791571741738
151,0.0022136298082673367,-0.003856424991337558,0.06930539314960728
152,0.007132916375680878,0.005428182302029794,0.07881410790282703
153,0.010158962435624058,0.007378696011117517,0.08683874010788636
154,0.009223275508436823,0.0010173013528248787,0.09349633297873167
155,0.006808107011020442,-0.003650023899960872,0.09828867310611134
156,0.004333262575483082,0.00019237195014308595,0.10168525700754988
157,0.004540032796708643,0.005186507123941628,0.10574236441269708
158,0.007570503734972492,0.004762635693558968,0.11106191936845766
159,0.011674905263117916,0.0032673175019109282,0.11645313076600056
160,0.017133351581536532,0.0035249266606190016,0.12122560875154093
161,0.02003544246380068,0.0010507701575749318,0.12526597823236185
162,0.016100148889717225,-0.003749287746752164,0.1283972278889472
163,0.013630925105771435,-0.0013567376484615173,0.13072053880942935
164,0.021497767563776804,0.006288764653702719,0.13366413995640902
165,0.03345594283422093,0.00958068489196294,0.13683523739069664
166,0.037670701010270674,0.005090977225579586,0.13691097112692158
167,0.032926947921017025,-0.0008870566919119138,0.1319188790902594
168,0.026815216367484587,-0.0031901110302056113,0.12201917602971263
169,0.02076425394273202,-0.007835187378281532,0.10884663465601252
170,0.015416749947620337,-0.011196716069135103,0.0943372769834212
171,0.01405184887250661,-0.006344276845297425,0.08050284022698379
172,0.013546070643964167,0.0022607596764199905,0.07042072381664197
173,0.011003627968311336,0.0065783460914903835,0.06367137784933499
174,0.008220217806328145,0.006439905318706626,0.05565807745094317
175,0.005569587628953009,0.004345743190810429,0.04545336300489872
176,-0.00028928320983014066,-0.0015383172634803322,0.03504135534138966
177,-0.008156047011464572,-0.005827524675076398,0.023424522565615946
178,-0.013164554897771717,-0.005959890780407144,0.009079076840954298
179,-0.014309454940809055,-0.0028719779840807036,-0.00572299233971188
180,-0.01575998561708855,-0.0003173500603953633,-0.017768077572538676
181,-0.021767584870382245,-0.00549359358612303,-0.027371639007933463
182,-0.025985449781051745,-0.012244284111795511,-0.03549423836405266
183,-0.022948002291734687,-0.013518288810500344,-0.04024692067918409
184,-0.015741910580904885,-0.011213946542023734,-0.041270533435173895
185,-0.009734078387684093,-0.00564885301965086,-0.04033787287716939
186,-0.0114551523091478,-0.001584783426577259,-0.037818523690667696
187,-0.018456642418188167,-0.004333437525337928,-0.034035481619753866
188,-0.021147373918866685,-0.009222709333724648,-0.029492358776088405
189,-0.015248687571954807,-0.008774260644737804,-0.02516303418307305
190,-0.003541055586752155,-0.002899097485486349,-0.02247772831254818
191,0.003310495055897436,-0.002093625605741972,-0.019932890302147475
192,-0.0029203359690892217,-0.009730247781535264,-0.01467972822145465
193,-0.01213339870825974,-0.01762312373364315,-0.009845809311545828
194,-0.011521927546711885,-0.016618258132930736,-0.009598529997001351
195,-0.00691541915557177,-0.0053837879537659596,-0.011217915751206287
196,-0.004154714887568078,0.004776788941381229,-0.012162867400432119
197,-0.0005293275207604725,0.006511555981620891,-0.013561785380837944
198,0.0017482785179633378,0.0036109109729049425,-0.016062850921281083
199,0.001642395454425391,0.004163166113394599,-0.018709280423212613
200,-0.0010610325579534577,0.008633832740483887,-0.020057842859996185
201,-0.011017836269686741,0.0030944455111504704,-0.020577199931979706
202,-0.02464221540804295,-0.011007402953493891,-0.022151554531397485
203,-0.02801037916933167,-0.009988973840044501,-0.02394264440399302
204,-0.01972290624274899,0.007623012488991405,-0.02388418061136008
205,-0.013750591930424869,0.0183282219548285,-0.02193331913822165
206,-0.015189461978049629,0.011570203546433455,-0.0180299477027697
207,-0.01701643377611775,0.0015896460420731437,-0.011161967830247047
208,-0.013592635421854876,0.002315442858537041,-0.00015257734655434868
209,-0.004653298397159333,0.006380068828207297,0.011828288426614098
210,0.006137069415685079,0.006235537808756797,0.018333605322250042
211,0.012012230778124064,0.003355175495984422,0.019529011009736044
212,0.009343800063282968,-0.0023710830088284063,0.020166587908126504
213,0.005212627343171655,-0.00543716484651223,0.022262170960613073
214,0.007844649891308078,-0.0024190245222888776,0.024556521427338038
215,0.013462339858579739,0.0029257388121076283,0.025267490714518656
216,0.013397302543517425,0.0061912399181116295,0.025437714417244392
217,0.007097006116562325,0.005214799259319718,0.026290818021929327
218,0.00223797743403243,0.0015943216098607826,0.02616047508965033
219,0.003801460768674589,-0.0041444537128117395,0.024545885095491618
220,0.00382899489012338,-0.010340525049542693,0.024741397115934108
221,-0.004245120348288424,-0.013076637469445054,0.02853427179654014
222,-0.006295022847616717,-0.01031454991001246,0.03375905075768574
223,0.0044810510361715725,-0.0067538720366031035,0.03749874153556014
224,0.01195087137239325,-0.005341944932056544,0.03877177233173309
225,0.014293343621174582,0.00008655072738170122,0.04039242188453228
226,0.019586418584026793,0.008066680332057291,0.045619678094625
227,0.018571282531362844,0.0061791399995810015,0.054066175991085985
228,0.009343620725137773,-0.0027296764833044107,0.06220902596138558
229,0.007247930957338569,-0.002562357752097455,0.06683529545100178
230,0.014161209567287246,0.006407034211593332,0.06821685452681558
231,0.020432537673030715,0.015061699405149231,0.06856809436239175
232,0.021241540055559907,0.018013104778580327,0.06941506254196156
233,0.014138717156852512,0.008620012043102102,0.07105594217975916
234,0.00033428365690114925,-0.011789246505958667,0.07327603380039838
235,-0.010052666516150638,-0.027391202050304847,0.0762377242857353
236,-0.0042834372267435,-0.02609869804397305,0.08074088564440918
237,0.00915376169484304,-0.016816408403329694,0.08582626281745745
238,0.011018683454826095,-0.01505283701440882,0.0882342916618929
239,0.0016246476315828831,-0.020756295593622263,0.08765519229140462
240,-0.004796103367528171,-0.023500299928130866,0.08707231464075599
241,-0.0014156797243387378,-0.01958471092953662,0.08796409525663085
242,0.001983014009504923,-0.012212038280384415,0.0893932386751213
243,-0.00197373744006063,-0.00891521287910816,0.08920900114116162
244,-0.007427790241463721,-0.013117929550609551,0.08566904292186628
245,-0.009545284864446973,-0.01608755429387597,0.07999034499091659
246,-0.007244727348543378,-0.014979221818504931,0.07449824312884382
247,-0.0013166965218739807,-0.015026594431184002,0.0702966759435838
248,0.0036835841779329914,-0.0142096424849102,0.06851840237110848
249,0.005351680877216908,-0.009732378649085396,0.06839004224523815
250,0.00374044970558636,-0.005932016967390368,0.06628649860699781
251,-0.0006362531497601798,-0.008314672292792983,0.06132434208168605
252,-0.0027207371435889055,-0.013912009140459668,0.05811325173550544
253,0.00007454047254128182,-0.015107557914011046,0.05817315778233023
254,0.0014137706292919189,-0.01311805470917405,0.05651463209455851
255,-0.0024074671104074227,-0.015409804903604635,0.05156467344106627
0,-0.006591689989703428,-0.020706031648193124,0.04746116948820492
1,-0.007741580268492726,-0.021051987659209806,0.04585896250229515
2,-0.008618309523224052,-0.016170871919846952,0.04455863936686141
3,-0.00831394557505935,-0.010261468988595819,0.04316695566746685
4,-0.004512517881566383,-0.005269154847457477,0.040650031696650185
5,-0.0027790178626183465,-0.004056298114011189,0.03447249156738999
6,-0.002862423884100504,-0.006269133861714661,0.027617106580718004
7,-0.00025692715840344715,-0.005954719131993219,0.024492022175333306
8,0.002418304836043758,-0.0030247551639368195,0.023168195493059568
9,0.001459849929659418,-0.002745891350122834,0.01816962908349745
10,-0.000969584390808062,-0.004984970245802273,0.008907529941860406
11,-0.004740811780509099,-0.007765041029320716,0.0004665752211514308
12,-0.012182290543550633,-0.010330664321546945,-0.004063780456744437
13,-0.014662143031081196,-0.009985516083596727,-0.005842260868163262
14,-0.007838465124095972,-0.004790658031771547,-0.006418747104013297
15,0.0017444871495975248,0.002666501498941251,-0.005943187320238484
16,0.007113422038771203,0.006565516090942716,-0.006458543670667512
17,0.005320732170248754,0.004817291012689462,-0.010568915703180408
18,0.0018735992445708394,0.0020488478089258078,-0.016543276544223027
19,0.0048290268315405865,0.004063199930222541,-0.021147920520131855
20,0.013176580577918394,0.006715638762271714,-0.022815384610613484
21,0.017738847380781478,0.004778680911121477,-0.021223962830426702
22,0.01376873493327238,0.0014460849687072744,-0.01808923462020716
23,0.0026122141366191863,-0.004117455970384272,-0.016741718419691395
24,-0.005506391276107643,-0.008858140920460916,-0.019574343254557036
25,0.0022606537824908027,-0.003867293716698611,-0.025462492577540213
26,0.018266639858502715,0.006941257139992843,-0.03071492231562588
27,0.026258130103192896,0.015091102126343216,-0.03188144173685166
28,0.02741759215383384,0.020419885313861512,-0.028218895524452836
29,0.02659656445179237,0.019070728020726846,-0.021983692311843175
30,0.022569345057092363,0.008677667803132907,-0.017461124255828242
31,0.018154102854122167,0.0012471381709736884,-0.017874615383100145
32,0.01901275426190356,0.005134762040482618,-0.020757993560168775
33,0.02471431367758785,0.01492625923891857,-0.02052019952608216
34,0.026689223454359333,0.02024340192840958,-0.015567947079823945
35,0.020938958053042897,0.014885972443452897,-0.009679494993368884
36,0.014971449581780576,0.006966357749882107,-0.006721493552544866
37,0.014566441964934198,0.0013929458040849302,-0.007798246892094813
38,0.01666820627308617,-0.005434113961582193,-0.010512395077200988
39,0.015017689659404365,-0.010336603863352625,-0.010843108628293767
40,0.00874630596173634,-0.012223808605829917,-0.008673078230454103
41,0.0035849646378046524,-0.013469229480100736,-0.007396990892699084
42,0.0011986834721624262,-0.01319533097893126,-0.008726585691009626
43,0.001709025459093745,-0.007951152847595913,-0.009828858103931679
44,0.0029719230276794573,-0.00021733655401440233,-0.0066306784409313965
45,0.0010436278802185145,-0.0005137369607704501,0.001333597089714575
46,0.00036086916283825654,-0.007533967898857449,0.011563376148355807
47,0.003177770947527511,-0.009068441727599089,0.019083471554710865
48,0.007083002238414952,-0.004104605013061542,0.02174351623282398
49,0.009279938727208517,0.0004002763087878336,0.02318389295276077
50,0.005432337890612621,-0.002301163732205541,0.0255398614525474
51,-0.0018684299955677858,-0.011166786582442814,0.02906867735601905
52,-0.00670129616788441,-0.014927650906012238,0.034254329630453925
53,-0.006418398407623253,-0.008968254034021197,0.03834487106240496
54,-0.003156253448390975,-0.0006728371524531984,0.0378355191355088
55,-0.004797792286694774,-0.0028668558567821745,0.03387027870083749
56,-0.011960636593869589,-0.014596353612278457,0.029813961123828753
57,-0.011424333221851019,-0.01654230373421224,0.02785820554122248
58,-0.0039624031237983776,-0.008831250002330995,0.02891737389588847
59,-0.004466999671471933,-0.008982945365994713,0.032073247797355056
60,-0.006676478650367024,-0.01569444227510519,0.03394646232052673
61,-0.00033849235800061106,-0.015073362178191996,0.031587749457672246
62,0.008070343749256623,-0.005152483400390442,0.026829448740121692
63,0.010368520478075224,-0.0022475005224699696,0.022949375344447673
64,0.005261430426127554,-0.014153567591971256,0.019828236262062794
65,-0.0004953227067328383,-0.027006732771861747,0.018720547401760004
66,-0.003885888465115228,-0.03195971137694245,0.021638506049469618
67,-0.008738765899581384,-0.03079779898975701,0.025613361708125927
68,-0.011563908811201958,-0.024594312605896534,0.028364839221241236
69,-0.007805274712781186,-0.015103431875798531,0.03180723571684163
70,0.00023361705779413947,-0.004614966188195756,0.035826303365380494
71,0.006104006039025793,0.002789154878903563,0.03814875128898604
72,0.0029728798568176354,0.00025609940126283814,0.039635036612561125
73,-0.0033576118247047072,-0.009876904242972696,0.041578773058538965
74,-0.0009055397564580632,-0.01501798926463506,0.04236928609946686
75,0.009877420170924533,-0.01000132575414453,0.0420636497773034
76,0.016854300731343752,-0.0037271745299145963,0.04430367970474772
77,0.011863760739413438,-0.003209171467175068,0.04884311810218313
78,0.0016434775918833877,-0.006070453640224267,0.051885813799191494
79,-0.0030651480796180103,-0.008584179194034465,0.05441912515149962
80,-0.002459882436820063,-0.009033468468542088,0.058186515089669766
81,0.0015893747550618925,-0.0077559506056046855,0.061341055741091666
82,0.008757484930632258,-0.0040409872034276595,0.06377353440599959
83,0.01344894032644224,0.00042786551745432194,0.06722330265053533
84,0.012994282495512783,0.004265460739240043,0.0712269434182185
85,0.004600374426249623,0.006682712051746885,0.0756622678359615
86,-0.008177347040542252,0.004565658773275069,0.08198908861953266
87,-0.012154497150707773,0.00046717861740751265,0.08969180118395992
88,-0.006620952614307285,-0.00018520157284911132,0.09641647733028363
89,-0.0008290766154320645,0.005030784494623838,0.10082183711230808
90,-0.0012105921339064206,0.012828756069457624,0.10258933917032573
91,-0.009460729792242675,0.014011489347017757,0.10260735438290386
92,-0.01719972296738676,0.006628583351433924,0.10274310281985793
93,-0.01693690722363484,-0.002790253310812209,0.10360916750349752
94,-0.010617407182143303,-0.00768491387696916,0.1052624043913159
95,-0.0026325124504264913,-0.003931809870038371,0.10831141283130014
96,-0.0006518166046452015,0.0016209952142814815,0.1122600874828176
97,-0.007938108624185765,0.001700449568973101,0.11411117266851034
98,-0.017025043842130095,-0.0013392599071457949,0.11142790495928209
99,-0.01843661150872187,-0.005633401437692276,0.10599059596264471
100,-0.013292778204409071,-0.00871198806495867,0.10043571614504465
101,-0.010317181486496782,-0.008365717361348375,0.09508859796590707
102,-0.009054892394672942,-0.006380276367124509,0.08965061670853142
103,-0.009432332369281204,-0.005984328479228196,0.08396480118255562
104,-0.013055732924517768,-0.010231196685253893,0.07888084785459343
105,-0.013371884801654195,-0.013770011977246303,0.0745317882610387
106,-0.009406982490207383,-0.008693961896852155,0.070199440051933
107,-0.0031461882218541404,0.001179825841801551,0.0686708485844089
108,0.004344711998893809,0.008171180313514596,0.07255839004813805
109,0.004496513257426414,0.008377259575848145,0.07833403592203118
110,-0.006556607966347064,0.000309465004384106,0.08050886255719047
111,-0.021096336602103423,-0.010377870733833554,0.07685619065166938
112,-0.030838457369699646,-0.014679590359065159,0.06846687774888766
113,-0.030891495515089427,-0.012388164223331798,0.05649600173437408
114,-0.02410900159821809,-0.009477774510974438,0.040927260042816715
115,-0.017415913891845797,-0.006229451772821248,0.02387307631356536
116,-0.014119347437485746,-0.002732527503511162,0.007763557560475115
117,-0.014569105978361335,-0.006082303475763884,-0.006239573878605992
118,-0.015465966775926945,-0.017118181566422225,-0.016279151856094604
119,-0.01334847702893878,-0.02373218987959126,-0.021586761134499505
120,-0.009751507210676441,-0.018111338446846016,-0.023020508218270147
121,-0.007728048399810963,-0.008413162974530687,-0.021910225052326093
122,-0.006617982653437084,-0.0028781998709040725,-0.019625112485727222
123,-0.004802046683402908,0.0022713104973127035,-0.016291915332937286
124,-0.0034511500562790787,0.005231038720288135,-0.01100184694783235
125,-0.007269057320380468,-0.0022219055646211794,-0.003702654074775505
126,-0.0147908315180071,-0.01608687956991705,0.003881752114493528
127,-0.017908605549999873,-0.02379661509608553,0.007512110429552722
128,-0.01424939583845735,-0.02016457348285698,0.004449951807468364
129,-0.00797443251747132,-0.013792434501327082,-0.001798122233077168
130,-0.007172624460432292,-0.013199883117966958,-0.0067990733166954365
131,-0.012896359993754325,-0.0171790765989581,-0.009427269136608296
132,-0.013630156091188679,-0.018581789561443476,-0.0107291648995516
133,-0.007662277339671494,-0.017761227028152887,-0.011837454519725912
134,-0.0036515171435322485,-0.021515394036032587,-0.011907837040636235
135,-0.0001659557567397496,-0.02502926318287875,-0.011814937366759815
136,0.0036896387904629263,-0.01964458518484912,-0.014862847532097115
137,0.004295468054135686,-0.008701833346704484,-0.022398802282567715
138,0.0007223962982557397,-0.0024014057812197977,-0.030452254311906318
139,-0.0031663176162703144,-0.0027569779865430338,-0.03124616300802055
140,0.0002358047018472531,-0.004076495388278933,-0.021743019998591864
141,0.006844680514389731,-0.004889405736736704,-0.005384816715804097
142,0.008005547304122757,-0.0066889505234232465,0.013218008031861059
143,0.0031067284908143644,-0.0076030813496177335,0.030833204408036337
144,-0.004227153968261239,-0.006830187237157321,0.04540495279722853
145,-0.007556440678110607,-0.00500633586783706,0.05539463526309785
146,-0.0012597492020123002,-0.002441810308093484,0.060697546852357676
147,0.011878144794465903,-0.0018496629333940584,0.06266408674964116
148,0.02008547032743263,-0.0053120492164668714,0.05994870467716118
149,0.018867221167416598,-0.009136141516890508,0.04785332466782541
150,0.014245812889024032,-0.007733803853347784,0.02775679429911798
151,0.013605762976169916,-0.003046071454959283,0.0063198803358418265
152,0.017557616603419507,0.00042250142743582245,-0.014064709370495657
153,0.01822931197330567,0.00039619215271822356,-0.031303564025679256
154,0.013323957776480641,-0.0032211785279976785,-0.04170887302058718
155,0.007885686446515883,-0.005046914240055541,-0.045341457137932584
156,0.001601555519702036,-0.004451552369022055,-0.044202825138728336
157,-0.006692601920063601,-0.007118730899896716,-0.039834829209063505
158,-0.008158366239493592,-0.011662376465017592,-0.035149165543326505
159,0.00005161888166477918,-0.012248990765802903,-0.03498159163925538
160,0.008003127627270047,-0.011377743394949884,-0.04203823517236672
161,0.010721101266499534,-0.013197948161219851,-0.05174781421368982
162,0.009991726117641445,-0.011399645052982278,-0.058057000371092814
163,0.004858721745511045,-0.009225754270129859,-0.0623554042560346
164,-0.003929047130005768,-0.016369579254605374,-0.06729116496333942
165,-0.010119329504023639,-0.023650517475585796,-0.07021899385361569
166,-0.008310800613824748,-0.022877999340813908,-0.06983592714778836
167,-0.002727101416737751,-0.018813444505959474,-0.06840353528579601
168,-0.0020690106888753834,-0.015172654924109498,-0.06638832692696739
169,-0.0038508203052405876,-0.01205590646122251,-0.06343270036111553
170,-0.001967246094106652,-0.006772938621114846,-0.059936030024461726
171,0.0014380179985044733,-0.004293483514125347,-0.05608201091293962
172,0.001019127137113801,-0.012513831266272202,-0.051410600331773415
173,-0.0013458447746052954,-0.02486732883353359,-0.04565667249799128
174,-0.0009758863868501305,-0.028908670157878878,-0.04058740151348281
175,-0.0011331609140690022,-0.024109780153720572,-0.04024723360688548
176,-0.0017696478463158222,-0.018572230149230456,-0.04678753212153741
177,0.0008831912851860052,-0.012875065398698551,-0.05584369765672556
178,0.006608751992371667,-0.006025061973899057,-0.060526147250337614
179,0.012221980027953189,-0.002638554896988235,-0.057210723069985925
180,0.012971329368280632,-0.004567112887404523,-0.04766692654082351
181,0.011251896981083032,-0.008015715825916356,-0.0357730497000035
182,0.009499786567696858,-0.00761806849705382,-0.024808737207516363
183,0.006829934520371839,-0.004693306565127037,-0.017702586590351968
184,0.0028648624221565555,-0.005779594658168685,-0.014561553284572148
185,-0.0006973307391157785,-0.00818916137539065,-0.01498184196808075
186,0.0026368078479685475,-0.006024659785050512,-0.01956359323531287
187,0.00853787028714064,-0.002960606208071037,-0.02512570538087751
188,0.005444928286557085,-0.004328291587061148,-0.026416400636234953
189,0.00027974942242720013,-0.006779986636207519,-0.021148515791493412
190,0.004171312782151326,-0.001240712281589243,-0.011977299276680668
191,0.01306270138294277,0.010826175394262852,-0.005377026014679827
192,0.021010316450473715,0.019061290073005957,-0.00482337470298775
193,0.023072424887479986,0.01934156191448451,-0.007062036262982532
194,0.020208439891298613,0.01403024328014904,-0.007677562584695317
195,0.020055965316809282,0.0074717278999528736,-0.00801278935975984
196,0.021993408665780673,0.0027195465923769147,-0.01111608145253798
197,0.023832370581136422,0.0021545723796347477,-0.01566214784059395
198,0.02587403975707965,0.0038730991014130772,-0.01900713663593396
199,0.025127649213861625,0.002776487924736115,-0.019764238662180918
200,0.02235370020664936,0.0014553798701829324,-0.01876785041830914
201,0.02152881606540047,0.001725205342801045,-0.01784749106149404
202,0.024741091143256677,0.003554742647046513,-0.016245809423267102
203,0.028309467948262723,0.010214137948948404,-0.01311053416452064
204,0.028788224923833594,0.013369051544220661,-0.009805997045354856
205,0.02835391820142677,0.010305850971175118,-0.007702996691701408
206,0.029384512049789757,0.012874470573536856,-0.006263573792340479
207,0.032292351722473696,0.020622982165278053,-0.003960115920711493
208,0.033101256396600415,0.026273844202257694,-0.0011926452865066856
209,0.029561627248618397,0.026665457720083732,-0.0001136046001464705
210,0.025716308870156072,0.022045797964156975,-0.0005124924373915429
211,0.02686232548869364,0.020555691255813045,0.00028841064162078017
212,0.031321678680000464,0.024087840777131303,0.0021516964929505777
213,0.03032935335505993,0.023798904248058445,0.00329607215257275
214,0.022064920032349805,0.020173818906253194,0.004208592182506049
215,0.01359552812756104,0.01728488147265539,0.005391523381855667
216,0.007448100131375562,0.010925141269158348,0.00631626660552654
217,0.0029917581853165925,0.001836423455895811,0.0075673668066415095
218,0.0012352337488902854,-0.002637474093468095,0.009583724793330306
219,0.0008210935475620323,-0.004031712435810422,0.012479023644158288
220,-0.0002559739711650577,-0.00474036731834121,0.016325630012790703
221,-0.0026086804250138873,-0.003427121040919176,0.019203024856436213
222,-0.0021875733020819965,-0.0036958106099800603,0.020218582238089533
223,0.0043054936169310415,-0.006460915221130972,0.022185785692190978
224,0.011042047409377878,-0.00975533348305313,0.025711192158797948
225,0.015559600761708037,-0.007507548364369426,0.027321806114420644
226,0.01817614987890595,-0.0019469607453891369,0.026616461440023997
227,0.01268862639907431,-0.0059411686849580175,0.02574155082741436
228,-0.0006389356946871413,-0.017101281240588052,0.0251746374371859
229,-0.010731797613182631,-0.026149586045714324,0.02558040203337096
230,-0.008451090639947444,-0.027782882571512374,0.02760949530412639
231,-0.0007526507785229342,-0.022176243037857257,0.031006930007454525
232,0.0008127111694408301,-0.018708131594420016,0.036398988616064276
233,-0.0008810386920215102,-0.01932922064972071,0.04360625251806143
234,0.0005660825165668334,-0.016243505787521734,0.05061842181851752
235,0.005744914631022065,-0.006704462869309216,0.05634427319362509
236,0.01220140968710029,0.0028863466459452883,0.06236767609341248
237,0.016341295017382795,0.006900476691290035,0.07037017165171139
238,0.014531672104899473,0.006831782332796861,0.07747510357931864
239,0.0085610454049998,0.004280752406912169,0.0804111564971483
240,0.002568945233548621,-0.0008324123703936544,0.0803677354167864
241,-0.002674805592610633,-0.0077889672526305805,0.07951625352677003
242,-0.005785758034233009,-0.012676394710960982,0.0797770429114564
243,-0.005764483190426172,-0.011658695118480368,0.08282838391147193
244,-0.004958543717444662,-0.007161148193382566,0.08730990129732616
245,-0.004953494113836637,-0.005588871138628895,0.09076621158430029
246,-0.003719127223286385,-0.006414383811334724,0.09416530616477464
247,0.00004204202137605452,-0.002863534461398958,0.09927992820399978
248,0.004538993815065746,0.0021185383898347718,0.10496061562361875
249,0.005731037579752211,0.0004912120950238859,0.10898736656387187
250,0.002471233232081097,-0.007528480953798374,0.11112251707087939
251,-0.00547991896041955,-0.014589666275145872,0.11273796118697194
252,-0.01293448284102977,-0.013207953988103607,0.11414336660788416
253,-0.007134643869576365,-0.0026375453493606635,0.1149732217096136
254,0.007202464587980573,0.007955668225989213,0.11584331294081418
255,0.009794726334022189,0.007743852348780285,0.11873957184854245
0,0.00002769564706704697,0.00024597248781000475,0.12474905132697534
1,-0.004353480763810896,-0.0024546302006218518,0.13242686901690404
2,0.0021179281971549155,0.0021796607874609367,0.1401206573407014
3,0.010347846713949088,0.006572514084027384,0.14606955470944322
4,0.014070438177840844,0.009028897191050128,0.14693445505787422
5,0.014935244075140117,0.01376867519263028,0.140965906894238
6,0.013692268929793208,0.014317244613562097,0.1324436344401947
7,0.010252179658841724,0.009637189955016901,0.12626898697258565
8,0.01039477465881817,0.009736938087543431,0.12196409635201888
9,0.01189352475078689,0.011508207107788935,0.11704717225497824
10,0.008227629868631403,0.007633051553068794,0.11121723699862784
11,0.005216274766267955,0.0012021577611319202,0.10686848611951094
12,0.007010401831034322,-0.002008730426662459,0.10633551535249175
13,0.0068735325810699716,-0.002582832202163092,0.11027341261631407
14,0.002442897269555336,-0.003134951185194527,0.11604816241171667
15,0.0012737930275070683,-0.002697814135118895,0.1188740010067666
16,0.005646208720954546,-0.003922976234572349,0.1174438199829202
17,0.008652153054596356,-0.008802028038492095,0.11353334876213628
18,0.007279052464518617,-0.012078134481865552,0.10913041019800346
19,0.008124232509286485,-0.010201190681551342,0.10516556359374957
20,0.016259792804573327,-0.0026738388235055116,0.10059252129410778
21,0.022632777995352103,0.006845105778497472,0.09424268374436445
22,0.01341815716830461,0.00526344555028329,0.0864528866506882
23,-0.006485140213100912,-0.009731613576430043,0.07774122225462884
24,-0.02031817866680874,-0.024956380057729023,0.06923032565108073
25,-0.024503047437984954,-0.03222338021989464,0.06348495670738136
26,-0.023146999731501083,-0.028333015340773045,0.06084700377930108
27,-0.020569878612179154,-0.018033767790813643,0.059310616065286564
28,-0.025478151929955922,-0.01520527249227499,0.056325451539420285
29,-0.03523942549970832,-0.02223129907548088,0.049834247200563814
30,-0.03761973199808982,-0.03315468446675918,0.040085831724014725
31,-0.03529717047459985,-0.045322149480793404,0.029278614691513327
32,-0.036098920143413434,-0.04991541428149844,0.019836498140410455
33,-0.03650808198113249,-0.041494830592584374,0.012255422887540751
34,-0.032285994888647404,-0.032763982974581184,0.005287515060387889
35,-0.02850215450256712,-0.03777426244886072,-0.00030966257373982176
36,-0.030421144008886403,-0.049195857034984095,-0.002887323005073092
37,-0.03254970158064226,-0.05079739962829946,-0.0052794778922601385
38,-0.03153383174090443,-0.04501443245316952,-0.011483392103941108
39,-0.0348770843082811,-0.043845454588247235,-0.021069870365417655
40,-0.04355841136753083,-0.04929540237000815,-0.03074707607234782
41,-0.045722937628960625,-0.05389062354140621,-0.03815315178422546
42,-0.03749498591426188,-0.04775141658846151,-0.04465203271438272
43,-0.029613426341734403,-0.032576844033752404,-0.052715140026759616
44,-0.02538551959038974,-0.023053866405942564,-0.06128163175181736
45,-0.02039647709147694,-0.025777046555384493,-0.06850903953154136
46,-0.013482898302601007,-0.030604019358880838,-0.07409670196957024
47,-0.006460465706782617,-0.03014850353539192,-0.07781144703826465
48,-0.005704068835265183,-0.027362522811978332,-0.07995857911642487
49,-0.014919445028290068,-0.02736526015823433,-0.08095794143975424
50,-0.026525200214393932,-0.030482266084750353,-0.08073632856048371
51,-0.027832417314988336,-0.028814920846758962,-0.08016776744855908
52,-0.018841560174707197,-0.01939313278266217,-0.07998670071839542
53,-0.007016336220689139,-0.011805355986673524,-0.0808068925911695
54,0.0006108472533956216,-0.014015002493770592,-0.08387858293808048
55,-0.0035205781762151084,-0.020558915380563546,-0.08827538353059217
56,-0.014149468430421266,-0.02410736040782222,-0.09207626995280727
57,-0.019589583992692762,-0.02497271193244457,-0.09387081172577794
58,-0.014359879100253783,-0.024332670719780417,-0.09343425541220746
59,-0.0040743345211903155,-0.020321040653293515,-0.09222237660858426
60,-0.0005439288302277467,-0.015270463598750658,-0.09077720927027505
61,-0.0032473784618517743,-0.013416395870242612,-0.08954003150183856
62,-0.005906505207511788,-0.013222096314872908,-0.08807952735685418
63,-0.006430164936578792,-0.013468322925780742,-0.08405764363762763
64,-0.005395628022217144,-0.01177537356508216,-0.0789217024987976
65,-0.004405475278060053,-0.008778877041248023,-0.07732924465089469
66,-0.002217073057434484,-0.007671786793311659,-0.07962523222093706
67,-0.0008334601823416395,-0.006297938325257199,-0.08353214229154043
68,-0.003958391901985797,-0.00574644473571289,-0.08824277466932015
69,-0.0062675758828694556,-0.009203326365531742,-0.09203420132880674
70,-0.005268137205967402,-0.014534483168342036,-0.0928850574930046
71,-0.007839512670526214,-0.019300793038543318,-0.09078104845948576
72,-0.014720120308647385,-0.02337293942523773,-0.08692263482114237
73,-0.019091770079161095,-0.024617400709724395,-0.08320357141153684
74,-0.014281815151166603,-0.01964988267938675,-0.08026795704139761
75,-0.006347189595660219,-0.010511812754454383,-0.07660470440615635
76,-0.00579311513416185,-0.004816423627030261,-0.07186845034950445
77,-0.008816174384808598,-0.006570481320046513,-0.0670920615742909
78,-0.010283805541247554,-0.013241535196904177,-0.06265163028465282
79,-0.013413441508133811,-0.020025909089042254,-0.05877530912632187
80,-0.017102012853617808,-0.022286851120475022,-0.05573629685118117
81,-0.01593484652176967,-0.020580978242350424,-0.05269249151774419
82,-0.013155891443322104,-0.01889745728249481,-0.0499563515114122
83,-0.012567549557535376,-0.019708954280750104,-0.048147544783955665
84,-0.013441023800956048,-0.023716840264732475,-0.045319635465335156
85,-0.014985375363707393,-0.02674140704624775,-0.04164037104364529
86,-0.016077779012226706,-0.02693430869961219,-0.039721555556292976
87,-0.017609113502766192,-0.028372942425628392,-0.0394413729756123
88,-0.017707305765056972,-0.029664686073684478,-0.037140086433667265
89,-0.015070665860271951,-0.025318422147228056,-0.03198383004433682
90,-0.012681518737582848,-0.018451292306323766,-0.02735730435598411
91,-0.013309863164729301,-0.01830853349608083,-0.02443967579294635
92,-0.017917455493334223,-0.024370871067870656,-0.0225242378575133
93,-0.020478174159095863,-0.029718779399328252,-0.021255403272422937
94,-0.017874887049988963,-0.03361675082063709,-0.020786170703987805
95,-0.01717229502082955,-0.03841149513765457,-0.021135351822480372
96,-0.018151510831772133,-0.044229652577468304,-0.02047687595113954
97,-0.018310828094728532,-0.04513284249447326,-0.01780547745805603
98,-0.02097027463914619,-0.0391283399739783,-0.015338029749635232
99,-0.018474865899549227,-0.03246426117156789,-0.013777570656813395
100,-0.010651012894483083,-0.03036228651106021,-0.011968824678585298
101,-0.014862208611417873,-0.036605648805211305,-0.011020258084832125
102,-0.028444838595150533,-0.04414264700684005,-0.012148714409416159
103,-0.03427834702721612,-0.042508008126093955,-0.014616514833845955
104,-0.0329903510684592,-0.03796473575421479,-0.016202543717142512
105,-0.03071047211317743,-0.03973285169092082,-0.01595232551287515
106,-0.026382904403334184,-0.0412007865657914,-0.014328708248369883
107,-0.023733788619109297,-0.0360048163444394,-0.00997434831918733
108,-0.026802237900600753,-0.033614482905637705,-0.003554877253857565
109,-0.031797149150284254,-0.03717914523251786,0.002548476938071212
110,-0.03188772522901215,-0.03588954891512133,0.008163636898070988
111,-0.02554519700475598,-0.029886609815858306,0.011905655695978502
112,-0.021621372880803753,-0.03247326670540919,0.012493832055733088
113,-0.024299462918513422,-0.04421813113775628,0.011418545659942735
114,-0.026949320900926374,-0.050193707134174016,0.011056836164446207
115,-0.024309432762551375,-0.04034903223893992,0.011135928528798335
116,-0.014280172803776442,-0.021045732759841534,0.009316466536924889
117,-0.002738937025574123,-0.008051775067481198,0.005605562467271848
118,0.0003304122753236549,-0.006026560325667257,0.001419109909436063
119,-0.0031167365554203713,-0.010022172394366063,-0.0008739958695635625
120,-0.004537351413903629,-0.015872643067047346,-0.00018686700125765052
121,-0.0015549132593644377,-0.020877482846658135,0.0015873855673231956
122,0.00017953543624985024,-0.023159366169890977,0.0023703510857996657
123,-0.0041568450508875365,-0.02109417928498586,0.0006881867427746477
124,-0.012317930843263991,-0.017921188660896814,-0.0030432622834259543
125,-0.019274514726053446,-0.015606302436301192,-0.006383489271651013
126,-0.020395558568363503,-0.012773103373443812,-0.008756182883137231
127,-0.014916584975124103,-0.009579378163951852,-0.011275017896697787
128,-0.010007604661294578,-0.010846183898439665,-0.012430203477229257
129,-0.012036559620842852,-0.021826784994875045,-0.011356694393536863
130,-0.016748904199132678,-0.033844250621666086,-0.01084169448351946
131,-0.01692324530156486,-0.03720587730043301,-0.012090066313647146
132,-0.010084015996634652,-0.03020140050549998,-0.012580743165584954
133,-0.00042637476233697846,-0.014575646703708575,-0.011502996117677584
134,0.0038896805195561684,-0.0017342875815547776,-0.010434931676919064
135,-0.0004485333173541717,-0.0013886181483441784,-0.010502763828570624
136,-0.006476464134247711,-0.007353136015025019,-0.012733875514747736
137,-0.008606233055982543,-0.008679533578614701,-0.01585791359251933
138,-0.01082511660210203,-0.010080807850636225,-0.017816489262423817
139,-0.01243638375818884,-0.016234990201672322,-0.018260375549567442
140,-0.008635755283450258,-0.016015708836598683,-0.016700946569744746
141,-0.0005831051934545653,-0.01118720921482344,-0.010694904029685828
142,0.005536231103163293,-0.010636320065432858,-0.0003730859895431926
143,0.005592800524892742,-0.010035016627601007,0.008355767530616412
144,0.0038088591762463833,-0.007804764433891179,0.009097920152635858
145,0.004482918046275465,-0.006213480968403795,0.0016543104693508143
146,0.0031702738802473,-0.009385469899359122,-0.0066919001726749305
147,-0.00548438653238649,-0.019621403214387156,-0.011425500062953176
148,-0.014689009984874586,-0.026650378224623364,-0.014965268198951845
149,-0.01310110384193227,-0.019447671399775365,-0.020219142215908148
150,-0.00353064454630855,-0.003347648884729798,-0.02601850063541325
151,0.002166110941750383,0.005544524908933951,-0.030135065128369692
152,0.0014631705376822145,0.0005489607474424146,-0.03357161429878
153,-0.000203896132535724,-0.007520167185742319,-0.036250810683284174
154,0.0021099029695303313,-0.0045712498969679785,-0.036526380690727445
155,0.007430096845487167,0.004742397475061194,-0.03495294989883538
156,0.010062515794196876,0.005852687454779001,-0.03218238086144847
157,0.010036225862984319,0.0001980426843659483,-0.02803148121466828
158,0.009683523113886233,-0.0017878398006333368,-0.024315034107748892
159,0.0084880630153727,-0.00008445963475693652,-0.023892917209310104
160,0.004528300349401486,0.0017881201179498901,-0.02677224887168861
161,0.0008435819301211359,0.0031045328044696507,-0.03084311535288803
162,0.003441951274165859,0.0023744150630581884,-0.03503529390500687
163,0.008396235124913335,0.002782218185739163,-0.03690701394889631
164,0.01078585418521099,0.005316190114354927,-0.03384537446565791
165,0.012191667482676933,0.0071944273702068545,-0.027973923677637492
166,0.010839124930412634,0.007828946999560896,-0.022857101622267298
167,0.006775903530873144,0.005067579930154643,-0.019371208974066537
168,0.009620697072595913,0.002911386390372639,-0.01771579214265495
169,0.016571350076699742,0.004368605692270738,-0.019181988284944995
170,0.0143497320402758,0.0019476879074082354,-0.02415609315594182
171,0.008089514866289449,-0.0014633176346950522,-0.03125826162071613
172,0.007116669012187986,0.0015459104499143533,-0.03819052067041091
173,0.007067242762879122,0.003949632606322598,-0.04314891879783679
174,0.0059241487046730185,0.002079161684990269,-0.04620495946651598
175,0.008300430597903849,-0.0007293467884976479,-0.04902328814949619
176,0.00954488975810764,-0.004623752282785457,-0.051391934823409424
177,0.004412594278864361,-0.010013783517008115,-0.050757740199836476
178,-0.0006219627355936175,-0.01692107117827292,-0.048034218363618986
179,-0.0034391826252869184,-0.02329249882939821,-0.046098026318602145
180,-0.008038433615293716,-0.025067214018819603,-0.04622608524006526
181,-0.011517710239694452,-0.02042355507280673,-0.04830693430339915
182,-0.010878953790400228,-0.011656927192986388,-0.05006740892650417
183,-0.00632113026633184,-0.001106509498326691,-0.04880582868833011
184,0.0033574910942857084,0.0041496175149619285,-0.04431883645978485
185,0.014020693291279127,-0.002038821954740422,-0.04047728195786883
186,0.015270104032706955,-0.011298691554405979,-0.039729704559272036
187,0.009231658162553308,-0.016067336467362497,-0.040084818820834034
188,0.011940381558934399,-0.01429629016727696,-0.04075891840138758
189,0.016428320592882878,-0.009035168378502517,-0.04234781574858287
190,0.005093029177396208,-0.010785328725016072,-0.04375398113269302
191,-0.010675208203958342,-0.01835153464486483,-0.04408222747446931
192,-0.01632798680398706,-0.02204732197657694,-0.04322519672315611
193,-0.015032857205131603,-0.022697523541059722,-0.0413286116690495
194,-0.015702232682134054,-0.027442374734166664,-0.039328162601994426
195,-0.024571422537039894,-0.03585935824417702,-0.03685195468073488
196,-0.035332576860735404,-0.04014944622653427,-0.032975194333202396
197,-0.03535387449804865,-0.03862966438368595,-0.02785920929519793
198,-0.02405004673391408,-0.033465039527078536,-0.023292191499607248
199,-0.014775164783736208,-0.028193727096949298,-0.021062085710467904
200,-0.013293168877846304,-0.025997538109610575,-0.020350436199149495
201,-0.014949003016621498,-0.02684464521978372,-0.01972480331141176
202,-0.019081981885132687,-0.03451240849477398,-0.01851115657437995
203,-0.025658231192315417,-0.04579069336827368,-0.0166029662477752
204,-0.032866663331561505,-0.050064076681725356,-0.01343468254579893
205,-0.03574596295063309,-0.04538975157703984,-0.008968731393379559
206,-0.030371173667254392,-0.03897530329991261,-0.00428716323241779
207,-0.023378495743366146,-0.03616073714259273,0.0004954951141071667
208,-0.02375684081646985,-0.03882085064659098,0.006285115832086893
209,-0.025831291889943757,-0.044630868457016554,0.01391729960588664
210,-0.02222923258253541,-0.05044731580596419,0.02134349462273677
211,-0.017780801833337648,-0.05479176842205067,0.024972309010369273
212,-0.016515067671629052,-0.05278693868273268,0.025489221023529907
213,-0.014275688970438898,-0.04206629786297858,0.025019926840208137
214,-0.009582041106280595,-0.027758376296016102,0.024486786629382834
215,-0.010371275668567534,-0.022074195167447824,0.025982769586929806
216,-0.013786581676669823,-0.0228882467270439,0.030495379795798992
217,-0.011584784454053185,-0.01975183109363926,0.03554947035447454
218,-0.012123538054474331,-0.017467951621704003,0.03693639416034787
219,-0.016601690522443202,-0.01568104827278277,0.03413659624113485
220,-0.012470908869872607,-0.010733470021770164,0.030561102921643032
221,-0.004082894770182588,-0.007628309772019573,0.027860683685068083
222,-0.001447733621945911,-0.00990699022983256,0.025521822409556416
223,-0.0014755446576631762,-0.0155404820310341,0.022722181428485033
224,0.0015065350140227515,-0.01708779784367831,0.017789467726422342
225,0.005366141660718901,-0.01761096703986212,0.011286601135905884
226,0.0033002590987414315,-0.027074602759052477,0.007193655926091461
227,-0.005811756873707094,-0.040598144698138765,0.006743718783320959
228,-0.016298829130040826,-0.04610725924150001,0.005939656714398167
229,-0.016000754627816208,-0.0362594258941503,0.0029627899726866053
230,-0.0043324666172154525,-0.01666950606912089,0.00023233071945531758
231,0.002347641479711546,-0.004872368255322834,-0.0017658548621391629
232,-0.000603740018667559,-0.005699346548056053,-0.00474505535289102
233,-0.0024421276190749325,-0.010833066118381113,-0.010139604959415863
234,-0.0026393861243955846,-0.019546086105454955,-0.016891133109034444
235,-0.01266544070753179,-0.0346635561047131,-0.021370453455980605
236,-0.024463469861538658,-0.045230524416693535,-0.02166648238569291
237,-0.020549289329444158,-0.03610985204565734,-0.019312958143781894
238,-0.005765835515788503,-0.016283320955391457,-0.0160351347384782
239,0.007696086134546341,-0.005502073213230083,-0.012369141323203298
240,0.014996366804551652,-0.005561670053248424,-0.008440074333976727
241,0.013973313444995611,-0.011201432760479496,-0.004006923437745932
242,0.00721471459518001,-0.018559847242591146,0.0005644353791585677
243,0.002020336695504485,-0.020699322412377784,0.004753061858199487
244,-0.0016181437348710137,-0.017375993558509786,0.0069524186746278555
245,-0.002385390051215533,-0.014239179210437589,0.004735403668633023
246,0.006139411722946797,-0.01395019853371389,-0.0003778693238576658
247,0.011069400150099676,-0.01864473396252314,-0.005846553853136441
248,0.0031009740830159616,-0.026202336934202167,-0.011095442932978386
249,-0.004195320871697536,-0.02634121217260335,-0.01450617299578398
250,-0.003777759417458691,-0.017550741858558927,-0.015233778989931293
251,0.00012635769328411817,-0.010058569816206564,-0.014083729431399968
252,-0.0022909757778507636,-0.00819928341778596,-0.010880939476335373
253,-0.012722180902887643,-0.010477335572689761,-0.004016490739470618
254,-0.019774061373275073,-0.01713779303552214,0.007549201583791399
255,-0.02307860367448418,-0.026007784692159766,0.021838627794015845
0,-0.02547345288890008,-0.029654241997977837,0.035879284464211555
1,-0.020491448238059942,-0.024556080808029054,0.04926265782222562
2,-0.011726286129908087,-0.013742977067487241,0.06202392268016165
3,-0.010350698712474377,-0.007158141466804185,0.07280229715878454
4,-0.008282605547832278,-0.007414726815629352,0.07819277212555101
5,0.004602523342038048,-0.0031234176230762745,0.07477809957780235
6,0.01532612061873903,0.001031758591737611,0.06387715041684272
7,0.009267828150263405,-0.00823001232379944,0.04848885431359812
8,-0.004812410199754147,-0.020036817986261057,0.03029745981792159
9,-0.0005805581897332934,-0.012994256168353868,0.011578538025254104
10,0.01957832729342257,0.007513743350397367,-0.004805648315744898
11,0.02456021618050082,0.014477307264618197,-0.01700270828525985
12,0.008937868922782172,0.002581051861074213,-0.023337298864334527
13,-0.008754324085775492,-0.009808460242240191,-0.022576557741114306
14,-0.0176477760173733,-0.01602102538386682,-0.016659424255164507
15,-0.015932626926849304,-0.01998851339117437,-0.008778754759738744
16,-0.006614289715327154,-0.01768481780586772,-0.0034014842470502515
17,0.000012272643820265133,-0.013865447105208442,-0.0032249378066403628
18,-0.0007327252891774216,-0.018098924659714355,-0.004927073460477632
19,-0.00610005190907998,-0.02022352468445837,-0.006040910019243895
20,-0.0156738075457298,-0.015061103178654563,-0.007772707919150454
21,-0.023274783618018435,-0.013327687190827858,-0.01049252429371779
22,-0.021606225652084962,-0.017210421577650306,-0.014700986126124499
23,-0.015774439626833905,-0.020893604581936676,-0.022115161451094767
24,-0.014273048498308682,-0.0227387961710743,-0.030173649280300585
25,-0.018820955726284477,-0.026136843232729995,-0.03367697370343621
26,-0.02229175148222065,-0.02579320472297137,-0.03152953681383856
27,-0.01391357956967464,-0.013016651279750373,-0.026351846594356215
28,0.0009078548784024754,-0.0012220414617976696,-0.020798600862831113
29,0.0033394691716375977,-0.006424211802065247,-0.015994522147479255
30,-0.00647191709174106,-0.021105797580833405,-0.012075079699798354
31,-0.013374934435037511,-0.02894246065411963,-0.007917447343072398
32,-0.01590515569356621,-0.025298509508312812,-0.0028843161288058944
33,-0.013457296830057239,-0.017609336977139664,0.0017292005233168761
34,-0.005789121794768898,-0.009483503618427591,0.00547917892595369
35,-0.002267733242402259,-0.00044834537883117753,0.009739171407217875
36,-0.001189034188974869,0.0036586384367189306,0.01355415383388283
37,0.0013550614411224765,-0.003591150741385385,0.014225390804287641
38,0.0005756256277307525,-0.014278260965226122,0.012395229796951401
39,-0.007159399920890722,-0.016626722402539845,0.010798926004679799
40,-0.01364035247820064,-0.01483329074900766,0.010075567995485049
41,-0.008914977498445623,-0.015092937155689434,0.00886414114440362
42,0.00022509487390699745,-0.015722182515168437,0.007149128686323725
43,0.004686891678683372,-0.015250785900025515,0.006265406032647705
44,0.004312810495717662,-0.011640628341918896,0.006417803576659678
45,0.0058687631425357045,-0.006298849514424748,0.006857415085946561
46,0.007462655530345599,-0.004965895520364916,0.007464636021664112
47,0.001349679236943277,-0.008474522854148597,0.009609187967682037
48,-0.005557624601549432,-0.010397669872158163,0.013077803873128846
49,-0.002878040374178825,-0.0046342126143801565,0.015054990754431008
50,0.0023440418562711007,-0.0014238844384598104,0.01570745594835357
51,0.002967560593645363,-0.009115382295908164,0.017403940790807468
52,0.009801747223742482,-0.00901721116726184,0.019809745356560944
53,0.017804174252343416,0.004072180732191649,0.02051578774442199
54,0.013721256438690488,0.009287150333293887,0.019203136409311157
55,0.006122792872933838,-0.0010559839317683117,0.018393474608997415
56,0.0019268866396880968,-0.01584348107521684,0.019059139920717436
57,-0.0002118423467334929,-0.019630894240598745,0.02003257801249811
58,0.0017994469796094037,-0.010634020069123201,0.02036588585169269
59,0.009370095646555693,0.0023600955088846354,0.020758115494569407
60,0.017566517174040563,0.011205174740306134,0.022563248634290364
61,0.01585883563706443,0.008663204181152864,0.025083694551096297
62,0.005103096102515123,-0.0009105890238194358,0.027580531464507077
63,-0.0012609330486194198,-0.006915516930707882,0.03182203629286051
64,-0.002527814295438316,-0.007893085228334762,0.03800872724599261
65,-0.00338657561807916,-0.005891762275187312,0.04378582424321973
66,-0.00009712157264683136,-0.0009658955820081028,0.04766527123628975
67,0.00920975876506644,0.004884129414908012,0.05043391195745367
68,0.019119891707240606,0.009525403484658523,0.054610356226582224
69,0.020433831505527952,0.008876698500593222,0.0606992382331647
70,0.012387387602793593,0.0020871948881230895,0.0663935506632499
71,0.0022282977580015684,-0.005440827428348727,0.06685237057305563
72,-0.004017256332550817,-0.00751794292826953,0.059403541797389214
73,-0.008595903777783173,-0.006508089614769383,0.04824052249135265
74,-0.013202257883926004,-0.00971005236840583,0.03868229605789614
75,-0.010452424987609163,-0.01193904181833888,0.033602717843764146
76,-0.00010747561766041858,-0.010081685563824605,0.0316355649122228
77,0.009499885314474182,-0.008870045685176992,0.029256077600505748
78,0.015099696294104722,-0.005896504130660646,0.026834127631212457
79,0.013175007492190027,-0.004025385532350559,0.02668779234012396
80,0.0013169969666916026,-0.013206674982572192,0.02935080521945893
81,-0.007533137797373857,-0.023100354610195384,0.03261015638829947
82,-0.0019420630261376692,-0.016797500115860925,0.03261135823654259
83,0.009534660510028811,-0.0047860060468485205,0.030312771467814626
84,0.014165788236095211,-0.00687254634079687,0.029998881150279974
85,0.007694871346495963,-0.018322750596905413,0.03246187115514941
86,-0.004867989946705759,-0.0234160257916928,0.038219121916862636
87,-0.012897590794859692,-0.02191386606794679,0.04549974320290459
88,-0.013705136917157648,-0.01825058816641084,0.04959259761598436
89,-0.005977868444211679,-0.008804124775162778,0.049786421606735576
90,0.008403222083426684,0.005478648711002218,0.04829995955876289
91,0.01926642140411347,0.013058772447043857,0.047852880814115956
92,0.022610558759454447,0.007273586078346855,0.048077037467372116
93,0.018624785092547107,-0.006324278415709372,0.04656392550216401
94,0.010622552768120918,-0.01653996770144179,0.04474773804366444
95,0.0065812029518268825,-0.014771210225391407,0.045644320191846
96,0.009530574839518122,-0.006029660226720787,0.04981250663472922
97,0.008941930803733969,-0.003244652495903874,0.054383118985476375
98,-0.00046698472990132703,-0.0056252963147411655,0.056987791776737906
99,-0.006397672398490813,-0.004563606731098256,0.05863647059927554
100,-0.003121468240925983,0.0014645156633246031,0.06108912044512663
101,0.0027676816264777734,0.010775486361910447,0.06377239201803
102,0.008904510884268642,0.01839236060999401,0.06529960530414969
103,0.01523148379160718,0.016594847252262075,0.06739855826434546
104,0.01641142045327421,0.008212712992991332,0.07257015021103708
105,0.011752803720592935,0.00233559692974555,0.08044186947297347
106,0.003683819680673578,-0.000965069221816349,0.08928598757098669
107,-0.0023629667459710776,-0.0023001220296334397,0.09865187285103502
108,0.003995510807351187,0.0024149110875478948,0.10739464008084429
109,0.013686988055818625,0.009975954606653209,0.11235935803175334
110,0.010100425648396782,0.01061068558928448,0.11361801416294376
111,0.0030228934213732475,0.006319002326403096,0.11508896502012644
112,0.005273471325120183,0.0053315251559647656,0.11622226244222261
113,0.010652997572294941,0.00671921989169065,0.1140162566700641
114,0.010773903689645115,0.007914501511639985,0.11006138139167881
115,0.0029929394201397893,0.008436987302161546,0.10652855210651219
116,-0.004089176401637154,0.008175802584738628,0.1037448441096041
117,-0.0004580854204699128,0.0066920886267392635,0.10202460107314965
118,0.006638826417912594,0.003166215067639637,0.10152511025506047
119,0.007468737111667697,-0.0002991949152024581,0.10154182770198167
120,0.002724953286321923,-0.002836123378186107,0.1016996249910189
121,-0.00305769516138929,-0.004453960481556395,0.10107279844733669
122,-0.005056741194533008,0.0014623840509487979,0.09902864471993911
123,-0.0000994751514161521,0.013673735253242773,0.09893619513066676
124,0.0060284242753296455,0.01633486203938864,0.1034410735222645
125,0.007893571251104587,0.008181306856819566,0.1103950852371206
126,0.008912165753321925,0.0053042165825126705,0.11570537197812658
127,0.009173835781046587,0.011852010688222323,0.11693206916072646
128,0.0064981443425319585,0.01879560598236614,0.11466022721088948
129,0.0006101081778116663,0.015771419304607584,0.11071260472195205
130,-0.002889336472557083,0.004179977120066031,0.10614242854904443
131,0.0005025037014518841,-0.002092512777485154,0.10049173370269515
132,0.0055413244236752965,0.003473031338307824,0.09260561230722658
133,0.007493982755117,0.012798792190167965,0.08290267121938821
134,0.006451953448898928,0.01367999427552877,0.073971062449955
135,0.0050650261459103466,0.006356318858862507,0.06635729609116778
136,0.006168976359854993,0.002036541939160544,0.058596522410390914
137,0.006254441994118981,0.004344237274321077,0.051576914604449894
138,-0.0004962655095764462,0.003175373750301108,0.047169360778685096
139,-0.004140911148536167,-0.0021956498103062293,0.04584923236300334
140,0.0010444084586300334,-0.0024323314638204155,0.04593074617887094
141,0.002512256874941929,-0.0028569484193342945,0.04537325544700882
142,-0.0009178679092477007,-0.007772714241392368,0.04340925995379244
143,-0.001678740407469237,-0.007157824410024792,0.03964426917918995
144,-0.0011218601098032244,-0.0018899950682613187,0.034445123284516876
145,-0.002891759651930406,-0.0034057233371840717,0.02567312573375595
146,-0.003581645075455553,-0.008728430621007078,0.011660788275552808
147,-0.000410344303735391,-0.009308322066342516,-0.0034429157405141825
148,0.004901152262608344,-0.006275696794552844,-0.016135790893814353
149,0.00959866433157501,-0.002321837543762327,-0.025834382401845032
150,0.004308742778272409,-0.0007232948544878253,-0.03225926344075916
151,-0.009335804674682167,-0.003906904171662472,-0.03802776610785101
152,-0.013890477355231714,-0.005590498767608129,-0.04613832005378128
153,-0.011396009532726646,-0.006137781985899506,-0.0540815595270448
154,-0.015534950381096285,-0.010095121828727703,-0.059540631678596995
155,-0.017237219143427157,-0.010338300183441496,-0.0644213362275723
156,-0.009575698234199667,-0.008054274345681796,-0.0696422136097277
157,-0.0036531374480803513,-0.009059509642224371,-0.07490144019463504
158,-0.00122904785067781,-0.006687181256467105,-0.08061290650920966
159,0.0015388642252180638,-0.004949326486591802,-0.08550254355286518
160,0.0004916288968442872,-0.011053615809007943,-0.08719360310043217
161,-0.007181061763731594,-0.013815657174159269,-0.08579036557035219
162,-0.015013239348700108,-0.009770147463132865,-0.08166988679071424
163,-0.012973287000951128,-0.007445376593045443,-0.0762626193292861
164,-0.0019660775814964865,-0.008061095116341795,-0.0741497727065378
165,0.0038071434809555105,-0.007547962075190644,-0.07696355403342436
166,-0.0015078497539730978,-0.007471207221063654,-0.0821975301442843
167,-0.012454910155686796,-0.013164291031321947,-0.0879493871814028
168,-0.01986044339997673,-0.017420511261573256,-0.09348610087479409
169,-0.013792542652150006,-0.010680664601805036,-0.09730821937563561
170,-0.002218633977977724,0.0004793215021327117,-0.09876830571890538
171,0.008530260050531688,0.009290769890037479,-0.09886733177703855
172,0.02095376024760932,0.01609915714262722,-0.09919491490785953
173,0.0262761173221676,0.018791461829813505,-0.10166268643169102
174,0.021150647243982985,0.016687706132685477,-0.10571347628709593
175,0.00973434240278223,0.01087756798350234,-0.10941295704579351
176,-0.001340517249008008,0.0032982945753808057,-0.11137360189821319
177,-0.00597116282837476,-0.0014309814312856994,-0.11050946868301331
178,-0.00202244924946568,0.00011002068533122467,-0.10628223665795153
179,0.006857531179455673,0.006611085397858513,-0.10033924636112496
180,0.010019354888588017,0.009205643435450661,-0.09586328910768299
181,0.008626577620853462,0.005197952030856032,-0.09224182224179839
182,0.00877140056049519,0.005112088388492433,-0.08977862812624038
183,0.01078596989322201,0.01085617893138726,-0.09247252431630693
184,0.014540652990854677,0.014251510396375816,-0.09857824607976265
185,0.016185614903225544,0.014742692614065328,-0.10407572486689518
186,0.015478906503224019,0.016297205877751186,-0.10874731305786015
187,0.01349805871046772,0.019896780776456457,-0.11257005688847904
188,0.013377771867793403,0.023670805540860415,-0.11610195557265135
189,0.021452986968377774,0.02444456868126515,-0.12035816305146063
190,0.03139872215508995,0.022235493402902415,-0.1259785474510695
191,0.03273156248560252,0.017385199820525277,-0.13151133890790018
192,0.025547930408789193,0.012851498721224389,-0.13353889246731138
193,0.01685353648727348,0.01129996180391233,-0.13097986415436103
194,0.0128880645265987,0.010044317899467976,-0.12389194810166698
195,0.016025157059022258,0.011054552004954199,-0.1134050883920778
196,0.024742344034073882,0.018403263150284843,-0.10465801248822332
197,0.03284802344450066,0.027431410196752756,-0.10187398154529648
198,0.03242577037519348,0.02868169616088835,-0.10410041142357579
199,0.025079596810498022,0.02528747553520961,-0.10813553369302437
200,0.020587758210063704,0.02045433704050771,-0.110695263897161
201,0.022551808372930447,0.012799973645401475,-0.11057624842148484
202,0.023487821682373344,0.010144940305509623,-0.11091226604484855
203,0.01738464950258225,0.01231279466973871,-0.11438073696416767
204,0.014096057218241712,0.015446441756237807,-0.11755941635203898
205,0.014571925521237608,0.016816850530231346,-0.1170128524672735
206,0.009697134493403911,0.010478424854598219,-0.1139866550648439
207,0.008343572790179124,0.005520314101152481,-0.11002771090551738
208,0.014366096200322826,0.009711362048560636,-0.10573065573721041
209,0.01675290217608936,0.011125601293542831,-0.1034125978245376
210,0.013648167657189438,0.007062480886968285,-0.10590784411008991
211,0.00914448524233702,0.004122582284135741,-0.11341328428890324
212,0.0052789828818590664,-0.0000073841142720319775,-0.12233094716902121
213,0.003972629352503254,-0.004749826701261563,-0.12632241640701386
214,0.008252287707137498,-0.0011633399227608185,-0.12269272876573845
215,0.018415992263563066,0.012016760031346118,-0.11576891590595273
216,0.024284782377825373,0.019347629674837215,-0.11139600141173389
217,0.021608898797359548,0.01109554740126596,-0.11139985179571271
218,0.016187328035751465,-0.0011383367639684373,-0.11443248014380358
219,0.00935189474394598,-0.004397161039682004,-0.11703352731687827
220,0.0022380718298382375,-0.001066802723039953,-0.11679224243599728
221,-0.0012580673774421555,0.0013196504184185553,-0.11514087901138037
222,-0.0003887833522129361,-0.00011940652249840117,-0.1135357939628222
223,-0.0004855652035255058,-0.003921006166661273,-0.11177569486121702
224,-0.003153466617383714,-0.006708666999779761,-0.10963562058941351
225,-0.0048886254835856305,-0.005939494345774898,-0.10834620409968626
226,-0.0022680074008647466,0.0017179505065250122,-0.10927699221465931
227,0.00801930228192023,0.013261207066574923,-0.111102884703902
228,0.016673893877390322,0.01600672144711475,-0.1108118104382263
229,0.010889186791393283,0.006300880023602948,-0.107019363998208
230,0.002048251218565028,-0.0027864547414223617,-0.10237278585578341
231,0.00529014070179086,-0.0024172977743718155,-0.10122600762797135
232,0.01070580243478339,0.0037318988362420175,-0.10451690352222676
233,0.01007247080219556,0.009129097335931466,-0.11008808625269567
234,0.010946256822976393,0.006765325714834611,-0.11509076568084897
235,0.010462485995768163,-0.0023610655876830644,-0.11691565422664141
236,0.005578501111950386,-0.005667649729298688,-0.11450185913611549
237,0.008003483964117375,0.0028433408367732615,-0.11053170542837215
238,0.01763515400355309,0.01347015399942908,-0.10956175197264312
239,0.020929929948676436,0.011553172162378826,-0.11223872717338462
240,0.018012056229696524,-0.0002006378490140709,-0.11558215202226207
241,0.020549067715529376,-0.0006676802413942834,-0.11627968758315238
242,0.026374170257761023,0.011071312836476652,-0.11354558022052663
243,0.0250760660640523,0.017992359003086107,-0.10821990074148213
244,0.02292323379452335,0.0215890760096646,-0.09973615984621964
245,0.028056540240624164,0.026165492611448266,-0.08952050412789359
246,0.02780988146255779,0.021067058652068857,-0.08109115885813323
247,0.017462309999258546,0.0056866982059657414,-0.07693372247552932
248,0.013121566265366275,-0.003620357071764488,-0.07668808351942619
249,0.01914491691432304,0.0034829890306861955,-0.07686624554912158
250,0.02534462245797764,0.015731163252056063,-0.07395463675506882
251,0.027574900369812985,0.020192218814051754,-0.06897342656303984
252,0.028819970035584952,0.022171777676072812,-0.07011557520889457
253,0.02996653453618986,0.026501333611862007,-0.08122453625895656
254,0.02502102570675259,0.023845582092779594,-0.09454240383208026
255,0.012339799468567877,0.008925247083330243,-0.10316276302195904
0,0.0021533943336652095,-0.005378444994751104,-0.10782635709379734
1,-0.0030385833055682487,-0.007225695226111148,-0.10984017170343424
2,-0.008097883233424447,-0.0027797791620712553,-0.10742934880975913
3,-0.011773009477070606,-0.0038156746349402026,-0.10127967369888635
4,-0.008529144717031131,-0.007143970904746222,-0.09387944478535759
5,-0.0005381434550333491,-0.005079338510540904,-0.08484713449329526
6,0.0015065231789289923,-0.0006703362177470501,-0.07454300535232927
7,-0.004793591048254664,0.0000888510150298949,-0.06579439875627319
8,-0.014019450219698179,-0.007148245698083935,-0.059597042711274695
9,-0.02021410699034845,-0.016997590625339523,-0.05515540912361683
10,-0.016443610241031248,-0.016539382685933794,-0.05253426612387985
11,-0.0042293023360293405,-0.006758504422399753,-0.05285627236220583
12,0.003893038491624999,-0.003145920647294853,-0.05577870451518116
13,0.0017385436866397125,-0.010667358996359393,-0.05804982973726547
14,-0.006290596074386395,-0.019018233979997634,-0.05756463474991416
15,-0.008803539296889248,-0.01825471219965219,-0.054739334799036865
16,-0.001616501178292637,-0.010069104080272756,-0.05051517100417613
17,0.00788244500473087,-0.0021665007388591007,-0.045443564571955475
18,0.015736984087692044,0.00478323091394732,-0.039662997275196565
19,0.017562463467673428,0.01170377219667959,-0.034001847221695816
20,0.011100261160517044,0.01219064994798516,-0.02924539586965283
21,0.0035382127363672994,0.0007386309320973894,-0.025246684613875844
22,-0.0015356174722967603,-0.0124792160851111,-0.022014013273341793
23,-0.00667907246509572,-0.014932245527038118,-0.020862898139797678
24,-0.011519098368865527,-0.014948666211746453,-0.022411389148064634
25,-0.011103804794981936,-0.019058545223817697,-0.02635792009244134
26,-0.0033362439174862563,-0.02062448083271262,-0.031988038661944135
27,0.002242016083211243,-0.02380686229432155,-0.03574864816970824
28,-0.0013741332559802436,-0.03338271076249341,-0.03494705962173708
29,-0.010650653446892158,-0.04228805409193356,-0.030870111984427268
30,-0.01860546055034018,-0.043299852922095663,-0.027390244402996783
31,-0.01967451925782035,-0.04114876864383085,-0.025788466678687866
32,-0.0136680212639608,-0.038895283014624665,-0.021125219055424
33,-0.009903436483870681,-0.03358512986639304,-0.011344890030805029
34,-0.017288584649057054,-0.033613532514555136,-0.00019407888310154706
35,-0.0262777354466395,-0.03968907000774721,0.010847044953183844
36,-0.027944338472615488,-0.04170510869524943,0.021176264250763244
37,-0.026229460609421773,-0.040641702832050375,0.028702156676406382
38,-0.02740356177972412,-0.04588597597781793,0.03283671778019817
39,-0.0359926112261085,-0.054726213193283316,0.03484210952762583
40,-0.04062911016966338,-0.05270227034247543,0.03716295022995168
41,-0.028600565066321616,-0.03718730914695899,0.03921916985887143
42,-0.014312064675755326,-0.019819441421855655,0.03777629408649734
43,-0.014956633712812056,-0.012914523120954167,0.03315228093745008
44,-0.02289072995447239,-0.0174105107144175,0.027895184092927225
45,-0.025828570206138185,-0.025128062957894007,0.023469345911119918
46,-0.022028095323107955,-0.028792207548855628,0.02023204688089658
47,-0.01780750460900428,-0.028123507825690938,0.019794274453387654
48,-0.01973343046493236,-0.028621226030862673,0.02449840612436304
49,-0.022238803788143628,-0.029980003383327493,0.03235779949806273
50,-0.020602655989302825,-0.02828370794435804,0.039479123077825404
51,-0.017421599632063627,-0.024774116101696907,0.044633640018989854
52,-0.016062218824455896,-0.02124160056289815,0.04912844088359555
53,-0.018291778554601457,-0.017397940660601255,0.053477095626908444
54,-0.022633182875499563,-0.018538683248306223,0.05592097757890274
55,-0.02977918369819471,-0.028119516722714233,0.05646079855496933
56,-0.03697410822654949,-0.03418397692712272,0.056581929169950335
57,-0.037169197664713355,-0.032007593333088044,0.05721390865720383
58,-0.03208313324195056,-0.027791002333386883,0.05933262935572908
59,-0.02728351508021787,-0.021181555339265287,0.06319389697812858
60,-0.02301474885489746,-0.01611501914744455,0.06832362735843178
61,-0.019428166318462572,-0.01521866307808685,0.0739912942267488
62,-0.023409467091996317,-0.015476267220659465,0.07869924899681935
63,-0.032248921488240434,-0.013946466662501666,0.08182852649313599
64,-0.027247397445660015,-0.009384053182495506,0.08514940247716579
65,-0.01239946013365617,-0.008092450164410212,0.08961026624429796
66,-0.009269272666925496,-0.014498664195010046,0.0931772282349354
67,-0.018366413071821817,-0.022813883801576996,0.09370206044706714
68,-0.02525785106970932,-0.02689710459610408,0.09138122434259649
69,-0.025484375431968152,-0.027410785237797337,0.08688571176175586
70,-0.02363156503288591,-0.026357565468538652,0.07994417309397081
71,-0.019895185976657872,-0.025365452151359325,0.07201053432791796
72,-0.015437395948067298,-0.019456566044965512,0.06638549291909568
73,-0.014574263964222914,-0.00769774521340337,0.06505725676516588
74,-0.016116792050270362,-0.0031668719163880227,0.06708659519498034
75,-0.01709056586927643,-0.00851521729041503,0.07018235699376826
76,-0.017909729667266186,-0.014924941960891058,0.07213110026143266
77,-0.01744281424595435,-0.018135490680061317,0.07101218566521156
78,-0.013239388694765254,-0.01663262100800106,0.06594524068488483
79,-0.007212559269444297,-0.010327707693069538,0.058065484848954046
80,-0.005297108781244654,-0.004951300288404528,0.05002017945054085
81,-0.008193219934816379,-0.008242076476787263,0.042808588858172514
82,-0.01008891839329474,-0.014788467642777886,0.03607989494726098
83,-0.007041414661012026,-0.010220341170296937,0.031185848558175133
84,-0.0025744356247406827,0.0019745693947774423,0.029985077773840477
85,-0.0027578155335341165,0.00898169616247689,0.03166093907880641
86,-0.004601662105751615,0.009117685464850867,0.034119582970049245
87,-0.0033411086488548403,0.0035651645516555086,0.036842706220583506
88,-0.00016540193123879693,-0.0018998110275507407,0.04015883511042315
89,0.005290262345695643,-0.0010682209913040336,0.04494837526426823
90,0.010357843126902987,0.00034542434035336744,0.05043935251984269
91,0.01064833471770728,-0.002165357457851222,0.05211613204631241
92,0.007886494052991674,-0.005084185399406221,0.048660808432681474
93,0.006595658742863522,-0.0035844355615049506,0.042988506482690786
94,0.006331271475202525,0.0019021840614454333,0.03598704385611831
95,0.00521077051075936,0.005852438759525153,0.029417421230962984
96,0.005569378348535048,0.009514690474657,0.02565531991911603
97,0.00775288617021461,0.015456032905567185,0.023967322932164553
98,0.008543414880723528,0.017334904135817397,0.022721287282301647
99,0.006924674750054684,0.011522456589470598,0.020264678886313305
100,0.007165046751327064,0.0038231262122372933,0.01641718132691891
101,0.00850055757188788,0.0006112155130957864,0.012147560943675514
102,0.007436466340753926,0.0060681400193366986,0.008284193649285787
103,0.005089212034617494,0.01449335620765338,0.006647790286803887
104,0.0023546988605750857,0.013680540035890143,0.006785652622944199
105,0.0021565959270591125,0.008748863572076965,0.006891136114879529
106,0.006762073905103853,0.009206121934494549,0.008656532783802157
107,0.013531794042310686,0.010710620118139919,0.014202570873217815
108,0.016809450027345754,0.010174053413812667,0.024672493457305572
109,0.013728892388099323,0.007030719161208759,0.03842611167765519
110,0.011305586259185374,0.003449922168141911,0.05118203922429115
111,0.012196876264409552,0.0028654178666634167,0.061490570243592446
112,0.010635868212110586,0.0007544587219387722,0.06781250909971068
113,0.00207863143678412,-0.006329068046636077,0.06762412362329184
114,-0.01502408986082543,-0.018530047254395277,0.059115997144867205
115,-0.030882108643388327,-0.03380631733851994,0.04260766611089806
116,-0.03606538813112242,-0.04394275635564432,0.022379394969143013
117,-0.029831931936037837,-0.04194953827800589,0.002499700310662656
118,-0.018153983549809738,-0.03045501353116385,-0.016304041012263043
119,-0.01102078157563155,-0.020911928273760552,-0.03416136781306678
120,-0.008622297179122468,-0.022389233444542925,-0.049296871777951445
121,-0.011045761467401063,-0.03168338176057173,-0.06029564456596939
122,-0.02193689800212051,-0.040720757699625576,-0.06665767006393425
123,-0.02953202406624217,-0.04561726602765878,-0.06783961622502335
124,-0.024523314913597882,-0.04811400130731286,-0.06525864897137128
125,-0.018748109702611288,-0.04812231043060283,-0.06307160913851963
126,-0.0190056719300115,-0.04010868215989141,-0.06650689674983816
127,-0.020275589674366296,-0.027220045212598076,-0.07628276413791564
128,-0.02158697264412035,-0.020800004154586577,-0.08736529886416117
129,-0.02636583248509003,-0.02492689955926415,-0.09498854772375626
130,-0.034778443419855504,-0.03277035523671948,-0.09679647712836043
131,-0.03713436399995995,-0.0373349013594704,-0.09326850467067971
132,-0.02649356896733493,-0.03602380675275846,-0.08620609219042502
133,-0.01369564250400275,-0.025916670151368087,-0.0762123035589733
134,-0.007616021399780473,-0.015497752026496225,-0.06366542314950363
135,-0.00487236176661638,-0.015442658528105377,-0.04945099756754898
136,-0.005284515197241345,-0.02116054894687404,-0.03511016581735399
137,-0.010186147113184246,-0.026700337014008334,-0.022731261753887934
138,-0.02019986929418434,-0.032278583387948395,-0.013748961937761164
139,-0.030229252733958045,-0.03737836566924588,-0.007826418897635308
140,-0.030160752156786583,-0.0374674493160119,-0.005257379549453819
141,-0.024727435252442614,-0.03161685254107191,-0.005407832938848622
142,-0.01905103107472346,-0.024978222818468385,-0.004889052988901979
143,-0.010515352874432386,-0.019758056130438906,-0.0025529256739924705
144,-0.006534129593808384,-0.017359095078162218,-0.0000633949479246082
145,-0.010613893445863054,-0.02001133567010284,0.000737203410011239
146,-0.016341270594790746,-0.022384007005108775,0.0014497498326127845
147,-0.017579420071484407,-0.020690402000309076,0.005090370000184211
148,-0.011532361749901545,-0.01709259380501517,0.008971192016904744
149,-0.005664147249079023,-0.013720479920433203,0.010133747167967652
150,-0.008461655060562262,-0.012103699986716364,0.009851247820397563
151,-0.015074258347711075,-0.011444525876013717,0.00874159464842265
152,-0.01492975925930054,-0.011739155528436115,0.007205833340203194
153,-0.010117577302111672,-0.014073072732898179,0.007566049294237754
154,-0.008574128437296009,-0.017016055398701796,0.010385824041596596
155,-0.00798008934120107,-0.01686880758083821,0.011582088150324573
156,-0.009282189038361414,-0.014823854140026405,0.009216198299973711
157,-0.012835973657892717,-0.011900630643645708,0.00727827868104336
158,-0.010662412934352362,-0.0040672800876695725,0.007119699950458469
159,-0.004620696373701903,0.0009304412602795867,0.006371788552159988
160,0.00009648079423281442,-0.004353728805425023,0.0051876544715515754
161,0.0035761643330409695,-0.007179181575263711,0.004235016790871786
162,0.003532171932378765,-0.0004118690542645048,0.0024945597511683987
163,-0.002095549646798707,0.0018421747995803206,-0.0005220433379569608
164,-0.010148692708940543,-0.010256224960953686,-0.0031153870306529496
165,-0.014400718667308604,-0.025298454395589986,-0.003146973523335872
166,-0.01509178798948611,-0.02690838116413194,-0.0016272931723003599
167,-0.015627608743815507,-0.016336123754921227,0.0004876097611823463
168,-0.01136798833533377,-0.00848567967197332,0.005611731933549479
169,-0.0015176474842137216,-0.008192957206673207,0.012684274186129836
170,0.0013910062523700278,-0.010071436903509826,0.015161035824758279
171,-0.0039394210957927195,-0.012261696196129573,0.010914732283116069
172,-0.00714534428982945,-0.013932172566241081,0.005160032688297102
173,-0.006060492703596966,-0.012920023666083105,0.0022732048496683296
174,0.0014093774232529777,-0.008866879543099029,0.0017459477760028846
175,0.007205573231705065,-0.003613550151232372,0.001680067914021463
176,0.0027697662659907085,-0.0010239151501237817,0.0021089098434418363
177,-0.005235634720380203,-0.003213010132967308,0.003529858462741356
178,-0.014147050972997718,-0.007429416189798935,0.0061819659143691405
179,-0.01931593484943632,-0.009877567057012128,0.010693889012432109
180,-0.015683220695246927,-0.0066033524903144,0.01476719897067141
181,-0.011178634261644463,-0.0038974957237036326,0.016914111552547476
182,-0.014325152437722047,-0.009697742019263426,0.019273458215456896
183,-0.019610163814699787,-0.015603248055969725,0.02181939188048687
184,-0.018775310085155216,-0.016095123200258337,0.024289000241951755
185,-0.012776221855230977,-0.011726126476235998,0.026227663570446494
186,-0.0051299948689887374,-0.0022066754476468935,0.026983471411263733
187,-0.0005074864590845149,0.005243592371438302,0.029000336151559405
188,-0.0007717256187561861,0.0056113602243118565,0.032723950750323604
189,-0.002424865760637031,0.003513767465993276,0.036237705108288706
190,-0.005210624885903063,0.0013645981622247769,0.03863204556064129
191,-0.010563038530127727,0.0006958102712462041,0.039621402423997365
192,-0.011169507076643465,0.0040928156423328185,0.04030041427213124
193,0.0004247778989616008,0.009071981087535881,0.042158667624099616
194,0.012927455754624824,0.008219348813858364,0.04505883814779446
195,0.014786626098291202,-0.0008057514948585504,0.04972157857690415
196,0.012385610896969462,-0.008155972854213916,0.0568381857507404
197,0.008443369803380597,-0.007750177693271992,0.06342867291449628
198,0.0039364235052855925,-0.002486875285444806,0.06798057556557274
199,0.0015429821659964996,0.0020730648452388298,0.069997283155522
200,-0.0031601050985380977,-0.00006154174261596007,0.06724282274432028
201,-0.0074922641040367915,-0.0074280126737024735,0.06266815188495528
202,-0.00650236264804201,-0.008755464070676677,0.06096480513185801
203,-0.0009824173944899955,-0.001022793871607152,0.06276641477461087
204,0.006643981785383335,0.005678885721995451,0.06756854144056068
205,0.011272588668630817,0.008536858365002304,0.07340923065172461
206,0.011011652598970273,0.008662725264718146,0.0789852222107567
207,0.006734519923548586,0.003264130646032858,0.08497082261483122
208,0.0031797924337918504,-0.0020222960887129084,0.09063511715489196
209,0.011209850864027676,0.0045699472653671774,0.09413531010640952
210,0.02690087152149641,0.021008121633326875,0.0954443002438331
211,0.031220846225742005,0.03319853455388921,0.09723335196409766
212,0.019630884363665953,0.031153401229187097,0.10051975342018943
213,0.00039509505980190804,0.015658095570667274,0.10260748209878617
214,-0.014024790698426836,0.002295464451510826,0.10148112434547768
215,-0.010342558908769374,0.0001369715273818739,0.09927164519659568
216,0.0004803009896417309,-0.0016353603631542452,0.09858783258493908
217,-0.001374637923671495,-0.006700044092583693,0.0983244768146487
218,-0.009817710504127608,-0.009791676919433494,0.0993086211362309
219,-0.014608009953558421,-0.014747006555600364,0.10494829829337624
220,-0.014558776977013337,-0.023032952027509435,0.11459723575161002
221,-0.007647756328273202,-0.02451684151430905,0.12435164823445288
222,-0.0036124026071762128,-0.020965336946160498,0.13181965655208533
223,-0.008372600205022722,-0.023481943450085464,0.13698816202176867
224,-0.01042820800455923,-0.026227717598749756,0.1402306130061644
225,-0.007374108186825386,-0.02234094129980594,0.14163950283524185
226,-0.006062361786620479,-0.01828102069667501,0.14116607375718188
227,-0.00830724797677002,-0.01820576486271706,0.1396991403705744
228,-0.009351471510337543,-0.016287902763519144,0.13842049502555553
229,-0.005537346359345288,-0.011313584283229441,0.13680830235886565
230,-0.003360275446837275,-0.012241997554539003,0.13491731124206663
231,-0.0043305991562478,-0.019967382525768226,0.13469568342062382
232,-0.002879951324063053,-0.0251714571745111,0.13662680740632505
233,-0.0035860207039913623,-0.023364329995701337,0.1383179347034315
234,-0.007908645021514825,-0.01709572179957553,0.13650531333628968
235,-0.006732224240289039,-0.008624236453388005,0.13066348191227323
236,0.0008215254073852263,-0.00012652656689265962,0.12363513622675693
237,0.010144747296690073,0.0037213965428728804,0.11788888201133801
238,0.016240476335807292,0.0013042631326932869,0.11438836036748429
239,0.010649213139707868,-0.005934801638950923,0.1134399791891455
240,-0.001148948091093855,-0.013766481706864429,0.11394687250476293
241,-0.004102723684767329,-0.015986793073612025,0.11508539283989472
242,-0.0013139562021672185,-0.014945350686341452,0.11756789217476654
243,-0.0022352114350388114,-0.016750424124008116,0.1221237335122598
244,-0.000740085143532701,-0.01643522327371446,0.1290735345514732
245,0.005358427498316311,-0.00998070747806254,0.13714127835688206
246,0.0075417636951679995,-0.007665252099751441,0.14348019457177613
247,0.00726743749053687,-0.012065029245577327,0.1453431037751351
248,0.006561268327234714,-0.015075340587862501,0.14234937095279565
249,0.0040921298394661215,-0.013026069463915227,0.13724224286136177
250,0.006471977919823735,-0.004994215356979692,0.13217403258616078
251,0.015478909687830195,0.002464275527884613,0.12693286512951435
252,0.022823015852551407,0.0030306145110516533,0.12113478639438091
253,0.022652186264339645,0.000302273908844887,0.11619917883303155
254,0.016407969507250306,0.00021691572019577957,0.11294891273853663
255,0.008882579776374591,0.0035690667567765955,0.11025732765549703
0,0.005068172987872847,0.003292311572126571,0.10752954798297354
1,0.003512803193333622,-0.004711412991106827,0.10400767580817169
2,0.0018463163162638699,-0.012156855646924349,0.0994668397959817
3,0.005393051168313531,-0.010022307805363926,0.0958788359750119
4,0.011477697481429691,-0.0017719600563126502,0.09438875357078286
5,0.011143684853231268,0.0046516586798801204,0.09542893309451123
6,0.003888556673990601,0.00541383616124036,0.09809832701032412
7,-0.0025514802462345137,0.004374072015018498,0.09885685173823869
8,-0.0024932035268654257,0.003730723750661788,0.09817740701278016
9,-0.0013100885681493687,-0.0026710537840531727,0.09975158767079814
10,-0.001977766121485057,-0.009666753622392058,0.10198196411101351
11,-0.002684537666598555,-0.00774933018907167,0.1004886182943025
12,-0.005309006065211355,-0.002262073111237266,0.09619764628064659
13,-0.009541204411096446,-0.000474241501049584,0.09308787858076895
14,-0.010520502128388155,-0.0014838698689153967,0.09138545541367538
15,-0.007343919169640077,-0.00021991151100067552,0.08758300640422467
16,-0.005951808471738927,0.005076581853338646,0.08027350180347415
17,-0.005478222453775315,0.009587389052113537,0.07165365159943082
18,0.0007768784211676909,0.012853121159636091,0.06264723867498853
19,0.009796143037537512,0.015998473683988337,0.05366415729675854
20,0.008305880282817979,0.01173934700255748,0.045840153946773016
21,-0.007250319227297124,-0.0016915665298118526,0.03936292324716957
22,-0.019110673031931855,-0.01203554733286151,0.03543152072698434
23,-0.015204133359849954,-0.010805425004856622,0.03573600345565457
24,-0.006755820064342277,-0.005927387452626345,0.039595137723692206
25,-0.0016094468220199595,-0.004818945961414259,0.04402146810787032
26,0.003913494597994963,-0.00430933498507402,0.0451147451749737
27,0.007720444792790299,-0.003778307438655093,0.041947996271524235
28,0.007406540681511753,-0.0017490803120624732,0.03820054393944364
29,0.004923413238987082,0.0026841268498181137,0.035451529110014576
30,0.0028101551903358946,0.0038782379439916137,0.03132921341743222
31,0.003310858102029565,0.0007933917452691425,0.024794958121167526
32,0.007025824455634877,-0.0014347710294388,0.017038481134722228
33,0.011123675714238057,0.001557010430647314,0.009663129989453442
34,0.01184464611245907,0.008525703068234441,0.0040749235821837745
35,0.010444766270011958,0.00990068676030044,0.00011218170869096294
36,0.008784314253687392,-0.00025541591671122965,-0.004297526861905994
37,0.005613571150997705,-0.013224140521766264,-0.010405754845571158
38,0.002239995873208993,-0.016737013668367454,-0.01785747358910291
39,0.0035726525693615327,-0.00868473288552038,-0.026402263418667464
40,0.005827019640425618,-0.0014595441551117638,-0.03359090641018651
41,0.007312737451853915,-0.0012684160657447374,-0.03551460443319064
42,0.013314110068288233,0.0010874368805676264,-0.03238375760929249
43,0.01756072691445189,0.005179025309272882,-0.027292970800881333
44,0.017524775973196825,0.00344895984443213,-0.021809216724733113
45,0.017742943502034203,-0.0007906126105864317,-0.01686227249780703
46,0.020793654575472605,-0.0007644944855668204,-0.015541645429292969
47,0.02844756047541036,0.00341140672723287,-0.01873185767224872
48,0.03654333737476752,0.007726860383504272,-0.022538446721522172
49,0.041225389978160096,0.008868675139872093,-0.023262384357628257
50,0.041127219770727586,0.00750948192868077,-0.021078434718626554
51,0.034401079973931714,0.006560143780742253,-0.01887473238112536
52,0.02242992716093903,0.0035013938643614836,-0.018903139310229217
53,0.012346100754890094,-0.004733848061236241,-0.02122098260518017
54,0.009534287841639622,-0.014429465967355476,-0.023063532422985006
55,0.012102928728879622,-0.019807757842640383,-0.021037415606191406
56,0.01674265121634337,-0.019009751732025487,-0.014873507230113422
57,0.020655216282033664,-0.013609678271545175,-0.007085402266801086
58,0.0196570159807591,-0.005191582645703144,-0.000783530446024458
59,0.015383710698986364,0.0031448125742713218,0.0012324469978457764
60,0.013875740528937905,0.003770962861672063,-0.0015626498171526504
61,0.01687211640787864,-0.0037050935708622668,-0.006062453278534205
62,0.02342159393229279,-0.00840499488619191,-0.01006675587315764
63,0.02932804305145051,-0.008902122998172002,-0.01431565184008221
64,0.03333542093283101,-0.007952327041617219,-0.018205136427552907
65,0.0368521877413429,-0.004373129702573822,-0.020269472116546866
66,0.0384519239416109,-0.0024641476789801497,-0.0220521948887967
67,0.035878185580805744,-0.0017082615507797855,-0.02565273762333553
68,0.031454631649978394,0.0012456688401979166,-0.029313095309644405
69,0.03426171792166963,0.00394401485293254,-0.031709015918454445
70,0.0439350781905285,0.006648648839036264,-0.034839373608045156
71,0.052226185055443936,0.008886384512203693,-0.03952446401746293
72,0.05296435587112289,0.00590097753044988,-0.04428390204969632
73,0.04250917683842398,-0.0033271985661592063,-0.04864167361099879
74,0.026810913892230975,-0.014580417359984693,-0.05408451381335605
75,0.016810975538503345,-0.021637623978941797,-0.06081399671198923
76,0.013263147521765092,-0.02454120231164479,-0.0665189379043849
77,0.010861212442017876,-0.026654418124355483,-0.07019410620647643
78,0.011310696896622063,-0.024172343681453018,-0.07310291571560129
79,0.012690886410450089,-0.016279843924854542,-0.07535973293858964
80,0.008681809569932752,-0.013653045665349806,-0.07590305451715745
81,-0.00008617886476764564,-0.02395471914783054,-0.07499851682238537
82,-0.008606675716862425,-0.03797561566217102,-0.07393047000651706
83,-0.012936491376982315,-0.04424906796969763,-0.07320023314250415
84,-0.01249986854936569,-0.04182551889988301,-0.07259050877870182
85,-0.007765442778556356,-0.034360256045413484,-0.07204580076249967
86,-0.006746769258167362,-0.030975374800873368,-0.07089258134144016
87,-0.016146553045043616,-0.036697563194387384,-0.06814769708952825
88,-0.02232610536488014,-0.04364826099371749,-0.06365688717737736
89,-0.013828970146769162,-0.0447328858925744,-0.056936413848624745
90,-0.00207562376748531,-0.0452922548678536,-0.04821140772806591
91,0.0008442185625731208,-0.05058527273097746,-0.03895505147487739
92,-0.0017540659357220129,-0.052183645206648616,-0.03060619433720224
93,-0.0019588682696140836,-0.043199043298337236,-0.024378371242810268
94,0.0000360993473330351,-0.029740950834061745,-0.019954526185207308
95,-0.002774126946948542,-0.02604253988775944,-0.016304723059286375
96,-0.010081998866611763,-0.0356082903260887,-0.013096530284306046
97,-0.01327077905928939,-0.039743484209339625,-0.009572575830891022
98,-0.013518155527551201,-0.030874572200623174,-0.005401505806584998
99,-0.016431415914385683,-0.022323571404981174,-0.0016863362906794424
100,-0.014211695315962836,-0.01930109740365224,0.0009630615558380955
101,-0.00397724378789846,-0.01783716251462214,0.003178455629303731
102,0.0036500743940543756,-0.011718278461619713,0.005596429475311852
103,0.004980766381798632,-0.00038369268392920985,0.008019859495900679
104,0.0026750130724109145,0.0026850597666614184,0.01046723294758841
105,0.0002776974986312408,-0.005191839425185307,0.013815854041714065
106,0.0019137803531654868,-0.01089085660237292,0.01763498009447721
107,0.0021024951004295217,-0.014063621994885034,0.021420115007406766
108,-0.0013128164259646746,-0.01925642654627191,0.026265672304996074
109,-0.0001880290992273964,-0.023309658891714546,0.03198393544574453
110,0.003545737312410868,-0.02415134871115479,0.036688714429217076
111,0.002579487458898355,-0.021207128403765468,0.04004718170099339
112,-0.0009010322643574487,-0.013143287392673175,0.04302114941680088
113,-0.000525185247435625,-0.0022484792269825,0.0436829922544103
114,0.006026779129309101,0.004989601935090925,0.0400272555406726
115,0.016383297951229503,0.006515276519388526,0.034449970037179284
116,0.022175812100408455,0.0021222818842133034,0.030500751583225516
117,0.019906967072065428,-0.006133406439750903,0.02879252553350689
118,0.011369720436210099,-0.012558963722971134,0.027806564945155925
119,0.0014055112881387177,-0.01683457819319168,0.027985719974697884
120,-0.001524105225680603,-0.019367104792232748,0.031927217100322404
121,0.00046588466442772786,-0.01832082905839002,0.038412352966495575
122,-0.00053574004035516,-0.017401046558104205,0.04236268957283901
123,-0.007560084498199959,-0.0210241788918996,0.04377177026498605
124,-0.01150215312563446,-0.021980753370373078,0.04616061792093154
125,-0.007206153713268739,-0.015058819774915681,0.04924924444209522
126,-0.005893639017119798,-0.011385379734540527,0.052420745186534834
127,-0.009009161364504574,-0.01774535896533167,0.05806091385193374
128,-0.011633312074273719,-0.027618202007597556,0.06636225171485693
129,-0.01479667597333887,-0.03313570673368575,0.07371791325529939
130,-0.015418863089565825,-0.03141151487293644,0.07752962666434587
131,-0.013545232254851894,-0.0263305793339262,0.07678757845030285
132,-0.013031717576552922,-0.0216557471778394,0.07222007081668758
133,-0.014064629925600276,-0.0170614131916738,0.06713780344380041
134,-0.01719172458496753,-0.014255565579857618,0.0641129605194149
135,-0.018743866507844653,-0.014236917486201608,0.06268588857237115
136,-0.013639057874477764,-0.013950232364060643,0.06140411871231247
137,-0.007116602620006782,-0.012374766094291972,0.0605219167417172
138,-0.006154020421135123,-0.012921448308418945,0.060471841230737566
139,-0.00971771776126705,-0.018301172217259278,0.06132807270622996
140,-0.014422154092454533,-0.023599229632919064,0.06279878182498096
141,-0.0172430212063645,-0.022384566998729136,0.062213797618345223
142,-0.015729950019255645,-0.01885892633260383,0.05972192328252135
143,-0.00985343031396492,-0.019864283999101368,0.059187685470973805
144,-0.00019749609359343348,-0.02173971236170233,0.06004626530387208
145,0.008453415559486345,-0.019688381084169856,0.05908855701711915
146,0.009676496897588413,-0.015792347002502087,0.0567101356401975
147,0.005483457975624405,-0.012828596839487102,0.0543595314366415
148,0.003037267444343593,-0.01151554300160141,0.052446793159035825
149,0.003075487853655183,-0.01222823972834193,0.052503782295738405
150,0.0005908355155968964,-0.014876269619831989,0.0557417276097463
151,-0.0011075927167473465,-0.012983135129096587,0.06109757401090746
152,0.004789724476926709,-0.0031448534183504614,0.06545321377109667
153,0.0143701664257989,0.003273920688763282,0.06588629017845407
154,0.01678974968735429,-0.00018373907818762525,0.06316963506712725
155,0.013693299504471165,-0.004160355264912874,0.05944108765272621
156,0.015907702329244003,-0.000983699485051573,0.05652033180876484
157,0.020121951396101997,0.005285492558568167,0.05636229454592154
158,0.0189557913731766,0.00884871925445338,0.055773022939127635
159,0.012350849338997438,0.007044746214893344,0.051365651882541594
160,0.007250677230447283,0.000004073077078295406,0.04692285181681516
161,0.009051255836218547,-0.005297109695566855,0.045279567357634415
162,0.0064821506377572835,-0.006529680883955197,0.045946444213047596
163,-0.008184316678044048,-0.012371867100400669,0.04802672330459459
164,-0.024825237214947782,-0.02466045308019779,0.05023942410028637
165,-0.032303414697596844,-0.03072913387814738,0.05133436039443312
166,-0.025276725823993818,-0.02252505181003954,0.04925544894954234
167,-0.013691470490090313,-0.012825117862360666,0.04488413506531824
168,-0.015077869804328237,-0.01618154516113918,0.04136789721101897
169,-0.02590767795505146,-0.02567772950004219,0.03845958886361865
170,-0.03147515520289948,-0.027787627504824806,0.03535149104112115
171,-0.031316166345780015,-0.02455506090486826,0.033712938229169424
172,-0.03272708755401428,-0.028226806128784365,0.034593727538318644
173,-0.03139590646331053,-0.03477003280805785,0.037791642399800054
174,-0.023392138546176444,-0.030342069760672302,0.04246350902754634
175,-0.020152847120117945,-0.023959426322874344,0.04434570701462223
176,-0.02641994134012665,-0.027500406836165392,0.038389383317224024
177,-0.032466834822212326,-0.03490571489041566,0.026774777154208618
178,-0.03699882294570758,-0.041773580429267015,0.014278232563722792
179,-0.04218259552112309,-0.04308068893998562,0.003465312333413073
180,-0.03459137498671906,-0.02983976646936906,-0.0035047967146921155
181,-0.01423136351203743,-0.011425938717889439,-0.010013439581314162
182,-0.005040597493632802,-0.008694925695476932,-0.01981328918646351
183,-0.009386241478130095,-0.01757134057318213,-0.02927207854824171
184,-0.011785460116186572,-0.02369490335967607,-0.03360929776206095
185,-0.011528936785385413,-0.03074692042634887,-0.032981295699687
186,-0.010312321353863133,-0.03846227379804081,-0.030402289059532475
187,-0.00863385458219416,-0.04034742937551542,-0.028642736251307914
188,-0.010224837396889813,-0.03541063346178699,-0.02989269730686145
189,-0.011056089757058407,-0.025676101296778192,-0.034555653535391063
190,-0.0065686005166246675,-0.018872781559876387,-0.04125505289998867
191,0.0033975398432137295,-0.017642749860825202,-0.047408759525991384
192,0.010990464937092236,-0.017002270931820496,-0.05249487436257266
193,0.006260227990296151,-0.017170906407302858,-0.05854112353933405
194,-0.0042074127802103276,-0.016750450666179147,-0.06587198150493948
195,-0.01535987421176125,-0.013944810804082379,-0.071921799574766
196,-0.028601900367923396,-0.010617843101594818,-0.07432399267264689
197,-0.03733314950897477,-0.010876684081168389,-0.07539832262323318
198,-0.03430867131920725,-0.01804633209646636,-0.0770438688096545
199,-0.02065444049543995,-0.02349176767770504,-0.07810270885594783
200,-0.009386331342495433,-0.021813040264798383,-0.0786646998073923
201,-0.008123173207314816,-0.016777457444628455,-0.07863187141305819
202,-0.010441832198805207,-0.012211669599954983,-0.07806510239955139
203,-0.008986986881571374,-0.010455139323553575,-0.07796882694233889
204,-0.003854197121249417,-0.01050419746699896,-0.07798762114929395
205,-0.0012553314650282088,-0.011819026280427816,-0.07620135924344804
206,-0.00586181784610601,-0.014873914388911808,-0.0709560160902086
207,-0.01413155451214021,-0.01466723821831066,-0.061975260137554555
208,-0.019528947887715004,-0.009423825460304291,-0.04944208825042745
209,-0.01913079309951883,-0.003883164718557791,-0.03485286147295022
210,-0.015389750125366614,-0.00014765460574285572,-0.022095540271713565
211,-0.013122583424516304,-0.0006709755863749944,-0.01342998799947312
212,-0.007911913412296773,-0.0012196270659152464,-0.008559147650021116
213,-0.000573342607592453,0.00130787137563039,-0.009048446159448852
214,0.00227649283499895,-0.00000580320758758468,-0.017552236742853097
215,0.0033852941336731113,-0.006212510952491174,-0.03357649013804398
216,0.00657978078964172,-0.009014704527542314,-0.05501975115955736
217,0.01204397752142633,-0.0076153551430128835,-0.08053514388345229
218,0.012550577436306415,-0.009000345376399474,-0.1067523545719706
219,0.0033639030055246655,-0.007789898773376297,-0.12920368910683117
220,-0.008592808903301274,-0.0025223890208816435,-0.14555182546968493
221,-0.013763550712336009,-0.0023771739189989705,-0.15393635407602624
222,-0.01116391611764661,-0.008429857202922747,-0.15536525148482372
223,-0.009524120445355139,-0.013380039452693282,-0.15481387402567715
224,-0.008623177109933294,-0.012680547882486307,-0.15369792707072039
225,-0.005312021734203101,-0.01203150188476404,-0.14958382524933317
226,-0.004551749815002892,-0.011505844187603295,-0.14186444994525332
227,-0.0036280153515267366,-0.006597010345468848,-0.13182922174139083
228,0.0029083206620946767,-0.004269081351031254,-0.12243719950184356
229,0.010238498483955874,-0.009418011374295349,-0.11640445253443782
230,0.007263398909551397,-0.016471022315006217,-0.11296535399155166
231,-0.0033593489828086104,-0.020582706567726983,-0.11134282018202224
232,-0.006779774519276596,-0.022293188502637756,-0.11090552428008432
233,-0.005168091511016978,-0.02404033469578662,-0.10960000263438952
234,-0.006283383377880522,-0.02145034350296671,-0.10587277154256752
235,-0.005833890509658657,-0.012893182354996542,-0.09890288219366705
236,-0.000020555528171380122,-0.004656496207880577,-0.08807271501316302
237,0.006484187880051839,0.00007941529999837965,-0.07421259144219358
238,0.005706397994444085,-0.0023277026837421715,-0.06060951432659667
239,0.003334418490823818,-0.005399042007893713,-0.050163656661821765
240,0.00630953653967594,0.000488111678552762,-0.045323572451754196
241,0.004827051515102515,0.004667995805301757,-0.046795582752029774
242,-0.0015876693710037276,-0.0034603661547383396,-0.051061707129986075
243,-0.0031699695515634008,-0.014779071728117273,-0.0537069231884167
244,0.0010910878838832905,-0.017107266442270144,-0.05217965253701075
245,0.0075069274410694,-0.010767561300417047,-0.046110491170553505
246,0.011110063227500716,-0.00003504039735790013,-0.03882120128187069
247,0.011406753731382759,0.008376180205869742,-0.03530570176063966
248,0.009877138939675748,0.00768738312658955,-0.03705560238352315
249,0.009108972884185565,0.002432639148223628,-0.04215241737267525
250,0.012093384866358164,0.0008691947828472976,-0.04833110471809238
251,0.014185073125689285,0.0018543400484613871,-0.05395671692602676
252,0.012963172256683884,0.00015566891897513674,-0.056680787555243625
253,0.007935590908625771,-0.001748369132397315,-0.05454498834894962
254,-0.0008441727144435085,-0.0011211466760751784,-0.04880716174665593
255,-0.00039047872779229484,0.000250998280976196,-0.04223547906704206
0,0.012804284437180073,0.001999296657026802,-0.03703102311144868
1,0.02193520221102741,-0.0001701879092603567,-0.03426524641376885
2,0.021920591951770492,-0.006083298453507961,-0.03331291887779439
3,0.023194074101788337,-0.004461930154504877,-0.032481055540708056
4,0.029096473628678246,0.007210419304048907,-0.029655895268704806
5,0.029598950295669432,0.01774865237748293,-0.025649580517817003
6,0.021187088493224066,0.019007032552462208,-0.023431577904458586
7,0.012383861234275637,0.011680202668149162,-0.02335253781765387
8,0.005708651132203112,0.000033757441402396116,-0.02400287280821663
9,0.002810583717969141,-0.003752349503609559,-0.023664739829463405
10,0.006022116925493794,0.00720327375380226,-0.022816098516291905
11,0.010876414036700338,0.01878284630242405,-0.022805105204251386
12,0.017620978171158444,0.01969468891912493,-0.020461397814095006
13,0.025129041451414896,0.014696711727488515,-0.013538004983254887
14,0.025510173158790853,0.008888459364349496,-0.006472400579265292
15,0.018134424359072837,0.0047587093639871875,-0.0034910752634047804
16,0.012736312550583967,0.0059829922126854035,-0.004190616698662497
17,0.01735998818546733,0.014671064935863481,-0.00746271340506903
18,0.02224044521847346,0.024264683977508292,-0.0118182138295497
19,0.02028514761487213,0.02469284335277311,-0.016276555749270213
20,0.019092441089728684,0.02016555739767741,-0.022301295127500856
21,0.025537706379424083,0.02119440522698281,-0.028384694667579285
22,0.036171253309129625,0.026006928188809047,-0.03062436125237808
23,0.039535687930146765,0.02618281993941776,-0.028201440246249265
24,0.035715439632234065,0.02099622679616421,-0.021768152911897265
25,0.03322644699496133,0.018078439500062243,-0.013429509327160985
26,0.03734737939963978,0.02147093511700178,-0.006980794003218896
27,0.04635903470939201,0.02714421205351325,-0.0037634789133035376
28,0.05312970922318111,0.033905394094164015,-0.0014602463652044623
29,0.052328295639264666,0.03774455848334575,0.0014255814838408792
30,0.04549583287979894,0.03191274560389184,0.00275786287624568
31,0.043419955177158485,0.023573726609623126,0.0009621518821944924
32,0.049491207641453296,0.021351447491702653,-0.002805995309179042
33,0.052701255154313786,0.02425473922392702,-0.0063246725373306
34,0.046633805330427505,0.02565166295914692,-0.006753797583796406
35,0.036423057080015725,0.021555926872151757,-0.003326863199687835
36,0.033567074671972064,0.018659207153423257,0.002180473839271453
37,0.04391103367691837,0.022278414645128017,0.007904302449000283
38,0.059208526088252916,0.02907939560020631,0.012934237792196046
39,0.06810369899662341,0.031851053311318815,0.018171921226042664
40,0.06323686824941976,0.025708955541293856,0.024173931552922898
41,0.04825220461592068,0.016232758376285246,0.028555557899874337
42,0.03541421636637179,0.012361415490462248,0.02901264070778692
43,0.0324223400225474,0.016631452789012374,0.026499485632541758
44,0.03873026537811508,0.02399792408595061,0.022887451929278282
45,0.04740113069739621,0.02531871683715009,0.02041261699496625
46,0.05449000630178938,0.02000203454110299,0.021225510991712007
47,0.0583778868714625,0.017763754868066035,0.023836989123464887
48,0.05849857525038339,0.021983531957270035,0.025670999027830675
49,0.05473874077683885,0.02661132467619102,0.026728123495746603
50,0.04686679759315163,0.02913328974110202,0.028248363730364386
51,0.04188019858023179,0.03033754929492448,0.030228326385148746
52,0.04238349647086215,0.026670122004612995,0.03184835556496128
53,0.04354938211453835,0.017662471332340626,0.033220758954641966
54,0.046374917138821165,0.014174434695424384,0.03420366380264839
55,0.05119501608269306,0.019886436514964953,0.035750905955708234
56,0.056054849133159015,0.025076962166036842,0.0409742539609797
57,0.055826579374155014,0.024338853043944217,0.04942182080499677
58,0.05130327141968753,0.0243931548252281,0.056126445511542125
59,0.051960508310033085,0.03116930233351617,0.05878048571349839
60,0.051533644972379195,0.03731592373578936,0.05967500084346575
61,0.046734879672581664,0.04037529053169585,0.061979765452866514
62,0.04134276505668394,0.041078473748861394,0.06606844725315353
63,0.03463905358647354,0.034661541403404134,0.07060953130767697
64,0.03436580545660142,0.02723628671574152,0.07474563580664015
65,0.037031282255060825,0.029445228196698425,0.07828694038014011
66,0.03234449922795806,0.03553042401195301,0.08161315558857085
67,0.025294520088629924,0.03356084642701908,0.08451663402453866
68,0.023983964385801432,0.025328092367163116,0.08770554369450514
69,0.026222844061238555,0.015735191329076914,0.09162727141920793
70,0.02785328022575212,0.011647869423886934,0.09490952822102008
71,0.030304496052630386,0.016679279314452004,0.0969680238983503
72,0.03290688895869373,0.020781470253796744,0.09778984085512776
73,0.032263297972075944,0.0186578359423598,0.09622078156832736
74,0.028736190718011437,0.016964067727024024,0.09312758304410201
75,0.02712213207410681,0.02061918367947671,0.0921658453828097
76,0.026414812553937538,0.02634938280650269,0.0937546164186579
77,0.02284401055656326,0.027800125894614017,0.09447702234430347
78,0.0178060160530625,0.02164701943917122,0.09274082609989259
79,0.017163018040112818,0.01795756310557685,0.09016544341117161
80,0.020919326461860607,0.022118343037740087,0.08761977119328829
81,0.02287397935220166,0.023333895966698798,0.08508993106703969
82,0.022683913063143185,0.018703920263468732,0.08343379627416597
83,0.020634370508775687,0.013424650935426163,0.08209601917252163
84,0.018929317778403315,0.012173914255818888,0.07966218601714753
85,0.020699078193603657,0.014695825696895516,0.0771854030235869
86,0.0217218971842112,0.0159968394797623,0.07700456479606982
87,0.018510967883622092,0.0167283628447112,0.07899660650627507
88,0.01663180744993205,0.020797780252793496,0.08169932294589116
89,0.02046120576430514,0.02520186930808214,0.08220499905358583
90,0.02362785506705936,0.02270897414248823,0.07602057140790036
91,0.01936398011028885,0.014581519736418455,0.062475635896402815
92,0.015142299953638777,0.012683622012653217,0.045960716575639604
93,0.017964606967279695,0.019770879061106805,0.031269416934158245
94,0.022979451093630476,0.025811681476374346,0.01846935983030179
95,0.026804742804659568,0.02707032370120077,0.00568599098739811
96,0.028776675852493855,0.02701722800204695,-0.005167174185068096
97,0.02858140640054701,0.026719494444216417,-0.012160830315133375
98,0.027524002460492906,0.024046947230088156,-0.017671242723992425
99,0.029589638880484707,0.021227074597919306,-0.025697844876759912
100,0.033980386598808754,0.02569182238826516,-0.037804952107170664
101,0.031108606074277262,0.029255139655196494,-0.05012356453195452
102,0.022534192985736223,0.01803977019347691,-0.057429997502289845
103,0.02142970420454507,0.004618132018604587,-0.060896377143184244
104,0.02550031013959654,0.0027163148340288573,-0.06547355196238167
105,0.024304367812736448,0.005938827230532753,-0.07277980251652258
106,0.01846925021782518,0.00436441738833384,-0.08127835053963794
107,0.011880207940753932,0.000452915802143683,-0.08877951105775417
108,0.009298497608079326,0.005574383409317124,-0.09542009015730196
109,0.01506985068529308,0.016305417286683624,-0.1031762932887918
110,0.02099963511838627,0.0204156255650238,-0.10964210546272612
111,0.017654551870976115,0.01861131021540388,-0.11094388542147149
112,0.013727387460975168,0.019938030422417707,-0.10813054026212729
113,0.01703235455295049,0.02507695515215172,-0.10556335363547426
114,0.0239683110342426,0.02846287340808798,-0.10581513568436601
115,0.03204009830915808,0.025873623060072945,-0.10833815849042805
116,0.037405076042098355,0.017583708089559252,-0.11288766242899323
117,0.03760864932017452,0.00978183727111058,-0.11961875122981619
118,0.03261159962263659,0.006982450636610377,-0.12753787511268144
119,0.019657288359852657,0.007453493325789012,-0.13341769007667442
120,0.0031470918168190892,0.007509778829403804,-0.13214355557504337
121,-0.004158054198626679,0.009807506227441795,-0.124694718742076
122,0.0014710200185624467,0.012976439572065374,-0.11805371443470875
123,0.015257544649872556,0.011036765884849864,-0.11507423643922793
124,0.02600676370079638,0.006229074462630629,-0.11467862205987162
125,0.022666536380555588,0.003960246817908228,-0.11643221003862975
126,0.013772666829420604,0.009881209108384525,-0.1205889295063643
127,0.009041505658929985,0.01740664035991553,-0.12576325499339708
128,0.007183176547430489,0.010516123926144899,-0.12966804677393173
129,0.010928375697346254,-0.002970978004261965,-0.1316295490615879
130,0.01841426661882606,-0.005333055720709259,-0.1307574395620158
131,0.02219389962330756,-0.0007212689954946283,-0.1273532842000658
132,0.01964303835532373,-0.0007447175932328645,-0.12374950446245042
133,0.01381951702777956,-0.0014553333487255377,-0.11985702195726872
134,0.01162256188762631,0.006369664182582217,-0.11496745782368972
135,0.01060463658643064,0.012329862010821653,-0.11064581510436927
136,0.0065214623022135515,0.005319540332411457,-0.10831630113707086
137,0.0055574032230696555,-0.0032987454819744313,-0.10773667585076918
138,0.012686653129583239,0.0008869039006445742,-0.10835954640196849
139,0.025767745020249505,0.013880026521988512,-0.10973240832413578
140,0.03276741560432177,0.020218417509438723,-0.11033880243915728
141,0.02375191846145619,0.01602356620197196,-0.10913417794833585
142,0.011074357274813817,0.011366197900784261,-0.10705151816837893
143,0.011506386470603647,0.013973622545784312,-0.10506206880774349
144,0.019114806568227158,0.018147977562007325,-0.10199039902521617
145,0.02148185678382849,0.017313828403560577,-0.09872798164810614
146,0.02107354380285892,0.016695593995638983,-0.09744685233738262
147,0.02343687266151651,0.017555673808462922,-0.09621598632831327
148,0.023614462003924128,0.011016807082627346,-0.0954742041131233
149,0.017175281064284648,-0.0006909618701802546,-0.09715873523854077
150,0.013754979658009148,-0.0024419404989529294,-0.09911932087987493
151,0.021769403693342904,0.006800095877360385,-0.101238924034048
152,0.03169575246786252,0.01668984949954304,-0.103422219552049
153,0.030613745172068038,0.024178547520979726,-0.1022186959692673
154,0.021826315718437444,0.026871546735688832,-0.09784519264299585
155,0.014782970671155873,0.022631094692105225,-0.09257758522490989
156,0.01052447472618211,0.014997417636015753,-0.08679846869112917
157,0.006890987345168055,0.006338211727243456,-0.08278952198549863
158,0.0003633669111077209,-0.0035274453404879336,-0.08225868547849566
159,-0.009610621570880863,-0.0123386335069538,-0.08250065045741442
160,-0.013935718667418301,-0.014146095714503842,-0.08165593813607824
161,-0.0086785751128243,-0.012352563556776525,-0.08155710444627348
162,-0.0047817159125926045,-0.01499473085003497,-0.0837931990618378
163,-0.009023869407120716,-0.017167300336958596,-0.08796082185228377
164,-0.011442276694328055,-0.010891694930862339,-0.09254737183169187
165,-0.006080450713907948,0.00018135213370230885,-0.0949027403686395
166,-0.0048767720954146325,0.00008650758589728857,-0.09440938542657895
167,-0.013983827456646142,-0.014819967087240093,-0.09274830508459264
168,-0.021575100406792024,-0.027226959235033585,-0.08917299405181547
169,-0.020239280930022155,-0.02409275513411341,-0.0831336716902944
170,-0.013873277704143393,-0.009065217913056395,-0.07689499836715138
171,-0.008032188429129762,0.00044036499294748677,-0.07270235006650971
172,-0.006805183725260275,-0.005515447354365599,-0.07141671496276097
173,-0.009805165360967871,-0.017056253666196897,-0.0736273209647616
174,-0.016133124062731263,-0.022922334596341798,-0.07860763267189066
175,-0.023875537938311167,-0.022973393936778982,-0.08380245013206722
176,-0.02388487547310786,-0.019371667297368833,-0.08781319860871645
177,-0.01669193031581051,-0.012676294968104171,-0.0905010144791199
178,-0.015975256511539394,-0.007753299484773768,-0.09274487975598963
179,-0.021286329360700653,-0.005527286429235806,-0.0950439049846259
180,-0.025657310802489633,-0.005602566856898229,-0.09590673394939764
181,-0.029077518361911373,-0.009891464085952179,-0.09385960471312776
182,-0.028557401540166782,-0.011570851357900883,-0.0882703293185031
183,-0.026540137695032995,-0.010325434571297268,-0.08075973914357701
184,-0.02687276352705914,-0.012247394315382285,-0.07556994613309537
185,-0.027932616924810333,-0.013243035527034971,-0.07474771361970728
186,-0.03116360059074438,-0.011218628240551407,-0.07510557130236259
187,-0.03182198122966651,-0.01031812327007256,-0.07377177348772745
188,-0.02872125499982671,-0.01468167704324723,-0.07104325791485366
189,-0.027412875889497583,-0.017697861922754986,-0.06640277428959004
190,-0.027470043177152022,-0.013592163618131259,-0.05996126490310971
191,-0.03223490003691362,-0.014651752263416015,-0.05500723389159426
192,-0.04002259973075678,-0.02401915681031508,-0.053978781412920174
193,-0.04329778890243119,-0.029048437749125494,-0.054736414557832125
194,-0.03924318066254298,-0.02568701723301428,-0.05530314806572917
195,-0.030265518069138825,-0.017873853042489618,-0.056735896989711265
196,-0.023324630285368173,-0.009829977670012778,-0.059772103868797694
197,-0.023630863615534098,-0.0050691059631965685,-0.06305779236548967
198,-0.029553032797090734,-0.003820525142049988,-0.06348949492886519
199,-0.028712003991737123,-0.004302177498646465,-0.06087497718912374
200,-0.019034512614608902,-0.0059117105536829195,-0.058659633030268526
201,-0.012797548921364747,-0.009203323371394926,-0.05770330610808938
202,-0.015273096231049305,-0.012534546782544731,-0.05630475569766172
203,-0.01852025916031047,-0.013772622867265147,-0.05296709142147091
204,-0.01789977800890899,-0.015247737999096185,-0.046809548981072924
205,-0.019359303327455224,-0.016630965141142803,-0.039625999301534764
206,-0.01960877441989279,-0.009611040090726906,-0.03474820592286734
207,-0.012410128332186073,0.004340746277975122,-0.032964289850220534
208,-0.0019092936942718903,0.012985547360273103,-0.03204251390603903
209,0.0011119245690168738,0.010478957187713064,-0.03030465223977312
210,-0.007104625748948151,0.00018235355757465627,-0.028616812127361446
211,-0.016424891665615136,-0.008666714865328232,-0.027397984858862384
212,-0.018490649850714216,-0.009430417231440794,-0.026139150760028707
213,-0.015725702550226647,-0.005916770986182172,-0.025942523975954132
214,-0.012040509447605922,-0.002766710641481429,-0.025747510208548124
215,-0.00889461944910673,0.0025249622621067586,-0.02125933700924379
216,-0.009039939494531704,0.0031750815525443538,-0.011897706130145772
217,-0.01411303979800451,-0.007427485326532576,-0.002026399722395926
218,-0.019650594308957436,-0.017688732522537706,0.0038042706988318346
219,-0.019323054064485097,-0.019276729238145593,0.005752535575830341
220,-0.014606691010996598,-0.015268422510593085,0.00965760396650604
221,-0.010052521998157454,-0.012117579146956228,0.01971738399025771
222,-0.0036243742164982357,-0.009143258413008046,0.03155821991474608
223,0.002721908610846119,-0.0023354052434342645,0.03840141687682251
224,0.0008246641503220353,0.0005245320807476805,0.04086518709744108
225,-0.004264477981245365,0.001149631353467337,0.04287788223908763
226,-0.002780927675729482,0.01028309178188487,0.044399109105937806
227,0.00267273502030118,0.017634076118973843,0.04370041582422643
228,0.0075714831346573655,0.012066795850221856,0.040656886769154965
229,0.010624983981099886,0.003541890489513616,0.03601410845220318
230,0.008763930806284723,0.000902809643078234,0.031857122319131154
231,0.0007047412599993988,-0.0024069746696483985,0.03011792694648195
232,-0.005747927463698038,-0.008203667084368399,0.02990090951194627
233,-0.004137967866235527,-0.006921780354268825,0.029517318011044194
234,-0.0005373116438166722,-0.0031093331012196357,0.027627912998444488
235,0.0007321057718753937,-0.0026831344122430767,0.023637046354184857
236,0.0030255375644302057,0.001317945992745928,0.01979094827682816
237,0.0063879113643821595,0.00570994849742848,0.017251302239104926
238,0.006291323669697493,0.003931192508404818,0.013160684699682068
239,0.0028882781785502312,0.0025193098317808083,0.006826513780304952
240,0.0017435376012233383,0.005474880915844499,0.0016153416522820124
241,0.0029826993016358744,0.006387727708684093,-0.00022453633505153947
242,0.0012494715116405236,0.0005147507862133249,0.0011079286403689464
243,-0.003681051361822993,-0.010938822535653148,0.0030167801427223584
244,-0.007977109238949079,-0.018653660581108664,0.002232905267219157
245,-0.009495657600435026,-0.01520078465219124,0.0010898171638919693
246,-0.008943373506909935,-0.006974659431674468,0.002426610685655091
247,-0.007923193770413547,-0.0022989167658338805,0.003883734065939351
248,-0.007545808216296961,-0.002315245265480173,0.004070970631813733
249,-0.010501318615537221,-0.00501763512996925,0.004435996781650978
250,-0.01475705493766026,-0.008811098775463932,0.0056637940817805404
251,-0.011209757557533798,-0.01084268655228815,0.007033507441957729
252,-0.002340323618737837,-0.008648733207976933,0.009108158401385416
253,0.000663312253336476,-0.005034783607613419,0.012257014947260753
254,-0.002242981604765895,-0.004449598482862624,0.014832301914032203
255,-0.0064284409290612105,-0.009707053959382761,0.016367170696456268
0,-0.010543936688006295,-0.018284477283026013,0.01854778811564753
1,-0.013946193792243287,-0.02019405579245187,0.022004191848333604
2,-0.01563238015830842,-0.011209428355581225,0.025074881103617358
3,-0.015132425795268419,-0.0008939852757624822,0.02644551666415318
4,-0.01621412345453672,0.0014971742075552963,0.026063464713268564
5,-0.02108287090329193,-0.002012964248243043,0.023434805418850083
6,-0.0241240199543038,-0.0065010954311818525,0.01795217651744036
7,-0.023488347179392174,-0.01165341153863872,0.012137901123746804
8,-0.02176447983004616,-0.014641876311721314,0.009903865128813423
9,-0.01852868632067116,-0.00961956016480961,0.01086643169082295
10,-0.013678446919003648,-0.001570268921691098,0.012234980766584018
11,-0.007780236185434677,-0.00038115008466851896,0.013474848509508947
12,-0.00518331606459068,-0.007925353771589788,0.01562744520750646
13,-0.005606773074191156,-0.016683556333056626,0.019041864800112232
14,-0.00011237355627759932,-0.01394437922673819,0.022894366425329868
15,0.0076100092081952675,-0.0017992612883227788,0.026728206275880885
16,0.007820310495314897,0.004951835364671919,0.03064064432503044
17,0.002486923625581533,0.004652793976454489,0.03421156657831015
18,-0.0007208931925709663,0.002427380257397707,0.037350166794854506
19,0.00323875980415151,-0.0004662271558391329,0.04012900914206198
20,0.009171395554373712,-0.0012686415056663292,0.0425439126377731
21,0.008194133614005054,-0.003696956804801227,0.045288710926904674
22,0.003342343441679628,-0.008826103393260835,0.04886176196614131
23,-0.0012972714273589842,-0.010291093261601283,0.052244061709896705
24,-0.006212835787086701,-0.00806392154363808,0.053775330487562334
25,-0.005552037046079095,-0.0033548332348698195,0.053170841225507914
26,0.00018420351511085759,0.0009869117271970734,0.05044886362284505
27,0.00192411229975413,0.0006794608896336374,0.04623243173929474
28,0.0002245613335771987,-0.0012624659390599868,0.043472581848416667
29,-0.0007479896971124139,-0.0022716546592016773,0.04404536178174932
30,-0.0011269882171448115,-0.00353158155250044,0.04653047242316222
31,0.0014575312523014208,-0.0010995029713022075,0.048009806912217096
32,0.005466112099492895,0.0066656563195506835,0.046571571891683455
33,0.00474032491053545,0.010539622244768045,0.042408489078164496
34,0.001690053730013949,0.0072950443922348285,0.03623909113285714
35,0.004307847825310018,0.008225908029448087,0.028933721003190707
36,0.008991104132772224,0.014181340367348,0.02230163936430178
37,0.004684213442800719,0.012494970971236655,0.01762018238427792
38,-0.004744103852303186,0.0045614935319932964,0.013996058475163605
39,-0.00966314068433792,-0.000562851996630101,0.010088997028657207
40,-0.010381166363437486,-0.004428080173456583,0.004817918484454032
41,-0.0077398418077776615,-0.0063931705202612266,-0.0020403746640497078
42,-0.0008591703187977723,-0.004198387252966722,-0.0071191650302749356
43,0.007815592184081122,-0.0026539219148760534,-0.007531183047469164
44,0.01306574907041835,-0.001165487047907518,-0.006655364411622533
45,0.013868930121295253,0.0019863969908983786,-0.010275832821372332
46,0.01315603357900734,0.0026200360401122252,-0.019131386067269066
47,0.011337790379986334,0.00016639018526354993,-0.029330049216705394
48,0.009022533821150064,-0.0026618243148892884,-0.03845930364249554
49,0.0062833740826060205,-0.006077669203376934,-0.04702353591877484
50,0.001960570620619481,-0.008046480391052893,-0.055168477667504504
51,-0.0030563529429209688,-0.006258821436716661,-0.060322306934870756
52,-0.0053012447376082905,-0.004960579297768927,-0.057519572273707104
53,-0.0007882516985762839,-0.0035434092668971406,-0.046967046028153187
54,0.0035497996818990643,-0.000770367155981222,-0.037403367806411236
55,0.0009159263474367296,-0.0018667181120824161,-0.03299696676876018
56,0.0003048552522584014,-0.0045863777591583915,-0.029619869071989005
57,0.006424858114312322,-0.0022370411673477003,-0.02571945580014703
58,0.011701766371202307,0.003316597617487538,-0.023939548340413317
59,0.013032692437016456,0.006384839091450323,-0.025215484793203673
60,0.012948846129672613,0.005511870201127311,-0.028030955745043645
61,0.007835069671210127,-0.0005706222145469425,-0.03154871860915065
62,-0.0016045638584995178,-0.0067426854179524695,-0.03480677203361432
63,-0.008498358798045667,-0.00374669263667992,-0.03639741598811344
64,-0.011450347582051514,0.0017651570226285274,-0.03570424885223544
65,-0.010441182985208304,0.0017276822175931253,-0.03337107883263643
66,-0.0053056779269151436,0.001857006519341932,-0.030389300871823927
67,0.0013439465874304224,0.0066293579081803805,-0.024796218280365073
68,0.0028588290919833656,0.00918620044693972,-0.014398934027442585
69,-0.002973418841794001,0.003383963311933906,-0.0012664858853039668
70,-0.00991871956974718,-0.004342149332009725,0.011546972118568907
71,-0.013652941061269797,-0.009310138830397347,0.023222663711054678
72,-0.012931637576751837,-0.009341406652236331,0.03361201852861585
73,-0.009692209741674597,-0.005467013633802949,0.04187011570116231
74,-0.008643649550300996,-0.004993643359302944,0.04643328675474934
75,-0.008771003845658293,-0.00519092403935284,0.046524623537121654
76,-0.006002264588063702,-0.003198923378992382,0.0416044411753792
77,-0.0024198291124607613,-0.0029975805181676474,0.031172695759552865
78,-0.001712028396729355,-0.004515427012865192,0.01580748277449809
79,-0.003216623207458899,-0.005306643055800673,-0.0040181013639630225
80,-0.008475379505068215,-0.005368552982972497,-0.027583066979545656
81,-0.01303799865803143,-0.00897872678978818,-0.05249110624819728
82,-0.010996157572044127,-0.014973201368779287,-0.07524353185161153
83,-0.00877728778126248,-0.016016450393512998,-0.09391089690153115
84,-0.010975492256631879,-0.011946739827616328,-0.10636125497779153
85,-0.011913816949780803,-0.0065958612176749,-0.10921453697233996
86,-0.004802055626345891,-0.0017018773552434432,-0.10359699853059612
87,0.0021080197715034887,-0.00008052070339445438,-0.0959940336885331
88,0.0019402786858524201,-0.0031402333512236327,-0.09087669918965191
89,0.0033746542611519936,-0.007700402720305852,-0.08592077843674539
90,0.007237813492388057,-0.013106470518465113,-0.07730303332008095
91,0.007320968863315819,-0.020507569718471716,-0.06714215860020006
92,0.00380220374328355,-0.02329760093598722,-0.06056252287404827
93,-0.0020718016559351515,-0.01587388031780656,-0.057316824422943446
94,-0.010044031760589905,-0.004758293650977935,-0.0533330572965422
95,-0.01407992146282934,0.0022451987602319923,-0.04801104101773984
96,-0.01323874488910834,0.0019923921805353184,-0.043882467531249636
97,-0.014884842131148907,-0.0025706723401840437,-0.041333125447363755
98,-0.017398983689858677,-0.0030559818113120862,-0.0365531644669541
99,-0.017835089254129383,-0.0015135789434208846,-0.027280530434960953
100,-0.018045456240113555,-0.004432084849082696,-0.017704522740729672
101,-0.012682047596714215,-0.004633044239170325,-0.011678498737053733
102,0.000984323747154514,0.003423739734242398,-0.007432697842990138
103,0.010937024225145392,0.010104358670188773,-0.002279587730925757
104,0.0023895489779324555,0.0020220826878833698,0.0030377126291354084
105,-0.02100948834605485,-0.020819166159231017,0.00625016701038951
106,-0.03808889590442045,-0.03900597627786,0.007399104003619469
107,-0.03794003861104997,-0.03964987003184975,0.008387989144061865
108,-0.02699789652775264,-0.027476315259519858,0.012454381228777484
109,-0.014466952302590652,-0.01197343996218353,0.021143397496689864
110,-0.010668571585347814,-0.006480380540685497,0.030644313084245006
111,-0.021790047892191994,-0.017375063269400297,0.03552277057138384
112,-0.037507589238005797,-0.03300579546932651,0.03280886796173968
113,-0.043281812533687444,-0.040476416446545115,0.024461150439674173
114,-0.040665408827077726,-0.039417875419037525,0.01633595165818312
115,-0.03699131889044124,-0.03634278798208834,0.011514024114492614
116,-0.03175330902736449,-0.03419928246904674,0.00789638816723058
117,-0.026631619583197402,-0.03234565569865547,0.004374857820420505
118,-0.030135531468870297,-0.03524796142035544,0.0032895593102336557
119,-0.041504829616722694,-0.041896506999909155,0.005358107962542491
120,-0.048405182489234144,-0.045057871390413826,0.009870871426000523
121,-0.04586258753702262,-0.04382671649152084,0.015587283580034684
122,-0.03636406341586882,-0.03879088378212715,0.019791445349951205
123,-0.02449449536500361,-0.03359328760434681,0.021804180090917155
124,-0.017898527264763743,-0.0329702350564751,0.02302483431696059
125,-0.020235990411372244,-0.03528325670084803,0.02277727254146758
126,-0.028864125199268967,-0.03771299990289917,0.020842166022733075
127,-0.038503840982219456,-0.04138041722936611,0.018035618062624402
128,-0.04334315876194972,-0.0464404239822359,0.0128957047894467
129,-0.039343737165184994,-0.04523856466522644,0.00792175657867297
130,-0.03196734758727535,-0.03747441258346397,0.006235485928487616
131,-0.028952340792663497,-0.033548957229737206,0.005688199486052601
132,-0.030344136785236966,-0.0372201440389925,0.00505325273328606
133,-0.034623677214425566,-0.04552770553486095,0.0031444360558773796
134,-0.0350965922838697,-0.05422197159676713,-0.001275604628729693
135,-0.026694966898785505,-0.05727228695983638,-0.006671673794881115
136,-0.014559393248642208,-0.050668584770052344,-0.01117023757057099
137,-0.009424420279247309,-0.0418058096685672,-0.012983507375544968
138,-0.021653933572089598,-0.042252793496286606,-0.011781457566027352
139,-0.037435484028555066,-0.0459433792944039,-0.010124821565410183
140,-0.03382393382118277,-0.0401886326997859,-0.010140046073623454
141,-0.02120576746594545,-0.02916876381992839,-0.01088612487146201
142,-0.01912651785306594,-0.021626927024660077,-0.00996282660394137
143,-0.024650312524872958,-0.021850442498035777,-0.006589183317795736
144,-0.024212852200891463,-0.029644352348120143,-0.002296381305547067
145,-0.01599908516290177,-0.03467497186957221,0.001900869469959994
146,-0.012709258802436924,-0.032126603737312,0.006013183097317229
147,-0.016091089291103325,-0.03135137782067303,0.009322098392035204
148,-0.01760350648295889,-0.03843048105611416,0.010766138732009416
149,-0.017385380838887746,-0.04623755812360136,0.008749821479078046
150,-0.01687683471503322,-0.04565932938152065,0.0031740635399233556
151,-0.01439204746450375,-0.04059613627805797,-0.0035883316545586687
152,-0.008479807103163019,-0.03551537117108006,-0.010370453128721098
153,-0.002313320832668997,-0.02762923022100569,-0.016701022889716137
154,-0.007547747743388032,-0.022655027727879216,-0.02113455282186431
155,-0.0160799901408799,-0.02297778451567385,-0.022850971941114746
156,-0.01249955245311473,-0.021678665529563275,-0.021270245185513417
157,-0.0082915635245418,-0.019553728559961257,-0.01748652372925122
158,-0.009229392481711838,-0.019514631464209925,-0.014958090619822381
159,-0.007243074769766611,-0.02163155357455729,-0.014575328749543245
160,-0.00637840563559787,-0.02467677034985412,-0.013842474343071558
161,-0.011263533144380132,-0.026579089847377307,-0.011254182100356929
162,-0.014379109909785713,-0.02824844537501034,-0.008545572832323128
163,-0.010790257357674873,-0.02937270035040561,-0.007565809190185242
164,-0.005068863500679144,-0.026198790209495948,-0.006986788192808978
165,-0.004493988229037911,-0.01943521275740319,-0.005304740345655749
166,-0.009042725758734861,-0.014665715203252702,-0.0028847507802511746
167,-0.014126816241908095,-0.012603304468886408,0.0009826013264830277
168,-0.015858717778825648,-0.011777369907371906,0.006940409508945811
169,-0.011851925423827025,-0.012919768124341788,0.012797633008297428
170,-0.004948089077980788,-0.01461355304367315,0.016707579043242646
171,0.000420451374799298,-0.0184357550039816,0.01843906406419641
172,0.0020497043536626264,-0.027388644055643133,0.018452680750240313
173,0.005512614941147416,-0.03175176894504809,0.017994047404605695
174,0.010414142212551249,-0.024308042936443758,0.018097662836944473
175,0.007885968049197077,-0.014190165171089689,0.019794388206551078
176,0.0031142244582788164,-0.010083309575991253,0.02363679558991063
177,0.004607055291311404,-0.00996492146094155,0.02813200050517349
178,0.009614609809817098,-0.006502008681615573,0.03283050089227301
179,0.01512659926662415,-0.0019489890140023391,0.039420059870142674
180,0.01892185006570109,-0.002055378987267528,0.04574407909740625
181,0.01819050134019607,-0.003220167993830597,0.04890978478265823
182,0.017162184133240287,-0.003406948352217054,0.05109567226597045
183,0.019182642597518482,-0.003755216956789015,0.05461426661021379
184,0.019183260976613777,-0.0018335220594615717,0.05896476719919774
185,0.01501615673086247,0.0019352512808500921,0.06338281001146875
186,0.01106914710423891,0.003261754914654691,0.067410697687214
187,0.010122913737287798,0.0012403766669976113,0.06969015005047392
188,0.010062849627146847,-0.002639806514123176,0.07108656910160388
189,0.007914755492920936,-0.005780283342142853,0.07640570990474098
190,0.006637647481736883,-0.003787798774605569,0.08685969080785044
191,0.01130009994262278,0.0030133758111280107,0.09882715070787262
192,0.016711090954532534,0.007384489667849332,0.11032929374079309
193,0.014948349499633792,0.006878909607322584,0.12043103877552536
194,0.01037567898092584,0.005495795448406379,0.12864288620956577
195,0.010847348293154549,0.002620119894973641,0.13604900527675284
196,0.015800626644408122,-0.004679660025712608,0.1430868434797683
197,0.018719775085091594,-0.008630197364054796,0.14790151618257136
198,0.014016510660253875,-0.004406687167286073,0.14889396608915467
199,0.005397963373237849,-0.0035946542790387913,0.147436845628234
200,0.003474326187422272,-0.00744324913919462,0.14552535732470234
201,0.008874843127947715,-0.00499441060969253,0.14307488669459761
202,0.01255265931406116,0.003170703875578596,0.1402913998192954
203,0.009192245759036516,0.008437625978573355,0.13866983738389954
204,0.0004573569025722729,0.004313936356550883,0.1389217355823913
205,-0.003945716979290123,-0.0037071619306048333,0.14029303624893075
206,0.001842129189844166,-0.005477862482481822,0.1393234291872934
207,0.006659725231129718,-0.00681375746335427,0.1338251772661082
208,0.001047480321883884,-0.015377711105990587,0.12503919485504417
209,-0.006907016449251388,-0.022619362103061164,0.11443936832716078
210,-0.010265428152697695,-0.021388210863282884,0.10427585571929743
211,-0.011074532435694368,-0.016080787801487507,0.09659844015828489
212,-0.010345420890230272,-0.012486165806422977,0.09067602793973151
213,-0.010417095103315524,-0.01424702008756315,0.0840581626587012
214,-0.01359277429279139,-0.017638218117188895,0.07575717272590826
215,-0.017918566253201457,-0.020032099532898917,0.06751075871250067
216,-0.016651726357563783,-0.021587597724618497,0.059883443390008645
217,-0.005303948731738034,-0.019513496220436903,0.051187113224281655
218,0.008555512858095589,-0.014137451801657791,0.04245650204600311
219,0.015217180531546526,-0.01049543413333889,0.03608745006017451
220,0.013051206580771656,-0.014029715935384424,0.033443788935946836
221,0.0084587065140918,-0.01686621222215212,0.03466216482528822
222,0.004865338433934711,-0.014510929882599652,0.03679579671099663
223,0.000015906611134975518,-0.015007302854680701,0.035178289408804936
224,-0.0017326362311230817,-0.012063983244488596,0.027158804587449084
225,0.0025818313456297676,-0.0013493396137760905,0.016240760408221255
226,0.0066979384401773465,0.0050841942226876324,0.008272552227002752
227,0.008861909369377186,0.0012567782767671926,0.004805247049521094
228,0.010892780978288562,-0.007542023121193522,0.0028811339917840795
229,0.008143337110205803,-0.015137490168700488,-0.001670272094462421
230,0.002743452290167623,-0.018414242658822327,-0.007788057919170643
231,0.0013148662511872841,-0.01693909634020009,-0.011596960621972727
232,0.0007836963102530667,-0.018348215244399627,-0.013270549017808234
233,0.0003737187790372812,-0.0213143523562479,-0.01580579485168728
234,0.006502447419336144,-0.01398928462207047,-0.02096813044552887
235,0.014468880412398293,-0.003805519351102432,-0.026821403289545867
236,0.014541240195367362,-0.0038614451948709716,-0.030588197418098196
237,0.012169386888738493,-0.006598692469246048,-0.030684624400916016
238,0.013303424703590382,-0.003646099647958617,-0.028890695147899825
239,0.015186504814834374,0.002317761899742643,-0.029762069234881477
240,0.01621880770264368,0.0056495733032891765,-0.0338784880854075
241,0.0156257164528709,0.004776987634337898,-0.03896072237391557
242,0.016135193178543936,0.004533923964141123,-0.043535050771873335
243,0.019343640235713347,0.004021209950757956,-0.046232301813239104
244,0.021365121627481207,0.0015742980553622443,-0.0461827903060618
245,0.021174463301621253,0.000799393053514022,-0.045588804512796
246,0.01986987691507934,0.002197709669327315,-0.047523435849276305
247,0.017007687868633103,0.005705062515751272,-0.05253362982977944
248,0.011809404993956593,0.01108609634116653,-0.060381678591240245
249,0.00439320580131259,0.011728255972268037,-0.06781685118650096
250,-0.0026308924303048153,0.008675148482888403,-0.07069438264468947
251,-0.003779917508130101,0.007651332605138089,-0.06941303685561756
252,0.0005815224628439725,0.003992899472592917,-0.06593832952726272
253,0.006321915003439184,0.002198257420737544,-0.06178280685176535
254,0.01134041869461866,0.00992622005638065,-0.05985035752420498
255,0.009808607422667162,0.017143163826872282,-0.0627011392820781
0,0.0005805474094027832,0.012786696090960378,-0.06810555337570975
1,-0.004708843009685007,0.0015768583296656147,-0.07213841627455875
2,0.0020580739924665956,-0.0035280149195280747,-0.07471278727805364
3,0.011722207885885114,-0.0006293400950367067,-0.07757940983840861
4,0.01194518199189596,0.002157992166363476,-0.07983220708322336
5,0.005168841288321993,0.003504438644995167,-0.07889848601780985
6,0.0015108509279950326,0.00538361166420287,-0.07524171282415715
7,0.004280675507844112,0.004323382737790246,-0.07068024713270882
8,0.00960388899742549,-0.0012101635566159896,-0.06597533200873212
9,0.01097213193834862,-0.006890901900274263,-0.06037487639047384
10,0.009934077659388127,-0.007039147007520868,-0.05195268819922627
11,0.01097678630077338,-0.0011032544775169684,-0.04224680959997226
12,0.010550447848675745,0.004587406456821055,-0.03553532378448736
13,0.007505269809358769,0.0036600189419742774,-0.032253372408170555
14,0.002259428406759495,-0.0030355203790956437,-0.029437870639535818
15,-0.0022953046105778988,-0.008670104379880167,-0.026872296836371642
16,-0.0021560450774103235,-0.010979063203086281,-0.026531605436556555
17,-0.005259729930673959,-0.010552198172607441,-0.027592511293779043
18,-0.01437909157623199,-0.011451782008910616,-0.02726981647051828
19,-0.017812820806566182,-0.01739207865718198,-0.024096661306883982
20,-0.011939377119542113,-0.0207678425421204,-0.018308483643737564
21,-0.0067813069511423185,-0.02010796900924601,-0.012137216409871143
22,-0.007001633719296775,-0.01806050866341205,-0.006994490476709135
23,-0.0076776245608121615,-0.01104172355099095,-0.0019036128278708993
24,-0.004816301765225864,-0.0012637157276631505,0.0024620206147205424
25,0.0031099966314666605,0.0025907924527742224,0.0030463512259800776
26,0.011771234706917965,-0.0003396432691110292,0.0007035261099964697
27,0.014067203282898462,-0.001730662657321906,0.0002868228955546469
28,0.012798022811262428,-0.0006558562932046444,0.002379955747078947
29,0.015806967090237035,0.0006822496597580843,0.0038800599719317624
30,0.016766517844679814,0.0007402521644007502,0.003140916286463423
31,0.010067357378396036,-0.0034787130942788153,0.0008119935792452911
32,0.00572424599325666,-0.004632951540735321,-0.0012755894497659915
33,0.00582135790699706,0.004649578762584351,-0.0004583491063174464
34,0.004390674079342301,0.01519348267914276,0.003697546674588662
35,0.0024161335422986166,0.01668670649852025,0.006595723171132065
36,0.004169622099709641,0.012544813016862298,0.006834401950844216
37,0.009269183045425441,0.008260364498998718,0.007810797321614816
38,0.012063035673333264,0.004214169306017444,0.009593312340184096
39,0.009340404904659469,0.0013139317841764503,0.01085838824337751
40,0.003707867946614561,0.002345654372898867,0.011368504120808573
41,0.0013199163057435875,0.007389023692530781,0.011197330441771056
42,0.004678000220912443,0.00942673516672131,0.010041576504347394
43,0.011133529508893028,0.008603793006381647,0.007158725590952708
44,0.015901441165721314,0.011082383181151075,0.00411910652879046
45,0.015116172694812809,0.012492630249310719,0.0018606674098364043
46,0.012667828466781328,0.009120112623752598,-0.001715017646304464
47,0.007037702629578278,0.004416526303444211,-0.008488259418079167
48,-0.004310687975254565,0.0002619312081194175,-0.016264901602461603
49,-0.008983491153539951,-0.0008453980790221888,-0.020529113221000178
50,-0.00032289013278130954,0.002741251399646344,-0.020482224609768077
51,0.012177641697586637,0.008227355845721221,-0.01898629010539972
52,0.018235950689424574,0.012499767648968978,-0.019867926036389885
53,0.015144890643201157,0.011927037721995902,-0.024339611594893645
54,0.004635737512628652,0.007354577798020852,-0.02970389383906044
55,-0.007292383840511424,0.004282379997660651,-0.03413165057215232
56,-0.013742539591577493,0.005943170461200145,-0.037576966007464074
57,-0.014276493809505776,0.0053286840135785135,-0.04021921049280532
58,-0.017094481187465024,-0.008949814211569387,-0.043834039785757895
59,-0.025033370556258913,-0.025700533130072492,-0.049704661677734574
60,-0.02821901417260153,-0.024530950188157402,-0.05561445268257542
61,-0.022184859083336173,-0.011261797578901694,-0.059829895060475036
62,-0.009445558559884742,-0.0011750624157623735,-0.06497562136868418
63,0.0016569729586061177,0.001115917928917215,-0.07316148705610331
64,0.0005124491369439543,-0.005723637234438472,-0.08230296796788975
65,-0.008509954400149983,-0.015148124692675888,-0.08986582852333133
66,-0.013767383153665103,-0.01770549238013651,-0.09584687083760876
67,-0.015828271035470715,-0.01654633816713577,-0.09975691204285395
68,-0.019718232214856468,-0.015508428249110834,-0.09835478950685406
69,-0.02052859215571025,-0.009928617145055371,-0.09408722796192759
70,-0.011217891364672009,-0.0010296273962128732,-0.09475095846394782
71,0.0001834449989690512,0.0009159281489383442,-0.10070627558709988
72,-0.002629484703766033,-0.010427448404311923,-0.10605322283803037
73,-0.015802711595753693,-0.027334670153301488,-0.10737693306784621
74,-0.026098887207453597,-0.03575882998137306,-0.10533017694063451
75,-0.027616395698696325,-0.028561747101245066,-0.10158807000969286
76,-0.020646972944106917,-0.014146629732640505,-0.09638538285875303
77,-0.014556831362759634,-0.008026209422903996,-0.08965494949508884
78,-0.013013629780899469,-0.008405511271375295,-0.08300672797306025
79,-0.011247113093419567,-0.005779326806212272,-0.07734537777427908
80,-0.008239988472018484,-0.0046070243200391214,-0.0724328306940315
81,-0.010899385594572708,-0.00964804596065745,-0.0702749728378309
82,-0.02175519884802507,-0.01257613712168519,-0.0715057801552213
83,-0.029184433437452237,-0.008878870592768137,-0.07286631053823983
84,-0.0235182459614902,-0.0037033910388255716,-0.07268666144760769
85,-0.011605985232897117,0.002950896685307111,-0.07311682122112059
86,-0.005734550081357606,0.004630879023142777,-0.07649221439522624
87,-0.007363790778861887,-0.0072560316641555045,-0.08189895353125273
88,-0.013271299086974747,-0.019791481508387852,-0.08746795476351593
89,-0.018567566537841862,-0.021847911554623102,-0.09263701487263692
90,-0.016910774659099376,-0.014958707085157959,-0.09703633069949491
91,-0.014601823326968827,-0.006645830634293623,-0.09800147334463222
92,-0.018841936021799316,-0.0074827793375152885,-0.0922685193023321
93,-0.022572103928407576,-0.013917641299961453,-0.0804508740165647
94,-0.018860400091533454,-0.014690580068993958,-0.06543937138479677
95,-0.01271887397303708,-0.009853924629958474,-0.0517028422576771
96,-0.011299112133725628,-0.0047676294550724335,-0.0437922203913122
97,-0.008729944748808213,0.0034245495208519577,-0.04319688516238754
98,-0.0031141370940078114,0.00867218913470319,-0.047075032875579764
99,-0.001915631526999445,0.000622256983790509,-0.05137854931658013
100,-0.005807130783845246,-0.011041474095039375,-0.053080606874145383
101,-0.011904127634275743,-0.018386492168422787,-0.050424595976350295
102,-0.01656879459302449,-0.023782714066758345,-0.04822830784575301
103,-0.018381593284485076,-0.025489514118267442,-0.051996629077738526
104,-0.017444398160446274,-0.020625360144489457,-0.06013471692460798
105,-0.015344252554832096,-0.010857490512146989,-0.06917218479728676
106,-0.017595296397419507,-0.004717937578706796,-0.07648612957422668
107,-0.020184013044741378,-0.001693830994454401,-0.08032266466792909
108,-0.015223317545610904,0.0025754714053004835,-0.0812207889991047
109,-0.009922823994536839,0.0002561382092441389,-0.07962856335008689
110,-0.009883647545539914,-0.009247966548570352,-0.07613893258871696
111,-0.00966150127491959,-0.013044045348762967,-0.07465703265542842
112,-0.010018664382916525,-0.0063884037346088884,-0.07609436067544234
113,-0.013897246356657338,-0.0035625085487916777,-0.07657566898975557
114,-0.017375207468373857,-0.010301060180359367,-0.07422596572806989
115,-0.0180209650067577,-0.016861307827954364,-0.07035120794315108
116,-0.01739013681649095,-0.02218435457968182,-0.06723363746655556
117,-0.016833402314253315,-0.026364288434885093,-0.0647066974271337
118,-0.016839535482817303,-0.027767626546535813,-0.06099750929295006
119,-0.015517880391547001,-0.024449811019662912,-0.05655023553578803
120,-0.01170688111738974,-0.013809228708324264,-0.05188339850582965
121,-0.010337656891719726,-0.004943755230690922,-0.04616598697085478
122,-0.01379408644428095,-0.005371828645584539,-0.04031280783503821
123,-0.015325894650233637,-0.008547214261756378,-0.035092920874466055
124,-0.009711765776961215,-0.009158528616757103,-0.029343507306336822
125,-0.0012305633238108016,-0.009960542394983736,-0.022300419551079455
126,0.00011486857905929071,-0.015577269289118996,-0.016432248795575297
127,-0.009577959033802451,-0.026874589100669956,-0.012764521326345129
128,-0.02132832554852082,-0.03482922447200799,-0.007641483393790751
129,-0.02469799999150453,-0.03059487403225827,-0.0016379675774164729
130,-0.018872185172469108,-0.01955674222335181,0.001957025587173954
131,-0.012762138292629802,-0.01232975902108624,0.0031020166843103384
132,-0.01201034284389732,-0.010027295248787038,0.004047778378471433
133,-0.013542056548542541,-0.008775502431922017,0.007591484987113326
134,-0.014478057774659957,-0.00905418472491959,0.01295557613712528
135,-0.012327667290264965,-0.00928128192928629,0.017620625046322412
136,-0.008321815538024212,-0.006188818974127652,0.022157829563120866
137,-0.004181996996256664,-0.001869868269446781,0.02709168077779811
138,-0.002547879761761594,-0.000291674649174109,0.03137917357757079
139,-0.0075433131052162344,0.0032285739953491974,0.033574666781652676
140,-0.0156918678825477,0.009494442455847796,0.03179745197552404
141,-0.019222516116878086,0.0070276568349408874,0.027072328919114347
142,-0.013124375634135932,0.0002537329944966582,0.021048928875061504
143,-0.005247563498108586,-0.0006024734677486654,0.013798987077640323
144,-0.003467344460745196,0.0021529128071041542,0.008511321082725044
145,0.0005960825793665317,0.005843401284202923,0.007916688712524994
146,0.009329653839890532,0.00997263246948353,0.010061158027207924
147,0.013743923755021245,0.01312402074268934,0.013810320253910689
148,0.013778382545461938,0.014952759346587463,0.019309263395622278
149,0.012496792240174831,0.015311890866146337,0.025989346002069078
150,0.005993890455507855,0.01019550532161265,0.03486768704324503
151,-0.003331150463239181,0.0021604375521018376,0.04535535383529969
152,-0.005191796312658571,-0.0007131859330270773,0.05350095108307526
153,-0.00044750520663674326,-0.00010675510139249167,0.05786868809281112
154,0.0002326713793533025,-0.0012497200100263853,0.059070183408985094
155,-0.005456401636517776,0.0010120531573617857,0.05731327091107197
156,-0.009008655791455406,0.005810522794511809,0.05374889667010413
157,-0.00572160359994725,0.005671247332995594,0.050303253324604
158,-0.000352034573316614,0.00599897647818589,0.04992002078228397
159,0.0016268012459329344,0.008534496440702248,0.05345576152159766
160,-0.0004123767322333216,0.008545715725727938,0.058291653423884746
161,-0.002692407212680638,0.00789420377852912,0.0620729212961246
162,-0.0034517932488831865,0.006356796333065177,0.06407951439905753
163,-0.0026641744792414573,0.002994127690265235,0.06603189048171434
164,-0.000475127325727933,0.0028735730060268543,0.07046947357836558
165,0.00036909593463364115,0.006119535935464219,0.07717776437607693
166,0.0010480861276077613,0.008935965091178237,0.08383235752095325
167,0.0029555203168969216,0.008899112685738841,0.08857614510383563
168,0.0014066623104326062,0.004498598143788675,0.09179370267267065
169,-0.004617303362985568,0.0015298598351950882,0.09442787944339234
170,-0.010172155055093987,0.0021455846042149618,0.09719929447990469
171,-0.011903242927411059,0.001763111813456071,0.10182054593719286
172,-0.011484134688182511,0.0001532766219456555,0.10769270572202844
173,-0.012383686724024352,-0.002001917455000758,0.11134376875558727
174,-0.01374522833171457,-0.0052404497961203445,0.11230696705622722
175,-0.013364464350544211,-0.008999821072195699,0.11213310162072676
176,-0.009553538658800417,-0.00888178527912458,0.11012316435633202
177,-0.0013262115533802382,-0.0020713197858262568,0.10594701684634328
178,0.00802163415300728,0.008887636614070278,0.10092303040781725
179,0.01805831728199439,0.019830338199302574,0.09494505203691878
180,0.023675094784882472,0.02182087967664472,0.08559351888127023
181,0.014929048616604546,0.011113351318295217,0.07315047962420498
182,-0.0021768813104027507,-0.005976328157869748,0.06276683444238501
183,-0.014991585854374045,-0.02291135107745021,0.05718511691711187
184,-0.015863027304241828,-0.029922211287938122,0.054710009533231324
185,-0.006684448968604734,-0.020874079932228243,0.05370733929792654
186,0.0023321907872654313,-0.004323782028183912,0.05165217122801308
187,0.006336034251155753,0.006091243091763177,0.04821992118072532
188,0.0018831277257672363,0.0020228073411165393,0.04612626138020107
189,-0.00924129831624873,-0.011367692814469907,0.04361318688711574
190,-0.0160309569731001,-0.019449931846089397,0.037649712099704566
191,-0.015303040408044949,-0.016280982921118625,0.029765540582582448
192,-0.011608783267368694,-0.0081945794344232,0.023285425610308844
193,-0.009308132908808359,-0.0016000068536635714,0.021267787905587365
194,-0.009930239528251283,0.0028392428699755973,0.02353626598401168
195,-0.010458336022250353,0.00526889465648131,0.026335397167813884
196,-0.015692232466016698,0.0029910074009012466,0.027134175277152246
197,-0.03007818041461216,-0.00774849056474286,0.02571334426530686
198,-0.04132101269369676,-0.02155261030832105,0.022239107193978612
199,-0.0457254578839495,-0.02812774709849658,0.017686445235983235
200,-0.04910530794832707,-0.024818978717307677,0.01373759195327974
201,-0.043493669396892795,-0.013345489961531315,0.011228965482153366
202,-0.030699905460443558,-0.0023600237840785687,0.010601030256292554
203,-0.026498254513147516,0.00019068083731937913,0.010316201768297811
204,-0.03421542045432566,-0.005646107802251159,0.009226936399743757
205,-0.046786055346940136,-0.016779897369502778,0.00878814275033541
206,-0.05821966998058867,-0.02485473318786874,0.010003015485063514
207,-0.06267446069269267,-0.02520128564067939,0.014672657985392488
208,-0.05666601469641058,-0.018519859529219376,0.024106340733611085
209,-0.0467919071302606,-0.011215852112747768,0.03692008497368735
210,-0.04145997681070583,-0.012107503626766665,0.05062559099101081
211,-0.03963648289564781,-0.01698923844923917,0.06306202451052079
212,-0.04146018527467618,-0.018199114261692365,0.07323482293326394
213,-0.0443562565562854,-0.01730031963426416,0.08042887989926445
214,-0.04043609831450938,-0.018646023195083985,0.08385485615123059
215,-0.03605065508923819,-0.02159775122111323,0.08304253809826431
216,-0.036420395553723506,-0.02173414885117024,0.07639241122741333
217,-0.034343067541968364,-0.02061785520329483,0.06255993329019446
218,-0.031108440966921086,-0.022219020967200312,0.04280855897336988
219,-0.029307011469912797,-0.02287280981869426,0.018830049110081154
220,-0.024125035224918802,-0.020930968416619553,-0.005833407275418451
221,-0.015378710267127189,-0.01776619663440414,-0.026766973175832875
222,-0.006947394635576697,-0.010684414371610612,-0.04254179469245406
223,-0.004730976209791028,-0.0024068859902979,-0.05107100421420854
224,-0.008831642484528904,-0.00004967957000295668,-0.049966006649502154
225,-0.013807009356266295,-0.0023737453216961177,-0.04189617265665063
226,-0.017525990196084383,-0.003940176720973668,-0.0330487583636396
227,-0.019565996365527805,-0.0044233821099417415,-0.028079537328076637
228,-0.019792292956644045,-0.005908484474779015,-0.027309552357254283
229,-0.018102533836568013,-0.009411360563643367,-0.026874134898290436
230,-0.01701070659812108,-0.012450289699657294,-0.023802038913330242
231,-0.01854995486136471,-0.011539052603141784,-0.0196073427846796
232,-0.02010116288051393,-0.008692037330429073,-0.015751222114312055
233,-0.01869313706806457,-0.006435255932238808,-0.011977976851017674
234,-0.01206018287234227,-0.003482705284242299,-0.00858638188058039
235,-0.002789887320835918,0.002427931117001361,-0.007158052847838048
236,0.003145543798448138,0.010053905137973076,-0.010453738050491046
237,0.005995500939177188,0.014148998266984302,-0.01630512772548981
238,0.0031217174532536217,0.013270804340132412,-0.01967164722667511
239,-0.004947132948300726,0.008343426225981165,-0.020805227890778683
240,-0.008377572137995715,0.0023127625454739814,-0.02111368064763655
241,-0.005610707738762662,0.0010901499634962675,-0.019553325011374217
242,0.000912678717375149,0.006922649907373096,-0.016663169826361707
243,0.005865638257227492,0.013667779390080806,-0.013120807705764806
244,0.0025019872988476383,0.011886414669059084,-0.0084238566110236
245,-0.0049226017827708884,0.0034095591954612092,-0.0053092510226462886
246,-0.008247814599579163,-0.002276420327412959,-0.0050510932993503566
247,-0.005592285419201247,-0.0013287146331607477,-0.005047642984073189
248,-0.002646794250706165,0.0016659682326146466,-0.003441456435288648
249,-0.004600970328567834,0.0014826199631379627,0.0008424235010652259
250,-0.006805468285553817,0.00017946706391484823,0.008117888350413632
251,-0.001853888424935779,0.0013157566371951937,0.01497820835096686
252,0.00498307812163578,0.0015176019138872718,0.015234313472583305
253,0.00594684490396713,-0.0017089249910198917,0.010064694863810106
254,0.004309766010793199,-0.004945738082861306,0.006385474872296043
255,0.0009945462785742112,-0.008263509814738862,0.005379844962348973
0,-0.0034598978252523838,-0.010926935236591162,0.005299647106128125
1,-0.003413776707119738,-0.009625892040664937,0.006837847950126166
2,-0.0013111350441259925,-0.007268022266574765,0.010577165392975665
3,-0.004937367119069634,-0.0064292591397333565,0.014793793758316492
4,-0.01326397286076296,-0.005833882968862201,0.017713388533953323
5,-0.016771084846491043,-0.0042269333460070585,0.018712192027108998
6,-0.015004624957497562,-0.002429378768292058,0.01648814137846756
7,-0.014944732868032454,-0.004721459869933803,0.011366086002345066
8,-0.01608603647593175,-0.009162462420503191,0.006309264940205436
9,-0.01577151353683462,-0.009521583133057593,0.0030089587534849055
10,-0.012062307776761347,-0.005058394620197767,0.0014190892590754955
11,-0.005546832960940145,-0.000795529983520055,0.0020233575970358755
12,-0.0017379293731953314,-0.0006347485715879186,0.004583121905321057
13,-0.0019312157427230046,-0.0020047741865096193,0.007477205479852936
14,-0.0014861436306484142,0.0012634235982847755,0.009454444279932667
15,0.0009958199709072142,0.006652363277208747,0.009946521456012172
16,0.002604434431139356,0.005152284195004028,0.008860574606173434
17,0.004749837334812438,0.0008905668036353342,0.006227300247956723
18,0.011021244643600433,-0.00009411687423306484,0.0024117228356801065
19,0.015631409799617146,0.000018465234560239782,-0.0024848222700418685
20,0.01283737370907381,-0.00136867517632977,-0.008581333134689027
21,0.010232765542662121,-0.0002729001652496694,-0.013776503853448627
22,0.01477591699210297,0.006006300042632616,-0.014615247161014325
23,0.0206860024738532,0.010818196184706095,-0.010964193878650701
24,0.02221032376547144,0.013322298615523915,-0.005302574433992048
25,0.02031640534616254,0.013537817259722123,0.00043859844502895304
26,0.01611511699155513,0.010303856119097121,0.004375556799879221
27,0.011516690068486955,0.008825027480720497,0.0050070210971597424
28,0.009271183909177987,0.011886904597440712,0.0020726854794934045
29,0.009454114157019591,0.015582289307167693,-0.002827561202257717
30,0.009254155643155508,0.01525837907602793,-0.006909824830475586
31,0.006515513939573635,0.012231815438346404,-0.00837859500780734
32,0.006410631334535417,0.008886389177180216,-0.007736382553635866
33,0.012953790126600875,0.008120584999734462,-0.007683979276138519
34,0.017233181438866728,0.010205188197543505,-0.00974268026752282
35,0.014878596851219693,0.011321110726171656,-0.011816662026883945
36,0.011910476495603305,0.01156809041996238,-0.012317218140831948
37,0.011885414301513915,0.011330752357295859,-0.012931162200242673
38,0.013640093549057916,0.009251478026513368,-0.01511048316752445
39,0.013370486218540534,0.006799089923475186,-0.016896844462227868
40,0.010711364971305044,0.007714828700362691,-0.015681152528220853
41,0.0053759076734431165,0.011515685477002945,-0.010953486233259672
42,-0.002401097010712786,0.014566852407760084,-0.0023966636990367662
43,-0.0060159693758937635,0.010393639696628851,0.010133648076987904
44,-0.005120339483669321,-0.0005774032240281265,0.02154838700967001
45,-0.0038444108014035784,-0.003154895338405149,0.025441431664659474
46,0.000050379473848741196,0.00182822088454666,0.024346832567528745
47,0.0067330931017832996,0.003115485686780547,0.024960663261879304
48,0.013172947735836445,0.0036671700815417273,0.029694024381869077
49,0.01230735581214526,0.0032365426474498735,0.03469477077683322
50,0.002417323176142412,-0.0006560704262809584,0.03523338020342756
51,-0.003266995951789378,-0.002816562561770833,0.03236091513998131
52,-0.0014762429170442765,-0.0012176647975650629,0.02834751905803924
53,-0.0014336164088843695,-0.0009357772323083718,0.024172052182993058
54,-0.004549522244825813,-0.004209927359517085,0.021340997119839313
55,-0.005361556200010269,-0.00737298146648674,0.020905295235721308
56,-0.002945188200438875,-0.005998551665555031,0.022835866691042477
57,-0.000953619723737878,0.0017269038240252787,0.025954989252616127
58,0.00126177888418684,0.010634607431360705,0.029211676439953066
59,0.004367192479804952,0.012694686560539847,0.03243231640813318
60,0.006362334819678031,0.010215536954164516,0.036443287099745564
61,0.006473607088279931,0.010454660948527435,0.040811306413590404
62,0.00758395524051686,0.011912086819893766,0.044246371101729756
63,0.01163997001997337,0.012112338229235811,0.046741298726146685
64,0.01246620329011551,0.014427959889038167,0.04852466176052925
65,0.007615592933192167,0.01754504077081606,0.050706964396380644
66,0.0037640063049540345,0.016625519042253924,0.053779454912801436
67,0.003370951658296248,0.014414822664114422,0.05650197625134529
68,0.002245344099655572,0.015625732915260187,0.05722241167189565
69,-0.0007800981780015821,0.01948006326268308,0.05623214283929942
70,-0.002693728405328083,0.024117248790013184,0.05581765406983871
71,-0.0017556622787951726,0.02704646452944625,0.05605345278690649
72,0.0017647011205490781,0.025168457949185374,0.05586304773438869
73,0.006487324755989947,0.018827377995902977,0.05529097957644594
74,0.008684452676400115,0.010727679401988086,0.05378265564962588
75,0.005977854508152539,0.0055039459157705944,0.0537075933190817
76,0.0031665962199850795,0.006598033964551317,0.05804897512572711
77,0.005039268100432551,0.010164891442182175,0.06364868809046959
78,0.006925002088640893,0.012387764374455754,0.06658643314789361
79,0.0051990012602156285,0.015545090233818531,0.06684395125748521
80,0.004867303599835643,0.016818983894453077,0.06615376115124544
81,0.007724627960540631,0.016570827414381067,0.06493304696808433
82,0.010049676486385578,0.018075564027877952,0.063041698944976
83,0.010153505713455857,0.015228710132967754,0.06218728834721243
84,0.008610954433743368,0.011216538693153505,0.06193163812279148
85,0.005474602278260549,0.014740647174257465,0.05900291877946369
86,0.001748981392626147,0.022113421884890988,0.05318637347748553
87,0.0015179400798906832,0.02424825981140276,0.047258284253353836
88,0.00415954606883473,0.01852874950194406,0.04178395102999671
89,0.0045351303229093295,0.00937875213927572,0.03605297687928477
90,0.004730933918730959,0.0020018287880444186,0.030174790122400763
91,0.007217959473239763,0.0011785716919104905,0.023800889753798044
92,0.010708062486413851,0.007822034579928763,0.017756707749831457
93,0.014902899913093577,0.017159901133540573,0.011829676787222992
94,0.015490863249679451,0.021971849366461182,0.0034333026871559147
95,0.009598269809272315,0.01937228518672854,-0.00610803196927831
96,0.0030165209576477232,0.015131738890654833,-0.0139118256207926
97,0.0008906125036865879,0.014060196227173145,-0.021142394676964674
98,0.0032709439088964565,0.017307621209691426,-0.028977679323634334
99,0.006703600431714104,0.0173503824870203,-0.03606184304473274
100,0.005884844101504489,0.005939547788285088,-0.041013386543087935
101,0.003073450474761546,-0.0008497459526522963,-0.0440579731088509
102,0.003723345590531432,0.008205555131414959,-0.0453244924108743
103,0.004349825831463275,0.015742094341344076,-0.045587377131594
104,0.004269773500281085,0.014933441530473941,-0.04617643396115867
105,0.006108126863037765,0.014814072513371565,-0.04683899673753433
106,0.0038186569778763113,0.01307301123568069,-0.047504584400921035
107,0.0005402908844387745,0.012762256693326368,-0.04968601464704167
108,0.006329211332405011,0.023063526719142115,-0.05566320837003742
109,0.014876096972391638,0.03211421645099419,-0.06391998834888267
110,0.019069160632313727,0.02894240690195176,-0.07071854256345818
111,0.01908163537343571,0.017588094538436322,-0.07642422725778657
112,0.013430443518455792,0.0012917036368035179,-0.08227653217422398
113,0.004438538570509007,-0.013096706950749368,-0.08749054086559693
114,-0.0028790463472193606,-0.018245750365203817,-0.091732061816999
115,-0.0018654273582203451,-0.01296628314959744,-0.09561453624620692
116,0.00833193799126103,-0.001435018527649684,-0.09835712442600214
117,0.014956047394248606,0.002487231396907319,-0.0987086887712268
118,0.012936029767826387,-0.007109625587580659,-0.09715454104879276
119,0.012785317731159873,-0.014326079456433938,-0.09338251124985097
120,0.015702476970352625,-0.011352382371664194,-0.08730956854452593
121,0.014529811070440699,-0.008727321860365622,-0.08131499706661027
122,0.01363226739103604,-0.008934865343638354,-0.07808658971810592
123,0.020076050165787507,-0.005849080542292717,-0.07835123744315697
124,0.029310480429751262,0.0002996552746601863,-0.08160116549485155
125,0.03794594513130571,0.008009824670754007,-0.08646542222758635
126,0.04625460671287274,0.01904452284003419,-0.0889562995041103
127,0.049994414478100616,0.030086656456700472,-0.08622708019301403
128,0.04697992541541007,0.0344439101307525,-0.07965422638942721
129,0.04275480429795922,0.03197143002828817,-0.07099109859939631
130,0.045203984697443064,0.030876051565768725,-0.0611533464120346
131,0.05208424445556617,0.03367255296892008,-0.05233418490878086
132,0.054970876842900696,0.035318942134847875,-0.04618374051099944
133,0.05252763789391093,0.037789162446590974,-0.04232128217755274
134,0.05436434405453058,0.04410575119409468,-0.04010526679314669
135,0.06381772191406043,0.050211048980877734,-0.03916046878957448
136,0.07156897852059026,0.05025738012244663,-0.03852808482833202
137,0.0713232536598574,0.04375987493224777,-0.036622580372233635
138,0.06526018984262892,0.03715123965655456,-0.033978088717409524
139,0.05933213591554726,0.03907637648580922,-0.03220308177620054
140,0.0586672382135239,0.049814923267075706,-0.030765193240735594
141,0.06617885258507414,0.06070118363875521,-0.028723965191607803
142,0.07323787181579153,0.06663005571999037,-0.02582810948286507
143,0.07051345512121845,0.06689571926759563,-0.023267344160742207
144,0.06551756042285617,0.06406352235509352,-0.020966456365280092
145,0.06607392002184875,0.060199164058446594,-0.01565157934486125
146,0.07083226547283955,0.05692399765968231,-0.009164833999136854
147,0.07627063664911032,0.05681019173432504,-0.006392082183282107
148,0.07541612433803438,0.05726245286544752,-0.005131809057063725
149,0.06936451431762522,0.05516254726336495,-0.0017466833502846058
150,0.06615213588061719,0.05304502995422647,0.0019901271239399915
151,0.06771462994088276,0.05813300324445381,0.002922202459638139
152,0.07104922547976242,0.06695196790495445,0.0012980015433623586
153,0.0675786347426986,0.06636613135787353,0.00011472497289378644
154,0.05757115874593874,0.05607821161607132,0.0015591216096998567
155,0.05060095112405649,0.04745028805420157,0.0050824182739130155
156,0.04740601261199032,0.04382197412014456,0.008011567181845008
157,0.04518521598480209,0.03987988797666636,0.008528220363655685
158,0.04364373747267558,0.03699920731013709,0.007243401042625219
159,0.04322711812669601,0.03856813692737403,0.00542467996765433
160,0.04558808524440158,0.04096388291670333,0.0029571344771433423
161,0.04831533126441956,0.04268909757096048,0.0002832088044718833
162,0.04753616451133283,0.04667463860564666,-0.0024017711219421504
163,0.045862003564134696,0.04827488029732488,-0.005739054049236099
164,0.04878920524532643,0.04438164648931239,-0.008591531114855704
165,0.05335175503344977,0.04293986676673245,-0.010381664305837916
166,0.051522023888989354,0.04411483133921369,-0.011368159341734616
167,0.04600782935865494,0.0380581254600172,-0.011372368149281387
168,0.04297710672333241,0.028162737875527158,-0.01015184571297529
169,0.04128496161247672,0.02156011212174628,-0.006969672022129732
170,0.04004214613263274,0.016187917657140817,-0.00004939580860469778
171,0.042630375443838214,0.020492406654203377,0.008404880220456233
172,0.05040990418687136,0.038090910044394445,0.012486347547406247
173,0.05716738640663391,0.05268341337690786,0.012025386168826
174,0.058171942915718755,0.05452131343489351,0.01092108233984046
175,0.05498255140052444,0.04808135231336809,0.011191308043115578
176,0.049149182931786134,0.040521317523466965,0.011464818924418474
177,0.04466050687194992,0.03902023576034541,0.009561525484803726
178,0.0438974450641495,0.043712243232402054,0.004790815888761631
179,0.04816776994767874,0.049005977224610336,-0.0033381758737594733
180,0.058668216866210404,0.055414003408345444,-0.01265763982396547
181,0.06615792375952852,0.05908994698109131,-0.019095094427045503
182,0.06250159374938707,0.05216551353781562,-0.021602323049799158
183,0.05400545708865319,0.04133227012431192,-0.023007490514060522
184,0.051176884093302094,0.035368581972661156,-0.025200452722244776
185,0.05261523162924084,0.033707552126373636,-0.026412059907536867
186,0.052446484020635564,0.03903033095844133,-0.02603245734871011
187,0.05309071210119273,0.04692343988140946,-0.025516309851889532
188,0.05292250653937414,0.04524736285525596,-0.02654377755606202
189,0.05030399464937406,0.03598374044123476,-0.02965682157707597
190,0.049508244425497006,0.029770360969664622,-0.03330729433363078
191,0.047564571586722115,0.027664876991218022,-0.03637651266699535
192,0.04239555906446742,0.026524342827929204,-0.03818909769564667
193,0.03741351452636907,0.02680822367690456,-0.037961968552210956
194,0.03335671442806451,0.029687580790079715,-0.03564628785186452
195,0.03176899607794245,0.035891733910304924,-0.032997701065878446
196,0.03191190457074103,0.035779892026861965,-0.03164798122071624
197,0.028005591446406936,0.024475986909509778,-0.03050963363351908
198,0.021751765645106703,0.014144181032636441,-0.02765569206928388
199,0.01697677160998006,0.009287914658598656,-0.02325969217759935
200,0.011440423269292503,0.005794338037583044,-0.01881267897204026
201,0.005847665878682767,0.0038055256214667432,-0.0141761271479547
202,0.0031123009050121695,0.002772175059849516,-0.008888569804892998
203,0.004988678704074937,0.0015527653895519716,-0.0040580653718510565
204,0.008458794266891431,0.0007773527565043403,-0.0005899811820892185
205,0.008738317652080642,0.0017054199903624029,0.0023591364625994427
206,0.008263777305181796,0.0035432156408511245,0.005443616131201746
207,0.010668754374787509,0.003479860844078808,0.008292446068827196
208,0.01321415304224232,0.00422835103283746,0.010590699183740733
209,0.012168469565354431,0.0084668724420158,0.011550236784907048
210,0.00895673945627113,0.011127023449505918,0.010813181261927533
211,0.0058499212673062476,0.008510057537742158,0.009801377661149878
212,0.004036876056968976,0.0038659776513890187,0.008681155377536078
213,0.004324018621730048,0.0028997982386288618,0.004997551115973851
214,0.005168314927424433,0.004946835603600909,-0.0013407669770583493
215,0.005781893014793508,0.005365770076061399,-0.007328155205104051
216,0.0069737927931563005,0.006249019118973312,-0.012067173773519563
217,0.0097278704079529,0.01088035864011934,-0.016763333796262662
218,0.013851540018924682,0.015449659683561587,-0.021387132041864015
219,0.016867709005834855,0.016732146547128915,-0.02574940050075078
220,0.017142362616508623,0.017114031094357468,-0.030035207146032222
221,0.015377332205589712,0.016345110041438127,-0.03362103286467412
222,0.01585356871482875,0.01410206860260017,-0.036600799501834036
223,0.019110814131307094,0.011105367800283905,-0.03902721375178264
224,0.0190630279535694,0.009875363777985412,-0.04060430382696957
225,0.019941420054442237,0.015332477199862578,-0.04145672737955279
226,0.024536418765127646,0.02015603130923302,-0.04059753779473159
227,0.023641920393174226,0.016474998680103096,-0.038202699496489745
228,0.0167018669042217,0.009288185411660446,-0.03670228082200791
229,0.010040947161289254,0.005183750976951729,-0.03651563583957905
230,0.0068957764467019456,0.006112160031674502,-0.03643312116310801
231,0.007853545295280394,0.007358145912144891,-0.03698745997045218
232,0.00991126265212141,0.00564745810725182,-0.03878366472708733
233,0.007428055858858114,0.003352482061561985,-0.04016222878334695
234,0.0036469305075051174,0.0002525508837215515,-0.038920940309542365
235,0.005038927952823739,-0.003764124253162561,-0.03602993591795303
236,0.003870274203666351,-0.007944736134809373,-0.03419154593368756
237,-0.002876964110416682,-0.012096517288339388,-0.03370130457264883
238,-0.004316036985507515,-0.010754288108557445,-0.03315303410414154
239,0.000042642998529750925,-0.00048774063418830643,-0.03288559250444888
240,0.000995819180015567,0.006506703475294848,-0.03334652296884409
241,0.001216181367050078,-0.000048281848092674925,-0.03306680273317564
242,0.005287648070910806,-0.008240715962368968,-0.03164322133081664
243,0.005377068550200245,-0.009286096598576422,-0.03014571924011558
244,-0.0008356324227374,-0.009469550822465402,-0.03017040289811597
245,-0.005406909545875102,-0.011681097727685014,-0.03172245776166151
246,-0.006480865034810896,-0.015427711452541123,-0.031997377395612384
247,-0.004954555039389453,-0.018346009851519234,-0.028875643321900235
248,-0.0026279974875638014,-0.01890970761056609,-0.02449269911845428
249,-0.005284052708198556,-0.02082547314625715,-0.02232440840905249
250,-0.008993064700674736,-0.01955342747251651,-0.021042436582484295
251,-0.004914230440587503,-0.009319602549392791,-0.01837440773362258
252,0.003404484551221186,0.003297771452360515,-0.016222693491529196
253,0.006335478227383954,0.009964685259075179,-0.016229445149333572
254,0.004268407765281236,0.00749768004597956,-0.015836371429478434
255,0.0017363049335672037,-0.004786056396375173,-0.012100885876048864
0,-0.0020030425380024725,-0.01947358524549278,-0.006636591013863019
1,-0.005078795786988152,-0.025309863762025805,-0.0015709232358364564
2,-0.003990708720215723,-0.02230445962805294,0.0025391247443143153
3,-0.0013002250507794175,-0.015928091761365462,0.004590551446186593
4,0.0004680688518829898,-0.008730267186184915,0.00556063051605675
5,0.003321683731975167,-0.005479604765475904,0.00746933540737197
6,0.0057774335132724786,-0.00973271277093296,0.009563537951285103
7,0.0027831285520619684,-0.01624484352043787,0.00946591589842212
8,-0.0020227195056285313,-0.01768709834781665,0.0070338803050641815
9,-0.0006316753647765613,-0.010902519096060048,0.004895746554560945
10,0.005383544989426739,-0.00007601498025447406,0.005460138166813594
11,0.014921556287349508,0.010518547855247945,0.007911751112223003
12,0.02976312315607777,0.021399526160880943,0.010366243717002614
13,0.03881895344512849,0.02878965619800901,0.011607539933605047
14,0.030178438589056944,0.024601159311527607,0.008579516185680418
15,0.012258000497927267,0.009666066842688198,0.0004485424412454808
16,0.0003325843431346981,-0.0020402844330216496,-0.0075424960065423735
17,-0.0015536481106952493,-0.002916213485797861,-0.010783844968729514
18,0.0011760784556529291,0.0017859606453742433,-0.011042859372596178
19,0.0032351951981637248,0.01059147543658584,-0.011105963456135792
20,0.005625519792252266,0.022116515834771547,-0.011289263126158813
21,0.0069979248941341304,0.025286155687680622,-0.011266370793822922
22,0.0016459731664905664,0.016238628250647,-0.011207462211686503
23,-0.008848145095166175,0.0026196700922849862,-0.012291517623840509
24,-0.014113256395452849,-0.0074140819647701695,-0.014678170401215683
25,-0.009301434160903975,-0.010167383794181896,-0.019010812484061612
26,-0.0035789711684076145,-0.010466607437900836,-0.025219521280540835
27,-0.007248475400114952,-0.012677589007049413,-0.030491280020153486
28,-0.014973171199866797,-0.014631039107849964,-0.0347890085140625
29,-0.014840844833933463,-0.01416791414536439,-0.03963199986179819
30,-0.009699239437134022,-0.01173227265800339,-0.04499724535220151
31,-0.012964844141887963,-0.01148798269234208,-0.0498645705227613
32,-0.026997541854461765,-0.020837738356011493,-0.05252460038800161
33,-0.04327977379276403,-0.03744657559777473,-0.05219960071484567
34,-0.050916639819334024,-0.0455729520945455,-0.04815038379563241
35,-0.042852124795156765,-0.039242877699645635,-0.04195318409868025
36,-0.034186610327419716,-0.03445603683566399,-0.03561114264315716
37,-0.04007181267582326,-0.04249751893429203,-0.02894916274609391
38,-0.04698751024461889,-0.05096429630975957,-0.02353401526255685
39,-0.04295962956065652,-0.04950036529936799,-0.02134976060340383
40,-0.039349768542128016,-0.045482482441529914,-0.023501356463385567
41,-0.043368855931567085,-0.04628119690093743,-0.029745046211447662
42,-0.04448877373942388,-0.04924567299547444,-0.03632777389734673
43,-0.03837275089587441,-0.05004425113538935,-0.03971655295804488
44,-0.03255839163034114,-0.047909525113059646,-0.03966126280638539
45,-0.029603429547885224,-0.04314417273673955,-0.03547596841642116
46,-0.028135150226751664,-0.039424619060693784,-0.026591220953029585
47,-0.0294129965406221,-0.03554297893851245,-0.015916260720748934
48,-0.028799492893909096,-0.02796987395068759,-0.006775964969999007
49,-0.025416213085813266,-0.02836138351788639,-0.001506547387080004
50,-0.02676121687658929,-0.04173127833012341,-0.0023527428164141773
51,-0.029217755381497262,-0.052422417773226565,-0.00686894966316013
52,-0.02707013115059334,-0.05002397963026059,-0.008808752255412146
53,-0.023569360211598805,-0.039419140647842035,-0.007056979749428073
54,-0.02021640485342159,-0.030815407816048135,-0.004094024194820217
55,-0.01821111181195248,-0.028543203670524653,-0.0008771066541932507
56,-0.019771790782450893,-0.028564743646871366,0.0004944825728544905
57,-0.020364445251461694,-0.026380995496384063,0.00007379003951443752
58,-0.017174671497230162,-0.02162713994524665,0.0018822142882762363
59,-0.014108651003182981,-0.01822743000916205,0.00688025197339635
60,-0.014232029084242682,-0.016019058362818632,0.012266115417492097
61,-0.017946578055878702,-0.016099835190379306,0.016548251293047357
62,-0.02339889872349922,-0.021905860297537782,0.019958115658056857
63,-0.02482079504191747,-0.024182363138803967,0.022393420728168564
64,-0.017220865892722897,-0.018507755111397614,0.02354054189423843
65,-0.007528844211536233,-0.0137931240180778,0.025454797982927393
66,-0.005444284804904179,-0.01624031022748812,0.03246403757230851
67,-0.008112528597856557,-0.019892905336736738,0.04293024239426731
68,-0.00987217345766099,-0.019549371616776806,0.0501333002535537
69,-0.009720707936981328,-0.02047451465058004,0.05230581076686951
70,-0.0076045600493091624,-0.02076293759802017,0.0498218433561291
71,-0.007122928446661231,-0.01569234695541146,0.0420888140573599
72,-0.009154957429808123,-0.010281184062954533,0.0316438371806137
73,-0.01193271276599668,-0.012025514072575303,0.02290983671727348
74,-0.014655315823658612,-0.018668067939328854,0.017767149455603398
75,-0.011843864657755047,-0.02140204203214141,0.014433253741977396
76,-0.004638953239471819,-0.02094106466313228,0.009486896927478644
77,-0.002102569169209173,-0.022970464362881526,0.0011757976153163596
78,-0.00445014633197538,-0.025893739234997215,-0.0071576773997718834
79,-0.005876322567124573,-0.025729046296988578,-0.012339112823657211
80,-0.004041913555541003,-0.02208526923734809,-0.016416380036014117
81,-0.0008973772723038648,-0.017694821627411393,-0.02004405517269564
82,-0.0008770026532016195,-0.015293737152761729,-0.02219132050815207
83,-0.002892579278452323,-0.013173278119630013,-0.023938261075104147
84,-0.002641756466091806,-0.008643152971127499,-0.026146240565706115
85,-0.0024527778153593596,-0.006320955493485048,-0.0300438453438443
86,-0.0073954356280631,-0.013426564217570651,-0.03663957607873536
87,-0.013476089186716958,-0.022660171434738065,-0.04260369979209161
88,-0.012371921801411945,-0.021942767729175923,-0.04433155715290371
89,-0.00708069369205792,-0.01856265425132321,-0.043086581358290105
90,-0.006425197209725361,-0.023122510947260547,-0.041127103739442866
91,-0.010811587278996669,-0.02934439103425049,-0.03804300857534501
92,-0.012829267560212354,-0.02943377466778435,-0.03375810813499708
93,-0.009175644313655867,-0.025093581156844957,-0.03179396555199451
94,-0.005501118085641712,-0.021000698407414878,-0.03400805919450789
95,-0.006192115464480202,-0.021028013852061017,-0.036803492567685246
96,-0.007056782252235785,-0.022155262241387023,-0.037894618743086764
97,-0.004375880712353113,-0.01780259144674478,-0.03958571574164896
98,0.001579320209049953,-0.008411773992088128,-0.04389167607578004
99,0.007394303620637827,-0.0017576108287218513,-0.051281484775481306
100,0.007469034684437749,-0.004143022508448495,-0.06005713669779292
101,0.0030670444079017173,-0.010742846494970749,-0.06626771043631072
102,0.0019768208327758524,-0.014133004563525259,-0.06706861035582135
103,0.008574847533285843,-0.012510580674978641,-0.06218037724111167
104,0.01355877281234917,-0.010601364590000582,-0.05368962435841998
105,0.010740495345945636,-0.013339707329544481,-0.04256631130360258
106,0.008102653459865092,-0.01632651696787176,-0.029253375775672136
107,0.008240264338812114,-0.01328830455887968,-0.017168725007515873
108,0.009690756629720118,-0.004785393647512348,-0.007894229801176933
109,0.012097587964912233,0.001303385181967917,0.0005801129756833057
110,0.009861625471290436,0.0020357187803440105,0.008426673490690276
111,0.0020665592691428702,0.0057475761231086525,0.012851411338413748
112,-0.001677165113111584,0.010630001239402456,0.01134522319458553
113,0.0006924783194027923,0.004954905940721913,0.002547628099086957
114,0.002191283763280573,-0.003973868824693541,-0.012648981659110145
115,0.0015493252584634423,-0.004552293534700255,-0.02985010822107262
116,0.00003039070469378763,-0.0024206193149834965,-0.04611203664509432
117,-0.0018322094909480613,-0.0031300727779668136,-0.061057990267382234
118,0.0002171353061900319,-0.008796650565527503,-0.07414904714091541
119,0.005241682422324374,-0.019743521591980853,-0.08329623654041157
120,0.006066306792819942,-0.02789947285116949,-0.08337855070715527
121,0.0028785379232902503,-0.028252247803103717,-0.07361260616162793
122,0.001090903121753209,-0.025146600256467845,-0.061676868375885485
123,0.002111702752377251,-0.021140356237655866,-0.05484694657383138
124,0.001090149115641842,-0.02057533105857364,-0.05472692334056889
125,-0.0002920898972894881,-0.020604087340281213,-0.0578499539497737
126,0.008375962983298353,-0.00854559982960039,-0.06053210693754568
127,0.022487293905284644,0.007337050176217788,-0.06364212248445002
128,0.023948699916747376,0.0064190503920262265,-0.06955560721520315
129,0.006801576116940503,-0.013070800383590646,-0.07851293789364316
130,-0.015115756904407557,-0.032949941306246344,-0.08941897511227587
131,-0.025910724800489615,-0.04031766073847107,-0.09994248429102082
132,-0.023322867224970706,-0.037279618798612926,-0.10641349075930268
133,-0.013837509143476964,-0.027731609590381096,-0.1078599190675315
134,-0.010456199571438507,-0.021965438703601348,-0.1058017062097879
135,-0.02284257688095756,-0.03375298714684846,-0.10158341021812473
136,-0.042858797358773015,-0.05564584223666161,-0.09638952697175307
137,-0.05402215637296373,-0.06513159730330781,-0.08876197336537345
138,-0.05390253183704313,-0.05914492850776862,-0.07687626955911842
139,-0.04945842302104651,-0.05161234960577403,-0.06361154736122274
140,-0.041485171215799595,-0.048207047827295985,-0.05183366011664006
141,-0.036735237253976954,-0.047949407810213104,-0.039695264483206205
142,-0.03947110659871902,-0.05071117062297778,-0.02792541761770438
143,-0.042797398424154365,-0.05562863776572466,-0.020959878918460705
144,-0.04332202422875242,-0.0626149241615507,-0.018668986362222605
145,-0.04486634897416336,-0.0705517057994616,-0.0185428387146672
146,-0.05085543834839226,-0.07311458838275006,-0.018649686478841344
147,-0.05509595300669695,-0.06581153132262516,-0.017526128095717977
148,-0.054546418411670794,-0.05372776418497574,-0.01664732410612832
149,-0.05539325903769485,-0.04826469860840896,-0.01759417572265698
150,-0.05586501997539449,-0.05139813175576602,-0.0206054317243375
151,-0.051221410048456775,-0.05357127408469138,-0.02526196488812292
152,-0.04766154094787929,-0.05309101769869348,-0.027065403581737715
153,-0.051553208889684496,-0.05750643943180436,-0.022208251746200745
154,-0.0600899723601957,-0.06686164404408937,-0.013472698823707531
155,-0.06616517529965782,-0.07059452708944638,-0.004403827008172927
156,-0.06670007371931982,-0.06449613538659649,0.00383213903874121
157,-0.06365514156574642,-0.05867330020394523,0.010283201782643237
158,-0.05779279534464926,-0.05935964839073632,0.013715914442548337
159,-0.04856677333513179,-0.05928556400564111,0.012671759972829405
160,-0.039726705038004795,-0.057272873030011745,0.008576001772725494
161,-0.035010225054016963,-0.05659726488646055,0.006110933715218869
162,-0.034403203455626835,-0.053070471897474214,0.006794745459705126
163,-0.0363815611208228,-0.04736505517650065,0.009013784386744508
164,-0.038350505133217,-0.043614864591762115,0.012707541299745748
165,-0.038588175557190914,-0.03802730750533789,0.01801952886479507
166,-0.03187804307197123,-0.028886084396213874,0.022747530246589116
167,-0.02056336063876356,-0.02402478496515764,0.025918946472035083
168,-0.01742232734370025,-0.025708091167866487,0.03009202432528569
169,-0.021097734362108045,-0.02699965810023207,0.035465244761501605
170,-0.021419066638589432,-0.029709228267509914,0.03862424522943991
171,-0.01927557302017925,-0.035194124659473115,0.03871173176228851
172,-0.015594788665775294,-0.029652203710282758,0.037877295240755976
173,-0.008454789906073207,-0.013617445914998506,0.037325462145661764
174,-0.0013609506826989526,-0.004830786159788589,0.03676195684165967
175,0.0020899058349097,-0.010393550165141555,0.03593279857630264
176,-0.002233939968403542,-0.02187554515475379,0.03543893849893511
177,-0.012112153825615847,-0.0260988635790005,0.036295186171791824
178,-0.01768734294651654,-0.02359007925238886,0.0402458269941804
179,-0.017023315085631444,-0.021742676695427135,0.04827415561315024
180,-0.013767521043884706,-0.018593406587265045,0.05902903626114786
181,-0.011892032387011614,-0.01441009604451023,0.07297108019826981
182,-0.01511874239362948,-0.011929023618466117,0.09037305980117852
183,-0.018825381759513805,-0.005269574461270483,0.10759170200471552
184,-0.01939035383239051,0.0029684322308073524,0.12055542717395579
185,-0.018826401999586594,0.004684371765506214,0.12691074246930245
186,-0.018901036801704373,0.006224538585243765,0.12720795604385748
187,-0.022209338970154598,0.010907110609908708,0.12314702145799605
188,-0.027224471707444686,0.01191923270822648,0.11630432559045917
189,-0.03145135868212676,0.0015962944391175668,0.10760771626182625
190,-0.03419398013510866,-0.01856703964361217,0.09778501350098445
191,-0.03437179868850748,-0.03278846021517272,0.0875739580429516
192,-0.03272861227496006,-0.034504100383021125,0.07439585218906994
193,-0.030464415274588638,-0.0272640461544785,0.05695818677804243
194,-0.027466296540279905,-0.018496641404241065,0.04016039778116523
195,-0.026449319383591838,-0.019254957110477394,0.028346363454412667
196,-0.028463516580144455,-0.024321955658268918,0.01945620610244403
197,-0.03071329707786148,-0.025905801850804627,0.00925310838550196
198,-0.03414842750441384,-0.026511759992188327,-0.002263266918476954
199,-0.0369378844276165,-0.022226585591373887,-0.010563886077869712
200,-0.03735725214673587,-0.009702952136186424,-0.013332570649883878
201,-0.03708212681598266,0.006293034329633407,-0.012144541743007841
202,-0.03295184424427333,0.01678670100206326,-0.008142909484921454
203,-0.028773066493823662,0.01112545611742171,-0.0025570606541490404
204,-0.029382376272993158,-0.0070202698930453555,0.0036388449874054235
205,-0.03047180698703003,-0.021585832303450514,0.010217015136003815
206,-0.03225299616090241,-0.027401646053553358,0.01570191818462223
207,-0.033032153641834996,-0.02703819425132506,0.01758098808528004
208,-0.030052178624152028,-0.020712108711296966,0.01563002502759392
209,-0.028425505223590955,-0.014465404645411857,0.013605790995951272
210,-0.029882644049726043,-0.013899859163388872,0.013262425411607298
211,-0.03108113056928774,-0.01268818658512752,0.011229309229605966
212,-0.029449498008859487,-0.006985229834741494,0.004537597836652224
213,-0.02474061658414456,-0.004021870060828436,-0.006057599430566864
214,-0.022941975597069855,-0.006737833765570939,-0.01748638395115032
215,-0.029604105376078535,-0.015605701498935285,-0.026756160576395724
216,-0.03769223627125009,-0.027478557919928835,-0.033555611268191024
217,-0.036674709406905474,-0.029103641430255896,-0.03831936227460718
218,-0.029338191932369927,-0.01964973140007252,-0.039273912970465175
219,-0.022531299922140424,-0.00772285867793944,-0.036343713728350366
220,-0.018369966837484944,0.0016668889607099613,-0.03235173023710386
221,-0.019168052826256277,0.004285431604833634,-0.030946581424155878
222,-0.022082441667755748,0.003210421906861577,-0.03339668621250862
223,-0.025815920519843147,-0.0012684868823979178,-0.037134223095772884
224,-0.02954992959534133,-0.010403332930901094,-0.04055820426728242
225,-0.02745607743309222,-0.01468524819226305,-0.04301994645039593
226,-0.01932812748141786,-0.009907270621411085,-0.043218683650096595
227,-0.009565956637978303,-0.0052938345873430465,-0.041409166963127464
228,-0.003029223332755404,-0.0083091432786193,-0.039602030033785277
229,0.00024644729130277043,-0.012436404269668272,-0.036913961464628955
230,0.0045733614565177105,-0.006324532400618227,-0.03246770487983529
231,0.008972029834770454,0.0026104234896317524,-0.02942074987061602
232,0.007923297088661227,0.0005292686484972831,-0.029109497353069266
233,0.005219786790543718,-0.004791853729269657,-0.03270407463719234
234,0.007802454102464815,0.0005969759349425396,-0.04076564986167205
235,0.011018626365729742,0.011014870032896862,-0.04923857307658064
236,0.009009520771599236,0.009939217785771948,-0.05565671743710363
237,0.006209805613900873,0.001988037483654004,-0.06058228671510793
238,0.013404647081409107,0.004346789896094855,-0.06423858021843673
239,0.025457264705032824,0.013534312321554332,-0.06688374643184775
240,0.026057203162134182,0.013993946428449977,-0.06740350151420638
241,0.016532224582313793,0.003498444186865124,-0.0645390100809956
242,0.012075608363231113,-0.004690720136955331,-0.05998039724096177
243,0.020064643446005975,0.000033394797327016,-0.05575646663377534
244,0.032309275123944325,0.013057796851020403,-0.052850729854704834
245,0.037961595208313326,0.021010147979521027,-0.051948873303993184
246,0.036572171334577436,0.020253744116451505,-0.05261066721796248
247,0.03630037284909872,0.01991347314660527,-0.055798305071865915
248,0.04055435109665993,0.022359581036708508,-0.06275832611628182
249,0.044015526883499446,0.019936228625266457,-0.07097130762664469
250,0.04179052626569402,0.012316849366255933,-0.07791556588472759
251,0.036674473578896416,0.006266688034243663,-0.08509045233205254
252,0.0335815251359915,0.003783057993550179,-0.09401699780453115
253,0.03439916569633708,0.003059494963255645,-0.10233235388638945
254,0.03898490581231179,-0.0002948922025686057,-0.10619228453341362
255,0.040037887838200836,-0.008003382865458639,-0.10351319449901741
0,0.0354636144360584,-0.010053065672112102,-0.09548729178167761
1,0.03254585755219008,-0.0035145079599239043,-0.08466277313420167
2,0.029602263667167953,-0.0047069676476437505,-0.07440254083170586
3,0.02193318284038164,-0.01699386478090889,-0.0685199939821165
4,0.01638678455629885,-0.02496228669449499,-0.0679669830359127
5,0.014073356507135606,-0.025240365225285874,-0.07312237700954952
6,0.005810703184864235,-0.022871618580585645,-0.08330881378832886
7,-0.0055015148800089675,-0.020807176749864698,-0.09513589335364953
8,-0.012650934972851358,-0.022267516193946,-0.10686303664973615
9,-0.016574069007654305,-0.023087617022666377,-0.11753505749679796
10,-0.018010192581906184,-0.020711797141744318,-0.12553766912068864
11,-0.01915163865611745,-0.020121722810776663,-0.12988074860172955
12,-0.02115871315013615,-0.017974470037836143,-0.13131965507581056
13,-0.020582787103559014,-0.013561783200692082,-0.13219400657364466
14,-0.019007308842613688,-0.017135331482355687,-0.13318248080161466
15,-0.019314397912779502,-0.025224192181104416,-0.13522155445459277
16,-0.018518662292756304,-0.025573943349481588,-0.13856302442591184
17,-0.014557688650260789,-0.01782814027051559,-0.14057327035525946
18,-0.010624317594174856,-0.00926909878046327,-0.14122651108486595
19,-0.010386292712960495,-0.005181902012396149,-0.14436766135529966
20,-0.015171275251742625,-0.006415282686312796,-0.15064339997759496
21,-0.018570701058588088,-0.008756452987520758,-0.15614758209778057
22,-0.017240826786219715,-0.008643852231817281,-0.1593673478666851
23,-0.01617936073340412,-0.0073520721557125135,-0.16015039876987014
24,-0.012029777942699993,-0.004726741838875087,-0.15739112204235073
25,-0.006608323458061227,-0.0023197156854218234,-0.15135424446155665
26,-0.007456920700679194,-0.0026384863020140134,-0.14256623892401987
27,-0.01072158294053683,-0.00423603876934078,-0.13075003135113622
28,-0.01121285504059523,-0.007121296384674503,-0.11776954060009967
29,-0.012574700866975576,-0.009855152252514363,-0.10793590947768975
30,-0.018139598562558222,-0.011608257585649293,-0.10247918428023042
31,-0.024456747810094985,-0.014290743483373836,-0.09971099751420101
32,-0.029918144239681088,-0.012906409188045226,-0.09788412196689339
33,-0.03264605291726383,-0.008202469890312342,-0.0940002707817873
34,-0.03142177711016958,-0.008191953324054702,-0.08602451026705371
35,-0.03068117964048428,-0.011576894322457398,-0.07535044189898954
36,-0.032275848504773524,-0.01233851663242299,-0.06284530576980324
37,-0.03351400016366597,-0.0074530553407105085,-0.04869277135627048
38,-0.032297325216525216,-0.0017259279150947174,-0.0360454554163607
39,-0.0305388569590863,-0.0013635731402187323,-0.026790608426555486
40,-0.03095806859873845,-0.006625994414072942,-0.01908053246155962
41,-0.031823092185531886,-0.01314295090753044,-0.01154794685243564
42,-0.03180802155825033,-0.014284271942342448,-0.0059561310586766295
43,-0.032710210413889884,-0.011564056466994245,-0.005057664785053748
44,-0.035503103383917295,-0.012250172865216805,-0.00887585625068131
45,-0.03906036896525322,-0.016025476261350688,-0.014278177510342757
46,-0.03821142014582497,-0.0156332238205647,-0.017578205181275272
47,-0.030598761951531647,-0.010527241979973373,-0.018402756911547552
48,-0.022849465147365314,-0.006795739182178804,-0.019109208027039387
49,-0.02054567127065888,-0.005619519076873053,-0.020130182007047408
50,-0.02390981661399185,-0.006256073023518528,-0.022174816008403122
51,-0.025677072960184424,-0.006905691487566812,-0.02782895128304303
52,-0.021340315902293225,-0.0058168967977358065,-0.037048249266473446
53,-0.019254528589149875,-0.007818536766664098,-0.04800179074912554
54,-0.01939499096469069,-0.014137040878861175,-0.058867825348637604
55,-0.01573263073736199,-0.01623144695496536,-0.06854133417068595
56,-0.012501534883268259,-0.00936573044114497,-0.07829606200851313
57,-0.010702885720506289,0.0008947976381119549,-0.08897685131773897
58,-0.006421598369508771,0.008031808352445886,-0.099546040919897
59,-0.0010930325418566297,0.010821179197669867,-0.10971941872685209
60,0.0032453223396024383,0.010492998768429074,-0.11975709427927289
61,0.0033418228846001166,0.0074009156608068755,-0.12918705286685706
62,-0.0012351155169415748,0.0021801860957142982,-0.13690015927424098
63,-0.0037188389240589877,-0.000870072487001633,-0.14098789910418325
64,-0.0039504116876187614,-0.0008869925048502134,-0.13952866927874508
65,-0.006043741035025904,-0.001958343109480426,-0.1329890052368824
66,-0.007846323245045111,-0.0038530217551892704,-0.12450117050175197
67,-0.006573875309074148,-0.004550509608696365,-0.11695356056056105
68,-0.004003652586718136,-0.005199264306002094,-0.11071349550985543
69,-0.004816011000555887,-0.007599119905426388,-0.10264843652119554
70,-0.011414242914328854,-0.010395159420886216,-0.09111907174179382
71,-0.016667676000949216,-0.01307034848690955,-0.08067406723720472
72,-0.014412287284080609,-0.012007049280069848,-0.0751203589684615
73,-0.007308645293322022,-0.0002484286754578513,-0.07402349062354657
74,0.0002714271414091668,0.013681157288866805,-0.07556386223932732
75,0.00581824252906589,0.01887450754038137,-0.07746375753421264
76,0.008821486169219253,0.019839781877267926,-0.07947995629813787
77,0.004448304960033858,0.01638683801293208,-0.08166877957464119
78,-0.008855959690014209,0.0036771322655214655,-0.08162865535622987
79,-0.022943042878808648,-0.011953271796581968,-0.07742226519184378
80,-0.02799565434109734,-0.020244317486570768,-0.06944133266921593
81,-0.01932788821042279,-0.015735126470607277,-0.05935999005333531
82,-0.00533758705229756,-0.0015335321874181546,-0.04953362917240289
83,0.0017915966512468962,0.013629352161020888,-0.04080201903782389
84,0.0010384376924589545,0.021429426675834223,-0.034072989126243416
85,-0.0016892427753064654,0.018039825047133556,-0.032980264979089
86,-0.003145968647322861,0.010449407071510222,-0.03744780108427176
87,-0.002268480250221888,0.00878885964574272,-0.04336632745373564
88,0.0052867786354206525,0.01347304466425886,-0.04813197945784112
89,0.016585241868928846,0.018246033324055416,-0.051635979369755294
90,0.022533357941535104,0.023037362300276115,-0.054902847718631076
91,0.02149622478250801,0.028230095993056786,-0.055836423484250886
92,0.015832098772861812,0.02988335768921932,-0.05228867305618948
93,0.009146768130616018,0.02893405042669743,-0.045509384373149636
94,0.008491775654349318,0.02624812164578784,-0.03663473959336894
95,0.017601395021089684,0.02373260749670421,-0.026600248622608097
96,0.026534247687895758,0.026504684165530798,-0.0175420181464694
97,0.025359711164326053,0.033601691348931206,-0.011919720860657013
98,0.02165216446112196,0.0417282545352074,-0.009867213479549906
99,0.025834130966038926,0.04721602678691675,-0.006649811514238699
100,0.0329603930260301,0.046290200399914994,0.0010431940676270193
101,0.03507767661738673,0.04206919388581368,0.008631896946027236
102,0.031698861950192725,0.035868068654241816,0.011726512851641776
103,0.02558191964289986,0.027336023284438897,0.010584173074679605
104,0.027657242451275037,0.021604649318062732,0.007911283195318478
105,0.039130661864210985,0.021963835208880247,0.007531653067050045
106,0.04448149168769953,0.02688555665322958,0.010455767438155295
107,0.043989143143037875,0.032658589574535,0.014645174248183276
108,0.04814900659153176,0.03669475621792348,0.01899765815634001
109,0.05464677203036475,0.038527924456064455,0.024755403736803322
110,0.056932577547194024,0.039034342153593166,0.029843412248448595
111,0.0552501708427201,0.04067437728628481,0.031128628537725633
112,0.049933648162728356,0.04008559001476161,0.0305738995500789
113,0.04100604831546553,0.032571767870715876,0.03081589139920174
114,0.035523858779960935,0.023303416799835136,0.032280856091646104
115,0.036372936959450264,0.018421084088167262,0.03328190139897065
116,0.03853795466222867,0.017407382701538833,0.03346901966077208
117,0.03735789810502825,0.016804208459082363,0.03413401359503092
118,0.03576296626665281,0.014490020086352595,0.035134048314084815
119,0.040628898612590156,0.013708884054853335,0.037743341533142474
120,0.049796374488237066,0.020726375316961962,0.04235516295613832
121,0.05383834028897555,0.029358111248633106,0.04715133225225536
122,0.05068697158119634,0.027489705306426637,0.051691085795312425
123,0.04924050689546153,0.020324459298112288,0.05637700818937101
124,0.05266906257270357,0.01943590138944322,0.06212586937224532
125,0.05337394850607441,0.021339404734618712,0.06833188476947707
126,0.04565765712792992,0.01582212766827606,0.07242362108510333
127,0.03176379984076884,0.005024521697096815,0.07426812442356417
128,0.022790982854904593,0.001975387700767951,0.07551344061971185
129,0.024523870584934798,0.010531649934687852,0.07685102162122429
130,0.027712235483184633,0.017184661943338467,0.07719329760058141
131,0.028466377294487977,0.014262860097178715,0.07588475388555818
132,0.02730252115078849,0.010328083685363636,0.07547221598945111
133,0.020001507010779504,0.01015086573621475,0.07783716065390761
134,0.0101983426457002,0.010288181908293281,0.08205878105431696
135,0.003335199355975118,0.006742075803634451,0.08605454114823288
136,-0.007468686249715327,-0.0024864021597496844,0.09010965558067419
137,-0.022144506811019992,-0.013182127888311107,0.09570951221256391
138,-0.025873795454172878,-0.015651049579505694,0.10205389470621551
139,-0.017347209904960997,-0.009454894623231,0.11065244534614344
140,-0.01002488358644818,-0.006527683618097954,0.12286852422012579
141,-0.01015762077942009,-0.008242199518419369,0.13561137913993004
142,-0.01657077961249412,-0.009857114879005285,0.14644155240780438
143,-0.02532857502245097,-0.01081532992635171,0.15451318255126684
144,-0.026315703732674656,-0.0057441171012188805,0.16004959324593282
145,-0.01689593001610705,0.004460542979950077,0.16644782558097015
146,-0.007416878390854351,0.008424602337943128,0.17600845578586755
147,-0.005936281206139905,0.0014036387519072435,0.18701916323937773
148,-0.010117034594662996,-0.007041809930454942,0.19819241018847267
149,-0.01566939573785056,-0.010688440110557466,0.21120378873791923
150,-0.01978318655651541,-0.010779929046567417,0.22704645152345138
151,-0.016356749254772214,-0.006833416939557566,0.24334999949177338
152,-0.009556352030091718,-0.002319620413427523,0.2574538415657236
153,-0.00963534170811807,0.000641707292574227,0.2676186499125234
154,-0.011608744460809242,0.0018806316830448713,0.2725521141425076
155,-0.010134040790460404,0.0005792503477585753,0.2746828662730544
156,-0.009491211095127268,-0.001278999698208022,0.2782659252234969
157,-0.008515001614375852,-0.005596667133123789,0.28327133735995813
158,-0.00541834301954483,-0.010225972590618429,0.28755356064661286
159,-0.001874561750082139,-0.012072072277149619,0.28780762459062514
160,0.0016948438733865659,-0.014194257547526769,0.27936092625340625
161,0.004666373545895809,-0.014263201398084874,0.26322683433405225
162,0.004556983992586427,-0.0123510784415517,0.24760620413731982
163,-0.001613597740819983,-0.010789194386822354,0.23820721867639627
164,-0.009428421520281137,-0.010119287151855644,0.23380722755459438
165,-0.01396768867547072,-0.014387531042589809,0.23019287871915806
166,-0.016420475347782813,-0.021860990147512034,0.22411299347987768
167,-0.016139394030974107,-0.02241864025604305,0.21722311780601056
168,-0.01724397342741954,-0.015081225349415237,0.2114149917871705
169,-0.02188554222754871,-0.008715134795133195,0.20654604871731558
170,-0.025627676884886624,-0.0033817266893921977,0.2026132750637622
171,-0.029817145786608185,0.000940071455297814,0.1972182867770637
172,-0.03347000543088359,-0.0020207715351467925,0.1885550293270632
173,-0.03425137299176454,-0.008256255949746188,0.177546586332068
174,-0.031384744184657684,-0.007422840893365201,0.16699721488064667
175,-0.028563122682698817,-0.002012923766487769,0.1601505750704338
176,-0.03160220983009409,0.0008566956755648308,0.15677268796075683
177,-0.0363116183839049,-0.00013668917522227653,0.15433747750210175
178,-0.03951953930110205,-0.004096659251128426,0.15191943089214005
179,-0.04059142155440082,-0.008760809963847621,0.14939713999794985
180,-0.03833907389610319,-0.013394898047988366,0.14663297903224437
181,-0.035301868650837676,-0.013288566284955297,0.14584647077182683
182,-0.03376379016011882,-0.009700030406627008,0.1477670053691762
183,-0.032218701702568714,-0.008989958069501883,0.14846800258507814
184,-0.026093007207524534,-0.006877771936885851,0.14697402035629176
185,-0.016809737549744286,-0.0012846678517935972,0.1484074286921499
186,-0.01673757280045497,0.0013847943356446596,0.155232300552751
187,-0.03070743230246831,-0.004138470397283434,0.16251185790586703
188,-0.04485191221015285,-0.01418583903442383,0.16341241641813664
189,-0.04841981573818242,-0.021442588634295545,0.15605634524156875
190,-0.045187311041658046,-0.02390336375939206,0.1464793543621754
191,-0.04199145014787209,-0.02250214392360303,0.1400249326687576
192,-0.04343482622340819,-0.021615254447176685,0.13571742552951366
193,-0.04843922498634606,-0.025647474445000457,0.13218605077348228
194,-0.05288841462250318,-0.03123693928541188,0.12975694879154542
195,-0.05563714945381368,-0.030318246964574566,0.12847114381833896
196,-0.053288765775502525,-0.022915435696168135,0.12682499641782247
197,-0.047546884343209764,-0.014403067596476277,0.1238861657098505
198,-0.04681503646122079,-0.00803735915483024,0.12123129968645452
199,-0.050539959377283145,-0.008234515637828697,0.12168798079038273
200,-0.05080246116701301,-0.01201618611584375,0.12691350327927325
201,-0.04621358320988628,-0.012258872309464423,0.1359743399684985
202,-0.044604199175918124,-0.01447956724878667,0.14704878721916653
203,-0.047973016690124604,-0.024176486443458656,0.15872888197940976
204,-0.05170518681071934,-0.03351248132105829,0.16706549893561218
205,-0.05576914032532866,-0.03518294769299084,0.16936969747925917
206,-0.057138634829563315,-0.03060601421973401,0.167654853899467
207,-0.052876370479417706,-0.02241946859389015,0.16385749819588585
208,-0.045877534778375015,-0.011961953144089758,0.16026208448656665
209,-0.03683146878892404,-0.004319196659937019,0.1602031753867878
210,-0.02794060981157312,-0.0019637965825516634,0.16382897468902013
211,-0.02715336924237291,-0.0017687012517743628,0.16547862740323266
212,-0.03730550224527715,-0.0033016237968313336,0.1593121386798494
213,-0.04585674647324795,-0.005615287998408009,0.1474067735370057
214,-0.039551135489430664,-0.0033640942187994835,0.13568580157187426
215,-0.023350100812036416,0.0009861509254293355,0.12552287700346854
216,-0.01268050425871662,0.0001889710500491519,0.11639391362809226
217,-0.013247432066964535,-0.0018404084595247082,0.10873237909084443
218,-0.017203327623076484,0.0020566112322591215,0.10271581013002562
219,-0.01793019912015463,0.00636182828548109,0.09829342260318455
220,-0.015894472668554635,0.003369150089159688,0.0955654029425349
221,-0.015019985517240403,-0.0030642617962424526,0.09400970186707422
222,-0.014292269599409088,-0.0061710775062849485,0.09083924762276682
223,-0.0110758342605166,-0.005640912205768525,0.08437696279341556
224,-0.009047771890899076,-0.003286692039342759,0.07724415573226345
225,-0.008425181777594526,0.003312891899863016,0.07284314410924564
226,-0.00818383083140512,0.0043654662443163884,0.07180542089021352
227,-0.008693218492007273,-0.006150727804258675,0.07108456001167182
228,-0.00840059182716145,-0.011628623276414625,0.06631600911075636
229,-0.008642277803208961,-0.007877646312924778,0.05774063810279463
230,-0.009084481933911544,-0.0037521903369427227,0.05017291285526404
231,-0.009589809073105866,-0.0015068222040875712,0.04680947179156342
232,-0.012430920952694519,-0.0005618939065644805,0.04696379444166346
233,-0.012361071245934269,-0.002162408527298685,0.049401526380036476
234,-0.009550252620965557,-0.008469815893210421,0.05358493153752353
235,-0.006471074412387524,-0.014983160123578077,0.058393946008152176
236,-0.0003835520939706426,-0.01583112267415124,0.06254341188749815
237,0.00619377731023877,-0.009146691649208491,0.06491861606483382
238,0.011660146498802506,0.0033923747364804357,0.06581423763662533
239,0.014064685287653492,0.010870457786548784,0.06615714550237031
240,0.011085924495384682,0.005217139444300439,0.06623377880913744
241,0.004744243861030319,-0.004606231091767166,0.06521104398185132
242,0.0006222574381431478,-0.007768963143512692,0.06269283561194666
243,0.001915115226026165,-0.010224154791043508,0.06220631134963778
244,0.003716274906264236,-0.016294733008858545,0.06561584170039966
245,0.003422965682119389,-0.019189941687794157,0.0691859592433475
246,0.005096853900824268,-0.01803183848393229,0.07064687581721016
247,0.007220411953783631,-0.014704886604599704,0.07216059746592282
248,0.007492046274929505,-0.011018618858903179,0.07696086867933466
249,0.008736526782646234,-0.011372368268283806,0.0847791048061845
250,0.010312311665125772,-0.015095327913144774,0.09324266848195159
251,0.008766986011681577,-0.01777849862252555,0.10322239130119854
252,0.004992909810278542,-0.018276636270231225,0.11493331118297836
253,0.005757094555699838,-0.014902744720854191,0.1238664833398131
254,0.012147831905560916,-0.006804961632649181,0.1239681554375554
255,0.017071957544098473,0.0021623797487428514,0.1130475500097829
0,0.019611567873359284,0.007132674821553213,0.09390227184883582
1,0.022401554436940543,0.0059641488555117195,0.06973066033539932
2,0.021183597346703886,0.0033350273172222944,0.0427528505002327
3,0.015054506275140087,0.0015701198829924518,0.01707111035344233
4,0.012508215033189857,-0.0021295737911953966,-0.004303131823650497
5,0.01832176065123811,-0.003706030676512803,-0.021747896210650125
6,0.0259921371995184,-0.00010340759604858529,-0.03446508602329004
7,0.02837957645331307,0.004481026015951184,-0.04031527303181842
8,0.02715754907316524,0.006245021795965228,-0.0385394395156711
9,0.02256359039605799,0.0027010321525546,-0.03218567138437578
10,0.015573579880106693,-0.004140902311265807,-0.02817709661729624
11,0.011075893333353175,-0.008383724218122238,-0.031507343559612655
12,0.008802582825797862,-0.006401182482716344,-0.040951183397605256
13,0.007520656720665826,-0.0017443564949417845,-0.05078065856528871
14,0.005507356038788075,-0.0017075329951979981,-0.05836442036312027
15,0.002719975843396616,-0.0030623173384357466,-0.0666670705639826
16,0.0034592762625442544,-0.0037107570256210975,-0.07569699434237542
17,0.007307738180031331,-0.007872494413598663,-0.08235222253883062
18,0.006694590202421288,-0.009047464277630674,-0.08674801166004753
19,0.0022925382031063132,-0.0018745173615280497,-0.0888436950361115
20,0.0005310185238864978,0.005302871342420537,-0.08788294020090481
21,0.0006546431319443199,0.00840854013529227,-0.08504390156077163
22,-0.00010164990512313149,0.008719345474347606,-0.08176836639542678
23,-0.006466829729164736,0.002566705421895979,-0.07945463670675723
24,-0.012564906049605536,-0.004928995918084045,-0.07857837540182809
25,-0.009475606280283308,-0.006443787732497125,-0.07897340662842084
26,-0.005565119564116636,-0.0028549798966448214,-0.08114358510989167
27,-0.007056020626792128,0.003597563191542988,-0.08619851705794379
28,-0.0096647132527507,0.005771382473309307,-0.09455758051874646
29,-0.010640076106428115,-0.0006390465522748551,-0.10329864932868543
30,-0.013363855445724715,-0.008272762639634584,-0.10802948108335281
31,-0.017344915924852912,-0.009464074347300136,-0.10759189834787239
32,-0.016082810388458334,-0.00400175620984701,-0.10304759856132653
33,-0.010310071629892621,0.002142852936251452,-0.09801648916311204
34,-0.008071625620978776,-0.0006097921190429123,-0.09833009152337954
35,-0.012300005408177737,-0.011016797604242151,-0.10461771809811998
36,-0.015110721331824676,-0.014471670051355329,-0.11393964311049581
37,-0.01125207191510618,-0.00595228217304028,-0.12428336107607885
38,-0.008000161220679439,0.004108539948538145,-0.13297412463443004
39,-0.010561935482616913,0.005967495311815195,-0.1377840479862012
40,-0.013540347237464057,-0.0015099248808829735,-0.13904479905406597
41,-0.01546622770041042,-0.013112330654179397,-0.13973527451500772
42,-0.01796117729856867,-0.017688526017696243,-0.14138460954214355
43,-0.017660124465381698,-0.011871563294490396,-0.14340709698043858
44,-0.013886924188392897,-0.005321410048071566,-0.1458725522552069
45,-0.009901857733728942,-0.001324678430259088,-0.1480031408121395
46,-0.006508042049385321,0.0009644794645061114,-0.14894523242621072
47,-0.003611253915243265,0.000012481852735495014,-0.15041618217535252
48,-0.00218491867827271,0.0007506284693691821,-0.15381550913309577
49,-0.0016324587505073401,0.0072688388646718685,-0.15789177961317097
50,-0.00030074034920228587,0.011574555192504145,-0.16021940480792984
51,0.0015989762594671789,0.0071466303376855195,-0.15836504071791285
52,0.0005272934716391564,-0.0010663500174371635,-0.1524634827860339
53,-0.0007179478951297238,-0.006663508493683058,-0.14646874215661082
54,0.0035804344573917915,-0.004818976837800186,-0.14306128606268714
55,0.007779299575955245,0.0008114061722574936,-0.14031268991454926
56,0.004095324191546807,0.0012169339627264159,-0.1378790150235828
57,-0.0018013671097302578,-0.0034794820827259224,-0.13792664834041918
58,0.00020306942041778409,-0.006721185976731561,-0.13993709496927753
59,0.006308266008090587,-0.004948091786031436,-0.14112397627528894
60,0.006758250103199137,-0.00365990180000747,-0.13871009274205842
61,0.001984061002156992,-0.004903201774096123,-0.1321949146364894
62,-0.0004952259587499494,-0.0088856945723787,-0.12226908824155236
63,-0.0010172179842872428,-0.01620029449177062,-0.11038869577663185
64,-0.0010341881127612154,-0.019199375176124897,-0.10042248969236339
65,0.0025494303993314066,-0.015525043400766901,-0.09385458930511242
66,0.005904257344623798,-0.008844939548891637,-0.08860478912543251
67,0.006486589079552706,-0.004074003182526431,-0.08493345185636461
68,0.006369243684153182,-0.004577339093027558,-0.08289514030231611
69,0.008215890377651754,-0.008685677944153314,-0.07913987406611198
70,0.010826273461341265,-0.013694462491510039,-0.07252666048970223
71,0.010480639324758734,-0.014037247301315246,-0.0657137349996686
72,0.010336335076877146,-0.0086725995492371,-0.060363714453024964
73,0.01188519855524632,-0.006437542620677597,-0.055942656670339486
74,0.01399970077285629,-0.010408293920298722,-0.05221105223666994
75,0.01630194841002627,-0.01287444394280346,-0.04740259157651652
76,0.008169546338887786,-0.012658529620097485,-0.040493627243187086
77,-0.010008383813867937,-0.014917082458077241,-0.03370225169875758
78,-0.017989064734190617,-0.014010938840241946,-0.02685641860162634
79,-0.012322586639414278,-0.002591098092836558,-0.018395266068009744
80,-0.0018004472596839724,0.007655227910154827,-0.00945394970728167
81,0.009520632332321637,0.004183750635988678,-0.000881104344698333
82,0.015066531393790453,-0.00019865375291304443,0.006572263383532798
83,0.01574934514014599,0.005531487395461471,0.010832118364699772
84,0.019719234561934418,0.01642205536924593,0.012584528496086086
85,0.026316768928295528,0.02614969191097781,0.014989037331055721
86,0.025691796992005314,0.024379482154468057,0.021054680176955026
87,0.012659497849081908,0.006785776356865884,0.03218265799184697
88,-0.005015316673246506,-0.014279114900765395,0.045285379873688886
89,-0.013596007603628599,-0.01968003769963327,0.05694396293904774
90,-0.0055092363874410105,-0.004465420404070684,0.06772001578831735
91,0.00900221038830018,0.013503143041352639,0.07834162471042627
92,0.015748143113331836,0.01932469372591339,0.08764907232242161
93,0.017609636482230517,0.0179908229359821,0.09350457880802851
94,0.019509070476744217,0.018890330269079394,0.09607832956201129
95,0.01731416019819948,0.02273287532073212,0.09780940044455344
96,0.014939314856319275,0.024494864174701925,0.10020846794012661
97,0.018890586577126944,0.02308339094122111,0.10388528928971275
98,0.025218412936541923,0.024180576954476868,0.10792316906877336
99,0.031812666092991854,0.03056036053461786,0.11165914730528281
100,0.034127952899484296,0.03348139496395492,0.11612993642583525
101,0.025882252267801456,0.026634753405663195,0.12161388634094383
102,0.017311045556446594,0.019541169151035563,0.12754607041671906
103,0.016974363088863173,0.02265961172784699,0.1330404772645974
104,0.018022178928808488,0.03178932115974575,0.13779370049115747
105,0.019414053581865293,0.03678124019342201,0.14304262735250056
106,0.025414257099537624,0.035345033617273924,0.148267286652155
107,0.03339873853280015,0.0316574722523576,0.15104022356963392
108,0.03732808533007484,0.030849130929375662,0.15131476826891893
109,0.033108660570725465,0.0342296285407811,0.15083570098370097
110,0.022810314035849155,0.034963699767299766,0.1503246516047092
111,0.01529730713681609,0.027933683141449762,0.15147082316391347
112,0.018941432010820686,0.020863161254572528,0.1568297705860871
113,0.027753513413415573,0.019902819187788346,0.16483179526000852
114,0.029760079665576433,0.021468096284537382,0.17065708887569242
115,0.026565958952676508,0.024689361932797402,0.1729580217079294
116,0.02614428588737948,0.028504016097920234,0.17517994214425503
117,0.027390474123334063,0.029516886146153887,0.17931948240111306
118,0.02664473367083381,0.03006153405908886,0.18402387954475496
119,0.025896142917731374,0.03130783880995269,0.18861029298251353
120,0.02614875632176135,0.030984131016335126,0.1925212042426534
121,0.02815940915592665,0.029773222396391505,0.19451632674195535
122,0.029741742457244258,0.02466663232421907,0.19540147227086185
123,0.027495368615277196,0.015097731555663331,0.19561805182234432
124,0.022645375502249314,0.010537519604743611,0.19433395065354003
125,0.019345446114685624,0.016062516645300944,0.19351401187978368
126,0.02595773898806382,0.02668475443629427,0.1958320585851412
127,0.03722735399970417,0.03276259476624326,0.20179668440916343
128,0.03789944458867264,0.03145181911262618,0.20879111961188623
129,0.03535694480243326,0.030340088274411967,0.21265948854766425
130,0.03926592035599327,0.031804407726057735,0.21316498876655476
131,0.038593008790725844,0.03147410174934394,0.21234656396903057
132,0.03042943020184135,0.027670642794462436,0.2108037884397186
133,0.0235925279499251,0.019603051490920106,0.2089332936357809
134,0.020757189111590413,0.008924697762337272,0.20720070471308216
135,0.022046184579341987,0.003955111113882394,0.20573347588034452
136,0.025940751517500693,0.008344860565837282,0.20382780248149657
137,0.030397055244059334,0.015677081969605246,0.2004625860449516
138,0.03602405540102793,0.01989153069360637,0.19559074968984624
139,0.04211600406165028,0.02010807348264273,0.18946421906362276
140,0.04422484221625925,0.018975349887862786,0.18318331020264444
141,0.039952778006871054,0.017837567091365983,0.17671691244921367
142,0.0316629940190587,0.016011916760161254,0.16889124073429423
143,0.023197826953798295,0.01438589729061307,0.16052864936392364
144,0.01871631294354832,0.0140578515040857,0.151852169195963
145,0.016418099004508566,0.017664689251755628,0.1427163998275669
146,0.01307161351118526,0.024818510896846252,0.13364527874176002
147,0.009893954570015476,0.022045880780733156,0.1249721232491307
148,0.006781730049612279,0.006711052597259917,0.1168734549907996
149,0.00588857916681533,-0.0033293530645925468,0.10733554882993501
150,0.01088827317710974,-0.0011027496956501348,0.09501813046298682
151,0.017973931897707365,0.00545168697436775,0.0834884998925369
152,0.021989479149570813,0.009618879614785816,0.07658787640246925
153,0.022704954550147316,0.00976377410338046,0.07362811763761071
154,0.019146016407509125,0.008072103288257332,0.07266247878531637
155,0.014737511945713863,0.006791492747522429,0.07326221652482406
156,0.01620795969187025,0.005434840730702811,0.07548333233942658
157,0.01991985180313257,0.005593714831896399,0.07858992747367977
158,0.017438831790183393,0.0061407954666089365,0.08109552169197504
159,0.009716369587068244,0.003636362575814827,0.0822627780548732
160,0.004114400242062763,0.002699010582572929,0.08150670016502476
161,0.00381190106880952,0.005617953932876889,0.07792017148550187
162,0.007728246492741685,0.010102391958359762,0.07238500498033071
163,0.011386842095194014,0.01459286135772931,0.0673164732972705
164,0.009189084461306306,0.013226751317138095,0.06384104201887461
165,0.004660667563865933,0.009768668055865858,0.06109960899000416
166,0.008975592265046475,0.012610238827926439,0.05727898069311879
167,0.01908439073088359,0.016974994019782683,0.051406405546233214
168,0.021007329194960803,0.019014571460229397,0.0434743745492186
169,0.016133803407208654,0.01830556248176374,0.03482439862522807
170,0.01302699956430695,0.014580379148718334,0.029249022227962718
171,0.010424343783901707,0.010838727887963542,0.027470932608908455
172,0.008075665579986215,0.009191447292858007,0.02612518526956084
173,0.009527440963613604,0.010256508060978914,0.024605265621225378
174,0.010945293137782586,0.011882613876547321,0.023230319047637674
175,0.008067745393261903,0.011710148033122078,0.02027032963686395
176,0.001665423806672929,0.013082007423716818,0.01516691272815851
177,-0.004183254146569143,0.01577216180176219,0.007680239502396935
178,-0.001169590679689008,0.013675448614664201,-0.0004973221441644804
179,0.010985282645516285,0.008166460310815287,-0.005995019431493262
180,0.018669694938737158,0.0055014797816305555,-0.009787251925131628
181,0.012094410047921847,0.00897936123302688,-0.014320667049912209
182,-0.000747765781812848,0.01444021400239165,-0.017837918163617572
183,-0.005546865377335938,0.01222672981372886,-0.017775233930147516
184,-0.0004457753981308987,0.0033754635926492443,-0.015244993183550493
185,0.00533664101784552,0.00015451468794083767,-0.010988686170174816
186,0.005626524016596579,0.005370001095258481,-0.004050630762447896
187,0.002013782207828059,0.010294120476703764,0.0034043675231738846
188,-0.00476366182701958,0.01023008960147384,0.007428550560966439
189,-0.009964296265676145,0.011975031624685675,0.008647447944121006
190,-0.006594391553781533,0.02061650091435538,0.011941749848962971
191,-0.00089749832003376,0.021385157887557973,0.017146282781933017
192,-0.000003929234849230079,0.0035344587823665785,0.020931965190540094
193,-0.004559584407344393,-0.01476121893069704,0.02390900490527019
194,-0.01249243091851529,-0.01511386376662889,0.024542446675345216
195,-0.017535930866602926,-0.002450663590034749,0.020810727521555772
196,-0.017608296555346056,0.008896574543091562,0.015148348010877478
197,-0.0157514506660536,0.007816641629472515,0.010635930142226871
198,-0.013338575428985894,-0.003322270647128145,0.007988073940939769
199,-0.0076454525897878545,-0.009477576138244723,0.004705652278184841
200,-0.0002989636611165636,-0.006349250214765373,-0.0008005211163871345
201,0.0010307458168173078,-0.0014223492489848222,-0.007487257740957931
202,-0.0022821176233646934,0.003992644515631055,-0.014068527093668806
203,-0.003088651008410534,0.009946744204533259,-0.019095488131808336
204,0.003300398123548126,0.012250067940337075,-0.022487979670602953
205,0.015143210583559746,0.01167499109688093,-0.02566235460827579
206,0.025258603144241706,0.009164246690300887,-0.028846984355968927
207,0.02473626635263055,0.006684433863564085,-0.030522802835049843
208,0.011508393033789692,0.007084741631158548,-0.029976965089717693
209,0.0018477471577167531,0.007379320822774149,-0.02979339050419408
210,0.004093681882486655,0.00958331940553362,-0.0319636003366701
211,0.00825079740087277,0.015356847991533973,-0.03519085146661468
212,0.00551288539829807,0.02057703999689059,-0.03842914669065492
213,-0.0014591822346710498,0.024300303482595098,-0.04223847368930295
214,0.0005629418908964096,0.02556245719757593,-0.04634011542595445
215,0.015381830939635188,0.02179169398698063,-0.04888738577462817
216,0.03355019568610339,0.01865237426633216,-0.048450065125501346
217,0.044263337818313014,0.022152911200627255,-0.04539500084526649
218,0.043651158534781395,0.02893388321251288,-0.043304776933861075
219,0.035471942467760864,0.030711948683120147,-0.04459591817282406
220,0.022470866398248662,0.02178439104635209,-0.04671180868175384
221,0.008164425296579264,0.00850223437405151,-0.04596300627206208
222,0.000184391990283167,0.0005340902769797318,-0.04117720516308962
223,0.0015177157337184222,0.0002362198183220865,-0.03478673439623006
224,0.006586539173177669,0.002085232145632915,-0.030701781656931937
225,0.010772406067404525,0.005481643746582582,-0.029746281955125492
226,0.013124007478995836,0.010708595549703298,-0.028053531922054287
227,0.011684976410846037,0.00822667677893002,-0.023752708055223518
228,0.006997941090224294,-0.0001369359523217123,-0.01950207503196748
229,0.002830881157306342,-0.003550671507764447,-0.017060239782464848
230,0.00015247685908001407,-0.003458706394217567,-0.016862620384097533
231,0.0004098733163442059,-0.006245865938888512,-0.01960633366811205
232,0.004711863037191649,-0.008625160770941914,-0.023604479460888124
233,0.008164272102621009,-0.0069803969057384285,-0.025332427939074337
234,0.006961981676017331,-0.006134517998608702,-0.02401668291635381
235,0.000055934614642400016,-0.009720757750672424,-0.021777891106284086
236,-0.008541148527299203,-0.016672178162191076,-0.019797228741904288
237,-0.010925635104542197,-0.0215181236854933,-0.016757156747914295
238,-0.006583971221357066,-0.019550089598770984,-0.011546784594904803
239,-0.004204084244755879,-0.019087595990422555,-0.00587374167412591
240,-0.008855643989121559,-0.02765641128387898,-0.001997408370862687
241,-0.011163532818839278,-0.03352931861680952,0.002132319957084905
242,-0.0031421558430669017,-0.02692620105291106,0.00883010166216501
243,0.007509145944019482,-0.01704640779609555,0.01504422245821558
244,0.009146754154887748,-0.016342187811048098,0.01858955900347871
245,-0.0011801782892496004,-0.02562401621767091,0.020715263103541437
246,-0.01664670600856319,-0.036875552671915,0.02025465725495286
247,-0.027348711032623166,-0.04362190855834164,0.01617997264010418
248,-0.02646995350628751,-0.04250524199857414,0.012319828738493882
249,-0.017401497037584146,-0.03461892847090253,0.011388027777437887
250,-0.010669127333517832,-0.0277773611413983,0.011390572960269546
251,-0.006964745683797659,-0.023829466944506217,0.011829004292446627
252,-0.003142507510599607,-0.018810397378392768,0.012993986645694566
253,-0.0013499303229256507,-0.017279394171316707,0.011981481777527662
254,-0.003857333809039909,-0.022617510112477673,0.008216023130372542
255,-0.008995836793549199,-0.027995503288071585,0.0060710563066311285
0,-0.011003849695805874,-0.029758134073890927,0.009594408345678679
1,-0.009051685091865748,-0.028789011715391097,0.015125466494651393
2,-0.008546526602025328,-0.024376855073277026,0.01472560590450446
3,-0.009638005601488373,-0.020871217530392255,0.009058910121284472
4,-0.007020559652026644,-0.021459194692750802,0.004865773769240869
5,-0.0006958830728814019,-0.022653834519364167,0.0037821088267413483
6,0.003340256065234144,-0.023520447748979614,0.003309801658253897
7,0.001534398059308783,-0.023098634191242043,0.0013116232487995622
8,-0.00564848648401728,-0.022063490177708762,-0.0024833857924717456
9,-0.014929134000780653,-0.020290218734440327,-0.006148704248091746
10,-0.020722687039780353,-0.018239708333401966,-0.008414404569888248
11,-0.019468898807688408,-0.022624848939520936,-0.007668331236185093
12,-0.012053446220783082,-0.03060067489653813,-0.002499310557485257
13,-0.0024609330557870818,-0.03180106982991936,0.004774795913629386
14,0.002328248803078317,-0.023266246622758932,0.010663424082457226
15,0.0015863468484417775,-0.012533443194774604,0.012348152178206472
16,0.003503129732646028,-0.008477699950535836,0.008336260995635239
17,0.008081062057782591,-0.011955164180955928,0.00039721186037751377
18,0.0076441452645908126,-0.017118525056280667,-0.007746769235931417
19,0.0003897808252805862,-0.01685588648230589,-0.013446999635004814
20,-0.006122256013333396,-0.011398056138505632,-0.01698267617841484
21,-0.007110960537652082,-0.012620445001055422,-0.02085998023066095
22,-0.006713685459752011,-0.025978793799757104,-0.02516380360675234
23,-0.00821875385382323,-0.03424091952324878,-0.02775115908767095
24,-0.011916288198031005,-0.0290187688780901,-0.028280514763008066
25,-0.01551643027250052,-0.02283203447850979,-0.027309009827156616
26,-0.013750603290653585,-0.016334866142695498,-0.02480102568221658
27,-0.010098955564497282,-0.007078367146358261,-0.020749753203445978
28,-0.010558900876546762,-0.0038702804080790604,-0.017123460403542894
29,-0.008943886438964432,-0.008578674971239902,-0.017449251843687674
30,-0.0025256991013875296,-0.01435193053814654,-0.022364825802199305
31,0.0011203842017563984,-0.013071529153071235,-0.029339904971970962
32,-0.0020301923029790656,-0.007878004531369623,-0.03662505019870531
33,-0.009128090301579753,-0.010590489848744597,-0.042190224255638537
34,-0.014187166286166869,-0.015536233943894424,-0.04350275954879085
35,-0.011891822064240498,-0.013124625489264144,-0.04069691251360069
36,-0.008848700064603851,-0.00919107837476038,-0.034894070804293104
37,-0.01302238856930231,-0.012891691586957216,-0.02964675781595688
38,-0.01787868659593589,-0.022142608773922767,-0.028703100356163608
39,-0.017004921352571326,-0.023087680698242893,-0.030585518670048203
40,-0.012147670888690978,-0.012260919496363425,-0.03326933985896634
41,-0.009380325205123916,-0.0021429605062973436,-0.033134225989075235
42,-0.010815836543332846,-0.0018240093643191388,-0.02729901518682116
43,-0.009958486606400987,-0.00247329364434741,-0.019683175459157327
44,-0.006337335982167444,0.0030651955424546053,-0.014077023006762335
45,-0.006441668365700509,0.0038542234772345196,-0.010519935849651135
46,-0.011082564996150387,-0.00436116501518647,-0.00813245739506549
47,-0.014410824950374178,-0.012372831554627858,-0.007358262930375739
48,-0.010117336782568657,-0.012111657465526286,-0.008396163513216745
49,-0.0018243437322064404,-0.004445724478305699,-0.009803724640756739
50,0.0008779478482055687,0.00084618892319464,-0.0118099502586958
51,-0.004470491218575363,-0.0030527451990939192,-0.013594752736236296
52,-0.009453001789158526,-0.008815500799035161,-0.013755485531853566
53,-0.005088016505375499,-0.004525892653905883,-0.01473986777210351
54,0.0025798857262350414,0.006358845178086221,-0.018712027931761244
55,0.0037700202665368263,0.010579845244874382,-0.02538030198407895
56,0.0023684860246423987,0.008194130415683697,-0.03307606315181105
57,0.0018172450498570546,0.007572926642761137,-0.0394236897995523
58,0.00002363229951873186,0.007157493075583325,-0.0419365242841985
59,-0.000024119990687937465,0.006650881545950754,-0.03938254222321286
60,0.002006076124378371,0.011826744835197384,-0.033823230120269686
61,0.000120237821800772,0.016465669269193323,-0.027767151753016098
62,-0.006584947492666693,0.01294452783194364,-0.02242382802344165
63,-0.0109739202821963,0.005961811425337495,-0.019306667235952105
64,-0.010761597140185292,0.0005569740634442585,-0.018030554978752167
65,-0.011493357037963739,-0.0006422992169659997,-0.017436850418646344
66,-0.014289525259792435,-0.00039323335352827934,-0.018001984160603578
67,-0.013889721671645466,-0.0006899171948261743,-0.018889756029776283
68,-0.010220368107625619,0.0010471851648797895,-0.019024701112403834
69,-0.006233675071201755,0.002503561018122538,-0.017296549482546903
70,-0.004991288593308723,0.006289718134455988,-0.012934911943336593
71,-0.011033408337902336,0.016711253378513733,-0.007208979346504017
72,-0.013884980791369603,0.024851450417976213,-0.0013254782647155045
73,-0.006561830575050307,0.022833192248023215,0.0022370613024784297
74,-0.008113467037175442,0.016650929522246095,0.002119606904896376
75,-0.020739173083796907,0.016663339896255777,0.002140446441605187
76,-0.023782113034884277,0.026642707300108426,0.006408643172657734
77,-0.01761645731307873,0.027552004290860438,0.014687405696693231
78,-0.011571972201092809,0.0026537985311157475,0.02467700204224249
79,-0.008312074505216302,-0.02229589694713241,0.035114435367563396
80,-0.009984546194946785,-0.022346279682284795,0.04536411894926727
81,-0.012332667766739025,-0.010766635328395426,0.054511919131259315
82,-0.012549448625188088,-0.006450217654050322,0.06199004520152783
83,-0.014074884906538517,-0.011032043026132532,0.07034828109966587
84,-0.01608746317040215,-0.014350542606549638,0.08350613471785479
85,-0.014872965226087036,-0.008131030817330687,0.10041601425790056
86,-0.014830632027660245,-0.000036236547052606594,0.11751158385573324
87,-0.017373850832637455,0.002183707010517351,0.13269254668944835
88,-0.01845200321816351,0.0038954194147330368,0.14254981156886237
89,-0.015573143436804326,0.006427105659547586,0.144615021021877
90,-0.009435059835130287,0.00605545866772092,0.1406372446807953
91,-0.009684780906946286,-0.0015730344371862673,0.13109083206938804
92,-0.016975655119154245,-0.014264066892721153,0.11383914088938318
93,-0.020026938192430038,-0.01930410300645541,0.09109533225372013
94,-0.01579396254180728,-0.013055373465361397,0.06762090758751033
95,-0.009338510626771029,-0.005173783823420763,0.04459438907134938
96,-0.008149955819440127,-0.00006393061949118428,0.02184397579033316
97,-0.010085580219207052,0.006010443782426822,0.001324749506678824
98,-0.004954514764720475,0.009893102163273493,-0.014453241559441915
99,0.005573038634130112,0.009727409845705748,-0.02528619819159189
100,0.01087613417893614,0.010789818813275454,-0.031302673387170826
101,0.007497782738287627,0.009507181805311432,-0.03382026840928848
102,0.0014099298153332634,0.000942280317156069,-0.03745754217646355
103,-0.004560899546435765,-0.010968786731569258,-0.044271118133592635
104,-0.007853677077658106,-0.019040112327174404,-0.05094276735568838
105,-0.004118228209565637,-0.01764006061353654,-0.053809420440098475
106,-0.000087552013157563,-0.011005714733554689,-0.05221943082734848
107,-0.0049303316043786405,-0.008250215070476102,-0.04747609349458812
108,-0.011641851209159088,-0.007810009542905241,-0.04159347553494225
109,-0.01041749343437702,-0.004327004790980124,-0.0366426746167178
110,-0.005642358134894734,-0.00022475696950782775,-0.03188515247686022
111,-0.0035947437618625844,0.0005150507095444956,-0.02468556219629567
112,-0.002927919620849581,0.0005399915539028299,-0.01578300315997795
113,-0.0029431711914856273,0.0019224245604410883,-0.008113391897044242
114,-0.009615523631961664,-0.0026439839384413133,-0.0031216882845466337
115,-0.01685408679355979,-0.012483162739342024,-0.0006457648331826549
116,-0.011943854034459578,-0.015677125193972907,-0.000697629863797386
117,-0.003956040187965276,-0.010698394444291298,-0.0014433794588716853
118,-0.0036161946048901272,-0.0045845991399660335,-0.00012557645542515816
119,-0.0059546357790482285,0.0001440842171006873,0.0014754328079197992
120,-0.006484878086363388,0.006237658996619308,0.0007436428476773754
121,-0.006036733388565807,0.012527413111866587,-0.0031544692069159913
122,-0.004235814793356017,0.017020233037196936,-0.009628986282392407
123,0.0009751987714723409,0.020425721531494495,-0.01556561185186453
124,0.007211590652071928,0.022149275157299433,-0.01943919092813695
125,0.010004726309844142,0.02451468259923699,-0.021384800752936695
126,0.009763104506093398,0.02820859082306329,-0.020957315364583173
127,0.006186623289421038,0.02704055656021949,-0.020039091523071303
128,-0.002668725979651343,0.018239688311028526,-0.02148060038062033
129,-0.009655163035228453,0.010015961192636029,-0.026784105670304176
130,-0.010000867409681174,0.00945406115243494,-0.03712902560916212
131,-0.0070166334723430306,0.01685929678686661,-0.04942839716462295
132,-0.0016624768757456665,0.024486440547778127,-0.05753463190124003
133,0.0017645583177780463,0.021456833774035886,-0.061367886397599845
134,0.0021080402131231357,0.011919724741371762,-0.06441907123411841
135,0.003836125421247321,0.006528118947275775,-0.06770002125787346
136,0.003058402580777591,0.007307708955380042,-0.07085656134573604
137,-0.0012192688781829664,0.011830977589267565,-0.07250454198459905
138,0.002580582403853362,0.018157155328376237,-0.07145737747377384
139,0.01731917725888093,0.020693130281777057,-0.06860707069311917
140,0.025842538304361343,0.01993370964428106,-0.06558967047152287
141,0.014523580773947171,0.0195815885631202,-0.0619494904108768
142,-0.007001049673157497,0.008901369585441798,-0.05600367901459243
143,-0.02081027183960854,-0.00813159756719381,-0.04806748421336502
144,-0.02178531646812326,-0.008789492203080992,-0.041386134345960626
145,-0.013318011863711898,0.011791638648212588,-0.0374213741407578
146,-0.00022802884172343219,0.033220504964060954,-0.033979958797893825
147,0.0030648838871039086,0.022870857759945296,-0.030574551480757356
148,-0.01358426510651009,-0.015183080732621451,-0.030037291888185436
149,-0.03798626464978913,-0.039474368798215864,-0.03389656537251151
150,-0.05050175991621984,-0.041393109229233546,-0.03889513050261631
151,-0.047402315993462486,-0.03846555931235064,-0.04294700749228458
152,-0.040906632117318195,-0.03740510762031923,-0.04709648422694326
153,-0.03638927047241219,-0.03833908570981186,-0.05026271298696639
154,-0.03169832398183853,-0.03909125161060881,-0.050790414297737806
155,-0.02862491837638667,-0.04315763805039921,-0.049196127479838675
156,-0.028759149423104813,-0.04728183728916591,-0.04850390237945404
157,-0.03137393440635783,-0.04092935451085822,-0.05119750591651742
158,-0.0338974768926122,-0.03617096134074077,-0.05522870516469719
159,-0.03265847307131006,-0.038559025430492146,-0.057373442078178294
160,-0.027846571179869606,-0.03330943514497678,-0.05779531976234997
161,-0.025253573703315282,-0.022872301610209214,-0.057824893622943435
162,-0.023413375191260265,-0.01613231873287705,-0.05568945019586005
163,-0.018454657770117795,-0.015414743680059344,-0.049893933989982056
164,-0.0164319023359447,-0.022648375871885784,-0.04303654017780657
165,-0.018249853237148034,-0.02964142120558305,-0.038379028558831116
166,-0.019964095718961405,-0.031635710874133444,-0.03704914036152179
167,-0.02343700380449057,-0.033590496138268006,-0.03880858071485979
168,-0.02561609851077786,-0.03206916762101729,-0.04163146048490449
169,-0.019087615384535638,-0.025153608834608446,-0.04150340559822577
170,-0.008802616896921606,-0.017551200732698023,-0.03747005240826613
171,-0.004977691424405038,-0.013673277156814125,-0.03281085896531714
172,-0.008860226754291836,-0.014182027344001879,-0.029383712009755203
173,-0.015207415662239918,-0.011975022702799331,-0.026744612716205415
174,-0.017001564392293993,-0.007722146963168763,-0.02597923657936746
175,-0.014335832279836966,-0.00858225571316018,-0.02820872766049283
176,-0.012793447426830973,-0.011230319057653579,-0.03126796976831195
177,-0.016009611392294718,-0.011166386611516158,-0.03214581057227882
178,-0.02117289720772514,-0.010077818051416457,-0.029253202896469113
179,-0.02008767510474163,-0.007450994471870228,-0.022624533767574118
180,-0.013822120189594826,-0.004114306027768536,-0.014740300661368944
181,-0.007746832958684332,-0.00535685513394284,-0.008263445366681284
182,-0.003158394707959103,-0.006118321570385535,-0.003390788017439021
183,-0.0024796791220909244,-0.0029149548842362194,0.001938231139519471
184,-0.005780826277227476,-0.0013159967684158412,0.009081978358619153
185,-0.01134706851585254,-0.0001419700628480132,0.016403311307775136
186,-0.019322016393427788,0.0006374835091535226,0.020638970013614526
187,-0.02656081984542004,0.003617022949996971,0.019947432072886843
188,-0.02985520953982726,0.013521072757884573,0.01603705521125888
189,-0.03250257834499004,0.02433829146796803,0.012460661123463494
190,-0.03453604384430377,0.02930843660647333,0.011958859823402494
191,-0.02954400574046455,0.01900510527140424,0.015446407390184907
192,-0.019895087073219367,-0.0036003163155349377,0.022086845445298757
193,-0.018966801557670346,-0.01745961479890401,0.030210277716809793
194,-0.02621269524853409,-0.02013952011393806,0.03832906660644542
195,-0.029260795701827217,-0.02087636541341477,0.04497926012417894
196,-0.030243054141211704,-0.025152072041205592,0.051138514768616805
197,-0.033018225956137154,-0.03375987456743057,0.057857073929347025
198,-0.0333592381076635,-0.03783344527140725,0.0615458329811108
199,-0.029360053422761323,-0.03607830432368905,0.06012759275893559
200,-0.023235829520036583,-0.032354406613618464,0.05634548497964004
201,-0.020363485679007393,-0.02200844538850178,0.05246823562277789
202,-0.019259484082090578,-0.006770968976800296,0.04965462990397754
203,-0.015192139175766728,0.0039006573138073014,0.04966755132560115
204,-0.013408361343620855,0.002609839434916897,0.05257821851920315
205,-0.018401771680684506,-0.009555220222398672,0.0565993010817642
206,-0.02448986774274796,-0.019393793543729894,0.059570433546751844
207,-0.02360663027793347,-0.01978052874437826,0.06013913634806592
208,-0.015785179767491303,-0.01302268588360933,0.05870816341561835
209,-0.009256094167243302,0.0013428818304018486,0.05647043764282733
210,-0.006922839605258413,0.013387994377793255,0.05495736757198036
211,-0.00761679789710612,0.011080925868261898,0.0539352885010726
212,-0.012481621390600467,0.0025159239023091196,0.050284335988502515
213,-0.01645951737173941,0.00048342398119870233,0.044235124685510316
214,-0.016160143894271783,0.005165695923549929,0.03845503308215509
215,-0.010867689660563368,0.010287117241476323,0.031969327311026106
216,0.0018228016705955918,0.013095309443101694,0.025786250950036206
217,0.012044493262889117,0.01099328163963302,0.023289944902207774
218,0.010714827389090908,0.0076331263690568585,0.022705377181820766
219,0.003780239247121925,0.004441405806709736,0.02120368333181473
220,-0.0025687034633447986,-0.005106213051674191,0.019343830848068386
221,-0.006670317924824219,-0.013424045639479062,0.01716994178043406
222,-0.003794915743469608,-0.009826736702599759,0.014178491328868031
223,0.0016222536192417591,-0.0016075630797996177,0.009563747289649233
224,0.0004375978817732218,0.0014928414423924369,0.003085197167324513
225,-0.00005059062901138084,0.0029070376014573712,-0.003201391844954417
226,0.004090581400847219,0.005437460525318981,-0.009204674936698375
227,0.0045767286475655936,0.005714420727413724,-0.01595421825183381
228,0.000936032382929464,0.002518990309946588,-0.02147114675138137
229,-0.0027200497614900537,-0.003372017248130424,-0.026172657346874358
230,-0.006382285756243701,-0.010007153403165242,-0.03368212615921405
231,-0.00968192447845092,-0.012548777992776629,-0.04216728283723296
232,-0.009050917604305056,-0.006893888405106199,-0.04758247782741748
233,-0.002018912960516317,0.005112060309051987,-0.05117071662909983
234,0.004297020312670305,0.014854482952466816,-0.054934558605253675
235,0.0031781350333862056,0.014472739232190994,-0.05974367102429673
236,-0.0014321675694570074,0.0065082210531865956,-0.0662972941403816
237,-0.004427531251874402,-0.001724492401718257,-0.07416134650562956
238,-0.005223268547774974,-0.00845142978763768,-0.08236799258211289
239,-0.00590315557478422,-0.00978509522698496,-0.08782211315921021
240,-0.005182812685637396,-0.0017921158810326743,-0.0899838139381064
241,-0.004147224243834818,0.003864667159849483,-0.09335313945101129
242,-0.006515193690206408,0.00015121780625799996,-0.0993893996805838
243,-0.010897743122082568,-0.005327206875383704,-0.10503779886956505
244,-0.013079743029303863,-0.005325922588760822,-0.10827308451598233
245,-0.00911247316767302,0.0007219406991506513,-0.1107144559200755
246,-0.004197336885106772,0.0038462352647060036,-0.11485588380024214
247,-0.005231243920709543,-0.0014050823653051214,-0.1197116397750807
248,-0.008841307022809122,-0.007132112478145276,-0.12198806276177143
249,-0.006365323514461129,-0.0036304215788552224,-0.12201343618565003
250,-0.00006177620923219704,0.004506578434535596,-0.12314238293997526
251,-0.0015756246103477561,0.008849110999432835,-0.12389352448926932
252,-0.005929755998316473,0.010887447588722315,-0.12085170881485596
253,-0.003934321917011249,0.006618215714932846,-0.11766141234801042
254,-0.0010265282985391505,-0.005472164929796415,-0.1192275510854468
255,0.0005783840513390211,-0.00980267833459357,-0.1232942103484237
0,0.003179190554777382,-0.0015789594529594247,-0.12565232271450277
1,0.004858910270171941,0.00491763470024878,-0.1252609548885864
2,0.006475095162121358,0.004918223479817907,-0.12339575735856406
3,0.009411808635512789,0.0057490644059087215,-0.12082375112224264
4,0.00998180147886342,0.006955259663212449,-0.11693659209869889
5,0.005681772748470825,0.004909890940730813,-0.11260931460202656
6,0.003016675523898081,0.004170829169650531,-0.10915339444281752
7,0.004847105097600569,0.009196333136312212,-0.10638868775323362
8,0.005463327582831502,0.012960115670664116,-0.10498670256067683
9,0.004030869942736302,0.0063117932214983435,-0.10528359628224221
10,0.0003385728826034041,-0.001689279660063589,-0.10555712319167138
11,-0.004049569452987213,0.0024029746757707054,-0.10518367313844548
12,-0.007530541094774055,0.009651822554751055,-0.10439964359965914
13,-0.008998845264194241,0.0056803780952176045,-0.10338698944944166
14,-0.004469132613912675,-0.002547365325976894,-0.10217664394058357
15,0.0003653261249488629,-0.00512728418811749,-0.10059757610060555
16,-0.0009566490174676423,-0.007601331938387523,-0.09979294438372127
17,-0.0040864639555470775,-0.009901443672356507,-0.10024968557595892
18,-0.004244521556434521,-0.007536246467569049,-0.10077871277465511
19,-0.001027624421160677,-0.006596387618976893,-0.1006060664406872
20,0.004876412576333304,-0.008987223154403597,-0.09938889644729967
21,0.00948868634863246,-0.009172133188439222,-0.0969915571163229
22,0.008498867452576914,-0.005587460433983289,-0.09456970867225739
23,0.0028960227762816343,-0.0019979790678791576,-0.09184018140044853
24,-0.0033013109788925174,-0.0022835906533095612,-0.08767534850245098
25,-0.005514823783166135,-0.007430742702589102,-0.08325730703136569
26,-0.0025762904439154202,-0.012286502422987088,-0.07803263890391537
27,0.0009574673324736979,-0.009627859599139352,-0.07225796622827685
28,0.002215749365113623,-0.002360441588592256,-0.0696073599816569
29,0.0019155394342509902,0.003210882242376527,-0.07134254932929865
30,0.00022250874662831793,0.004892449475639216,-0.07316159454634291
31,-0.0030811012341711644,0.0019294896684071416,-0.07122837427735038
32,-0.0072224645223880335,-0.0016705316652975838,-0.06814020237851881
33,-0.009988910149788047,-0.003819314829810745,-0.0683331842757659
34,-0.010336122154580088,-0.0046044866962032735,-0.073726118698999
35,-0.008815778078666875,-0.0015899514974064208,-0.08163207601475436
36,-0.0059418006643454785,0.0006501320498801533,-0.08660145550177978
37,-0.004145667685214627,-0.004176443368438193,-0.0849608110689164
38,-0.00769245521085285,-0.011041741562539877,-0.07752483787715908
39,-0.014770095692782578,-0.012520270161497052,-0.06908259254695487
40,-0.017967220708698932,-0.009384381227560436,-0.06322608806845259
41,-0.009743594371060205,-0.001885309196465259,-0.06073402525153196
42,0.0038055481125281176,0.007079918301759754,-0.060809330351674074
43,0.010008424677431078,0.011527299458631159,-0.0625633835615276
44,0.011538234144166333,0.012689136958962927,-0.06594801090468219
45,0.008630457918638645,0.010661989377127735,-0.06946331619842805
46,-0.002041222597638625,0.004678250408276602,-0.07208271853675774
47,-0.012805593646279183,-0.00290342493495048,-0.07546759403975412
48,-0.016628832897476034,-0.00971256328292626,-0.0787132370908295
49,-0.010895066183037663,-0.008878038628057763,-0.07856669456002124
50,-0.0006325865982248352,0.0008367269196716126,-0.07510905705646348
51,0.0025077314417962238,0.007567114474652248,-0.0710164672709141
52,-0.0028819571235461916,0.006415364128704373,-0.06829275303321325
53,-0.005273580492407878,0.003450847005730534,-0.06762581468266246
54,0.0018562975185929254,0.003232504057066335,-0.06924901729114505
55,0.008019618724873993,0.006524296090488352,-0.07270181716289228
56,0.008275167509701045,0.011408680700104867,-0.07729768493757017
57,0.01153074835792492,0.015559001963597024,-0.08224567148298276
58,0.014008653230024072,0.015939955671902095,-0.08526302667156807
59,0.009593910342949846,0.012816895569022713,-0.08522130460518734
60,0.0052497141649902,0.008932865343077051,-0.08262557828076256
61,0.005558224165338559,0.004753187909380868,-0.07836545409215079
62,0.008854618478905795,0.00260635037123344,-0.07376119411220772
63,0.009285186766080061,0.0029205355157353313,-0.06887740174980822
64,0.008424633641111989,0.0024685004149444106,-0.064201872786172
65,0.012694445579712832,0.0008612375348919302,-0.060887815582647914
66,0.015207048759337177,-0.0004379718991650641,-0.058054071359210965
67,0.011815404268134558,0.00007311143639245066,-0.05592699546793786
68,0.009372119830707598,0.0033906564275695272,-0.05689105619556062
69,0.009625883589468621,0.005825885454798077,-0.06071233352123534
70,0.008808107848322422,0.004209886825809278,-0.06524153642095495
71,0.006205002375667772,-0.0014004512011354595,-0.06897558965510364
72,0.0020984171742816984,-0.010996171492758972,-0.07154912220956136
73,-0.005607612610250296,-0.01864475393538663,-0.07194881718120111
74,-0.012377851350870089,-0.016428180372403497,-0.06864869987570618
75,-0.011064245142140681,-0.0037661593241754,-0.06310547532766081
76,-0.0057901366870888905,0.007081612639311938,-0.058869197220839886
77,-0.0029045602064985063,0.005933243895377124,-0.058802170101135254
78,-0.0001298361221017362,0.0021872601218007742,-0.06298719548079482
79,0.002615248232440196,0.002375374441100128,-0.06963677361491186
80,0.00045957346969822954,0.002594394337101069,-0.07587177873681747
81,-0.007380681447826741,-0.0000589640554047588,-0.07822795936082241
82,-0.017494111835144734,-0.005789247941557524,-0.0756427867425673
83,-0.02240908972258909,-0.012180151856604836,-0.06974105241187661
84,-0.02100826996350454,-0.01610089193538003,-0.06364680761527164
85,-0.01863166408309063,-0.014719078851040929,-0.059660729751573105
86,-0.015999882988737973,-0.012608895943906476,-0.05718262591472015
87,-0.014519459522451844,-0.014485228852218826,-0.054317858577663664
88,-0.013049380341639438,-0.015258950965774003,-0.05097574383695658
89,-0.009101845329848951,-0.01175020361336445,-0.048681646747254045
90,-0.0061931945383101455,-0.00842294117675009,-0.047921100803645006
91,-0.007150181975469259,-0.00805270129965669,-0.048487610684254084
92,-0.008583665917219624,-0.009157004480582206,-0.04983875151959147
93,-0.005034427147385542,-0.010080007369342843,-0.05151592780919098
94,0.00023418626303765844,-0.00865723011748818,-0.053136280974130035
95,0.0006789413265211319,-0.005937215542330759,-0.05287948407274398
96,-0.00044209614775640727,-0.004519904019634521,-0.04996550135490435
97,-0.0021191044551290006,-0.00555265455999799,-0.04685568306164109
98,-0.009545558791240166,-0.009122420892781508,-0.046475680923526566
99,-0.01731810845433097,-0.006859754473654507,-0.04881711179610959
100,-0.017927578435706446,0.0014890084334560696,-0.051190188753312715
101,-0.014762319057095345,0.0027337324105026,-0.05177618500781481
102,-0.010895929348077132,-0.005646343100765706,-0.05113109687465321
103,-0.008431197817952457,-0.013443608411182063,-0.05183300269946994
104,-0.010604321413922424,-0.01345297907222361,-0.05651464658405472
105,-0.012244954103671102,-0.006452055553682806,-0.06252302709284188
106,-0.005960822035639163,0.003575168355798519,-0.06496797749720298
107,0.003477135626770919,0.008298769432346004,-0.06341877800707582
108,0.005374317529709294,0.006556693157766434,-0.060011408280383566
109,-0.001228207114562757,0.006448929392876321,-0.05564157415858065
110,-0.009256873626074531,0.007257126509853523,-0.05059828320893428
111,-0.010841951791421098,0.00689604917948497,-0.045625994565649516
112,-0.003644742703221557,0.007357305997642644,-0.04146635211272057
113,0.004663158681274038,0.006335790503636682,-0.039494209544025494
114,0.007056323960474752,0.003825466366359581,-0.03912399554425593
115,0.0020767480179361836,0.002097000780128269,-0.03837239708526151
116,-0.006556367077391656,0.0025969392092287796,-0.03761461440948563
117,-0.010211324303879207,0.007386664896036815,-0.03704668165867599
118,-0.0074510736793074045,0.014041834911634493,-0.035451542386152196
119,-0.003642099218423976,0.01786428342409642,-0.03363078768340759
120,-0.00025755006588920604,0.01724026740686889,-0.03217296011472763
121,0.0023918843686082797,0.01406832065097624,-0.02800682392405371
122,0.0016098821130703586,0.007693090086189541,-0.02002281652381359
123,-0.0017980823680942767,-0.003294111429429203,-0.010437488157861635
124,-0.002862879541243313,-0.010093732308592687,-0.0011269534136711806
125,-0.0013785452554327254,-0.008499047623511807,0.005879473836672977
126,-0.0006845250132875152,-0.0067991184591326415,0.007362600783557972
127,0.0006667091976013742,-0.00755398701574625,0.0005740364577203616
128,0.0018996188502356723,-0.007453536467994126,-0.009670508602679095
129,0.00014819948456966034,-0.008273608583174191,-0.015725936210177108
130,-0.0021168852658524084,-0.010943463835451361,-0.019308240387657133
131,-0.0007731068874797381,-0.00938532753244023,-0.025679219810260077
132,0.002606767284835859,-0.003364903467599517,-0.03523246789995649
133,0.0032733248425491357,-0.0002149748452630884,-0.04566057516444941
134,0.0014442374434062953,0.0008294084876995234,-0.0543463897723665
135,-0.0001914810467822589,0.0013440859919762321,-0.06045522488123256
136,0.0005314765005786648,-0.0027565327778495824,-0.0649363961592345
137,0.0007286866981207202,-0.010901871923303441,-0.06709599477937297
138,-0.001627573198193344,-0.01931335669014672,-0.0674859141603743
139,0.0003654685279049809,-0.0206817344889869,-0.0696478957774134
140,0.00884283047688078,-0.011987767419195466,-0.07435130847857102
141,0.014351342489601474,-0.002286812698362478,-0.07955300108322949
142,0.012248780828454361,0.002576707024485772,-0.08346561645963163
143,0.006179089598362976,0.0045157243400374,-0.08447744733551299
144,0.0012177082627590624,0.00350393706855099,-0.08248501234889893
145,0.00026552384947286893,-0.0008817101780993833,-0.0801951409893365
146,-0.0009011994171227479,-0.005306093502392022,-0.07875470157186157
147,-0.0020774509091279862,-0.004669457201991432,-0.07499155975020624
148,-0.0005690706537221923,-0.0068601344825772875,-0.06771755204583449
149,-0.0022510252934984203,-0.01914823587457906,-0.05922570895570062
150,-0.007024935568895507,-0.021023244396370933,-0.05112880467033437
151,-0.007366563822431169,-0.00515437407116703,-0.04538026907900128
152,-0.002556893666713047,0.006932760397029558,-0.04429261604595658
153,0.0027832482168771563,0.006839567015504816,-0.04719277717201184
154,0.0052335166171482116,0.00508884429685157,-0.05188242372827109
155,0.005417633239763106,0.004896110804774374,-0.056194503743368346
156,0.0034067722620559513,0.0003892322339838772,-0.056778062842557764
157,-0.0010844198194775358,-0.005267823923933483,-0.0526776640819481
158,-0.003609682090399708,-0.007512431505765631,-0.04595049351551819
159,-0.004424715218590121,-0.006387161272275538,-0.0390687886767517
160,-0.007851713012273085,-0.0028378337731406536,-0.03341941340727017
161,-0.013173538564808166,-0.002245623386608983,-0.026990092889679268
162,-0.01672007971053274,-0.0065796249514313565,-0.01918989717555228
163,-0.014923284776231324,-0.010160557961531404,-0.012718466812589747
164,-0.009850539513820047,-0.008254673920255622,-0.008136515651565486
165,-0.008267346833700104,-0.005404195110311628,-0.004961131199247848
166,-0.010280923686006402,-0.006969139751333668,-0.004908900776195282
167,-0.009880722377309303,-0.007995983271981942,-0.010835876210197774
168,-0.004571328058306248,-0.003591031932595152,-0.02320793647997768
169,0.0012816488194755254,0.004280002100463344,-0.038448737491669084
170,0.0017545359214906908,0.007525436333623514,-0.052631490669961215
171,-0.0023906925282699,0.003240894233810472,-0.06630707284657186
172,-0.005681232518460404,-0.002726413587444153,-0.08235660341011641
173,-0.005422887113800616,-0.0069029067953334175,-0.10095997646900934
174,-0.004349204254555088,-0.00933275161289119,-0.12084993458332938
175,-0.004551972183219753,-0.011584109752451624,-0.13885834981226758
176,-0.005428233339180362,-0.013212904270225478,-0.1492152403942864
177,-0.007996501403271572,-0.013984507440779344,-0.15071926006462366
178,-0.009874697118843803,-0.013910677941912808,-0.14632983617654638
179,-0.00864902442032324,-0.012430427327224644,-0.1385304275294028
180,-0.008668200311350158,-0.013488790045629473,-0.13205866060022237
181,-0.011874763206776072,-0.016703426264709678,-0.13064698270172898
182,-0.014516376295635134,-0.017488715540540947,-0.13068694411131326
183,-0.014289648423174678,-0.01721245823304354,-0.1264311837823791
184,-0.013624345029984102,-0.013143683618282588,-0.11759154743138248
185,-0.01413317199202535,-0.0029302608824899046,-0.10732178375965956
186,-0.013484210198129162,0.008397539394707406,-0.09734761785959187
187,-0.012112173841507146,0.014210004119636306,-0.086971957069432
188,-0.012506082198249058,0.007871740526592612,-0.07378964902819896
189,-0.014535071150233198,-0.004313122964537103,-0.05878643812573664
190,-0.017755048544616594,-0.012246195284283855,-0.048425995706409874
191,-0.023121270989306532,-0.014448271641363721,-0.043302933036232394
192,-0.025930752610319765,-0.01119780367632374,-0.03890659524915273
193,-0.02056918822273502,-0.006784478357423612,-0.03659292550498801
194,-0.014560927049615424,-0.008671865441178171,-0.038332842900090584
195,-0.01408391156146896,-0.014406189065942612,-0.04051601729338798
196,-0.014564327188383519,-0.010772010543967328,-0.03800717820917426
197,-0.012301805618906994,0.0031436277660922413,-0.031242661471331645
198,-0.008067375686268224,0.013331901998526262,-0.023587261101911228
199,-0.005646736909431321,0.009797552368806431,-0.014660583871340616
200,-0.00868173326017789,-0.0002480772874036419,-0.004389410698143664
201,-0.014026200597207286,-0.004304686183313908,0.00490353895276098
202,-0.012918839757915745,-0.00044832063649792586,0.01076141039775863
203,-0.005801455955366158,0.006817161833236898,0.012407911274471412
204,-0.0021724633070945715,0.009424207737433313,0.011993117534093822
205,-0.004143778308418736,0.0062697273740282,0.011958992783509509
206,-0.006036547086316624,0.002287799460975945,0.011834440779833616
207,-0.00751370558845009,-0.0007773678870603706,0.009984624872724696
208,-0.009376945392619698,-0.0005397483017069715,0.006702268280523227
209,-0.00674639214608834,0.007357624428396839,0.00412239119571528
210,-0.0011901028826511867,0.019030821331586553,0.006077094403587335
211,0.0025853858431637428,0.021123638926877755,0.012924686386327655
212,0.005683816403991487,0.012757174887290154,0.021221588269823233
213,0.009633380550810658,0.007904748854804577,0.02944147354665863
214,0.012792143162232442,0.012918878940385417,0.03537952488742416
215,0.011275253221904563,0.017232259218274495,0.03773785100569366
216,0.0053337237761503856,0.013085389256947196,0.03781448451974717
217,0.001160925614333938,0.008256127154208044,0.035981702458019516
218,0.002701538779406834,0.007187844302447819,0.03357958813368371
219,0.005842388066620935,0.004074817925005955,0.03297092686147858
220,0.005552098338190856,-0.0047331550230659755,0.034310774608372285
221,0.0006620845708894124,-0.013244765610299039,0.036059700324518426
222,-0.004881433623469891,-0.016771239773970055,0.03779380543028005
223,-0.005384010266136184,-0.017122092598837124,0.040245982650753576
224,-0.00610785302576862,-0.017044249836823483,0.04267786230540482
225,-0.01015804091095783,-0.018938878181086874,0.04373127874439775
226,-0.0099981208880726,-0.020721088874520482,0.044190251656778146
227,-0.004496808561008814,-0.0200137964444648,0.04477794441397623
228,0.0034708056422574907,-0.0171695887597888,0.044275333253222804
229,0.012601013755949644,-0.010825040586415952,0.042968258440707986
230,0.01884703076343408,-0.0017644412410831728,0.04350983774024149
231,0.01615377061829988,0.0005970811814202809,0.04713317681165246
232,0.006392239187235846,-0.00572377828025368,0.05284303770300435
233,0.003327082300313755,-0.01053487540033815,0.05990569514505195
234,0.008414428074939084,-0.009252052122855542,0.06834677648931695
235,0.007968448075758167,-0.003911191389155064,0.0786161808556079
236,0.0014113609417389025,0.0022086078375530005,0.09124671583474958
237,-0.0032786893731252473,0.003987551231725811,0.10268502118035627
238,-0.0019697525756938866,-0.0004781173787886256,0.10773426391413268
239,0.004842673675127383,-0.004875943635735708,0.10784143495840709
240,0.009319900375978317,-0.00250022782478692,0.10821012667309879
241,0.008322679307099262,0.006067555147059131,0.11063715747633862
242,0.005191661585864302,0.01295552513747858,0.11442261089634542
243,0.0021558219336656192,0.011628904231639509,0.11976634441592982
244,0.003319227083181414,0.008104582616542608,0.12824664644239536
245,0.011374456035208085,0.010031576282782242,0.13981226412169245
246,0.01947793962408159,0.012191912587400773,0.15064921017205668
247,0.019469393925932374,0.00978740519846534,0.1581806249713647
248,0.014679401083562638,0.006258689555103551,0.1636509976537051
249,0.00970118424203429,0.0033501737913140955,0.168122275748606
250,0.003957945227240675,0.0011389899232913461,0.1705666050567729
251,0.0013682876587915171,0.0019575035084343773,0.17109716993663632
252,0.004985553037713503,0.005597158229855126,0.17210653490294275
253,0.009922536367602472,0.00871012016785392,0.17595728526099752
254,0.012066329208489643,0.007550945688162274,0.18338630895072605
255,0.0108804291134331,0.0011435504731338586,0.19131253634180173
0,0.005498162664785158,-0.004401353806415223,0.19751995716952503
1,-0.001886768016480328,-0.0050458559184150265,0.2038908166270244
2,-0.008138282882840478,-0.0041974181587601245,0.20872048291424888
3,-0.011602528781072655,-0.005388803107568289,0.2103198365744322
4,-0.007715216749562923,-0.006239556915838437,0.21348101753191528
5,0.0019836654011852473,-0.0022120255713018455,0.21970773194469728
6,0.00691345592722022,0.00395211181462965,0.22443237911477765
7,0.003994693768043366,0.005904857034451136,0.22619606055681984
8,0.0002105762655003826,0.002344891289743599,0.22849943854539456
9,0.00023519823396475625,-0.0009838925442430101,0.2344942725804674
10,0.0012346776534847906,0.0027205658394846184,0.24387101426393187
11,-0.0007421462424968273,0.009496890665457221,0.25364678017548203
12,-0.0021073768796593707,0.005469196077153047,0.26251146082052756
13,-0.002810700156944658,-0.00945381998771816,0.27251153559857766
14,-0.010607821182099492,-0.01908062457554644,0.28335881192253853
15,-0.020896273243346912,-0.01801392903668869,0.2920092978555281
16,-0.021998866768324958,-0.013389718398744935,0.2989041254361151
17,-0.014053371124865613,-0.009137414594452699,0.3043960244879653
18,-0.006865775544311364,-0.004331499894644306,0.306416363818103
19,-0.009593197780643908,-0.0019991392670670044,0.3064521432631493
20,-0.017660484476514596,-0.007586430559317264,0.30816898609465726
21,-0.021406908349224974,-0.015482587565729664,0.3130241442640168
22,-0.02235499918165064,-0.014598802770393118,0.3189163210503283
23,-0.021230654958558234,-0.006044144857018693,0.3221020134449989
24,-0.015892400782314076,0.0016233700474652182,0.3225597858090242
25,-0.010463200220407656,0.005456710339596167,0.31939131237563634
26,-0.009166497797089862,0.005180300062838913,0.3088504448955065
27,-0.011020378183114507,0.0011158018842715514,0.2939731463634677
28,-0.014496430920858283,-0.0032073491073412452,0.2796006523048453
29,-0.01957132538858207,-0.0026148356268809875,0.26553736616681667
30,-0.023525602522701954,0.00011590624765252938,0.2505878973671555
31,-0.023918095900576218,-0.0017273286705586817,0.23426067791409977
32,-0.022370375549968236,-0.00350634448020392,0.21885265061841558
33,-0.01967956387733497,0.00011184498592316239,0.20718048614513668
34,-0.015210507641420762,0.006994615515667678,0.19754049720412553
35,-0.013310631115448779,0.011069418334314154,0.18964180147512172
36,-0.015675847619362374,0.007745416396923076,0.18583755252059175
37,-0.01639058688880264,0.0007688936577050134,0.18431174835747344
38,-0.015978457821120326,-0.0037139148662502282,0.1811036986396185
39,-0.017053320486751657,-0.003478974052996627,0.17418972233181074
40,-0.01778103100153495,0.0010788213313473027,0.1644755262903096
41,-0.02060299824963005,0.003109279960872525,0.15529936184459164
42,-0.02597336631372461,-0.0012448052470867563,0.14947130029165423
43,-0.027923790793619716,-0.002008049963236203,0.14561030654170964
44,-0.02611360584021946,0.00287885271703032,0.13921132176175338
45,-0.024947031167428968,0.008730927786863673,0.12842561645471595
46,-0.022633573210793845,0.015406199207618848,0.11567168638613323
47,-0.019588795368794903,0.016408316042004607,0.10477511532468609
48,-0.021917980691158606,0.010542894317156527,0.09691254459126597
49,-0.02685747167946939,0.005605931081845358,0.08776532628649403
50,-0.028293610855307717,0.0038097205783533955,0.07492937106818598
51,-0.02615434827538591,0.004560331537617673,0.062198409712984154
52,-0.020031293761145222,0.009071050467537374,0.050953017846551166
53,-0.013061986972670723,0.011954313715550911,0.038395178656054574
54,-0.012036304151270938,0.0074100447242303885,0.024314984221048677
55,-0.016978258017660272,0.0020536777128913677,0.01123034259676664
56,-0.02065672494280596,-0.00001750729570543924,0.000022453883034942446
57,-0.018818372063567054,-0.0002961325432446829,-0.010350468031206025
58,-0.016283522899792215,0.0008578643674282543,-0.02232091816830671
59,-0.015918367727717896,0.0013305486969226801,-0.03651730598010086
60,-0.014188918497211028,0.00024410917854433833,-0.04898704574816419
61,-0.009306832654092732,-0.0018066279828632265,-0.05694584097543774
62,-0.0015453570623324454,0.002629863206928637,-0.060669260281174836
63,0.0055854409316572,0.012483249199910847,-0.06220122121835453
64,0.004912561631027972,0.01609880894793384,-0.06599904727899547
65,-0.0019088194207355427,0.016558243903214788,-0.0717763548868326
66,-0.0067964042598114005,0.016110123363408287,-0.07518465825386306
67,-0.009260723121314577,0.009730696219421672,-0.07711218914489192
68,-0.010033119926413564,0.003569126859286967,-0.07942344848220802
69,-0.009313754341756086,0.004206773977290565,-0.08083006291932725
70,-0.009331099004779492,0.006626510189785148,-0.0817716179350999
71,-0.009822663628164224,0.003970122017309528,-0.08566038894422201
72,-0.011969246772511766,-0.003575027934131697,-0.09471785180793724
73,-0.015629314020089317,-0.011921320809792788,-0.10538336632263351
74,-0.017686820108218024,-0.018404834129286896,-0.11176958081577987
75,-0.017444946642562603,-0.02072782498603118,-0.11193176398750843
76,-0.011577220811666906,-0.01550865480370639,-0.10808267679806982
77,-0.002129911309608823,-0.0024701196704795397,-0.10339299925507461
78,0.00026831864942230416,0.011954020842166624,-0.10138872052013867
79,-0.003418070665716446,0.014414554173963125,-0.1042895696052496
80,-0.004249667195615411,0.003834512533487322,-0.1104709434089047
81,-0.003219774647942049,-0.002032303683017725,-0.11772434372051643
82,-0.0051039752538521305,0.00045040571299667653,-0.12559894669588062
83,-0.008526616244208352,0.0008938569576502076,-0.1343153656630467
84,-0.012147970766849751,-0.0030085986611860377,-0.14192016167937493
85,-0.014965300628703972,-0.005077788814416465,-0.1451947735236342
86,-0.01301230896157951,-0.0003190612775363366,-0.1445744096890929
87,-0.007370691481654548,0.007312145442205112,-0.14292844472510474
88,-0.003186127578736972,0.009954661931637063,-0.14148324352084385
89,-0.0020932343325179154,0.004717109428496083,-0.1394954288116414
90,-0.002444259765795015,0.0004237511826911122,-0.13544792680772072
91,-0.003212794770046691,0.003475561715284639,-0.12723623950445806
92,-0.003481676677936363,0.008026639433562369,-0.11534231422718616
93,-0.0014507905026580892,0.009666085385928877,-0.10483231286169858
94,-0.0005783740882445293,0.007330369849559218,-0.09681630116854412
95,-0.004203722896972101,0.0018161430903373688,-0.08970206600999497
96,-0.00907177384155522,-0.005705583083821922,-0.08592144824371784
97,-0.01024806997093057,-0.011519665535456747,-0.08435805093376395
98,-0.008371747406987928,-0.009368972323826358,-0.0828715515320578
99,-0.009085688258439521,-0.0021187499343419403,-0.0827083337047953
100,-0.011704322727635972,0.002491389611613347,-0.08322156663965796
101,-0.011738306454438192,0.0029631626793921242,-0.0851054731479921
102,-0.009589368271222191,0.0038965664062117628,-0.08949359002132756
103,-0.004921470261746462,0.007863394246511286,-0.09400128198042257
104,0.0017007189498075836,0.009811499835014028,-0.09624964202786557
105,0.0039878804372874,0.0086115678191475,-0.09479105849328717
106,0.0009967884074606123,0.008039962576791276,-0.08945695549588689
107,-0.002129237618087594,0.00648178848903995,-0.0809146600721915
108,-0.0026356949352048763,0.005861430878270365,-0.06872854899999326
109,0.00000851921674512729,0.009137494221849504,-0.05482191806834519
110,0.004726865064661611,0.010481671090470466,-0.04392346612919722
111,0.007234518381855463,0.008268995710074646,-0.03826626858240431
112,0.0051014070002075584,0.006589572943846184,-0.03635456643816115
113,0.0016941306862000571,0.006323072241250727,-0.036919152171415295
114,-0.001315395377075819,0.006915001047158378,-0.04094908531662836
115,-0.0032829323384009276,0.0044197151779134785,-0.04826683686150632
116,-0.002670195657352794,-0.0013957216974396225,-0.055542599393667735
117,-0.0016997615890213605,-0.005185303891939677,-0.061490668440470464
118,-0.0033600474467667257,-0.007777050446559901,-0.06818671024950096
119,-0.0061818363556034595,-0.007090735296324674,-0.07327909058599974
120,-0.004261626255980956,0.0014075732275990044,-0.07411007811867881
121,0.0030054251277603743,0.007791494326372307,-0.07283415421406131
122,0.0073040319478218235,0.0051599125431487335,-0.0713340616015326
123,0.0014017863067252237,-0.0021581475240029895,-0.07001651868239817
124,-0.00862896847123231,-0.0072584453976656665,-0.06836624281050316
125,-0.009683536611964028,-0.0033920045618735864,-0.06851350952330004
126,-0.0018097727383415488,0.0037538389050977283,-0.07182728830712232
127,0.007458692288298412,0.006443146015095803,-0.0756179378198169
128,0.012699758479301854,0.007115759125492727,-0.07778358797718049
129,0.012337487356537183,0.008764836712073655,-0.07719279001914475
130,0.011798716608448313,0.011389077091184294,-0.07386749567354517
131,0.012655720893307652,0.014947970198685288,-0.0702126242414787
132,0.012192597241167696,0.01632771218257989,-0.06936425400766877
133,0.011677106042039143,0.014067703048090074,-0.07077400958446117
134,0.011096789404095614,0.012841478353813426,-0.07015974364119315
135,0.010161129890468704,0.01443853383415239,-0.06554872018184946
136,0.010313090850219461,0.012988576478756522,-0.0591293244208444
137,0.009825792726219959,0.008384893808986597,-0.05445209473429449
138,0.00789008807126236,0.010101816889189708,-0.053394148905143934
139,0.007248987162957521,0.014847427463032026,-0.054555813643922674
140,0.0062851627135909055,0.013271644488611664,-0.05583772853193783
141,0.0021624412771290985,0.008906596014594814,-0.05589308990656633
142,0.0028563312869432644,0.007399321308149062,-0.054529894378786165
143,0.012220593707142874,0.009053414425844203,-0.05404961324277277
144,0.01759264928608166,0.012219037107153219,-0.05609927573225634
145,0.01233032866493964,0.011812398231262414,-0.0587755944802312
146,0.0060627984120099725,0.006885235497737251,-0.059328152834383835
147,0.005554238018524969,0.006073654042925973,-0.057604949619684265
148,0.008733132735481257,0.008531109094105697,-0.05564927601467967
149,0.012471146920039276,0.007544278729754335,-0.053987450499461465
150,0.015747977407439516,0.007798396873536624,-0.052004827396816916
151,0.017200469467818197,0.010484862366933273,-0.04887063422451873
152,0.014218825724243378,0.010541084286710627,-0.04219999631848498
153,0.012470482387299253,0.008312331030951955,-0.031966645164344054
154,0.013951603195833495,0.006218318137997753,-0.022535797426584653
155,0.013043147076408967,0.006246184261868279,-0.01688376836255108
156,0.011600309537347975,0.009385339595084898,-0.012935530284809142
157,0.009019108231784194,0.01193145188702846,-0.008322732765403552
158,0.002989106371444422,0.00896020471739608,-0.00404769009187167
159,-0.0011066702876492626,0.0029858011537094026,-0.0023519112750149673
160,-0.00011181627201909544,-0.0012266470022962717,-0.003198975517973497
161,0.00160078544825977,0.000532372470342931,-0.0047492740864972585
162,0.0006936217945539142,0.007698498941936034,-0.005981796459818955
163,-0.0019823668107431525,0.008738367491622018,-0.004229495915510334
164,-0.00626684664327333,0.0015378526291625616,0.003053739628905837
165,-0.007631381155222869,-0.0031977238252766105,0.012529810601626584
166,-0.004402753931373432,-0.0010289013272100148,0.020272797540375767
167,-0.006193860648601661,0.0006923137526279738,0.025977205792100846
168,-0.012908671984071265,-0.004090762303800309,0.02849211289918259
169,-0.012837906705576371,-0.009241074369928146,0.028149497070708823
170,-0.00987729510596179,-0.013025002622286189,0.028169381030065138
171,-0.013179329272215365,-0.01681338911087965,0.030269771660784178
172,-0.013687610123770438,-0.014374536818852122,0.03348994696105269
173,-0.0033227885002732604,-0.0043543650910013686,0.03685898638409178
174,0.006880972156290029,0.006925795493080124,0.040950272092678874
175,0.006263588382207225,0.012074576501499387,0.044244865934309596
176,0.0021258712722045103,0.009969783841579032,0.046103658512467824
177,-0.0010183580251516763,0.005030709665095147,0.04905009859744708
178,-0.004228582690394639,0.0012253551713783742,0.054785634631910524
179,-0.0028314779745739795,-0.0005648386948727685,0.06348789146139536
180,0.0019030418086679463,-0.0037044012033048412,0.07190478156916694
181,0.0033608078436989305,-0.007932658488450865,0.07592947031956576
182,-0.0011611347057367133,-0.006915501009781749,0.07520836754633956
183,-0.004439081221325601,0.0009927373342749346,0.07281294648559719
184,-0.0019615513521784693,0.006813046140561149,0.07192657835752922
185,0.0002348534037136113,0.005662599495177112,0.0734442604639004
186,0.0012266265267626697,0.0018510343102353805,0.07826760114502818
187,0.0019500396598060021,-0.0017260082842814467,0.08759953923334438
188,-0.00032787559382845347,-0.0032912040858787406,0.1006487943462813
189,-0.0028770893175089976,-0.0015632687381080812,0.11410845375912212
190,-0.000554410205242141,0.0050448691910083485,0.12536253105367545
191,0.003921214977169643,0.01077604455753435,0.13346858793306932
192,0.004744565548421079,0.008505922882042175,0.13635859802953182
193,0.0032220553212027464,0.005235621993230993,0.13451154970509394
194,0.003640384627719092,0.006195995768654788,0.1319404944070926
195,0.004633694787078167,0.010559924599067058,0.130860353850548
196,0.00586946800737935,0.017818254207460672,0.1319604802274481
197,0.008996602604145587,0.02058197517004115,0.13472030110756505
198,0.009508549573430461,0.0164881500813166,0.13710749218268736
199,0.0042253845271211544,0.013878842644110961,0.13826243224324775
200,-0.0005292750501722544,0.015899945898114207,0.1372060750378491
201,-0.0005728068488740114,0.014198255992050407,0.1331611603190323
202,-0.0005523319034910455,0.004371758152121208,0.1284123651785386
203,0.00003371807828584164,-0.0012485550824268901,0.124632065348387
204,0.0031259989841066517,0.0013011774122515113,0.12047547644539763
205,0.004382321335285792,-0.0005927094948425735,0.11534299426788464
206,0.004698612714627334,-0.00734927142727769,0.10924335342874641
207,0.00901967295646787,-0.005434417973167564,0.10214094594723705
208,0.013881123379749512,0.004245062385574816,0.09388071589081096
209,0.012675077171126974,0.004887415641382793,0.08323193854218625
210,0.008065274081138541,-0.00439677008664139,0.07315595593909321
211,0.007846075727649563,-0.008338194685020547,0.06803987421702729
212,0.014697365058408036,-0.0024378053511878023,0.06627636639411058
213,0.021508512473742854,0.0038277735535370006,0.06609484341902158
214,0.018868320397954115,0.0035357650337266913,0.06752901003978123
215,0.007560012189794477,-0.0008125304333929731,0.06671516885179193
216,-0.0035289261473820735,-0.006582802082388678,0.05910278897678048
217,-0.008203652367356734,-0.01509094054787339,0.045095837959918963
218,-0.007878295114134778,-0.023150723939426396,0.0305182315616815
219,-0.006216528913755813,-0.024943755364270723,0.022176754324737966
220,-0.008014564244768714,-0.023716365742860623,0.019764536934923152
221,-0.01732165826211024,-0.02662182956911574,0.01664003743893827
222,-0.02996147085064549,-0.035528530522786095,0.009722092173063537
223,-0.039004209860837996,-0.04577909688367049,0.0012350511655270444
224,-0.03922819651455062,-0.05264068845514969,-0.006493481332528316
225,-0.033694091784278485,-0.05623874778419144,-0.011910502757453433
226,-0.03406048596583516,-0.05813634042071941,-0.014929026909572256
227,-0.04286122664792209,-0.06003763824023983,-0.01721880214148192
228,-0.05087848894877538,-0.06285083908581826,-0.01938005540236107
229,-0.05078572656107756,-0.06530849672941319,-0.02183581998732212
230,-0.04765932147672919,-0.06202159497288362,-0.025887252071432706
231,-0.053690763798610125,-0.05865307407844053,-0.03179603034717844
232,-0.065229430676495,-0.06806122776986917,-0.03836934010668065
233,-0.06408094077893864,-0.07917849532216331,-0.04222500228056929
234,-0.050010033529476416,-0.0769172949773112,-0.04088067201552219
235,-0.038619880809910245,-0.06873907277679334,-0.03780326137284834
236,-0.035978942986311324,-0.0604980390469296,-0.0364398325162027
237,-0.03766623056368938,-0.05379037985524762,-0.03509512365348691
238,-0.036944991972936714,-0.05170154995212575,-0.032495094952602416
239,-0.03277584379115383,-0.04716461219480522,-0.030461828823395723
240,-0.03151161390558993,-0.0410235916085622,-0.030856134561824913
241,-0.03792567354012007,-0.04128383633363901,-0.03356314032186883
242,-0.04540058244012837,-0.04454664691709494,-0.036854630984016104
243,-0.042711954571872296,-0.044092408332653585,-0.03758152502433435
244,-0.03307232122334228,-0.039171541385198,-0.03323036929856481
245,-0.02724555577087337,-0.036256588514095245,-0.023717069158667656
246,-0.027715728535590345,-0.03722035562355047,-0.011535671724857838
247,-0.028570539173304155,-0.0364754158320825,-0.0005046673390958489
248,-0.026400450531526926,-0.032392718669854326,0.010315219955812666
249,-0.02080655710998587,-0.023948974167702225,0.025181309632053228
250,-0.00994805059415435,-0.012918152146587925,0.040675450081025355
251,-0.0032847628749449187,-0.009833925493184417,0.04905897604573428
252,-0.011280241472192403,-0.017191928389414503,0.0493517238977732
253,-0.02651271265905898,-0.02561819660102242,0.044068175676358234
254,-0.03529745307314269,-0.03028724140035772,0.033646809156223284
255,-0.032501755102529464,-0.031087234058315243,0.016361083072479354
0,-0.023857137263387368,-0.033166661302114875,-0.010031695457449558
1,-0.02261899938527362,-0.04132771540860439,-0.042267226394260726
2,-0.03499916564736247,-0.04963129218213827,-0.07342933197069604
3,-0.0497533389350909,-0.05372686602464058,-0.09985179336086059
4,-0.05388845261043945,-0.055495556189337186,-0.1187409313975839
5,-0.04779016001401157,-0.0562088354629143,-0.12695792774587522
6,-0.04060038277659419,-0.05604997822538374,-0.12338740152087185
7,-0.041615427570750346,-0.058172479887495354,-0.1106838144904721
8,-0.05071301531369474,-0.06435240083435034,-0.09599254262125523
9,-0.05843825398187483,-0.06696707888671341,-0.08834819701383362
10,-0.05982447545752684,-0.06421520334178668,-0.09084654855318575
11,-0.06036359979155795,-0.06578274139963475,-0.09733265584230053
12,-0.065389629905245,-0.0733264932948286,-0.10085283961455974
13,-0.06918135637505962,-0.07666234889584983,-0.09851278897907245
14,-0.0667911513825459,-0.07329790480577367,-0.09174350155488983
15,-0.06551213924501695,-0.07527801345648649,-0.0852888340890336
16,-0.06898974598615121,-0.0836198898578083,-0.0822616580911456
17,-0.07245564276279609,-0.08790529755655038,-0.08143220012226038
18,-0.07348689738196168,-0.08812291185719517,-0.07996401394593317
19,-0.07163986315112347,-0.08386560917369323,-0.07771906618630026
20,-0.06859070095546818,-0.0758813672065187,-0.07573880400142913
21,-0.06725278106624313,-0.07190743441476743,-0.07325159367770548
22,-0.06882495358792753,-0.07174184451645926,-0.06894218450672382
23,-0.06957279967888735,-0.07424656336355451,-0.061325437263051716
24,-0.06431183720254069,-0.07804228161718654,-0.04971939924819205
25,-0.05681225081938876,-0.07718059431803367,-0.03972216630963793
26,-0.05276682070437688,-0.0711184456876075,-0.037908341478953306
27,-0.05552373746062844,-0.06506395214675154,-0.039714788004204554
28,-0.06246804135645173,-0.0637859453151485,-0.03671855675364344
29,-0.061407360563262264,-0.06364994014156247,-0.0297096167241679
30,-0.05370229606010357,-0.06048156009387043,-0.024638224595396496
31,-0.05005795275693886,-0.0564443791521429,-0.023909614541636565
32,-0.05025368640096209,-0.053115990803005636,-0.027058197934202666
33,-0.051121633944987865,-0.048399407912482706,-0.03329609113963473
34,-0.051590711919120874,-0.04215567580349441,-0.04096320708755914
35,-0.050343459606155605,-0.03973422491052178,-0.048662715156444714
36,-0.04782099555878262,-0.040294470924486875,-0.05527880487118453
37,-0.04631569262368462,-0.0357505505314329,-0.05840460367689815
38,-0.04597130312939533,-0.024947473578289768,-0.057862006003491506
39,-0.04424277194724352,-0.01656770019886078,-0.05599911380240985
40,-0.04125973448682799,-0.01676260690166681,-0.05280757441236389
41,-0.04022574624074812,-0.021272066562687347,-0.04844500308486682
42,-0.04074881860661442,-0.026077384830009237,-0.04455559575588357
43,-0.04268316301340329,-0.0331308292500669,-0.0412725365257976
44,-0.04650041848125759,-0.03896822030320176,-0.04005034801488343
45,-0.04787970957679563,-0.03656581407261401,-0.04236965602718076
46,-0.04408078088764193,-0.025307727166873344,-0.045551721144318075
47,-0.04002199021411597,-0.013361704010092207,-0.0464938809990581
48,-0.039352553373133564,-0.010193861147393818,-0.04345281304755469
49,-0.03879767558981928,-0.016500771317373722,-0.03659971624828534
50,-0.03858636809840876,-0.026499294839042523,-0.028300410677509255
51,-0.041620958251753104,-0.03244915447477258,-0.019961490449924527
52,-0.044425343913117046,-0.029061064792263572,-0.012750941143869321
53,-0.04261046746984981,-0.020803087066701982,-0.007964578758790468
54,-0.03727216855236325,-0.01470839350092748,-0.005673317554924243
55,-0.03222245352889229,-0.011326073883125835,-0.005037811677622843
56,-0.029765704222489683,-0.010421760158199109,-0.005118451775619003
57,-0.02991298507597555,-0.011134790720972412,-0.005024207775955053
58,-0.030924125469759867,-0.009388878000061024,-0.002977748202363198
59,-0.029652004264140927,-0.00386538607953308,0.003297723494248228
60,-0.024625506085582657,-0.00032050578265918617,0.01351568773813766
61,-0.020134082565482034,-0.0018983084180075604,0.02346218784625352
62,-0.022079666058853933,-0.004220790059922139,0.03080385650253096
63,-0.026638814607800102,-0.00827138831166984,0.036325870195405535
64,-0.02793471176196788,-0.01540663747632462,0.04004849216674425
65,-0.02771462689550603,-0.01582834129210502,0.04304397652433831
66,-0.02742557406757723,-0.009383801979564788,0.046231595150067
67,-0.026202791713019244,-0.005909814857987555,0.04919909492108382
68,-0.025348862444883977,-0.006136165718852171,0.05161254762326811
69,-0.025995006340848725,-0.0065445198823076145,0.05434582871815278
70,-0.019568251878385998,-0.002142028713191829,0.05921751804939972
71,-0.004268147171228476,0.005179520811382496,0.06568431035904201
72,0.003869289495288808,0.009385879110489784,0.07306167783558182
73,-0.0010261798041829445,0.010673325867503872,0.08187819529289364
74,-0.010356816845874209,0.007026708402938453,0.09083928295042615
75,-0.0176575371055869,-0.004028933077617536,0.09945167940230654
76,-0.023202278243513536,-0.016156782984829907,0.10759576275004035
77,-0.02423171248276429,-0.02062486082821613,0.1130061495855445
78,-0.016970117363930975,-0.01789813824095185,0.11619930606796508
79,-0.010785930393103715,-0.009892068228366885,0.11963301406194066
80,-0.013051929891024383,-0.0023002469007765147,0.12376474254235986
81,-0.01848777036556909,-0.005311011490332182,0.12964828180756438
82,-0.023839256676091505,-0.015665019013282794,0.13724268336768303
83,-0.02780303681685714,-0.023191134770623484,0.14421320939790905
84,-0.02692573368097799,-0.024231054024947976,0.14968631396556709
85,-0.025109429903162644,-0.018833326435288053,0.1537004736245321
86,-0.025251033176385884,-0.010231657174199701,0.1573665592542528
87,-0.021645242330857406,-0.009316635460846684,0.16158064026024688
88,-0.016117214220708526,-0.019623490338709138,0.16638995649796295
89,-0.01763691493162184,-0.028159564456887776,0.17226903628204687
90,-0.02353327403386979,-0.02717045951034991,0.17906093455456257
91,-0.02497766671318627,-0.022186345432958804,0.18624552730549682
92,-0.022956343122373782,-0.01662360386182199,0.19282908943145538
93,-0.0214371608265006,-0.011547101483306184,0.1980135444221373
94,-0.018827746593812603,-0.008848458268476564,0.20098801236982877
95,-0.01415090021053042,-0.006282969945936467,0.2017444564824613
96,-0.009033571243047142,-0.0010737274175216735,0.20046317796579805
97,-0.007311511412233525,0.006117720404684571,0.19646108574721166
98,-0.014058055844718642,0.005038096206023579,0.19072309749511318
99,-0.024413899354689045,-0.008041251107047273,0.18524289074086225
100,-0.02792857419137959,-0.016969233540264625,0.1824591430323133
101,-0.024103544934292107,-0.013707864890945828,0.18372880617307458
102,-0.018595056620151366,-0.0037324574719295595,0.18698455391946422
103,-0.013961232318154819,0.004592927889341458,0.19028875852777827
104,-0.009897784647887514,0.006559267576615694,0.19206781646340926
105,-0.005699607005094295,0.005146380421615909,0.1903560249522822
106,-0.0042154495617254435,-0.00015674571205133176,0.18618433540105284
107,-0.006960404784735606,-0.004714661228129547,0.18119663220306226
108,-0.0091603733129801,-0.002693363512068263,0.1761717764423194
109,-0.011734852765126286,0.000932920597308162,0.17164446852594117
110,-0.016813637599814135,0.000781614245953635,0.16840276119051745
111,-0.017178735644130652,0.0004659454601431551,0.16755543588049043
112,-0.008982304394075512,0.005988415516088895,0.1660938088811414
113,0.0032718596144873935,0.012251018643751738,0.16173962563657157
114,0.010701159470598423,0.013835502649689644,0.15863385035706468
115,0.00750091730689921,0.013055878423028893,0.15958443559451668
116,0.000056462077418870105,0.014030493269628512,0.16144959410792126
117,-0.0006165649987934924,0.01476455227057813,0.16143213409602952
118,0.006675078218183465,0.013442945443135526,0.15982303731930592
119,0.012171381462540168,0.017826714331658902,0.15708180068450217
120,0.010337552619601613,0.026994900066330728,0.15366221072955522
121,0.0055074297527631585,0.0321292977200951,0.14995915965471912
122,0.003261802409215947,0.0323489621117119,0.14715536759501419
123,0.0077917880412791095,0.029688768271401718,0.14556806051656668
124,0.018775322700154536,0.025608398205683336,0.14310047790235575
125,0.02912020320018477,0.023168781268373725,0.138492103935085
126,0.030782649753149816,0.02330141928336804,0.13117461910581396
127,0.0247070359061502,0.022433014266188364,0.12117953785318147
128,0.017702097065499994,0.016665955873117255,0.10922380059314524
129,0.013578773959704277,0.008366977736730105,0.09526187956235499
130,0.014678954984645096,0.004837486576506962,0.08123665503048913
131,0.015336042696170633,0.005780066867296596,0.06933908609091204
132,0.012570801346434582,0.006390909113716509,0.05867874851501057
133,0.01394303381602651,0.009417233938471402,0.047608134231802886
134,0.016802513921286677,0.013990352896298928,0.03712853306374557
135,0.014599765393719766,0.012699349700195005,0.030588755670523243
136,0.010462940769210581,0.007056151848780459,0.027397765012362962
137,0.007030119425743053,0.004163149798949092,0.024626512689524566
138,0.005372329397021772,0.004868911765226858,0.021958872013445013
139,0.005439655310169572,0.009181641982495568,0.019551003997579183
140,0.005468710158714127,0.013538123930021156,0.01626967590346306
141,0.005679122693814237,0.009954753431598677,0.010386700848026398
142,0.00715132592493839,0.004365310183319648,0.003707672405985879
143,0.01000151458302026,0.005164396066274904,0.001222632907677143
144,0.010706860423190662,0.005319990287173851,0.002590276429069796
145,0.009051393301225397,0.0011610690353331815,0.002843017879969781
146,0.009620235532714065,0.0004400511968648546,0.000511294798405719
147,0.012515278588252354,0.005542705595785846,-0.004059448974238947
148,0.013593551719763203,0.008611889722947068,-0.011723479727942063
149,0.012235826368931557,0.0035240967691704053,-0.020979549316636495
150,0.011167587268659879,-0.004020458215231032,-0.029331451369971076
151,0.008018606739112713,-0.009463470984454422,-0.03674204189709421
152,0.0012909618021047023,-0.011401470378347225,-0.04307507959440193
153,-0.0011827061412647694,-0.006811607369589842,-0.04753338356378756
154,0.001602759334749168,-0.0009824883386859162,-0.05027951001072667
155,0.0032413364423764246,-0.00028055075019774167,-0.05082536880182173
156,0.007781798334722201,-0.0003344044589971909,-0.04924670578273341
157,0.016491365871398052,0.0070173899147972715,-0.04813426116332033
158,0.021070305236459197,0.016257610614551624,-0.04806345359010102
159,0.020583329868687522,0.0162130009094004,-0.045712523395502386
160,0.01996174407050902,0.010940457250465933,-0.03962421544662739
161,0.022801982951544342,0.009822027956868123,-0.0350108102484671
162,0.02651135486067664,0.0100100270122839,-0.03949712860746185
163,0.023318894394880586,0.008240291552842054,-0.05217535128816872
164,0.016764559298024857,0.008741578824207487,-0.06296732740292318
165,0.013659653993271306,0.009183357564294507,-0.06539652598813805
166,0.01248340236594267,0.005975311807351755,-0.06189340207240615
167,0.015563256094310793,0.004693413459706548,-0.057649865529084354
168,0.024571261474285233,0.008499238974410205,-0.055599478674290825
169,0.030072807378513575,0.012578761082790192,-0.055754210656118824
170,0.026138452194418668,0.012126185504612197,-0.05903959960398231
171,0.021217982348877923,0.010776688903954203,-0.06640958320195364
172,0.02408273824695785,0.014876143520130579,-0.07494205446864174
173,0.029590383564058305,0.020256721830182414,-0.08248040329018241
174,0.03131742931120575,0.021861475615525622,-0.0888725685250022
175,0.030465164453550853,0.02148001736813395,-0.09334893449211931
176,0.02808577444849937,0.021283768320153523,-0.0956511303287429
177,0.027885715545374515,0.02190172717258669,-0.09655458045659804
178,0.02733708639063981,0.022760370217784986,-0.09714641497669807
179,0.022692780209141367,0.019995209200404596,-0.09733617778639192
180,0.021035996561800926,0.015192460771812202,-0.09692576512992979
181,0.022463702442211547,0.01644750627192744,-0.09700373706311022
182,0.0206612718655992,0.02230222079874768,-0.09845580305093454
183,0.018536348876401123,0.02562220205504299,-0.10005216503518585
184,0.017194062410767902,0.0219931782713937,-0.09957067976752737
185,0.012961730248072647,0.012866655980457435,-0.0974287753510025
186,0.009649410242617264,0.005074082348296677,-0.09523849124834693
187,0.00994912497574673,0.002851238311923049,-0.09314135797232709
188,0.009893124162455379,0.004504284516236953,-0.0913664063749039
189,0.01038039568976823,0.007657403259635258,-0.08992161103415686
190,0.011193149420844518,0.011283981263168784,-0.08716206309911889
191,0.007778511366514022,0.012405496051913031,-0.08224783297084812
192,0.0032066250966760607,0.010572276434587392,-0.07759108452996966
193,0.00268340450996038,0.008707763352251006,-0.0766771848903649
194,0.006150440838806323,0.00684873789377978,-0.07884687048465289
195,0.0072262675302101065,0.004237711367068478,-0.07971200814417481
196,0.005457510788838851,0.006637788440701051,-0.07834912891750945
197,0.010188562617779402,0.014616736401344393,-0.07814893344162005
198,0.018396813573245824,0.020049717466564226,-0.07941473164318436
199,0.02033654013252747,0.022046120759628175,-0.07989439397619347
200,0.01713271045865057,0.02061060353589866,-0.07936378768911567
201,0.012108394856158625,0.01326754216098765,-0.07808275028443232
202,0.011677108439150041,0.006068940776784472,-0.07747223011856488
203,0.01887267043506511,0.005949750191178611,-0.07750074625353554
204,0.02330841915619064,0.009726342997167542,-0.0755234208596165
205,0.019404512603091634,0.013993951184400916,-0.07293778574666598
206,0.014455460756903382,0.019187915643063227,-0.07113990025218739
207,0.014954099757691054,0.022580300259623272,-0.06794346949027696
208,0.015160409006941003,0.022828027043586864,-0.06403336340542873
209,0.012713153527258006,0.02032681915259925,-0.05840709307561781
210,0.014373688482839236,0.015541179335945225,-0.05135522759979397
211,0.01768191338015411,0.01196750537325579,-0.048719883101170175
212,0.01807157866186937,0.011354787333352462,-0.049492886696775096
213,0.01674388806759218,0.01368457141211879,-0.04810686227768509
214,0.01190855656425038,0.016667347359207964,-0.04476431725358489
215,0.005613043593017451,0.015655520085109627,-0.042289785500805234
216,0.006873603989565075,0.014060965988646174,-0.03956478975297131
217,0.01607200760488954,0.018193221601319486,-0.03371831940289299
218,0.025540548181108277,0.023727293183371793,-0.025144656894969142
219,0.02846152360161648,0.02234720909681201,-0.017416722044387323
220,0.025313911265075817,0.01610535643936381,-0.014293488132128093
221,0.025431440799034588,0.01417336942755544,-0.015496727733241088
222,0.02956820316403104,0.018495822445711754,-0.016894544860018956
223,0.029990626629506467,0.02268824088780054,-0.017515607711783357
224,0.02767630119386076,0.023184513694992418,-0.019925649099602233
225,0.02754833146750478,0.021772721492290294,-0.026383422065627618
226,0.027341398924996804,0.02199454970172572,-0.03778388381791567
227,0.025362793740949005,0.023618962806977936,-0.050851855688737346
228,0.022372074728269187,0.02114968307598172,-0.06164070837926178
229,0.016401103594319025,0.013576672267302498,-0.06938341268291137
230,0.01509043555947507,0.011273215288898394,-0.07397947043291309
231,0.0228350913464105,0.019217340167554012,-0.07489592265149586
232,0.0264521543012282,0.02537139258529575,-0.07155936358539836
233,0.0229022422081874,0.024280545773280003,-0.06522983748041317
234,0.020217596958657547,0.021411431330254305,-0.058891630036078696
235,0.019215436929817885,0.017864464189038094,-0.05432015077113353
236,0.019207905703065895,0.0148386776530713,-0.051250012454316735
237,0.021467474661225602,0.014325999013648276,-0.0504806480192839
238,0.0258396125085147,0.013720464744821428,-0.055216762709479034
239,0.028992937845735166,0.012582909597267489,-0.06516605040857809
240,0.028217214951213584,0.015831640477137823,-0.07603163524457993
241,0.025666237585295917,0.02255318889426674,-0.08372203316364463
242,0.021367931648971078,0.022942504683243027,-0.08576713849997086
243,0.016997466815853526,0.012773874905513329,-0.08424100441563001
244,0.01780426430710083,0.0008521345629113677,-0.0815193568013435
245,0.02028633829149297,-0.0026306488992979896,-0.0774949369085868
246,0.018853853451278615,0.0033586747181791055,-0.07480204317380387
247,0.01378668961011862,0.011797959927705676,-0.07423849491168427
248,0.011076051931806972,0.01574660768818492,-0.07251560693638942
249,0.01388648745517099,0.015353495003683059,-0.07017709314014012
250,0.016158800012409536,0.01255468891408592,-0.0689776855899856
251,0.015254193364851426,0.011728897263909861,-0.06698851212953436
252,0.01465743268987886,0.016110160266745666,-0.06582176286531338
253,0.017122881816563698,0.019220586304383586,-0.06732890270138786
254,0.020522028592458122,0.01520148107498051,-0.06682570805855201
255,0.021024157958375658,0.00936274605360507,-0.06300116448931908
0,0.01844332139017743,0.008841814865106275,-0.0596221916307369
1,0.015401359118674834,0.010905877592661269,-0.057946760550138116
2,0.01569910744742028,0.01113079310925779,-0.058373862172425905
3,0.01779294954629117,0.009827423647004799,-0.06116319912476911
4,0.0190305678008371,0.00862971711429586,-0.06364877745321013
5,0.020956847594605824,0.008608535167925889,-0.0642089294092549
6,0.021590418134637163,0.011322549461867636,-0.06437775796440254
7,0.02049207447746368,0.016871867519568193,-0.06508833694719807
8,0.018715585409801963,0.021359270946651715,-0.06478598317700987
9,0.01454415693173837,0.020946869898977455,-0.06279100891963266
10,0.011237191753696571,0.016461967688001865,-0.05963316876464475
11,0.012210713020480261,0.012623733465600112,-0.05380612002440757
12,0.01409872631534419,0.011347018062826671,-0.04629660238330641
13,0.013727575235314295,0.010883752874677003,-0.04162393135385774
14,0.012904971041792133,0.010214222378634591,-0.042093269008181444
15,0.010960424616231456,0.007995487464850778,-0.044722470229172924
16,0.007038692018730124,0.005515678743382461,-0.04413856879456931
17,0.004775155110251748,0.005142677137794725,-0.03869497590889948
18,0.0038373680105828617,0.007617374877735131,-0.02970106205217876
19,0.0008581193994077752,0.010795186402788072,-0.02036126782491071
20,-0.0019646646561968725,0.008479876023054195,-0.015754092952295518
21,0.00023751890011891597,0.003376219887546071,-0.01572980660547027
22,0.003772933447118147,0.004619881818289944,-0.015104813934114877
23,0.005077660253657995,0.012465668724777144,-0.011895193339322235
24,0.007633935578211973,0.01873032064924452,-0.006980846212949365
25,0.008616485192046414,0.01979108709499127,-0.0007734416467679306
26,0.004304149891068879,0.020796987893404506,0.005962606376371651
27,0.0022704577636343676,0.02170215335481148,0.01315392237023167
28,0.007420181013909219,0.019518382654427763,0.021326363280110304
29,0.012692749498049674,0.019208104287358266,0.02782164202897293
30,0.013863349796649736,0.02017693128176616,0.030367237927808606
31,0.013900454587279142,0.01754328493983602,0.031235132785524602
32,0.016827542179308305,0.015455689141840208,0.032406723169398716
33,0.019920117286345497,0.015466800898818321,0.034433022831931476
34,0.015336071685105854,0.01135997648687024,0.037299177310645276
35,0.007958963842160549,0.006784561554944411,0.038983173227338214
36,0.008476964759370584,0.011943753434662687,0.037129572479129264
37,0.014264987368052373,0.024120269689697486,0.03166863354087361
38,0.018441440360501757,0.030947242515677632,0.025070940789934312
39,0.020599161900824572,0.029029111603564667,0.018992800031948504
40,0.023151114747240575,0.029572026003031784,0.01400190017444062
41,0.025944912683668723,0.03145472693868756,0.011341522484807222
42,0.02300281050408085,0.024482531304759386,0.010867348310646695
43,0.014844052782723681,0.019057925649347773,0.012133001526061976
44,0.010599119872175426,0.017279154531400984,0.01540893478575868
45,0.009921209970603806,0.003034448078524706,0.020402793323878315
46,0.008553066910319498,-0.012797879353963433,0.02548926421584674
47,0.011286414833681244,-0.011509507782434196,0.02744459731888492
48,0.018469883441843693,-0.0016706729012658378,0.024300758219768393
49,0.02355848869138212,0.0036695969038918197,0.015661282998057795
50,0.02436380485523433,0.0021367804057484674,0.0035504852322739387
51,0.018686694741366083,-0.004284030351364987,-0.007102030511215045
52,0.009784043739700373,-0.012630540768512097,-0.014881663038615003
53,0.0071966158459441515,-0.0153378972029376,-0.02339512438490269
54,0.014545716340884765,-0.006849500902076991,-0.03577471130317101
55,0.026606623674348004,0.005968395192686993,-0.051190543140918185
56,0.03291377389612708,0.010353797860809498,-0.06578867217091239
57,0.03213956044702748,0.0061724989557348925,-0.07637437457126994
58,0.03040373190733789,0.00362270005392909,-0.08131233179638075
59,0.02379465053404335,0.0030073419760971165,-0.08118279714322618
60,0.012135948220559453,0.00097745335194524,-0.0784280902853065
61,0.006373975514158525,0.0005138056231473176,-0.07345082448693557
62,0.005926536633026905,0.0010102875381133164,-0.06618603999445857
63,0.0032229727977310663,0.0008483030852041995,-0.0603991900898522
64,-0.0016016349169614419,0.0023487340495489395,-0.06030695804425942
65,-0.005498605595829695,0.00004434667216146604,-0.0636135215349822
66,-0.006826741892015986,-0.0050940258289694715,-0.06534127533209982
67,-0.0015598189427880327,0.0010460147065548264,-0.06462295068500906
68,0.01097914293300041,0.01685558319791268,-0.062163899712425474
69,0.018400851364993802,0.02430035674622405,-0.05960183855677381
70,0.014364067811934285,0.01896713126957296,-0.058794413323840555
71,0.010309495030011079,0.015592436386209801,-0.058378053442158295
72,0.01046763322334035,0.016610978038914592,-0.05543445994241017
73,0.009332387150513488,0.013921239493624116,-0.04760918370600356
74,0.008274338630575168,0.013361976743530846,-0.033799693836787215
75,0.009556112101791907,0.02075715124118057,-0.01761903377600273
76,0.008914637300012962,0.026507182030343246,-0.004309213514906531
77,0.00511417371554225,0.022260926716180865,0.005685066497063452
78,0.0035880576758362953,0.01605089121626875,0.013935535104868483
79,0.0040838657905582915,0.014963677377724319,0.020700389050272144
80,0.004875836817416643,0.017619522866637122,0.025849035199025806
81,0.00983176905940017,0.024329169279967977,0.03126770900109205
82,0.016572673759263745,0.03223711866656212,0.03975589532704517
83,0.015100279217003465,0.035161161920647194,0.05184055718215161
84,0.00940989032436064,0.030178806018831633,0.06722965336179779
85,0.0089344331346312,0.02089943391875773,0.08439274751268844
86,0.009018439949848675,0.01350252847311699,0.09804723010571914
87,0.006195263076872418,0.010582385057218577,0.10275437451880226
88,0.003197265885580003,0.00967505205474263,0.09809852271648789
89,0.0007637751469046217,0.005168820480793868,0.08703253067243782
90,-0.0018491703635446985,-0.0028581083911070476,0.07242328679090504
91,-0.0032819843623382305,-0.010273033975454461,0.05812947531232038
92,-0.002258986746571885,-0.014338740951401578,0.04626653948488507
93,-0.00023592099183447623,-0.014067740539951412,0.03545399648593614
94,0.00010081723181642327,-0.012559809867838959,0.02484957734732217
95,-0.0034985755064314353,-0.013206349810082472,0.01534093662663484
96,-0.009490866167024863,-0.01631025915850752,0.009551847650074677
97,-0.010644861823187995,-0.01903626237076253,0.010054871428315112
98,-0.007775877037673851,-0.020574416219866887,0.016831265102087017
99,-0.00950182927413995,-0.021667162411067004,0.02574430045165385
100,-0.013256577282758156,-0.01896872970841182,0.03104532818730882
101,-0.010680455148684561,-0.014643844825159964,0.03116508230561746
102,-0.00435512234872569,-0.01160264982568529,0.028253405245656227
103,-0.002365892551902206,-0.006993883761552855,0.022910098013098068
104,-0.00296652462640095,-0.006290568252587437,0.014771450489638488
105,-0.0012479967657131642,-0.014437878884572222,0.0059402736446011045
106,0.0026060943465318342,-0.0223686771224242,-0.0026596868484491387
107,0.004927887002010686,-0.02378775138057969,-0.011496037810002108
108,0.005842910787795252,-0.019842964741427563,-0.019028537895085545
109,0.007784890136285024,-0.012200562187658179,-0.024648207473795355
110,0.006329875121058218,-0.007705743955068137,-0.027551596401499692
111,0.001034217054199909,-0.008831107354405857,-0.025971895508149583
112,0.00011707427230557566,-0.006018089810993138,-0.02240562704426672
113,0.00711519131201533,0.006410377399221623,-0.019285747867003038
114,0.013491026341057664,0.01677406452583341,-0.014534608386365874
115,0.015205607679340805,0.016046967858896408,-0.00602647220254468
116,0.020255172002486357,0.014056972034447834,0.004191815911987307
117,0.029335590265944123,0.018222721804943158,0.010082733272071043
118,0.03329411681368227,0.022215646902024638,0.010432912525665625
119,0.030966113175729018,0.021835206865960275,0.008565572421304742
120,0.03109875770819505,0.020541323723937632,0.005116433893702449
121,0.03512160467541206,0.019548786308936375,0.0020008826693153348
122,0.03562317966660794,0.019804199396100584,-0.000051358453199770726
123,0.029726356225681233,0.020666578902410915,-0.0028730809892072717
124,0.024295701676074477,0.017426502070298,-0.00500500258341692
125,0.023974796640997297,0.012415674413384703,-0.007400968610389608
126,0.024723604950780964,0.01276148973834268,-0.013620414924495006
127,0.02478008779903417,0.016652686270597183,-0.02315121710614626
128,0.02264176051953596,0.015990776229370708,-0.03279350092601499
129,0.015227111873017927,0.008367501393390465,-0.03882403346255299
130,0.007658863889012588,0.0013990231083715124,-0.040538526508232205
131,0.009320349055851634,0.004204631817098167,-0.040364222682842454
132,0.018620808481122922,0.014037738006920682,-0.03928977734675326
133,0.022331143049156538,0.018487128915454693,-0.038929187038416774
134,0.016120410572457958,0.013102077138621479,-0.04213691590432028
135,0.008350209363722542,0.006415764027274576,-0.04962410949061222
136,0.004253085449421452,0.0036371478473108815,-0.058566282720899754
137,0.0024806163132654706,0.002164811807694386,-0.06402007980394389
138,0.0012369470565965698,-0.0016218789804346365,-0.06346263034698787
139,-0.0001861627005764338,-0.008001682104876243,-0.05771911182924036
140,-0.002125360249506599,-0.012498739881021854,-0.04996620770858398
141,-0.004567867296086641,-0.014619743500051657,-0.044802035380375416
142,-0.005617106892202496,-0.017013678265382887,-0.04365667255931338
143,-0.0028323633966984216,-0.018085719438212938,-0.044160693746226276
144,-0.002141647011332848,-0.018578279691925173,-0.04646802220408336
145,-0.007828470861036784,-0.021484182087275542,-0.05170835813430617
146,-0.013570778287903429,-0.024999986390914424,-0.057372637972977134
147,-0.014629111912224713,-0.027092045437043143,-0.06050397036359574
148,-0.011951225569071806,-0.02711691805261135,-0.06226884238223347
149,-0.009960541830823615,-0.026403329583925106,-0.06577035092743005
150,-0.012795635629265972,-0.028285471748826535,-0.0700303522333506
151,-0.01664253497685004,-0.029196828542860445,-0.07183336856917699
152,-0.013234640951972167,-0.024877592584097483,-0.07050169711106971
153,-0.003001976778890754,-0.01930990815158859,-0.06859493299356334
154,0.005276811419703303,-0.01643792969229188,-0.06809436219143483
155,0.008499914735615212,-0.014209595741108132,-0.06642389731074655
156,0.010663485532983543,-0.010349092449133061,-0.06094361531891618
157,0.013573342302479939,-0.007611431842025652,-0.05210988836017888
158,0.01739814786712516,-0.006184772211194747,-0.04118915394556573
159,0.018519693469229853,-0.005115042518884064,-0.03243950304446573
160,0.0156824881782978,-0.003598009931840389,-0.02990351859315933
161,0.017212249622477818,0.0003967958600723104,-0.03107297939729546
162,0.022832557365199763,0.004412034187350658,-0.031293652530947805
163,0.02551323388881449,0.008036975679090341,-0.030465035384126683
164,0.02898337651755794,0.012991096747378666,-0.030819544723422534
165,0.03264184747805851,0.018453441060444824,-0.030626782587417432
166,0.02747499315132855,0.020174114683545574,-0.027866518341848417
167,0.018776038760042538,0.014844045356161892,-0.022394414293043077
168,0.01756793258291013,0.00689638795434383,-0.01155301153055345
169,0.022491615034290827,0.0040292880351723015,0.004517011452873657
170,0.027273441750955266,0.007256775658735531,0.019342252889953254
171,0.028916435213477268,0.0088362104268557,0.028880751899814636
172,0.026986128962673772,0.006640736234999972,0.035228657708721356
173,0.022323991895428927,0.006460601773270902,0.03928583099736124
174,0.018917081238343222,0.010029770215998823,0.03983715879396457
175,0.019563878067713446,0.017123301060841742,0.03870951626982452
176,0.0198656433043575,0.02551372013970722,0.03917171553479851
177,0.017914181244492233,0.02707423835490247,0.04251574929634325
178,0.018585331250998885,0.02171719043690562,0.04870562910523917
179,0.020832845567048452,0.01961364161207821,0.058432091083112515
180,0.018495939644912557,0.021865012254165914,0.07056949516189115
181,0.014074296851494639,0.019796038734389912,0.08026738610519346
182,0.012758877096082977,0.010969840284219864,0.08541094310252526
183,0.01321501361605819,0.0030136412688372416,0.08870407425386789
184,0.0123840186222838,0.00006851775725350007,0.09345423131679975
185,0.009917824385896458,0.001036277908963018,0.09964408516143303
186,0.009684970525756557,0.00332655095110658,0.10293403098257026
187,0.009569547227826776,0.0010147059514949777,0.10115768746145753
188,0.004202456622909738,-0.003300186625592505,0.09691474642286232
189,-0.0035647496615689167,-0.0022691077190777342,0.09321508122739142
190,-0.005643915278186869,0.0016226649615844746,0.09262127155227931
191,-0.0010334967643368803,0.0036391998246895346,0.09620654746775686
192,-0.0017561021461644857,0.001777324700390305,0.10240302823975583
193,-0.009918711697147677,-0.0069846290462700494,0.10975363471126265
194,-0.015469358887493498,-0.019681080509101195,0.11756264394619109
195,-0.016963912324581852,-0.025872531458647777,0.12526367542965666
196,-0.01723476386050935,-0.021460052231724216,0.13218251457817176
197,-0.014007402585212554,-0.011838897120494428,0.13751397973030133
198,-0.0074727373224563985,-0.0035881045044603745,0.14149638483349392
199,-0.005405430585748144,-0.0035957973775772173,0.14362555299165652
200,-0.007308854241219086,-0.010139611730408815,0.14424758221151124
201,-0.006040417842463279,-0.010648319487056676,0.1464256317532513
202,-0.004325347153982079,-0.003370612337763564,0.14867247755807722
203,-0.004926238742202417,0.002596769111068477,0.14835921171043404
204,-0.001688702913516641,0.005667588402631898,0.1481049149267069
205,0.008222107927885348,0.00883336653138641,0.14972818002815796
206,0.014622152012484815,0.00902224912887935,0.1520170739176735
207,0.011414531884866505,0.007753829846619584,0.15048368049152944
208,0.00833172756810089,0.010224952054435708,0.142125900423494
209,0.009437778425817292,0.01042609381214886,0.1310128722199243
210,0.009952086844047081,0.00580140695506233,0.12258847924426064
211,0.012872389723151273,0.004390384581553643,0.1185174356985631
212,0.019595847455835584,0.010330378379459371,0.11880582587599609
213,0.023764612403251617,0.01837476598620929,0.12381423892150611
214,0.024053631935669888,0.020168362480453388,0.13154500464821
215,0.024239322030859663,0.015111014799784172,0.13691083278112404
216,0.02346421032387322,0.010048356079463396,0.1361723119434496
217,0.019732080914319647,0.008709433761365418,0.13030480483589463
218,0.018785580193368095,0.011446657737334373,0.12149388781550163
219,0.022871513331568616,0.01718694102173393,0.11120987257571324
220,0.02535459466396897,0.023257675350165097,0.10088093334064457
221,0.022866380753949922,0.02846189640292031,0.09061307226326404
222,0.019398255914567356,0.029323301347097083,0.08039599986786516
223,0.021021504058157305,0.026366607805842573,0.0692471218677723
224,0.02718594296699963,0.02800992858038119,0.056612851663185595
225,0.02755998909676412,0.03145567688094604,0.04489134760171602
226,0.019150959454802066,0.027987979805642646,0.036493595895697326
227,0.012012263251914207,0.02082932895698003,0.031032842853407155
228,0.011186794825585447,0.015318576286268953,0.026753929664925097
229,0.012873217511610954,0.012956351918331832,0.02252274899389578
230,0.014207843137138305,0.011061871111123826,0.01669086879496577
231,0.01598893276473825,0.009649612952509351,0.008503065102738905
232,0.01714588827565501,0.013058668024027664,-0.0003667618894866789
233,0.01614543819202359,0.012220904531763818,-0.007614085036073991
234,0.013392470666512425,0.002355728542167035,-0.012274916381047767
235,0.00901318380991524,-0.0034354081426456046,-0.016047471761889934
236,0.0028209865773465848,-0.0014829723652040952,-0.021106307360644304
237,-0.0030522055138625104,0.000046836389096180375,-0.026955077953527237
238,-0.004949857674394834,-0.002166608913403728,-0.03210564030688283
239,-0.0011321655775519412,-0.003303797868271542,-0.036076201919857415
240,0.005441922356145976,0.0026180838869779635,-0.03855805725782817
241,0.0099014238517256,0.012593550668859255,-0.03922233060028593
242,0.008715521463488779,0.014567527394905369,-0.0384845242061809
243,0.0025332050789532573,0.002614668368230294,-0.037747320150453595
244,-0.0014407152268934992,-0.009704485891634432,-0.03796185853303144
245,-0.0007291298587229905,-0.009783072006342555,-0.039703045047202595
246,0.0004032254619223269,-0.005274320752674505,-0.04346232650807687
247,0.001028709784099982,-0.005214972754693695,-0.04761466422430606
248,0.003665453938844085,-0.00773091673078493,-0.050311671476509764
249,0.007296784997377029,-0.006755758881279911,-0.052493676927135066
250,0.008518761262975148,-0.002788706248049083,-0.05673990705597609
251,0.004921432673062623,-0.0016088941148800495,-0.0640675280559122
252,-0.00034734689954404874,-0.004912011773013827,-0.07198825621147281
253,-0.0009337738882748484,-0.006524158010962386,-0.07891863108531616
254,0.00270483144180865,-0.0016788900746710217,-0.08509484771399134
255,0.007779172646086185,0.004797305441301039,-0.0885835544264287
0,0.0140309302549185,0.012101225725840575,-0.08691932159135046
1,0.02052570481021264,0.018626213581791187,-0.0792485017013562
2,0.024507577221596397,0.02022218331900618,-0.0671213650554634
3,0.024348836150052296,0.02032831177717139,-0.055256745654736567
4,0.020694858683854914,0.020172316781176536,-0.048936528809037566
5,0.0166447776118257,0.018544878513674264,-0.04929815177332891
6,0.013311097542700316,0.015285061667039329,-0.05240872370388425
7,0.009178541532478414,0.01103408391670184,-0.05381840596742951
8,0.006984766502781396,0.0092951226558885,-0.05261778798645149
9,0.008984085613891711,0.012675167884670241,-0.04945971857430677
10,0.012081810997494065,0.020833653220415527,-0.04477630096390728
11,0.01336852291348442,0.027389777819577334,-0.03957212640897109
12,0.014918648376296677,0.02806398175139698,-0.03492296189953645
13,0.021114781761344636,0.024330253567717064,-0.03265300271429847
14,0.027854387119392036,0.017961065258589114,-0.03422207976067493
15,0.02957085294744151,0.016893866698368218,-0.036692494810344055
16,0.029160052852819904,0.024865555928895902,-0.036663378049162934
17,0.0294221235427094,0.03463266991560672,-0.03523761471406752
18,0.031149263840310693,0.0381336990422068,-0.03428830265267486
19,0.03462330231611438,0.03662798512980671,-0.034759354014769525
20,0.03763276656239614,0.037482440863221306,-0.035626752885767
21,0.038083757119904305,0.040093957014128226,-0.03551226410875449
22,0.036921484615635845,0.04112298010038504,-0.037242241489031214
23,0.0334206606521201,0.037575344555025814,-0.04179514890278829
24,0.028231987967821608,0.028407991410625055,-0.04492011620708433
25,0.025003598478944136,0.020812621925368147,-0.04361734892618895
26,0.022844769004571885,0.020450886619645878,-0.03814211247432833
27,0.01953599768015024,0.024929219501529196,-0.029856024579673276
28,0.017715803412343828,0.025105645029693733,-0.022412943826143297
29,0.02106147112004876,0.019037547888027456,-0.019026408493630312
30,0.027443125679176825,0.016151162806619226,-0.017977073759932974
31,0.03099044808432181,0.01792711159536553,-0.01857707733236369
32,0.030587051828110903,0.02129726759956342,-0.021044960788534767
33,0.026977892116423437,0.02431136870932496,-0.022117331649228966
34,0.021954136013974418,0.023440246108662036,-0.021368054600585967
35,0.022941350703659755,0.02066981961303342,-0.022250961551012124
36,0.028707424909549112,0.01777444272113088,-0.025272063684851978
37,0.03035050483321003,0.013686552982650417,-0.02806416344392187
38,0.02885342202487129,0.012338789476867482,-0.030212393338735155
39,0.027388176892785165,0.014055043702131578,-0.032556969055668766
40,0.022647333887334174,0.013150025443534673,-0.03497063978239298
41,0.014963946649465536,0.00872713193580582,-0.037116746827704716
42,0.0067446891171709,0.0032611281871628836,-0.03743697369714283
43,-0.0009610732004020628,-0.00021548433629709624,-0.03371973670184425
44,-0.002694439818469653,0.0010110645936968268,-0.02618043460864454
45,0.0034441693780163825,0.0057104845518285915,-0.018304349402919702
46,0.009618949018710885,0.009274057318859712,-0.013391488094291292
47,0.010659489879015663,0.011495233350842541,-0.01249215959304812
48,0.009797969682185888,0.014845490003880014,-0.015197707087315236
49,0.009188470309275928,0.019048643664781338,-0.019589701687947436
50,0.007519966365301136,0.022210252343415508,-0.024718592585692853
51,0.005850401652987197,0.02011954402384826,-0.03010397183236193
52,0.009552948224525404,0.014199321995612038,-0.033710685792624207
53,0.015215513417075527,0.011019322797590228,-0.03457112845883245
54,0.012006446892624728,0.01143112417622047,-0.033393241386357325
55,0.0057106120203255645,0.013766330722625814,-0.030419717219930503
56,0.005975555743726581,0.015346863294689414,-0.026335292133659677
57,0.008551029861580139,0.014266789177128557,-0.023524871698207175
58,0.011423478729742639,0.013970569970063039,-0.02360852069286414
59,0.015369365176375733,0.016880204357344122,-0.027037688558714284
60,0.018066961112645212,0.018654124597434867,-0.032609396179939874
61,0.019059119097070358,0.01807205424389781,-0.03609341445123969
62,0.01994091459478968,0.023830869967329332,-0.03531170080372859
63,0.020761931634347378,0.03327304532689496,-0.03232646811303
64,0.021363499905185587,0.033954433945436374,-0.029018688311354734
65,0.02342740348034933,0.025440604907563905,-0.02619123904923934
66,0.022249045497861164,0.015613145392604735,-0.024394575291388526
67,0.015605540821632811,0.0102519207484153,-0.02363611325289694
68,0.012363189052433013,0.012320185462949253,-0.024119766849555753
69,0.018254097881882186,0.02171860567398888,-0.024144370530397072
70,0.029142526510818206,0.031107647085614518,-0.022662482200713915
71,0.03619849868968676,0.03455563401192876,-0.02335830509799023
72,0.03606853841851559,0.033147953674151034,-0.027592125777011534
73,0.03203094922849223,0.02843014069345251,-0.03350453060323723
74,0.029965596100715614,0.02182408461495941,-0.04049172523761532
75,0.03137767010213113,0.018244674949687067,-0.04730345034383668
76,0.0311496512938913,0.020548421862145783,-0.052208360027408474
77,0.031765486900125914,0.024837805109404185,-0.05460015297098006
78,0.03777366915312494,0.027482460188021002,-0.05551122885112328
79,0.04207255654185187,0.02507556216791422,-0.05679528734674559
80,0.03765317466109002,0.017683565423370504,-0.05985168602114946
81,0.032662890176684396,0.014079411433323835,-0.06443148652776413
82,0.03381494454381963,0.0184478657330594,-0.06960820380120808
83,0.0333687691431378,0.02346195808294041,-0.07649134494831517
84,0.03145025488046985,0.02579332650131061,-0.08578096539030988
85,0.03380987513976072,0.029518255768989254,-0.09560694287282306
86,0.03715095761527515,0.03310649218636383,-0.10384668320731322
87,0.037302325502732804,0.03131981229273572,-0.11119525436359856
88,0.03340821524278142,0.02774477255309736,-0.11962264724559596
89,0.031169812504538166,0.02593223936154298,-0.12710100190089585
90,0.032694753128891495,0.022282001229948833,-0.13085055361372017
91,0.03390207323984386,0.018600539424451938,-0.13135306862295532
92,0.03840586966082275,0.018471913450226835,-0.1294431695514363
93,0.044781297516987534,0.024356130643016657,-0.12665899914060363
94,0.04696785199620401,0.03427350598476915,-0.12357878714828058
95,0.0467939519754485,0.039134938234270084,-0.11904533264763534
96,0.04523391645002131,0.03457180784856041,-0.11398170615216674
97,0.040722437244083864,0.029095597023528777,-0.10988024575093208
98,0.03628014430177261,0.027954595314615152,-0.10792086526807793
99,0.03520065045681857,0.025365361679974302,-0.10698422039474151
100,0.033610638255594356,0.026459037699150173,-0.10372314170402996
101,0.0303400184301066,0.03206038033547728,-0.09855202310784525
102,0.027483966962238184,0.028028090240258728,-0.09423517511690266
103,0.02222033979444342,0.012432857237744156,-0.09156721342662555
104,0.016643690101916006,-0.0009541444295573936,-0.0897560006112661
105,0.016911356807650088,0.0007160898291650175,-0.08771335742015546
106,0.022117647516969388,0.012978399313955488,-0.08562889718002437
107,0.025507787835511983,0.01903649157470428,-0.08534806389495508
108,0.02478605331922956,0.015484433650439632,-0.08669279494486462
109,0.02345254690724706,0.01183626320386643,-0.08667727279529522
110,0.02301996829900911,0.01110016742862652,-0.08366567877260231
111,0.02317427347748387,0.011650274858016452,-0.07961472841455305
112,0.022723125539178365,0.008723856756556111,-0.07660567505152521
113,0.021933410395174227,-0.00030790208018190157,-0.07356916717062581
114,0.021573843858181743,-0.005113409420291315,-0.06934127276289875
115,0.021560500766537788,-0.0010815608369505875,-0.06437873907972369
116,0.02352471463364983,0.004535501578505977,-0.05867163640738482
117,0.02662081104375103,0.007413995641645854,-0.053780315595909095
118,0.0276443365101773,0.00624332405166117,-0.05169206215313178
119,0.025415792367677006,0.0024876175822917956,-0.050885204268503924
120,0.02254869233274048,0.000015691442908187525,-0.049797713653409084
121,0.023372101454227308,0.004233116834879924,-0.047794217168923146
122,0.027416869661926108,0.014436437947860273,-0.04506335837261391
123,0.027575330475917467,0.021227915083971996,-0.04156886778578564
124,0.02202195685861766,0.02292762624166879,-0.03643622037094621
125,0.01756310053429251,0.019981449608509172,-0.030697121325892446
126,0.01834504290669385,0.015894782133086316,-0.02466219457668306
127,0.023260579597256137,0.019474935454813918,-0.01568058946333188
128,0.0250197874136956,0.024777703716783263,-0.002667940859544929
129,0.02076947964890538,0.0225774686555249,0.010598938172158665
130,0.020084265576031615,0.017326331967579354,0.02183753496819911
131,0.027534621724371038,0.017288162884722097,0.031188745990937267
132,0.03250975811485944,0.018799133850238403,0.03741608348956443
133,0.026661970202139784,0.014041292191938268,0.04167069232909104
134,0.018661031662318,0.007103520676988231,0.04614467175081066
135,0.01837154466014035,0.007528266029526873,0.04946872281367992
136,0.02355741166094963,0.015146344141445313,0.048571534349195075
137,0.029365106306993988,0.021014283844865443,0.04306623436700768
138,0.03347549839985749,0.022086660946823405,0.03631605903827678
139,0.03303327698459883,0.018717332448608445,0.031179994478759687
140,0.03143914243850307,0.01608975108644666,0.02899215984797024
141,0.03575686211446971,0.021976260546387766,0.03200914784502949
142,0.03998056160663428,0.031508686008993314,0.03935438063426941
143,0.03712227137919083,0.039753378037780646,0.04564888884707672
144,0.0333829929700771,0.047734291345345736,0.0472711821595042
145,0.03168212922179017,0.052447040713793275,0.04278945865239331
146,0.030044617587733247,0.050390097888804525,0.03182961952339128
147,0.03084852109102345,0.04302186731472314,0.0161105986511485
148,0.03325106131906217,0.03085294956671679,-0.001582687628530005
149,0.031647691879552436,0.0147729082004259,-0.016837768062448216
150,0.02555133482670565,0.004219863250575301,-0.027680706820019427
151,0.01953165394240461,0.0048757110051090985,-0.0351167283037053
152,0.0171810510839029,0.011780253993257134,-0.038391918278573134
153,0.01946759737109091,0.017217286159745195,-0.037486124170820756
154,0.021431173594197883,0.01664982662061469,-0.034660798204528886
155,0.019033028010790848,0.00997187000531697,-0.03123431210272512
156,0.01696816358967644,0.0014948558530384279,-0.027947002842392876
157,0.017238839409342677,-0.004915656437533195,-0.02747768154894406
158,0.01599654012913656,-0.009733906597537853,-0.03011934238666167
159,0.014766866691353367,-0.009085944033042706,-0.03302416337884076
160,0.016723217348905306,-0.001303861729515167,-0.03524282374149751
161,0.018315384286649403,0.0034226280137229365,-0.036519062622253934
162,0.016355889571260593,0.00006941681607657013,-0.037477218398644735
163,0.010373326823593682,-0.006138159898286574,-0.03996533088034809
164,0.003658988301771582,-0.011217848126447522,-0.04349142188674576
165,0.002923847172263544,-0.00971155649769155,-0.04639753036812211
166,0.00867330170531666,-0.0006219778890941829,-0.04746335606177726
167,0.014853957208423807,0.005258231447926726,-0.04386130696500029
168,0.013522632041640281,0.004241060961354737,-0.034543389165849175
169,0.005315424395220897,0.005197158084742817,-0.024112131379110502
170,0.0022984064566415052,0.011902883286131108,-0.015240565178423718
171,0.008411663121822344,0.017879066808050275,-0.0057040367178063656
172,0.01393723408482024,0.016021017880105258,0.005137439896724522
173,0.016316890366241926,0.011121325844444259,0.016630356559315385
174,0.020549768875994717,0.010268638590702343,0.029906922514644024
175,0.02164298043496138,0.008789853379054614,0.04675158387609271
176,0.0124968119662342,-0.002656647500722663,0.06612855514417298
177,-0.001968518464540131,-0.02279159326784086,0.08320143662003904
178,-0.00927785498802973,-0.03056451822927842,0.09415387588751961
179,-0.005605267589830529,-0.017910913647251003,0.09848887081288116
180,-0.0006582962470339931,-0.007285535959966019,0.09699618656357067
181,0.00029690444880714484,-0.008937418231708238,0.08962345353588064
182,0.0016010436076095702,-0.010125902686282301,0.07357885001843467
183,0.0055033920006887505,-0.0068256584443437684,0.04916352601513341
184,0.006682968724095295,-0.008214661844957102,0.02187899413143181
185,0.0002464196279792219,-0.011644838204676863,-0.003521389571902539
186,-0.0035301313595582917,-0.0049410280433018205,-0.021589244826083903
187,0.0013517420494301852,0.00567756152057719,-0.028413935123615196
188,0.005997344797228854,0.007282439232802612,-0.02721817232725475
189,0.008702996583405953,0.005434504936286333,-0.02351722910435352
190,0.009364192052946405,0.006465700112824352,-0.020716886664708126
191,0.004313184397325226,0.0032555611269296514,-0.02070292685903373
192,-0.004459502303086435,-0.006319416254532403,-0.023615573918141425
193,-0.009836480266444805,-0.014548821642393031,-0.027775168002769732
194,-0.008473894447067032,-0.014125625603223238,-0.03060237023884055
195,-0.0040088388210504505,-0.005991547670375873,-0.03148424260137225
196,0.0003997864245050692,0.001305481776463835,-0.03239218888196742
197,0.00036794884467218625,0.00319042741966212,-0.032997233917052796
198,-0.005462185758232374,0.0013408623303767,-0.031792016072910115
199,-0.011791002508157691,-0.001850348286938329,-0.029347377706266553
200,-0.017459626631568637,-0.008451824225366666,-0.024678083999117487
201,-0.022690582727961137,-0.017394033278478646,-0.017845481746244604
202,-0.022857945846296187,-0.02019130951380057,-0.011791166512713724
203,-0.017548190500990105,-0.018355205806156925,-0.008220840833787761
204,-0.013810032793204887,-0.01704945274123249,-0.007064619232029133
205,-0.01332125874435177,-0.015572949624836997,-0.007065622193126033
206,-0.011929667649218836,-0.014480134077539154,-0.00754492266822248
207,-0.008771294307396524,-0.012903029731893369,-0.008031372011464737
208,-0.008371238845861717,-0.01168791055037939,-0.007030584124340412
209,-0.013397330082447659,-0.012659522586168228,-0.004814853341433126
210,-0.017044312431214084,-0.014538168565174009,-0.0022390407785064306
211,-0.015859185029313088,-0.017284282320301672,0.0009055136159316357
212,-0.011837253704413285,-0.02090500253705322,0.0030736159025203033
213,-0.009674361843355073,-0.022548016608846352,0.0034611141032989887
214,-0.013639386117258866,-0.021516620606059543,0.003004147298748719
215,-0.017894275285165708,-0.021859629730885025,0.0004254852346554233
216,-0.019129739629391657,-0.025464642858459965,-0.005835346890490464
217,-0.018243319033595197,-0.027562431808838037,-0.01392710073099665
218,-0.01477456945788272,-0.02560149466182858,-0.02048627729113172
219,-0.009396078641799532,-0.02209249074308471,-0.024862995432997276
220,-0.004318995498505146,-0.016760524577040962,-0.02853580047253443
221,-0.00328176335070407,-0.011867173676132596,-0.031177978192192285
222,-0.004319817933480463,-0.011639704789972814,-0.030608549953234893
223,-0.005388754386757039,-0.014604325522428137,-0.026700521335429356
224,-0.005352727196192578,-0.01602870346711557,-0.023202941352157253
225,-0.0011985795040452968,-0.01270156183881152,-0.023088800035700317
226,0.004395133184887188,-0.003478095915226645,-0.02609586352371618
227,0.008184910336804845,0.007720063976776069,-0.031000523969736987
228,0.007432273357312447,0.009302044893109852,-0.03696831393382831
229,0.002785158655001535,0.0009471938238940908,-0.04311646298088531
230,0.00217479409039939,-0.005647646401771955,-0.04620419547941769
231,0.007991295290270983,-0.0064439379643481745,-0.044211631182731
232,0.01087101055043966,-0.004125232633538339,-0.039073775974106106
233,0.00570527577842031,-0.0028764356806170316,-0.032982667228283025
234,0.0012161772173850532,-0.004784083917520089,-0.028598023690262597
235,0.0022299740330932183,-0.0056363213327279005,-0.028660478591937794
236,0.005261447970569412,0.00020401368154156219,-0.03270374654617557
237,0.00812779597465707,0.008106897326229351,-0.038090412153947664
238,0.0037764532680390345,0.008767566202717764,-0.04251100377041249
239,-0.011087385218727,0.004762811856969404,-0.046063580997172546
240,-0.020838865423993644,0.002960470120666789,-0.051409520406547074
241,-0.015328473284151918,0.00428134204880011,-0.05843555791475724
242,-0.009061605349094058,0.005734510241853466,-0.06441397134321314
243,-0.009609827725897522,0.008142911310122236,-0.06865897338874899
244,-0.006832192043469756,0.011540147857345258,-0.0707977944564594
245,-0.002402222900975937,0.007195166781500104,-0.06992599918107595
246,-0.005866017947751129,-0.0054923460193268825,-0.0656178047887919
247,-0.014426976696314868,-0.017651160383692785,-0.058339080139693696
248,-0.019880394121133106,-0.02063417813968,-0.050124608961946725
249,-0.021416706620858976,-0.015195940993526037,-0.04471761328839593
250,-0.02240316871726497,-0.015366707662539534,-0.0443808619286048
251,-0.02453450032877199,-0.022892907952413062,-0.045246353093258446
252,-0.02823506874915334,-0.025507889767182674,-0.04258352000223162
253,-0.03125864183303664,-0.02369739729818114,-0.03780691407885664
254,-0.03304991661904133,-0.022909588986252824,-0.035254966578551844
255,-0.032294276782670175,-0.019579155218193714,-0.03676376044073998
0,-0.026798548079502424,-0.0123907432109958,-0.04102731700923406
1,-0.02191492413697614,-0.006105080504990146,-0.04512240461338139
2,-0.022540814271471976,-0.004266935091585836,-0.045611686529849815
3,-0.025808864533699225,-0.006925032704867218,-0.04140445628677589
4,-0.02635121388679234,-0.009662002358575221,-0.03689674997020617
5,-0.02195513454202927,-0.00868861875355166,-0.035761440797503014
6,-0.015150527299068808,-0.007174181363381063,-0.03587386250001487
7,-0.009345221414603568,-0.005187735125218168,-0.03353449641329431
8,-0.005993376612384839,-0.0027434575034756548,-0.02632198648845202
9,-0.006354295164303726,-0.00635817458664778,-0.014244020612381864
10,-0.008895561516436008,-0.011864436380564072,-0.000015575822760960367
11,-0.00872981393756182,-0.010499112639933306,0.012767007428831148
12,-0.004373257728956647,-0.00511773778333164,0.022216002788671668
13,-0.000717420458291769,0.0001238421465790951,0.028281655016483387
14,-0.0007594202222381344,0.0023644049326690605,0.03140423956457214
15,0.000020945674063172978,0.002396193945657696,0.0314688776888894
16,0.0024863721942187597,0.005649700389850951,0.029437211959468877
17,0.003388269412796999,0.00879784411135355,0.02766571250414833
18,0.005184400244806476,0.008481718255158536,0.02703561208929236
19,0.008400698041344086,0.008733330288016934,0.028407359854968086
20,0.0064564307248699965,0.009179746606677613,0.033546880440823185
21,-0.0003638101808337846,0.009289045246912382,0.042883207570746706
22,-0.0027909799268990287,0.009370568433295881,0.0538766034013482
23,0.002509518558535255,0.008724080350444589,0.06147218076396954
24,0.00793873707016424,0.010749312398079719,0.06328382055066425
25,0.0071633272600996716,0.015041688090110084,0.06143814426941996
26,0.005430321577809198,0.01833727219293471,0.05791105016358253
27,0.009153162911703126,0.020480393670242986,0.05439714862227396
28,0.014689003074037005,0.019855624537753046,0.05317878736722559
29,0.012827868975864843,0.013689708735338618,0.05441600380722762
30,0.005004419189366664,0.004725584740713594,0.057710945855029006
31,0.002193415517261918,0.0004073706537283672,0.061077842247326
32,0.006813947084081756,0.0039788054258451475,0.062143452702482976
33,0.012688843571191051,0.008909980949713575,0.0636331330788859
34,0.014451332826478015,0.00833657180741085,0.06715486743826718
35,0.01120781823107836,0.007413717402616041,0.07155932129822892
36,0.007050784608084705,0.010014312242561052,0.07628413228649775
37,0.008400410507486078,0.011268748452505108,0.07888623983490026
38,0.013571630547793444,0.00920865872216553,0.07754632939118808
39,0.014024996860581507,0.005244549225844462,0.07292105715259062
40,0.014319833959103807,0.0018484321612454654,0.06742305877622229
41,0.01838119964652868,0.0016913818777749522,0.06422156749266528
42,0.016109286837415415,0.0007858597323809474,0.06377783489423464
43,0.008983919655828357,-0.002845700782519566,0.06383188244303348
44,0.004696213543208656,-0.0019326319684721469,0.06160296420600045
45,-0.00013633816920133324,0.0009766969222708075,0.05653463512961285
46,-0.005438849131680017,-0.00029003338434049203,0.05041780662664194
47,-0.004774658181035271,-0.0017775927290816437,0.045943664065802414
48,-0.000573913879434021,0.0008302913680710948,0.04579197148304559
49,-0.001307536508697034,0.006618460342208737,0.04783108816168219
50,-0.005385168278787954,0.012152161092679671,0.046944822297242284
51,-0.0033921252492675816,0.0142945807735834,0.041107385297226184
52,0.0014105157543627678,0.009559550278020093,0.032009225692042856
53,0.000508392339970555,0.00253669614972149,0.022529226300995173
54,-0.0017399091794231339,0.00148473164753634,0.01257660374236469
55,-0.002957746846769936,0.0011702925510044503,0.0014403634708114593
56,-0.004950309990619267,-0.001324620506197291,-0.008068213137454108
57,-0.005312694669696763,0.004997989616816131,-0.013594900338731078
58,-0.005880761343475226,0.014006253304372874,-0.015885070616305882
59,-0.009034016627517683,0.011995832415546071,-0.016293336504370634
60,-0.01030618473256499,0.007243817023177852,-0.015415256947354253
61,-0.004975239563217392,0.003355783037719641,-0.013949758197378953
62,0.0007412556877224655,-0.00283022182246008,-0.012987995538070937
63,-0.0002736202356409638,-0.00669247695882022,-0.014953687234870727
64,-0.003990391638638215,-0.008814593657119583,-0.02322778294211953
65,-0.00717057167062482,-0.012275866053506307,-0.038335676199358376
66,-0.007751870448081146,-0.015276458096357082,-0.05573426486736481
67,-0.004925648787186775,-0.01317683771946658,-0.06887148472558477
68,0.0006713137560343946,-0.005613972406012774,-0.07447125796836684
69,0.012557033283156077,0.003595411417284991,-0.07434508385692662
70,0.024809690852100594,0.011120814099761095,-0.07328526946101394
71,0.02629711376111779,0.012985129352917638,-0.07562446402699624
72,0.01931904755112042,0.00656604295190788,-0.08194185451024666
73,0.012625658259242167,-0.0050284206559157996,-0.08886333139107314
74,0.007245533739521387,-0.013903238838098658,-0.09341654194137732
75,0.0026487621159243524,-0.014738462958344384,-0.09676998733441576
76,0.005535555146551713,-0.010356564152984499,-0.10092937228740208
77,0.017491126966624998,-0.008367544074972866,-0.10422719603252611
78,0.02593380523529673,-0.011413496435371734,-0.10549976257814286
79,0.024667071633865056,-0.014459767096405257,-0.10481812776514715
80,0.02041465514396773,-0.01147824243393783,-0.10256148108745233
81,0.014100238326874404,-0.0036515976614284462,-0.10093201186279405
82,0.007160908240837899,0.0050566285791617815,-0.10110511770667391
83,0.005921871614582935,0.013937866232129392,-0.10356714497797556
84,0.00773028869942019,0.020719856154235217,-0.10613118439953755
85,0.008328480361205481,0.025469041874395415,-0.1058463775830007
86,0.011975155154198197,0.03159382115719908,-0.10512091132342119
87,0.01446131063010675,0.0386200478575155,-0.10742125119277496
88,0.008742404433231321,0.04124314733839202,-0.11279350383060482
89,0.0011780126187690698,0.038668045414545625,-0.11900687852417058
90,-0.00041627104686237093,0.03617894729347702,-0.12252840079442306
91,0.005161638563852822,0.03147035573501511,-0.12052326010122416
92,0.012109040714588182,0.020340189490582722,-0.11212205283003579
93,0.013396513162985096,0.009011040847610202,-0.09763921218106913
94,0.011753385872611544,0.006562881682676491,-0.08042310580834786
95,0.010320422415971031,0.011337370092792065,-0.06272823264988958
96,0.002345486057030527,0.017128132252144435,-0.04323507923050776
97,-0.005098624981863004,0.021795756700438346,-0.024914920603401378
98,-0.002902026240513861,0.02690548617434932,-0.015911078943540394
99,-0.0013570403689779076,0.029013395336409203,-0.023199689476752258
100,-0.002810518561403963,0.0206505075388122,-0.04356085818123097
101,-0.003405259815602052,0.01079199423148991,-0.06369343515973616
102,-0.004753632848862141,0.01098333580551325,-0.07441964710705898
103,-0.0026081470920068517,0.021266264226725784,-0.0760598156013497
104,0.004992431026912575,0.03030662018153113,-0.07272435596174406
105,0.00998050993661495,0.02644744914435064,-0.06927438136394734
106,0.005203895582982225,0.01737864926528876,-0.06916860749111392
107,-0.006753539818384252,0.010768181652056952,-0.06998692709867721
108,-0.015374903326986059,0.005223199041755527,-0.0686911720711158
109,-0.017915689114156363,0.001769096368536574,-0.06902857296721898
110,-0.021014433589943454,0.0003115777701396816,-0.07489909699347713
111,-0.020449671578678233,0.003384759248129296,-0.08351914558060913
112,-0.010155339250717363,0.014455901110144082,-0.08750358837083136
113,-0.002179042321208545,0.026268283911018264,-0.08337204986447327
114,-0.008216967332738537,0.027921496415135263,-0.07626891356222065
115,-0.01885990086612685,0.020444133445545548,-0.07283218540969533
116,-0.020151307279835003,0.013996598329925988,-0.0747431220352533
117,-0.01733582867873318,0.01248570809507673,-0.0775702618819496
118,-0.01905279483127257,0.009957241365313438,-0.0742516497781057
119,-0.023297134625315463,0.0023645294838393893,-0.06392275245898277
120,-0.02754628456895461,-0.002011203860111735,-0.05177431319559647
121,-0.028081730718889003,0.00611709644103825,-0.04132885712463556
122,-0.022173813917661656,0.021900043690706403,-0.03525477684947559
123,-0.012871459652721795,0.0333152138592111,-0.03486203591904875
124,-0.005577333619468217,0.03504871813651675,-0.03780674131597771
125,-0.0015403581806952699,0.03201951987870223,-0.039995027666818644
126,0.003552003985310387,0.025950109313946132,-0.03537490755466258
127,0.012315602424449179,0.017133179892806757,-0.024155941512847126
128,0.015169116896989805,0.012725271004573033,-0.014694093387288235
129,0.004744170550925892,0.011421390987379917,-0.011958581280760543
130,-0.007633897245496492,0.00809239412131385,-0.013542537858944527
131,-0.007048839629978907,0.008935293785756696,-0.014177900652820569
132,0.009099680874767403,0.022354678481373763,-0.014707850200852496
133,0.023304351404280346,0.04224507329791038,-0.02225722516870987
134,0.023905205706947652,0.05076792536537696,-0.03758863867026744
135,0.02077772521089194,0.042503648988550344,-0.0524567306422756
136,0.02048234330401888,0.032268496310387,-0.06261655926228679
137,0.02072311207007882,0.02866116218624823,-0.07046602160549767
138,0.023596170121810423,0.025306450971836092,-0.07858712805965379
139,0.029567310902160804,0.021356096845788403,-0.08632227802061138
140,0.028705788979498506,0.019366448365478017,-0.0896944384220022
141,0.022254712502986267,0.01937890620488608,-0.08869976690693937
142,0.01960234017344792,0.02098182347469371,-0.08746821192489593
143,0.020382067634063278,0.02290925046299616,-0.08876245996781656
144,0.021577380259353456,0.025788467267827506,-0.09222551017721095
145,0.021499755862625366,0.02570040736270257,-0.0949745071977327
146,0.020940951046845277,0.022054824540386583,-0.09614294730296308
147,0.023615407862484283,0.026410903771275585,-0.09601458781156019
148,0.030751344536190273,0.03994142046637661,-0.09447180497781676
149,0.03324320645280261,0.047918281210707264,-0.09303331548584293
150,0.025178335845967223,0.046269818385836645,-0.09288562044139304
151,0.018261646771099295,0.04533499407380939,-0.09245918519255153
152,0.019132129015224666,0.04659882426588452,-0.08859706572515194
153,0.020153398842914737,0.047500624362573435,-0.0824457247849652
154,0.0187411747465646,0.05216157753517182,-0.07902625945720146
155,0.018478151548738518,0.05499012756711569,-0.08075996802920887
156,0.017547784825348973,0.04736174575851315,-0.08584287056245382
157,0.014496244822673393,0.03573041449401143,-0.09109347359046885
158,0.012388754162589014,0.028841301692828836,-0.09574871039014032
159,0.012007942013189762,0.026996102943079275,-0.10108685807213613
160,0.00987583892017009,0.024622340807510565,-0.10712721728986824
161,0.004860773966132603,0.017542824569363458,-0.11115538325161195
162,0.0035131383118451875,0.011016579129553478,-0.1102395678420075
163,0.00943178160193716,0.009531704695532078,-0.10369934565642702
164,0.017292527217805366,0.01350341706041025,-0.09335655702733375
165,0.01840074656887357,0.021368054086017413,-0.08289821779882114
166,0.010846204449503391,0.023697653828341006,-0.07671442448287222
167,0.0049018468100505835,0.01683692107079668,-0.07795761595781664
168,0.008897965649813974,0.013208021196280006,-0.08374474909223376
169,0.017852479244271607,0.018238909433987427,-0.08841989387759178
170,0.02417749867056536,0.021066258388420356,-0.09225661359606604
171,0.025990058224635848,0.013759797804044321,-0.09543339034379128
172,0.022178392751346178,-0.0009977187355211525,-0.09491478112735624
173,0.01679754542701062,-0.012004254290915672,-0.09063350012361526
174,0.016630219849902463,-0.01301336733195868,-0.08504402517734133
175,0.01868932524969629,-0.01113057400767166,-0.08126620173070226
176,0.017584850559548483,-0.009658800544437934,-0.08200808600808368
177,0.016386289735863716,-0.0079051334900836,-0.08686455015784914
178,0.018841066857837097,-0.009248450452237808,-0.09099733259042092
179,0.02326456999014241,-0.014801696460671615,-0.092555096032967
180,0.028663766387982112,-0.021812097858878707,-0.09546937467434682
181,0.034113792102980114,-0.025605606406298012,-0.10097530404999794
182,0.039170087889253496,-0.024193870048639474,-0.10617546842219372
183,0.041250927948364116,-0.02159848412422405,-0.11014010714836842
184,0.036958948966369684,-0.0203247910622531,-0.11183970353577938
185,0.02962759370970912,-0.021286685706789793,-0.10794166770711466
186,0.027204397353086524,-0.0238934485477572,-0.10029054506816693
187,0.035897622167860604,-0.021366157836915575,-0.09449762436562398
188,0.047963342017624894,-0.013709649190226797,-0.09184948066769152
189,0.05735217853786828,-0.0024280444577881033,-0.09112075484057083
190,0.07009569013061341,0.013868166344111157,-0.09297581601334814
191,0.08023354309061356,0.022515012453544023,-0.09845383381199968
192,0.07608014842409859,0.011565977821846589,-0.10664365349857147
193,0.0609588945146074,-0.011634874835584341,-0.11438632648143121
194,0.05280657958314072,-0.03162666388498062,-0.11765841427814044
195,0.06262245377318443,-0.034156852747092806,-0.1153902397733999
196,0.07796032305127404,-0.016122952221235554,-0.10998192055375428
197,0.08333998173269971,0.006181268201593627,-0.10333359923839314
198,0.07745773566907227,0.0185573733419135,-0.09524066443039081
199,0.06853094074337295,0.02310772431869388,-0.08539247985318538
200,0.06415544146384289,0.020714918321502157,-0.07493392985457781
201,0.06422615864978155,0.011809337501018646,-0.0654949903538649
202,0.06669692203522065,0.007068836029832853,-0.06024970633914327
203,0.07231470706584764,0.009452331449703893,-0.06232932721210527
204,0.08213955002069778,0.013951756514734015,-0.06959445795729571
205,0.09315904583746942,0.020480624035237212,-0.07832885495099384
206,0.09726616760684403,0.02166135105217573,-0.08617950362482557
207,0.09523439121392208,0.014434565992587786,-0.08945285688902355
208,0.09447327141684769,0.009805287634269577,-0.08795369000898712
209,0.09463670749816785,0.015836368573718167,-0.08494384300192293
210,0.09652792465784799,0.031951514401791135,-0.08088745749732212
211,0.10143434337210347,0.04402749475616238,-0.07633905532835039
212,0.10460701746840134,0.042039200586212855,-0.07356027421877306
213,0.10374028750348041,0.03599537515012091,-0.07288161333258003
214,0.10086250225677412,0.03474556988562427,-0.07257543266798472
215,0.09828426949343444,0.03810610870755235,-0.07065760566649817
216,0.09563194093790134,0.04320814339119952,-0.06563220212899118
217,0.08868711565884452,0.043881273635359985,-0.0575358706035034
218,0.07694584745695729,0.039871940022516615,-0.04918157791268382
219,0.06582960723179979,0.03623687536950327,-0.04252041181430208
220,0.05878532218395491,0.03464950006048806,-0.03588094651918369
221,0.054111798448962356,0.03853008187435279,-0.03005630526486388
222,0.04855330869547128,0.046966407923014236,-0.026809057161465987
223,0.04608326394619823,0.053035450472169815,-0.02311567348934635
224,0.051625141527204876,0.05506913758949783,-0.017669966907886928
225,0.05937011520828629,0.053670294319239975,-0.013920228210664062
226,0.05975191671691793,0.04922199108341768,-0.012858081825689857
227,0.052895213255184315,0.043631254591181334,-0.011066857944230638
228,0.04714084978845695,0.03958856510938752,-0.007232273246927684
229,0.04224089305209244,0.04112666098242618,-0.0038699001236653374
230,0.034973812343393335,0.044834840654935135,-0.0031450701906079737
231,0.031350138012509896,0.04209513815706285,-0.005421177111486097
232,0.03453269359829921,0.034858316745930845,-0.01174038733316645
233,0.03977298188170293,0.03274028800387466,-0.024753017856315035
234,0.04222639783893353,0.03948504671978956,-0.04392408943154806
235,0.04260820779616187,0.04896801835027534,-0.0628710470676348
236,0.04168199728924886,0.04891325681013488,-0.07651197576662411
237,0.03834011040433474,0.03998570423685692,-0.08561104531032473
238,0.03631203936753846,0.03679989523274689,-0.09079624408072468
239,0.035770438847198965,0.037971880134694116,-0.09161340587314076
240,0.032256707554402686,0.03528049539527209,-0.08883188394150726
241,0.027409722868366085,0.035343027811198996,-0.08414453786784865
242,0.028173837664310628,0.04266603061150118,-0.07967945784240874
243,0.034917617443537746,0.04954345935118258,-0.07445540746189849
244,0.03933596992882722,0.05141615034715506,-0.06909368520355952
245,0.03799508353369531,0.04954789165881915,-0.06889798311396124
246,0.035870192865874215,0.047311256140622066,-0.07512614229291506
247,0.037959261758974405,0.048895068041281575,-0.08417767183733774
248,0.0431017711226101,0.05030221410376773,-0.09179045667821162
249,0.04577125808646837,0.0455498674291962,-0.09549177065220665
250,0.04452599799985124,0.03922533934625337,-0.09508382964167694
251,0.043835113694365296,0.03975545639674373,-0.09099945797093495
252,0.04431678450112869,0.04710489199925243,-0.08579030650412067
253,0.042807891156558184,0.054770662309125084,-0.0826553746278148
254,0.039693763216301685,0.05803823864890645,-0.08228002017502951
255,0.0345691199682641,0.0580372176293112,-0.08306284595222403
0,0.0271293712378734,0.05996880442000238,-0.08283197590045002
1,0.02093409358229653,0.06717281935642666,-0.08234472668624554
2,0.017991512493240713,0.07635070840956926,-0.08307570322155905
3,0.01819207864735717,0.07825560021520434,-0.08320808891803289
4,0.01895156159300626,0.06049678989822488,-0.08206769538422998
5,0.019250690648834154,0.03131913970637609,-0.08052147394199549
6,0.020501981713628492,0.020933816392000287,-0.07642178449274939
7,0.018219344937509915,0.03134641386334183,-0.06784885834433718
8,0.01119729087513631,0.0381854656865558,-0.05516344096150205
9,0.0069307444781857575,0.031780386251969786,-0.037187059449749496
10,0.00670098831990551,0.022370847003694336,-0.016686045502904173
11,0.006287991404957033,0.02053393528400966,-0.0014046236362559236
12,0.00843185033875457,0.02591243469790376,0.005241710799736399
13,0.01467319690586974,0.03430163397999547,0.00409728866886017
14,0.020031867730134142,0.042527636542717434,-0.0031617587342475696
15,0.02061394965692065,0.04920058005277583,-0.013855832442820926
16,0.015947361069651965,0.049194265031021395,-0.02401937894831658
17,0.008318183368022466,0.04047986212241361,-0.032719978386636595
18,0.0025586882555078336,0.03375255375065371,-0.042105450021346635
19,0.0006130452394909197,0.03280555164406144,-0.04921391063967412
20,0.0017254458345571724,0.03082679140957845,-0.051769767605385625
21,0.007860620627834922,0.02771194780187869,-0.052096098237284616
22,0.015014161907090331,0.024742305231117062,-0.04853218420187458
23,0.015915774989203095,0.021224676567282746,-0.04013556188573178
24,0.013583392593087402,0.022987138592601652,-0.0327151989239427
25,0.017038293816620264,0.031952146223835284,-0.03196093117915276
26,0.023246827217991407,0.037528308542222624,-0.03575925320296727
27,0.022818867038301785,0.03443758976190639,-0.03720918329071651
28,0.020402994045356115,0.02962762495667469,-0.0334267635441802
29,0.019090662930788288,0.02783835759101494,-0.02654857386982921
30,0.01651319251101996,0.026084286587838637,-0.019179168394542624
31,0.016853104466038715,0.023606076577309662,-0.010784936621558272
32,0.02004034237943625,0.026231552942287885,0.0016017943353451025
33,0.02185143398395565,0.028297315247712646,0.015272853584928109
34,0.020371786219511006,0.02045382802709824,0.02403761101705154
35,0.01997178212151863,0.016409532019417347,0.028936760605456496
36,0.023663299112500286,0.024448219355344566,0.03424841431775638
37,0.026428916459307103,0.03369314796116764,0.04048795658844684
38,0.026658878217457042,0.03916009327441285,0.04552369148471663
39,0.026312267285874602,0.034390367053963686,0.04700509430731453
40,0.027335314491264973,0.022674100244143902,0.04464253384658813
41,0.029706207699035564,0.022111544135069314,0.0429856603613321
42,0.028264058787432877,0.02538304327534674,0.045508984563036994
43,0.019005382930483747,0.012891299342982235,0.04786115972614399
44,0.009937987393583071,-0.0018610005149446995,0.04517726160678909
45,0.013215797112725386,0.001646892413296172,0.04117623194877783
46,0.02307211009831916,0.011707409791837667,0.04125756291492105
47,0.026906060597212116,0.011854668390665651,0.04150171325459484
48,0.025291384810987732,0.006287738689848735,0.03738998327158727
49,0.02333321541202256,0.0030206255811220384,0.02978973888844419
50,0.022417230510442365,0.0017162245164433695,0.01893794777336945
51,0.023367354679897534,0.0019050423520972498,0.004184019133409156
52,0.026332651435102827,0.005969236726790672,-0.011907937756423903
53,0.027008801294099855,0.00930929559714451,-0.02444449777368718
54,0.02347434170722762,0.005388806042269316,-0.03241335549320026
55,0.021766741168076587,0.00042156698967110023,-0.03746425923844718
56,0.023903917370900744,0.00221500041748475,-0.040844805497356
57,0.024652809267143576,0.0053856867290899,-0.04306739267225425
58,0.023122683419492078,0.003257784035870029,-0.043231403725989784
59,0.02189602631107447,-0.002280794916683232,-0.0401004480430289
60,0.023258983499858568,-0.005310539285554833,-0.03365842297260173
61,0.028738561627471793,-0.003770854576446832,-0.0274892550041958
62,0.036748432103588524,0.0012335043556463698,-0.021347220428166058
63,0.044008134171925034,0.011082532747995893,-0.00991874605641685
64,0.04596037184092093,0.02140450660029057,0.003849911918172716
65,0.042349898308827905,0.02339471844219216,0.01415825066128168
66,0.03631574062899948,0.019067565742111707,0.02309629107447711
67,0.02917571063183183,0.015419141526441594,0.03432801823110068
68,0.027765155250504228,0.014211485200411968,0.04585664373365775
69,0.03499237483035798,0.013168310308574932,0.053603512283699695
70,0.039625660511634714,0.010811147716803388,0.05575402378921068
71,0.038537928065700486,0.011313011036511528,0.05305721077847078
72,0.04160464661795825,0.016332348823519846,0.04723622753970445
73,0.04900712309752381,0.020392737564664552,0.03886333025556372
74,0.05220234101921989,0.018563675740893508,0.0313033849067238
75,0.0498760260078983,0.013620409984895915,0.030214846931009204
76,0.05004747181530611,0.012228239089873017,0.0365621494643214
77,0.05479137930567329,0.015540918255226972,0.04541906031524373
78,0.05843567291277191,0.022583541361906864,0.05224717644268059
79,0.0621731320700421,0.030966938280541215,0.05586502349149797
80,0.0669235210291351,0.03467988861496073,0.054541308014343814
81,0.06982609179948435,0.03260899450514493,0.048795669517504275
82,0.0712657896813125,0.028479623416161184,0.043430958277356435
83,0.07195880388056894,0.02229394005945874,0.04044557673435886
84,0.07098478674473785,0.01803060375088432,0.03842667113784615
85,0.06852632694030317,0.021314648537262178,0.039063548246943997
86,0.06650429765635801,0.025686820799537765,0.045125860605972686
87,0.06502936968922257,0.025246499709914938,0.0568658925210309
88,0.06362758010790462,0.02471907257651759,0.0713236736283632
89,0.060535802505309155,0.026406759511473227,0.08157467778440422
90,0.054277717804920744,0.024947856759635484,0.08466329065267944
91,0.0493606940214282,0.022384165980261495,0.08401061727421089
92,0.04738237005148481,0.025093700371005112,0.08300532449468134
93,0.043106951428786594,0.02778093774426127,0.0842179544801801
94,0.035392141124070076,0.026477084893174394,0.0895055239149658
95,0.02731447164376849,0.027464342579564788,0.09880423796839649
96,0.023815541303809196,0.029755767974749416,0.11116307798458114
97,0.025874347584722207,0.030451657138851354,0.12602684980838133
98,0.02785704401255431,0.034308432255544904,0.14023077031915812
99,0.028401040427168255,0.039544901636155635,0.1481037856740104
100,0.027786745251744065,0.040976681467448456,0.15002195047483818
101,0.021625493936306486,0.039352785798235146,0.15115955403328807
102,0.011621435697468416,0.03692275977621312,0.15376854215966884
103,0.006438590519271051,0.034036281502533516,0.1554973559870505
104,0.006098850976492071,0.03158802748131581,0.15426929679754242
105,0.0070496159503043235,0.029856962454248813,0.15282074961693282
106,0.010803577115081106,0.02910627224493048,0.15305301870272747
107,0.020088538012397607,0.031547520427312604,0.15338455573088838
108,0.02968727128863114,0.03415196636347012,0.1540261866385595
109,0.03197544671127263,0.03256138852917158,0.15706015534146112
110,0.029480124538283248,0.02888920621288993,0.16280438658577512
111,0.027100989195533207,0.025015055328783953,0.1723150000623025
112,0.02670352785013297,0.020477308575247655,0.18809941861155877
113,0.026873827003355943,0.01807304519930697,0.20940593408752617
114,0.02562127968250727,0.021466442318530538,0.22955985409788227
115,0.02300006553240623,0.024856116747789044,0.24294736960370023
116,0.017804484028525483,0.018964934157331817,0.2529879118823116
117,0.007320689246524292,0.007133732018661715,0.26560088653097813
118,-0.0018309970879525767,0.0008427563307451952,0.28099629768983236
119,-0.0015280966694254106,0.0035211541258861057,0.2956165666217626
120,0.00034570067600872556,0.007399799786139652,0.3074432550022501
121,-0.0020389354516874153,0.0061218555902357655,0.3171101672182951
122,-0.0026099736892924302,0.002528321641002168,0.32631125910917647
123,-0.001059326378140213,0.0031346391786752775,0.3352646752337106
124,-0.0027729811318023267,0.007816259651572968,0.3414564893216119
125,-0.006866287411640304,0.009886950851200935,0.3427484764508233
126,-0.00858194893518556,0.006991602127694049,0.340162301962723
127,-0.011413907452806356,0.003994331923310411,0.3370505009264285
128,-0.01894745386404606,0.0046574450407903464,0.336964619389972
129,-0.024563627677926803,0.007120060907299004,0.34241666017883854
130,-0.024554305039874727,0.009917914869229185,0.35233043496527805
131,-0.02181649134651928,0.011978325232833494,0.36099653399571596
132,-0.019843052380125854,0.010166515959760994,0.36496819288919125
133,-0.01843388656605547,0.007303168619245071,0.3653812114926136
134,-0.01582171593166144,0.00815231018162823,0.36248702983067327
135,-0.01435803257974922,0.009286696930143994,0.3580729939263405
136,-0.0171954350152179,0.008724083153105737,0.354726276221065
137,-0.020971341263414933,0.01034288665985772,0.35143646317897326
138,-0.02120553083833679,0.012243061338460981,0.3473663477283475
139,-0.022669113396701662,0.010726213231520385,0.34228604528702644
140,-0.025642977011886003,0.007986639564157707,0.3369145822888623
141,-0.02561647408385366,0.006558604158619086,0.33343181433046387
142,-0.026452384794609166,0.004713705059660497,0.3320341697310918
143,-0.029514003091955877,-0.0002551827288425762,0.3322874455751099
144,-0.03365739999510126,-0.00526541618996252,0.3318554984589711
145,-0.036124645907643964,-0.004953392323148356,0.32682719931281934
146,-0.029175873370910717,-0.00041798272891209465,0.3176918530266787
147,-0.015786938006297643,-0.0005207214798554488,0.3069310815799844
148,-0.008829962065125319,-0.007708408628689864,0.2972526590050345
149,-0.012723478556594559,-0.013356930963878681,0.2917694299709689
150,-0.019659493700388962,-0.010923968902066636,0.29005924029532293
151,-0.019802699851050227,-0.0017876546921111527,0.2870960698190198
152,-0.013613530621545453,0.003916862330761821,0.2788198708669052
153,-0.009098098496633997,0.0004039297666984104,0.2682244377256622
154,-0.009051938310190515,-0.0035849947774405783,0.25831068490023
155,-0.008156329149984261,0.0005286172821774363,0.2472201541405562
156,-0.0032797777234796627,0.010358375521116316,0.23448734686199624
157,-0.000894419663510726,0.015652481881105698,0.22125175969825828
158,-0.005575391644260769,0.008417211594125396,0.20720261653302974
159,-0.013662388083427443,-0.006541463921324112,0.19360654197887878
160,-0.02102006450951818,-0.016450345229142467,0.1854960318707305
161,-0.02196133650186058,-0.01576156256978206,0.18556344522732326
162,-0.016342947091754368,-0.009803834218555171,0.1889510624912517
163,-0.014507372635997965,-0.005570003997092135,0.18753145084839346
164,-0.018673587542484,-0.00744831313537285,0.17941481749429866
165,-0.021849360856434505,-0.012274293305803374,0.16960066650575945
166,-0.021490701477440102,-0.013102523500282917,0.16114249970002803
167,-0.021542716651560684,-0.010742825676991252,0.1549146189093965
168,-0.023939873551521093,-0.009277417984354615,0.15356488242130073
169,-0.02491528706700466,-0.0066240497707756585,0.1579400321839321
170,-0.025895224434342407,-0.0011063097601275926,0.1639725672587315
171,-0.028469704425340532,-0.0017440572253856618,0.16600412177092716
172,-0.028266326162582095,-0.007917028942997492,0.1626083121395243
173,-0.02551702575662581,-0.008727455290993578,0.15787866827069713
174,-0.021642770797942995,-0.0033987075276340414,0.15604586724857228
175,-0.016404983311546925,0.004461203816322937,0.15723249084955837
176,-0.014100383136376057,0.0058904019643741395,0.15972266070569263
177,-0.016730185578036863,-0.002253140630711095,0.16267880433264315
178,-0.018563814961079173,-0.006300488947487255,0.1642326585733752
179,-0.017821964747945666,-0.00008782076139907807,0.16344794796953516
180,-0.018914476244129855,0.007387498222453187,0.16277640562309093
181,-0.021571108465004055,0.00711308335599764,0.1638232465936067
182,-0.019897891083929493,0.0004017301080856128,0.1658167969073619
183,-0.015196410804985482,-0.004367353672177748,0.16716728306693657
184,-0.017999324085211307,-0.0059055674634046484,0.16724415004454934
185,-0.025343282082373075,-0.008836352393775192,0.16882877024272358
186,-0.02766541689059583,-0.012766059213278017,0.17660442964705103
187,-0.027896696517831138,-0.014724588841562844,0.18967269357438055
188,-0.029235508004959214,-0.017037171511462987,0.20139011768761467
189,-0.030564408278270387,-0.018842908498492933,0.2076498140971096
190,-0.029589307013064677,-0.01453541878871702,0.20792225248972968
191,-0.02436285829161134,-0.0063371888544260305,0.20410538556509905
192,-0.01815390529457009,0.0003960374858365881,0.2001129427356082
193,-0.01677959048090652,0.003846797527705918,0.19761354655332486
194,-0.020246045538892407,0.003655673059545981,0.1969675499393686
195,-0.022966914744744507,0.002023098887191259,0.19896016085549817
196,-0.02221356837035407,-0.0005765693059651619,0.20132551653037722
197,-0.023032110627887015,-0.009424662808453513,0.1997910458507559
198,-0.026439764881754476,-0.02261857404290167,0.19179817424382145
199,-0.0252063354643373,-0.029689300428684024,0.1782133656641442
200,-0.019853423757702694,-0.0264932318317521,0.16348075854882899
201,-0.014217143684374281,-0.015981800619771266,0.15012036244309024
202,-0.011179153021549926,-0.008421822738703219,0.13728353081467887
203,-0.011380096082169458,-0.013401517636735971,0.12638960866672244
204,-0.009471401028981044,-0.019761811270026117,0.11922538270297472
205,-0.0070831487418021935,-0.014964517266712662,0.1145072281486057
206,-0.007694586762560761,-0.009814080127405887,0.10827615203636326
207,-0.006189152989654188,-0.011377194478739784,0.09625732421169605
208,-0.0010752926646392102,-0.011919103093034573,0.08004278017996366
209,0.0020036866630200392,-0.009420967377502608,0.06496188949402262
210,0.0027585957550576214,-0.006365762668980521,0.05241754434396248
211,0.005408345639557149,-0.0018461234597863876,0.0408846899504392
212,0.012507944447488595,0.0059480616931090885,0.03007390980202662
213,0.022896479506571532,0.015578617503538353,0.021966748984993095
214,0.027219078931942156,0.020808869485187342,0.01670418778924028
215,0.015527005399754941,0.014854557732068452,0.011175505086989772
216,-0.008043801884873955,0.00021966717721441653,0.004694800591965934
217,-0.025149589376549236,-0.01026265930204115,0.00013896353014207496
218,-0.02164022072439832,-0.008098384280539439,-0.0001600551929020616
219,-0.007683621896079684,-0.0008276602993405602,0.0025333171602436866
220,-0.002320133393823476,0.0007607369744578041,0.00632989454669055
221,-0.006108558479710341,-0.00369283157286604,0.008622762098817627
222,-0.011599102464888683,-0.010317915193660904,0.004105966058701338
223,-0.014562040854967817,-0.015127976015863992,-0.005950837150951682
224,-0.014363216571136705,-0.016460085942372443,-0.015434866298608838
225,-0.01118587634406884,-0.012739014304226928,-0.023002687564193214
226,-0.006341583315630894,-0.0038407649805654726,-0.028034124229079666
227,-0.005548713777287245,0.0017040265266920068,-0.030164857466144446
228,-0.008398821723648364,-0.0003756067856857809,-0.031555680386773616
229,-0.011999769337876637,-0.00696995539911921,-0.03259977246854143
230,-0.017006392185398192,-0.015638557434720618,-0.03228103812444577
231,-0.02180366759550534,-0.024738855329595688,-0.02979470097021325
232,-0.023969387895349914,-0.034208353125782825,-0.02697123336835646
233,-0.025514333257799754,-0.04077227953340848,-0.027126412910581994
234,-0.025859968119972557,-0.03959641448873613,-0.030409245487057195
235,-0.020352404982203517,-0.032542332273124475,-0.036215898704762335
236,-0.011327144036941066,-0.027726632571023688,-0.04237045402517111
237,-0.0026284461621419036,-0.02449878324675647,-0.04663218916604864
238,0.004174535026393825,-0.016953998025345248,-0.05003996383804993
239,0.005939197828241399,-0.010802956213064353,-0.05314668331488309
240,0.0008820778131587159,-0.012216355094400184,-0.054871613461260016
241,-0.0073599136760687175,-0.015284705189665376,-0.052488762385013155
242,-0.011775034270837995,-0.013326343722874619,-0.04487485717552084
243,-0.011121513349906749,-0.011559664642299211,-0.03740322392277689
244,-0.010080392721244322,-0.01558954954481244,-0.03357881554409689
245,-0.007542118600243682,-0.01994379395917814,-0.030656685144433406
246,0.0029038319200435543,-0.01834716670604248,-0.02642466974669366
247,0.014854745874119855,-0.013145232418455916,-0.020384790593051476
248,0.01719383194242894,-0.011358184992959892,-0.012549475307797334
249,0.013119841875606428,-0.012349542701247072,-0.0027788378272136927
250,0.007785015955098368,-0.011082215099419056,0.008146330610101976
251,0.0009409336740087842,-0.011118663880888441,0.01791641979457674
252,-0.003104049393872557,-0.01295663173277671,0.024456468960875943
253,-0.0022492631708502728,-0.010042260676607621,0.028161255730388315
254,-0.0018590861912195292,-0.0027164077796102137,0.031200510314950275
255,-0.0027848983013835094,0.0028605406393127156,0.035159283116886375
0,-0.002223889908876578,0.001477588581883113,0.04339690689547926
1,-0.00215061116472115,-0.00520718264791363,0.05762951011084658
2,-0.0035177882123773527,-0.00957891229296487,0.07394376486146143
3,-0.00128776740841062,-0.00846746854743581,0.0891764618397925
4,0.004431354093747376,-0.0029125955204046955,0.10217984796405806
5,0.007159045609699849,0.004959967594091119,0.11041406562669155
6,0.004178998073567003,0.008543211428717647,0.11318544124453206
7,0.00043822287693707357,0.006345336902657525,0.11280969347464659
8,0.001873432937748755,0.0045708565513549945,0.11107137147310653
9,0.004080187118436919,0.00401483404648326,0.10883842930489618
10,0.00408690965066999,0.00265262029463801,0.10572665380280027
11,0.00476139190470537,-0.00014346424465974672,0.09918056059796918
12,0.005075120271979171,-0.0006293311433111376,0.09138603619875205
13,0.004118064895418341,0.004383790093147627,0.08885927459075638
14,0.001236120066690237,0.010232576117986635,0.08919435069460065
15,-0.0007894255011506035,0.013292800803420664,0.0867734919654231
16,-0.0003179512250318234,0.010419109461846966,0.08417557890213173
17,-0.0011118276025358156,0.0029109742847688094,0.0839641680274344
18,-0.0008570062893505093,-0.0024792848409089033,0.08434762748008628
19,0.001369791643795977,-0.0043681274221702635,0.08545739947394876
20,0.0010083700090195158,-0.005170626129146212,0.08903769241111587
21,-0.002373085944853401,-0.006058676746719456,0.0944394299145315
22,-0.007228424652834645,-0.006538752817596943,0.09871087883631546
23,-0.010842525496769034,-0.006175755428189315,0.09951080645945509
24,-0.013286076969435463,-0.00520036923878113,0.09846054181164901
25,-0.01590184065565871,-0.004023944965010531,0.09700007116830786
26,-0.016072832269402995,-0.0031682993616603816,0.09575543303209336
27,-0.01612503230800981,-0.0028945717702013943,0.09694095538439085
28,-0.01937482033767393,-0.006370192517656394,0.10035991465107935
29,-0.02259766345054688,-0.01676623510785752,0.10661571374750262
30,-0.02485757469651781,-0.024757917067049558,0.11677536206137101
31,-0.026204750953486566,-0.020031235703658598,0.12653414864287432
32,-0.024521746640940353,-0.009956797068702013,0.12947208531150972
33,-0.022066443869017766,-0.006828575852447533,0.12500412600360644
34,-0.02464882245264406,-0.011301093600351614,0.11834500296468836
35,-0.031599384067929906,-0.014113881097431474,0.11284779008740783
36,-0.03318455687203789,-0.010459109273486769,0.10972608066539391
37,-0.029180264917698193,-0.005361426945530032,0.10844284541992494
38,-0.0283142891294908,-0.004398570638651053,0.10773950498188684
39,-0.029115494068686604,-0.007666835057952348,0.10908410544236308
40,-0.026622989576751577,-0.00759596894518888,0.11105166059872074
41,-0.023188054115577172,-0.0023817298523990255,0.11013879010539351
42,-0.0220467305764539,-0.0024513973789165727,0.10656346808547597
43,-0.02211355044222086,-0.007936252873997067,0.10260650732755217
44,-0.023056158201034224,-0.011242484523459273,0.09894102169600374
45,-0.022764737033038156,-0.013220852858522925,0.0937984100708098
46,-0.017593980122571656,-0.016111553823657393,0.08734763305858145
47,-0.013647192426877328,-0.019482267834330408,0.07987934700815824
48,-0.013083332681834772,-0.01963002472385172,0.06893090078315978
49,-0.011225346339648154,-0.01537805491125653,0.05304278094035614
50,-0.01419380609008275,-0.013807949544860528,0.032206388661274565
51,-0.023747365308443458,-0.0165689349999693,0.009685555820300784
52,-0.028853018039185774,-0.01757590669319603,-0.009255294041907877
53,-0.02544563243055717,-0.016598338480676794,-0.024069527621063125
54,-0.02183817452427774,-0.01778516704304102,-0.035156488492594035
55,-0.022469782560241,-0.018077740972760686,-0.04127331173172147
56,-0.023092468828442337,-0.013862138147961639,-0.04581503940957718
57,-0.024105491575724378,-0.010931252566159996,-0.053118946837718325
58,-0.028186136406052414,-0.011286497905420745,-0.06190320596999746
59,-0.03223206363443157,-0.010053919870154148,-0.07221978928533168
60,-0.03491329454375161,-0.0061160059309548626,-0.08680490605427893
61,-0.03938568395168565,-0.004932359994554426,-0.10410363815879298
62,-0.04527412265308382,-0.009246845816124553,-0.12129507287086044
63,-0.04845822332447336,-0.013699551327161212,-0.13600060843611206
64,-0.046497371001119295,-0.015104067618805936,-0.1447234952986734
65,-0.0420375082953323,-0.014837744228910252,-0.14597295426589496
66,-0.040478335494681994,-0.012404449345006952,-0.14081064472719396
67,-0.04349488681256031,-0.0075554925849948135,-0.13191984922919703
68,-0.04540256421126898,-0.005618724693248013,-0.12312159083558644
69,-0.04401070539602514,-0.010630614280225506,-0.11591785222638631
70,-0.045517009450844276,-0.016560005739202403,-0.1091242510903502
71,-0.04812552859827918,-0.0148455877754472,-0.1020030902433601
72,-0.04616803348223818,-0.007813796097320122,-0.09591178322488511
73,-0.04097043743668194,-0.00347616421876374,-0.09202539047464009
74,-0.038972226204874796,-0.005185663866140569,-0.08974538493162587
75,-0.045102155331952165,-0.010770274203214969,-0.08688364040999297
76,-0.05315664091178232,-0.013002879603532871,-0.08049847524422149
77,-0.05628761796210602,-0.01230729282555619,-0.07174404685239608
78,-0.056228049986642686,-0.015752699017256386,-0.06362086699590097
79,-0.05420300273298956,-0.018521222403338915,-0.05561828619235616
80,-0.05293777154063664,-0.018898583582170603,-0.045555012687489085
81,-0.05675093782019869,-0.02227892599239785,-0.034600786614949364
82,-0.05985271253869473,-0.022827660593809397,-0.028669598020523518
83,-0.056787280945947344,-0.0182618099604457,-0.03141314941087059
84,-0.0542514812675709,-0.015394424273847088,-0.042055536510140684
85,-0.05415667068553656,-0.017292462392221347,-0.05810515346356837
86,-0.05245202786277167,-0.023447114395799315,-0.0758557923829584
87,-0.05042005541283928,-0.026395454858132487,-0.09390245757353372
88,-0.04822323208987164,-0.020100281438911304,-0.11080206462547959
89,-0.04450343196515094,-0.012184537135805574,-0.12303638320500229
90,-0.04269994994255166,-0.009493022644751534,-0.1289615902259949
91,-0.04305614106567085,-0.01048170314567564,-0.1286580586080288
92,-0.03932337020914234,-0.012438518121272557,-0.12396438213443789
93,-0.03368751393193854,-0.013972951603012353,-0.11802051268681579
94,-0.03289868202704501,-0.0182936291542712,-0.11231635196316975
95,-0.03379199336458594,-0.023453364008336627,-0.10572012669872677
96,-0.032132030201765575,-0.01766820755801002,-0.09683880838107936
97,-0.029935450816820766,-0.004768461968577657,-0.08743606949693786
98,-0.02921217413189954,0.00041678134315609183,-0.08174602903338393
99,-0.028137176377954223,-0.0013385621727215052,-0.08150217792788939
100,-0.024196170700104797,-0.002992362859138467,-0.08414420261853955
101,-0.018146766808854617,-0.0031963435459706757,-0.08816764733155369
102,-0.012319172098654824,-0.0011038044042277276,-0.09504294061301888
103,-0.007284245714269333,0.003308460957280837,-0.1031599759519018
104,-0.0020014363798276716,0.00640936935357081,-0.1082369786397338
105,-0.0017427906656219266,0.00502431035577839,-0.10901311771079414
106,-0.011314235912804484,-0.003053339411831585,-0.10767240223579438
107,-0.023973300034748513,-0.01803660661954535,-0.10657202577511946
108,-0.03075268510139883,-0.03276608794178967,-0.10458232739117024
109,-0.031642678555064904,-0.0394492733184278,-0.09931935663596772
110,-0.03137129820172038,-0.039708382017850534,-0.09110757663319147
111,-0.02873954114390556,-0.032699277081651906,-0.0831571087630204
112,-0.02415162539768531,-0.021223018908569813,-0.07853838429306198
113,-0.02363746334016753,-0.022580371200893817,-0.07786548133876164
114,-0.03059172847097033,-0.03998534117472158,-0.08314098225240052
115,-0.039265639607382004,-0.05586055934249731,-0.09550811865838116
116,-0.037085217124998016,-0.054327905488403716,-0.10804680726566238
117,-0.02090066901107713,-0.03770643116057369,-0.11224987845544487
118,-0.004482709728410084,-0.023838898443461883,-0.10760484944139218
119,-0.0029037185472057525,-0.022939713681080415,-0.0998750765155138
120,-0.015680181203898955,-0.028765088345603942,-0.09339124362610446
121,-0.029477729235910424,-0.03483102271343155,-0.0890719186027828
122,-0.03350328859916306,-0.03872276179775225,-0.09032143712821228
123,-0.032217698275477685,-0.03759384155550188,-0.09688568982277512
124,-0.03140028664458374,-0.035670931151560684,-0.1014916028563477
125,-0.02910313391121093,-0.03584247874116511,-0.10105682271516706
126,-0.025280023962359566,-0.035458534871039823,-0.09735313265583642
127,-0.02236458610475074,-0.036156178072899975,-0.0935658082114263
128,-0.025191211240681494,-0.038031483642283315,-0.09230586467862434
129,-0.031213817426729615,-0.039181590896647134,-0.09294930752637487
130,-0.03355867556314511,-0.03853834240709937,-0.09376642813862535
131,-0.03435417515876443,-0.035705644317585744,-0.09369255198317394
132,-0.03573456117306251,-0.03209457406202898,-0.0928834576387153
133,-0.03469271904148685,-0.026307207593787255,-0.09279942836898863
134,-0.030274713000090755,-0.018881746562282364,-0.09346030456799201
135,-0.025149867460259753,-0.015552311230235025,-0.09277136663777344
136,-0.02444376051068542,-0.020767736555582315,-0.08966956540693832
137,-0.03038623138007847,-0.0324179176753737,-0.08624597015015004
138,-0.03617481783606223,-0.04217133512149153,-0.08499227432418727
139,-0.03565347257893019,-0.043910699446660324,-0.08594286416661201
140,-0.03213992156262012,-0.0403327167060466,-0.0886775456636213
141,-0.031763673558770786,-0.038667470925581204,-0.09237074158830583
142,-0.03414341282832015,-0.041351779264125754,-0.09552796644446793
143,-0.035981291850476535,-0.04529970692234575,-0.0985315513377979
144,-0.03811811385050544,-0.04719363349921735,-0.10318149515508487
145,-0.038943493771251544,-0.045797884182450274,-0.10886727088654219
146,-0.03632210978211291,-0.03708596796333679,-0.11160853727005615
147,-0.03313312523229904,-0.022348371137607986,-0.10953383171405004
148,-0.02991088791293195,-0.015425489698566185,-0.1055917024222301
149,-0.027543072389768594,-0.019832271871911333,-0.10277864330027892
150,-0.0268612552566872,-0.025759846972384398,-0.10212787587536876
151,-0.02760304465659348,-0.028835831833703862,-0.10226688441585335
152,-0.030896755474910803,-0.03048250684489502,-0.10111415073109492
153,-0.03393980501492544,-0.031706677350515716,-0.10003399703198515
154,-0.0343085051669131,-0.032450460088838826,-0.10215929567316162
155,-0.032521734201421,-0.03406747870102987,-0.10853639578151808
156,-0.0312118672144564,-0.038903502162618925,-0.11590589554943226
157,-0.0315047036259373,-0.04296584001984939,-0.12083123849004573
158,-0.030355232393684067,-0.04078769621666478,-0.12486744524601134
159,-0.02687087921015187,-0.033231059554654066,-0.1308111210335633
160,-0.021693971229804168,-0.024090441590184072,-0.13847450002888473
161,-0.016928009116239602,-0.019471218156937156,-0.14479694651358643
162,-0.01488664127353848,-0.019012044405270462,-0.1468631483748617
163,-0.012751727890364883,-0.01732275857425758,-0.14382397259034357
164,-0.008169355127577329,-0.014646912956288987,-0.1358989149229164
165,-0.006380925497842393,-0.013957278242479436,-0.12539126207900306
166,-0.010405322507532986,-0.019026861549697953,-0.11580070708749635
167,-0.014761880747865976,-0.027997444484141765,-0.10933368446261268
168,-0.01637753357501333,-0.03319139637582348,-0.10663469104701095
169,-0.016798211002400698,-0.032224198230306506,-0.10582248010637146
170,-0.016599609978007704,-0.027277452184701526,-0.10312738625280293
171,-0.017528248614410186,-0.024463569128881285,-0.09808976438161138
172,-0.019717492289764257,-0.026879589501813905,-0.09249595683468409
173,-0.017413956821731906,-0.028552987771818056,-0.08380915522476268
174,-0.01205688975408293,-0.026828821363710863,-0.07111095567613474
175,-0.013059057376230532,-0.023429270340074235,-0.05812092947796499
176,-0.019932979894577433,-0.02094575477580852,-0.046226461850294956
177,-0.024592808156215847,-0.019593461955303954,-0.03581298813180185
178,-0.023413966579411614,-0.016128580553756322,-0.027291790143998337
179,-0.020337533564547622,-0.011388437121820128,-0.019587984628152172
180,-0.021087886621195456,-0.008440294827145353,-0.012123646978105251
181,-0.02397545902668008,-0.00933069597588243,-0.005311845952897236
182,-0.02569358750783128,-0.012929698464887757,-0.0003515126210745581
183,-0.02619738218557345,-0.0172078711670927,0.0019065180072073626
184,-0.02551012825531908,-0.020984862913804903,0.003461918242696968
185,-0.024799422565464607,-0.021146601036625107,0.00684968967714987
186,-0.024988144464067358,-0.01768138097004483,0.011960003736433772
187,-0.025025395173754406,-0.012327870267784974,0.017437274063260177
188,-0.02441891675212761,-0.006603364320958802,0.02194245004730921
189,-0.022549691387436732,-0.002868912569425869,0.02606182414564157
190,-0.018820229804366498,-0.001304324996267453,0.03127050869578191
191,-0.01585205795184992,-0.0037122271080973768,0.03707528704888149
192,-0.015493242200177712,-0.011491986963117044,0.04287638342699954
193,-0.016009878756518076,-0.020945627613702944,0.0491493284343254
194,-0.013900347365549348,-0.025395916258755535,0.055954473269133415
195,-0.008763539550377227,-0.01993329640328883,0.0626725776901722
196,-0.006552589842399793,-0.009649265285347278,0.06803508651427251
197,-0.007741595368772329,-0.00396986950221187,0.07127877102581653
198,-0.005093792561079371,-0.004584002669467971,0.07275261020338242
199,0.0008084376592719135,-0.00617836109976648,0.07242540398456343
200,0.002473026014307489,-0.006826683826911192,0.07176933833991692
201,-0.0029131555908739823,-0.00947872876855392,0.07165682882525609
202,-0.010887179799960466,-0.010340350610287298,0.0703568218981904
203,-0.013566125477457848,-0.007040834634136767,0.06821445314243882
204,-0.010826301897490846,-0.006786241984069422,0.06701987581806879
205,-0.011827341253065867,-0.012605918831805583,0.06683083107470911
206,-0.014899930169406009,-0.01793820895270809,0.06613827533900482
207,-0.01658749352695027,-0.019238760270638644,0.06425386151171428
208,-0.023763539928707125,-0.019983111586657387,0.06097862916270588
209,-0.032503800798360794,-0.020644079968110157,0.054368629973879534
210,-0.03557899625180193,-0.018106315489862662,0.044992189655139514
211,-0.03334262591956749,-0.011420803233878757,0.03661925198609384
212,-0.02509796872244205,-0.0052753049808865055,0.03074293040798022
213,-0.015427226840437222,-0.0039910825937770275,0.02675943270156761
214,-0.012506008751118472,-0.007240286848229513,0.02485365986120984
215,-0.014574963952628937,-0.012827198729763983,0.024262571122188985
216,-0.015923148052194875,-0.016077272875999624,0.021693727638514546
217,-0.016791426275835887,-0.011178124458743388,0.014593344229395226
218,-0.018912424308318822,-0.0031018019201361213,0.004324019866433167
219,-0.020802618759704867,-0.0017668372962240941,-0.004880791316298691
220,-0.02294899942887797,-0.0061697145302666845,-0.011576533708264704
221,-0.027441085371877075,-0.013665072685739701,-0.017496163929117105
222,-0.03220746911847665,-0.022506377011503265,-0.02470721914888798
223,-0.03695419261329319,-0.02933295280048806,-0.03381738520076208
224,-0.035656702662520884,-0.027311621750122278,-0.04264087344951095
225,-0.019127597377823075,-0.012223010341612855,-0.05017713011597075
226,0.0016913162216365685,0.0035428032942951965,-0.05708426888997631
227,0.008829533734746153,0.006243113297772301,-0.06378116085833618
228,-0.002159082799806228,-0.005468125667923263,-0.06972653679725749
229,-0.020262233382404238,-0.025942518270563972,-0.07326894776228471
230,-0.03258002126377613,-0.042587937756903026,-0.0760768222223954
231,-0.03944847626928066,-0.04539324724394025,-0.08361470925023978
232,-0.040640541545744494,-0.03971286919302207,-0.09607622528353257
233,-0.0375709302742116,-0.03666132534823775,-0.10609218087684633
234,-0.041230201142588574,-0.039370545948121824,-0.11003026679119682
235,-0.054146023445029,-0.046634779596639,-0.11123729871764404
236,-0.06694556043273775,-0.05702750782334051,-0.11365849140785417
237,-0.07130410184385752,-0.06662558433207891,-0.11901004400128223
238,-0.0660157925935746,-0.07020892501957102,-0.12572683836222637
239,-0.057593335951630256,-0.06589623296072314,-0.1325466103214566
240,-0.05525054149495531,-0.065229794424874,-0.13896389745815113
241,-0.059294139307810904,-0.07565533821770046,-0.14281755064862373
242,-0.06402035924126752,-0.08488807253289887,-0.1438168890489523
243,-0.06954812314588338,-0.08720179759666563,-0.14263072898976759
244,-0.07894976351862804,-0.0901503425260009,-0.1405255751826084
245,-0.0899398330650591,-0.09423034347574422,-0.1403379523987196
246,-0.0952139260140098,-0.093128516461021,-0.14144535001184566
247,-0.09176788728773899,-0.08849775558081724,-0.1404521742005556
248,-0.08536805286396412,-0.08493865227191949,-0.1362094919825616
249,-0.07948209504104103,-0.08207333411289658,-0.13024931163746656
250,-0.07257420494472197,-0.0766844966605692,-0.12421479123479584
251,-0.06546215434083896,-0.07030051668796336,-0.11897655035475713
252,-0.06020297963345972,-0.0677430468697234,-0.11588389425930712
253,-0.06018131633808271,-0.06506960851347071,-0.11524983460045846
254,-0.06389323867116367,-0.062176229276022774,-0.11601577723618195
255,-0.06504850782940433,-0.06221447238328903,-0.11725080378316943
0,-0.06398037828519665,-0.06534613118164123,-0.1177650103931348
1,-0.06294125179893584,-0.07218824382760702,-0.1163081341581716
2,-0.06149712011282066,-0.07529592643797961,-0.11361482635438591
3,-0.05992937708422852,-0.0720645019811609,-0.11078975610513103
4,-0.05838296820927011,-0.06740120872013841,-0.10773889970924816
5,-0.05522552091234634,-0.06042619189960802,-0.10583923338590351
6,-0.04740097907770027,-0.04987240895671005,-0.10561170685449345
7,-0.03698067257174559,-0.037636104655253536,-0.1052155755612294
8,-0.03276872423489198,-0.02869286576543348,-0.10346505469171419
9,-0.036936309311163304,-0.026944470589800942,-0.09958834112192028
10,-0.04183333727920277,-0.030386297016532823,-0.09253811556624425
11,-0.042169498056597504,-0.035861389602186614,-0.08187004969312622
12,-0.039346271716076034,-0.0401800255668666,-0.06904047140524028
13,-0.03693410187246564,-0.04233003056921694,-0.057807520270874824
14,-0.03618148163584192,-0.04049919524110314,-0.04961339935142703
15,-0.036350535606579276,-0.03506471539940137,-0.04280284610820119
16,-0.037660704238233894,-0.03153101388988194,-0.037797041570911176
17,-0.03984344312379248,-0.029119024428609613,-0.036467561181654555
18,-0.04127941646094191,-0.027637556731553478,-0.03841908542899211
19,-0.0417129199876588,-0.02882086611624031,-0.04190629526757032
20,-0.04141322733967047,-0.029456722161450635,-0.04610523760576425
21,-0.039882771664311936,-0.02678672639053801,-0.05048235525390343
22,-0.03433797133904158,-0.023763606705589913,-0.055255113725234756
23,-0.023080633922237095,-0.022367402606830823,-0.0611004845639162
24,-0.013907620572237656,-0.02094924751751384,-0.06638414907477391
25,-0.013754329609248314,-0.025757069175289096,-0.0688802062111532
26,-0.01794840359253906,-0.03414669722427477,-0.06910344643655308
27,-0.022127472259589616,-0.03510276462534298,-0.06870013950291018
28,-0.026073035561037843,-0.03088507659030508,-0.0684679655459178
29,-0.02808288776415052,-0.0236701155936275,-0.06922871404321787
30,-0.026277047258908413,-0.018212416448802213,-0.07293565747645125
31,-0.021363301530087878,-0.02023985596742585,-0.08108591817430152
32,-0.017926206612457973,-0.024428570269429694,-0.09189817883459345
33,-0.018355265134081478,-0.02664328071847706,-0.10146276977193691
34,-0.021755501166888264,-0.02582142499198665,-0.10676005821448542
35,-0.028255488102387247,-0.02377515993874968,-0.10754379938581382
36,-0.033505465685835865,-0.024980469898416846,-0.10677393670066815
37,-0.032182751830518844,-0.027796814160142153,-0.10564642756778175
38,-0.027583419808783247,-0.023608387990589133,-0.10147880159479289
39,-0.02345399138137265,-0.013602913898971017,-0.09444448988115045
40,-0.0180444684274702,-0.010687881983764774,-0.0890843100583798
41,-0.012012508977574138,-0.017663386062198593,-0.08871926871033542
42,-0.011075059798110048,-0.02617477086643803,-0.09169099344840637
43,-0.018003382405357704,-0.028436823372741764,-0.09491927787700519
44,-0.026443692089394066,-0.022814074751488066,-0.0983032762954604
45,-0.02916327485624599,-0.015256553498666638,-0.10236321430133202
46,-0.025700661853705883,-0.010628302678908408,-0.10600877095524766
47,-0.019594635724481765,-0.009484101857746383,-0.10752006978116063
48,-0.015506766393433477,-0.013495022172288124,-0.10584079979258182
49,-0.01545806618251705,-0.024806272840331142,-0.10043135979726808
50,-0.021116228392068823,-0.037762281377863596,-0.09310034129905354
51,-0.03132428560286779,-0.03976854133378413,-0.08749504720505874
52,-0.03500204612383251,-0.028471276468993223,-0.0853517015231767
53,-0.027836393041500235,-0.013034741738581913,-0.08546429873039477
54,-0.02294773615333949,-0.0051682444500905644,-0.08530056738471792
55,-0.027749097487069163,-0.008901700200144025,-0.08470876132556074
56,-0.030742944708771675,-0.012416280861598239,-0.08536018150657904
57,-0.02464552754579097,-0.008406212503634103,-0.08757334629945301
58,-0.017752032273947158,-0.007436105740447417,-0.09035490197926799
59,-0.016257657072645933,-0.013534231905417075,-0.09174134646163762
60,-0.01814616069911469,-0.018642692653343007,-0.09041028941344326
61,-0.021262017158858483,-0.020949007579659507,-0.08662739972468719
62,-0.023236723105048762,-0.021028844953301082,-0.08120882600256363
63,-0.02115095928152988,-0.019414944799723208,-0.07565826661439248
64,-0.019012669438446143,-0.020215775328468744,-0.07047933693071579
65,-0.020983611311492754,-0.020822870151784856,-0.06495611392618125
66,-0.020846132413510174,-0.014798100594605929,-0.06001156440440367
67,-0.01616173155453602,-0.007069481494899221,-0.05687342697177353
68,-0.01429153358182774,-0.006066059157022116,-0.05466031810838076
69,-0.016552842743722575,-0.010394753800936976,-0.05256252535744471
70,-0.017236470393824664,-0.015318956334889805,-0.052333572404768325
71,-0.015116311280300866,-0.018448884741113336,-0.05504729147834672
72,-0.012950085783965462,-0.017752979268567087,-0.05836628058324972
73,-0.010294499198036523,-0.013773301440022062,-0.05943898807968738
74,-0.008913705963637025,-0.011520143173019026,-0.05753373350438859
75,-0.013075529338178994,-0.01450764456939646,-0.05441868321038934
76,-0.018746078576070777,-0.019699473787379573,-0.0529315954676029
77,-0.017631366006062785,-0.018863858320033233,-0.053387232868557524
78,-0.012677217742346533,-0.011854087709624567,-0.0536608361526065
79,-0.012977835360148897,-0.009416685536561248,-0.05369881416653946
80,-0.017181237501384478,-0.013131243109095109,-0.053148371271327044
81,-0.01920891952716297,-0.014987132537411046,-0.04915202040528968
82,-0.015110514797340616,-0.007457432121665344,-0.04236187824669968
83,-0.005704993599497235,0.00430358565174957,-0.0383384052600219
84,-0.0015381448031065448,0.0036273895591730776,-0.04065927229576513
85,-0.008952936136189565,-0.009302085234798974,-0.04602805295853928
86,-0.01467265880513766,-0.018528864723842242,-0.048824614486454816
87,-0.007380887931176153,-0.01702497434001879,-0.04696745818194835
88,0.0041112532985548775,-0.009993596527781992,-0.04315497088717507
89,0.009037397338349212,-0.0009809129443187903,-0.040432427487597816
90,0.00771289476784791,0.0094846126091475,-0.03814135344889755
91,0.005736153801341175,0.015338195355176526,-0.036768051045598354
92,0.0022480642829511427,0.011289181208189926,-0.03654432554410028
93,-0.005004262192000109,0.0014044287823714377,-0.034259788457627886
94,-0.011273815275619353,-0.0038792177516838305,-0.030700712862443368
95,-0.009543944244965137,0.00044510356561763484,-0.03085875936617012
96,-0.002585449671084941,0.005746817133560442,-0.035288274179745824
97,-0.0011237406565145214,0.0030797534373695062,-0.03860324052723939
98,-0.003394547998022905,-0.00449787109846644,-0.037029130660030427
99,-0.00473065823009583,-0.007611281624405261,-0.03178609091330359
100,-0.007680693568962407,-0.0037269286116981618,-0.025403563070971663
101,-0.008247547023887063,0.0015292376147866965,-0.021337380284030927
102,-0.0030702975605377478,0.002167145506650453,-0.021012297403944835
103,0.0009014330192558505,-0.003688132848822606,-0.021396741804780794
104,-0.00013818001665186902,-0.009838888891659937,-0.018304009274126953
105,-0.002037189521263482,-0.013225088282657942,-0.009826091636476422
106,-0.0014983433568504304,-0.01441643659857908,0.000986324072605918
107,0.0010648885645702412,-0.00856120187819763,0.008959075296253297
108,0.000966435331605224,0.0005530054870278994,0.013033819914988795
109,-0.004189152784677359,0.002829927041099925,0.014284215394736448
110,-0.01094738838065945,0.001793902574727585,0.011924048773276269
111,-0.01596224492192669,0.00370540589582595,0.00891828576768127
112,-0.01395236638818561,0.006280615302181991,0.01046630707199328
113,-0.00420616232103903,0.008269597980683593,0.015972999603438245
114,0.0024701374519469563,0.009897850685643757,0.021434954672377937
115,0.0005328528443530947,0.00562942871666907,0.025268671105393825
116,-0.005813170908547747,-0.0061007702546004225,0.02824631526927346
117,-0.012645484988594049,-0.011956784868800537,0.0313823176161795
118,-0.0147779943263288,-0.003362230103471836,0.03373326052296952
119,-0.009640524889359386,0.012014481461400467,0.03294125665813448
120,-0.0023433134251770052,0.024753800557149208,0.03043514361520791
121,0.0017918315928464289,0.027776096995836844,0.030019101169396753
122,0.002701927051736476,0.019308884835572096,0.032950210530514445
123,0.0040888569943253045,0.010178234132366237,0.03827342222267016
124,0.008514969968464688,0.01247245122574292,0.044225952245149636
125,0.014982581856412932,0.026144975558619665,0.04995201815387626
126,0.021101086375320398,0.040355383589782315,0.057389836324428706
127,0.022407124296181746,0.04543412629418141,0.06716289039346643
128,0.013386977363812239,0.036870437780079784,0.07287438818223355
129,-0.006088031963160628,0.013853266963938314,0.06990571552372771
130,-0.025371217137718005,-0.009430100036471874,0.06267370085107135
131,-0.03204812340549487,-0.017142604845852533,0.05579078477790406
132,-0.02483562332784406,-0.013696518456233014,0.050052942591317734
133,-0.01699267036841018,-0.012289594562754344,0.046407754028328196
134,-0.022085245029119405,-0.015012513398229801,0.04620376455630326
135,-0.03223716151173761,-0.01606337424083834,0.04800073387085896
136,-0.03448105837977994,-0.018632604944542358,0.046931117239531396
137,-0.034172061552987965,-0.027077177302258393,0.0391325492743578
138,-0.039600550399681494,-0.036948038965275834,0.027017761243961054
139,-0.046851207933617314,-0.04359632267636601,0.016726860629054832
140,-0.04671632323063128,-0.04532713992536733,0.011431551153537098
141,-0.03853944434048156,-0.042516532718445875,0.01162419197197953
142,-0.031155149998975618,-0.038978673064509015,0.01611875884325016
143,-0.03229755194671027,-0.040644086433323776,0.01929372393362702
144,-0.04339276215177146,-0.04913737122760939,0.016216753271874666
145,-0.0521442186680926,-0.055711449524768836,0.009864462255635177
146,-0.04800390109194279,-0.0490253743424654,0.006181304758649305
147,-0.04070558393477078,-0.03447728120315274,0.006985387698855681
148,-0.03716387446283333,-0.02497688285530225,0.011382876170321882
149,-0.0332723763673142,-0.02066135344159596,0.01763386894230693
150,-0.031886919116451015,-0.019584041493996243,0.022853043331492684
151,-0.0328221449343673,-0.02350298200126561,0.026349752490170006
152,-0.02825638719832796,-0.028778335977310193,0.029661351597034313
153,-0.02151494382970512,-0.02993087064002735,0.03254317938715168
154,-0.021282802305490622,-0.026989998410892696,0.033703369177185874
155,-0.02438718602557953,-0.023405343473404408,0.031906137580364494
156,-0.024632987573823643,-0.02249914291602842,0.02768063170006478
157,-0.023568052543264967,-0.02488738581181868,0.02490656251724692
158,-0.023252059696014737,-0.03022043803132815,0.026230378646376937
159,-0.02280385043972423,-0.03454223651627601,0.02946112930571848
160,-0.019204704816310675,-0.030308190419153308,0.030815892261821534
161,-0.01376933404175764,-0.018536528405199572,0.030471000973219246
162,-0.012544787544475494,-0.00867618432166005,0.03245197723349949
163,-0.016291987312984035,-0.004430671643958238,0.039749761374086263
164,-0.018676447815560798,-0.002103763163333758,0.05184568948024448
165,-0.016940432523599544,-0.003215764378089868,0.06603612578521555
166,-0.017345758823260546,-0.012178097735941182,0.07964874657068996
167,-0.022035946773821077,-0.022013662412400617,0.0902358886822861
168,-0.02434105058895246,-0.022665338816047424,0.09553184614887894
169,-0.019311968221985484,-0.014566013361550174,0.09497255156634099
170,-0.011790682367647617,-0.004845684397842474,0.09054756863600344
171,-0.006240008145983744,-0.0033738692802928356,0.0836723928757026
172,-0.000026660079791296365,-0.007719654775500974,0.07227975513170432
173,0.005037775355098889,-0.005120087040277362,0.05456916752337493
174,0.004725323348604385,-0.00007654111857577188,0.03236991635194994
175,0.0016104285165757792,-0.0035177282446551264,0.008229031385487418
176,0.0031401714745335346,-0.009739715565327043,-0.015995761257330834
177,0.008321708723727728,-0.010433328916240596,-0.03549892020876849
178,0.009350253504915779,-0.009107680632742081,-0.045420858232230035
179,0.008658917935483429,-0.00942528359424434,-0.0454207928224126
180,0.009895841602772293,-0.006510446215578426,-0.03697906976404197
181,0.010916246477471553,0.002980015502103056,-0.02460348376041832
182,0.009087376578661766,0.011766320305386463,-0.014509918480281297
183,0.0026667670293455403,0.013531634705015304,-0.007786457866932078
184,-0.0013625469585600014,0.01219087920932125,-0.002439025664629002
185,0.0013603913977800475,0.010174716475343626,0.002935773950977022
186,0.004883762450779608,0.005663285944904423,0.009312333575709528
187,0.004573458281289106,0.001480699502048169,0.015467357735046941
188,0.0004818712150129745,0.001233001927755599,0.02008469428139844
189,0.0000045871957302101585,0.0022215264991233274,0.02527909822113683
190,0.005767461290227385,0.004819564220081118,0.032804813140901834
191,0.008726541946285915,0.010731632563238891,0.04152392416846902
192,0.0049406570066335975,0.013332188297516617,0.048952513997657196
193,0.002069836612636683,0.010689665475520485,0.051781101056418644
194,0.005243302960583479,0.00899047137356225,0.048802967475149533
195,0.007664380718700722,0.0073420811541020925,0.04142854310716648
196,0.006545706648489677,0.004495784791785806,0.032502625944977714
197,0.006084893532632113,0.005067032907709601,0.02619379863176738
198,0.008248525992573807,0.008196025632334278,0.024737790203356758
199,0.012370468949917363,0.010635737007409732,0.027157136870563203
200,0.015239810238031906,0.012157346706611116,0.031652797818876685
201,0.015570529915868277,0.0114246779406421,0.03686465620815618
202,0.01446108596873491,0.007546336105342957,0.041888182606240706
203,0.011970416996856317,0.0037533905067713424,0.04766614996706098
204,0.01010860751592249,0.003747853886456834,0.05593291839482112
205,0.010363520441808098,0.006961310168326976,0.06402710848724946
206,0.00782023619707728,0.0076811566115764784,0.06577507372348956
207,0.002219735804151579,0.005413394170979677,0.06129992654215849
208,-0.0012524133695516193,0.006088503589706938,0.05682825628154775
209,-0.0025883488797164844,0.007379735908246157,0.0525831955007946
210,-0.0035353665669065476,0.0036096668728203135,0.0453838118222909
211,-0.004705877446208928,-0.00260187294463389,0.03650848055142898
212,-0.00648774273037972,-0.004388831062618392,0.02881779543843556
213,-0.0060303867156105695,0.002455300973729216,0.025847595640402954
214,-0.003232267768218597,0.010266388461458387,0.0288532016698463
215,-0.001206640950735749,0.008040993725845616,0.03523934188803035
216,0.00028153067771127804,0.0011746337421950498,0.042573243964975666
217,0.000494827274117593,-0.0016047460225731836,0.048689168930843824
218,0.001238900402021098,0.0008808004037326733,0.05322059256241554
219,0.006124549132903334,0.0052221278048156655,0.05731114236238491
220,0.010852124720788475,0.0057827273948739405,0.05929433263574939
221,0.011005458145338765,0.0053647206635519945,0.05637257945302194
222,0.010025326675321078,0.008215743248775872,0.04936139265609385
223,0.008698804976210492,0.009181221268490844,0.042716892035542645
224,0.005701160723446355,0.005050831693033171,0.037549371139197874
225,0.00574852364492455,0.004166737925069483,0.030408350029206388
226,0.011099008621760664,0.011412006247779688,0.021458791827531687
227,0.01687464865327165,0.018721925932470462,0.013273244684077784
228,0.0207603522607466,0.02092416422395088,0.006041177269966683
229,0.023959744089518398,0.022545030359529393,0.0007183157613820657
230,0.023536180004218622,0.026701316374261715,-0.0019291613055211626
231,0.01814344401734152,0.028442062583586933,-0.004566570271129
232,0.012842132333407044,0.02351831494991153,-0.008903025095084394
233,0.009713150800834843,0.01611109304283688,-0.012825348499852826
234,0.007211743999422766,0.01208910372804603,-0.013289956371653089
235,0.006178624526985324,0.011687879044902233,-0.009892033495015565
236,0.005301353670245548,0.010363195206176151,-0.0052283575319060915
237,0.0023713222980823317,0.007569955861036953,-0.001587196610913541
238,0.0007474015479876361,0.007500635795959221,-0.00015690494918552123
239,0.004164486275523141,0.007355703859605184,-0.0016386745902423477
240,0.009903008921146823,0.006813480325379179,-0.0049734721895008105
241,0.014111406369628501,0.013084939529657669,-0.008446786316686009
242,0.013753410299280566,0.01978371772323223,-0.01077896151599686
243,0.0064268065864541285,0.01741108433626934,-0.010897639920755556
244,-0.0015291170815652302,0.012609360123572139,-0.010284871083654345
245,-0.00167509594709013,0.012022680454223389,-0.010513953244897317
246,0.004662733639918759,0.015175148865688742,-0.010264706071148828
247,0.011620528211610207,0.019934435585534108,-0.009217966363988639
248,0.01576253430985855,0.022048457513031486,-0.00940177343330019
249,0.013688275511962902,0.017168875908023004,-0.011084120977000133
250,0.006472331497957423,0.005015608009599715,-0.011994279682589426
251,0.0026359581119368147,-0.00502693005176133,-0.013318943748230838
252,0.00406483207268879,-0.005112092669539589,-0.016069098996288403
253,0.0069531855210066135,-0.0003635831217904256,-0.015592631349615194
254,0.011887738890655156,0.00430764757854659,-0.010250232017152666
255,0.018521525577322437,0.010634032501061555,-0.003854042517444922
0,0.024742703615943107,0.017287437049936988,0.0004495731582943793
1,0.02633402263531609,0.020097841722550032,0.0015580950176552685
2,0.022838599328315813,0.017861804269857517,0.0003488515028670161
3,0.019098873070732054,0.012859251283168125,-0.0007422291906259565
4,0.013924124184384837,0.009700189465367685,-0.0012859788181083624
5,0.00886022274412138,0.009936187234325912,-0.0026599610961185183
6,0.012531880448590198,0.014697462560309418,-0.004482029616318169
7,0.02422313363916506,0.023776930811342446,-0.003553176670391435
8,0.031642788279080625,0.03016855241629251,0.0025183057900626596
9,0.02967030376763989,0.02914071093532776,0.011323121437595236
10,0.02741205063745006,0.026654046121847297,0.02076961336744227
11,0.0325016409800325,0.03051306129316403,0.02962322080510068
12,0.04221865974724762,0.036665448933870304,0.035251029848922755
13,0.05176472303205909,0.039258486057193426,0.03959950489873698
14,0.055562635712596065,0.03826299448934972,0.04469773507491093
15,0.05029048434372241,0.0381346535690546,0.048114819573760625
16,0.04516129182921513,0.046963644540967756,0.04975422334503732
17,0.04952637421404252,0.06433035904891675,0.051786544032186854
18,0.05894531561643501,0.07834133630799318,0.05528116802443735
19,0.06449495451325951,0.08198228754907882,0.0598404274568867
20,0.06132194259346907,0.07544897226686326,0.0643094224145767
21,0.053389024392094614,0.06101821250960693,0.06899503821567937
22,0.050022144986413886,0.050970401589965075,0.0760938560779239
23,0.049494759481665596,0.05130523581047752,0.08705621566398178
24,0.04989721337581218,0.05438848281185174,0.09849435503820536
25,0.055360396536435263,0.05465986566568022,0.1049365346253826
26,0.058887672792890075,0.05317447812502682,0.10636335059842611
27,0.05404788302348949,0.052543153748077144,0.10552019147781999
28,0.048160548981354676,0.051831196472835635,0.10342017609122794
29,0.04666546641912474,0.05269581510358082,0.10208175722803658
30,0.04747363313728603,0.05606822458990668,0.10278708529256242
31,0.05034259438800684,0.059926291015399036,0.10336037197544604
32,0.052939318598550084,0.062371644693621275,0.10246162384360452
33,0.052670125599965006,0.06179779956522996,0.10182458791999546
34,0.04981210934297159,0.06019647211952339,0.10266606515205312
35,0.04497588689268098,0.056865934487730946,0.10405537832354039
36,0.039801451787285766,0.04984370540211161,0.10586693849411022
37,0.035377287021758505,0.04251366617849832,0.10896461065009239
38,0.03176521996452042,0.04113528930571208,0.11358675827919357
39,0.031042805273506127,0.04726710164713685,0.11940713439558964
40,0.0341592524947764,0.05417021970922499,0.12434268459095255
41,0.03513625447675467,0.052976258638891965,0.12590625055486632
42,0.03409463112782743,0.04520872329946407,0.12483669795669677
43,0.03410668547840648,0.039512892396485616,0.124031691246069
44,0.03085336622854773,0.03536806329281844,0.12280660378128916
45,0.024934086063248997,0.031225573213330263,0.1184693301134897
46,0.023260154389533674,0.029623689223589267,0.11293358998625075
47,0.02613291082328481,0.027813212668677645,0.11016973467041857
48,0.02552099737633847,0.023354983718463188,0.11061718719879932
49,0.020877270452093692,0.018998944319841393,0.11026471735751586
50,0.01904447159146131,0.017808362130716862,0.10653791523772019
51,0.020076497051056727,0.02032604355336097,0.10176428889225175
52,0.021936872825761105,0.024962493029992844,0.09779931374794823
53,0.024827536644367758,0.030004554961250346,0.09386463371131981
54,0.025863730631290355,0.032047828974271,0.08927629722232983
55,0.02695518198149495,0.030275006139613564,0.08574419884354195
56,0.03162771337093395,0.028691347177188416,0.08424835980297274
57,0.03302619883530902,0.028740111997179497,0.08232429690760024
58,0.028655748527171274,0.029386544050035414,0.07881710315972201
59,0.024554629090068864,0.029197113036420672,0.07594384749954333
60,0.024564231307029297,0.028709716289771522,0.07467736803031477
61,0.029746711017377074,0.030259740527372667,0.07305656481060929
62,0.03433320523714356,0.032510906292462116,0.0691181581292192
63,0.033786213192195734,0.03463904582751337,0.06276629596759903
64,0.031985371701060944,0.0371282598077044,0.055012713204643265
65,0.03039275958542645,0.03644066390605538,0.046900651795717535
66,0.0278505308543196,0.03405773704116404,0.03991582048503209
67,0.025239774658551067,0.03374783205021073,0.03499170913459926
68,0.024537099632559026,0.03443069274437139,0.031121090023352393
69,0.02830524370008454,0.03751099470362209,0.027034342355597932
70,0.033857978514550524,0.04153517131231932,0.022993968773899504
71,0.03386307742503472,0.042647763676912614,0.02024297501168452
72,0.02743913851700052,0.04050686746196719,0.019265145940910892
73,0.021393198618858578,0.035978103197447264,0.01887430288790548
74,0.021959316759400715,0.033232655558323665,0.01925718401867875
75,0.0249942255184962,0.03355801227594715,0.021697950961666088
76,0.024282394188226336,0.03115094996537781,0.023721046566291037
77,0.023125116625825767,0.024873893355191124,0.021415960258490352
78,0.023952704588832002,0.018522647758611246,0.015428667971989718
79,0.022439171381324723,0.010440798131476779,0.00828731829543343
80,0.016609741615139246,0.0018920594221401472,0.000953977113464885
81,0.012513349880431521,0.002467667103519207,-0.006170642661628388
82,0.015281583181524446,0.012216581425088038,-0.013270021264892573
83,0.019613244616813373,0.018026579482648207,-0.018435676897227193
84,0.017669487685894672,0.014270595940144376,-0.021227693373216755
85,0.01363628012755759,0.010193621891073569,-0.02427808400932395
86,0.017048415629503197,0.012973604131508151,-0.026634920728732796
87,0.023005368060517256,0.01786420819691718,-0.02606470116351644
88,0.02135701632621899,0.020210005332423907,-0.02262946412068212
89,0.017237371045902776,0.019831029344512693,-0.017422854607184943
90,0.016114596632530703,0.0184943686355154,-0.012578254424698565
91,0.015355072932262542,0.02078027313415598,-0.011664602869921048
92,0.015303014841445462,0.029557435462163134,-0.014395053330141717
93,0.015632696705223388,0.04110093637640373,-0.014834704851919626
94,0.014135009188144664,0.04364461916501189,-0.011460967658344229
95,0.011138074011139747,0.02982942243761401,-0.008324428500487337
96,0.011267554567091657,0.01227963341257493,-0.0077308800175563235
97,0.016810914193716914,0.008811196471253793,-0.011658768864142768
98,0.02066829441184239,0.013581639172595,-0.02184810552462963
99,0.019398141772144648,0.013878722009398603,-0.03639110049997189
100,0.0152123477944211,0.01243022440416957,-0.05012966056341622
101,0.009180040074978427,0.010879473441330917,-0.05808858846068318
102,0.00762574254288402,0.009718041193165404,-0.058978247337783174
103,0.011854941057398594,0.01345607861345903,-0.05508439396599363
104,0.015650547710716105,0.019826240357267037,-0.05074533866520048
105,0.017285038437279472,0.022291860981768982,-0.04786287164059291
106,0.01974922687886179,0.021172912093751772,-0.046419511128734964
107,0.02331096509328487,0.01954188576198765,-0.04634991709379935
108,0.023898283907760026,0.01905103439896501,-0.045532355843968364
109,0.023861064717094815,0.023748835472017553,-0.043490354771509636
110,0.025223682391934024,0.027220416792470177,-0.043614555578520134
111,0.023922767669220482,0.019877735597451193,-0.0485778414261842
112,0.022400556246128064,0.011210054973433373,-0.05724863956964725
113,0.024122253507750976,0.010742157485299306,-0.06740711859301146
114,0.024618516430596676,0.014837046606866099,-0.07698497994772979
115,0.01964502093398597,0.01875696479162879,-0.08553697291741025
116,0.012369456179533476,0.02031984499155437,-0.09397070912016442
117,0.010615959015229708,0.020838499840741168,-0.09967383491122817
118,0.015870971550404425,0.02207882186205573,-0.09788797011523687
119,0.020797052443334775,0.02201426511688527,-0.08750751529242501
120,0.021191110665863676,0.019979106503062543,-0.07294529898165794
121,0.017681224529895255,0.01694071103367159,-0.058999461074143
122,0.013363626894907832,0.011855369268872443,-0.045973643214150844
123,0.012946305011127035,0.00708352182539447,-0.03324589960861947
124,0.015578659337312985,0.00819949721582084,-0.023436813240185317
125,0.019343032988475346,0.01612588890927453,-0.019592636298765342
126,0.02420968556714688,0.021235370745435203,-0.02063020116535825
127,0.02616759999608314,0.017144037487053086,-0.022488394284846395
128,0.02164169748832362,0.013603596786073355,-0.022992712144133284
129,0.014277381797184636,0.016029396423418253,-0.023409239167388123
130,0.010113227417126627,0.018718226048983294,-0.026680360718255344
131,0.009749816193309238,0.019716031045444428,-0.032685749369275485
132,0.009922141510463847,0.019320824306707625,-0.03741581147382392
133,0.008765239122719877,0.015952158691153788,-0.03771763597311317
134,0.005647967691976903,0.011505619326725863,-0.03213692870386434
135,0.002545113309398897,0.00797463158432106,-0.021800004003946757
136,0.0031906470007725188,0.005265971815814577,-0.010362912640370439
137,0.006134721394924096,0.006329146581566882,-0.0008428846974214629
138,0.006677890093601785,0.008187819415061531,0.005997825860239822
139,0.0034613793715886076,0.0014050928733470493,0.011324568840299455
140,-0.0013761098130848498,-0.010385906930922112,0.01536252206385589
141,-0.004070991482377148,-0.012911861216342734,0.01696646282138793
142,0.0007195178885199133,-0.0035226750940516374,0.016106986726065663
143,0.010765835987018794,0.0084837590370486,0.01344778524853539
144,0.016631430271375806,0.013958998360017086,0.009823662578139429
145,0.016429843760371085,0.013420821147918705,0.008118499696334325
146,0.011337798342961482,0.010502128749003484,0.011546085990948012
147,0.001543765236135343,0.002030001853796065,0.018886586216099063
148,-0.006542373384213936,-0.007337683542161549,0.02695569321602124
149,-0.00822718114355804,-0.006111268922350782,0.03394204256898185
150,-0.00662413792859759,0.005358693368710074,0.03761636614700952
151,-0.004142390999573739,0.017773315552421697,0.037648218191395064
152,-0.0018449627057382303,0.023903265241617164,0.035994655993178665
153,-0.0025179356695391175,0.017982159299258643,0.03472087114013686
154,-0.0054605064581208645,0.005539989667729409,0.03523736404245442
155,-0.005664076979502164,0.001475206893449106,0.036137027847462616
156,0.00041274752742114645,0.005852071892580676,0.03669291157703877
157,0.008570568380171534,0.006376838740729751,0.037159082911916504
158,0.009016139887177511,-0.0016036155853099837,0.03544622298705924
159,0.004608406107153573,-0.0075431114090260265,0.0322312281396256
160,0.005061306790720255,-0.003081494628230333,0.03074334834954652
161,0.008032065362905863,0.0010505500610938079,0.030765747255277684
162,0.01103879425758892,-0.002729445647611295,0.030276083556851435
163,0.013859959390239839,-0.0016213713332292046,0.029157288357003236
164,0.012244573197814218,0.006757242101280633,0.02908969921854429
165,0.008077546894909277,0.009899990705407535,0.03139239547872162
166,0.00821832150118696,0.010515317053109402,0.0339894758660473
167,0.011186961390954556,0.013469410862384235,0.03350560387425784
168,0.012482455192022013,0.01501040045074159,0.031943632227318594
169,0.014953447022514,0.015334581126183522,0.0320511626594812
170,0.02018213639171751,0.0157952191788944,0.03237869945388924
171,0.025267336485694084,0.016695137228457557,0.032671746934786416
172,0.028046789901435228,0.015413910286462051,0.03415759380791
173,0.02528401401485135,0.0093860663413885,0.03740486768331025
174,0.016311614267918075,0.001668207913221642,0.0415177191133812
175,0.007169616076641513,-0.0013688959720333516,0.04489670943836445
176,0.005270973522523745,0.00319679806526188,0.04792388338983114
177,0.009830133980756495,0.01083661973501844,0.0509180149592085
178,0.013311024005280246,0.016216519794746073,0.051628952416231805
179,0.01511934066219029,0.016529233745121767,0.049260703514392906
180,0.018112950679295282,0.01265743382461132,0.046510030225793086
181,0.02004348288678579,0.006852770183652969,0.045526607036397326
182,0.017050130447195253,0.002575263427009762,0.04605492789652624
183,0.011443511655797958,0.005936185694424181,0.04663330147596775
184,0.01200372114026172,0.015277615014974474,0.0460620453482965
185,0.017245822049052,0.019609338172433814,0.04494274556248706
186,0.016940572504235453,0.01669323465613247,0.04420937608432331
187,0.01205074340433801,0.015399853318183457,0.04363181202673895
188,0.008301435259820591,0.013358380900978198,0.042548522035646776
189,0.006794386795709564,0.004544113416201839,0.04027764097607939
190,0.0066089451410689705,-0.002770096435919689,0.03738552365167705
191,0.005730493594742467,-0.0011908456142688262,0.03424859202514788
192,0.003287297935840334,0.004640677554350742,0.030065197681162337
193,-0.00148517078272323,0.0063558952200632735,0.024951782705188302
194,-0.003934750151726921,0.0015669985888926014,0.020784240438565707
195,-0.0019325184766567673,-0.0042523034333957,0.01923282059070626
196,-0.0014083621184869154,-0.0037794622986749987,0.018810842497024374
197,-0.0035914953417241326,-0.0004524552866142645,0.016533779927984715
198,-0.0062759452360399235,0.000019615400263808813,0.012077740267004783
199,-0.006250003571993569,0.00031460597399411705,0.008122479085183557
200,-0.0043934628738008935,-0.0032588887482061443,0.007008283211831126
201,-0.006096162526513727,-0.012298031218028915,0.008441587003405429
202,-0.010578812287262755,-0.015989502061379973,0.010261783236941949
203,-0.012597062293193455,-0.009891794618232322,0.01054970239910237
204,-0.009943534007568412,-0.0023869938425234716,0.008866243845566515
205,-0.00285278947228124,0.002944242981027509,0.006404412620034466
206,0.0054154621792899225,0.007322710319448936,0.006706700929602197
207,0.008936898356839203,0.009898024950990195,0.013213510067016876
208,0.007365171721205266,0.012919212011966053,0.023991112154415163
209,0.0038954341645038235,0.015852436816148507,0.03404159619952914
210,0.001567136341643266,0.014577655221682112,0.04169097561004684
211,0.0014073535002324875,0.010597983970499658,0.046643004220021905
212,0.0024037503616368278,0.009284244401682733,0.04740644145475831
213,0.005729658306446429,0.011805466751215937,0.04460711240786508
214,0.010437094242359925,0.016213137141345535,0.04081926097997304
215,0.012734499763695756,0.01967136395783428,0.03850678681663999
216,0.00931304619062042,0.01622864822658049,0.0392441514310593
217,-0.0013591643010708448,0.003621244627439117,0.041782847762261745
218,-0.014692056577789277,-0.006612463881133596,0.044208812682531316
219,-0.0198555092998315,-0.002675297138691246,0.047874748113856315
220,-0.011954022427533698,0.010957465436670241,0.05624741403592566
221,-0.0012261967618124384,0.01950899175986065,0.07080381395297122
222,0.0010992565092876744,0.012906925173666817,0.08801846977173983
223,-0.005350758226508184,-0.0023912384750048865,0.10173134753775975
224,-0.01612923872330352,-0.010283135167559188,0.10920563706943565
225,-0.028433312835509802,-0.011213919333136313,0.11055979623822126
226,-0.03543906954724721,-0.012830373798981831,0.10600696675314503
227,-0.026468688302327677,-0.009642911532499632,0.09858685744493423
228,-0.009587999580774324,-0.004960759821003878,0.09226833300233908
229,-0.004367293940103885,-0.008587190380487282,0.0889201349279273
230,-0.014638142206548937,-0.01945741551785367,0.08860868954571563
231,-0.02686607124550401,-0.029219928560901807,0.08758879196981806
232,-0.027338509193852376,-0.029876516500633526,0.08202224965783517
233,-0.01870463035691619,-0.02596258988902944,0.07224368340088552
234,-0.012164586441649916,-0.024602475535598606,0.060543014225713676
235,-0.012296987430733763,-0.022811078947361285,0.04898943065615674
236,-0.014297262712597139,-0.019238495284999296,0.03844822438347548
237,-0.014866402296313183,-0.016191036888191526,0.030553352427275915
238,-0.015574358594067278,-0.014048348356818001,0.02486044614921428
239,-0.014427811745239584,-0.014501588742263927,0.018607698035052758
240,-0.010645091282856664,-0.016808715496440314,0.012595309335048599
241,-0.006857601205917302,-0.015213581619412067,0.009445964231813223
242,-0.0046240023704124875,-0.01376707514570713,0.010056986177257816
243,-0.005218120797587988,-0.019957573082349522,0.013121110282985807
244,-0.008618566014358384,-0.025631629072611878,0.018040147138788168
245,-0.012624799036272165,-0.023639271097463888,0.022606011387106578
246,-0.012350595796785237,-0.017472136239496325,0.02379607558652827
247,-0.00763412459695155,-0.012250171491883538,0.02347912929777149
248,-0.004880257625273592,-0.011604853120522528,0.024387133055854014
249,-0.005505162943995827,-0.012973881491210093,0.02707375955750891
250,-0.007192043781837888,-0.013125395506691041,0.030279272655464005
251,-0.00918251146521036,-0.012990163446430017,0.03252165202069767
252,-0.01006561824430953,-0.01369087479848341,0.03465541457103413
253,-0.008781589287844341,-0.015315553178063976,0.03704807793021414
254,-0.0068958998754925045,-0.017016442945363655,0.037747773143596564
255,-0.005599254954700648,-0.019633672049391843,0.0368776983404695
0,-0.005899864311882734,-0.02374361761974919,0.034996192503067264
1,-0.00755388747288401,-0.024484605288014674,0.03117532372533216