Counter,Channel1,Channel2,Channel3
224,0.013384529233274975,0.0007572304910069827,0.1520499266164826
225,0.018907921345278147,0.007934921559724556,0.15311033249525274
226,0.021988962931588345,0.01793892433003183,0.1548021800664271
227,0.023124231596266254,0.0191995134075508,0.15727913779657804
228,0.022597806700163217,0.011499124330127897,0.16001943266236524
229,0.01968996295560091,0.009371212917262284,0.16266107406218727
230,0.018374629088255753,0.018233073222971463,0.16497822212208413
231,0.02132821631468687,0.02845308119629969,0.1665483040671863
232,0.025591057009472243,0.0284018372896665,0.16710280383944537
233,0.02707257418318313,0.018984696219637304,0.16631495465815654
234,0.02381606707191485,0.011134996317548274,0.1639704369893893
235,0.01851938713732621,0.010187549360913262,0.16043576476140264
236,0.01579652195878928,0.013122879613378019,0.1562856290902228
237,0.015164565983155194,0.010716316039514728,0.15194329697375275
238,0.015218265021394839,-0.0014743794108694475,0.14772854951940967
239,0.016037292772837802,-0.00915082502325372,0.14400627582615622
240,0.017463677264242777,0.0004419906599342216,0.1411710094016142
241,0.018651202245882542,0.014778917816578058,0.13911823753606528
242,0.01782401138324584,0.016430201288038876,0.13738771589329085
243,0.015658085512729028,0.005792425569381643,0.13595159838021298
244,0.013973633466485846,-0.0038369116148734006,0.13483537552208574
245,0.012570604683291776,-0.0028535954709597577,0.13376486239822083
246,0.010069702077669603,0.0037874786469900695,0.13285821311823842
247,0.007009358262630484,0.003029838929662132,0.1324835072797576
248,0.005703725231219547,-0.007863296292919486,0.1324891494873065
249,0.006354712888822462,-0.01433995272957335,0.1329092486672665
250,0.006159830006112817,-0.006818005508227837,0.13367699482779144
251,0.004601945254689391,0.004133347524908182,0.1336910277543687
252,0.0026273795087640717,0.0044267730020532275,0.13193886171590669
253,0.0006467264943679288,-0.004122394836375692,0.12834224874396183
254,0.0011033437551942991,-0.009959584469243346,0.12386434937106594
255,0.0023898726084636626,-0.008505987931529874,0.11987756026957164
0,-0.00085674458842128,-0.0039065008580560084,0.11698356980860758
1,-0.008064234164441452,-0.004138137797244243,0.11484856862223508
2,-0.011135751278995217,-0.011031392467984125,0.11299406454014316
3,-0.007306016712770086,-0.014402869461909634,0.11143923094174979
4,-0.0025902202198354804,-0.0068909314583730785,0.11023626912429274
5,0.0005002452899370083,0.003129696085359776,0.10923370249793829
6,0.0026508167255762,0.004727185477355969,0.10862135604306328
7,0.0032460339638217574,0.000495327859337924,0.10837424579041294
8,0.0028373948494351854,0.0018987434139366155,0.10759632173210781
9,0.003966172293198164,0.013042898638093325,0.1057574304661536
10,0.006709421230471031,0.02278974961244,0.1030995858340632
11,0.009609745157760544,0.018429137802065176,0.0995881951586064
12,0.013552365137461497,0.005557611309160437,0.09505942379520185
13,0.018462504563841683,0.0006138644526748824,0.09006732178900642
14,0.020257249133336368,0.008826383732258025,0.08581823554974843
15,0.016634679971589333,0.019051392448588868,0.08271473531247367
16,0.011504978106126287,0.016486533799399045,0.0800924496079812
17,0.010459226013921033,0.0045769100451679146,0.07728692004765572
18,0.014264997749399738,-0.0003953088596406473,0.07375400157114628
19,0.017557694379453613,0.007948777648590213,0.06981494504687782
20,0.01813805012385828,0.02121360680760212,0.06634984886839546
21,0.018772486362213923,0.023983314163164973,0.06287341350184295
22,0.019950150534301665,0.011893172662443982,0.05802139040361923
23,0.01883642964087781,0.0006382774764006963,0.05196259095663347
24,0.015381671964457673,0.004183520960614202,0.04604800774035869
25,0.012956600998288034,0.012139396354044055,0.04058569972721743
26,0.013254391230612061,0.009666949664229235,0.034905554301949096
27,0.014424671094714327,0.0016535091094450616,0.028405707412784212
28,0.016116570980061487,-0.00023716031654666403,0.02120623883144758
29,0.019003816206901926,0.006258972122647352,0.014005769924857386
30,0.019369125235464073,0.015648347402867274,0.007866507950751313
31,0.016511007767768753,0.018545970391142738,0.00395466951840516
32,0.014562687824356838,0.009538891687579945,0.0023463605537775885
33,0.014942691970201212,0.0004605868566434773,0.0017205452823502339
34,0.014995798353189815,0.004940196124916585,0.0008458403884145684
35,0.014044498107942088,0.015121435174662273,-0.000694042027981151
36,0.014179465305326787,0.013802315313892338,-0.0029510399978814866
37,0.01627472465533688,0.0022788286324069568,-0.005370826249657014
38,0.018120116410434074,-0.0019259200451865188,-0.007443685458511182
39,0.0173815275402061,0.0053667689510159405,-0.009624503867490053
40,0.01583339319211377,0.013544959577540427,-0.012631307409069311
41,0.014581416208898225,0.012028567282334368,-0.017354962209387696
42,0.012566239514936003,0.0009296026691297948,-0.024052822941258004
43,0.01135547512943548,-0.004605687918074364,-0.03077979771225202
44,0.012429507640125598,0.0039567504389407815,-0.03532729671051138
45,0.013577227395214511,0.013705181160288668,-0.03736859010453103
46,0.012420494135556182,0.011620457220236899,-0.03768479833387739
47,0.009956406487641938,0.0033330799398085253,-0.037336504870269446
48,0.009722609503886401,0.0003976332844341998,-0.037663585474475694
49,0.01053954094949019,0.007247561790625717,-0.038005065376810324
50,0.008702033062904208,0.01661967171455024,-0.035819294434192114
51,0.007202726286162853,0.015925622608727638,-0.031815457581849865
52,0.006899649113592539,0.006818652740370315,-0.028554116717696088
53,0.004859155568631118,0.00208484300195981,-0.026298323621625486
54,0.003512069059680503,0.007491870591750105,-0.024728236156862732
55,0.0039035222336787703,0.015952369267188474,-0.024231247878898063
56,0.004651222419335719,0.01573900973773297,-0.02503052930668924
57,0.006245974303226105,0.005321903637345346,-0.02678596384309353
58,0.007088214502251052,-0.004058561005201702,-0.029200840461457808
59,0.005724205153403883,-0.001701506737642619,-0.03242609304258615
60,0.00441800774993718,0.008485547867507826,-0.03663541886887886
61,0.0024788719020142104,0.012328472681882974,-0.04136424286208748
62,0.000770908233309199,0.006271346240835238,-0.04582953982480098
63,0.0033371235096213633,0.0015581061609206415,-0.04970547732122027
64,0.007619304280291644,0.006401168457778286,-0.052523508426070314
65,0.010972160006172984,0.013254122566508542,-0.05416368259142185
66,0.011615980150537981,0.009498844381447297,-0.05529726601102056
67,0.007556001554233383,-0.0016703337029212728,-0.05650193617798058
68,0.0028400516878863175,-0.005137674295252609,-0.058269166804086614
69,0.0006884400976605934,0.005103501046561598,-0.06037184070068369
70,-0.0010107464113711662,0.017074176245645417,-0.06213219812684731
71,-0.0030300734440191456,0.014289733922423498,-0.06424540582779542
72,-0.001944891908136532,-0.0006733862547491642,-0.0679842599589015
73,0.004521892488670451,-0.008065298425023279,-0.07337902415052788
74,0.012625037313936955,0.0027996885320988735,-0.0798927896272204
75,0.016301834724598858,0.018462807237252854,-0.08742126151190949
76,0.01288354646873327,0.019547901840124615,-0.09480237921258317
77,0.007595838886520174,0.00722001755849036,-0.10050986335408046
78,0.00432728209641732,-0.0028771646032886566,-0.10494067587556449
79,0.001008308614194639,-0.000338120940015077,-0.10829700323137098
80,0.0009180591724354675,0.0078659651909131,-0.1098924085606855
81,0.004830477668121551,0.0064942445257565595,-0.11012885553750057
82,0.007433003637877647,-0.0019222363043330526,-0.10992311311307446
83,0.0069328383482094025,-0.0018349805470040531,-0.10961330672725533
84,0.003777062457442054,0.008600080575206531,-0.10908626261397486
85,0.0001860579597970785,0.015153747532606551,-0.108428469421534
86,-0.0005013159495507596,0.010229678027800435,-0.10787466029504655
87,0.0010614867179056034,0.0026178486261780876,-0.10752712406468001
88,0.0009936691233106004,0.0005032066565674731,-0.10795306772691765
89,-0.0004964090897699586,0.0032067637435912177,-0.10918076215218198
90,0.0010170019354309723,0.008192999771750337,-0.11025086636817039
91,0.006469037346904093,0.008342784806048817,-0.11179730072476446
92,0.0106712243316112,0.0008525463617389262,-0.11491141909606067
93,0.00890460881562867,-0.001214589234141708,-0.11792644114403933
94,0.003471657811497289,0.007590761459278547,-0.11934344010289732
95,-0.00030674043577307714,0.015436037139263684,-0.12048548487069766
96,-0.0015601697761032061,0.013574195741154815,-0.12254836671285141
97,0.00018160425309855094,0.006045805254750153,-0.12471317844093927
98,0.006920435696146837,0.005341727520827955,-0.12618796614141353
99,0.014541596000137408,0.01570623887624642,-0.12720827660229794
100,0.018020100860813255,0.025917199826651083,-0.12811891713056006
101,0.017158424751676792,0.025153719886556056,-0.12947952293561032
102,0.011626885447338333,0.015662311639189325,-0.13133637138687831
103,0.004104255433503377,0.009094492811037143,-0.13238170561808027
104,0.0006112305573249752,0.01293435672632097,-0.13169167269448384
105,0.001137734772260493,0.018047475814204184,-0.13039613974849734
106,0.0029416236408456725,0.011174931150469886,-0.12985010544163827
107,0.005868165718469931,0.00017850652397255473,-0.12983213149824124
108,0.007984985104742888,0.00022852843861013994,-0.13005292036984523
109,0.007424816333545917,0.01094728916146781,-0.1303626996237962
110,0.006013122665181621,0.021822820837347587,-0.13008166872717297
111,0.004785427096188975,0.02220036975185788,-0.129620144069517
112,0.004331436487744478,0.011317125363181385,-0.1301310836372198
113,0.005165697490068011,0.0010545203780574636,-0.13112386717514324
114,0.0033810482386922927,0.0012363969244189449,-0.1316571276614149
115,-0.00022485048512539685,0.006596111735058002,-0.13269977453613202
116,-0.0009993781158464873,0.004577535655408582,-0.13511505148599912
117,-0.0005004581750737563,-0.004432063549947601,-0.13800804094231284
118,-0.0009860585898264322,-0.005479816502929252,-0.14076520272149562
119,-0.0027098022827413,0.004713986661219263,-0.14320799348804997
120,-0.004379545828919355,0.012987889666138841,-0.14497909226046918
121,-0.005378318411389547,0.008662049413318773,-0.14690250318554704
122,-0.007272581515734962,-0.0035310908040858124,-0.1492206878576417
123,-0.008748021120583836,-0.007458242447356961,-0.1499170666277661
124,-0.00789666468409489,0.002056270037941524,-0.14770013607923704
125,-0.006449515627456298,0.011086283840435446,-0.14384379657625507
126,-0.006966366862665337,0.005633790278384482,-0.13983909721307192
127,-0.009045655705468301,-0.007611416645800784,-0.13499714838094207
128,-0.009352737928803707,-0.01197374298467116,-0.1275879864054308
129,-0.00713602526680996,-0.0029667776006397917,-0.11686796272081501
130,-0.005046142873714327,0.009939144032222347,-0.10390474269299743
131,-0.00342678306166197,0.014254326700289116,-0.09070817614930282
132,-0.001614625973933241,0.008299201910396597,-0.07893401943974454
133,0.000013539090957040423,0.004071626978492532,-0.06990753372780087
134,0.0018639925970566351,0.009454459299994944,-0.06450980391218539
135,0.0034327977858748596,0.01619960757744407,-0.06447187141500213
136,0.0046663566156002825,0.013410306195066002,-0.07324072979720744
137,0.0067732811382403245,0.0039870801414283175,-0.09493960150187025
138,0.009855872648597873,-0.000925769897375861,-0.13180420209316318
139,0.014472798565374574,0.0030814408896232826,-0.18078134654151373
140,0.018280422603701878,0.009309049008486642,-0.2354034001284696
141,0.01846763041058475,0.007200352062461501,-0.29013673953068575
142,0.017889867247713354,-0.0024028127661088194,-0.34144646953869984
143,0.019113568049612548,-0.0054155258109878646,-0.386292578624847
144,0.020245159875315777,0.0029857171049154085,-0.4217019730754159
145,0.018390009003260932,0.009282608593443542,-0.445579514843508
146,0.014578067617014301,0.0025453511223891834,-0.45580226492313725
147,0.009872160755201226,-0.009595945264912253,-0.45057238872712735
148,0.005364491707102258,-0.011135489701330992,-0.43054503121806387
149,0.0021854925719369186,-0.0003143365478260052,-0.3989379894429419
150,-0.0016985366809982097,0.007670281712419208,-0.36030343565820355
151,-0.0058611398697754405,0.0008720966094359073,-0.3196349057329916
152,-0.005794273417401366,-0.011757429985313261,-0.2812083484955198
153,-0.0005646479153661142,-0.013322526141766974,-0.2476199151430818
154,0.004983494300582068,-0.001360042486836549,-0.21984070861014782
155,0.007640489354546219,0.012088906539464483,-0.19766173260921815
156,0.007313846983542302,0.013657370979714617,-0.17976383270820812
157,0.005776446277418759,0.005553829765391399,-0.16472256505914962
158,0.004697254929826887,0.0037801023025877956,-0.15215811842716193
159,0.0051162334584987194,0.013841598706706898,-0.14175558025893326
160,0.00625726252569719,0.02221564944568831,-0.13318221004701608
161,0.0071382216551474295,0.01627596332200787,-0.12737464805603854
162,0.00797561349884579,0.0024091155698973687,-0.12470709119764639
163,0.008592415306418117,-0.00009942672250981555,-0.12351762886947043
164,0.009861842782018133,0.011519695346617315,-0.1226026645097899
165,0.009641686830039853,0.019528453649189703,-0.12234870646043539
166,0.005528255815884932,0.014568072080875044,-0.1228682841026511
167,0.0015252904016928165,0.004299165884108919,-0.1231039776956015
168,0.0020088141742092905,0.001234782960911729,-0.12187812707593809
169,0.006776621000586677,0.009366116655831314,-0.11882354530778355
170,0.010770138944766763,0.01858932779623171,-0.11447783600493194
171,0.008313997809748903,0.014989377022489175,-0.11000721101410904
172,0.00018842504033801666,0.002055109081633505,-0.10616426023092557
173,-0.007700125739845107,-0.0021383660278091743,-0.10228219650731896
174,-0.008335714621271709,0.006763554696394419,-0.09743583722100516
175,-0.0022507760748575988,0.0157037057823535,-0.092649443502584
176,0.003701416028582736,0.013803933489752562,-0.089880018825994
177,0.0058614666113685696,0.006617828887284183,-0.08904719500279348
178,0.006452348147968812,0.007548683176913068,-0.08873500133242268
179,0.009649668369990233,0.01819487963111363,-0.08822265358316991
180,0.013170890147021937,0.02594074268674665,-0.08768587541853065
181,0.014958181332032793,0.021253244200632015,-0.08765735866749913
182,0.014931163994434338,0.011617898470834193,-0.08766437150979034
183,0.009267583831667016,0.009656953272308921,-0.08672514121046657
184,0.0018625786719620313,0.01799535352790743,-0.08534897492060473
185,0.0009940230999497118,0.024974021279179665,-0.08489493917605268
186,0.0047417462558556125,0.018827552235353068,-0.08548824257900131
187,0.008149276932515381,0.008064095409946653,-0.08642813144683772
188,0.010311162919326301,0.00787267636321333,-0.0872945772745164
189,0.011473143212783976,0.018303514608143667,-0.08730074034884322
190,0.011657520096144978,0.02706356053970943,-0.08591654029955031
191,0.012472516507112612,0.02392697607650332,-0.0839872953015054
192,0.01670908225309941,0.014881375801257257,-0.08262602764140872
193,0.02252397956655898,0.013375709930725982,-0.08203454329983473
194,0.025487930711389287,0.020698667466292786,-0.08173192803562085
195,0.023987507630724603,0.027680304195640132,-0.0813989795044576
196,0.018526695597267773,0.025482642241139275,-0.08123629102659635
197,0.012937641839835014,0.018099625839542777,-0.08162250510651015
198,0.012986784282591663,0.018182667901809307,-0.08253606146298242
199,0.018112728372412124,0.02921407607148699,-0.08304661519572537
200,0.02155457262843887,0.04116217258402616,-0.08268455117115936
201,0.02048116129374845,0.040953263664981615,-0.08249976551961644
202,0.019208807303808313,0.031149454142419458,-0.08330956286183056
203,0.022577778560833303,0.027377580965776582,-0.08452835229504932
204,0.028873094861823073,0.03609233250110794,-0.08504661481116427
205,0.031784493978604694,0.04504252635267758,-0.08434886449492918
206,0.028544622355815286,0.04078068091127979,-0.08269292837307968
207,0.025127302937995116,0.02873220163511067,-0.08035374443637364
208,0.02765707409696573,0.02147826087513119,-0.07736549223664707
209,0.03205267428815771,0.02417565153561682,-0.07375354559171693
210,0.03266121358018833,0.03281363630754057,-0.06957637550311285
211,0.03155557265250539,0.035310588931281583,-0.06552486732501345
212,0.03381232380710806,0.030240777424997048,-0.062457005844066216
213,0.03858060717335522,0.029535682894922144,-0.06012978644167835
214,0.039903579783332005,0.035251049667886225,-0.057918392660903734
215,0.03550178035237897,0.03920258409075139,-0.05585855897626771
216,0.028648406374048557,0.0360975156642408,-0.05441273084610537
217,0.023943275718036672,0.02848810620140832,-0.05430673539727329
218,0.024916183889014787,0.026772909101333092,-0.05558554706988253
219,0.029566204313177538,0.03580758076026941,-0.05694871680074287
220,0.03124786472736267,0.043907746589858285,-0.05739181143174851
221,0.029710411037368503,0.04066092222380879,-0.05761995512606502
222,0.029230342219641686,0.03079359374258782,-0.05847289499196545
223,0.03130016180103734,0.027408310629711802,-0.059147240482833874
224,0.03606372978415412,0.03855603634840832,-0.05852640078244578
225,0.04164721655138148,0.051420502941224744,-0.05677681024722167
226,0.044729229721116204,0.048173887637673385,-0.05454858214570582
227,0.044642114671731736,0.0336570696567311,-0.0519899542497424
228,0.042484255860202685,0.02738489724836779,-0.04934455712051561
229,0.038263881400577016,0.035648880827475915,-0.04695665894715226
230,0.03336490154644019,0.042346851560827,-0.044631014095404015
231,0.030514068897581067,0.03492183260309109,-0.042317517191049175
232,0.03178162159856805,0.024521516772007798,-0.04050920832933566
233,0.035730534191427514,0.026267424597159333,-0.03905888055919514
234,0.03856889990858048,0.03960119428445791,-0.037128925809145716
235,0.04032924611900063,0.050671338009855155,-0.03468196726146772
236,0.0432414429190969,0.048086778375946715,-0.03251249955440272
237,0.04593482862566309,0.03805047808024503,-0.03131478161907
238,0.045744904185007096,0.03421254433220164,-0.03137760528308192
239,0.04416995728602219,0.039996462799355224,-0.03181953163108382
240,0.042577317067930914,0.04701950589711337,-0.031568350085507776
241,0.04134421559397537,0.04505936761433947,-0.031016618346877314
242,0.04270891084856748,0.03494770843456928,-0.030386244281908573
243,0.04402957952914098,0.029981887109791258,-0.02917817667474172
244,0.04146720354601466,0.03807504270234893,-0.027249202696235528
245,0.040866680632256236,0.04819229374278222,-0.02464923414735365
246,0.04536391569890552,0.04835984673142851,-0.021388316169730075
247,0.04917216916090941,0.04360074189885471,-0.01752146211438757
248,0.05094765846560251,0.04351925815623223,-0.01370322011009778
249,0.050432775577189976,0.05138954337499686,-0.010768893856959998
250,0.04566363922625233,0.05848837983184896,-0.0088307550115511
251,0.03929047610968979,0.051512210136369155,-0.008206408601698072
252,0.035910656545478564,0.03613797087037279,-0.009179189853973965
253,0.036549459965457984,0.030274698365272412,-0.010641808646033334
254,0.03961844810599838,0.03759095145519056,-0.011308049034726358
255,0.04283212490729717,0.04358368725155845,-0.011713942894827974
0,0.04371681501718144,0.03588079051148621,-0.012814667731741877
1,0.042673096059558394,0.020714063380405878,-0.013914652854136345
2,0.039580265994507785,0.015242716896993164,-0.014088709748689823
3,0.03523476303964626,0.024161209241907122,-0.013031172981136319
4,0.030693754350375968,0.03260748840486795,-0.011170098330640504
5,0.02427729470090459,0.025748473266706984,-0.009746524648988293
6,0.01747310036193768,0.00995900187380512,-0.009161073530921528
7,0.01409520475320981,0.005451966339538372,-0.008776202958109476
8,0.01668532758977532,0.017183979627799037,-0.008144553114208662
9,0.02293132162735185,0.029036042395622408,-0.007677484156827636
10,0.027657220359974373,0.027130989286299534,-0.008576205160396241
11,0.03052533400481083,0.018701326707181165,-0.011549622509436036
12,0.03214356560079365,0.016794957367448377,-0.016153229274920262
13,0.030009600115130097,0.021291446451041238,-0.021022240669950634
14,0.02527570364248158,0.0240928094235959,-0.024833860253263423
15,0.021732527489035897,0.01756087758277647,-0.02768161886120049
16,0.01763828852653604,0.005077648659252511,-0.030260412198266876
17,0.011916480030762955,0.0004142792804312512,-0.032655659823348226
18,0.008484954801268887,0.009285947314742658,-0.034762908766954634
19,0.007412780097173791,0.018955091982133687,-0.03655229033527141
20,0.007066347126568354,0.014034272075492266,-0.038194526918272326
21,0.006527271529393072,0.0009508734904706967,-0.04030388740790686
22,0.005387784121628589,-0.0039135405082047076,-0.04316137002021962
23,0.006304363462157771,0.0005471628065885081,-0.04624482826057007
24,0.009254004665771046,0.004372360365617806,-0.049042856743141905
25,0.011036261901887445,-0.001282325287479874,-0.05202482948979044
26,0.0102007180068098,-0.011908841256934269,-0.05569098443166329
27,0.008748934020673227,-0.011353604786588409,-0.05962028560291649
28,0.010254436161343,0.0021539039604962784,-0.0638772927191116
29,0.012211503834407361,0.010793086951070244,-0.06895427805685728
30,0.010378946197693487,0.00642493494242756,-0.074599518254924
31,0.008466813934173228,-0.0004497679243239683,-0.08011024615053378
32,0.010387814273654053,-0.00004867043061097809,-0.08522841885434607
33,0.013034641805585508,0.007962351027667201,-0.08979176737278124
34,0.012883800967832704,0.016113077961919638,-0.09298999657896423
35,0.011541057673659788,0.015279199774887307,-0.09495149870307074
36,0.010192706229210952,0.006055973160740635,-0.09635303033253634
37,0.007454646256349326,-0.00043039561732675924,-0.09669861423002107
38,0.005064262289853377,0.0010241290766617173,-0.09611614477164582
39,0.005261377632430869,0.0021040952607227076,-0.09552723419064818
40,0.004659584174122239,-0.0015969837124801545,-0.0947870432600891
41,0.0016430173882880927,-0.0034691831970366516,-0.09360030899523264
42,0.0007319675031037809,-0.0015897821717780342,-0.09251369609328497
43,0.0037011079473533715,0.0033497348215480796,-0.09184951792668761
44,0.007807219170754248,0.00907419879096566,-0.0918062460798856
45,0.010322267443964722,0.006019959022665916,-0.09282987894173522
46,0.010136681912167836,-0.004894053514229828,-0.09445455189292223
47,0.007499630144098421,-0.009104038630269207,-0.09597205025551298
48,0.0036353139119535208,-0.00027841074219130124,-0.09758361971748297
49,0.0017676060315301514,0.009316004875497719,-0.09903524680345138
50,0.0038397992444293982,0.007740180829172716,-0.0989637481284637
51,0.005542581050416828,0.0008666601157681086,-0.096593369611505
52,0.00431410778477008,0.0010663198587615719,-0.09293847104434697
53,0.004048070105921342,0.012984268146149634,-0.08919743087370186
54,0.006368822289517878,0.0261712497561144,-0.08549234864332397
55,0.010506846013905224,0.025701438686654886,-0.08192989844082085
56,0.015142168435815576,0.01319197176223541,-0.07877649094395608
57,0.01658453721713317,0.004923277565376916,-0.07557908007110736
58,0.013961043280511294,0.009482371121741495,-0.07167483003077932
59,0.012145228381812846,0.01471273053746186,-0.06790321975597521
60,0.012658861616454981,0.009922221064366452,-0.06567804740921293
61,0.011793064487273242,0.0018058607925624734,-0.065043930486864
62,0.011043157041194341,-0.0006268400777270228,-0.06507349825035111
63,0.013141506282805263,0.00596662779618351,-0.0645869157655797
64,0.016171610070878764,0.014896384839865218,-0.06306244050661303
65,0.01801180871307638,0.01328921073353545,-0.0612632344857473
66,0.019570173204455033,0.004862264286064663,-0.0600988287190235
67,0.023379244295799198,0.006071004186899834,-0.059071741704845665
68,0.031142487993146686,0.019594093315918104,-0.057399201645492254
69,0.038981247562659735,0.030784119580703373,-0.05555180642301666
70,0.03868719152742103,0.027587056459796977,-0.05397109750208412
71,0.0310681864881905,0.01788530269181786,-0.052858656428173
72,0.023020010428112955,0.014589146513417556,-0.05236638676138078
73,0.018426870902704326,0.017774097258388057,-0.05198244373266972
74,0.018410037951307412,0.020258787276306832,-0.051462018039708984
75,0.018443692858646873,0.014655075714216481,-0.051639484937417934
76,0.017091381195376974,0.005446085700033687,-0.05284715752822916
77,0.01997032792850071,0.006432099263193984,-0.05364279194764626
78,0.024878742669539378,0.017709292991328104,-0.053317280043450155
79,0.025905048697645008,0.02405491914881612,-0.05270049919283523
80,0.022903319583142755,0.016814294134626928,-0.05211693824959332
81,0.01931658624872669,0.006013862437462464,-0.05145510736869721
82,0.018261368204626774,0.005169060036691812,-0.05075918023751709
83,0.018908898836865085,0.013777283914901899,-0.0502976678593903
84,0.020405146007807295,0.020427705354479832,-0.050782481496253376
85,0.02150198458241588,0.017276964436790505,-0.05266783357752741
86,0.01991448558614904,0.009688333624888176,-0.05496483271946742
87,0.01721354891300296,0.007382940080428217,-0.05593636497527846
88,0.0157301725344776,0.013180080594614743,-0.05486534249563729
89,0.012707968431576011,0.01918421459591381,-0.0524019096318766
90,0.009431695995600377,0.014894731813820963,-0.04941655099359352
91,0.011985790387225623,0.004294098684649264,-0.046069556259653754
92,0.018567881184158808,-0.00005206010935197153,-0.04215653682092385
93,0.022894030123417966,0.0067396500983456925,-0.03750385573070615
94,0.02275002409963557,0.017548682087904374,-0.032689722980501754
95,0.022261373565377815,0.02127631760114071,-0.029088047490782767
96,0.025515735605322165,0.019344560583464246,-0.027167836143195387
97,0.031017400644122707,0.021753642829548017,-0.025981262062377275
98,0.0348823279545218,0.029113311175532758,-0.02505641977265116
99,0.03486364605884208,0.032420313816015484,-0.024952064952068143
100,0.03170562824179121,0.025846591836932165,-0.025696929886885184
101,0.028503235536509047,0.017063937466151147,-0.027027787713893026
102,0.02785560883288747,0.017562535406922278,-0.028944446465738002
103,0.02886137054054158,0.02601684125377704,-0.030716777077173546
104,0.03195218970785972,0.030947400516177878,-0.031421195066272944
105,0.03639130077450703,0.025497978577095154,-0.031437651758958574
106,0.0369056322470285,0.017825320236207212,-0.031172668317126645
107,0.03416188380617789,0.020562799543903346,-0.03008957148462306
108,0.03436558284009372,0.03253267892659012,-0.02835550309146595
109,0.038001904331619055,0.03841496936745331,-0.026920596022872056
110,0.03984749002963642,0.03099157968307331,-0.02629271904972752
111,0.040617010179775315,0.0233545529721447,-0.02653092613406592
112,0.04573763678149059,0.02666320790079335,-0.02731296612682378
113,0.05145308545395927,0.03806185400531037,-0.028072978201621322
114,0.05193380694020777,0.04694721834034382,-0.028819276943977595
115,0.0511093488217296,0.04423651943320503,-0.029792898488581097
116,0.05212460078063895,0.03672166410778849,-0.030190311423622135
117,0.052826201458628305,0.03864787528815639,-0.029139067170694893
118,0.05283272291406453,0.048824793278026524,-0.027690303034215047
119,0.052284396170387284,0.052909353436964957,-0.02742100159118814
120,0.05033511770215485,0.04557205393700997,-0.02849962912594184
121,0.048090295313603953,0.037258990009419624,-0.030147476947576635
122,0.04885949362103237,0.03847971149151683,-0.03159937478425644
123,0.05280504224607982,0.048305154854080025,-0.03301281972725463
124,0.056331051240265634,0.05617428091942436,-0.03519618946911572
125,0.058555634986648716,0.05259261222202148,-0.038046533559787044
126,0.06170149242092754,0.044300872792294596,-0.04053193140667047
127,0.06458479588861481,0.044287083386624994,-0.04130834073393466
128,0.06556820429164897,0.05230003044825238,-0.03953437498156903
129,0.06543296114302985,0.05629612300796277,-0.036180525264907254
130,0.06249462957937249,0.04840506149817436,-0.032623959837476874
131,0.058757543516581384,0.038603326303059626,-0.02938038817893282
132,0.05940712638600473,0.04079119144850357,-0.026647464141722046
133,0.061708470260870424,0.05250869538871742,-0.023964997930252405
134,0.060456529444129714,0.0586252216146768,-0.020825889200515636
135,0.0566882320758524,0.0530303505151577,-0.018014668742271926
136,0.05389430351963492,0.047056554073072715,-0.01674959630142992
137,0.05470551167962061,0.05050660522726742,-0.017041191723899094
138,0.05758641869072434,0.06040752600530949,-0.018113176311632777
139,0.06062627585222671,0.0652009632664366,-0.019715277614878998
140,0.06381914937865929,0.05787045871408425,-0.02203393560280746
141,0.06389326770894205,0.04870311535977939,-0.02459047303141393
142,0.061941547770262284,0.04947982314063351,-0.025736158352824168
143,0.0627770696790759,0.05854619178799339,-0.023943829456274712
144,0.06529115597530397,0.06493256334979963,-0.020022608174069416
145,0.06728906039354557,0.057638338091399954,-0.0164096984295126
146,0.0681909319518984,0.04358421669941167,-0.01424718834346804
147,0.06755003562414935,0.041623719558258,-0.013370680925851287
148,0.06860490040986156,0.05407259908706702,-0.013538740043568191
149,0.07096402254006362,0.06496536829147065,-0.014348014241170777
150,0.07073522693729725,0.06349424328351888,-0.01496811778999016
151,0.07128509470679587,0.057242322333526774,-0.014918999306208436
152,0.07394810646434649,0.05653365135213978,-0.014358802445995258
153,0.07333483037749702,0.06120784484096997,-0.012852539187522397
154,0.0690531778934167,0.06433685656484238,-0.01035674864039103
155,0.06831315377765473,0.05839577272121646,-0.008005377398078307
156,0.07281033373332002,0.05093568201649557,-0.006152470265416411
157,0.07600923472824381,0.056511676922059634,-0.004344778036378446
158,0.07608305825048056,0.07032891561811158,-0.0026462227413994194
159,0.07350617687133074,0.07291100179554993,-0.0017679425412944552
160,0.06971396555017303,0.05897644380799577,-0.002039682038941344
161,0.06979287174287219,0.0460995652008126,-0.0027011918523843596
162,0.07452126182253607,0.04724716162706333,-0.002887476284798001
163,0.08009991848223433,0.0577945455900894,-0.0019682222076506453
164,0.08315289902269488,0.06646659372711386,0.00043836590941069217
165,0.08388496508742266,0.06435282348837525,0.003442430509692118
166,0.0836476726483679,0.056310476278997317,0.005760396865507458
167,0.08275925459009176,0.05677623580539731,0.007214666222467206
168,0.0826242351414058,0.06705919458608786,0.00786729052294093
169,0.08330824944790055,0.07206143546861854,0.007883417933164279
170,0.08489423668480506,0.0646025721925999,0.007768704174900887
171,0.08675208923214484,0.0581775440370067,0.007696996554171498
172,0.08768963993233525,0.06438449033108479,0.0075401129059230396
173,0.08920276672066571,0.07711032658308115,0.007448980696406968
174,0.09081746888952802,0.08152799103622523,0.007443473551262285
175,0.0901478885505167,0.06973435569889322,0.006675311123082072
176,0.08815152857905581,0.05483382220836141,0.005249141087939287
177,0.08682915248770492,0.05290791957580407,0.00435177387611085
178,0.08512292898501231,0.06198042906483364,0.00376572424742478
179,0.08330682890947683,0.06843846158270717,0.002263372650245239
180,0.08212458160425945,0.0634362128312243,-0.00037801037173559177
181,0.0797338106554365,0.05572656391048181,-0.0035259084666673865
182,0.07733876331993458,0.05681852359372225,-0.007069794864116984
183,0.07770982264828791,0.06702594332634038,-0.010971567409828055
184,0.07927178471534338,0.07468649453009235,-0.01491457288284255
185,0.07998643599179989,0.06693561400416213,-0.018770331224206654
186,0.08144734410240162,0.05368884016835704,-0.022266783183308006
187,0.0832930367075935,0.0522038701578669,-0.025008582097995002
188,0.08276009100591047,0.06000579829014224,-0.026821199570230908
189,0.08130434894004948,0.06432534571050036,-0.02789994471148753
190,0.08065421820218793,0.05997052113466961,-0.02835448814563489
191,0.07882299934055464,0.054299932595558764,-0.028261421306992038
192,0.07670567310252585,0.056050374264322494,-0.028253504179600597
193,0.07718344835375981,0.06423900270444877,-0.028480395379098092
194,0.0783365922448801,0.06875940008823,-0.028512450835353406
195,0.07661746376079578,0.06151131655999682,-0.02872883328800782
196,0.07355079248942828,0.05107109159982222,-0.029686943770668398
197,0.07190270522557271,0.05117337223851455,-0.030796427649272137
198,0.07067535604764724,0.0594447684543257,-0.03138456900722009
199,0.06978723960002911,0.061941063800803164,-0.03192832196036245
200,0.07117317214061386,0.038324780494746524,-0.03314294989929563
201,0.0754471542809414,0.002737447055210507,-0.03495892991152505
202,0.07943226509323142,0.00786180122953603,-0.03650599528927946
203,0.08109570510822159,0.051364767852270926,-0.037192339993609144
204,0.08095666453640168,0.08654639283241711,-0.0371124545242601
205,0.07701897471293015,0.09882315075031672,-0.03619310760634521
206,0.07213916174933455,0.09957785549887754,-0.034252308397253906
207,0.06896679809360479,0.09193574585700412,-0.03176151988406553
208,0.0647005871750814,0.06670719214849308,-0.029723276435064852
209,0.06119476914026237,0.029546999164063004,-0.029047685183768213
210,0.061621101126511035,0.0030773669462397235,-0.029994051867382118
211,0.06350158873657086,0.0026367659252481968,-0.032264443173549165
212,0.06356990093962916,0.02761626188643318,-0.035199200581713413
213,0.06308626239513135,0.06012463403823998,-0.03783182424743353
214,0.06461225018795799,0.07916905671444896,-0.03979966228124859
215,0.06896044013655989,0.08272467711619202,-0.04050030558944043
216,0.07307177274894541,0.08140660831916957,-0.038923331115998716
217,0.07290499874927847,0.07814318374349799,-0.03557625595718056
218,0.07006529347146112,0.06334794060342974,-0.03162241383917744
219,0.06717315517000483,0.03628247401157436,-0.027804652862904247
220,0.06501213885381857,0.015362823682931737,-0.024712800195743193
221,0.06412483049696172,0.01513019205602295,-0.022374262381121904
222,0.06341256157377692,0.034137408832431215,-0.020508952496375965
223,0.06097145310400519,0.05782650111422605,-0.019090328371962284
224,0.05734453521439539,0.06990351852299814,-0.018614900780272087
225,0.05700673120455528,0.07108654543985804,-0.01961989927101012
226,0.059624314032297135,0.06887621905941416,-0.02187584881936766
227,0.06163488808179729,0.06382284997616638,-0.02479766086731683
228,0.06229990999195284,0.052166432795619055,-0.02778717601537538
229,0.05953693609136532,0.03532288799118821,-0.029151972663315553
230,0.05540785734127798,0.02555178946186043,-0.027078714286814812
231,0.0537886406758889,0.031224166722110702,-0.02185561251972685
232,0.05339417852426981,0.04769286706463216,-0.014251634493803494
233,0.05136506468421302,0.058768729932187735,-0.0039660189436052685
234,0.04771416920746227,0.054717766418967084,0.009228059570988094
235,0.04674147984300771,0.04666900537176699,0.024859497568548272
236,0.04827677039986231,0.046135657887545145,0.04148708366454951
237,0.047767277924926604,0.051247014376699096,0.05695144398195806
238,0.0458430610994649,0.051175852348674944,0.06949877673830614
239,0.044386869566739345,0.04048003385019494,0.07813399961928033
240,0.04361306187800762,0.02991864863724647,0.08215138577129144
241,0.045289915626700566,0.03145337419558514,0.08003651980490056
242,0.05063145317460327,0.042894909640604606,0.06954602653540881
243,0.05708104494390505,0.04984202014759975,0.04724933686576954
244,0.061158415120347365,0.04265361189358341,0.00996840773881938
245,0.062062063159022116,0.030244667630061728,-0.04025059301398948
246,0.05965828005077359,0.02713310469537933,-0.09683775666591299
247,0.05589657415714869,0.03450266552002246,-0.15301746837121652
248,0.05272556260411165,0.03803264861639977,-0.2044366702417461
249,0.04896134352418674,0.028685583093199574,-0.24873848718449976
250,0.046135713715521776,0.018102801340954766,-0.28399786552944484
251,0.045381448595746054,0.015418521476897817,-0.3080848311127905
252,0.04393723022968948,0.017519880413193856,-0.31780193041380456
253,0.03960385814086827,0.019336256826720466,-0.31135624300667286
254,0.03372528614402476,0.013489948117346051,-0.2906512886425856
255,0.031611028017198575,0.0058163467562655224,-0.259413265201338
0,0.0334218946676406,0.011032205660278738,-0.22154397256936686
1,0.03432299007432718,0.024687599133121352,-0.1813692119171444
2,0.03431620397951474,0.030982521158194665,-0.14312771523015966
3,0.034513956960869174,0.02691472615560464,-0.10904640114678232
4,0.03635753426535801,0.02293026764966677,-0.07957061592460102
5,0.040418685230800805,0.02667899000422036,-0.05491025916634715
6,0.04053960149441369,0.035800527378143876,-0.034342616003700574
7,0.03465065264135448,0.03864477309993708,-0.016951835801770072
8,0.028037011976183503,0.025730403612817643,-0.003219945726984398
9,0.02461868759001825,0.009123242668505727,0.006682614409260497
10,0.024516397703029685,0.008020459336468555,0.014137325937624547
11,0.026229343721902956,0.02198517148438106,0.020149877022592667
12,0.029833711892185172,0.033536838476784014,0.024311203997723643
13,0.03263980449786805,0.03228445088356913,0.026571352131272943
14,0.03287622982868113,0.029502567338315355,0.02769870909925906
15,0.03401767367414678,0.034529051468929595,0.028255137679794207
16,0.03670608281234382,0.039477861408588,0.028848203968309283
17,0.03656103128859602,0.03349438367102453,0.02989277986633994
18,0.031311406387137426,0.014152812096034806,0.03113245486905851
19,0.026157422376555266,-0.004378161463460817,0.0326485720637768
20,0.025084812762845264,-0.003384825643008238,0.0347299600103734
21,0.026604225385629635,0.014193982406000116,0.03703871738482791
22,0.028249617721327017,0.02782324655045776,0.03909916366955318
23,0.028008135838598847,0.02900423169883859,0.04055876017949239
24,0.026752679205026997,0.027168507507335793,0.041219810112297584
25,0.025843626226985078,0.028869474417568153,0.04127650018609699
26,0.02627294864127816,0.03216042919220097,0.04134049811241583
27,0.027387773766484755,0.029387359740527086,0.04202509222374906
28,0.028268092105562442,0.014900433326863083,0.04314868854268965
29,0.030687481792481444,-0.0007632649136000147,0.04432038168446084
30,0.033591065526452996,-0.0029590505673914858,0.04570793321773474
31,0.03396998164252449,0.00931708768776418,0.047312161177618564
32,0.03297279099189604,0.02150306824249104,0.048871440397060484
33,0.03199651754609642,0.02189819161661677,0.0504271473905287
34,0.031040774809173666,0.020347677948944765,0.05189741613364943
35,0.03061069247229324,0.025921457082420163,0.052791371382451546
36,0.03134177294980971,0.032304205153995014,0.05298699437488463
37,0.032183523779156425,0.029266710068846735,0.05246611570590726
38,0.02901559513707805,0.013398269835416698,0.05083941522056194
39,0.024390980487156197,-0.002793197220438026,0.048365589760867925
40,0.02308864593418824,-0.004555737014721062,0.04651030971152581
41,0.02274654303981205,0.008477344850354118,0.04620492093288886
42,0.022254079073570673,0.021115494178743588,0.04674854584551559
43,0.021838910899989947,0.021599074971377363,0.04763175518944873
44,0.021089954220083626,0.01994123601810127,0.049043711033993936
45,0.020405687496185196,0.02680045395962144,0.050846074389249846
46,0.01884036217169159,0.03531535390904117,0.052728719245447114
47,0.01669709625112957,0.031351864789552875,0.054215914744273286
48,0.016267429388470908,0.011237148013821585,0.054627443183573265
49,0.017307904773212347,-0.008168238336789146,0.05404390752910554
50,0.014851830702566536,-0.010049395476735529,0.05378079865505554
51,0.009634261278375085,0.00047896055979934626,0.05491308588605248
52,0.008892664412944513,0.0069212535554663,0.05708493748089426
53,0.01079030273940143,0.004707470001179326,0.05943861358169533
54,0.010899874295799507,0.005657845282204588,0.06126353892174355
55,0.011795545264427453,0.013261990632495058,0.061897935746383914
56,0.012429166569123852,0.019051984900893826,0.06119654121478074
57,0.009400308723010276,0.017167362546016085,0.059417411274269305
58,0.006691843240443149,0.004555101824412544,0.056823700005141864
59,0.008716435068457842,-0.010847716944153707,0.054123228567461296
60,0.012440732904932025,-0.01322251327022389,0.052518741341109024
61,0.013351592698452576,-0.0014546340506684796,0.052930879311937545
62,0.012363574523275633,0.009385290411134395,0.055212841700076745
63,0.011228254335288373,0.010465323949344407,0.05814626284203725
64,0.008636927108100621,0.0078856789100466,0.0606156962632623
65,0.005731660808474454,0.009300085149821585,0.06262959888632577
66,0.007021415334737147,0.014416788669842862,0.0649242479808109
67,0.011900402902045191,0.015038040900368976,0.06767762653422454
68,0.013942440153812616,0.003960984088431985,0.07018898219061426
69,0.01090887137110664,-0.010789309917142775,0.07191625439420196
70,0.007584553152905019,-0.01428132247633579,0.07317485093938975
71,0.007993622029063382,-0.006038105844050373,0.07434159318454878
72,0.008718216966978998,0.0014190754039048459,0.07503116227816489
73,0.0088259421544237,0.0026414385089129633,0.07530668801215118
74,0.013131243660368733,0.005387580005244308,0.07567230877433806
75,0.01804273476354002,0.01353380681781663,0.07611538096158171
76,0.016334550410134235,0.019989736638256733,0.07671688346966388
77,0.00798515613221064,0.014874364939595652,0.07731257682702353
78,-0.0003427641962804994,-0.0032788048114486545,0.07736533745949728
79,-0.0014552121692242154,-0.018836545680524786,0.076726945271991
80,0.002179360309253378,-0.016903851523033087,0.07592642125695173
81,0.0018116991341997485,-0.0038505138404225925,0.07571204699127748
82,-0.005200474102345361,0.0026441291422787394,0.07606650974796939
83,-0.014193716932385145,-0.0038857706325338137,0.07659115520576995
84,-0.019588820459415505,-0.012739760209659251,0.07726671769973131
85,-0.019362188255353872,-0.014250396145564448,0.07834516414138085
86,-0.014901467154408751,-0.011360234864057961,0.08000480133322121
87,-0.011263193158879678,-0.015392326313837912,0.08181102421257047
88,-0.015414490981600956,-0.03186374438434442,0.08303994569360074
89,-0.02553323518329719,-0.04680790017787578,0.0834521342632569
90,-0.031797576761802226,-0.043535746457523075,0.08326440084018846
91,-0.03071519845105567,-0.027231292044500782,0.08306765752873935
92,-0.02716660022641651,-0.016616530183154427,0.08335900829929085
93,-0.02452829790922567,-0.0187992198201187,0.08428558652948237
94,-0.022320681157128375,-0.024871267069200287,0.08600054619768363
95,-0.02179731668717355,-0.025541252575758067,0.08851210271000104
96,-0.025670191952962024,-0.018402993506672266,0.09194228169720023
97,-0.030468416501622603,-0.011125754592729964,0.09612569383175451
98,-0.029376825124867875,-0.017298197054830655,0.0996434489328743
99,-0.024461222179152434,-0.0325653677659635,0.10138322839420782
100,-0.020866064690456973,-0.036544338616311484,0.10198085984849609
101,-0.01684911900385077,-0.025501186888376493,0.10173999982833104
102,-0.013120246319873616,-0.017878681827036697,0.10016854211163245
103,-0.01470049008468357,-0.02259455943009786,0.09772416726159905
104,-0.020670934713045395,-0.026463328952723963,0.09512816493020038
105,-0.02547905815111695,-0.02096862074799513,0.09255933165243793
106,-0.02447826556114873,-0.01185842455470909,0.09033118617027938
107,-0.01909584866844237,-0.010126050895295835,0.08907224772266562
108,-0.016170859465465676,-0.020626359525802995,0.08895602029865848
109,-0.016761988931569535,-0.029365261889228222,0.08986190306865194
110,-0.01727929561836357,-0.02352542136412572,0.09138162221798377
111,-0.01764322448234476,-0.010512576097554224,0.09229278486118919
112,-0.017832736472157155,-0.004295587616943708,0.0917874551551858
113,-0.016349573222879193,-0.008648703646884887,0.09015024851708175
114,-0.013140137150690054,-0.013726251332218858,0.08797217521998263
115,-0.009408937143161926,-0.010794036717859168,0.08526244703070601
116,-0.006497552685892714,-0.004543425613772217,0.08163409688722303
117,-0.005493139791796893,-0.0051458278270436475,0.07744334578389728
118,-0.006814530565272023,-0.014000330401535033,0.07344825623561749
119,-0.008149338041826677,-0.021015248781831225,0.07024535589473765
120,-0.007546806139618575,-0.01811436587901205,0.06844000222487495
121,-0.006795816482128991,-0.007483948329785578,0.06789903109215151
122,-0.006507513536571814,0.001016186076852027,0.06774175729731516
123,-0.007069117947650689,-0.00042240906023424674,0.06754639376660365
124,-0.008944084554612791,-0.0064269697718652985,0.06692606243994409
125,-0.009175612754148278,-0.0076956489704931574,0.06509838529650869
126,-0.007255359985132159,-0.002687888652341125,0.06176652993557227
127,-0.00610959459937075,0.0011161221068838323,0.05673362352714048
128,-0.005398438233543197,-0.005032241189444175,0.04994447640887592
129,-0.0022664402893174847,-0.013703524044619608,0.042503385189122334
130,0.003498013029086054,-0.010854908239827377,0.03588105050095672
131,0.009035247490776565,-0.000035457577297309806,0.030164678909706158
132,0.010365134153895339,0.003118504924360263,0.024503912350298224
133,0.006232152135330446,-0.006282745091458625,0.01897137645947155
134,0.0014180661499121477,-0.014864449476333336,0.014357774488575961
135,-0.0005724638465299595,-0.01198331507216853,0.01068967196735781
136,-0.0019511116169712885,-0.0025698824351820804,0.007346071257641924
137,-0.0021946525520899623,0.0020381490762199084,0.004022506824429395
138,0.0011345229539691248,-0.005071911246419175,0.00033482002900463853
139,0.0031444756250575967,-0.014344070364191275,-0.004122641449122114
140,0.000286920905167444,-0.011691266019961025,-0.008685857894701814
141,-0.0002056867873084789,-0.0008725743433595223,-0.01226903203249459
142,0.003374908317660047,0.0028490723929506245,-0.014720991566056753
143,0.0037572265630877455,-0.004242147324289361,-0.01611989549504117
144,0.0014726395276137283,-0.008732855004558282,-0.016096359427972357
145,0.0019648253684225875,-0.004611231909679464,-0.014808574715983153
146,0.004666150211786669,0.00112548293776564,-0.012900499999410106
147,0.00584266980760996,0.00203977420414303,-0.011225286352431307
148,0.005557863096685836,-0.005902453255307985,-0.01098306919115619
149,0.005203638520289863,-0.014608115055022172,-0.012113647526149022
150,0.001820669939702535,-0.011370265333246601,-0.013206007966711541
151,-0.00498207237923657,-0.0020856920070337903,-0.013981517617781193
152,-0.008926378422384973,-0.0027470037603192082,-0.015298785123684967
153,-0.008606327383310214,-0.01337259172816041,-0.01737009156569204
154,-0.00780533130536952,-0.020252414606881722,-0.019616843882342846
155,-0.008294933206358532,-0.018451087970170456,-0.02100602335127752
156,-0.010858762055581068,-0.012186802688739423,-0.020618376792424342
157,-0.01272637937437461,-0.008960719403376866,-0.018826652931355492
158,-0.012243658535862054,-0.015791096711847002,-0.0170156748813751
159,-0.01328091567235258,-0.026169612535149045,-0.015871793903295656
160,-0.015107141834135598,-0.025563307110317818,-0.015213912467771387
161,-0.013627646178288256,-0.013617230620218537,-0.015132863274436761
162,-0.011619401328600652,-0.005664151095948186,-0.015793385908107485
163,-0.011866512757677875,-0.009533189575507715,-0.017064203178383273
164,-0.010870439498434782,-0.015062368909475238,-0.018635865941675843
165,-0.007550827142931801,-0.012250378155524398,-0.01995343918949847
166,-0.0065619986690756485,-0.0036916432644218677,-0.02000080583117942
167,-0.010729193438707256,-0.0006225377249588215,-0.01792091939707042
168,-0.0134592767477177,-0.009313723687129155,-0.01442115657851803
169,-0.010083894914631797,-0.020367383721576947,-0.010698898031603683
170,-0.007231103796326771,-0.02127450522439838,-0.00687572733850713
171,-0.008230587540479454,-0.011683598039831662,-0.003180856245856671
172,-0.008977702583997924,-0.004966888486058814,-0.0004189812626029278
173,-0.008447853910582392,-0.00804610492125589,0.0008592545051257713
174,-0.009900656668931612,-0.012034500263590056,0.00031331237621523567
175,-0.01286937523382592,-0.012201721061165911,-0.0017894353844698646
176,-0.012375524159213083,-0.010082077973524256,-0.004264384521299663
177,-0.00863755418166829,-0.007264522216762326,-0.006321222111055742
178,-0.00787149999814736,-0.007434806128462715,-0.008199915305999415
179,-0.010145205220313716,-0.009022725629925819,-0.009855380994046141
180,-0.00920198860060642,-0.005694663120560037,-0.010366552325177435
181,-0.006195025358645856,0.00021255179989425332,-0.0091233777849834
182,-0.0076000701087547765,-0.0024788024024974403,-0.006599344451273262
183,-0.011420382934483615,-0.015516218382025382,-0.0035807956226679427
184,-0.011190718380243193,-0.025160102154891922,-0.0007429143341609115
185,-0.008789352461240775,-0.022502069907854014,0.001492219483524966
186,-0.009495521462327492,-0.013278766532387631,0.0032674778802152457
187,-0.012945589824677764,-0.010302016537836745,0.004722247065167523
188,-0.015789426596681158,-0.019426787403889395,0.0055172101564392
189,-0.01684919604874302,-0.02910315739085452,0.005678531137964567
190,-0.018161398866672743,-0.025975560420425727,0.006134978244870502
191,-0.019942781295736185,-0.012949450335593977,0.007084683644274377
192,-0.019836385741619573,-0.006910387794958582,0.007506087926143349
193,-0.018413877614244116,-0.015642562226901392,0.007371072161731286
194,-0.019143884574128044,-0.024870476558776482,0.00794694183396534
195,-0.02172555527338585,-0.022456699312437666,0.009512341830985947
196,-0.02302614559577297,-0.013180724254796425,0.011308713050798162
197,-0.022203087943679506,-0.009985911091094271,0.012671155115893562
198,-0.01921912244484704,-0.0188344106905321,0.012841161453642676
199,-0.01663266255549209,-0.028327328879711067,0.011401431462639527
200,-0.015873562145336306,-0.027029956826588684,0.009170643238628047
201,-0.014025670038316992,-0.018617318275134853,0.007148431444242143
202,-0.010616119543673058,-0.0162641961043183,0.005209944430087656
203,-0.00975352303602469,-0.025579436134858777,0.0031634166238533323
204,-0.014470499694232513,-0.03427938180526048,0.0013610744380427378
205,-0.01833252905460108,-0.03185732596196211,0.00023539741410569682
206,-0.01738843189753994,-0.022593553684818177,0.0005203385848354817
207,-0.017062306381430505,-0.01598325047456922,0.002514247754071144
208,-0.018778053924221688,-0.018676636021934007,0.005267487574008911
209,-0.020660403686675335,-0.02459683804757319,0.00785003625602921
210,-0.02165161205851393,-0.021021592221109067,0.010126166117442428
211,-0.020361819082931956,-0.010067168674284747,0.01226669457497059
212,-0.01725548740775351,-0.006314954160928636,0.014271807588752287
213,-0.016218976669558384,-0.015115145429748934,0.015950718868533442
214,-0.016827968737338394,-0.025104361007583093,0.017016617429742413
215,-0.015028027558314571,-0.02459193457921159,0.01703905964222252
216,-0.012159126579200423,-0.014543171149017958,0.0162028062486319
217,-0.010268894936877507,-0.0076815646336902965,0.015068746462587407
218,-0.00976877048711755,-0.014200211208572844,0.013622625265955993
219,-0.01256123432626681,-0.024079229618706025,0.012329637690084598
220,-0.01773738311202712,-0.02183901984638721,0.012015667687623528
221,-0.021335600547446744,-0.010839062983765135,0.012205770867514999
222,-0.020981479114208057,-0.006622737105632423,0.01228543407634991
223,-0.01693700552469578,-0.013086869239094134,0.012892977581689967
224,-0.012833104894261059,-0.018405719748073257,0.014396610814449241
225,-0.01174944473500164,-0.014398221756569893,0.01624572788725314
226,-0.012319971577051246,-0.0037427248985442835,0.018379850200996008
227,-0.01200098213751958,0.000611948503659282,0.020569457217193443
228,-0.009484392474068598,-0.009201646546872777,0.02177476517561281
229,-0.006894921742094801,-0.018276790557482214,0.021960728792168746
230,-0.009216456822839284,-0.01459020911386006,0.02208900310496243
231,-0.015711024555010937,-0.00793920707113277,0.02239071685183383
232,-0.01907549670046802,-0.011127419154564125,0.022080079557512455
233,-0.016316161389203894,-0.021897072491007724,0.020874225373137392
234,-0.010615512184541539,-0.02469699325054317,0.019326085303593157
235,-0.005605011963143565,-0.015886334869081045,0.018003305425584308
236,-0.0035884564518408324,-0.007429326214829585,0.017518868231149155
237,-0.00671989563326332,-0.007155066787581071,0.017659574902437344
238,-0.011343798412143002,-0.015030330760493094,0.017335450764224533
239,-0.01089569793750712,-0.020384845232377075,0.01621692988850356
240,-0.0070298360755883076,-0.01325966773322207,0.014580685520027038
241,-0.0009934785245819186,-0.0016852402291663363,0.012597185304478911
242,0.00558922992611423,-0.0010900350193274316,0.011061449411624284
243,0.004910403135305253,-0.010823342856798271,0.010400367828756862
244,-0.003855713101090846,-0.016976095350988013,0.009997973700645368
245,-0.010199636992888287,-0.013329230081317853,0.009395437379524883
246,-0.009938422242015079,-0.005187384807702533,0.00870158385095959
247,-0.009048121030916435,-0.0026522376430503647,0.008717257598857673
248,-0.007998397820267504,-0.009879241533745892,0.00949966571646796
249,-0.008144098813265457,-0.017343955429662508,0.010383560015435557
250,-0.013344892057812849,-0.01314367411266347,0.011596231014686435
251,-0.01891418473937012,-0.004367701487737706,0.01319072292175644
252,-0.019661419640161208,-0.005876768934454296,0.014761567493353007
253,-0.01613063948377231,-0.015545389638875362,0.016366949604713785
254,-0.010864905167077506,-0.0210694652270796,0.018312348125493753
255,-0.006402530517345149,-0.015761526949631413,0.020352472589797166
0,-0.005974621896986797,-0.004269462274836711,0.022148825736891815
1,-0.010774434027147513,-0.0008075272461544603,0.02345508519910819
2,-0.015365234368478174,-0.013176201188570463,0.023353538444945546
3,-0.014238797444540846,-0.02642258434512336,0.02175007352011881
4,-0.010028460087901236,-0.023574269139097173,0.02017423619427136
5,-0.007861521897450586,-0.01044611266687389,0.020117235743978168
6,-0.009169795032971908,-0.004326776720643202,0.021462873454890175
7,-0.013424011048022128,-0.011448901055095842,0.02323669984659956
8,-0.017214974735032584,-0.021408233911124105,0.02524012742223653
9,-0.01698542288702788,-0.02080615137857838,0.027314396683338155
10,-0.014600238878746348,-0.00853368862759954,0.029255042073571498
11,-0.01413002908143262,-0.00017164838578503927,0.030953825803924022
12,-0.015206845899262841,-0.005436204267486505,0.032089359276495755
13,-0.015592277142210592,-0.01283972812010653,0.032955557766233684
14,-0.014983367411581655,-0.011867930960753934,0.03393631860865362
15,-0.012768933311782,-0.008884676812151576,0.0352646926009787
16,-0.011312326062516843,-0.013353308175409043,0.037046068241547825
17,-0.011992204577522453,-0.02138862328761272,0.03880487833943615
18,-0.012650331730130061,-0.024504628972818326,0.03991658698068078
19,-0.01332683015871669,-0.02101342077840887,0.04023648101328438
20,-0.013693596889469972,-0.013695386795050474,0.04053725683755158
21,-0.010863771274552965,-0.011153059440965618,0.041440835486597424
22,-0.005291078624289278,-0.0183046176843559,0.04285124277694545
23,-0.0031941622563486614,-0.02367162401391283,0.04500038282033013
24,-0.0061312742445095506,-0.01575316388351372,0.04840536058076775
25,-0.009368857263256532,-0.002141486117025526,0.05299717181325128
26,-0.011047399348895407,0.0009808006001867098,0.05759229760481094
27,-0.01154380202926408,-0.00870312575069837,0.06042211626458496
28,-0.00967770974852288,-0.01729000828451034,0.06045461889978768
29,-0.006191178849163797,-0.014187666800827337,0.05852732499323962
30,-0.004141198089436707,-0.003977298141022267,0.0564809552465369
31,-0.005103582127981357,-0.00013928506122126705,0.05484704190163764
32,-0.008617541562434626,-0.008050266071964879,0.0530694281785872
33,-0.013012578836059045,-0.014515123302032681,0.05146495269277715
34,-0.014835750625882313,-0.008619014283978488,0.05096539281564608
35,-0.013753217428481138,-0.0006816411580042592,0.05135474247871205
36,-0.015214437851723531,-0.004481873784912271,0.05166781173086264
37,-0.018901599153220837,-0.015769712678579628,0.051694823992600225
38,-0.019372347886694168,-0.01999824669612814,0.051862226695083266
39,-0.018472124437810683,-0.012945085899243425,0.05264382305910098
40,-0.019004929723144798,-0.004132950040859645,0.05422394542774492
41,-0.01888656051386231,-0.005835404927109572,0.055744160049742614
42,-0.017861935324524722,-0.018160662667909028,0.05566663245565093
43,-0.016925296973899523,-0.025827580793550853,0.05341090950018118
44,-0.015336603801514923,-0.018074858193525445,0.049418050305696876
45,-0.011746007466756934,-0.0053319032009084,0.044330778093318216
46,-0.009053001842647419,-0.00494068812602938,0.038607418830693616
47,-0.011107508754703795,-0.016622006946502982,0.03226765056244278
48,-0.014813068569992031,-0.02536985770739078,0.025868175868232007
49,-0.015529975828604985,-0.02206530504117038,0.02078254407832704
50,-0.014322583934637728,-0.01213046234757309,0.01793719988432383
51,-0.01474882889388085,-0.009224463300667313,0.017125789560707295
52,-0.016282716891997298,-0.01843558345004026,0.017052119802280788
53,-0.015089222933973558,-0.027557717040826324,0.016797544029822593
54,-0.011484137367012474,-0.024304820010480413,0.01675053832526139
55,-0.009008537785452225,-0.013275641342059885,0.017051763523635924
56,-0.007310907973827416,-0.010977008068651345,0.017116111182085954
57,-0.004167325571558539,-0.020800598712850837,0.01676977599531486
58,-0.0013862581124226203,-0.026968423375333894,0.016287713500339057
59,-0.0016176920737996136,-0.021516598062263637,0.01602223836347165
60,-0.004843852726570955,-0.011646617823035693,0.01618817928969575
61,-0.008902984218534471,-0.007796328668496749,0.016392743553200653
62,-0.01092644747212353,-0.014986929261587317,0.016070150001302175
63,-0.011034063158491814,-0.025133238677985975,0.015460908683782283
64,-0.008597470831784974,-0.025969537368440196,0.015090268147068816
65,-0.0038775090385996733,-0.019218974472222233,0.014636546617678811
66,-0.000010020437047071618,-0.01750734535349671,0.01353556946411482
67,0.0016120420884357181,-0.023640483864388065,0.012179482286288228
68,0.0017305412371378635,-0.026713650555532847,0.011135894875988164
69,0.0012429740029393163,-0.020912568312004526,0.010295354183679203
70,-0.0021384619892951123,-0.013877257415939037,0.009597961821288192
71,-0.008716471803535478,-0.013822820461241864,0.008863316521627137
72,-0.013174576247750112,-0.020395163831417124,0.007944184957254139
73,-0.013863093193326119,-0.025158039123236192,0.007516046020054991
74,-0.015094254492207276,-0.019377962476048533,0.00802726611862274
75,-0.017949654348100738,-0.01033207072734492,0.008794485253828373
76,-0.021107122664677624,-0.012150341292028077,0.009276508154225722
77,-0.02367524742909065,-0.02353517875505373,0.009584219569029974
78,-0.022842236195074306,-0.029727699903656105,0.009588230478555629
79,-0.020272642292075815,-0.02280516717980126,0.00962019342899334
80,-0.01872698567209679,-0.011883917908204866,0.010384555004099287
81,-0.016684196251893477,-0.01079571943043564,0.011230751859731578
82,-0.016077116270184322,-0.021569794893722266,0.01117983259993127
83,-0.017391353266664203,-0.028772865290640853,0.010564286549095485
84,-0.015994791746289372,-0.021447608025188913,0.009542930375966069
85,-0.012090302077639906,-0.010815195938068525,0.0077301077542463684
86,-0.01103558387440512,-0.011632951241176276,0.005391971416534448
87,-0.014718219009928743,-0.022355169366937072,0.003289457409815691
88,-0.018510163816708905,-0.030136088604123465,0.0018134058716788928
89,-0.019456227259150995,-0.027808982707658247,0.0006760711469871415
90,-0.02013966109191073,-0.020598297156774692,-0.0003236264357941547
91,-0.021718642184963024,-0.01891573276738384,-0.0009031876371033525
92,-0.024198751375708906,-0.02577889205324496,-0.0006631496390290433
93,-0.026591371496802275,-0.03183233403071517,0.0013793104274148135
94,-0.027387095712018125,-0.02677860170029539,0.006513220743533676
95,-0.026528870112212555,-0.015339065100247434,0.014235070360156397
96,-0.02496178387803405,-0.011040434197053473,0.023318599577470567
97,-0.02456004735899632,-0.015454251603628066,0.034389282183605596
98,-0.024879628276367846,-0.020902293808719455,0.04868113950554412
99,-0.02487445426136587,-0.020289962525422436,0.0658138773996336
100,-0.023757936824077116,-0.013011077038440483,0.08392188161208375
101,-0.02062456934617262,-0.007793204452390623,0.10016548738596512
102,-0.013918746991559889,-0.009631677368153652,0.11165943334689699
103,-0.004575741298550831,-0.010997791341378543,0.11660393984318218
104,0.0010987062678685516,-0.004994429713661347,0.11345725715785354
105,0.000664302091269095,0.0007922974487922091,0.10099442238596185
106,-0.004357599872618197,-0.004162831418574847,0.07839799684802817
107,-0.010926675391055275,-0.017622559659462578,0.043162666170384556
108,-0.01216395401488279,-0.026539610866672864,-0.00672117149644505
109,-0.0070908328413108734,-0.022143880004725558,-0.06770175698341699
110,-0.0034404864758358807,-0.012759110042204758,-0.13129832837490293
111,-0.006219860506329888,-0.013929506559286986,-0.1893507167495564
112,-0.01265610466448401,-0.027558842095307234,-0.2377607453619528
113,-0.019172013469242535,-0.040546710286266746,-0.27506126357795213
114,-0.02488279630397544,-0.042536194016163625,-0.3004086339705502
115,-0.03041103492350125,-0.03894674978065929,-0.3128605599908373
116,-0.036946199129530496,-0.04239575843124295,-0.3109951114437801
117,-0.043424812700036314,-0.05277298881053305,-0.2946099352414475
118,-0.048456230861883956,-0.05748388671118314,-0.26570300714091977
119,-0.05108048281486721,-0.05250482193985706,-0.22819166258350987
120,-0.05262386251345022,-0.046211901772363284,-0.18725275049619594
121,-0.05673917580499738,-0.04781463535793545,-0.14795174381511528
122,-0.061110397341447326,-0.056084263955312685,-0.11342306702162863
123,-0.06285375106653104,-0.06087157618237876,-0.08435629972631875
124,-0.06474130984571308,-0.05759652111887903,-0.06001678540891403
125,-0.06722529024936952,-0.050760672486235656,-0.03936175606973369
126,-0.06780390040802028,-0.04959921189541415,-0.02193689805426363
127,-0.06520985814418254,-0.05616763063774567,-0.007525991634211179
128,-0.061786531180775595,-0.06150691870666708,0.004081585261028135
129,-0.06211009476136556,-0.061344037010190144,0.013335545349509426
130,-0.06433138927326745,-0.05942989577398905,0.021163479786057884
131,-0.062305799759737546,-0.060602674034577975,0.027436702455804776
132,-0.05818866768072206,-0.06613181007808377,0.030802691211864963
133,-0.056783379611557855,-0.0683059300993864,0.03141351481161858
134,-0.05695135907181531,-0.06132970581096675,0.03148465821307171
135,-0.05743055277207659,-0.050133713300061916,0.03259870721825606
136,-0.056955670244779905,-0.04597522308534589,0.03466862371879942
137,-0.05709758996321854,-0.05150529959842125,0.03686206513613044
138,-0.060237803210270974,-0.05275074130545479,0.03825316010667508
139,-0.06011753085523891,-0.04162889932076366,0.03887586858667956
140,-0.054142522637305346,-0.02814510464074424,0.03961409265849425
141,-0.04989435341879389,-0.027808821468400746,0.04062870025494021
142,-0.05001871169061825,-0.041998193913637016,0.041762860404456884
143,-0.049758350552030595,-0.05194827041823938,0.0433718051465414
144,-0.04793085726929394,-0.04467574244579623,0.04548126592949263
145,-0.04861802155506455,-0.03129190804112619,0.04732635944743972
146,-0.05160564041694336,-0.028110306399861895,0.04855453811399853
147,-0.05138636980622366,-0.03361397662185389,0.04951415977533066
148,-0.046768392757165975,-0.0353408126741505,0.05023024103180808
149,-0.04148706803345391,-0.03003793342262942,0.05081640135275728
150,-0.03876187497916522,-0.024499608274194062,0.05182720745589439
151,-0.03793462315405094,-0.026345572393901978,0.053240548474488614
152,-0.037536917067433034,-0.03585680231288704,0.05421806795743481
153,-0.039135687268586544,-0.04262739474765685,0.05451856672792535
154,-0.040849756106210416,-0.03812798112709005,0.05454790278913102
155,-0.03716477866286063,-0.028646309034726078,0.05437610340953883
156,-0.03037357312842856,-0.027165791754760686,0.05410278434999616
157,-0.0283815916235303,-0.03496536055999412,0.05401397055216331
158,-0.030600829582346306,-0.04117662058941625,0.05404205507331969
159,-0.03288476459482814,-0.03915409378198487,0.05395606073572137
160,-0.03585901935483793,-0.03246566923847499,0.05412605963365921
161,-0.03916880574239269,-0.029824125929790946,0.05442363187995697
162,-0.04075107995197086,-0.0358254242409185,0.05401934120324747
163,-0.04086261245278805,-0.04036232261550304,0.05324960056911496
164,-0.0386770612540851,-0.032515517219351746,0.0527487115917738
165,-0.03250807004732184,-0.020241945698269342,0.05239440528301206
166,-0.027799603617609553,-0.017589939355817888,0.05215107981182465
167,-0.029244949175335044,-0.02309869120195715,0.05217047532606062
168,-0.0322878710001807,-0.024904932466351018,0.05229779630282458
169,-0.03164495553253184,-0.01788840167748508,0.05256052726166344
170,-0.026984183785294755,-0.009389680219705515,0.0531862228861581
171,-0.021948768389441667,-0.011524555895417177,0.05344502414032984
172,-0.019712408043612906,-0.023614913030766932,0.05281907787605805
173,-0.01994744198508662,-0.0302507436517606,0.05182240236239791
174,-0.022125727439919418,-0.02379624112615646,0.05060479357450329
175,-0.024650628718203844,-0.015466712580483238,0.049038457090825244
176,-0.024620989884575326,-0.01669918854034213,0.04735368707279515
177,-0.02127220287668486,-0.023646752292233897,0.046138714450346535
178,-0.017787598009095115,-0.025505880202160734,0.04602531331152078
179,-0.01892396436159577,-0.018164758701201857,0.04685675750903466
180,-0.022025351439363017,-0.006262271208347825,0.048439021821182815
181,-0.022089290231115152,-0.000357924893685746,0.05060503048122157
182,-0.022237400030507885,-0.0058813853579386954,0.0519777963757285
183,-0.0240269529242563,-0.015671097403940022,0.051869383650973516
184,-0.024588838516362982,-0.02128375027202918,0.05101818607036615
185,-0.026040068491938684,-0.020200590866558288,0.049850920864886156
186,-0.029396525267463412,-0.02003570793837456,0.04846681116226942
187,-0.031501735932651154,-0.028568231717241252,0.04727890574387844
188,-0.03169005131721621,-0.037594842971680587,0.04630675154480776
189,-0.028521168339941394,-0.03643559881920064,0.04493427246527136
190,-0.022560237258340873,-0.027298856050869957,0.04375000085995613
191,-0.019595917145427577,-0.022314843987405242,0.04375048597833765
192,-0.020244707322372324,-0.028001804789063056,0.04421514606684686
193,-0.019310855246344717,-0.030562236407689902,0.0446148636872897
194,-0.01452554444803178,-0.013586100480231206,0.045556893862334136
195,-0.010046019369805741,0.010657620582380498,0.04671054054666615
196,-0.011188488750016615,0.014267860635569535,0.047985952493141304
197,-0.016408127677424108,-0.0064726794008308774,0.0504500956447706
198,-0.020008751738275356,-0.026987469909793033,0.05378898995242687
199,-0.021072772398655973,-0.025597263329772885,0.05711656441084381
200,-0.023139863926132,-0.011762748951786278,0.06059052396596262
201,-0.02695480769865194,-0.011768833925555472,0.06368964445835767
202,-0.02990308640776429,-0.02908388340027912,0.06561601314113716
203,-0.02935337321875124,-0.04007948789777027,0.06708228891617415
204,-0.023173301194080925,-0.026524716367107848,0.06906069832518319
205,-0.01485878197373372,0.008587477111304906,0.0712821971157197
206,-0.013004045238697394,0.0427954040393002,0.07282730166764678
207,-0.017545263328242335,0.05292615767011907,0.07305010092387579
208,-0.02073849713523986,0.04497150703304548,0.07187690943423355
209,-0.01904299543968485,0.043303147587913454,0.06999217087792581
210,-0.014024475416106985,0.051528213906477244,0.06849753258751964
211,-0.008007083177065999,0.03594134076532793,0.06781714523395621
212,-0.004701593166135942,-0.02175604111016624,0.06748163923944409
213,-0.00566895758079064,-0.07760010367163683,0.06715061600489566
214,-0.00724346996075613,-0.0822061415425018,0.06720898002123366
215,-0.007274374697259084,-0.053113481802704754,0.0679469180331323
216,-0.008557758999754257,-0.04155647213122887,0.06851296118627667
217,-0.013777177919903946,-0.055993669389427236,0.06778300914419402
218,-0.016366802069598604,-0.06514060603550015,0.06537669017873399
219,-0.012695668990514782,-0.05285947922711484,0.06197550673736163
220,-0.010923560307232058,-0.033223111745256606,0.05862212015059051
221,-0.014476105381864932,-0.020936644083519487,0.05494028748145807
222,-0.020681383325115266,-0.01877003524000795,0.05017648152925919
223,-0.024333442875426187,-0.018181928258704377,0.04476374606443831
224,-0.02173216240326284,-0.010510159757745857,0.03929855115634094
225,-0.017485607846611483,-0.006132657968731303,0.03380469131888546
226,-0.017649852364300504,-0.017639948826887825,0.028499666770800805
227,-0.021492748018688026,-0.037330502585215114,0.024063184875973878
228,-0.022046092939998967,-0.04703276505839646,0.020554589346526216
229,-0.019396272733678846,-0.039707063684157065,0.017370330411686084
230,-0.019964806188316968,-0.025479269316787026,0.01452138137401985
231,-0.024200294113008475,-0.01799809257963894,0.012102179440647856
232,-0.028443190552609104,-0.018593088198745306,0.009248452982901348
233,-0.03093847668575228,-0.01776480989255909,0.005739362297783778
234,-0.03165004411813781,-0.011087494868945204,0.002357926767579288
235,-0.029597023612159004,-0.010863098308113446,-0.000908120782116148
236,-0.027143664934521403,-0.027084607183953516,-0.004540532335802719
237,-0.0276884374307381,-0.046527576958372396,-0.008417222044162637
238,-0.030493889726453123,-0.051128689357645446,-0.01235376223849119
239,-0.032861568317476574,-0.03867782273114864,-0.01653026982357024
240,-0.033175868600832714,-0.021493331160180762,-0.020855614211561485
241,-0.03402551112740797,-0.014163835447676909,-0.025327711235355946
242,-0.036642696957984194,-0.020505911362311363,-0.03026403605605861
243,-0.03751280212793737,-0.027591241910453812,-0.03535951929001584
244,-0.036393822102488926,-0.02364198168107423,-0.04018404152331741
245,-0.035789896398282756,-0.017636162654705016,-0.045227034802602
246,-0.036139518046803945,-0.02379472343469592,-0.05089093451217923
247,-0.03435168677041091,-0.03898343554578647,-0.05674133246058077
248,-0.027037509622356633,-0.04570722355542678,-0.06271538412514052
249,-0.018266680309657994,-0.039407201556294985,-0.06873874551792877
250,-0.015343505322630478,-0.03280706738824449,-0.07376815268578818
251,-0.019885605534604833,-0.032247971545985576,-0.07741712535613784
252,-0.02566377841333317,-0.03346424647371457,-0.08027518152296459
253,-0.024768156578602256,-0.0285236894938192,-0.08229309931226261
254,-0.02000850208055191,-0.01660770025480627,-0.083728996160496
255,-0.01978960465318083,-0.010602373001533938,-0.08573305003704637
0,-0.023438924437067507,-0.020559781875914993,-0.08876808600051217
1,-0.025740998897444287,-0.037302184317148976,-0.09236643432762445
2,-0.023713133964971253,-0.04422097662340569,-0.09617226070752027
3,-0.018527092752436997,-0.03743803834313322,-0.10035058716979314
4,-0.016293855666572883,-0.026262399629621236,-0.1048834232704054
5,-0.018770134114355026,-0.02180585498689236,-0.1095124099993427
6,-0.020046722507294806,-0.02572171908875931,-0.11466917840925267
7,-0.02064229729602815,-0.029359431263081548,-0.12085084620928244
8,-0.023946107633980543,-0.026034326650124798,-0.1277810991803781
9,-0.02533033549754045,-0.020881719968875515,-0.13476218195865508
10,-0.024553091985207887,-0.02598642125347264,-0.14058898308236112
11,-0.02609755938078974,-0.04067485311590251,-0.14449060677761594
12,-0.0266886603031435,-0.04894023345220737,-0.14706481728274884
13,-0.02188611836604107,-0.04378229134565356,-0.14883231267041686
14,-0.016480610378483293,-0.03261176865849527,-0.14971813602902484
15,-0.017505970098651902,-0.02932788078309556,-0.15003194481441173
16,-0.023266993583547634,-0.04165102785284974,-0.1502035205165363
17,-0.027063229959629176,-0.054199371491261084,-0.1504683066805267
18,-0.02681118405772158,-0.05104454030158052,-0.15067686731849445
19,-0.023757400968000175,-0.04140302688695596,-0.1504949113787054
20,-0.020180211426758708,-0.03997715084676291,-0.150337488043583
21,-0.018775152717235774,-0.04702780580776331,-0.15098566133114222
22,-0.019458167213579833,-0.05309685203655248,-0.15225186747802472
23,-0.02084731203374024,-0.05061342478366418,-0.15294088220978175
24,-0.023149525702071544,-0.04343855215793252,-0.15198147206846674
25,-0.025725748588845177,-0.04015274095439353,-0.14945657625381603
26,-0.026449503379464796,-0.040097445455470726,-0.1463457450703517
27,-0.02401401990151382,-0.03362175954185859,-0.1429567341047569
28,-0.019034986780450038,-0.017382795474027712,-0.13881780882804873
29,-0.014136190688480293,-0.006724881820748457,-0.1344335161953572
30,-0.013003309540747271,-0.014796113714583475,-0.13094609286514547
31,-0.014987055032770091,-0.029953536297614602,-0.12820683943937894
32,-0.016221140047702684,-0.03620388692285684,-0.1259174053580676
33,-0.016385866860650147,-0.031177952349657312,-0.12427043412010697
34,-0.015763477167595824,-0.021589150867295903,-0.12258801382133877
35,-0.013453266992730145,-0.019475867513163936,-0.12048382114159956
36,-0.010763574033566356,-0.025972144901553917,-0.11824318611525275
37,-0.009809668481655034,-0.02915433905557402,-0.11514129490555441
38,-0.010067347213186736,-0.023713475274374646,-0.11044337949172262
39,-0.010858619834017598,-0.017250583980933654,-0.10481866107438842
40,-0.011222166913513507,-0.018514185676234807,-0.09925383192703252
41,-0.011052216278159013,-0.024890213435247555,-0.09434273999734677
42,-0.011075577044815196,-0.026176079043239292,-0.09042375024294769
43,-0.009491007041584953,-0.01588993957706994,-0.08725191661725476
44,-0.0066315101645351045,-0.0021684914326064453,-0.08401563345412896
45,-0.005397562956640258,-0.00004455589477064814,-0.08034673713567617
46,-0.00551510740583247,-0.008254289740464493,-0.07634780525813578
47,-0.00399414934262627,-0.0122455153874583,-0.07171348883194234
48,-0.0014507632212384207,-0.005962919412397016,-0.06637339166313144
49,0.0007856337703603909,0.0019806081133759146,-0.060933401306428575
50,0.0028959985096888366,0.0005968074402082912,-0.05588793109258361
51,0.0020163949567905057,-0.006904443870004495,-0.05148346983757174
52,-0.002226691466849187,-0.006881566421878205,-0.04788676365312165
53,-0.0038681126250095857,0.0019568138103454036,-0.044824102281305844
54,-0.0013418621598999484,0.0050480636830279035,-0.041908783957730775
55,0.0003243868903348712,-0.003828935188671112,-0.039342274413429454
56,-0.0000032339672096370897,-0.013711240207450348,-0.037416334375136195
57,-0.0005566335918171031,-0.016105294108786916,-0.03580366580838422
58,-0.000738892389847666,-0.013627356908982452,-0.0337311019257797
59,-0.0013931928526592849,-0.012724026384739892,-0.03080064070674872
60,-0.00189621579553155,-0.01668924555289114,-0.02753565703826663
61,-0.0015144682355699157,-0.01907944651107507,-0.02478783450259371
62,-0.00108037140854967,-0.011446315356856418,-0.022555747414714104
63,-0.0009445381214022372,0.0027531119150845107,-0.0199632273770382
64,-0.00221308137341311,0.011544278735021035,-0.017187714223106457
65,-0.0043897062117250335,0.007527064689364482,-0.01590116571151661
66,-0.005468212303023797,-0.004233671759235225,-0.016577352570265214
67,-0.003897226824008778,-0.010659327533386664,-0.0177797605873777
68,-0.0013118573101813854,-0.0047794948026077255,-0.018401408216796034
69,-0.0008188319415338846,0.002979228871563794,-0.01815721008548825
70,-0.0030869102018432487,-0.0014977067521904641,-0.016589529129494587
71,-0.0058495234310961194,-0.01101104261658889,-0.013575363068945807
72,-0.004821949071673678,-0.010928321664001373,-0.009761972655569703
73,-0.0033289747386930236,-0.0050349521073227155,-0.00577695779922556
74,-0.007172127572523168,-0.004672457273876218,-0.002240374584015513
75,-0.010891912018058357,-0.011161403285366356,0.0002033044480065256
76,-0.008953226310136808,-0.018768103449040452,0.0015461211065916185
77,-0.00586113617246059,-0.021146316601938775,0.002376302264214057
78,-0.0069386940241749,-0.01601386089513815,0.003437671434893241
79,-0.010573247542474608,-0.010684313083930919,0.0047859484047122645
80,-0.014043001075114206,-0.013929909455110245,0.006004244541591433
81,-0.01784228767334535,-0.020711120579766873,0.006976708238647614
82,-0.020084175531394223,-0.018174494598022783,0.007496893886438298
83,-0.018135898578201318,-0.008495416771285957,0.007935279510680692
84,-0.014445032204952413,-0.005393521127385448,0.009055911282595662
85,-0.011663518933351345,-0.0117142220345412,0.010499863306472984
86,-0.01201458621652518,-0.02003922639080155,0.011449985411031566
87,-0.01477873606471234,-0.022381273390558162,0.012016824586992388
88,-0.01449389474269866,-0.01619071469335656,0.012640621802003184
89,-0.01417669620303963,-0.009901588677806605,0.012963895143728123
90,-0.017163396087115423,-0.011326564695302521,0.012200617246160641
91,-0.019365087107348154,-0.015797475459860877,0.010147007463095443
92,-0.019274066307429075,-0.014302036481113334,0.007123179588778519
93,-0.01539521661840794,-0.006051486186796323,0.0037748836993648054
94,-0.0085861599401661,-0.0004377609925917958,0.0015747026608986942
95,-0.005143126658346833,-0.005265105276337723,0.0013166235503799615
96,-0.007588389594025684,-0.016452894264363388,0.0020613245592227356
97,-0.011275007874696128,-0.02162080682604739,0.002924151115574307
98,-0.010482762177353604,-0.013882784757294209,0.0038888652211778903
99,-0.007248378609272424,-0.0008627162424008905,0.0052413769122984614
100,-0.006575661733088382,0.00531409535268737,0.006762856904521266
101,-0.007711380654377759,0.0005137926775882762,0.007848967193339716
102,-0.010067788483630758,-0.007233724105452227,0.008451955126547304
103,-0.012961083672742985,-0.0033243558692672287,0.009153011450248702
104,-0.014194212508029713,0.00956303315295412,0.010406811623991152
105,-0.013380466088878856,0.009674739483123723,0.01166542581625881
106,-0.012060037938612655,-0.007088231950748203,0.012084347925833915
107,-0.011765924058340559,-0.018971649241763505,0.011881452089897195
108,-0.011645940257635004,-0.014737189023757757,0.012027777059965265
109,-0.011392853967312416,-0.0070989636476964935,0.012822611592045934
110,-0.01205547482657327,-0.006523377499354749,0.013713904375058383
111,-0.012949133614792215,-0.010345207058016767,0.014460147215498452
112,-0.012886362937718304,-0.014097200117855285,0.014916433123690252
113,-0.012736812013631568,-0.01606231176743464,0.015052318341098249
114,-0.01290235544558984,-0.01714467042649112,0.015110959256391006
115,-0.012422132423273835,-0.020028106066563384,0.014486046025122871
116,-0.01187060473821304,-0.027501412395078778,0.012833165260259842
117,-0.012076888380757128,-0.03236732813403258,0.011162063377639097
118,-0.012013773370508862,-0.023882401070025636,0.010236966920674103
119,-0.011627852056619774,-0.011336986440130592,0.009943875301682137
120,-0.01210626339506472,-0.011456800817742863,0.010096675014281287
121,-0.012687851716208075,-0.019812704495546986,0.010626947118385745
122,-0.012349851519450065,-0.021719315604209026,0.011493163791575858
123,-0.012166879282321422,-0.016309754538700344,0.013255492958764742
124,-0.010934974239994968,-0.010494237764553382,0.01628157463700971
125,-0.009988228171171079,-0.009793447866643518,0.019314582159878878
126,-0.012882224070004444,-0.015198018996992718,0.021339010354196733
127,-0.014977841767654737,-0.017898229134932206,0.022744499480535994
128,-0.011806515361207453,-0.012028408130794824,0.02376851424438009
129,-0.006053840453983536,-0.006222873669545451,0.024082524376608093
130,-0.002930851476646181,-0.010476244387202127,0.023468706579171453
131,-0.0045776101909957845,-0.019397741178962244,0.022240088211624306
132,-0.006928401424858436,-0.020961874299391822,0.02088233490039386
133,-0.005882022349213667,-0.01380831537715399,0.01998530689651773
134,-0.0033528345666471674,-0.005986717611848047,0.020279611975777295
135,-0.0016750863159147242,-0.006693739066597676,0.02131898079461543
136,-0.0012554255416983573,-0.014935724544108755,0.021735245849097397
137,-0.0022142673560151677,-0.01706943028598626,0.021511286664720818
138,-0.0026265169494730633,-0.006699679359644176,0.021211943994859192
139,-0.0036800733821578287,0.003145106990615071,0.020603114717532976
140,-0.007897664947912348,-0.000047435654240729486,0.019724745249968235
141,-0.013250071544929375,-0.008947607867696938,0.018896419514942545
142,-0.014372670596623657,-0.010234504151877724,0.01843859901967733
143,-0.010656469554282608,-0.0029198611807499317,0.018768290197181667
144,-0.007685813446091275,0.004683951522370833,0.0197282866105883
145,-0.008850893740051144,0.001992051363235353,0.020504074006039
146,-0.013658642964302498,-0.009026271454012552,0.020745264046757986
147,-0.017876794999109297,-0.01219193686334949,0.02154251327771179
148,-0.018274456603591418,-0.0018913746472187312,0.024185777958676873
149,-0.014988574093032302,0.009772637532486847,0.028610715744429076
150,-0.010176783858502413,0.009189365200465344,0.033890088535344545
151,-0.0070987985792056755,-0.0008803248071822672,0.03913923962076821
152,-0.006238653422858028,-0.005287412621227554,0.04383612879833247
153,-0.005199043873005849,0.0025738799218779015,0.04809495039869749
154,-0.003848869123107182,0.013096023977331644,0.05225098852875412
155,-0.004561500514928138,0.01168904916937441,0.05583203277002985
156,-0.006347959646626749,-0.0010794805642944105,0.05834079046330695
157,-0.007204217228854516,-0.0068762800904802746,0.06042756458937126
158,-0.00659484008879194,0.001027547707168605,0.06298421936400572
159,-0.005365719312269446,0.008936141868895714,0.06592424412652911
160,-0.005584430594260691,0.0071742361752265005,0.0682063640369249
161,-0.006540753615631898,-0.001018225922642113,0.06886738404302392
162,-0.005179194815973065,-0.004679487455503617,0.06784662200554109
163,-0.0017586922154065876,0.0009000133426036727,0.06593808783120894
164,-0.00287538818515011,0.00670108895696965,0.06336952337793364
165,-0.008482271355233339,0.0037120863118555586,0.059531167616764274
166,-0.01021980614307789,-0.005344218892520583,0.05545652422289443
167,-0.008010342066484866,-0.008960822951996489,0.05309010349883375
168,-0.007467278081600951,-0.0025253302465339383,0.05292051377723314
169,-0.008812881277978931,0.004082989877915,0.054219031424039
170,-0.010418053271964435,0.0002916427492762885,0.05571321081821415
171,-0.01183988464769159,-0.010288186704480992,0.057208157512512126
172,-0.012436428518331884,-0.014602789903231855,0.05917326540401746
173,-0.013067490614581005,-0.008809976737089262,0.06107014770485528
174,-0.013712681749555249,-0.003055490018577009,0.062238077138201536
175,-0.01317455924272675,-0.006425092574728675,0.06228209106195998
176,-0.010549047964313524,-0.013871716933214318,0.06086613369800414
177,-0.005948834504507727,-0.013164346951345496,0.05816968096131539
178,-0.00020994075540667692,-0.0016553057582543995,0.054318773204562215
179,0.0052891575324201905,0.009896389702640618,0.04903029679527335
180,0.006031792225910786,0.009002909249355137,0.042942449343567196
181,0.00010629367306883714,-0.0010568565128150215,0.0375455504341899
182,-0.005549051810154672,-0.006678291577011261,0.033371730517567796
183,-0.00534678622933801,-0.0023487725612563043,0.03016597766429044
184,-0.002612097150013218,0.005435807758892873,0.02764227137840053
185,-0.0010131243093079965,0.0067284623380900604,0.02530355098170517
186,0.00045863202074345605,0.003592658713382227,0.023455383082617076
187,0.003186537326579142,0.006011343404981995,0.02291975306171709
188,0.007641583246431501,0.015058790994309137,0.023356579600306446
189,0.01139378732350202,0.021524063488072592,0.02367869499606983
190,0.01210668199682327,0.01932728025578548,0.023035515867473322
191,0.013688938508845769,0.015829931127031238,0.021343801337948394
192,0.01889345898027857,0.020976248733253877,0.019333525015690425
193,0.026607130651444377,0.034082932934029156,0.01775783964399473
194,0.03234673904222664,0.04329262034855723,0.01712517917493838
195,0.0303102534382376,0.03960586399613073,0.01729183530095786
196,0.022918178396485737,0.030423910414176348,0.017347795021392387
197,0.017577163683852134,0.028065184295424053,0.017008572552151248
198,0.020107500765532325,0.03668350807364611,0.016664005865287324
199,0.029304453289363937,0.04578844213946426,0.016153532819248084
200,0.03567203437778346,0.041218944960552534,0.015173005061159851
201,0.03452376972732943,0.028791141933048492,0.013493653477071432
202,0.03157169506385106,0.024836757732194598,0.011096287824895024
203,0.03254952376601461,0.03351037698178466,0.009171456214746812
204,0.03556124654023261,0.04532806443401322,0.008980021741892663
205,0.03603577010630486,0.0483638535843742,0.010113990980953072
206,0.03442303873304488,0.04145252835245955,0.011224359146920649
207,0.033030400348292036,0.03686817111343041,0.012180418832644091
208,0.030740576221354482,0.042456197540908874,0.01349055310126992
209,0.026322250423271437,0.04617466257517153,0.014733394369056643
210,0.020373945751703218,0.03572475912017831,0.015513364656929221
211,0.01632361180314535,0.024147170298807197,0.015581397831978795
212,0.017560517177233212,0.026617863118177487,0.015066483447857652
213,0.023600470587156856,0.037280212401630056,0.015069016545845915
214,0.03075365766048606,0.042696408684593096,0.01591323409844618
215,0.03328848192910656,0.0363496174413043,0.016799702644198077
216,0.03163152242580209,0.026023776803406562,0.017430934086516123
217,0.030334783786945582,0.02362017706108388,0.018031591740527018
218,0.030858121258202142,0.02962715116970349,0.018561645605070322
219,0.03220121841805865,0.03395096099870348,0.018759697276474356
220,0.030814781974529318,0.03100228410219588,0.018872756975110372
221,0.027927777311939295,0.02608431460630098,0.01908806906932757
222,0.026890304732874848,0.02645410456763303,0.018836249997421464
223,0.02619878674173832,0.03411014694010435,0.01829205472837929
224,0.0250093670248876,0.04150180801846977,0.018158261282085253
225,0.024579088630925006,0.04032630150557141,0.017889995512875352
226,0.026279914181143244,0.03560965578373165,0.017623760685390226
227,0.02845911628386534,0.03675632432341068,0.0194135635652964
228,0.02826931102160264,0.042380040530565655,0.02452436841933351
229,0.027157115967204465,0.042977834664849335,0.03220625229499392
230,0.02657606082456715,0.03204147509141603,0.042156648634461794
231,0.024914315728634617,0.0179510785146689,0.0554903097295282
232,0.021452484687779966,0.015590669584985756,0.07240057655820303
233,0.017825274325406197,0.023096208013256486,0.09143433045834198
234,0.015579281453109824,0.026320092978143653,0.10976586086840898
235,0.014765999481153442,0.019961704319645307,0.12402024671868894
236,0.015908525442047353,0.012712852841382682,0.13264652874792893
237,0.017619097588076293,0.015305310772614267,0.13567189675246172
238,0.018701593422555306,0.025801684096118382,0.1320319283543171
239,0.02144043019968559,0.030895338993676413,0.12000569378768677
240,0.024371959247646527,0.022201399495531904,0.09868283937661015
241,0.024123933337648548,0.00914004373001051,0.06623820222627946
242,0.0243820827273665,0.007383400305301185,0.02103777758318831
243,0.029198649014888847,0.016760613880750896,-0.033698785914554746
244,0.03382264422316573,0.023623705186647775,-0.0903823406181169
245,0.03321574425643703,0.01932064874383091,-0.1422481174595227
246,0.028183131842236038,0.007848723772438976,-0.18609914714866022
247,0.02173774280320207,0.0007222352923516168,-0.2208637618229934
248,0.017019705988369438,0.004567376522227856,-0.24592313487964756
249,0.015805366814982444,0.011237775322328086,-0.260424853015238
250,0.014737037491195218,0.010440932344924742,-0.262576753816381
251,0.011068897837711353,0.005984970838068093,-0.25073540084802526
252,0.007902407061707962,0.00800732760663972,-0.22569915444887723
253,0.005847191546891416,0.01676006004771083,-0.19081399716075786
254,0.0037629247106149497,0.023591675263870543,-0.15089982234854188
255,0.00283871336671096,0.02099202007851092,-0.11141477837463187
0,0.0028822653622061767,0.011096808285737086,-0.07619483346359313
1,0.0011663228119348744,0.005481400417287147,-0.04580913624482519
2,-0.00047034447376758173,0.008736328285247605,-0.019489905709137417
3,0.0020002742084810343,0.015094328211098379,0.002471577271853126
4,0.006979022208103612,0.017761049335099338,0.01972577744130285
5,0.010559621858603152,0.016185190298694363,0.03307605457856026
6,0.009731119520425423,0.017841573045154546,0.04337479487634546
7,0.007860959132567858,0.023415974096193753,0.05134589368532788
8,0.009432728789668297,0.02527855368787668,0.057421455378075026
9,0.012142421035899877,0.021338295510382438,0.06117288581450403
10,0.013310573555100218,0.014283572468392944,0.06302001367084101
11,0.011536754279717717,0.010907958848348581,0.0642563407026116
12,0.00784169642766034,0.016546182498546697,0.06514889045735045
13,0.005796621113909127,0.02193726588762443,0.06554610817924811
14,0.0057933702207139184,0.016685532489975285,0.06580614941912083
15,0.004728541806454226,0.005994195302728572,0.06637128812293613
16,0.002495357765753343,0.0010152073141621032,0.06773568148393164
17,0.00023138865459617491,0.006596572147489391,0.07053707725189512
18,-0.00357811610417183,0.014682886200954398,0.07472726369987645
19,-0.006732723291235754,0.011728338544539807,0.07899166313477107
20,-0.005687610407069735,0.0018399756553975632,0.08222076486721974
21,-0.0015209676725113017,0.0020828301577077435,0.08450845038406377
22,0.002411053056483037,0.013888614004249553,0.08627718127956874
23,0.004408605873965261,0.02174137912579724,0.08746090439415599
24,0.004735957809832547,0.016550955748325852,0.0875920222944036
25,0.004752777571665229,0.007595199127374053,0.08712787854919474
26,0.005460816125688536,0.007510827903986814,0.08711117754658823
27,0.005443675176576089,0.015140246285135328,0.08856257431216666
28,0.004296013487928723,0.01942297683630806,0.09195847992140874
29,0.0020498828370421173,0.012348351625907361,0.09576209361432175
30,-0.0005059847425504674,0.0010209821014182663,0.0986033884306827
31,-0.0017570119194174252,0.0010152814593608894,0.10104844491123377
32,-0.0015463621093717225,0.013025468591306932,0.10348195603157112
33,0.0009183553237331055,0.021471007329324082,0.10517008837391678
34,0.003531276040357932,0.0165665292683064,0.10595572468337755
35,0.0027514534484816156,0.005570016189444665,0.10659486492714165
36,0.0006325658208464827,0.0010962994559567951,0.1070839454015941
37,-0.0005609882944597848,0.004134112572979326,0.10713881079841808
38,-0.0028753964188769944,0.004042837494124707,0.10709753390322774
39,-0.005069885184120073,-0.002485879612978137,0.10669200823283981
40,-0.007225807789144254,-0.006302768528239938,0.10534833000404703
41,-0.010155770258432624,-0.0003128170932114177,0.10362190523668197
42,-0.011142471671850472,0.010477264451658808,0.10244320006263352
43,-0.012393738191466233,0.013407373769100006,0.10177592190079732
44,-0.013388416162048847,0.004906561790993469,0.10110954634509195
45,-0.012192623759087334,-0.003863917419438423,0.09984561410026316
46,-0.010938244758136616,-0.0021871204944861194,0.09733678116322814
47,-0.009136754285706712,0.0071779129531682195,0.09437532086420192
48,-0.007227676107246731,0.013875374925795311,0.09269099866885933
49,-0.0059918088515539805,0.010181031375451732,0.09241510395092409
50,-0.0053527931608338495,0.00046065138082540535,0.09240584202934599
51,-0.0074127730376937675,-0.0021393558195883233,0.09245648867970815
52,-0.009744244501738776,0.004462472365907355,0.09314585020174682
53,-0.009705910815393876,0.009222320899704955,0.0940728861739955
54,-0.009828421730293704,0.004492431078697956,0.09456432579066343
55,-0.008779043120714536,-0.004135530373702817,0.09446157550480727
56,-0.004776867277412146,-0.006488763690507188,0.09301741078585107
57,-0.0019138166210032823,0.0004098821907753958,0.09037587205110093
58,-0.0036647166412019545,0.007710074922637047,0.08818003310020078
59,-0.006206477227912455,0.004480613508123815,0.0865491013689558
60,-0.006237588118531902,-0.0068777259096091115,0.08446719620949739
61,-0.005307822798186538,-0.013599228346491271,0.08277766480056478
62,-0.004121302460151115,-0.008483626238040054,0.0826342266758037
63,-0.0050854613605975235,-0.0016788314232012574,0.08330363616942738
64,-0.008385242133582396,-0.004665676282098047,0.08393537699343498
65,-0.008916059015616588,-0.011115751165517662,0.08434086638524046
66,-0.006871093395558227,-0.008353670076702999,0.08424018850085016
67,-0.00486401614568395,0.003145494639271454,0.08385694310447517
68,-0.0018657293362426483,0.009584955216437985,0.08364773033639011
69,-0.00023963903317007762,0.005014345384226376,0.08333013574512488
70,-0.000884699652780218,-0.0012980831189238207,0.08276720845915583
71,-0.001143653501772278,-0.001089881545482535,0.0824344875053784
72,0.0000850016043210805,0.0055509370321503715,0.08253732672951483
73,0.0019441699162865422,0.010790905766853792,0.08311636192436442
74,0.00026732570623590884,0.005325549229916571,0.08434726518751148
75,-0.0036859599900879447,-0.005656948192247185,0.08592729743617464
76,-0.005532810073565632,-0.008314930050405109,0.08745213659278067
77,-0.006464657065782552,-0.0020935036770772103,0.08936468294478192
78,-0.007443556099946361,0.0025249331095065775,0.09190175447630847
79,-0.007342591829757654,-0.000959926764897201,0.09403608492079277
80,-0.006566935144021883,-0.00710133191957063,0.09499980263110352
81,-0.006102964243888987,-0.003957356436154455,0.09554556562055458
82,-0.006927178040170526,0.007305830327535623,0.09656730429540936
83,-0.009899175734162094,0.010964486929907424,0.09789438920815638
84,-0.013088432638200554,0.0012952024121544448,0.09935615197305298
85,-0.01433677845543807,-0.010359235967132313,0.1011101347309396
86,-0.011037657748196886,-0.01350338749204208,0.10275794361115198
87,-0.005464155604542546,-0.007327996361143174,0.1039292212362864
88,-0.004903486892264303,-0.00151123234830286,0.10476357587086566
89,-0.00721761217311466,-0.005114556720655861,0.10538192397681484
90,-0.007748493663760151,-0.012517318042159997,0.10593471254940601
91,-0.008746497437045017,-0.014327274728225717,0.10700714547013168
92,-0.007684136379237705,-0.0070817342833350005,0.10895929950303429
93,-0.002260155438018552,0.001483328391443009,0.11151541849107244
94,0.0014165665352796238,-0.0007218503821295741,0.1147659540993402
95,0.0011476096730177812,-0.007479747846264373,0.11873102687438392
96,-0.0018918826253290465,-0.006019678855731486,0.1226090334577769
97,-0.004316377675017996,0.001340240247255431,0.12611687129367083
98,-0.0024319589244202362,0.003117845097792782,0.129200074393221
99,-0.0005789278093136924,-0.004528901577243921,0.13082002235835677
100,-0.0027596729065405487,-0.01296727150099089,0.13030013811008212
101,-0.007032555653369216,-0.014292797998114337,0.1284359875574314
102,-0.008764414874417745,-0.008204486257189059,0.12637178841652347
103,-0.005866591823114029,-0.0038470427460008116,0.12460330642485601
104,-0.003283618191976187,-0.009752013168266321,0.12360932115297074
105,-0.005461379766663173,-0.01745464760284965,0.12359134565068158
106,-0.009332832775588176,-0.0158369374348845,0.12395915534532448
107,-0.010376289594408818,-0.005053759581386125,0.12440789928814261
108,-0.009420745631707875,0.004773742166093775,0.12496424453461291
109,-0.00799569144513964,0.0015416026327269572,0.1251294131051236
110,-0.006469244657231049,-0.009926124915955875,0.12433629326630058
111,-0.005602516332752043,-0.013123427612950891,0.12296069744794941
112,-0.004498365405604962,-0.004767929882195515,0.12174997767841977
113,-0.004871938749126895,0.0001134084215398401,0.12058933797274934
114,-0.007362500349152054,-0.0072789008815001,0.11904177025110496
115,-0.007442423082637022,-0.01562313939443502,0.11699351990015977
116,-0.003999559218704908,-0.011003317110761066,0.11470406972140607
117,-0.00036859254335927516,0.00552459713701943,0.11294587818125967
118,-0.0006363471733249818,0.016591706342082152,0.11177549041377072
119,-0.0075835532645697565,0.008732391412149432,0.11016830570313307
120,-0.016349610802838394,-0.006765799871939315,0.10760856598344137
121,-0.018308016816907538,-0.009940496248401293,0.1045023944780622
122,-0.01438983968218603,0.0003907390251943893,0.10099823955982279
123,-0.01297727939084636,0.006991744814010825,0.0966570498049864
124,-0.0159926084618671,-0.0013906746518627389,0.09148061593810242
125,-0.01771440767283332,-0.012670473502374408,0.08589285450604564
126,-0.015564980168839643,-0.011891200492272685,0.08017261779259449
127,-0.013754839717539977,-0.0026118331348699286,0.07482746883003513
128,-0.014069883111329763,0.00019000789146469965,0.07007745976143537
129,-0.011854253434954248,-0.008551816958363573,0.06531504882830858
130,-0.007461394987828631,-0.016117306267204784,0.06022951020981049
131,-0.006297583660528471,-0.01195572548243451,0.05529458383915656
132,-0.00847799742031086,0.0004872592213603366,0.05117839482954323
133,-0.010425087478737608,0.008733355005002746,0.04781352990839069
134,-0.011748254866367477,0.00455384725316374,0.044667029723592516
135,-0.013364424237688952,-0.0032638108296676183,0.041735824853491865
136,-0.013313762418624697,-0.0032884715232698175,0.03868119500678309
137,-0.011416277964981486,0.0034146048287166247,0.03544841688054089
138,-0.011757148018295041,0.006906758276214453,0.0326289917343221
139,-0.014823446394259449,-0.002400707758456605,0.02983897082913335
140,-0.016416227064698335,-0.016903275957484615,0.02660355929568964
141,-0.01534005418522168,-0.019532676525584144,0.023277349032059094
142,-0.01272642093896435,-0.009330016444118613,0.020161165002431425
143,-0.010517620628439993,-0.0013345179152345898,0.017048690469740446
144,-0.010946632912494605,-0.005766805216105869,0.01392611150786599
145,-0.014867468442644478,-0.013807898317798217,0.011051708405494888
146,-0.01939821822639358,-0.012040487188597931,0.008533126986782017
147,-0.022224214762541786,-0.002670182064763285,0.007108392325120581
148,-0.02366870388390621,0.0016697884664841345,0.007131336371183274
149,-0.019577860189998957,-0.004330535431572358,0.00747648728937091
150,-0.01274863122818986,-0.013614941430761862,0.007559456262785997
151,-0.011300992966085409,-0.014012081991274197,0.007952929981453548
152,-0.010764311060485764,-0.003597139866359872,0.008457829032791735
153,-0.006281405572131783,0.004204505944001485,0.008284887394068532
154,-0.0028327761622322836,0.0011072888308719664,0.007410044052639543
155,-0.0029967180910646053,-0.006678331738209184,0.006110752541985301
156,-0.0027624842676960953,-0.007043735743940016,0.004279501922951496
157,-0.0020660537190501384,0.0030400183584053664,0.002071111433524772
158,-0.004310799151377687,0.008728159504212268,0.00024245182710055588
159,-0.006429110246306414,0.0017654674115183122,-0.0014144043146204974
160,-0.007527710849940205,-0.006792272057684956,-0.00323965220472797
161,-0.010429651734371902,-0.006700078849467689,-0.004010145311731626
162,-0.012354968032666298,0.0005180358956289877,-0.0030342414633996017
163,-0.012032649498185492,0.005028210460222143,-0.0012951831526411169
164,-0.010647044294112666,0.0011387602913910527,-0.00019301206208196912
165,-0.009607635150078724,-0.004688972127324789,-0.0006567924483610061
166,-0.010207728837635675,-0.004350801206630603,-0.0021950145211066634
167,-0.010098584405902812,0.0019463783301485599,-0.0030139731680087177
168,-0.008740971020008904,0.007121256872956672,-0.002495365863489498
169,-0.008666549269778421,0.002428608411002453,-0.0018953221499801304
170,-0.009357329272437816,-0.007908000584160996,-0.001874590520796221
171,-0.009160000653095085,-0.007244894315137265,-0.001829998050966116
172,-0.007903183920325886,0.005848120452457958,-0.0012282821590307597
173,-0.005039458008746785,0.013355079822636243,-0.0004453677250292965
174,-0.0032864387354292063,0.0077814486406401345,0.0000793179466987877
175,-0.0058709138170410236,0.00003680623514518144,0.0006779193277530703
176,-0.00803974840697911,0.0015537217528821257,0.0017336933276982328
177,-0.00457397508638906,0.01565425672560268,0.003714622135622083
178,0.00026144394603555554,0.0358003859279879,0.0065297942200206
179,0.0028600464681182505,0.05316504865411631,0.00968763912193722
180,0.004287262404483065,0.06170545057977021,0.013226873062712622
181,0.0034058660593297273,0.05346177197450688,0.01673602179111602
182,-0.0010038917915730552,0.0228569167002049,0.019131421373939708
183,-0.006747385970591293,-0.02089687542224361,0.019898627169095795
184,-0.010781685449560721,-0.05340635364890822,0.019277000887966467
185,-0.012609889463213057,-0.05512968546959357,0.017456187383694755
186,-0.011883880743253313,-0.027806282417505157,0.015263550771463921
187,-0.007939477103601836,0.010622399099350477,0.0139304914440605
188,-0.0011397113534507702,0.038961231304366906,0.013223747072215422
189,0.004702084529746728,0.04789722638289873,0.012714810958059632
190,0.006721405658299012,0.04735035315868391,0.013423850200876969
191,0.0074474474651528705,0.04260048545893125,0.015448299753593351
192,0.006436684545191973,0.021484817504224263,0.017438926346089872
193,0.0015851675620310035,-0.01654959769931741,0.018439080829376023
194,-0.003278490735424175,-0.04658059991943231,0.018051197603193195
195,-0.005045457052769889,-0.04863944956989619,0.016825933823200412
196,-0.005899392565748632,-0.026218421417151805,0.015877719517032346
197,-0.006984443420448044,0.0008200385005979749,0.015334721813084665
198,-0.008653076552658567,0.011101760695760854,0.014381794713913779
199,-0.011989708473055027,0.008681651411829971,0.01290328358941752
200,-0.014656313146135802,0.00980754666747996,0.01194266794339044
201,-0.014019988863993298,0.01158647655208267,0.011538139723709234
202,-0.01202332158862323,0.0030626828738358203,0.01051569300116871
203,-0.010119727969123096,-0.014073437650293119,0.008440285013453445
204,-0.008948302374472507,-0.027314158982057468,0.005710730740550327
205,-0.009181776844152799,-0.025959882136851464,0.0030867944505615363
206,-0.008783008298050128,-0.011328926678810136,0.0013226380123562143
207,-0.007839209496326244,0.0016031713775415124,0.0010307318889559575
208,-0.007023437344375383,0.00250358643174442,0.0017704783254377313
209,-0.005953621497002404,0.003628719129832536,0.002715392996601257
210,-0.005218140823602849,0.02047703960596403,0.004337736063481756
211,-0.004098826650362784,0.042317869860495794,0.00652616505758738
212,-0.0025070682025373214,0.04178960172768176,0.007800309618357142
213,-0.0020526501926054347,0.014720038540263047,0.007295247208996179
214,-0.0028299194707611525,-0.012420143938147943,0.00545893547803443
215,-0.003741005872176531,-0.020708098159543775,0.003293430926071733
216,-0.005029549401080163,-0.01617326505794403,0.001579246363946074
217,-0.006461674954642262,-0.014271981814822476,0.0005766047691010134
218,-0.006725350494785856,-0.02126732532375808,-0.00005035399886459124
219,-0.006237114993031798,-0.02887872263302249,-0.0009159764143127358
220,-0.005786631274325077,-0.0276030945474407,-0.0022670914667999725
221,-0.004466367283100882,-0.018952613352793968,-0.004010549606406538
222,-0.0028755396557546414,-0.011793294994511205,-0.005952595172761241
223,-0.0027953995491011158,-0.010527730461464158,-0.007890345028236066
224,-0.003400129638956334,-0.009927832087768929,-0.009400307548433386
225,-0.0018536456911945887,-0.002700298721698635,-0.010104168699290011
226,0.0015513245669524292,0.010798837978520437,-0.01004992767905305
227,0.0033221410502736054,0.01801990243461249,-0.009486406955776058
228,0.0017593773659567852,0.007485522947550782,-0.009197784266107602
229,-0.002337571289433793,-0.009329115944265443,-0.009817010375620189
230,-0.005499498766550967,-0.012997604768476112,-0.010914525816921788
231,-0.003530201674073155,-0.003105170420476533,-0.01177292323954826
232,0.0009579472564090682,0.004666093517030734,-0.012216624554133831
233,0.0009321494652689971,0.001343803119545628,-0.012171575505285956
234,-0.002218200628491304,-0.00286609282193373,-0.011394096777910458
235,-0.003796379482711429,0.0005593600334364845,-0.010531616191364848
236,-0.004718462009786192,0.007505254190762978,-0.0106929338271202
237,-0.005854749197146132,0.0095980641755673,-0.011847746577449511
238,-0.006070024265532284,0.0008554553272546173,-0.013553395515791496
239,-0.0073245588975879294,-0.011789631906384379,-0.0158148669599405
240,-0.011406387587618194,-0.015181263703836656,-0.018228908380214737
241,-0.012495299097923969,-0.007723389909909617,-0.01983280339499985
242,-0.00950159236990069,-0.00042501502077185727,-0.020386783202411746
243,-0.007927061366614002,0.0005077344612252066,-0.02066085936476654
244,-0.006442238566931248,0.001250906301418997,-0.021331173449863808
245,-0.0026978113313515864,0.009082142746166588,-0.022531733325379298
246,0.0012048082896194065,0.020668527834311945,-0.024214764126166383
247,0.004487925256524847,0.022159254936960804,-0.026703598822488447
248,0.00733971012061764,0.008812717596245134,-0.030382771384829595
249,0.005552036471152405,-0.008151415496605807,-0.03479735184461066
250,-0.003877579734500248,-0.015267365808675049,-0.03848160867886527
251,-0.01335378186499292,-0.008522751399664186,-0.04059098600380445
252,-0.014400934192233136,0.0011814558463484337,-0.04178638498587828
253,-0.009915782548440201,0.006119780016564658,-0.04267944302743279
254,-0.005473723904758261,0.011557862924884477,-0.043284919495241034
255,-0.002328531620412716,0.01948663569772796,-0.04343312857957281
0,0.0012223912015449784,0.0247931757385903,-0.04268412224221069
1,0.003988762457333414,0.02001422251670415,-0.04101079224438249
2,0.0032521458253804703,0.002672805630088204,-0.03973706232833335
3,0.0022323462855159404,-0.014499028276054982,-0.04017389566421706
4,0.003954043747765736,-0.014439246310880893,-0.04217986712922919
5,0.00944562127572586,0.003999380886661075,-0.04505671911346815
6,0.01687699335278668,0.02337608777845057,-0.04799346528557777
7,0.02014597760121134,0.028531187141452863,-0.050255067761100294
8,0.01666844360176033,0.02630032960608808,-0.05175963827477682
9,0.01129816319770833,0.02684400765714645,-0.05286319092137905
10,0.007525187607019437,0.028923196851257882,-0.05366004313932661
11,0.005235708518705686,0.02458903139248525,-0.05430013842772216
12,0.0056993282679604716,0.008353371172719282,-0.055942450696859325
13,0.008114738905987096,-0.008330192895883992,-0.05857712886282748
14,0.01035213068883245,-0.010365981875328,-0.0604626244341763
15,0.012361044806191747,0.0009981180724684124,-0.060914889632816493
16,0.013875753106340885,0.0117408129897566,-0.05996581938301718
17,0.011901062849151933,0.014097700101413646,-0.05804162935259177
18,0.006195727066535317,0.014224909000213892,-0.056701752121237764
19,0.0013809689483146245,0.01845292369038065,-0.0566838647452553
20,0.0005426581211526033,0.023448602892463644,-0.057017234712346404
21,0.0015190449525839533,0.01788308516258641,-0.05723248801968925
22,0.0006878943332844639,-0.0009741939542043943,-0.057960287383602316
23,-0.0025345079865439005,-0.016407074892362816,-0.059583596177529535
24,-0.00519192539360664,-0.015316148920235084,-0.061432758513127184
25,-0.004732742656504658,-0.004311777626847202,-0.06278230162857251
26,-0.0027423672628225336,0.003838587998227394,-0.06347423392133303
27,-0.0037523859471397473,0.004657123015352371,-0.06315053193679246
28,-0.00875381960738978,0.003960426946643558,-0.061890723777236034
29,-0.01138055464983116,0.007396648804139372,-0.06032458502825591
30,-0.00941487924461883,0.011839784703482514,-0.0588706784511015
31,-0.007579211346263499,0.008287423462448984,-0.05775203125332845
32,-0.007154098228626955,-0.005404774488300235,-0.05686177793092567
33,-0.006896401142231598,-0.018401618585475232,-0.0557914720552832
34,-0.006544955419402247,-0.018638520734137354,-0.05443867439596098
35,-0.005285338999396538,-0.007030613810678321,-0.05272951075007423
36,-0.005034867303534779,0.003152673406628892,-0.051147072425240636
37,-0.008378122682507188,0.004605202801341801,-0.05063709262179708
38,-0.011917487898401712,0.003538393662293804,-0.050846207243400915
39,-0.012852621991054785,0.006496240388532332,-0.05035094834019681
40,-0.012079206764485144,0.012628961358507829,-0.04777991642134978
41,-0.009960291784694791,0.011968297209648704,-0.04351457147619178
42,-0.007970400899053473,-0.003729241690756835,-0.03958938143202283
43,-0.0075807805918301635,-0.02285189966288037,-0.03661326256411268
44,-0.007889675277869893,-0.028416661670480847,-0.03326636617829461
45,-0.006802080692974395,-0.019391521689924307,-0.029108569122861166
46,-0.005949498509700564,-0.008119553768548449,-0.024991684475345957
47,-0.006671599479027415,-0.003531648239211538,-0.021024972070535622
48,-0.006967709521250774,-0.0012451854404938456,-0.017410655591397137
49,-0.006736917539096901,0.0036048150744529828,-0.015258440744510684
50,-0.007643594885477105,0.0083413836618772,-0.014577716048010076
51,-0.00989599263734442,0.005681834685509757,-0.01451397598804411
52,-0.0098697838021653,-0.005991803184075606,-0.01512413119843204
53,-0.008243491223775323,-0.01614137849628461,-0.016737465776554168
54,-0.009586618595714302,-0.013954342475567427,-0.018975989592002758
55,-0.012647901201558648,-0.003314024353895717,-0.02124452212401648
56,-0.013579974180137871,0.0012107285367674026,-0.023114060185944363
57,-0.012585094013813941,-0.003683719512518946,-0.02403561006134544
58,-0.011429148951727051,-0.006891462550760896,-0.023672636678432543
59,-0.010899917667445143,-0.0014782892762902067,-0.022671401094625593
60,-0.012277604866926702,0.006065720156795962,-0.0220065461366706
61,-0.013274823577680651,0.004887567586668751,-0.021678937167514414
62,-0.012513164047435549,-0.007795193493833896,-0.02144562804596145
63,-0.0124471592236097,-0.02020684692764657,-0.022181405086356423
64,-0.012990211904493329,-0.018769398090165867,-0.024682596455165663
65,-0.013565535401082796,-0.007606154677310989,-0.02808820875110496
66,-0.013273846532399013,-0.0009048214399672849,-0.031289961850712575
67,-0.012029788833510802,-0.005369442192070584,-0.03473225881605281
68,-0.010997926220479973,-0.011029948985320809,-0.039503461744964455
69,-0.0089284512002108,-0.005502536361386479,-0.04565627526579712
70,-0.006140896841249341,0.00589526548576963,-0.052221228990350296
71,-0.005470267771095466,0.008156121777900815,-0.05805301741398869
72,-0.006587485271804125,-0.005105850130299627,-0.06274419695272293
73,-0.007766559254933553,-0.01939643267243596,-0.06644305950898077
74,-0.008370758944758597,-0.017966583556960958,-0.06889332164823397
75,-0.006830134311472714,-0.006118729271747142,-0.07005024572650737
76,-0.0036924701177007344,0.0007012242836285654,-0.07050838655011285
77,0.000011786216129947014,-0.0011465682192393634,-0.07052240158329531
78,0.003210314494249633,-0.0032410365129457164,-0.07006845483846061
79,0.004108301862119683,-0.0006638605541312015,-0.06961529234400385
80,0.002421343659491638,0.001892570400621213,-0.06892314777702585
81,-0.002130227965817931,-0.003685407949374664,-0.06742059223391719
82,-0.0043363527144997735,-0.016032217383519093,-0.06610247918104023
83,-0.0009267604878436426,-0.022320259558100103,-0.0657374908218496
84,0.0010543164950414588,-0.015495786784927579,-0.06570699244293388
85,-0.0010740437896529578,-0.003586958659147099,-0.0658735738318913
86,-0.002807035993046731,0.002841558674829492,-0.06656929404682557
87,-0.002918692137958534,-0.000002104750982639958,-0.06749395348664741
88,-0.003952690367247675,-0.007945361569917098,-0.06825712779063237
89,-0.005634119821855341,-0.009424080619818198,-0.06855013716081762
90,-0.005572532706621697,-0.0019842712939818208,-0.0677782875703796
91,-0.005271435406615534,0.001414408279024143,-0.0658382087761506
92,-0.004173452344033705,-0.005362049519594542,-0.06372563033708961
93,0.0008126498112932465,-0.010774221760601388,-0.0621496523983692
94,0.005515072651965901,-0.00506891822116512,-0.06120173984638708
95,0.0024830319159885386,0.005583529867569242,-0.06131990558624911
96,-0.007917049917459,0.00636447165931843,-0.06233226072518838
97,-0.01582926804189866,-0.0070407814454178375,-0.06347464676673026
98,-0.01462571457296287,-0.02009108922788007,-0.06448687183478699
99,-0.008361264740681537,-0.021338409446101103,-0.06550265947705222
100,-0.00383024613387304,-0.014034493993852232,-0.06609223564273656
101,-0.0025038810466863487,-0.009330690326579932,-0.06524527470981559
102,-0.0030822915088428715,-0.01486123667620301,-0.06315107593553518
103,-0.006403526494631939,-0.02137282957835987,-0.06040506110190169
104,-0.009486095546984569,-0.015480688283809517,-0.056868675001123525
105,-0.007927487110466203,0.0008237842029335529,-0.05299517248181729
106,-0.003603471524306588,0.011388784928764828,-0.04953730291578448
107,-0.0020598772873862553,0.0055172726231821345,-0.046589950084227866
108,-0.00635308182936456,-0.008086911855017143,-0.04434898950602871
109,-0.011866284311366923,-0.015057117729861833,-0.04338523065142283
110,-0.013932045836562212,-0.011203621650603832,-0.04350716342179212
111,-0.01669760515732152,-0.006699108544301863,-0.044064467702157745
112,-0.02266397586863926,-0.013934587592419584,-0.044959665294516185
113,-0.027606287237229063,-0.02575420108050039,-0.045920957450041294
114,-0.029237317005630398,-0.023513612901316983,-0.046208699263803305
115,-0.027586435949151694,-0.0075046739729574125,-0.045570488643182805
116,-0.0239676487316971,0.0032881976918541916,-0.044155782919614556
117,-0.021229759305434394,0.001354389946461379,-0.04178092975896215
118,-0.019980775646995394,-0.002927832541369288,-0.038036732510024304
119,-0.019517097550785602,-0.0001140236697337732,-0.0331696100720041
120,-0.019120035346281525,0.009138681181921064,-0.027367290574967312
121,-0.01771444591507751,0.011543224938741312,-0.02012841075222587
122,-0.018163820850461546,-0.005407840626163854,-0.010869132792875914
123,-0.02111894633090186,-0.02593230221754307,0.0009545487377770542
124,-0.022797355728146618,-0.02598681903111126,0.014833176647160974
125,-0.023178305988770215,-0.013480916182578392,0.028820628010640087
126,-0.022599894492575337,-0.010396938310101383,0.04100886638814458
127,-0.019637243733631286,-0.018761862084277704,0.050757789921383537
128,-0.014440994819324177,-0.024071908145259183,0.05780728228529322
129,-0.01066529717208188,-0.018990283526025522,0.06053847232219792
130,-0.00977851670821802,-0.011380764402125966,0.05632020851839645
131,-0.008839465459268996,-0.010968162785349463,0.0407469746967524
132,-0.007446997254979125,-0.0189518091612237,0.008822116447565448
133,-0.005133025887011165,-0.02545620043390158,-0.03833112721418305
134,-0.0022819258118267644,-0.02209550978409211,-0.09325705896341863
135,-0.0031383934325200213,-0.014508753877913005,-0.14833611486881493
136,-0.007144861101846152,-0.013266008376508008,-0.1990343510529179
137,-0.008123897757831958,-0.018401438681459936,-0.24323875629810143
138,-0.004294790967066217,-0.020106729540947367,-0.27894492209859667
139,-0.002483245283534087,-0.014093044713620467,-0.3037228497823139
140,-0.007504260512887322,-0.006861890745535337,-0.3152102341934552
141,-0.014132624788008662,-0.004690026799386578,-0.312282808603197
142,-0.01696412933100147,-0.007906473672055929,-0.29606199698308844
143,-0.016958212351079596,-0.014085001273349218,-0.2689066387650244
144,-0.01628208956903837,-0.014873486124966005,-0.2340082804249185
145,-0.014744885392389745,-0.007540839271777285,-0.19606514611885406
146,-0.014194651029182138,-0.0037799710520338287,-0.15978853721952307
147,-0.015450040823897032,-0.009426363580935064,-0.12779533651854685
148,-0.014393233457900868,-0.015633725674832948,-0.10096783685113231
149,-0.011782241575244226,-0.01373083723041751,-0.07930736861725168
150,-0.011892409155255829,-0.004391695222296557,-0.06183604529170178
151,-0.014191848334617937,0.001286319816683791,-0.0474163712094699
152,-0.017303258080775444,-0.0055107627699375605,-0.035783439042303605
153,-0.019834041864550424,-0.013732897292420066,-0.02653895079453618
154,-0.01859667557415803,-0.011089386530425072,-0.018826520167308812
155,-0.014547905415176685,-0.0035438801679884505,-0.012412902100092896
156,-0.011525721016778956,-0.004037135661362786,-0.007695658183793044
157,-0.009326176248925608,-0.015236039749261503,-0.004760079451626993
158,-0.009140713727948946,-0.024986540721944984,-0.003357223719108888
159,-0.014366703255816179,-0.023462693473634916,-0.0030188394802956545
160,-0.020871854525289474,-0.01357543083389793,-0.0024498220511166412
161,-0.023520047265980913,-0.006396847517802534,-0.001135828374158234
162,-0.023121629527267984,-0.008159848579799109,-0.0001401071074266201
163,-0.020788192056893723,-0.011491752857459306,-0.00005975661185331216
164,-0.017137731733978104,-0.009340626544336261,-0.00015352182124669933
165,-0.014261064573371701,-0.005563871820230756,0.00045071472465568405
166,-0.015080205279116826,-0.009961249627483619,0.0014777088196939146
167,-0.019596465817901268,-0.02118824745422164,0.0018507730814155132
168,-0.022659224748834056,-0.024553654994804358,0.0011414465928544573
169,-0.020263810455997587,-0.015564817717919878,0.00013061668363372608
170,-0.015098884177493894,-0.0027945558733796227,-0.0006489153998339159
171,-0.010469393692397914,0.0032117611932994394,-0.0016138470012683603
172,-0.006122027940120185,-0.005635850545289645,-0.0029100985029962036
173,-0.0038041254710265565,-0.01851677440001967,-0.003312909745406798
174,-0.006208605269792923,-0.01497844068836307,-0.001573691329252315
175,-0.01087980212604292,-0.000976746898632641,0.001869775785112094
176,-0.014762735235942251,0.0030428027703333083,0.005988886532621154
177,-0.01848660520934775,-0.004714318843421772,0.0101537225056768
178,-0.020426757275350232,-0.010317477977760212,0.01415704785185088
179,-0.019561977139058308,-0.005309431428253464,0.017734501291881
180,-0.01776716121307016,0.005683440409415624,0.020816905838371716
181,-0.013906275918842748,0.010108700892205696,0.02345237739815044
182,-0.010062993938256978,0.001247604042589917,0.02514843487173675
183,-0.011390393209909394,-0.00786917644038354,0.02588891968998422
184,-0.016754361586568102,-0.00401416236767773,0.026202077253814515
185,-0.01957260104773941,0.0048094692419815566,0.02608335211287069
186,-0.01615542136827013,0.0029895354217669423,0.02524199403604238
187,-0.00974711670245024,-0.010183096444653608,0.024139719297140982
188,-0.0051840311816334535,-0.017458919070654527,0.023203236600408086
189,-0.0039209247794165965,-0.00887281169958793,0.022007308487180008
190,-0.00373745555111309,0.005277980700316445,0.020419919617482435
191,-0.003916949391767184,0.009344821250229285,0.019012373419202637
192,-0.004616234084280099,-0.0007463153557366597,0.018041582992087364
193,-0.005056199225169517,-0.009858659200716283,0.01766789318587101
194,-0.006738297124660795,-0.005158261655767299,0.01856947672996915
195,-0.007900051095434275,0.004665465135395813,0.02044033052423734
196,-0.0066118229799839705,0.003975135342309921,0.02192249055692038
197,-0.007010958885367367,-0.006603830646233197,0.022373398008352745
198,-0.009027102713289666,-0.013097887032621117,0.022050724206759645
199,-0.0082936714714366,-0.010599725778872665,0.021566279865577936
200,-0.0054718755568817015,-0.003704858864885502,0.021474217693336253
201,-0.004269382823985431,0.0029261275596252356,0.02170076215161415
202,-0.004756616225993805,0.0039853341527256725,0.021557142772538174
203,-0.0052231869249134665,-0.0003668028699733705,0.020578019797809134
204,-0.005120791723251972,-0.0006498316565607537,0.019352433704376552
205,-0.003265069094107514,0.004590926765975889,0.018521611528331705
206,-0.002252717859124117,0.0037595262869839774,0.017583398243890942
207,-0.0036101954610651896,-0.006628466476497341,0.016340017682467185
208,-0.0028229439288215905,-0.014368743757258357,0.015157390026663893
209,0.0010478282667718587,-0.009582328106158666,0.013798880310328436
210,0.00449113176216559,0.00255580440154643,0.012412760113897463
211,0.00521197564688906,0.006433629609224584,0.011565279779752247
212,0.00279276139529085,-0.004433757169462621,0.010849170294960318
213,0.00014692481443749975,-0.01238059729040708,0.009864120021160393
214,-0.0000017421060635181007,-0.0025493744656585604,0.009159799145734336
215,0.00038998109545086007,0.012885621270550152,0.008771634413849018
216,-0.0010404786972539395,0.01538856337980804,0.00795701961997863
217,-0.003176024044538109,0.004640333941327152,0.00623294583350999
218,-0.004218014620290374,-0.005361356573396647,0.00386484295781336
219,-0.004832038311090463,-0.004859161865683831,0.0018982293769568281
220,-0.00520007541224058,0.003993071417539462,0.0015429172593110323
221,-0.005673942365512101,0.007000833809349433,0.0029056212829814063
222,-0.006165883808050426,-0.0041096308195774645,0.0044272432473858765
223,-0.005957250649995957,-0.01600691990208296,0.005148835282320827
224,-0.006851135914881359,-0.015256419681350886,0.006036245235490208
225,-0.008742329977628166,-0.006717299759136139,0.007747045851697023
226,-0.010653905986452408,-0.005138942808557229,0.009242089237985128
227,-0.01396072589667146,-0.01443088262881237,0.009463837623208807
228,-0.017173597584411934,-0.02201087699170777,0.008605013383150922
229,-0.017216581725232827,-0.017911932621049037,0.007668809875276558
230,-0.015498040511742334,-0.008214410112207027,0.00783510986510725
231,-0.017056949152711637,-0.008915091608597742,0.009222589362831088
232,-0.02043841318896475,-0.021965003168569003,0.010911837885734825
233,-0.019662616999476475,-0.028706903930198535,0.012613804678984411
234,-0.017747108641135625,-0.01951272158661707,0.01482356230240977
235,-0.018133575697049414,-0.004558948907431137,0.017202908485757354
236,-0.019704797507726173,0.0014215901138392995,0.018588387685049793
237,-0.02134113073141909,-0.005518792357732116,0.01873435584767872
238,-0.022043342527631113,-0.012490756581303025,0.018203261804088322
239,-0.022914571742952833,-0.00963386567441711,0.017236620230580063
240,-0.02385675054423443,-0.0037704645354498384,0.016250346462982207
241,-0.023273937466000497,-0.00584713973000342,0.01578540517071761
242,-0.02187519608339225,-0.01668737361405659,0.015224212776577699
243,-0.020991685461202725,-0.0255531928153922,0.014066579919964718
244,-0.019987987347934503,-0.02357222450868992,0.013135199370249873
245,-0.019016724510876208,-0.014035437878777736,0.012603380181300836
246,-0.017796651155015684,-0.011185928088016411,0.011919597053210228
247,-0.016595775222636895,-0.02043398999819456,0.01138440475918939
248,-0.01647671556534998,-0.028333897261014485,0.011104167578856641
249,-0.015607761736723708,-0.025462539390999205,0.010614465634877432
250,-0.014058582965814581,-0.017136861139339127,0.01012744268855889
251,-0.012734075545550325,-0.015928985582015304,0.009550347823932437
252,-0.013328435736315383,-0.02556552380485505,0.007476051551533556
253,-0.018653280211410918,-0.03278672353394871,0.003651143346248102
254,-0.024955184901238624,-0.026906608944530147,-0.0003120271346321313
255,-0.024183092623485322,-0.015851050803264488,-0.003750386437950892
0,-0.01659281822769986,-0.014802112946755916,-0.006707774041365921
1,-0.01272524325252327,-0.023511147017336254,-0.008953498486547598
2,-0.014974649821832803,-0.028915986878648173,-0.011036460563436929
3,-0.01649760913769631,-0.02480763841742801,-0.013503473662195908
4,-0.015915082440661907,-0.016334642345619987,-0.01609297839668154
5,-0.014247489094553728,-0.013645328003997426,-0.01877659555444275
6,-0.012017146733034563,-0.02100127419408479,-0.022092798716266918
7,-0.01027520067164572,-0.029269546233196747,-0.026231122946343374
8,-0.010241884768545532,-0.024558186483183003,-0.030206307852564215
9,-0.01149883121622182,-0.010469134625689713,-0.0329882894582849
10,-0.009848055643178788,-0.005926731576132639,-0.03479827639658474
11,-0.006859004881816101,-0.0150566245060091,-0.03583459146148987
12,-0.008265629856791926,-0.022539867848677127,-0.036304307838055466
13,-0.012456373697784802,-0.017412105381085133,-0.03726946360449311
14,-0.014785739975179901,-0.004962474451074186,-0.03895446258079545
15,-0.01550628924856682,-0.0009066073638612504,-0.04078182765289996
16,-0.01564763340879572,-0.013562818177891178,-0.04328548291585137
17,-0.013138183279162993,-0.027781191563192087,-0.047253729691543456
18,-0.00929579300771207,-0.02602248468507943,-0.052053172119022884
19,-0.0075983420598276195,-0.015207518631510292,-0.05676684561021367
20,-0.007083550866795976,-0.013587970316618493,-0.06156551075736377
21,-0.006761655179275256,-0.02421930679778743,-0.06671573061463079
22,-0.007113694431440991,-0.03267765840368198,-0.07202343011303688
23,-0.006357730673912751,-0.02809144953000345,-0.07694208651198334
24,-0.00612919655517493,-0.01567602702744239,-0.08060269239571552
25,-0.009816060571806836,-0.009804431087466953,-0.08334909495477086
26,-0.013670755052882448,-0.01634753544937631,-0.08634621472021023
27,-0.012720499574552128,-0.022783000544895862,-0.08939738667168073
28,-0.0075892756002292686,-0.016832326266799022,-0.09169383539974052
29,-0.0018622536516675336,-0.005305651286978311,-0.09317679865322415
30,0.0017802371176448353,-0.0034888190075920422,-0.09462817530358264
31,0.0025209412513762,-0.01341866803423164,-0.0969758320150231
32,0.0016656502443746397,-0.021315872235257265,-0.10001695594462545
33,0.0025102468766802083,-0.01676647074165391,-0.10264192856309148
34,0.003560070355858168,-0.0065167087419344405,-0.10404774144177892
35,0.0009230981918248657,-0.005560350212999027,-0.10489126315766262
36,-0.003791994367466779,-0.016222785903493714,-0.10591039402602997
37,-0.008291610808315693,-0.023820724992729275,-0.10640699511358165
38,-0.010865522295270706,-0.019048768715316203,-0.10616094962454375
39,-0.010274189832083377,-0.010956485193296839,-0.10565566145401001
40,-0.00875203373841714,-0.012066483327933752,-0.10498391813938496
41,-0.008868957502404698,-0.020900809669444312,-0.10387704251946983
42,-0.010078159480651938,-0.024317244907916397,-0.10202129803190829
43,-0.009164151928228698,-0.016404632513616346,-0.09953672920280662
44,-0.0059578956196418426,-0.004375816676972871,-0.09681531762987505
45,-0.005388375402422863,-0.0003670428703289319,-0.09426804748830833
46,-0.008375003756535687,-0.008155273263036555,-0.09241215291260119
47,-0.009008274992690843,-0.014390680489139968,-0.09113010941189423
48,-0.006578032991681193,-0.0088420709880081,-0.08933222987607156
49,-0.0058623665709286385,-0.00010608907517882515,-0.0867746491041192
50,-0.007051398407601855,-0.0006835280789911913,-0.08431698137715657
51,-0.008791320522637897,-0.010867504943245732,-0.08239556602721088
52,-0.010334533842387805,-0.018568104459915122,-0.08120217650327369
53,-0.009283288399642514,-0.014912099452297337,-0.08033556286363269
54,-0.006090362484545416,-0.004584191849409586,-0.07901469546023301
55,-0.0038471508672274016,0.0009095854469583498,-0.0778975332076606
56,-0.004248959365908751,-0.003221505226675414,-0.07789619254481656
57,-0.007193398670551646,-0.008717881237803787,-0.07826913667459282
58,-0.009605713286651323,-0.0067969190432438376,-0.07763048955741433
59,-0.00910888631172787,-0.0023972318310811758,-0.07562216703876834
60,-0.00926666923629589,-0.006452204522985255,-0.07283009005374566
61,-0.011964241017088303,-0.01657741769471613,-0.07012332181299827
62,-0.014448657299608064,-0.02167553899434657,-0.0681882577997922
63,-0.013988912261065363,-0.018796165308859747,-0.06658365566153651
64,-0.00937172347162198,-0.013982141180575947,-0.06446871673272736
65,-0.003309084519907038,-0.01399105451283944,-0.06197114607004786
66,0.0024571221015072253,-0.01998954148936949,-0.059901645653357205
67,0.004982438757699853,-0.02506824188939666,-0.05870182321147022
68,0.004225561597611272,-0.018928584134811216,-0.05809700604522397
69,0.005233227122888956,-0.007289501330255271,-0.058376103352564795
70,0.006085712759790193,-0.006811298720499681,-0.06017238123382351
71,0.004447328089475875,-0.01572454272679108,-0.06303827817928878
72,0.0007712780924490304,-0.018763722793546128,-0.06582802591828787
73,-0.0048708070955533304,-0.013181215516061856,-0.06754898569071771
74,-0.010125292644363591,-0.00744846222026993,-0.06754573678289796
75,-0.01131600284552687,-0.00944686334400019,-0.06589294840696289
76,-0.005756067531183684,-0.01888688558392579,-0.06391571118551365
77,0.004114874075321143,-0.02236905327589432,-0.0625398367629483
78,0.010795671654716128,-0.01322232633718183,-0.06114472124565559
79,0.009754021887788566,-0.0019213796290186713,-0.05933163879296055
80,0.0031787202239393977,-0.00017339858115547613,-0.057580376693713076
81,-0.0038699411011269627,-0.006712431004616853,-0.05616150624655053
82,-0.006775410722238473,-0.009158628507241695,-0.055000787655776595
83,-0.0044671903576792155,-0.0018546838219531125,-0.05375496978262023
84,-0.00097072951996173,0.006649431560513189,-0.052096271434713126
85,0.000919149432381347,0.005672240921023836,-0.050623000819970065
86,0.0011537293322747832,-0.005237698682798803,-0.05039578886944318
87,-0.0018549699377419793,-0.014448124419393388,-0.05116415328226495
88,-0.005377876197883907,-0.01127368425175207,-0.05186516307631173
89,-0.006289340717093014,-0.0018101448790662777,-0.05239658356360821
90,-0.006534560425408446,0.00018142872394635856,-0.05310439747988083
91,-0.004782583881515479,-0.0062376673249467385,-0.054197005612317106
92,0.0003588375335817351,-0.007614143998881634,-0.055377660447161164
93,0.005830803768979445,0.002806512209042142,-0.0559912240756302
94,0.008553282156201582,0.013981693640029186,-0.056050344287128656
95,0.005842241743092121,0.010819990089049242,-0.05623432402822928
96,-0.00224571637247626,-0.005991053618484107,-0.057073230791998886
97,-0.010652745775998763,-0.016741738491667046,-0.05812899549093678
98,-0.014041468110421878,-0.012243349835860881,-0.058615991005239176
99,-0.013474696236858846,-0.00491661531731008,-0.058638048121392006
100,-0.01520601815252528,-0.00817501757955344,-0.05845641177454758
101,-0.018825319300841872,-0.02108675735412184,-0.05806571638501229
102,-0.022093726291823143,-0.0304368737964075,-0.057890242482145554
103,-0.028801490310117167,-0.031513818388756165,-0.05782950463174619
104,-0.037044926466592284,-0.029572381192234126,-0.05736299343465506
105,-0.04202842741217297,-0.03144805791454561,-0.05693637223593928
106,-0.043538951968862566,-0.04054774945784642,-0.057204248128598034
107,-0.04335319855706926,-0.047811669529924786,-0.05749671514446819
108,-0.046103803859302794,-0.04666676726834705,-0.056161017735171626
109,-0.05222261941673903,-0.04519610827345821,-0.05271762136161934
110,-0.05885604742200906,-0.05358700580649297,-0.04858210649573358
111,-0.06496070083199568,-0.07019260116321524,-0.04490202912233543
112,-0.0680769649758958,-0.08135629212636176,-0.04180091492036492
113,-0.07037660253527805,-0.08091222037215148,-0.039739387681831426
114,-0.07650972572115236,-0.07683531055417975,-0.039170424346578483
115,-0.08534543518412374,-0.07903654653745518,-0.04011205871033255
116,-0.09280242539749006,-0.09125166231490905,-0.042467175368087084
117,-0.09782774949678669,-0.10361693264190353,-0.04549222951502298
118,-0.10167961424455363,-0.10555180092507799,-0.04772157103485096
119,-0.10589486058622244,-0.10342193766719446,-0.0486677447439752
120,-0.11351102324918388,-0.10843549122559978,-0.04936094102873667
121,-0.12377005216811243,-0.12002678724319096,-0.04999821962045464
122,-0.1301150732310754,-0.1278318994970432,-0.049796610856098655
123,-0.1297574688163452,-0.12566189160895125,-0.04858712664094375
124,-0.127170641827145,-0.1203945096636777,-0.04643675820851198
125,-0.1288107487205964,-0.12274690591859694,-0.04394460940874567
126,-0.134807876350042,-0.13214051778026537,-0.04292927675962842
127,-0.13931173376988176,-0.13775746099696018,-0.043732951825001226
128,-0.13961401725410988,-0.13454245323183178,-0.04429346492936301
129,-0.136212007524168,-0.1306180512490998,-0.04382767286999209
130,-0.13314119403458824,-0.13516368787614474,-0.043276423705360154
131,-0.13603706562274376,-0.14632708473971878,-0.04279071761824452
132,-0.14279792470045838,-0.15393397226297478,-0.04206489727568158
133,-0.14573388255346764,-0.15029756109932868,-0.04076684630649918
134,-0.14584856132472723,-0.1399109235124364,-0.03819526522430651
135,-0.14781931445582197,-0.13582215911492346,-0.035307596112755774
136,-0.1485444203240085,-0.1418383390788649,-0.033531195008270384
137,-0.14579305786301294,-0.14525441415846868,-0.032247680734214204
138,-0.14082687605515765,-0.13763182609136165,-0.031001046170760757
139,-0.13535369817867077,-0.12785637932348987,-0.03018793759561178
140,-0.13269209243415941,-0.126125191417044,-0.02958624495379264
141,-0.13234431100245597,-0.13111722074060853,-0.02901610075828455
142,-0.12791956156537798,-0.13162533447909855,-0.028888104427608197
143,-0.11852919215798868,-0.122724259458459,-0.02911751456013144
144,-0.10992585056567755,-0.11007685238222731,-0.029201584222008498
145,-0.10528989811301048,-0.10321980173710998,-0.0289994912844264
146,-0.10443762944522406,-0.10714415988751902,-0.02827623377054385
147,-0.10381679839717439,-0.11003772295238345,-0.02678864853160618
148,-0.09995858317703205,-0.10042769825130274,-0.024975580346912843
149,-0.09576141592977733,-0.08571426762984906,-0.02342229430107145
150,-0.0930692672420611,-0.07974588602963242,-0.022287597998557604
151,-0.08738868161076338,-0.08032830310445538,-0.022090248898864004
152,-0.07925419870375755,-0.07652806869781535,-0.02322406259730577
153,-0.07319399086301992,-0.06691171543448615,-0.024782580116662803
154,-0.06889823469527334,-0.05854347293388068,-0.02590059800162555
155,-0.06397380252816842,-0.05878787321090673,-0.026848337814619747
156,-0.06010056210278769,-0.06454624190271929,-0.02787635191126074
157,-0.057591168600737624,-0.06303130385293945,-0.028628735035441985
158,-0.05327679995113846,-0.04947762480738255,-0.028850805678748467
159,-0.049236818660383444,-0.03583986437361873,-0.028486689012266753
160,-0.0465841669352854,-0.03312895114597607,-0.02790629515660993
161,-0.04436206985045718,-0.038582812197820684,-0.02774106821233839
162,-0.041764503694361924,-0.03980850103140529,-0.027947987034982483
163,-0.036372395945518554,-0.029885622255440114,-0.028312578784324707
164,-0.02983334717816742,-0.01537259175344921,-0.0286908435164909
165,-0.02405525426005818,-0.008062209166926543,-0.02894243868066164
166,-0.02042517396738351,-0.012157307846754395,-0.029423379244727862
167,-0.021466400171842204,-0.01692944080665365,-0.03010711086642623
168,-0.023481059946826845,-0.011445621240039894,-0.030294578356206053
169,-0.021156332947340296,-0.0012566590919662335,-0.02967776521391735
170,-0.016001015788439335,0.0005178034788099195,-0.028532511496755772
171,-0.012574233535023436,-0.006043701586847389,-0.02719625430172415
172,-0.010476266951575892,-0.0081602255893862,-0.02573753831631119
173,-0.007901609636477451,-0.0010448597350152106,-0.023747992820212435
174,-0.0066976919009554825,0.008220595308870399,-0.020796050624650328
175,-0.006496982782084396,0.00967386418867111,-0.01751989881173964
176,-0.007607442438789289,-0.001549652904836829,-0.014987136006831499
177,-0.010886657613447398,-0.011586243789542691,-0.013511714092182998
178,-0.012390303329288036,-0.0063778853859994405,-0.012541156850169828
179,-0.009459636700558362,0.005236408577357687,-0.011212050100869876
180,-0.0064588868031553795,0.007475437252093681,-0.008913934383555762
181,-0.0064124592988191,0.00015871772087466818,-0.005304309241735965
182,-0.007657147273068765,-0.0011607605038443658,-0.000753486398168593
183,-0.009802633424571522,0.007765839659490695,0.00410751607470429
184,-0.011817942144903018,0.013971602920445969,0.008992089079142715
185,-0.011754775979433953,0.011973452531017809,0.0133584632113391
186,-0.010324382876167555,0.007090124868458475,0.016308342880887373
187,-0.009121134476582443,0.0047213392301838075,0.017654363689290214
188,-0.005870860096150711,0.010738734883921144,0.01825694501550587
189,-0.0001907886357140308,0.02122234764113684,0.018197644061096016
190,0.006106263884442129,0.02105764162421539,0.01661573386403578
191,0.012026689030232074,0.011043746501075868,0.013589215503674423
192,0.01491725692020845,0.0071465440308763895,0.00998559951543165
193,0.015820281197070202,0.011881719319073197,0.006661993694171176
194,0.015229987721920028,0.018020778419864075,0.004217589348085976
195,0.011224438916107748,0.018192848648062282,0.0027441669278977787
196,0.005987638661872255,0.010690680660179669,0.0016153677015251873
197,0.003294281281639236,0.009620236857964481,-0.00009759597436773126
198,0.007217365582552496,0.023279740175455005,-0.0023081959541544853
199,0.014824964107634266,0.038905727442635374,-0.004563736695201156
200,0.015947906308103797,0.0415941616550127,-0.007076207243208187
201,0.011238563050827356,0.03393365624535352,-0.009936817699713048
202,0.00787675151861185,0.02944604744514845,-0.013135687744908395
203,0.006783883590959515,0.03253581421434436,-0.0166162133658427
204,0.0074420668310312965,0.0351877486865517,-0.019590991690854792
205,0.008386139522181021,0.028975339472396278,-0.02174958736762224
206,0.008708145738792972,0.017195093651581846,-0.02384932404667696
207,0.010609370595910585,0.011640670328832266,-0.025823940852398974
208,0.013246217700695888,0.01803369573321506,-0.026795291731401688
209,0.013778616735596532,0.028237592901877884,-0.02651860819649228
210,0.01330501193728455,0.0292987759440341,-0.025744132683405793
211,0.012800108791271598,0.021923436570340904,-0.02573102220040839
212,0.010662527953837497,0.017876241759189004,-0.026745470829906692
213,0.0082686006683836,0.021160767484077324,-0.027531395854800134
214,0.008316143168342074,0.024361342197253992,-0.027062875398041725
215,0.010847715628193338,0.019490091189098384,-0.025805646274356386
216,0.013528977940967246,0.010639394320512426,-0.0249448744403412
217,0.014343125525647909,0.010942270379433468,-0.024543622537042148
218,0.014131906507540174,0.022292012494556986,-0.023696433141375428
219,0.014771629485077233,0.03142252399419522,-0.022401663617278668
220,0.01621388687995124,0.02858590440173417,-0.021177275529929783
221,0.015324541550273772,0.019458329088988285,-0.02023113584425392
222,0.013159746286206087,0.016109747500586746,-0.01959316885776015
223,0.014235436514324448,0.021158256916955484,-0.018553995179642305
224,0.01754424200619105,0.027585723779545178,-0.016149252140847864
225,0.019187221815581593,0.02885234617601734,-0.01338243902077705
226,0.01911408245279328,0.023132410496946698,-0.011900132073042698
227,0.020276960990086232,0.018043990413916813,-0.011109873024710372
228,0.020306614092748143,0.022648974140227006,-0.009746244604872618
229,0.016125087446291115,0.0279968513999527,-0.008141883470598308
230,0.011015130312805661,0.021745982440184553,-0.006997420765854785
231,0.008283939321116058,0.010422895150066724,-0.006126700015503285
232,0.011502035176113853,0.006790058930830595,-0.005378458055615929
233,0.020476122482071556,0.013680232317516014,-0.0042110202701084315
234,0.025872051482285482,0.022103706429778297,-0.0020282023366855056
235,0.022663736096555344,0.02010425961242169,0.0005588443580334182
236,0.01604306779192073,0.008938299757924859,0.0027479635790920755
237,0.013791191337155284,0.003532239156653544,0.0052312348221068075
238,0.018118218191210234,0.010739483835911917,0.009219617560372827
239,0.02100585112740224,0.017566993916675128,0.014004623355277978
240,0.01818721384119156,0.011868315624497958,0.017774135516532424
241,0.014379193337940434,0.0007619499697296694,0.019665312465087653
242,0.011023466742068298,-0.0028121034557824914,0.019986910523816584
243,0.009885209576096121,0.00409427164679068,0.019207347189195645
244,0.013264382906203718,0.010918328277250228,0.0169458753071616
245,0.017987994060621914,0.004491134482687467,0.013304063197981102
246,0.01894070269862466,-0.010563680425272323,0.010061671435771788
247,0.015399148119284549,-0.013575288332596705,0.00868264163324152
248,0.014389856762496066,0.004162464618119137,0.009887094809999497
249,0.01845613771662289,0.022148866489149203,0.014270652963101775
250,0.019385666121859116,0.02093958388620759,0.020910720227583023
251,0.014385391855143925,0.008045587311582433,0.02814485499819437
252,0.011470498847775838,0.0033578546078486537,0.03646707579472996
253,0.012164614122638452,0.014544160624324107,0.04807287543041064
254,0.011165456415958643,0.026124070900157597,0.06349878881364104
255,0.006643222083654681,0.024631714561918733,0.08052547425450318
0,-0.001027031576878553,0.01580292911125892,0.09604493824306448
1,-0.003659154559599743,0.012490272873893683,0.10850412756512257
2,0.0035426097177715665,0.01972679929244217,0.11728610314296378
3,0.010707498339800081,0.027509908784978984,0.12080394716552711
4,0.012720286596051587,0.025501022187381206,0.11677069540245472
5,0.013951421093893957,0.018036480209275035,0.10263683984482008
6,0.017452788487845178,0.01452593557056786,0.07508301975330106
7,0.024176524378917513,0.018060362695673945,0.03248994728753318
8,0.03226655820070326,0.02554490396777498,-0.021031261979782334
9,0.036673729630618254,0.027227116398997997,-0.07879945605556765
10,0.035277706757940716,0.01737500535061643,-0.13497609082983916
11,0.032516647037464486,0.007728927653940662,-0.18427084738294514
12,0.030512439079748307,0.010187657143671307,-0.22312590570764312
13,0.02687913120948783,0.016613621447994435,-0.2504169813498589
14,0.024098852405159715,0.013327683406990351,-0.2660198140622311
15,0.023540909912949354,0.002502402287588912,-0.26841441727590254
16,0.02110742778029421,-0.0024011869435526245,-0.2561975645925144
17,0.015523222714848864,0.004077648099392969,-0.23068315168110076
18,0.011452507939430354,0.012751088177407277,-0.19505399885300367
19,0.012181190686983777,0.01251600347314348,-0.15381294215641378
20,0.013077435313001172,0.003428080490735466,-0.1120984550358427
21,0.01391816089106463,-0.003679192690211719,-0.07350287467129826
22,0.01827572336826079,-0.00005664975712435516,-0.039618239068276107
23,0.02173951623388659,0.005327962053321006,-0.011158811014309128
24,0.02051476230981314,0.00021089199152724003,0.011833697016905467
25,0.01780506887806014,-0.007971349030497413,0.03013277364144687
26,0.020226385835076473,-0.0048853719688097125,0.04464074055832354
27,0.02682811851349772,0.008073238683454415,0.056396344444951396
28,0.02774642758308589,0.016311183165384116,0.06628837043524333
29,0.021408922906082553,0.010792747309073342,0.07387283630022246
30,0.014649156187310414,-0.0023819210238796573,0.0787781668852135
31,0.010075291517500667,-0.011075902211011901,0.08201150556400663
32,0.006564713005994462,-0.011104239821896497,0.08395502114763312
33,0.003923281184592377,-0.008195625754192346,0.08415836874317534
34,0.002977305295017482,-0.01251213173639032,0.08313839222129973
35,0.002589013395718341,-0.025867064576179204,0.08201082518113384
36,-0.0018626717685554933,-0.03641573455448478,0.08157202315535753
37,-0.00977766419264492,-0.03489208045105163,0.08222753247645062
38,-0.014170658239869275,-0.026884578573385415,0.0841059205956241
39,-0.014312669639975687,-0.025543587317992583,0.08663442073415209
40,-0.014810956924898762,-0.03546279997296542,0.08877449369023205
41,-0.019338594744040982,-0.0440102669553792,0.09037293494927154
42,-0.026008664815409525,-0.0392953154453345,0.09167712141180084
43,-0.030155044217337168,-0.031807196504313656,0.09231330399640988
44,-0.03612521255226832,-0.037274570758252,0.09232082382509763
45,-0.04706286547213963,-0.05101201155637035,0.09266507008534378
46,-0.05390047816680055,-0.05783306301556543,0.09397743973067199
47,-0.05096752367911739,-0.05486562219250812,0.09621419987234792
48,-0.04520863939592176,-0.05400329443604032,0.09872793363606475
49,-0.04160487478379757,-0.06170355939451261,0.09992661526594798
50,-0.03763831811804727,-0.06959153334665286,0.09884173190317402
51,-0.038903299827473856,-0.07197910202077604,0.0969695278737644
52,-0.049083615996604435,-0.07000505368542434,0.09644920029869211
53,-0.05763477123944183,-0.06692322041336386,0.09733692297938418
54,-0.06191837868415087,-0.07041615823191816,0.09855185592875998
55,-0.06666557546419269,-0.0787984987840852,0.09954776537088061
56,-0.07078023350694307,-0.07992037751360936,0.10028785483285127
57,-0.07228135688890386,-0.07174231614295734,0.10169794093050016
58,-0.07408540795820223,-0.062729148123354,0.10507102141581964
59,-0.07791845991518226,-0.061005365354126484,0.10968464760840901
60,-0.07694538764414133,-0.06633462733754258,0.11340231592458594
61,-0.06807268764055979,-0.06597816727494787,0.11553815599608314
62,-0.05864882177697289,-0.05425961208851415,0.11684222140533906
63,-0.05411328702176431,-0.04458260454406037,0.11766326899435114
64,-0.05201912454787393,-0.04775654157974778,0.11779500495955819
65,-0.05047414710529191,-0.056784810832430685,0.11748474352148669
66,-0.04859706266871813,-0.05807829494868824,0.11729546099502464
67,-0.042632525190312506,-0.04990546625654685,0.11786090589426551
68,-0.03656702967680908,-0.042864110169470254,0.11959297919950113
69,-0.03808724243318476,-0.04588641076350125,0.12171988590593363
70,-0.04615930073087113,-0.05521484129718518,0.12307919905158421
71,-0.052438068510636066,-0.05784026230812453,0.12334086902371211
72,-0.05012228097866389,-0.046906155028701796,0.12286709492754677
73,-0.04399847907712515,-0.03213988237041174,0.12226661174050713
74,-0.04016025009898491,-0.02958496743186821,0.12190325886083425
75,-0.03924447726273414,-0.03675506215964537,0.12185411914569438
76,-0.040584797640494955,-0.037766206008181695,0.12189816651432012
77,-0.04139687928554403,-0.029289217004934587,0.12197164574436525
78,-0.04113282104532709,-0.02182290762359998,0.12277033057644315
79,-0.04004679248163953,-0.022795064361829653,0.12438639919147798
80,-0.036413360571615344,-0.027703126106241815,0.12586851097600532
81,-0.03218303575004414,-0.027309883674423358,0.1266957860543032
82,-0.03097752426279289,-0.019712546410449637,0.12710744185402706
83,-0.029942151762046648,-0.015624297001539764,0.12756425539227267
84,-0.026864138754893616,-0.02239867766051082,0.1282513573200873
85,-0.024784054265042342,-0.03009099700979552,0.12932271837848625
86,-0.023240524517700818,-0.026135259780347322,0.1308117961420489
87,-0.021136819243666297,-0.010485167061423467,0.13278981026641995
88,-0.019993956881510816,0.00529336427563093,0.13550055763874758
89,-0.019064927883851945,0.007535220208227139,0.13778089123549025
90,-0.01775391075014053,-0.002869044150537403,0.13874796143090945
91,-0.01666921189200892,-0.008267229474024099,0.13965441321742328
92,-0.014898936971551632,0.0008277284385169309,0.1413003771031554
93,-0.012770393387473891,0.009839542737488355,0.14293242057858324
94,-0.012244117712416194,0.004098940965267556,0.1440137807245936
95,-0.014971581693876393,-0.009281606641935697,0.14463035942435648
96,-0.020547437459120993,-0.015553465209965409,0.14464386793584938
97,-0.02408177636624504,-0.00963053294013437,0.1444428477070943
98,-0.022374400861869773,0.0008874265452686048,0.14505852651598972
99,-0.01871722217734534,0.005229277242529862,0.1465550383526415
100,-0.015259174887247762,0.0027631786310165496,0.1480844881663459
101,-0.012733112476588815,0.0032396755458853205,0.14949677732016664
102,-0.009454502974086745,0.011710848943622926,0.1511235510872025
103,-0.0020766165068705905,0.01993099581111024,0.15256669897524427
104,0.004298348003363081,0.018844737853934146,0.15350494921790347
105,0.005933329116319802,0.01292139625472763,0.1543334877148591
106,0.005741677114098592,0.013334641354547316,0.15519169648268943
107,0.003199068094598398,0.02051974477834434,0.15594752672659834
108,-0.0019164062502790777,0.02425106098271894,0.15682749786134398
109,-0.00680265491343128,0.017438754722252647,0.15784409159419888
110,-0.007829982236172948,0.0055143672116358955,0.15853016819350896
111,-0.004547946135026418,0.0021223256311176664,0.15931839643703144
112,-0.00283036526915853,0.01103159797372412,0.16110745475657856
113,-0.00418434773648961,0.022025278520922037,0.16339905129861393
114,-0.004202807368719811,0.02335143658785921,0.16519224794448484
115,-0.0008427548758735207,0.01570840857077971,0.1662533295361644
116,0.0049159657655655775,0.011121920554676534,0.16669841276509462
117,0.012222104121209332,0.014917661967822071,0.16699565441139613
118,0.021074903735391663,0.02060285977481248,0.1674373013958098
119,0.03116667735203274,0.019166666237578706,0.16752143620020565
120,0.03765512119255706,0.010930497326536975,0.16705831212054284
121,0.034717996449660796,0.006293556960574417,0.16664011685593744
122,0.027823872183853002,0.011703927756757132,0.16651626756261195
123,0.02340513035524354,0.017330111494259226,0.1662510302474201
124,0.018054424747046466,0.011653009217927057,0.1659920495993783
125,0.008186742096957217,0.002034837747072249,0.1660383611565881
126,-0.0053258143456736545,0.0016200227027085012,0.16562415915689255
127,-0.014399416150861946,0.01129711910779227,0.16415826676409034
128,-0.009614455978798314,0.020241115476277494,0.16201210471357447
129,0.0030771906440659746,0.018599991188913673,0.15939593148036008
130,0.009752037695778704,0.007648260816198182,0.1562227320993454
131,0.0038364447823788506,0.0002569290951920655,0.1528355582009649
132,-0.01261478209603932,0.004073887098426099,0.14962035653484573
133,-0.026154301854525358,0.005691063778395095,0.14698156526905548
134,-0.019690072741555542,-0.0058809450773885386,0.14543986093986222
135,-0.00018435986271941873,-0.01922026411337796,0.14462320498570713
136,0.011396614970408121,-0.019097223756627757,0.14394250515295087
137,0.011932065228302619,-0.006335095286403386,0.14372449803642273
138,0.002773575333641129,0.004030105125560207,0.14415835718312114
139,-0.020222107952338628,-0.00006983739516797094,0.14412599628305628
140,-0.04777543268261017,-0.012535389377570677,0.14203722063892138
141,-0.05991310725366398,-0.016216303510030672,0.13809875662355758
142,-0.05563326828314402,-0.005704376014435353,0.1337854484851247
143,-0.04587266769452815,0.00478454942274073,0.1295416361890636
144,-0.03283821110368995,0.0020983848729910215,0.12481984456172918
145,-0.020634242857873825,-0.006901035869968486,0.11929907549188545
146,-0.016490980389225696,-0.006906808124308217,0.11315908096370114
147,-0.02116834040800955,0.0042544705044744585,0.10678709690894722
148,-0.02655801811803902,0.014930870941021634,0.10056934366997722
149,-0.024162479759256575,0.014272029552405946,0.09442873449454084
150,-0.013459990874675518,0.005198939819879733,0.08835267205271632
151,-0.0028065949793194406,-0.00031123020604345575,0.08287719741705293
152,0.0004138975982096796,0.0024310088212567693,0.07834469184997858
153,0.0002392828720992335,0.006788371548407418,0.074420576718666
154,-0.0008728119235486276,0.005071884477035521,0.07055416985611135
155,-0.005618353488765687,-0.0005723309986990499,0.06667955490841432
156,-0.009255102401579854,-0.001879947995143877,0.06305010044125386
157,-0.008115353648952509,0.003248913475154741,0.05970698777454159
158,-0.007356776289861103,0.007167093413656511,0.056529705247439166
159,-0.008944580230061318,0.001003462386483328,0.05367054185192152
160,-0.009259123497208144,-0.014065663519568228,0.05146166595541013
161,-0.007376521290666814,-0.02240234192721763,0.05000398084789906
162,-0.006417525302349236,-0.012451729045313359,0.04933590891502107
163,-0.005975804881068886,0.00286600398592185,0.04928029158132735
164,-0.006354789145963033,0.00443114217443949,0.04920177938448639
165,-0.008986046391001604,-0.006003961483221118,0.04873180489533013
166,-0.009842395884467156,-0.01233476804842873,0.04794029733010147
167,-0.010954364539300376,-0.008311734398617751,0.04707059844890506
168,-0.011580065487782933,-0.004968103672111146,0.046160469687022476
169,-0.006445559016345363,-0.010599401158226385,0.04492044984355316
170,0.001664380058743864,-0.01646718227440308,0.04373059690508625
171,0.009039851915319124,-0.010568461042530883,0.04330323273327974
172,0.01040907062305324,0.0054304344185080455,0.04352351739529095
173,0.00342279024183051,0.014791461774320058,0.043898976149409324
174,-0.004644951646573894,0.008469631338887701,0.04471709033187343
175,-0.0067738741617605035,-0.0019564366847018844,0.04662008633362702
176,-0.005395121366407048,-0.0036487489424024966,0.04907839735713568
177,-0.004034348382643844,0.005069303977133621,0.050891447410259444
178,-0.0014289013041756428,0.014996631906317781,0.05158198412055311
179,0.001662362974631345,0.014545473799256137,0.05122171058194985
180,0.0035755360490622203,0.007226970145372824,0.04997416310934827
181,0.003040195995933335,0.003957333259467288,0.04847615644187761
182,0.0024065641336895247,0.005635947609620051,0.047903078434338164
183,0.0038075296224089963,0.00740730641784304,0.048853217698386964
184,0.006061379700202332,0.003134977627453739,0.05121425505727176
185,0.007451403041830992,-0.00456783758752205,0.055131198067341694
186,0.0034932251593332297,-0.004158397664671951,0.0599198463005558
187,-0.00346040476901,0.00596755991519865,0.06414799235338746
188,-0.007263637091678477,0.014893458659508113,0.06784732332922053
189,-0.005513965048537524,0.012488258760610715,0.07131803247259269
190,0.0003321675165320337,0.002589862311375535,0.0743811634595126
191,0.0030757373422126005,-0.002436361825668587,0.07724493405026908
192,0.000845078914007466,0.0034832631398271086,0.07934242777478911
193,-0.001301729515265665,0.012042566396280402,0.07971091266559824
194,-0.0020360734877616707,0.010548595378770759,0.07805957911972525
195,-0.003972242589232761,0.0024673890641989937,0.07481874675053962
196,-0.004761621287515776,-0.0020356548914634287,0.07064575018815014
197,-0.0008272377394138095,0.00006903206966381303,0.06635871903125695
198,0.003118150103536735,0.004229890531772723,0.06338873159795791
199,0.0022403634497148023,0.00306204220168807,0.062566998354978
200,-0.0021255529415888166,-0.0016066468273782386,0.06351303213646722
201,-0.0069357346556061655,-0.0011306457883947518,0.06519686934623231
202,-0.008429276486233407,0.0076141985743426455,0.0664101609571364
203,-0.004938651050632504,0.01619974157995796,0.06638372287614536
204,0.00018753711841799914,0.014429325474323629,0.06521345687435115
205,0.002922722995715346,0.005263421019456205,0.06364327198327424
206,0.0010393901060234759,0.0012836937296769046,0.06214838917999804
207,-0.005089200775523276,0.0060823506252860315,0.06090713762383185
208,-0.01041663884410705,0.011199944441544735,0.06037538177076393
209,-0.007992729638264449,0.009215082652027168,0.06067647493486242
210,-0.00020191115802962317,0.00298133337681164,0.06097820834314044
211,0.004780757550806633,0.003886095722055616,0.060854890440388526
212,0.008186118472763175,0.014662856079626502,0.060518723706448285
213,0.011540024987597604,0.022491706169795428,0.059694537050490215
214,0.010510568474739228,0.01703412687181502,0.058866229296469536
215,0.007568370024315013,0.0039246010889189,0.05853984209820895
216,0.008797065050494574,-0.002154046099872603,0.0577747381528059
217,0.013082712457613985,0.004186734035891676,0.05625436442297832
218,0.013998300591446355,0.010406419616344115,0.05430167951531642
219,0.008466620169570022,0.004996823432241532,0.051848407709891964
220,0.002097000148089327,-0.007340198143434423,0.04900055823775952
221,-0.0002523011465909372,-0.012966728514917925,0.045914986622150517
222,-0.0011816287707185694,-0.004253107904855807,0.04329997284083126
223,-0.002217802909888239,0.007619758083932365,0.041858454572327036
224,-0.0013927905519561523,0.008036943756245946,0.041047011387669294
225,0.003862942792356921,0.003466360639114513,0.0402044631410111
226,0.011447730061043725,0.006989060295137572,0.039260112739509676
227,0.013397606623601864,0.01805365059436144,0.038664715370505295
228,0.010400880478381044,0.023043361196600706,0.03877016713435612
229,0.009277593823454472,0.011406662787330865,0.039135916047355626
230,0.00873581660819999,-0.004282028024026108,0.03953804885019312
231,0.005826119967940819,-0.005832630418292087,0.040102632371948804
232,0.0019454379136913148,0.005434307393393963,0.04066788003922611
233,-0.0004322329778405909,0.0135671227645726,0.04073345795398728
234,-0.0016350644091462363,0.007489963739243863,0.03983690139881202
235,-0.0029827153040893027,-0.003509485212084676,0.038072369096393555
236,-0.004119352979062643,-0.0054550457473472175,0.035565015393851776
237,-0.005463986835522039,-0.0005678625461954662,0.03265311044283627
238,-0.003364221320386454,0.0029554652659295882,0.030201951027249305
239,0.007123683054415459,0.0005302758891947423,0.028288011720355555
240,0.019417969027959992,-0.007114122240787488,0.026408026532161656
241,0.020053350484676682,-0.010416002052797323,0.024879663232061776
242,0.009037460452849047,-0.005391146474518299,0.024281238972262552
243,-0.0013105183936505949,-0.0017595916388848526,0.02447914218927081
244,-0.005108891575498015,-0.006870565262416736,0.02506378592293171
245,-0.0033567672744373098,-0.015963590758523438,0.025452728846632647
246,-0.0009490841489647878,-0.018542959515862698,0.025049107193628448
247,-0.0008692727518603005,-0.009476206293294362,0.024023406992536495
248,-0.0004938430127187088,0.002543509988488929,0.022873678609376363
249,-0.000956340855969795,0.003068787266709311,0.02151423892726677
250,-0.004261535620037983,-0.00687109921993892,0.01965428639561881
251,-0.00660166208847273,-0.013530936406982448,0.01804704683260943
252,-0.00452112048523616,-0.010338800192621136,0.017988985807076505
253,-0.0002660826509319897,-0.005758918133380073,0.019393191885877285
254,0.0020424112572850067,-0.011097528158234532,0.02113409407853487
255,0.00008821555953068827,-0.022043405319659967,0.022396260779291077
0,-0.003936920719874615,-0.024382654516930113,0.022825890442705027
1,-0.007695200929442404,-0.014114950321222272,0.022937859486549084
2,-0.011055815073736722,-0.00578994790104978,0.02329771426496656
3,-0.012610496546592284,-0.011455919705989887,0.02322956431510627
4,-0.012358952984700439,-0.023843445761929788,0.02259302377484683
5,-0.011247279238500434,-0.029800644083227967,0.022650830423313333
6,-0.010525741692995675,-0.023460087754200512,0.023609780201916578
7,-0.00994629951704672,-0.01356848331413825,0.024459019049100895
8,-0.0076277682635367584,-0.01334696040621973,0.02516108003114309
9,-0.005221027724022751,-0.019780531723820063,0.026105133284419817
10,-0.005063433860943701,-0.021631470770371475,0.026708216878448474
11,-0.007353859051472886,-0.017324323943162787,0.026525198509118053
12,-0.010554327580660279,-0.013519952148908249,0.025910486148326695
13,-0.011873992508220396,-0.016227522343956413,0.02510613316915021
14,-0.011362978981175935,-0.02063451597378671,0.024377720870507408
15,-0.007020641852553973,-0.016370354976850347,0.023820110795783125
16,0.001564701312143639,-0.00529500613493919,0.022794896813373024
17,0.00797536323738958,0.0009696884816383783,0.021067416760336594
18,0.0108827052261583,-0.00312666663586475,0.018911574208942128
19,0.014144919099611394,-0.011960829507024831,0.016704371981763156
20,0.015480587860928222,-0.016709148069669076,0.015196626437071203
21,0.009785465871014018,-0.014508864503781874,0.01475831206195028
22,0.0008742524963652465,-0.01282955912857689,0.015151694550987485
23,-0.0017229639623928886,-0.018192741436035414,0.015387926713152547
24,0.0026730138926971264,-0.022703587259600144,0.014284141615826883
25,0.006419603213199371,-0.017573849903620403,0.01215778265295997
26,0.0071749765151517125,-0.005228690970902616,0.009989986184400473
27,0.00690725534801738,0.0028585517325768334,0.007518702330427824
28,0.004417392079499649,-0.002034719138051533,0.004090242823948936
29,-0.0032519833296288034,-0.012367899914347336,0.00012091472464352809
30,-0.010193541559732566,-0.01309036554798415,-0.003579466095545521
31,-0.008217297992780925,-0.0010008223625032897,-0.006544107057553939
32,-0.002885447764950963,0.008266462532194582,-0.008634570452135792
33,-0.000833458545772589,0.0023886524053596814,-0.010336799670058936
34,-0.0017991851299961475,-0.00806507840289672,-0.012043397483989082
35,-0.004236986891735753,-0.006225311623446916,-0.013122090616824754
36,-0.005628611375567347,0.007130251697775217,-0.013357702566149876
37,-0.005278426317142176,0.014692692118390888,-0.01325463904097176
38,-0.004573381470518209,0.00950968130629326,-0.012645433768792555
39,-0.003390189790474313,0.002805061105271983,-0.011646935261587332
40,0.00035618131398694464,0.0042119760243639615,-0.01091781872551078
41,0.005528811767840633,0.01351323021264389,-0.010737805520107115
42,0.008196436673538213,0.021262183734368487,-0.011235348150914504
43,0.00821961231652087,0.018548565026141536,-0.012600048155851072
44,0.008638571516510839,0.009678318892586621,-0.014705874199223649
45,0.009238265141976523,0.006185496986576583,-0.016926666029637598
46,0.007862251208265995,0.011511436985757115,-0.01899867806606445
47,0.00632591335784919,0.01675887318689738,-0.021264517531567495
48,0.006124338349575563,0.014062416619951862,-0.02364580779095872
49,0.006979333724029493,0.006978106622822777,-0.02541364175998287
50,0.010345616574419694,0.005645894733760579,-0.025929539644923894
51,0.015048496889479068,0.013589743276289333,-0.025169014485498173
52,0.01726170858636434,0.02085028000059834,-0.023822648173584607
53,0.01531726891832354,0.017736038268184276,-0.022827555147991882
54,0.011686454739714266,0.010401617773964172,-0.02275558568474613
55,0.011137502674629297,0.011311132776795692,-0.022714823781428514
56,0.013693526057951837,0.02016051495118147,-0.021560741951851432
57,0.01599390264240969,0.026135451770278956,-0.019651433005107202
58,0.016692259526072284,0.023333217450318605,-0.017067521288457836
59,0.01688537247142846,0.018341951672054074,-0.01435404947182263
60,0.01941991982125299,0.021787615338557553,-0.013099910000473329
61,0.023814952503567174,0.033046848921207544,-0.013255578866931114
62,0.026158115414000607,0.0389128706280953,-0.013805201019595766
63,0.02453984399203682,0.03268872974812444,-0.014952573930262104
64,0.019816798394442683,0.022586124064882127,-0.017178561898746048
65,0.014114286737880379,0.018073440712192926,-0.01969592689329834
66,0.00969170934836023,0.02184105764599875,-0.021191370458858758
67,0.006363285817745576,0.025034396371143658,-0.021090494656464502
68,0.0037792065076734903,0.018499811855574255,-0.019814913162387593
69,0.00452350990478642,0.008188701123959724,-0.01796481618978024
70,0.006920946339037809,0.005598662480906624,-0.015443178774825761
71,0.005145571123874218,0.012765257392107723,-0.011511696432504957
72,-0.0006538367510154457,0.01910043474654914,-0.006421790651658439
73,-0.006085226992402288,0.015565613905455827,-0.002048151462852435
74,-0.008555638285980065,0.008479631479008737,0.0006801785981082921
75,-0.006840507043769078,0.009981057455857173,0.0023265506062097804
76,-0.003178746151697741,0.019666669473587188,0.003037395797166685
77,-0.0010900452260091086,0.024858969326098573,0.002320974097547057
78,0.0019197399954417119,0.018674494388928486,0.00024041995585646209
79,0.007120361759907053,0.008837971578799259,-0.002240509454826966
80,0.008785737356366015,0.006609918493224051,-0.004323443179233326
81,0.006389338940141938,0.015358986728105942,-0.005064328536238345
82,0.004686774713004473,0.025532564301187527,-0.003218257969810137
83,0.003891538913570608,0.02303141944280357,0.000897854386219258
84,0.0018246625836100816,0.011617217637392763,0.005941066933351349
85,0.001322708082186784,0.008847718265182755,0.011217324225857
86,0.008420792093189876,0.01787935020068486,0.016109266978742737
87,0.018338157262981956,0.022767152916329886,0.019995852540918596
88,0.02002452420890713,0.01364296589931846,0.02305222996984979
89,0.014117402712972939,0.002741187310028398,0.02551171231793703
90,0.009373538279907175,0.003984780267012725,0.027060384691789355
91,0.01042710082255105,0.01402999619036241,0.028357876744336943
92,0.0127514967304405,0.01994696873776898,0.030344721439969843
93,0.01036729794683841,0.012884261138779163,0.032219621691512226
94,0.004768610810115689,0.00006817454772950482,0.03304356419034739
95,0.0021945410116584463,-0.0004986119644929538,0.03300498550161998
96,0.004944869630213622,0.013464005682237379,0.032166800478869995
97,0.007413111999142061,0.023806167593050098,0.030575928856779733
98,0.007371883258890169,0.019774370773036842,0.02917476752252951
99,0.008722833557670118,0.010273777224563935,0.028392405184222105
100,0.011337406509621131,0.009603327993895863,0.027867315150463562
101,0.011347472638551688,0.02050377686317577,0.02677664410966328
102,0.009025783881084895,0.029216247340770246,0.02247258068163234
103,0.007349755854084539,0.024751338284335345,0.01257921117150377
104,0.007111599606281271,0.013945298363142983,-0.001146641019269666
105,0.008625742388770341,0.01042536738674979,-0.013229602200815989
106,0.00997773765679763,0.01769852637448803,-0.019948180403384412
107,0.008490001448435147,0.022185591045523062,-0.0225709054487265
108,0.00466347463979859,0.013377554609722231,-0.023801225860339767
109,0.0014962480091161162,0.0028505930723889406,-0.024719719937204468
110,0.002794012818581014,0.004198053813243688,-0.025219159475777797
111,0.005036552778470961,0.013967600447599399,-0.024501074078034896
112,0.004309557610459855,0.01933828248334407,-0.0220572117910999
113,0.006273718565342271,0.01494161222916443,-0.018531584312379987
114,0.01068577327343262,0.009884208105153794,-0.014737985838740614
115,0.010346185117676585,0.012502852231544376,-0.010734637207311298
116,0.004927380964503347,0.01995158213430409,-0.006776638756708652
117,-0.0007237815066117592,0.023934471708200344,-0.004609416397870408
118,-0.003094730788829214,0.01779772198117216,-0.005633354824034851
119,-0.0014799252140883928,0.007666243632421105,-0.009111354595033823
120,0.0031181321075136673,0.007091033020812071,-0.013190490832450073
121,0.00878675176539083,0.01587075030105836,-0.015884628644611216
122,0.01167212710011828,0.02059024175122255,-0.01616531798629152
123,0.011065973625389594,0.015020847248064795,-0.0147285901450281
124,0.010482994141696705,0.007093514948789903,-0.01258686092318051
125,0.010785617752007468,0.006667034706199518,-0.00975187092784936
126,0.012702490364426097,0.015082160697299285,-0.006372082873549449
127,0.015897108225707404,0.020433590740283475,-0.0038055108325325895
128,0.016184601709388652,0.013426950773783669,-0.0032857625395227644
129,0.013418703933351032,0.004812656240875818,-0.0047875089148393755
130,0.009802287964453999,0.006928619526089613,-0.007689863843538111
131,0.007304961497365706,0.016312298164527117,-0.010776274548142173
132,0.01155245680487723,0.020442788450235783,-0.012784919118926381
133,0.020143119597329548,0.01259656505669654,-0.013881754684476229
134,0.023458637241363142,0.0019592427107041344,-0.014409309470417811
135,0.019799910060952303,0.0024520395303664483,-0.013895396816791208
136,0.01538772532932605,0.013988556767752056,-0.012619464019012067
137,0.013298802516201282,0.022811128048997042,-0.01159868084733584
138,0.011220412450599312,0.02012400602780967,-0.01135030573010757
139,0.010787320536205715,0.01252380639151171,-0.011385573913817126
140,0.012317741619395941,0.012619041014761634,-0.011096783682635735
141,0.012864400862204781,0.02266811506981027,-0.010366895783359
142,0.01324817934203381,0.02745447931804995,-0.009031774405244965
143,0.015271663624358167,0.016677462742906574,-0.007601788585714036
144,0.017932594782060676,0.001492722727156337,-0.006975147367445242
145,0.01761425256755668,-0.002856865932966024,-0.007020787460519845
146,0.013821426551282559,0.006993482248730788,-0.007141564204945806
147,0.010116242672870285,0.018564253031450276,-0.007169517966718449
148,0.007509325000654862,0.01841229573155534,-0.006507283457426287
149,0.005504925898131268,0.011057305473652815,-0.0038144425461045604
150,0.004487222964119589,0.00903498183103911,0.0016218688257882419
151,0.005367971154570248,0.025061838280577536,0.011300420337781489
152,0.009089599408685964,0.05220091615939979,0.0268480693487894
153,0.012008631144015253,0.06618482777139711,0.04649885799244279
154,0.012280742818303863,0.06657822422677398,0.06762625161301782
155,0.012282474024560959,0.056689807312986035,0.08776226134424694
156,0.011477048775268742,0.03033637658266386,0.10307076967422255
157,0.011676085968578859,-0.006608543888736107,0.11050109653748097
158,0.014232102246771475,-0.03781646148206319,0.10820982876508078
159,0.014101675496117357,-0.04585560432513375,0.09485359032325291
160,0.0110353183399146,-0.026551517626717203,0.07040414227757763
161,0.011810539898372462,0.004942393197943817,0.03380852020414965
162,0.019007866410134654,0.027567887388340262,-0.016838611601252662
163,0.026704148222152654,0.036318706206523554,-0.07901840295463547
164,0.03158253371506489,0.04005846041656319,-0.14487627038207973
165,0.03471443599519951,0.03748946809526699,-0.204921359467316
166,0.03189179680908999,0.018420488125218126,-0.2530579789848837
167,0.021322500558951157,-0.013494269649739321,-0.2882044931899993
168,0.010045209871603927,-0.03869500573794782,-0.31134308245216213
169,0.006345857516072029,-0.04279459219687026,-0.32219127360819144
170,0.007882510655983173,-0.0271808067099919,-0.3185043406723995
171,0.00719298280522411,-0.0024153340781830623,-0.2995703050808931
172,0.005514885701014091,0.018560364753154923,-0.26806873439821166
173,0.00704215672901623,0.029612260519359168,-0.22848653767633176
174,0.009802286811137748,0.034129242301347784,-0.18614101847640785
175,0.011372463408784006,0.03556083373296792,-0.1459132301346424
176,0.012142872053671122,0.02735568950255307,-0.11076522623115664
177,0.010220599166232497,0.006036386748912159,-0.08141880931094175
178,0.0072810366654242065,-0.012685145927186614,-0.05723474868723746
179,0.006555278424484334,-0.013252865709579287,-0.037385065505230845
180,0.006287562793921356,0.002328401994053264,-0.020901825240577168
181,0.005500375749015102,0.017912357864453554,-0.007242437635126844
182,0.005229719652242143,0.019183625207206623,0.003575316936609738
183,0.005050594305997053,0.011540847295395062,0.012260927010251171
184,0.004326456245408811,0.007330606650753468,0.01981664996988864
185,0.005983425316025151,0.008416127685015873,0.026385972414744968
186,0.011101597740156163,0.0073206832533769806,0.03126022090948877
187,0.015052579103833313,-0.001994192639287018,0.03388076370408227
188,0.01793388972097701,-0.013465194699799454,0.03458576394907979
189,0.02266860935102219,-0.014893704991379542,0.034429351916688083
190,0.02417265460562426,-0.0026656894925781716,0.03455394738718426
191,0.01819861590894467,0.010081309236972702,0.03501263810057578
192,0.008589533839571159,0.00949904556859682,0.03513269750157727
193,0.00046697459567698885,0.0023524725873520502,0.03533870681173178
194,-0.0035892687665323025,0.0024896200070201324,0.03631599413541457
195,-0.002219375170700061,0.010195495223136453,0.03741000580991435
196,0.0025344448529334845,0.01408122268128309,0.037713104281236594
197,0.0066593866870647556,0.0067442816086482615,0.037540421436913496
198,0.008607600037194504,-0.003849412924677109,0.03825727255149572
199,0.007460511058644717,-0.005249182898592997,0.0404771376424429
200,0.006659125699002136,0.004613443230649272,0.04365275489063694
201,0.010291572940822516,0.012587258631634568,0.046865149136741224
202,0.013643487158871648,0.004370209708348227,0.04868994901143317
203,0.011813763686961548,-0.011615103560812967,0.048493516375346754
204,0.006384406019021634,-0.014203910761385607,0.047257742715647394
205,0.0024195919848653373,-0.0019508938013041988,0.046042622936617456
206,0.001536783832110606,0.006307720596833044,0.04505563623557832
207,0.0007091196048669632,0.0014911656468781231,0.04367519837628983
208,-0.0004193362483355875,-0.0035007237358744003,0.04135352656878963
209,-0.0005945452904385987,0.003888030151763311,0.038381801576467284
210,0.0010739014725061162,0.01643252104465487,0.03568258430933044
211,0.005072896275337253,0.015968664602581173,0.03405406296813657
212,0.00925116710916249,-0.004024827572528089,0.03288773854079821
213,0.011121949594416633,-0.02452650787015198,0.031065597625685414
214,0.014353248661210308,-0.023005060403217703,0.028662118834855057
215,0.02265873472467169,-0.003291294106038234,0.026469515065496788
216,0.03160078101392111,0.012480377018516009,0.025120780372111726
217,0.03363629312221009,0.014156764889951212,0.024416584567114583
218,0.025819436494943282,0.01449377869236168,0.023322591455952155
219,0.015861654407518383,0.024638149194905035,0.021477567261259697
220,0.014875118883827948,0.0385143439844875,0.019654744108246094
221,0.021380542020935915,0.04400441617781159,0.018067315369136902
222,0.02306429881531326,0.03279806279772046,0.01618326914199794
223,0.01518829630818598,0.01537224124049752,0.014567499303929688
224,0.007985161359490817,0.01230402431030947,0.014390305935346112
225,0.009099331867654409,0.022012659668931622,0.015542047668301993
226,0.011449319983499781,0.028686664081938762,0.017021107700896078
227,0.01201802500333532,0.025859762655974894,0.01814377076628414
228,0.01526962170215207,0.024024969134303853,0.01886256183317124
229,0.019377819610174457,0.03585914383094424,0.01932386330785406
230,0.020988642467461724,0.05372006288334841,0.01958549380287762
231,0.017535792611729432,0.05862716860728501,0.0196456099357446
232,0.01130989728655787,0.040166085727370016,0.019111657445847238
233,0.005942368475058343,0.006147653346413651,0.017842644910650005
234,-0.0029332522485587716,-0.018377586518828037,0.016517377889657077
235,-0.011557982679222336,-0.01434524442350621,0.01554130676233614
236,-0.012475291133522998,0.00785620755613492,0.0146236198169707
237,-0.010722259746526797,0.024969632517345297,0.013786149059453572
238,-0.009015832514699656,0.028429704527106248,0.013566738832528409
239,-0.01009160445393652,0.023591985064170595,0.01429012743736889
240,-0.017703247067463457,0.01843697890263335,0.015700990622757496
241,-0.022760847849895544,0.012334365475298203,0.016736270870802275
242,-0.017236534762775084,0.00030552597061683784,0.01594994652260455
243,-0.00923072265016986,-0.010658118456439714,0.013353997700311725
244,-0.006993397504665655,-0.007133636504055962,0.010875819952742779
245,-0.006236675969003833,0.010562765165001875,0.009449652692350919
246,-0.004924717419365614,0.025831883420642132,0.00836675526429366
247,-0.0020219880610897883,0.02423144570278335,0.007410003335661925
248,0.005421352567476771,0.010283937977426993,0.006766036828170261
249,0.012374403631772807,0.0036351932911023455,0.006405589760377105
250,0.01455805941936704,0.012161830091021397,0.00633812843632435
251,0.014678040178880643,0.01969357241769476,0.006763448799920059
252,0.014149276110188208,0.008682287109102904,0.007545708892112535
253,0.011539992007470821,-0.012359148652071439,0.008068530028318454
254,0.006797074172824727,-0.01753423713736546,0.00814859405568577
255,-0.00006595795625776585,0.0015474661529023548,0.007923444069745223
0,-0.011099479757011428,0.02456562157082487,0.007483125080461669
1,-0.02149428189748201,0.02849793841179671,0.007353117858047082
2,-0.0202444539264188,0.015922861777661668,0.008078834497369215
3,-0.01106434905313948,0.0038384169317309536,0.009729409925349083
4,-0.009551270521533844,-0.00038833899038703823,0.012475307231314542
5,-0.018222045117821564,-0.003822532390779898,0.015986757429236866
6,-0.024932969249017972,-0.015250674205407488,0.018909165457171105
7,-0.022852727325174273,-0.02811155092718265,0.020702890394725434
8,-0.01787807676339816,-0.03060564577405342,0.022341242263068314
9,-0.01682713102599965,-0.024984817378799318,0.02428065636039308
10,-0.022015734682127072,-0.023311256293692073,0.02539391870341598
11,-0.03438280900714795,-0.030277134261673777,0.024411708830059456
12,-0.05066553964657218,-0.03943707606875463,0.02158589638755279
13,-0.06293474851059315,-0.046642587719421424,0.01820133884671596
14,-0.06796148883117903,-0.05038748934735887,0.015260641392018506
15,-0.06885613810998947,-0.05500659814979436,0.013217223819980285
16,-0.06655771727045379,-0.06806188987806883,0.011911926608373025
17,-0.06230026982433351,-0.07706387667457659,0.01132080235469661
18,-0.05996431462738336,-0.0696981764124186,0.01182302995326763
19,-0.059284433262688896,-0.05411992957248346,0.013310048169042868
20,-0.0564264397865956,-0.044528233785526644,0.015422462283600426
21,-0.05278962070736024,-0.048615749706891365,0.017991393732958404
22,-0.05083931625047905,-0.056389029443947025,0.020720033178966868
23,-0.049501112582837105,-0.05514054973789609,0.023459281006247112
24,-0.04759941707136428,-0.0455834561995587,0.026300711081912523
25,-0.044522814118505366,-0.040132784205585414,0.028873492994602346
26,-0.0422189403091206,-0.04822971298483181,0.030647296621571105
27,-0.04080399856069675,-0.05637909024397858,0.03185825161454749
28,-0.03838249085004214,-0.04867401778030872,0.033194256515323074
29,-0.0321440199694351,-0.02989869945202772,0.03457718040378648
30,-0.02323475283116374,-0.013653980231004226,0.03528045290972475
31,-0.02100739262926387,-0.008132302012576365,0.03510860802413872
32,-0.023908915420024213,-0.01023220643213546,0.03442109036819477
33,-0.020918052795976076,-0.008755396923372183,0.033713167638780794
34,-0.013718333876271659,0.0006594531757845856,0.03367598315687628
35,-0.010134247381458295,0.0048170024640374065,0.03476855820596385
36,-0.012099338036000842,-0.005365109749966457,0.03643094221242231
37,-0.016164613885768175,-0.016448638876763566,0.03740000323477582
38,-0.017184230922772076,-0.014239937071010067,0.037191050851155996
39,-0.013357569576832914,-0.0018904194079394365,0.036410858349915524
40,-0.00528879370498405,0.010253522603844739,0.03528294166203369
41,0.0031443471309931734,0.016613531204134224,0.033750531113364596
42,0.007914157221636318,0.02044724791788427,0.032135249645443426
43,0.011560990790638423,0.029358867400580663,0.03020698025528279
44,0.017689727060592755,0.042975990395126173,0.027887902117042063
45,0.026112910663954027,0.04994153943370444,0.025088780100177413
46,0.03230510453901289,0.042789928170505254,0.02103035658836857
47,0.033164386874779385,0.03180420796037292,0.0162268760032611
48,0.031375865403794764,0.030838281080085933,0.012216836348463024
49,0.030796812914620775,0.04013154837825693,0.009405178232709352
50,0.03210836651415511,0.047541033531673216,0.007154503493112323
51,0.034895258164473864,0.04625383622811602,0.005412612312441577
52,0.03955967963468393,0.04650320328446711,0.0046964458032412795
53,0.04185923252055454,0.05291919601067538,0.0047585906600990935
54,0.041594387086948015,0.05886455880916478,0.005446563993873874
55,0.04309936924197569,0.05898018951098233,0.006782287873104798
56,0.04535142038640812,0.05027883847166037,0.0076028648915143875
57,0.047723179424688456,0.039038264276129636,0.007349450757004442
58,0.05101882991759736,0.035496418082921866,0.0070299208141244365
59,0.054238649133804884,0.04196547456419536,0.007323764386918872
60,0.0563727552892998,0.04808261776339118,0.008041813073756978
61,0.05552286349261493,0.04273386772282234,0.009051410957752054
62,0.05014889051451979,0.03227071114387703,0.01053554064101514
63,0.045351255590749984,0.03047678233415993,0.012468578811276394
64,0.04742661553812805,0.04114493986192512,0.01462888091126649
65,0.054916522823083014,0.0519223472296223,0.016544424400894625
66,0.06035425447633172,0.049021342229246256,0.017458456540617878
67,0.05832208496832099,0.039710163997441844,0.017345459188896756
68,0.0531743548907173,0.03920613867254044,0.017159796091493724
69,0.05183272149888721,0.04745783796773584,0.01752597762936727
70,0.052443867843296604,0.04987617990318344,0.018760699588731944
71,0.05085335946749919,0.040065035043821196,0.021460631151879433
72,0.049543410079162326,0.030405455475329468,0.025533988298151317
73,0.05194868997106125,0.03141064396921603,0.030199616308508148
74,0.055612123798375046,0.040762852786131065,0.035438888581303105
75,0.056191597941933416,0.045658965354479567,0.04202780278877212
76,0.0541356291190553,0.037316533110109684,0.04971650508982696
77,0.05344024879740568,0.026337714149305413,0.05740166852804637
78,0.055994051215829094,0.026536191635604278,0.06401829515424451
79,0.05842885059577094,0.03929540464306794,0.06812178334157643
80,0.057946445159300086,0.05095269060603197,0.06919504649552724
81,0.05699989578028111,0.04662939007179123,0.06829512715443306
82,0.05449828082678748,0.03132449451445152,0.06690659736618018
83,0.049527139841047785,0.02047279724526485,0.06567497407717571
84,0.04672237464334433,0.02230909971604668,0.06423288455825638
85,0.04731231794547014,0.026555893057540136,0.06170136084699407
86,0.04616269178819253,0.017760381661243413,0.05685433017214406
87,0.03862662053978479,0.002230731007492076,0.04972981607001997
88,0.030673798481232153,-0.0012854086978443258,0.042424650171245415
89,0.031097127748705558,0.011277666739773151,0.03696368965385316
90,0.03847219053714243,0.021588156783330564,0.033505990498260196
91,0.04488489812359375,0.018355029819407592,0.03116458389939665
92,0.04906934959916176,0.014376364425316562,0.028991289165552922
93,0.05389540927110917,0.019557581572885036,0.026388923510145157
94,0.054371892917376444,0.029213065790839224,0.023576758228298356
95,0.04838083808571432,0.031193005162074836,0.020609981880070474
96,0.04142667348342646,0.020287865528818824,0.016686152966478237
97,0.0374201715745477,0.00826224621844289,0.01154729008276626
98,0.03632092766179386,0.005777003064178471,0.0062811595825394174
99,0.03555871086620904,0.011285713816944563,0.0016969115681635463
100,0.03493179983025446,0.015587919465729017,-0.0020459580641568748
101,0.034877539063439156,0.012008418484072553,-0.004605166868563878
102,0.03493845957577846,0.0085883375117084,-0.006770108823937977
103,0.035233737807111434,0.015321271030163869,-0.010039213041929968
104,0.03640487558058732,0.02524363049421012,-0.014730460159849156
105,0.039148231845816894,0.020347577495682986,-0.02010544132366189
106,0.04157632149433853,0.0003790727635980956,-0.02548995608868687
107,0.04197327914939965,-0.011668249245445739,-0.03054654451660624
108,0.041448949053396134,-0.005143088084739129,-0.03446157278024925
109,0.042136104025994076,0.007630991037858387,-0.037059113960256546
110,0.042230599773199845,0.007690000402755387,-0.039392628036773736
111,0.03902648609999905,-0.008800569205585237,-0.04241777973352659
112,0.03585609413509468,-0.02177861543157273,-0.04698190040141158
113,0.03683364269641762,-0.017122170230040618,-0.0532317508876865
114,0.04032715675989548,-0.002324315739905554,-0.059642534584361306
115,0.04004597895155372,0.0060344539111557155,-0.06500514159935364
116,0.0350807233840673,-0.00030763870428515694,-0.06983471490552529
117,0.03092578940777574,-0.012173217858901977,-0.07458965622144764
118,0.02980019406250488,-0.01650320843244707,-0.07906252955574228
119,0.03137409060627136,-0.009661094939041631,-0.08371663769318902
120,0.035705299241754085,-0.004099164170102768,-0.08913172747621573
121,0.0425412061645514,-0.011071921994527001,-0.09472833185517412
122,0.047842746640078024,-0.018902623242960298,-0.10007661997437522
123,0.045325056327480046,-0.0130089256585416,-0.10550011716363611
124,0.03698711662380573,0.0017674975816176497,-0.11062243127863997
125,0.03128352222072138,0.007620110166090294,-0.114685890345046
126,0.029424420428528275,-0.0017291397798536168,-0.1176548742561303
127,0.028435226238763406,-0.010636137744454405,-0.11992027637601155
128,0.029533534762600372,-0.005268422547364621,-0.12201258660896391
129,0.03385542242059475,0.007937097266972643,-0.12448200399507303
130,0.037520119268871416,0.0115675961397953,-0.12764023944394803
131,0.03544999475341647,0.000788887162006216,-0.13134684191139806
132,0.03282493360795924,-0.010235651164628684,-0.13545633164802368
133,0.034116183305170605,-0.0068094446148188326,-0.1398773155069537
134,0.033888785649084555,0.008740405177907834,-0.14377882947745396
135,0.03207174252832634,0.014685453362589113,-0.14651095530250424
136,0.028859893794931896,-0.00005843183295844989,-0.14888247157738782
137,0.023340223847086505,-0.016293448407104248,-0.15188580058405127
138,0.021152113067468253,-0.013062156098083658,-0.1553753550761392
139,0.02433646593722814,0.005750984955270613,-0.15904700606834515
140,0.02885503923281721,0.019045486392980315,-0.16323056523571244
141,0.02846462047793616,0.016284539492000483,-0.167669898556618
142,0.022864284652080177,0.008215796376080851,-0.17149821821347244
143,0.01905144532469663,0.006087621841385192,-0.17468494239713783
144,0.02090540554919841,0.008825720574170047,-0.177405734108397
145,0.026854929675890288,0.007952305678194702,-0.18000715087092412
146,0.03226267044325265,-0.001066871458207365,-0.18334642778059235
147,0.03422457164461146,-0.008050466288331847,-0.18716717516856562
148,0.03346396013473242,-0.004126805941513607,-0.19034068872761145
149,0.030379298807948846,0.005029064987979205,-0.192787353401688
150,0.025058525359330792,0.008947414828887876,-0.19514087391870688
151,0.02025253989098219,0.003134454001124491,-0.19763081899098572
152,0.020381235000135244,-0.0027330479401399647,-0.20020743857699003
153,0.027138337938942984,0.00227506763192932,-0.20264978664475863
154,0.03190260555018409,0.013831696293454206,-0.2049809303268466
155,0.02767646326288936,0.01802643940933923,-0.20774158657755082
156,0.022401384116612258,0.009718923200800741,-0.21125032797731902
157,0.02327988820743039,0.0005887367545141207,-0.2154456057692712
158,0.028147926601560055,0.0021057286923275853,-0.2198616137547823
159,0.03192746643169597,0.010680306783022217,-0.22362244468563686
160,0.03047755162079166,0.012880363783069844,-0.2264162688167466
161,0.024114257251970514,0.0042790046697116085,-0.22838204137148155
162,0.01732680157876941,-0.004594154264351537,-0.2295065466379007
163,0.014465737676905746,-0.004005084739825707,-0.22992195416119932
164,0.01657023121444602,0.004157231181879405,-0.22954691981020414
165,0.018130474259328552,0.005931541592939404,-0.22830420679566732
166,0.015635207021822348,-0.005982580554526884,-0.22713075573238983
167,0.014200975081565939,-0.012910458443426746,-0.22694679933906414
168,0.015045907493727223,0.00037170307579892023,-0.22697352365313683
169,0.01579039280705361,0.0187068679737327,-0.2262112160948575
170,0.016052897706422837,0.02086358074694056,-0.22548298066305406
171,0.013356217460480515,0.005262066273904638,-0.2260154134042367
172,0.011469854428652768,-0.009427343217481392,-0.2281669618956228
173,0.015224919881937297,-0.007407627758956523,-0.23196834398635735
174,0.021199163171018214,0.006650541233142557,-0.23669641534177388
175,0.026497551461355982,0.017547560357565307,-0.24178642030218855
176,0.03151049023298663,0.018255858375980608,-0.24758648300399078
177,0.0380256209717236,0.01594959485616161,-0.25354332531416757
178,0.04304139019220968,0.018984155239426412,-0.25868329650305066
179,0.0410878288970567,0.026383205833815787,-0.26308035097709903
180,0.034960611913976425,0.026925213529867653,-0.2669700834922194
181,0.03080928352853962,0.016136879306872326,-0.2701372502632009
182,0.03020798031321434,0.006896826011303009,-0.27286245574355594
183,0.03316240634483855,0.009346697204853177,-0.2756416271152312
184,0.03599275527185723,0.020438326663230866,-0.27798063881161994
185,0.03194648885310203,0.026765142001279815,-0.27958390423550794
186,0.02359047493156994,0.019138664487990703,-0.28131020110934113
187,0.021744729634527678,0.009538355817910904,-0.2833043903194753
188,0.02886790551264011,0.01272607353738478,-0.28503506406691936
189,0.0364323740251548,0.02403046525157202,-0.2864756844121069
190,0.03771461586547087,0.028472353485626156,-0.2877256259478894
191,0.0318955209256675,0.02246670190657757,-0.28898995520600823
192,0.024416672215411717,0.013432334416988684,-0.29071143333431926
193,0.02153780520232834,0.008348914534578616,-0.29363696092793656
194,0.023492339556418704,0.014088682562109024,-0.2977590058412507
195,0.02897836942207231,0.022876894875658055,-0.30206639835844484
196,0.03333223181326772,0.018897814298588292,-0.30595496339801165
197,0.031073628571145526,0.009665156866689173,-0.30913746167189604
198,0.02278970719586567,0.009777350775397486,-0.3115012958056157
199,0.013399512398759833,0.014305204989726247,-0.3135611990713635
200,0.009206983458386789,0.011747575475263464,-0.315093632541405
201,0.011784022602572303,0.004523026292874793,-0.31527000577674447
202,0.017896756806948008,0.003436768572988913,-0.3142952398567076
203,0.022515260091012228,0.010866387520633805,-0.31271656488501964
204,0.023892807320309344,0.022097707203070707,-0.31097081361844114
205,0.02473834284688204,0.028258483243661814,-0.3097761932095494
206,0.02365421658067121,0.023012071039158657,-0.30994618533989826
207,0.019245607079695644,0.01415688247246423,-0.3115506626643907
208,0.015855472026848103,0.014210224357358678,-0.3136739372948796
209,0.016590000360615767,0.021534715135905325,-0.3160400417864415
210,0.01956824152046341,0.02096484613931321,-0.31914515178896297
211,0.021485981667546478,0.009299937011975318,-0.32272232807700973
212,0.021924810727618087,0.0021473876795602143,-0.3262016056747721
213,0.023291501160107298,0.006728875638782342,-0.3294776539434815
214,0.025488961640539216,0.015081260595127238,-0.3319703154525603
215,0.024286065613313933,0.019670865287446743,-0.3330951660994709
216,0.017759417457218325,0.01707582928220222,-0.33341121253807093
217,0.011704291255350621,0.009507115919068193,-0.3336023374464683
218,0.010578978015346227,0.004831711843510472,-0.33355201562288406
219,0.011294621678782174,0.007140649339407321,-0.3327082494962843
220,0.01190473285699023,0.008110999181066642,-0.3314832560207066
221,0.01378239708261162,0.0024519213034219778,-0.33101790958556776
222,0.0171770214908532,-0.0007264395329084905,-0.3312804391413017
223,0.020619829778707292,0.0050959131358988,-0.33161138581960736
224,0.021241053024191395,0.016960599277073177,-0.33140071311650066
225,0.016069249821657222,0.022093708466163098,-0.33007342348640845
226,0.008980825988346312,0.012360388471350764,-0.3281615107494943
227,0.007897605339081501,0.00042877107786720714,-0.327084241825372
228,0.01164074906793966,-0.00039713847742947617,-0.3272176767108187
229,0.013644999543923786,0.007388337881113594,-0.32750170184328986
230,0.013362568553550606,0.010774961089155072,-0.32719247162522447
231,0.013837457432171373,0.0032944093636991245,-0.32611440303800854
232,0.014304511454245716,-0.0035818713962787185,-0.3242715608926551
233,0.01309104119477552,0.0017753861452942388,-0.32227023683045986
234,0.012330868499100409,0.015103790613734153,-0.3202025186390274
235,0.012824465995890426,0.02023500494840158,-0.31801463234953
236,0.012666448408790373,0.009900783919914086,-0.31685251463224784
237,0.012439471038312847,0.0001409708702817536,-0.317170893302538
238,0.011821494173754485,0.0035093678315052945,-0.3177241900193525
239,0.00828237056136942,0.01200821678272243,-0.3178703752048855
240,0.002839340222790837,0.011886117324991924,-0.3180592742078854
241,-0.003429618356403416,-0.0006508854389215557,-0.3181823012368341
242,-0.00880845240640036,-0.01124721168750556,-0.31792257419598613
243,-0.009982358029631752,-0.007262591161272036,-0.317117930965107
244,-0.006609479515017919,0.003442223668666533,-0.31511037048316004
245,-0.0014633051121782092,0.006572976011577691,-0.31171148303725416
246,0.0006922939173847203,-0.0011997530241762144,-0.30760046557514975
247,-0.0013564270452620236,-0.009245594229648851,-0.3034574749429779
248,-0.0027371283335780733,-0.0053220215761418666,-0.29988150746003295
249,-0.00014064136032963803,0.005425544853316783,-0.29716999420480694
250,0.003597810335541185,0.008875642629182307,-0.2954122643094247
251,0.004463908020730788,0.0032349204223014183,-0.29485542345497684
252,0.002486894484179686,-0.0029058514292476245,-0.29532392258332807
253,0.0013846274560612715,-0.001752456943800329,-0.2963456188914645
254,0.0004978684675642497,0.004751777406225399,-0.29755512922831173
255,-0.0033147636629634047,0.0030207899768130986,-0.2985211435895222
0,-0.006297967228484816,-0.011403327105379973,-0.2995629010135705
1,-0.002243826343409798,-0.020188024987190453,-0.30123044509480745
2,0.006752363639043614,-0.010400020273764798,-0.3031415739729736
3,0.010783143961945588,0.006519303261812964,-0.3053349764547352
4,0.007712733347722482,0.013044843806300721,-0.30857921321601434
5,0.005170781659590194,0.005584626204528903,-0.31321996570950406
6,0.005098127585859105,-0.0019637803855140773,-0.3186580596512325
7,0.004459867366838361,0.001130633615899851,-0.3235163589829616
8,0.0038009206224668586,0.011294357025199042,-0.32712978745176957
9,0.005157448998752857,0.016506238895918374,-0.3303983487286687
10,0.007690575656892351,0.006432268198767993,-0.33429088939959106
11,0.009536400149957654,-0.008573585862550803,-0.33791120597493196
12,0.009400533279223435,-0.012629067321298815,-0.339567130536784
13,0.00768742534156977,-0.007419637336060575,-0.339122577892802
14,0.007182677644113816,-0.005333330952417725,-0.3375479704188782
15,0.007609659300810645,-0.009577377661209752,-0.3353058944875309
16,0.008802974787212453,-0.008764606579820422,-0.3324178308990905
17,0.00799842794636222,-0.00045646817500624715,-0.3290604579795785
18,0.0033526925855230406,0.009099740563655256,-0.32561305392302453
19,0.000838455677548141,0.014504129775459867,-0.322558200563149
20,0.0005105409272677976,0.009061004159266972,-0.32033177607802044
21,0.000021857317049839634,0.001216951574478209,-0.3189084233425731
22,0.0007595561738905597,0.0061532834890386245,-0.31753948546882627
23,0.003193830553158576,0.016572959921297814,-0.31588440401757845
24,0.006084883506367683,0.012872108608901811,-0.31410793977454
25,0.005445361094329533,-0.005302694707571165,-0.3115547863811835
26,0.0022100639002540848,-0.018903014920481936,-0.30760384281594455
27,0.003244051003850385,-0.016918990599890785,-0.30320999510600055
28,0.009139638642504277,-0.006532390650070691,-0.2996244500599574
29,0.013101212731101496,-0.002445565590344534,-0.2965709139566579
30,0.010195748429409825,-0.00824055477391708,-0.29296934241812556
31,0.0020763140503225336,-0.013236676653188159,-0.28816577105040797
32,-0.0033444176543172208,-0.011744445530998404,-0.2824375152944373
33,-0.001906796009925854,-0.007367109540572098,-0.2766683992004243
34,0.001981688312665729,-0.006606320795188497,-0.27167984186984073
35,0.0017800515017506284,-0.01010351382826527,-0.26730909139702375
36,-0.002124714461292917,-0.01052270800879987,-0.26297403219214965
37,-0.002150953981561586,-0.005982680805045326,-0.25896744003706373
38,0.0013990372857366623,-0.0014757085138760728,-0.2551151379185087
39,0.0027682431711788386,-0.0030756919850803977,-0.2510318611693716
40,0.001096706753915943,-0.01214001099519918,-0.24725198627926437
41,-0.0018917018269680314,-0.017123562075567325,-0.24331695500240635
42,-0.002976472463105728,-0.009379911720745093,-0.2376498370547251
43,-0.00048496642826913877,0.00176404896170812,-0.23022122258078215
44,0.004644446705963874,0.004734909450120478,-0.2222319842136623
45,0.009682071023106666,0.0008234538732072583,-0.21439247370627634
46,0.007730649052529456,-0.0005426823023696459,-0.20720018052050204
47,0.0007457871310956668,0.003540557486663043,-0.20116347682074442
48,-0.001058306026240581,0.008003719400764664,-0.19610867794082854
49,-0.00038136402581274813,0.006614180225224975,-0.19160860132969315
50,-0.0006645517420461305,-0.0020163072586822928,-0.18771446034417327
51,0.003907566829776388,-0.008117755405336213,-0.1840342360989169
52,0.00906424332633398,-0.004032838914936429,-0.17979006128295383
53,0.00733953137418503,0.005281945977316516,-0.17523340720047853
54,0.005144509546461024,0.010780225120984116,-0.17068348533370592
55,0.007298787497733716,0.009508496468915134,-0.16488356318717262
56,0.009297784081540668,0.0066213587359648385,-0.15657715438236874
57,0.008756618502721362,0.0058315401649662035,-0.14616674364245003
58,0.006330441436740315,0.006994651996733603,-0.13429695639176764
59,0.003897048308846223,0.004258916174606109,-0.12018511975275376
60,0.0003255405793533839,-0.006851568032664457,-0.102882470825157
61,-0.004638961334511478,-0.013628762830113814,-0.08242122497114213
62,-0.006811915107219145,-0.006332434154876429,-0.06046920047766641
63,-0.006947155515547289,0.005635611171843621,-0.04074815512064217
64,-0.007236062291718418,0.009062568532749421,-0.02597289201281644
65,-0.004927083429926385,0.002104154619115922,-0.01702944423838101
66,0.0013490266725077332,-0.0014368043490329968,-0.015288232060028092
67,0.007445115646033396,0.005741568134769039,-0.022230069509634423
68,0.012080065278595925,0.013118750690018388,-0.03843247465289347
69,0.016963508434014687,0.010728774875310446,-0.06617798482777876
70,0.019896933408724254,-0.0008939625521100711,-0.10877887901700913
71,0.019627271112489145,-0.011032305202861942,-0.16362588707817605
72,0.01768036375470794,-0.010307407878301172,-0.22212634901988748
73,0.015732182476630954,-0.0026288805643536473,-0.27592673284234837
74,0.013263175070563321,-0.0003701776928724393,-0.3198731532919352
75,0.00783651710298628,-0.007799510602907123,-0.3522053757582255
76,0.0016156544696828076,-0.013681721076826366,-0.37336440549468675
77,-0.0008791161080292514,-0.009658932786364871,-0.3831059758869293
78,-0.00013288268262150876,-0.000007163674000471021,-0.37947364761626123
79,0.0005891281984627267,0.0046868900937180324,-0.3615306743891067
80,-0.0002761730424202871,-0.0002721260620999477,-0.33128620269241993
81,-0.002292716447214318,-0.0047324045050524954,-0.2928997754010043
82,-0.004229183531381846,-0.000426809979699877,-0.2511677108697711
83,-0.005194434156414907,0.004958853561483956,-0.20992166701255832
84,-0.0065546413953731855,0.0008848048362580657,-0.17173748320810006
85,-0.009377826507107424,-0.00909610157424054,-0.13851838875750644
86,-0.011097966564565027,-0.013570839844202376,-0.11095987320607709
87,-0.010577952121995068,-0.0069344628897813065,-0.08857828912856575
88,-0.011427391892999267,0.004742947780940199,-0.07026715711232223
89,-0.014021607805581648,0.005516630611364481,-0.05490519223690582
90,-0.014326296201186084,-0.007297877612576192,-0.04215197883739552
91,-0.011809186718477374,-0.014395294971897343,-0.03182427829985722
92,-0.00818325088184495,-0.00706510153192999,-0.02293002750975196
93,-0.0055464112678473565,0.00289278241244606,-0.015064033878587783
94,-0.006184117818341311,0.004082449102610242,-0.008752237178237265
95,-0.007671695741600339,-0.004457612367545827,-0.0035045042594978836
96,-0.006938188325371096,-0.011663372154354548,0.0014270534116504023
97,-0.008387112822358544,-0.009075706157661137,0.006185500411483191
98,-0.013596412002640931,-0.0025851691077480587,0.011130826858036857
99,-0.016145685891968478,-0.003315654745818547,0.016521323653099072
100,-0.012570371073141809,-0.010232283159065145,0.022389706355131392
101,-0.007007325030573001,-0.0104953814420298,0.028877620236160167
102,-0.004916549188029525,-0.0012132421342761907,0.036315601320825217
103,-0.007439115021377897,0.007754133922515116,0.04428450867802264
104,-0.011806241202920507,0.0061448854123700575,0.05140573164662442
105,-0.014927179649197918,-0.004820554526760543,0.057078394757612144
106,-0.015083635175959622,-0.01185385473692016,0.06117584439822568
107,-0.011425452945492034,-0.006498911670532265,0.06319375974811745
108,-0.009393000394350856,0.004740675303546105,0.06279865077529653
109,-0.01334482258274497,0.007189081447250001,0.06007576863720088
110,-0.017276387991564834,-0.0030917717819150814,0.0559822676656091
111,-0.016807500811052353,-0.012835408540731605,0.05212368714894128
112,-0.015391346180406797,-0.012346122857653144,0.049887324626249646
113,-0.01523986545102726,-0.008370010782610016,0.04906585457958915
114,-0.014798734913137454,-0.009956225930446413,0.048150950353021596
115,-0.013051561921997185,-0.016390038763128098,0.04689290515904666
116,-0.010534460495505955,-0.018852099852669876,0.04570247863143295
117,-0.009964135571813144,-0.011994549361022011,0.04477260095709988
118,-0.011473621885298303,-0.0019306395709836888,0.04516737853549728
119,-0.011334059928769707,-0.0007696791015120441,0.04799760834922817
120,-0.010652981450928294,-0.010961924164458625,0.0532596273210649
121,-0.010310810561492575,-0.01752626509475133,0.059626140114060505
122,-0.006568185364163133,-0.010887159110104044,0.06554866197807652
123,-0.0004064520424592148,0.0030313371627541386,0.07070434574999038
124,0.003941380337147537,0.011727212215708271,0.07492083323260665
125,0.004557221920937632,0.005909686547458742,0.07796828270791542
126,0.002444665820256993,-0.0055003185674654675,0.08079221072944856
127,0.0014313292702481488,-0.006559391427010147,0.08452150752060167
128,0.002534523890825851,0.003597676135339789,0.0899689549054346
129,0.003022954882932879,0.010440585780508688,0.09694562787048738
130,0.0031157317083539684,0.006444518673164035,0.10387175552558553
131,0.004362090793272207,0.0013766317896117541,0.11009910438633458
132,0.00490910198893588,0.0019129527970275229,0.11611523207386754
133,0.005759112443044931,0.005594387036272436,0.12192994974669369
134,0.00807729570644289,0.00595749381366234,0.12749298667272113
135,0.0069803584531866435,-0.0013842279440848537,0.132963730534077
136,0.001242895314470513,-0.006876507197608572,0.13790087544392726
137,-0.005778553122570744,-0.0018060923505356513,0.14189403073655565
138,-0.009901841489576999,0.007458807448180976,0.1453872009261135
139,-0.007417841595144262,0.009947434926585424,0.1487553636405296
140,-0.0006405290552687903,0.005357471341730341,0.15147473000382494
141,0.005981631776878882,0.004474655449082543,0.15330928375184183
142,0.010075279293182388,0.009648767277940562,0.15527414697125597
143,0.009067502510838807,0.013973844748078557,0.15789944858330507
144,0.004844621475455793,0.01265221134650546,0.16053726438521748
145,0.0023711304777641884,0.006403577528755672,0.16358648551823946
146,0.004044785571199153,0.0019585350000520946,0.1683031021200847
147,0.011720320552118538,0.003860849738388336,0.17493547594166936
148,0.019635445536642607,0.009123618661410565,0.18260978181413173
149,0.01916326326203572,0.007802197267199246,0.18926762839583633
150,0.01442272018905632,-0.0032281095763960765,0.19354411669040267
151,0.012262457611613806,-0.008180496159441358,0.1965305812225906
152,0.011452439101171257,0.001297304424752177,0.1993724424407961
153,0.008963561871047736,0.011965821195295545,0.20204956044177924
154,0.00416530439945878,0.011071547468428339,0.20462889180194233
155,-0.0013889553375179275,0.0005096550353428791,0.20730698853598362
156,-0.003130932106618134,-0.005699173576429531,0.20996886194566466
157,0.0011297557420604717,-0.00034451328977334883,0.21212037864258992
158,0.005364049104034568,0.008732514404355435,0.21372839279252065
159,0.0044361389415342595,0.012006948620642388,0.21533439725550674
160,0.0015547350708410984,0.007036057649278504,0.2173287659188322
161,0.0006459259832868741,0.002054952493967116,0.2205997564249974
162,0.0004886750890386246,0.007149489331339798,0.22563433754282392
163,0.0004108982148484028,0.01608790111724054,0.23101095836181118
164,0.002333297843860521,0.014281227615360131,0.2346671931527845
165,0.00489579185235875,0.002538254878637375,0.23566806745033686
166,0.005600174189631504,-0.004186236785061678,0.2344657596082378
167,0.005694650689605778,0.0007202724267083849,0.23212303091746966
168,0.005660271716211862,0.008929513731191219,0.22961256829566312
169,0.00370953371533167,0.011134310156432209,0.2272589771557999
170,-0.00038348014246256806,0.005402288419799478,0.22497125580156785
171,-0.0032775446517050513,-0.00008819873136337031,0.22368890747381365
172,-0.0022320441150757916,0.004874341440222918,0.22483567179334885
173,0.0003430200361939778,0.01461977673172607,0.22764481883802978
174,0.002736571242278954,0.014309077086280847,0.22996326317572768
175,0.005958426327203857,0.0038907239867582433,0.2315595999027874
176,0.009841597341005842,-0.0021731546576754385,0.23358759465022927
177,0.011390562146700513,0.004091779992528549,0.23633085619852667
178,0.008480319755907899,0.013775631426036133,0.2396823148479642
179,0.00392295396480035,0.010705960899077327,0.24340857859198306
180,0.0018174060411993783,-0.006516260015259068,0.24675223966220527
181,0.004145203660736915,-0.017622276220764566,0.24956290521291213
182,0.010261934639270873,-0.007474901083365085,0.2523926345846982
183,0.01707476046379818,0.012393940866648995,0.25483853645983656
184,0.018229139635451537,0.02029421226785491,0.2557847816678681
185,0.01282858934104994,0.010985232480372864,0.2554287441875115
186,0.004769204963058257,-0.0015259824607972428,0.25512332448281316
187,-0.00666673358915694,-0.0043933554585081774,0.2560153343075957
188,-0.012297563542738754,0.00009423746438638747,0.25835803758818077
189,-0.005131410248611509,0.0022077185630622193,0.26096812866604735
190,0.002843796520444704,-0.0029568088181039787,0.26240726506478607
191,0.005694509366256775,-0.010198221294059145,0.26257292718513814
192,0.008406975891512639,-0.010272616690577122,0.2624742686974273
193,0.014150605512149292,-0.003502930631226725,0.2634090410330808
194,0.01897390394594506,-0.0014682154296609407,0.2657473437589414
195,0.01866017549868175,-0.006947110794638514,0.2686910199980659
196,0.01590367979379359,-0.009125337536162209,0.27147247405698205
197,0.012701671044070217,-0.0027896197128247785,0.2739279471918953
198,0.01255449746886178,0.007217403724437632,0.2763644934082765
199,0.013797044206340037,0.011569936600644287,0.27882845357435626
200,0.008563004275575103,0.006287921678212224,0.2808410606755908
201,-0.0013291605581608468,0.0006642469767419307,0.2822056605085611
202,-0.009579861644778725,0.0052056841037216445,0.2829407128769269
203,-0.012179865164150067,0.01433783568114598,0.2827507139222025
204,-0.007773764763851693,0.015206148036896294,0.2813815030828597
205,-0.00017935294985078898,0.008644451365685119,0.27906200695017613
206,0.007010313790682725,0.004330569431965928,0.2757483502689275
207,0.013045830422446808,0.0076634665176298356,0.2711826042763692
208,0.015228125483643412,0.014503165018254618,0.2659741872603191
209,0.011547503036600917,0.0113296746409811,0.2609681310701141
210,0.005232983364250182,-0.005107697149974791,0.25631590326030484
211,-0.0007698978258573533,-0.01601866174413153,0.25206147520815647
212,-0.004303805243468031,-0.01143083898301489,0.24940801261921974
213,-0.0037894845131278693,-0.006551429036457099,0.2495671104281747
214,-0.0032071518385119874,-0.013545832210999212,0.2519265567708685
215,-0.004604171582674191,-0.025303663549008995,0.25495675899607095
216,-0.003876110630042097,-0.029268240951439775,0.25733935821616205
217,0.0018456088549889116,-0.024922037448238593,0.25861701739775456
218,0.010091656327594963,-0.017828270459862877,0.259725705490758
219,0.01471378715941131,-0.013026857983844398,0.26121190832084207
220,0.01177050245953716,-0.015779552891451915,0.26155756701663546
221,0.005027456611990264,-0.02150929556353036,0.25995229763588656
222,0.0030762192261000743,-0.01997850936818303,0.25758398164884
223,0.006663143393314724,-0.013199099746612472,0.2548634875977911
224,0.010029333800200393,-0.01249899328373634,0.25197283681124094
225,0.010514066341808737,-0.018676119374947828,0.2500295608214841
226,0.009254846893057368,-0.0216527394897031,0.2494407845026655
227,0.006304619120755223,-0.015236133995469303,0.24997031980081819
228,0.002132997012107285,-0.0030872087424214656,0.2522090080928441
229,0.0030110805210563085,0.0031298711273403113,0.2566215564272921
230,0.009947259648377754,-0.005042734427327306,0.261738510645243
231,0.013961246261656401,-0.016613558831455766,0.26606467696389113
232,0.009644607236123058,-0.017670909791360767,0.26976386210230474
233,0.0028150671401237295,-0.014933357559850702,0.2732021651831137
234,-0.0015373706666053713,-0.01826443639377412,0.2764948366142127
235,-0.0039545623961165025,-0.023877954745057814,0.2800652056528633
236,-0.0031687602726241174,-0.023385645317978515,0.28388194789218235
237,0.0020268572767079725,-0.015470292513482226,0.2875437879961149
238,0.01090022777340427,-0.006682742392082858,0.29172461152543017
239,0.017207876753375404,-0.006502496501661403,0.2968293725305019
240,0.014901764253149236,-0.014694842136692837,0.3020871448884226
241,0.010206596370005191,-0.016793007089775602,0.3070854225106825
242,0.011578679825209132,-0.004957229968530652,0.31150493249076217
243,0.017286980046013284,0.011198970527158292,0.3149050521172163
244,0.020277397923736416,0.01668007552733744,0.3175426465429826
245,0.01883995488411745,0.008920727838875625,0.31994315048482325
246,0.012961788244063579,-0.00004938284323623143,0.3223948956625158
247,0.0023861865610449867,-0.0024689702936462887,0.3245958543479631
248,-0.005256738349710469,0.0003933452079624977,0.3256607807353562
249,-0.0034689103402890404,0.003450054786122425,0.32514891581514815
250,0.005517609600446383,0.0023615595391013877,0.32295474245582834
251,0.013071423142444685,0.001675590094809068,0.3195181498428481
252,0.013234837461953256,0.008191661945157372,0.316181122487162
253,0.009726560668763021,0.017672405670592473,0.3135434381240275
254,0.006808573119420791,0.01798693108408564,0.31057972243739573
255,0.003957160580906338,0.009895575712468851,0.3062848972107104
0,0.00036294234931066177,0.007399830035947366,0.3008458576012498
1,-0.0041423451465874075,0.01692753764495175,0.29493793472718943
2,-0.007377641106404126,0.030875192974279264,0.28905010385398844
3,-0.0057251781568933985,0.03440072761491955,0.28300474681407417
4,-0.0025097175104811242,0.025743020597005062,0.27637607634475214
5,-0.0022315088146556417,0.019932459824840668,0.26954189666282224
6,-0.0015796246171880801,0.0227709090441211,0.2631160220336918
7,0.0021063350366691685,0.025606087690528884,0.2565574069904657
8,0.006630714090794257,0.02252650634595274,0.2492093141469155
9,0.009599132814765612,0.017678871672071578,0.24166182782461332
10,0.011196632905019016,0.01851126144141002,0.23482588764257006
11,0.013853460204870022,0.024367794814597193,0.22922805055839934
12,0.01677611664551565,0.02795042959192323,0.22500773038556476
13,0.01668244181161566,0.025025009552605254,0.2214392651623852
14,0.0127860376717909,0.017207286841211852,0.21725613131892563
15,0.005124294147562519,0.013636023360220989,0.21213798105089965
16,-0.0011486604559593563,0.021408679672079628,0.2069792561950461
17,0.002503799419194439,0.03173020799567017,0.2027296738609442
18,0.011064478958933123,0.031159887542298564,0.19907319520551547
19,0.013336872687547893,0.022257491792164102,0.19500805318128023
20,0.010947637186533202,0.0188768020257052,0.1908591473849789
21,0.012767286211985598,0.02510772992243425,0.18742535401360905
22,0.021294862916256055,0.0328151376958245,0.1845247443245296
23,0.02830299170808616,0.031707465480474,0.18166611269726263
24,0.026163975696110883,0.02066777524963362,0.17835172582206854
25,0.016943005489340038,0.011932203358051896,0.17494650145904594
26,0.006391115462020536,0.014676657408984578,0.17288022508971446
27,0.00007448273418674684,0.020636546705423253,0.1718797851623255
28,-0.0019143831062070002,0.017713903778233814,0.169883596107698
29,-0.0046125407393093,0.009986143495985311,0.16595697703299372
30,-0.006344327603121147,0.00841196065924138,0.16087247578740693
31,-0.004631036479381748,0.01294593282221472,0.15603343531700847
32,-0.004361925961196042,0.01588270553629248,0.1519062312574458
33,-0.007056186544463966,0.01112076385470645,0.14746595828950504
34,-0.008776212440985521,0.0010966446457601198,0.1416364755823173
35,-0.008114833735083808,-0.004415225189193517,0.13482942943017728
36,-0.007755736945706679,-0.0014633048905839524,0.12836122573307718
37,-0.008491806021974815,0.004184014793364749,0.12290591892413094
38,-0.006488930268655303,0.004143278373101161,0.11884296923583093
39,-0.0018411630380253154,-0.0006390858687368856,0.11648738949903603
40,0.0005302354085094454,-0.0015524346319913396,0.1155518062450156
41,-0.0008296462046867986,0.003837171350853749,0.11589359294960627
42,-0.004476512203553162,0.010127664988205942,0.11761066981795898
43,-0.006325875735825048,0.008600170675456237,0.11970225656693911
44,-0.002961189934669005,-0.0015247003205202392,0.12054387853429821
45,0.00023128773628840887,-0.006389129291795137,0.11967019698748849
46,-0.0025409608766178635,0.002699045982057169,0.11763475219339392
47,-0.005442571850901981,0.014518514533561261,0.11528759719945314
48,-0.0023773850433729156,0.014389234454804362,0.11367394153279597
49,0.0014145693234506665,0.004332665957089893,0.11292227419928952
50,-0.00030304990015646294,-0.004927987183840854,0.11242209625421601
51,-0.005092298375589353,-0.009166307260394524,0.11252200533877288
52,-0.007675462727674977,-0.0068524423382092525,0.11379426206930554
53,-0.006465795861018756,-0.004467996389849183,0.11520841998259074
54,-0.003495586122935941,-0.010634150588744687,0.11531180542286851
55,-0.0028739392397862523,-0.01731595107148659,0.11457602931953598
56,-0.005242565026706648,-0.012419637887545631,0.11385562846270347
57,-0.007534958803380176,0.00101200133574407,0.11279108709474345
58,-0.007845809691540008,0.009151662232262492,0.11086165196560771
59,-0.006044841224430296,0.006311372115838307,0.10797390293708164
60,-0.0030597767457888336,0.0014630040504988381,0.10464209011666065
61,-0.00033822738410166364,0.008659466099180009,0.10146513297878401
62,-0.0004849896103266277,0.024154129138753103,0.0987603142889796
63,-0.002986937068267321,0.020892157210861115,0.09624980845039571
64,-0.005437118272915785,-0.00824833356111293,0.09317136399429976
65,-0.00780450775928114,-0.030307983603504257,0.0897987292802489
66,-0.006526396750769513,-0.018931643095853642,0.08741106739052137
67,-0.0011964265383065664,0.006720037602250081,0.08653986795502466
68,0.001093926953543628,0.012231342613363838,0.08681431850346949
69,-0.001388449972657628,-0.005214581355264078,0.08774089620856163
70,-0.0031347726517066132,-0.021624383597773023,0.0887099906939228
71,-0.001722707172768373,-0.02190908391557661,0.08941034542462292
72,-0.0012464233356315607,-0.012798121858981604,0.09002842287935414
73,-0.004513761920441235,-0.007587556989321363,0.09006671863017163
74,-0.006957670193093242,-0.010161817910935237,0.08842395354559371
75,-0.004038696979941303,-0.011309931548219035,0.085222164723704
76,-0.0005575973883493943,-0.0033337239041604377,0.08196870944393403
77,-0.0007981066936685807,0.0035980175812348747,0.07985673485069739
78,-0.0020648267882575726,-0.002254292189399553,0.07887810883156271
79,-0.0050953371879220374,-0.013120420304659017,0.0787493719197083
80,-0.007919041907719804,-0.01581848672949767,0.07926985664213415
81,-0.005151256349333597,-0.007048337292529572,0.08043815727063724
82,-0.00027730732817446424,0.004719311204386983,0.08295247401447739
83,0.001552330096050561,0.0049993970216777595,0.08596223141758175
84,0.002114861687649964,-0.006467115891552921,0.08751556698816179
85,0.005445312016431711,-0.014508096182988761,0.08827590148328851
86,0.011803569604270737,-0.010827215058864303,0.09009992136688005
87,0.016444794673941228,-0.0036910646660940558,0.0938584962407733
88,0.012516996304246741,-0.0065469172856768496,0.09861455506014544
89,0.0009601013945142872,-0.018018695224095937,0.10220647182966197
90,-0.006507922722714894,-0.023844314067423357,0.10406707381629113
91,-0.0005588375923275407,-0.017241363419057187,0.10466374698902542
92,0.017980058621424287,-0.00655958848168689,0.10436202293664551
93,0.036269357015923584,-0.003094283487725072,0.10401931023267924
94,0.038811754009833915,-0.005794697695206144,0.10475106417496377
95,0.025566881215761957,-0.004928542111083414,0.10706589605990652
96,0.009409652429802795,0.0030949309036466047,0.11050351670929265
97,0.0006246659387664499,0.009220820531369925,0.11395460075786029
98,-0.002579073612855781,0.005965123633378144,0.11664135510171869
99,-0.006589013872181623,0.000489690722332306,0.11898156168002899
100,-0.011881506317597962,0.004419148664210774,0.12115691115170751
101,-0.014341734302854833,0.01740795540103289,0.12325897768125138
102,-0.013457196720491865,0.025139660703178857,0.12631568243209473
103,-0.012466558555293716,0.016868159690319656,0.1306689429988689
104,-0.011707408134388697,-0.0024874903707273466,0.13510380488829954
105,-0.01121160619590579,-0.013130206287617796,0.13855067871970278
106,-0.010465938162860747,-0.0012842894766524754,0.14163314301510838
107,-0.0075511080206697445,0.015935314777829904,0.14452910450292045
108,-0.002607564152339592,0.017677180532794115,0.14662004501205533
109,0.0022571239276862054,0.006974514637971406,0.14839117739581165
110,0.004831796213661435,0.0012024045278318032,0.1502744934379156
111,0.004133864719730068,0.010690742687734726,0.15238059090155676
112,0.0024447448925354054,0.02465840896620794,0.15575343657069818
113,0.001980535107530157,0.03144759279741499,0.16083125399660025
114,0.0028149569182162743,0.03224540441849557,0.16644689308078103
115,0.007362408393189801,0.034879370928895925,0.1723430404543262
116,0.015277502195476536,0.043609508547828274,0.17951488747142108
117,0.022204190689313397,0.049975393170206744,0.18813861141413446
118,0.02712070387034174,0.0448521765029406,0.19681590025578155
119,0.030993938863672715,0.03284214639054375,0.20359319781296892
120,0.03330091805553777,0.02502478972620087,0.20725525479926798
121,0.03320275257899958,0.024943376701106256,0.2082294701670785
122,0.030900809257462185,0.030454098781914893,0.20874726500456953
123,0.02878748999296464,0.03701600284097348,0.20990468698589138
124,0.028885249068466436,0.03938652811930202,0.21061177405735532
125,0.02949282493100784,0.040031656674468674,0.20941218492450642
126,0.03315256291972693,0.04377037167408199,0.2056664770929807
127,0.043045694250857164,0.04685303820631445,0.2005713208659624
128,0.052962826435731414,0.04235546078045946,0.19557039349188166
129,0.054806253604337274,0.03123488762119217,0.19083345315129108
130,0.043518684493175475,0.02163506172550514,0.18649752713319756
131,0.023270010884757733,0.020694432345100766,0.1832159347575099
132,0.00879118247966304,0.028571413189639308,0.18109292348022976
133,0.007606741949413326,0.035016701577509135,0.17946349116453558
134,0.011866881019460193,0.0336143742395056,0.17752709617130863
135,0.015652850386571125,0.03291287220515171,0.17487034198414697
136,0.020761590818234907,0.03675043684304859,0.17203051453910456
137,0.0267638041319384,0.03635034852021271,0.1696834322167889
138,0.030213681492994526,0.028495996523439315,0.16789963318896373
139,0.02739948091867811,0.023011416398727835,0.16646291648290107
140,0.02107244938846617,0.027412584940857715,0.16494445156629545
141,0.015477111994203319,0.03813746027532136,0.16297458016615324
142,0.00894027304397274,0.04741967331858242,0.1608896642034584
143,0.003828817452480579,0.04900929778982219,0.15917437949690155
144,0.005340042985368443,0.04432156871276534,0.1577174818507977
145,0.010374756398257731,0.04348130422806465,0.156937341298375
146,0.011548338860454588,0.05235035159971421,0.15733938865310787
147,0.007397414489342252,0.06054142252901151,0.15805102481256816
148,0.006226071164955341,0.058245099926965305,0.15751808935366457
149,0.012025164017845508,0.052344466361875785,0.15517564034670084
150,0.018642431206208843,0.05218819631913246,0.15179385944472468
151,0.023704828814492263,0.05887383584228556,0.14853428865721313
152,0.027189146793396346,0.06616529251757958,0.14609708047868025
153,0.025078048649672405,0.06486046859948788,0.14390224972184662
154,0.017650235229254088,0.05365070715356704,0.1409931789131495
155,0.011171409914221081,0.04377641447308593,0.13774793785561307
156,0.007200928769625761,0.046766111204138094,0.1354162782020003
157,0.004810101117899798,0.056136853540359966,0.1341864715931072
158,0.00673262405489139,0.05768565948047033,0.13326369944012312
159,0.01246984840013915,0.05310990835275098,0.1325368840791158
160,0.01719965152572639,0.05359262547185065,0.13198488414926496
161,0.020659569316555687,0.06136371514217595,0.13141511509698278
162,0.025334049209685572,0.0688303384781612,0.1313383987036843
163,0.031514260427602886,0.06906800701910039,0.13110616302743605
164,0.03762642791864869,0.06053056017100887,0.12920751589024065
165,0.04036951373236178,0.05216525856512608,0.1263406794598162
166,0.03996415826102296,0.056169550871103396,0.12371580106359353
167,0.035822782145252086,0.06643443959962364,0.12098861803437483
168,0.023365074747524098,0.06170535261568921,0.11772475789364722
169,0.005023022503219093,0.040358764607581366,0.11414704817945331
170,-0.009942704417305936,0.026929934363977615,0.11099555840083203
171,-0.014685335995034202,0.032392099899641896,0.10923588603204448
172,-0.011505585384436814,0.04414964191086043,0.10908390236117887
173,-0.006826685318511674,0.049242684234806156,0.10939940468616682
174,-0.004022024477581793,0.04413653593183356,0.10898110286380003
175,-0.002828459568921693,0.037195825159293455,0.10785084817096885
176,-0.001841911877177832,0.03803361721773488,0.10679386772059474
177,-0.002397301258999812,0.04294298176818456,0.10602580943410977
178,-0.003014458528048089,0.04501028918949246,0.10502287598106863
179,0.0011471406097260939,0.044640979674359926,0.10354312344819244
180,0.00778616139070426,0.04530949530219419,0.10201355988509925
181,0.009305864152257981,0.04740388371621537,0.1012638380134176
182,0.006032103171891456,0.048503044292846104,0.10133081055142806
183,0.0043813044871996165,0.043560889099038824,0.10170080038368703
184,0.006911081312395859,0.031120829738206318,0.10261309240244748
185,0.012302299669986833,0.023460763542467067,0.10476769905684344
186,0.01681178705738752,0.02778625981636529,0.10857408824423342
187,0.017152314519337297,0.03464397337801972,0.1127684434701362
188,0.01463857284459065,0.03455127094178734,0.1155361668255494
189,0.012819682099379281,0.02688882013844729,0.11714266301644466
190,0.010840481787518758,0.01913408091097607,0.11830376948763033
191,0.0068603437590099015,0.02025968005199122,0.11919794510764609
192,0.0029748881088351165,0.027457257274172087,0.11980664469770841
193,-0.000058359083091291675,0.027332824007810758,0.11911508544463473
194,-0.002527860451139591,0.016247451893060788,0.11698771349084275
195,-0.005585267109946085,0.008480379382221487,0.11467828367954946
196,-0.010296284832540525,0.014210913506095518,0.11260455187535512
197,-0.013113354437971222,0.021853435029358714,0.1105550870715512
198,-0.008451335945589306,0.018950076679410455,0.10864472863724772
199,0.0042080316312537586,0.011868440124319674,0.10637628231834217
200,0.01639628740669305,0.01312672128410905,0.10291174624573174
201,0.019485344880604938,0.021248091968503163,0.09878523896727665
202,0.014741702015906868,0.022888119146836944,0.09502727759250362
203,0.009508845941898644,0.013565534614465052,0.09215672261618346
204,0.006080320738814621,0.0029008854587079524,0.09060492132638157
205,0.0008880022861919162,-0.0004041627782227497,0.09052761868186252
206,-0.0058418273564327244,0.002778671556167206,0.09157912589378409
207,-0.006386142536896303,0.006439761245277148,0.09314266541609331
208,0.003471758614848934,0.005015064409212455,0.09464322661836014
209,0.016325959441534865,0.000690841251203167,0.09528907754084043
210,0.025752994247177627,0.0010370255266573536,0.09437971311617194
211,0.033643907854213784,0.0062417640151530285,0.09244526238275902
212,0.0376166030421774,0.00993115597642738,0.09062698350804238
213,0.027076713504076533,0.0075762730329282935,0.08936499868060432
214,0.0032623120818230655,0.0002466796258781545,0.08903854879576564
215,-0.01815534074652947,-0.004301607517445294,0.09094405798339933
216,-0.025589643355732272,-0.00021891043658069098,0.09616616307996087
217,-0.02069593097916632,0.006538232761226198,0.1033841934701421
218,-0.01455408255546789,0.008332165545762799,0.11060068100738368
219,-0.012086632737922931,0.0058536850245435035,0.11856796286255439
220,-0.008433700511446068,0.005535454745435459,0.1291202091286997
221,-0.0024801052973307813,0.011441113771608127,0.14226862254773004
222,0.0009339079101848557,0.017231339976678306,0.15674393055584185
223,0.0032687529253073166,0.014233063446900784,0.1709080147216579
224,0.008857487482660631,0.0035676809067418797,0.18298344622882373
225,0.014404491889691395,-0.0014809711002420761,0.1915605210803723
226,0.016504601705329386,0.008620693709299437,0.1953776539083269
227,0.016939675139518634,0.021553812419351254,0.1922744649898308
228,0.01678855832150135,0.022658375745857606,0.17930129938022799
229,0.016708198869160557,0.014483396462003834,0.15225639460460738
230,0.01831387390700548,0.006260021382218553,0.10808760323235933
231,0.021962742138073824,0.006484592838165215,0.051144869304408425
232,0.02615765385611296,0.011737551746709027,-0.009775946324577123
233,0.030773644846443016,0.008306559734851088,-0.06823013522193991
234,0.03427377866747125,-0.0008442176782231525,-0.12020711696311404
235,0.028813553865510766,-0.0021664507342833705,-0.16248341921072684
236,0.01656870608641864,0.002005222937421655,-0.19268362448305132
237,0.009843458887801568,0.002262700335648349,-0.20949492548526516
238,0.009171438137646704,-0.001602281476331957,-0.2109067317900859
239,0.005844020965058788,-0.005644400232003702,-0.1954944053464187
240,-0.0053402788910379695,-0.007189228892355348,-0.16639347446609154
241,-0.018575707397697122,-0.003228381787437659,-0.1301608128519678
242,-0.0223957663410409,0.0037986777257816295,-0.09230952869629055
243,-0.015175587616380298,0.00525674299186954,-0.05601313735465829
244,-0.006020473094192208,0.0012983870806947684,-0.023368527487579727
245,0.00041661696745967647,0.0017782039293950946,0.004136921937026111
246,0.011118717999015426,0.008069640142812515,0.02573230857714082
247,0.02117958665782921,0.009778225672772672,0.041977264116565355
248,0.014438337451360111,0.002022563387305887,0.05489517447054423
249,-0.0015754483376539535,-0.00877885203780479,0.06664037709180015
250,-0.010179126477046635,-0.013050360873154199,0.07809047214518675
251,-0.01442715383429269,-0.006266958275407186,0.08894345555703617
252,-0.02234429219270602,0.001931690760462984,0.09856792856905239
253,-0.028298949837201954,-0.0025536096692904964,0.1057405119824697
254,-0.027908977731539036,-0.013719553361788012,0.10920562571664638
255,-0.02814791948854658,-0.012487586215998214,0.1093695904850176
0,-0.025731123753418128,0.0026369199963309498,0.10756333685923358
1,-0.017724777827531513,0.01240127530288579,0.10437438791369852
2,-0.013768806937127925,0.003935915022629882,0.10045081075855058
3,-0.01366723722811665,-0.013037912679765451,0.09707669267628946
4,-0.012330888039882401,-0.020938124478603687,0.09477377993729899
5,-0.008658376825745509,-0.01611252250577272,0.09356456548017142
6,-0.0034835352521499358,-0.008580835367715811,0.09348683298212734
7,-0.001995910271531287,-0.008868134972958741,0.09378921784681599
8,-0.00519351930868861,-0.015714542972040446,0.09374943512718448
9,-0.010423016581731843,-0.01589315938031391,0.09316347380285755
10,-0.016503525098201015,-0.00760244479528116,0.0918522277460665
11,-0.020214614297102043,-0.0034761173281671193,0.08960139008474274
12,-0.019091554034174174,-0.010271962674156115,0.08595113517756914
13,-0.01693409892115899,-0.022464086299154584,0.08106659504091404
14,-0.014881180726545012,-0.025920932819521444,0.07607316743461962
15,-0.010585691663091333,-0.01642790725398638,0.07195504674046241
16,-0.00557480495746196,-0.011691793963804237,0.06927424212952032
17,0.0008711228904093316,-0.023613673937510404,0.06730052516192236
18,0.007200632106103971,-0.03774399747479018,0.06433634283533027
19,0.006409005546544458,-0.03931655635726805,0.060099328607283814
20,-0.0018716113184101824,-0.031926803988352195,0.05558868247728049
21,-0.009906772594591842,-0.024504871740546885,0.05144598626989941
22,-0.012931954956750417,-0.021196782208146983,0.04796045702080809
23,-0.013550090661641631,-0.01947578606070044,0.04589910054721176
24,-0.014405741163855151,-0.015388148601355678,0.04635282772999648
25,-0.013836737002065058,-0.01020166267108085,0.0494283142106713
26,-0.01161448487483567,-0.00658138842801792,0.05355021846445614
27,-0.00844734774075704,-0.008616812277030261,0.05655538640637514
28,-0.0031849878529727205,-0.013634025621622636,0.05788763732548827
29,0.0016112669047336735,-0.00905474866994925,0.05842662339657015
30,0.0036802674595990056,0.002838518792510153,0.05852382874006745
31,0.0005068375926956595,0.009123499184696474,0.05783304982445869
32,-0.014659170750821092,0.007226424821057065,0.05633152746215081
33,-0.03299397846912262,-0.001665006374052036,0.054643933272638334
34,-0.03754697903184615,-0.014362208815277694,0.0529417925693256
35,-0.03012640026187076,-0.02253303848665386,0.05152640389781819
36,-0.020327872393593183,-0.021485926757578516,0.05117326163182395
37,-0.012592511155215924,-0.015931459455244934,0.05104890664781182
38,-0.007491459610653672,-0.013355413456044046,0.05012553306958745
39,-0.0062287693462238225,-0.015500630227464368,0.049232866483801874
40,-0.012920439818168733,-0.018537692109785814,0.04940987966763269
41,-0.021830314684321755,-0.021795430043018954,0.050200794811531196
42,-0.021543353532869375,-0.03215445591305485,0.05027409463926302
43,-0.015940304842110162,-0.04765810726538311,0.0492389542640565
44,-0.014030838510208116,-0.05357966452196403,0.0476126814133033
45,-0.015406260666638041,-0.04861714060494457,0.046231269259839794
46,-0.016510686787366724,-0.04742021422249926,0.04585652808615691
47,-0.016700528249517343,-0.05487854459484398,0.046402931459029004
48,-0.015190291869647932,-0.06507473394082547,0.04797640757355266
49,-0.008439669694806862,-0.06960658847830892,0.051335298128100754
50,-0.0008084293503828888,-0.06247176356255871,0.05625647120090013
51,0.0014082839804920588,-0.05277860728620874,0.061590961116546356
52,0.0026643174779335255,-0.05323095707914564,0.06629535932543434
53,0.005255711493365511,-0.05925723829059453,0.06994876166663719
54,0.005908598658856137,-0.05694977202529778,0.07322611999769327
55,0.004832327979457901,-0.04605881599951923,0.07659504615707058
56,0.00251910152448441,-0.03990364404731969,0.07975135223412855
57,-0.0017578250269244255,-0.04762184734408542,0.08237951404040808
58,-0.007255709511202607,-0.06361901408890425,0.08429465801234429
59,-0.015330608815724775,-0.07038409794069211,0.08550708018607694
60,-0.022125477803399587,-0.06289995320041297,0.08577949368575447
61,-0.015452170946825577,-0.05439840495271646,0.08509131029434924
62,0.0003874773179252805,-0.05261213101113042,0.08449146429083693
63,0.007942977272237584,-0.05643902818246523,0.0856392736728854
64,0.0037424209867568253,-0.061045805779251054,0.08889351456057529
65,-0.005729788255110564,-0.05911483897049197,0.0932038066346518
66,-0.018364915088736486,-0.05349389841909191,0.09741536254866615
67,-0.03598370278003772,-0.055439843553017676,0.0998450447923235
68,-0.04734067680533201,-0.06481321880475743,0.09961363264279802
69,-0.04278599448421977,-0.06985892153784873,0.09762450128473077
70,-0.035167445848202694,-0.06516482568965962,0.09538202683116032
71,-0.030378325691238564,-0.05878084877135156,0.09433218541251409
72,-0.024409963219383823,-0.05932875532468326,0.09482450467926973
73,-0.017555340166074795,-0.060379134612292606,0.0959736359806771
74,-0.009801814196863573,-0.051193940027004614,0.09750724012806572
75,-0.0066849306981387815,-0.03172841196616499,0.09986606127484651
76,-0.01322939478868583,-0.01592604628699859,0.10247420067390778
77,-0.02119431001129851,-0.01972125525179738,0.10428369547984054
78,-0.022303010494923795,-0.03463628736702165,0.10485136149827062
79,-0.019557653172366185,-0.04203784036162834,0.10425635550622292
80,-0.01744194790861936,-0.03879557367554525,0.10282988418370304
81,-0.018053134239136237,-0.033573001310086975,0.10045137420941075
82,-0.02031352098033118,-0.03505110693070144,0.09673480960234038
83,-0.02083827080648898,-0.04132268517640077,0.09182803170273474
84,-0.01853716784701054,-0.0431887495313385,0.08630736054580229
85,-0.014552233396590175,-0.03609504192327964,0.0803863896615769
86,-0.010566970101834758,-0.027955037649538134,0.07379792709966657
87,-0.007997790991997503,-0.02948720377538805,0.06666174856819113
88,-0.006067102479698952,-0.03593072435823472,0.05975340487957814
89,-0.00564261458209267,-0.03397273417798964,0.053670369891574365
90,-0.008283901520541814,-0.024248882768806226,0.04851273988820748
91,-0.010272033541209556,-0.017287789303825456,0.04408431256406617
92,-0.011966536005107276,-0.015414597998719484,0.0397456114281986
93,-0.015433359475314642,-0.01371839282650459,0.034805911885268354
94,-0.01676962977888591,-0.009230254969580992,0.02936264962818283
95,-0.014397118935150263,-0.002358011320895817,0.02420073795355509
96,-0.010975705519191296,0.0028114526635737436,0.020069540425168796
97,-0.007176444067229823,0.00025225362728587,0.01742937201973254
98,-0.0030535255053892527,-0.0071634583917217776,0.01618297412577868
99,-0.000059341900237326606,-0.011815014501641852,0.01573273878933852
100,0.0018520832139406682,-0.011577362561055918,0.015286259345925257
101,0.0004768515616995553,-0.009524841913696763,0.014362181219894646
102,-0.004565022694069817,-0.010428064693902298,0.01262408399239874
103,-0.007704949830055444,-0.011802641257543905,0.009613771060387272
104,-0.00142755580286541,-0.006150256460743575,0.005292285478007509
105,0.01586943265129831,0.005664421106832712,0.00038292957485961884
106,0.030654450473846948,0.012428894148707792,-0.003859866825941305
107,0.031026520860685358,0.008242299039787154,-0.007278247683348664
108,0.021057845519073748,0.0024161858776759193,-0.01006114236717863
109,0.007399648186942387,0.005503481290131451,-0.011598031434544506
110,-0.0070019014838145766,0.011983764615780712,-0.012198635496862079
111,-0.01750758470349953,0.010646051744127805,-0.012346730175233519
112,-0.023075235278545048,0.004963657450994391,-0.011872583045909945
113,-0.02605559628798866,0.004917424595679107,-0.011393115278174128
114,-0.024457272894981757,0.011296494453931105,-0.011820906053994069
115,-0.018235604379451764,0.01856790660881877,-0.013024123137997196
116,-0.01210698026449003,0.02221902342944601,-0.014602566885718544
117,-0.007620798222187752,0.01771173543111662,-0.017039968629286584
118,0.0024495591475676426,0.007996029177077507,-0.021250869468933703
119,0.018257500028574347,0.006695135335168606,-0.02758037162547524
120,0.024332948451585568,0.014481872975708132,-0.035152824500021634
121,0.016269530654524966,0.015252106988419972,-0.04280319973612447
122,0.004671593736036012,0.001768678755717762,-0.05029063100569095
123,-0.006853603542287812,-0.013427676905688746,-0.05784090641389829
124,-0.02077931247545367,-0.017251077805904624,-0.06524900210473097
125,-0.03569857096077389,-0.01078423121304567,-0.07160197656819339
126,-0.043184039488953385,-0.0026997384753459364,-0.07648178889090848
127,-0.035159971325607164,0.012305279440363914,-0.08047074772288232
128,-0.020372807271806487,0.03841005721522964,-0.08436493208017024
129,-0.012435586788642344,0.04829131656054167,-0.0883254502554606
130,-0.012082816777671784,0.025041759281265397,-0.09195544199853492
131,-0.013511300317702313,-0.013231425202447356,-0.0956703202757199
132,-0.01321673147109223,-0.0396400872680987,-0.09957356720578905
133,-0.010760990154972616,-0.03976170451399974,-0.10255008178032027
134,-0.006603978263533067,-0.017231583991778543,-0.10415326129043312
135,-0.004929356834051643,0.012577989453139593,-0.10504874913920953
136,-0.006920568626000101,0.03451994738666175,-0.106124362938251
137,-0.010932322292831032,0.04412510493356164,-0.10735619272903585
138,-0.017608648269570815,0.04332619305656038,-0.10713629152454901
139,-0.02109596564114917,0.03505342298474268,-0.10447360727185773
140,-0.01639470502049803,0.017570138543618774,-0.10053462996005935
141,-0.008278883458925329,-0.008328287037783433,-0.09670714023590002
142,-0.0047328338528181135,-0.03039778845599117,-0.09387244086825522
143,-0.008246063793457561,-0.03447808608348085,-0.09254446043951964
144,-0.012722858290693709,-0.01779329507023042,-0.09183878366077619
145,-0.013506834885628788,0.0059484728483286675,-0.09069699445890897
146,-0.011236033818317198,0.018992638880509283,-0.08911770866346733
147,-0.009299948760728122,0.018149421706714075,-0.0864839518252091
148,-0.012361022343768846,0.012898353991135869,-0.08160417809354603
149,-0.01886323951797829,0.009163384027803922,-0.0748029824244866
150,-0.021494239199624315,0.003107775733771412,-0.06768857069391962
151,-0.016157331647413356,-0.010492254145869406,-0.06186262769606679
152,-0.002303563704247405,-0.024111056687440624,-0.058678649857855814
153,0.012880003931704409,-0.023980385831509576,-0.05795501845755288
154,0.018073168514194667,-0.007772714085627741,-0.05762123465978708
155,0.015838819888674853,0.010671792300579797,-0.05626566408567782
156,0.014166869275803712,0.016012811865088405,-0.053767274906349555
157,0.009355670864957893,0.011613102309349643,-0.05065697706103964
158,-0.004393760147550996,0.008904869637173296,-0.04804692325830562
159,-0.019756757554505275,0.009481831565381516,-0.04640160678574559
160,-0.02562644310019585,0.00877772178164693,-0.04602041312909563
161,-0.022740139766880524,0.005028544552236669,-0.04725943562731741
162,-0.015012502420239437,0.0006729144427328748,-0.049475970731645336
163,-0.0035289461750336176,-0.00116930474802307,-0.051485618089091106
164,0.00695252570385288,0.0019276538436622248,-0.0520677537534297
165,0.011797612542814917,0.0053754015327418525,-0.050636329747434705
166,0.011210814900588922,0.001066760368207742,-0.048076375100762625
167,0.007630705662666021,-0.0069657888773586585,-0.045829014207544816
168,0.0024978402962890223,-0.007609781122487058,-0.04385792481560283
169,-0.0028845152376623384,0.00013081863926434067,-0.04131934958723149
170,-0.004264633561337522,0.00704711656971202,-0.03819373927791167
171,-0.0031042109116811434,0.006535147662674046,-0.034917222285259314
172,-0.0055205918917982655,0.0004987770724238505,-0.03175906477786258
173,-0.009190711763288617,-0.004054026173051284,-0.02858987197156028
174,-0.010701445573337104,-0.0031195706524691502,-0.025614992160895328
175,-0.010997455792757405,-0.0027656476159503285,-0.023611132235930678
176,-0.011743306127906916,-0.0121171652087253,-0.023838271932869484
177,-0.012370160589260604,-0.026740458838850234,-0.027247235030160577
178,-0.008722806265660465,-0.030156659929665763,-0.03242164566450806
179,0.00012467262122325962,-0.01984223668833407,-0.03714294714015956
180,0.008966364428133172,-0.010826874878518966,-0.04068813550858949
181,0.013739346499621413,-0.009036090582433265,-0.04268109862530774
182,0.011186871600194534,-0.008273988680683408,-0.04309108458797105
183,-0.00094170492443163,-0.00675754613100743,-0.043023385181217635
184,-0.0155173694489492,-0.008440395371204112,-0.04326655669316974
185,-0.02275613255090919,-0.014908961145263744,-0.04347284931855981
186,-0.02041267150757585,-0.023041676335314287,-0.04325404571258781
187,-0.012205820564502527,-0.02620302124135565,-0.04248948740984923
188,-0.001914743615586821,-0.019393560543621735,-0.04132884862026351
189,0.007923354325903291,-0.0063424577214755695,-0.040551356994986326
190,0.01487641031117462,0.002633547480184295,-0.040731062252567174
191,0.018868797646374905,0.0018389856571766616,-0.04168565062459041
192,0.0212681368145968,-0.0022248314528681146,-0.04267599669210112
193,0.01885004391191955,-0.0014255387717374002,-0.042976780589717795
194,0.009740103382615474,0.0028026873199477054,-0.0427250785809801
195,-0.0006471054421871847,0.003545158383781999,-0.042399795728899306
196,-0.007296739692728111,-0.00409801466299764,-0.04183488856626094
197,-0.010221061968966355,-0.016990314723323685,-0.041205120526125155
198,-0.013212493662486183,-0.024088805789314438,-0.0414355218168293
199,-0.014488175125057137,-0.016992024660983596,-0.042719404746628026
200,-0.00560335937208814,-0.0017405565927413047,-0.04416328354085147
201,0.010218253069567765,0.007964407872682933,-0.044686592289255825
202,0.012162202006556905,0.008117534094583156,-0.04362443573476478
203,-0.007410277399906809,0.0051288755426461274,-0.041080603602440244
204,-0.027526891530754605,0.0044634655128626965,-0.038262263616037184
205,-0.030480564867558263,0.003163206997690682,-0.03663206654091064
206,-0.0212601410761855,-0.004793370917457129,-0.037366911005231596
207,-0.01487042905799861,-0.015913602176544472,-0.04126682995647124
208,-0.02016883813757145,-0.01707533664067784,-0.0476182456826066
209,-0.03008889391089567,-0.005803932750801044,-0.05433051686622864
210,-0.029888185978378723,0.004970158666736335,-0.05960165017682635
211,-0.01538436020124112,0.0068274126661491685,-0.0630666475985323
212,0.000017051434681378264,0.0032849140755591977,-0.06561709180084854
213,-0.0013770712953011799,0.004307457383352864,-0.06818963025877947
214,-0.012422890251281488,0.011577586431930187,-0.07070307243833546
215,-0.011943788477643436,0.012675669940220236,-0.07234840975181173
216,-0.0037331213976042332,-0.0016391611902450975,-0.0729031774010567
217,-0.0013242369808717652,-0.021793163756733236,-0.07310846940490046
218,-0.004944865321079184,-0.02747990398713429,-0.0733108752563231
219,-0.010287037713208685,-0.01280099884185848,-0.07269162289510878
220,-0.009136267808852239,0.007288801124176902,-0.07112174090430609
221,-0.0029314680166903084,0.01749599940764557,-0.0695731981763589
222,-0.003835424423508191,0.018741772474316964,-0.06890284563384072
223,-0.007765607369745381,0.020047292974773145,-0.06929660635522508
224,-0.0010564461495260469,0.02175106501764784,-0.06961581975522549
225,0.01716782609775888,0.01777552400037402,-0.0688283104446469
226,0.03302457780601625,0.008647061749337548,-0.06721507713883654
227,0.033185072683309905,0.0012153475737021746,-0.06516069890954856
228,0.019122704910247413,0.0018287925375853609,-0.0625195547987232
229,0.0023344038818457168,0.010912891777800526,-0.05960247590895151
230,-0.004950260972052159,0.021217096529275448,-0.05780966932606449
231,0.002283790560026207,0.025721959145556195,-0.05757001011333755
232,0.018203511689061813,0.02614400764182656,-0.0574852993700051
233,0.031666863894980836,0.03029812044310176,-0.056740069380398786
234,0.03366839187962909,0.037270760742847686,-0.054736168253785744
235,0.02402429396536826,0.03704989185622809,-0.05088817236906143
236,0.012875863330366832,0.02371252936250484,-0.04656926601036568
237,0.010255254052190854,0.0022277893535561644,-0.04369053285195376
238,0.016579362898409278,-0.01085608199510138,-0.04250777848582807
239,0.025870106707909818,-0.008870366453508666,-0.04178505151979632
240,0.027337096273494704,-0.0031886275267676845,-0.0402534749917967
241,0.014516513833672133,-0.0005303137034469163,-0.037891750270413055
242,-0.0009592265475913131,0.0018208799552481558,-0.03557715960654792
243,-0.01161309375584433,0.01054725022143349,-0.03432983896656877
244,-0.020325674004990697,0.02649318817353516,-0.034605004927336785
245,-0.020950656073392623,0.03306345263278959,-0.03565956073623408
246,-0.012323062540555166,0.020693131694978772,-0.037029738040605886
247,-0.0040016905053936805,0.005422643588286424,-0.038756076265292594
248,0.0011736375581072184,-0.0007275917521087361,-0.04003567475556093
249,0.008132199977116034,-0.00473035564111407,-0.04044855665401398
250,0.01587881145086055,-0.010662396419487685,-0.04062498630495326
251,0.016542439018123092,-0.012792474315365843,-0.04090531604101308
252,0.0067511671737108606,-0.0073899020068811105,-0.040623771097898775
253,-0.0034100415738926443,0.002586525378026172,-0.038921108468991314
254,-0.0028994075423832977,0.010799373947607493,-0.03630648307096919
255,0.0046750660658904375,0.012169620284757376,-0.0345038389252786
0,0.010900747232285131,0.00471646288223726,-0.03486708645769021
1,0.011225233457066247,-0.003628396030875891,-0.03708099302130882
2,0.006312074595072631,0.0013834027968642193,-0.03923786900683879
3,0.0006967327420490249,0.01678108089805952,-0.03988679654237447
4,-0.00385016733007372,0.02376102292892407,-0.03929416793324561
5,-0.00718178953564326,0.016775163613245103,-0.038298528396072465
6,-0.006706472624305307,0.011315781280318765,-0.0375869431583976
7,-0.0022742553281747957,0.01630118619706128,-0.0378804789698651
8,0.0024835396076354627,0.02404646233294,-0.039580826813768955
9,0.004557005880981117,0.02581442066523193,-0.04268607556688636
10,0.0031609073354361833,0.016512405319594248,-0.04649735360526017
11,0.0010594350014459727,0.004067564658542355,-0.04959665026691311
12,0.00238228101882218,0.004759599480501447,-0.051009345708490056
13,0.00624819897087911,0.017658718899649095,-0.05034056045310674
14,0.007099948340788809,0.02755630809403009,-0.047663478447688395
15,0.002760855339279042,0.027073023968814947,-0.043668305825074444
16,-0.00003944227201610473,0.020363690220611852,-0.039163631602167986
17,0.004623347912358744,0.014663868960576532,-0.03486345794368462
18,0.013120414171565925,0.01399991324288638,-0.031168561768662895
19,0.02150510571571554,0.01604819836081245,-0.028193826074020753
20,0.025318301251835363,0.012649552516180829,-0.02634185308679337
21,0.01744013038860507,0.004626912832237429,-0.02629701503076342
22,0.0019187006991883068,0.004067747645469605,-0.027537462098933617
23,-0.004954124691611085,0.011707176897896132,-0.028833048258148926
24,0.002178082284750339,0.015792958139777602,-0.030400293838169792
25,0.008437781822660216,0.010352087432063672,-0.03325716663610784
26,0.004962745289933852,0.0009651919088995986,-0.037994227421515286
27,0.0003655547041625483,-0.001573869862672328,-0.04429359138943614
28,0.00007858538717567948,0.0047766366843969565,-0.05071604845295169
29,-0.0024265124594421254,0.0074448269686749335,-0.0559039144184251
30,-0.009769549236058925,-0.0010181501798352532,-0.05973724305622907
31,-0.013064565942731927,-0.008302776228628003,-0.06264224541091157
32,-0.010118153349395902,-0.0037961776119097568,-0.06504541407072081
33,-0.006276397029522523,0.00293702152295483,-0.06717230230750218
34,-0.004103865557259341,0.0008207095610279214,-0.06833926882871263
35,-0.004756351688822148,-0.006966037322140128,-0.06811833434093006
36,-0.005122795507157458,-0.012529441764256383,-0.06717471650080672
37,-0.0028362300767699007,-0.012789546641999744,-0.06633576442650227
38,0.00000922774025751208,-0.011724222373138138,-0.06633912305201373
39,0.0015438094985997589,-0.015863251844196735,-0.06775046183776376
40,0.0010383204580260144,-0.024948348809829546,-0.07092755110348464
41,0.00029408236288586565,-0.03303215009110466,-0.07627159872808575
42,-0.0003831421955429494,-0.03218834763758438,-0.08366353776757976
43,-0.0037343530355325423,-0.021688480226303875,-0.09207644140510904
44,-0.0039718599599102644,-0.014429940003155284,-0.10039096403907508
45,0.004164762113190244,-0.017001232348843875,-0.10809734442010949
46,0.009570168480915082,-0.0204190201759753,-0.11540914156194182
47,0.00024418375335883737,-0.01707951999608598,-0.12299748428774587
48,-0.015317583944800622,-0.010646977645848654,-0.13046557892708383
49,-0.01604686211037657,-0.00907013842451676,-0.13642426806513497
50,-0.0016147072524982792,-0.011345750319862236,-0.14073039504328222
51,0.006756241912159556,-0.01044792247562204,-0.14472314467635333
52,-0.0017808487901302267,-0.00815823799879295,-0.14918020690955436
53,-0.021435346748764454,-0.006923041823873294,-0.15353519206432492
54,-0.03618510050022653,-0.0038502621043026153,-0.15813549549917794
55,-0.03468585170597961,-0.0011509839515172204,-0.1643002293070241
56,-0.025601797408756802,0.003443835462602518,-0.17215963060390732
57,-0.018214864545622406,0.01696066508433744,-0.18056856961482354
58,-0.012750103112305289,0.03569901569690387,-0.18796978620262395
59,-0.013914047545842426,0.045549997718643875,-0.19300392086062457
60,-0.02153481723181694,0.03329568152183457,-0.19510602769127972
61,-0.02764712621258517,0.005820053202955117,-0.19468581236693583
62,-0.029776232816425947,-0.014408108489644578,-0.19236830863168464
63,-0.02300054228365131,-0.01609324699432546,-0.18973174554873906
64,-0.010834111337861798,-0.006107027744736815,-0.1895261446846176
65,-0.0077924221641548636,0.0034761550667314622,-0.19298693390145016
66,-0.011645470335531108,0.005939431376244808,-0.1992648377018803
67,-0.013398791394367698,0.0010478234352307436,-0.2068487395530504
68,-0.012616155728982989,-0.007619736561820745,-0.21363415520725104
69,-0.011196696443012022,-0.017930461820953675,-0.21763650619086405
70,-0.010545578862666105,-0.026040818267987417,-0.21814661623550569
71,-0.009432000042902029,-0.025664462878496025,-0.21543699048497744
72,-0.006608846697673969,-0.015243943763287249,-0.2105639089658765
73,-0.006315404520577075,-0.0006329539411409069,-0.20493731515038127
74,-0.0121940972066608,0.005343186121686355,-0.19938043510294357
75,-0.019758805866131334,-0.0019178210836338638,-0.1940453032339544
76,-0.022869524438459604,-0.011526419149158695,-0.18933987698407895
77,-0.020246095847506848,-0.015495107190397456,-0.18572512599609764
78,-0.013109763987827941,-0.014476916786923921,-0.18281188466825454
79,-0.003919037820668644,-0.012756812693712288,-0.1804312592742947
80,-0.000048576828096377755,-0.01375070529478073,-0.17905670178185623
81,-0.005907228469830356,-0.013153332133369416,-0.1790167151282504
82,-0.013148832563120376,-0.006851260762728406,-0.18024173144093736
83,-0.014727869203764316,0.00007049535349787361,-0.18171326064305515
84,-0.011183809656460778,0.0016190173885458348,-0.18167754949242376
85,-0.003386239250865633,-0.0007989876428304843,-0.17933379992489878
86,0.004690456527970031,-0.0034592999032954375,-0.17514429946375193
87,0.006364028316719769,-0.004789703712947263,-0.16954237522382132
88,-0.0018372915211272434,-0.0053364677868673605,-0.1634208317450105
89,-0.01798290063558078,-0.007935557450582872,-0.15873467268827746
90,-0.0335626567683186,-0.012411686530159088,-0.15690359864357717
91,-0.040137152431683136,-0.011287307180987957,-0.15800474549002824
92,-0.04120746319356258,-0.0009986400789560451,-0.1610096533471751
93,-0.037494411155024054,0.010521211041228731,-0.16399136050159463
94,-0.025218546577126272,0.011178992577534547,-0.1651870325854478
95,-0.015416660294652773,-0.0008466378407979425,-0.1639109454065234
96,-0.015080312474619884,-0.01373312547486235,-0.16040657812717823
97,-0.017499800017367284,-0.02012728095616788,-0.15567926002555443
98,-0.017623005886461568,-0.021907836182434276,-0.15032385915763646
99,-0.014657589842947988,-0.020832206966011582,-0.14399159300394576
100,-0.0101800239713358,-0.019015923973479912,-0.13655301376557188
101,-0.006452816787801491,-0.01721178614971426,-0.12835576162753948
102,-0.006720229972104419,-0.013009841643648809,-0.11985786203071441
103,-0.01046050914215814,-0.007021163344452911,-0.11058965111225205
104,-0.012830684304008938,-0.00428108413483988,-0.09902649223156351
105,-0.015800702978214842,-0.01161281219721599,-0.0841842749900939
106,-0.02367404980911833,-0.024529504432447474,-0.06694892660403723
107,-0.030653739906593175,-0.027104250705676073,-0.049886753860021504
108,-0.026505503401535777,-0.016075470584260315,-0.03548573629990884
109,-0.013105942393471265,-0.006534795131408741,-0.024798035841680457
110,-0.000753551730182378,-0.008110381411309514,-0.018214626457587133
111,0.00886668947484369,-0.01257325351283213,-0.01691647140576792
112,0.01996868238078836,-0.012815119905796868,-0.023237609633114463
113,0.03126208121985287,-0.012387378257968415,-0.04221199693634574
114,0.033535100247041316,-0.01833657060279012,-0.07953435005444132
115,0.021666256869490655,-0.02886943510558787,-0.1337436184736085
116,0.005454710797960248,-0.03081017415782568,-0.19673216656466697
117,-0.00394082307397986,-0.019526033767095233,-0.2608009396410667
118,-0.010416539901467424,-0.007480597583509288,-0.3202348721374222
119,-0.02261073857188644,-0.005471794174113337,-0.3714055905735687
120,-0.03086779633882318,-0.010042890638092383,-0.412453320485048
121,-0.020465763693939293,-0.014070598030663226,-0.4413512052167152
122,-0.0029567987036547005,-0.012288956472214951,-0.45632107684302436
123,0.00231502171403028,-0.0045635462871149585,-0.45578588006189436
124,-0.0036326031440568896,-0.0012645420776180305,-0.4390213215746983
125,-0.008687741962465523,-0.008117165842260382,-0.4093123674505694
126,-0.008808958678441947,-0.015305244977496857,-0.3725510310246689
127,-0.008990387131602495,-0.014620529640235469,-0.33396885436166823
128,-0.009085476987136937,-0.007162070502674173,-0.297083750499885
129,-0.004527349648700316,0.0007408562147950271,-0.2637731150621885
130,0.0012694111912121553,-0.0009297947672720352,-0.23577322657553612
131,0.0015107881070770268,-0.010298398961461064,-0.21355127595741707
132,-0.0033835787019105557,-0.013170053468398474,-0.19554521426515792
133,-0.00707547467708769,-0.007434413803129231,-0.18017801024946467
134,-0.005337147828500977,-0.0032353688820382365,-0.1660316063801654
135,-0.0004327788134292354,-0.0038260032831752833,-0.15201658735928508
136,0.004844915236303468,-0.0051181035317545,-0.13847183407962432
137,0.013224477519519134,-0.0035931225804704814,-0.12659784384271738
138,0.025374350940873952,0.002310154651417942,-0.11644024358854377
139,0.03531845514421079,0.007195890957216122,-0.10694159462317937
140,0.03803794709430971,0.0029821177177040137,-0.09799490757679541
141,0.029645270586710702,-0.0029971423768761496,-0.0899327314525308
142,0.01586600667462363,0.0001927249863542535,-0.08253662895500194
143,0.006286856303925406,0.006953938538808935,-0.07682292335469845
144,-0.005366289444076133,0.008898339547776524,-0.07427751153893344
145,-0.014179164294514449,0.0033886960574421865,-0.0745455604799051
146,-0.0007236817137798654,-0.004997695552606055,-0.07592452051928117
147,0.018448108989092354,-0.004198378676536663,-0.07664306219265804
148,0.009383309970828507,0.00417483868125107,-0.0763273184093812
149,-0.023080147187846234,0.00820389803162433,-0.07597366137235367
150,-0.048974128465697375,0.009159077705703345,-0.07654130945938703
151,-0.051656044960756736,0.01538949133411921,-0.0776550416909769
152,-0.03991596628522384,0.023239154548117397,-0.07783656615129578
153,-0.03013831371756784,0.0215678484085548,-0.07642703260214315
154,-0.02296750177180215,0.009495596238016712,-0.07409202802430226
155,-0.014562547523657432,-0.010671420998576986,-0.07112405444229025
156,-0.010428578155022877,-0.034767461085637275,-0.06691605016075391
157,-0.010378984232643829,-0.04635351933620718,-0.06165136945552488
158,-0.006934343537756377,-0.036995909796588816,-0.05602282890997334
159,-0.0023656450866354345,-0.02133267062230748,-0.05014550639378773
160,-0.00039840082138500876,-0.018896880686871842,-0.044796585365375285
161,0.0018857361907956144,-0.03262065007885878,-0.04115661342382276
162,0.00471717068692265,-0.043647836042450594,-0.038515779644071504
163,0.0064394534093664135,-0.03627565091269824,-0.035938264738427
164,0.004015366182366677,-0.01994247601998192,-0.03431849255194126
165,-0.0026761471074083915,-0.007246562973577952,-0.03419185614840768
166,-0.00743009357062098,0.0029280627957206096,-0.03542065158721089
167,-0.006942225495639186,0.01363017668666558,-0.03787755946465825
168,-0.004909172562291023,0.022211472820948985,-0.04125490092032766
169,-0.003367792886929573,0.021310136368125232,-0.046012922580151994
170,0.0016883399595629817,0.010691010755768143,-0.05212714661182774
171,0.008763069511569188,0.0011676623659553353,-0.05788619338172052
172,0.011343470688690092,-0.0019542031984215724,-0.061534287512784114
173,0.008912269482472705,0.00013178784898337792,-0.062441664674559
174,0.006761102428110614,0.006196651531060471,-0.060884321172516465
175,0.006847893554385524,0.011628823139445993,-0.05756533600032246
176,0.004530119055745047,0.013406102228851857,-0.05315207273852812
177,0.00017933507540697155,0.013363257617703267,-0.0483995972138144
178,-0.000876706518325665,0.011432066247396039,-0.04415775972600912
179,0.0030289872941069926,0.006557926193157426,-0.04107249739080181
180,0.010937181031375323,0.002326707942374523,-0.03937939366928189
181,0.01978160543155289,0.002673975586690261,-0.03848269857822598
182,0.02686549389849798,0.008127212353292973,-0.03754962569714958
183,0.03283423207782653,0.015431570258054,-0.03581684344518653
184,0.03781900619057552,0.018334777171824662,-0.0324973778801637
185,0.03894519595296003,0.015424792644272711,-0.02755212921225564
186,0.03341409894819425,0.012301733338176801,-0.021594088807540643
187,0.020245352258100507,0.012315254715303842,-0.015380819123909636
188,0.003538598308887475,0.01508722199343221,-0.009630368333773995
189,-0.006155314890232161,0.01394749454778288,-0.004629308126890781
190,-0.004238183918834362,0.00345403440221978,-0.0005263842995184426
191,-0.0027891962930843978,-0.003499282781237359,0.0022998909676224255
192,-0.012432967762681185,0.00808939718555328,0.0035140791310284275
193,-0.0219752424482271,0.029390013632021206,0.0030788224912949233
194,-0.02213272512854056,0.03704356680981716,0.0013365932947909352
195,-0.020075785873934077,0.026615377558526387,-0.0010823145626916789
196,-0.016446510247801457,0.012745762138978989,-0.0037004514902402932
197,-0.00928790424651095,0.005422101772256105,-0.0062011712279353565
198,-0.0040360028326003605,0.00669410796088421,-0.0077623359113735135
199,-0.0019908320782655448,0.007399461108860028,-0.007418972219878049
200,-0.001785862678694912,-0.00877728779928777,-0.005464813912130526
201,-0.004225461007133051,-0.035368500127928734,-0.003584812912503
202,-0.009240087603769723,-0.04703149928666768,-0.0031187650829451463
203,-0.013357263275214748,-0.03743538780158758,-0.004171252827760388
204,-0.013372030569264517,-0.02180918972829521,-0.006005325244566711
205,-0.011207307564816374,-0.0155318427337,-0.007613030775407743
206,-0.008393510198104914,-0.022312672027287386,-0.008509993138604326
207,-0.005796785497021076,-0.033162515380346994,-0.008378978382444432
208,-0.004899694099707974,-0.03537789666945068,-0.00737775824573688
209,-0.0025005372738140658,-0.028328705256478473,-0.006813267106880523
210,0.002420326608723832,-0.023377430298944304,-0.007455208333381629
211,0.0026707091165268093,-0.02472003879485582,-0.0084102325805215
212,-0.004801199997992327,-0.0257429840238287,-0.008285256020424172
213,-0.011704059074070135,-0.0209151061455453,-0.0066011615851862895
214,-0.010477129381264112,-0.013916069387183407,-0.0038416128286460818
215,-0.003938919661735166,-0.012365232291479063,-0.001310518940588654
216,0.000027722239577199215,-0.013681815196675724,-0.00048329137072452427
217,-0.0002678947997861135,-0.011650787953015745,-0.0016773791599443144
218,0.0018115571036755908,-0.006823475304739162,-0.003583766525266891
219,0.01204139679166745,-0.0039284740042006445,-0.004417784459066824
220,0.027378287464419872,-0.010658661694583557,-0.0039025473056850963
221,0.03636679637558208,-0.023252158449086048,-0.002385509956173976
222,0.031805669043142075,-0.028658780439584364,0.0006305793182609567
223,0.017275048583139982,-0.025587645621805682,0.005209247974817693
224,-0.0012838235411467558,-0.019422934026234448,0.010322170564573512
225,-0.019574033007439887,-0.015639352032385534,0.015128460477861042
226,-0.029143787219998274,-0.015444688935570494,0.019315277608814383
227,-0.023333761517304513,-0.014155034262758298,0.02248414529082342
228,-0.011900934128238422,-0.008096468851495058,0.024562387934061757
229,-0.005958731311181381,-0.000008303737439339931,0.025976591465880744
230,-0.004773780209482242,0.001769192895829913,0.026907782423423857
231,-0.0029602641589127066,-0.00024801084493326214,0.027321576456461133
232,0.006616515072151691,0.0031487827697453813,0.02774021917270869
233,0.019936225684616837,0.005224962270036319,0.028689410099107485
234,0.023065365552115608,-0.005853436002132673,0.029881717095757404
235,0.011673758305863396,-0.02355895027937648,0.03080860087578336
236,0.0024268993641844983,-0.031711212655598474,0.031383681676724735
237,0.009233098098997194,-0.03006708074590525,0.03186633672033389
238,0.015750879636388937,-0.027947748205849637,0.0324777349324028
239,0.0080036774703299,-0.0235797624351613,0.03334062932770014
240,-0.007628068565698087,-0.016310601247784218,0.03374875556393919
241,-0.020329325457655367,-0.012707323478350574,0.03263192038981402
242,-0.020001478997910188,-0.01113843393687379,0.030065226654988342
243,-0.006805831636268689,-0.005134396100756666,0.025946890417915064
244,0.006429571408786722,0.0010649069223682209,0.02009223322306511
245,0.011020682632593953,-0.000726955340599203,0.0132946432619922
246,0.011627455183889593,-0.005247316897520102,0.006262121262030968
247,0.011432277441023667,0.0005899765166767212,-0.0005966353806777496
248,0.00849478060386083,0.013948343229708615,-0.007535236453057034
249,0.004526490994372419,0.01712278349438648,-0.015397465491422383
250,0.0026693003930998577,0.00743182945054216,-0.024392935178557715
251,0.003048246995550799,-0.0003982254561230511,-0.03389669802087124
252,0.0046735877239630005,0.0028383835917159955,-0.0435942018215571
253,0.007686435405469996,0.012138081827598499,-0.053082822950161784
254,0.010873669414571158,0.016059640027970806,-0.061702432584900546
255,0.015468332035188145,0.012188888274572984,-0.06959640601046566
0,0.02173991895001659,0.010075046254227893,-0.07671864036798628
1,0.025002291472717195,0.015341000149897855,-0.08279516436973008
2,0.023346782200326995,0.02248482898057244,-0.08790702128276048
3,0.018068620749331216,0.02286982366141959,-0.09232603242628878
4,0.014010319075411101,0.015565951018647085,-0.09668839891286388
5,0.015756574082726328,0.010076977283954677,-0.10155157829000666
6,0.02003874812014622,0.012191807025459286,-0.10671041868443867
7,0.021486303424827515,0.017117732188349083,-0.11188953624536979
8,0.02108813427766284,0.017483351796676747,-0.11709997144481898
9,0.02225422905062506,0.010697749911304996,-0.12228965904575878
10,0.02534531117662564,0.0023937139203021734,-0.12751113451989432
11,0.027470916368199635,-0.00011020924001035881,-0.1321219978011815
12,0.026499535556977885,0.0012787618860029826,-0.13486867108034434
13,0.024547671357301834,0.0023177630636454782,-0.13514966599663802
14,0.024147803655462922,0.0028611468992983252,-0.13377243155995322
15,0.026597571665144815,0.00043037315063657045,-0.13223382513275583
16,0.031766204933463243,-0.0013194256494595547,-0.1314392817609396
17,0.0285285651042385,0.0010619449675149106,-0.13142864627728823
18,0.004005811006866082,-0.0003776495003265795,-0.1314995639711043
19,-0.021735765875523463,-0.005309097541694882,-0.13184270229230988
20,-0.020685589431574586,-0.0019294982408721573,-0.13354368527966193
21,-0.0023620162810797235,0.01248031798619327,-0.13589115044177408
22,0.009537822339137303,0.027439276514451764,-0.1372278436591341
23,0.007426100311180295,0.030997085862138854,-0.1371544816547729
24,0.0007338684568618525,0.021678075878652413,-0.13613081327047832
25,-0.0014114610650624027,0.011870995069762566,-0.1345693482856104
26,0.00094176301295118,0.010471121800681493,-0.13271290743848724
27,0.008108357221158338,0.01255471394598029,-0.13129850919534958
28,0.01676596846784531,0.01139104059783505,-0.1310973360932351
29,0.020820919356172807,0.007638739688135318,-0.13189762753784495
30,0.02199226676037537,0.00820451980681701,-0.13293937139191714
31,0.021497275194221593,0.014041505007955757,-0.13389157295310355
32,0.01902327823144346,0.02058737180715786,-0.13486596763258935
33,0.019650464171854995,0.023131434011202198,-0.13550230108058114
34,0.021457864428088905,0.01901016770998719,-0.13531526248575687
35,0.016266153571550528,0.016180853433701806,-0.1340671685947596
36,0.004964939433725224,0.021352748315156128,-0.131589142018129
37,-0.004224122483437384,0.024419306867961565,-0.12819839321529675
38,-0.004322908335684161,0.016269804239350177,-0.12429845319174382
39,0.0016729366934027379,0.0074670822283445515,-0.12046015482397032
40,0.007861776769452392,0.008430051523850707,-0.11727637790939649
41,0.01982392962177014,0.016284547036427455,-0.11488833147017313
42,0.03650295296465311,0.02238865739955115,-0.11360154077353213
43,0.04158342251529294,0.019870268073233527,-0.11360966239699744
44,0.030370209288540576,0.011637100323094299,-0.11464546817941407
45,0.018529829781672807,0.0036553502485474065,-0.11649712825067632
46,0.013115518881110844,-0.001508952908051031,-0.11826275521124185
47,0.005551867697420221,-0.004438849884082191,-0.11860546526802584
48,-0.007762966443409375,-0.006344714519157607,-0.11733380579877312
49,-0.018137709959607812,-0.006570527287179634,-0.11451048984234452
50,-0.017713694184649686,-0.00573834137252624,-0.1100307621752663
51,-0.018171919386743507,-0.004828558495179852,-0.10459971765431819
52,-0.02604127901408837,-0.0032277605908792584,-0.09916729937339358
53,-0.028284141089476467,0.00026474838922793675,-0.09436739856630866
54,-0.02110599400919444,0.0015962229810939088,-0.09102491585058953
55,-0.013460688719033415,-0.0019659995792058738,-0.09008032338776381
56,-0.00858673228360858,-0.002521976380504637,-0.09180963167904507
57,-0.002058387223727115,0.003471587261700382,-0.09510533773122648
58,0.005567460278426251,0.007400651511346362,-0.09862476850727334
59,0.010154937796465452,0.0016794759619306598,-0.10219704783038672
60,0.014069713317605315,-0.008563734837296472,-0.10594879724472334
61,0.017644012070173853,-0.012325995818068036,-0.10960540770052207
62,0.013245201686823388,-0.009450962158830484,-0.1125254773334054
63,0.0005085564374351925,-0.010132434920914368,-0.11392287099748605
64,-0.001145628741524879,-0.016718159392759918,-0.11319789190380486
65,0.016203716851144287,-0.016587467837168413,-0.11003504109773438
66,0.025165379652843267,-0.006788764327995855,-0.10536769571958993
67,0.015503720602202176,-0.0016267396843104298,-0.10106034208853537
68,0.010608114643977373,-0.005343112206472489,-0.09747360282813902
69,0.017431160592441514,-0.010833519875233732,-0.09398464091993469
70,0.01851917035327859,-0.013550123687565835,-0.09081104811241747
71,0.0073267605882535725,-0.011577295257939713,-0.08835643849487096
72,0.00017248621655009677,-0.00760185841996705,-0.08692254739338487
73,0.007476376348431485,-0.007612968142583609,-0.08689222505668157
74,0.019916476102028957,-0.010980929884210927,-0.0877212567105318
75,0.030093877564876956,-0.009618542041446576,-0.0885131081670639
76,0.03384556147698092,-0.00007279099095131025,-0.08959018411634093
77,0.02378722673148187,0.010052743721811419,-0.09197009334612871
78,0.007774663940893378,0.012759069645826793,-0.09567086833262686
79,-0.00044658727216820293,0.009652831596412753,-0.09954652341103487
80,0.0021569521051759133,0.006730831783288385,-0.10326283613804274
81,0.009646804751117594,0.00839721292627478,-0.1072376434569377
82,0.004222526182713959,0.011106203926247338,-0.1107598860487321
83,-0.01587198816939897,0.007277065001125654,-0.11303910464650191
84,-0.02693082170245678,-0.0013907151208841645,-0.11476048084715446
85,-0.01930213350323981,-0.005513691272173493,-0.11660603244950196
86,-0.0017129204289012823,-0.0011094997521921557,-0.11807018997297519
87,0.01400646853613749,0.005506750745240208,-0.11870012960886367
88,0.01607960992558838,0.008560790825717812,-0.11880004349383655
89,0.0014554307798670396,0.007614135019000892,-0.11840756829679078
90,-0.01171226851547666,0.0023799446428873494,-0.11735125715366496
91,-0.008421875227490813,-0.005596645326132632,-0.11595655772273744
92,-0.002288752685992476,-0.008164301456661402,-0.11411935766467757
93,-0.0036307684665263795,-0.0018801597079864119,-0.11137524945502975
94,-0.007527192457311788,0.0055485554989454094,-0.10827191675663517
95,-0.009162668082329684,0.013012112579747825,-0.10562738436282448
96,-0.007546697098021415,0.023546891415139035,-0.10294387347259737
97,-0.0014524216078183605,0.026779178621266733,-0.10002654289582485
98,0.011308135501725006,0.015881394498927975,-0.09783045226009365
99,0.024576552830864323,0.002340064189977259,-0.09664513671028788
100,0.02491481022437711,-0.004219874348571878,-0.09629751216615334
101,0.011228081450164379,-0.007478345605577946,-0.09672852253305506
102,-0.0007116786718739943,-0.011175176494515049,-0.09780906437882872
103,-0.0025012190112381344,-0.01630877870318212,-0.09916099823381364
104,0.0010870955716374558,-0.024570271260253296,-0.10065403561503422
105,0.007680541179986233,-0.027558223298241896,-0.10162105826007972
106,0.01666400248540295,-0.018365575513962798,-0.10061240192177562
107,0.02214399541023046,-0.005626504231733748,-0.09763565913880429
108,0.024804702546014135,-0.001402669129518419,-0.09387676491392521
109,0.031918526421067905,-0.007270347520693887,-0.09036917683481346
110,0.04145902902966053,-0.013552160017427872,-0.08736690720419396
111,0.04219215637383589,-0.013128388321225606,-0.08475834827994458
112,0.026697601301287927,-0.006862846333749784,-0.08269735904198439
113,0.004594962558990251,-0.0007266026571289136,-0.08141117616599819
114,-0.010161570467814615,-0.0028969984185726605,-0.08124345642514719
115,-0.017092507215535735,-0.011521600254679798,-0.08171917128570433
116,-0.019367582742984696,-0.013863828346583423,-0.08162983900589493
117,-0.015657541833273503,-0.012152895451697704,-0.08096076020630771
118,-0.007667319749157353,-0.02023109059399182,-0.08036919898925524
119,-0.00036040461958974923,-0.03401818895898459,-0.0796047748273247
120,0.0068345720867586945,-0.03952045236378089,-0.07849794193693371
121,0.017358901642713642,-0.03257666624963959,-0.07757285052160393
122,0.029900240950993057,-0.019763236422646047,-0.07733458244692523
123,0.03899646697775777,-0.013452950833870908,-0.07788660320489377
124,0.037302273610962944,-0.017950862694361025,-0.07900206645342173
125,0.023587764154346602,-0.022635913124614854,-0.08009524044695882
126,0.005084176033526136,-0.018244991192235188,-0.07980952928933785
127,-0.01197536230518842,-0.009328191531211144,-0.07758125368161092
128,-0.022650991022325873,-0.0037591041995360397,-0.07519793838979855
129,-0.02310462785926068,0.0002496547872095356,-0.07406143838228699
130,-0.013458917743274873,0.007366900451458658,-0.07356256337709452
131,-0.0019010958472708006,0.014787554273772568,-0.07325397991635191
132,0.0010251232895319151,0.014981938982316756,-0.07312244790228689
133,0.0007904756171523419,0.006761237009216506,-0.07265052555302054
134,0.0060049071623573674,-0.003452373759443156,-0.07155735747964509
135,0.009999715216398392,-0.007238836608442364,-0.06993116169731708
136,0.009912533278946811,-0.0009675311498418895,-0.06734916893412596
137,0.010324914714067948,0.009418637822029854,-0.06367340470167693
138,0.010027989307003007,0.015294275612069308,-0.05938747566300687
139,0.007313059393660719,0.012848421279951089,-0.05483956115202643
140,0.0029469978034051686,0.008029737202748272,-0.05057661684639228
141,0.002468721452265052,0.006577887176550445,-0.04708253235730778
142,0.010064562879856416,0.007839278824108203,-0.04455342377826653
143,0.023834782843823343,0.00975593142709337,-0.043156853432825625
144,0.04253632190371209,0.00801347267088244,-0.042391850911571285
145,0.05791803657068739,0.005504151226407031,-0.04111867695813607
146,0.05538877463968864,0.012527786973957372,-0.038874974535252654
147,0.0384440195236648,0.02394927855816685,-0.036277582593796986
148,0.021282466455863486,0.026893587702709332,-0.03428246110725158
149,0.0017923139111624686,0.029775340496987573,-0.03345532517746602
150,-0.017423071404873064,0.04203512502634846,-0.03306081712498432
151,-0.025625498523609735,0.049886025413782814,-0.032315918112318404
152,-0.02484922834263925,0.03929244993295389,-0.031773230659287055
153,-0.017245644928192305,0.01314814116832233,-0.03170724150306077
154,0.00023330423176154413,-0.008239548564087096,-0.03212251635506289
155,0.021840846146475357,-0.010401733856339274,-0.03281949839940518
156,0.03575608804171407,-0.008140749386568474,-0.03293870941044
157,0.03933365461005345,-0.011578572690154942,-0.03247780971395173
158,0.03589005004364548,-0.013050821875247115,-0.03200927039432233
159,0.02693023174206749,-0.008544966748604832,-0.03134986767098663
160,0.012692776927524407,0.00036352956921972823,-0.029990473007697943
161,-0.0028349036255432836,0.009583443601738031,-0.02790996864245744
162,-0.008340825403961194,0.017189199046497364,-0.025073083938404624
163,-0.004933127223145206,0.016979330608735924,-0.02107377083240075
164,-0.007581772138654075,0.003223656084704013,-0.01630171590338939
165,-0.012563368464593883,-0.017033457079131453,-0.01224037021263231
166,-0.011847997844656122,-0.03195186030546984,-0.009656396746710233
167,-0.007792445932653991,-0.03590136064058165,-0.008089055062975144
168,0.0000572896925383759,-0.03668629616819069,-0.007452272513060923
169,0.010184381919580598,-0.04118212243539843,-0.0077201773701635334
170,0.019529949958717874,-0.04333207971661979,-0.008418528875828002
171,0.02260145385897866,-0.03669603254012699,-0.00866060488161346
172,0.01674253033843001,-0.024099450796466415,-0.00737886995764836
173,0.004969139469518213,-0.013968110497486086,-0.004999426779504306
174,-0.0059523990766461865,-0.01336674635142085,-0.0023330084697215023
175,-0.009753371234780872,-0.019689230683063552,0.001181971202722414
176,-0.010276472015522092,-0.01674015800861553,0.006353456510800392
177,-0.009899824712505209,-0.0035537063818351644,0.013361747169171479
178,-0.005357932018109524,-0.001475894256765281,0.021570493168291897
179,0.004222361866153185,-0.013460241316713972,0.029636490740932313
180,0.015039214093686248,-0.018340743852345548,0.036184131588356795
181,0.01752754139169238,-0.00856084229637677,0.04037034376301479
182,0.008763611030491808,0.002069507378926666,0.04256963111655343
183,-0.0027674915401839084,0.006463266935614637,0.043621431597483856
184,-0.011338257356957426,0.009487524098714395,0.043978052173162335
185,-0.016446893800592305,0.012568877873332496,0.04398290943116259
186,-0.01494991850290886,0.011582739855560492,0.04384509926859252
187,-0.00610731734046055,0.0016601875797579158,0.04425203233399098
188,0.001899694733227389,-0.020377031336556578,0.04654365423873914
189,0.0044340781758235165,-0.045086785968538406,0.05084902220840021
190,0.007005360500474678,-0.054655923578298404,0.05571431654370197
191,0.011090664411274848,-0.0460337565568511,0.06067131431869839
192,0.01160024722351942,-0.031169458732514643,0.06653793216538081
193,0.007600740216044066,-0.022828687858629182,0.07367346050766904
194,0.0017184181797660347,-0.024548674160301293,0.08109821671341533
195,-0.0049783158941480304,-0.02655054355857031,0.08739583379564597
196,-0.008384731209215027,-0.020527835137856082,0.09211753389729552
197,-0.0042848531771020465,-0.01289444839737755,0.09516855083734904
198,0.0026535164378434367,-0.011226504072712584,0.09636998023648569
199,0.004602939914421983,-0.015938570507152028,0.09628221717559798
200,0.005088438932806187,-0.02536164564268628,0.09639476270606454
201,0.01168401221455101,-0.03332424827518704,0.09781098523648502
202,0.017518573599606915,-0.03434179627197276,0.1001897463293775
203,0.01661666751871281,-0.031091254510750566,0.10197318728701277
204,0.014314238126590273,-0.030998277852819,0.10229230967711372
205,0.013033699254979852,-0.035314991206518806,0.10194323806795258
206,0.008109181070846211,-0.03806285584209522,0.10137113617052462
207,-0.0035243913435341195,-0.03741540430146745,0.10029103206086398
208,-0.01553648591777252,-0.035086608700352004,0.09876479188507509
209,-0.01777937074911895,-0.0322544830171454,0.09696908605064142
210,-0.011247114498209209,-0.029628721062436816,0.09552599165603792
211,-0.005674487151777048,-0.027144995035147113,0.09583371056580925
212,-0.004638098864871314,-0.022572722094913455,0.09875440177009942
213,-0.005189537722916391,-0.015435721315343598,0.10352567908736832
214,-0.0031769256236433424,-0.016183707597595742,0.10840193024765321
215,-0.0018228918466305609,-0.027819450343339852,0.11203477632446879
216,-0.006752042591954079,-0.030972505322335295,0.11412704558640463
217,-0.012297432944095067,-0.017729404441456348,0.11517676083479023
218,-0.010379041365736284,-0.004133035078416614,0.11591995778878422
219,-0.0006708097249490223,0.00025168721945852124,0.11701319156375928
220,0.00958427908332643,-0.001671325842785884,0.11878738732574456
221,0.013602310634828307,-0.00545002621581242,0.12127961544262239
222,0.012684802287713522,-0.006137239284323276,0.12401496342656854
223,0.008415428850809162,-0.0029574504423622028,0.1264694382188124
224,0.0016428663374652153,-0.0002712934092426178,0.12878675484470137
225,-0.0039874731391534995,0.002856262454620173,0.13100987752306115
226,-0.004032016240787917,0.00930285813938822,0.13259907178160546
227,0.0026605723594871067,0.0133198229665282,0.13321409047091065
228,0.009590424003357759,0.009822366535716498,0.1333220904030501
229,0.012150738849286233,0.003021172695867033,0.13389313172156664
230,0.01307446508386835,-0.0001532584436352291,0.13593527149177786
231,0.013714458557781271,0.001418288515116356,0.13954291510903616
232,0.01382876968252647,0.00642023446923129,0.14418318114237566
233,0.015445672403387956,0.011831035925477906,0.14929113101057195
234,0.017616927434122326,0.011940833509582957,0.15368461343614748
235,0.014003526624286028,0.009889523943164058,0.1568218900878665
236,0.004681013966445408,0.011276564754351376,0.15935049430219322
237,-0.00041774599062543993,0.012826685223335327,0.16202342100051476
238,0.004245556782191545,0.008548779997424483,0.16505060700081525
239,0.012424426558661342,-0.000551277566304853,0.16793024537108603
240,0.016890227530699714,-0.0045976355044007045,0.17013666373668906
241,0.01699642229209998,-0.0020069958904399415,0.17178739528927922
242,0.01071091762829153,-0.0008492919307927227,0.17373795074773968
243,-0.00005139114498201036,-0.005378680038387262,0.17658169668533513
244,-0.007564252017600442,-0.015032084908537663,0.1802885311360225
245,-0.011521999468434574,-0.018330083535672753,0.1845393403991114
246,-0.013374672101846202,-0.005301869367889761,0.18910741343186482
247,-0.010686850416291693,0.012534572718734316,0.19335876276305963
248,-0.004324660485387211,0.018709107500752165,0.19577524898203136
249,0.004040511538957375,0.01452890443306476,0.19575264423518346
250,0.011795915112142785,0.01123188791202935,0.1941944587345481
251,0.013300726247455846,0.012583734392163981,0.1935060269629688
252,0.010169521681671984,0.014254918862077984,0.19685831767719664
253,0.0114906844061963,0.014474697797185729,0.2045085070956459
254,0.014862232911587614,0.013792382251974697,0.2140170334939081
255,0.010157606155887122,0.010017487581784973,0.22523799164530606
0,0.0013083816404864945,0.006652157743790632,0.2406123102281108
1,-0.006131603458969237,0.009135855138040827,0.26098314132601796
2,-0.010983992942933674,0.013064312970402864,0.284030189302411
3,-0.0075754746326630595,0.012926216659261608,0.30656372519094466
4,-0.0033454704417321124,0.01171877821794129,0.32643378216242414
5,-0.005716426115667805,0.014374993616895052,0.3422589186186954
6,-0.0008285154503299696,0.01911322859761888,0.35315955075659433
7,0.015241489657222551,0.02047300215691289,0.357268785978471
8,0.02469052615720302,0.01837419564389081,0.350172854520302
9,0.021275445731828546,0.017605397647989504,0.32653322418059405
10,0.01714784639540412,0.020084691362644846,0.2817952532454865
11,0.019844277263656618,0.020115170393677495,0.21604623280688218
12,0.024632506669999332,0.013150434281534562,0.13821707159479646
13,0.025476814040308896,0.005144516938867638,0.06191783824955521
14,0.022083158994952473,0.0010587343297851493,-0.002900390005670439
15,0.017050525073237344,0.00010076562156469127,-0.05377297803847958
16,0.018229822614576535,0.002752722618372505,-0.09188376869585929
17,0.026055095988706672,0.006296320624632479,-0.11770434000009333
18,0.027441574854260936,0.004826297890477782,-0.13002337114430107
19,0.01579741574858301,-0.00010170313342310056,-0.12653994571565075
20,-0.0033134870343410894,0.00007558332397684941,-0.10620256483449342
21,-0.015318188057243581,0.007417390193755535,-0.07143976453026335
22,-0.012846496701503118,0.012373119432154273,-0.02800232429905755
23,-0.0080618598405367,0.007354603714272767,0.017355275927097347
24,-0.010939677314561802,-0.0009671482996967407,0.058816067046253806
25,-0.02204775701291417,-0.002464786775406347,0.09311471002729721
26,-0.03375523330678523,0.0025433308086320744,0.12011549763291757
27,-0.028982625732162648,0.006724462266911868,0.1415961487037154
28,-0.01006332876162011,0.007804058157529575,0.15993986258039083
29,0.003643261202109227,0.01209859834562979,0.17705532914681177
30,0.007278782731944267,0.021110006902909567,0.19377723477222258
31,0.006318637295224333,0.025733010353994862,0.21036505383253723
32,0.00974660739329078,0.019842979150649948,0.22578216735150947
33,0.023482190243293385,0.010127531094157788,0.23834111526136337
34,0.037436123875598776,0.00826786780305852,0.24751152588555447
35,0.038609775910189076,0.012687837195192272,0.2529101584376906
36,0.026523589477490672,0.013428226975022509,0.2541054746378598
37,0.010358465199177408,0.011516599553417162,0.25246050035694534
38,-0.00023014988214725696,0.010776800483124405,0.2502462735359444
39,-0.0021861540403966817,0.015817788671847882,0.24836216624107876
40,-0.0015378108922396438,0.026604329133124494,0.24712035054265669
41,-0.005542993956354436,0.028861953029850923,0.2470245883688762
42,-0.007411291164776401,0.022404033196222556,0.24859043306089013
43,-0.0018920961732129538,0.019252076894356873,0.25214386740552586
44,0.0021164336094376957,0.01853454431731827,0.25642922882750496
45,-0.0037142970735100644,0.017763220379424502,0.2597957090095381
46,-0.019412562578237202,0.01738267257064624,0.2621860648132931
47,-0.028583419294995943,0.011931368247905333,0.2636119678321668
48,-0.017704071459181348,0.0003989343745838536,0.26392449268367013
49,0.0035903817766758106,-0.0065387688218233875,0.26451189617873583
50,0.020322761820213947,-0.001475282205027198,0.2669241698684033
51,0.026030664238302886,0.01013382304196965,0.2707908568093531
52,0.0226561924947149,0.017446658896536432,0.27473545221363915
53,0.013870615652380264,0.015534089901145576,0.27809911797116305
54,0.0013230015824750863,0.009343368717057127,0.28122030410613474
55,-0.008355821519417828,0.0047001762924721024,0.28428624075896736
56,-0.006880211665759722,0.0031092908895982846,0.2872560029788255
57,0.003119453776936343,0.0023879777159138693,0.2902216150877991
58,0.009332707344944596,0.00028260145660910507,0.2923672368123753
59,0.008200837654224885,-0.0005545181937006705,0.2928075995689342
60,0.009932884635429712,0.0008095352685437152,0.29234959061193233
61,0.014459340851821878,0.0015394003803497203,0.2915982163585793
62,0.009238220730091104,0.0008157848398907541,0.29020127303047405
63,-0.005566295639296864,0.0010220942905751484,0.2884014501002323
64,-0.0175624908891137,0.004835028410586584,0.2866359077865883
65,-0.020030430092643492,0.010435443422262186,0.2853310415958964
66,-0.013792528674348083,0.013805090465206615,0.2843572138150704
67,-0.0042561194770427205,0.011416961213302067,0.28302403580603863
68,0.004082985842920724,0.0007834187331850762,0.2809477118589635
69,0.009664318791129622,-0.010110578028936695,0.2785581984683252
70,0.010221571006592312,-0.009609432984087632,0.2772515450961356
71,0.006519763419836632,-0.001889109499855851,0.27742082375301036
72,0.0012894025588739456,0.003483763592619385,0.2780732422595005
73,-0.0012660544033442286,0.008895761977792654,0.27866152460711846
74,0.00042370346332879297,0.018035480961375763,0.2789201931965136
75,0.0018824714521822015,0.0262894027871855,0.27874509672262493
76,0.0029755117490602515,0.02853308986852924,0.27891604431373485
77,0.004748608321192626,0.02155943376827367,0.28000016811146
78,0.004293969871570864,0.007483506810033326,0.2815741569764786
79,0.0017092989893024296,-0.0011325841157688449,0.2827937820209401
80,0.00047083540790809116,0.001746417125074784,0.28354937940186276
81,0.005020592255886229,0.007993888921605196,0.28419636931662395
82,0.012769492769924326,0.010648449991778382,0.28368877670424175
83,0.014410083482486676,0.009614768552921076,0.2810959030720255
84,0.008566971040748802,0.009368786650268201,0.2766562684015589
85,0.0024722589015805235,0.010598680321174055,0.27059879676951926
86,-0.0013322494518932249,0.007278722233642912,0.26363474816382637
87,-0.008006252780549734,-0.0010890805157650618,0.25667893047518475
88,-0.014301157321450791,-0.00814656830786313,0.25091807343557115
89,-0.0114897192581939,-0.010415332508233566,0.24766312866973061
90,-0.0049726851867526595,-0.0081626487265785,0.24698227232459635
91,0.0005574772222562557,-0.0035732078607759385,0.24804958300790958
92,0.008964891537560346,-0.0030185515841690547,0.24967152088573386
93,0.015172347153604812,-0.012033366104326038,0.2510746209153444
94,0.012135766969739073,-0.025511369209051254,0.25188425956659766
95,0.003171485320060341,-0.03323407193475105,0.25177095476185285
96,-0.0038648766107339527,-0.03353858566845146,0.2514206302637889
97,-0.0031315221108206004,-0.030993165440371534,0.2519570747646943
98,0.0019294069591397206,-0.028880341579209663,0.2541296021971775
99,0.0025759794744394937,-0.02869949709700345,0.25838465815753264
100,0.0004929070261643353,-0.02664110815812601,0.26415617683404
101,0.002159962086092676,-0.021523069421291258,0.2697653009096542
102,0.006235549624355102,-0.02396777949339232,0.2742716903454139
103,0.008116304277991315,-0.031924258806646524,0.27845011124127694
104,0.009560293949903792,-0.029284803059833588,0.2838235852673502
105,0.013016889270698107,-0.016665932051889987,0.2910031551375589
106,0.015454922995637693,-0.0037850814854900813,0.2990877226379822
107,0.01357349892792492,0.0038878098432690864,0.30671678488516396
108,0.0073801503471205565,0.0022668242885745737,0.31240942299143826
109,0.0034825800992518835,-0.005331702000167957,0.31540864004836966
110,0.00481963127015457,-0.010632001484335477,0.31699729455262615
111,0.005122455783690666,-0.01278311953760032,0.31926106319289027
112,0.0033946687850439916,-0.016005143214913444,0.3225449397442598
113,0.0036109036557352148,-0.01952544192954774,0.32552003632731485
114,0.0035533230503001084,-0.01755649188240173,0.3274930742783704
115,-0.0002002670932012146,-0.007868987524003057,0.3287301809589046
116,-0.0023734565758488924,0.0019585240036727597,0.3295787390698286
117,0.002569439494710807,0.005733678813635179,0.33039625522323135
118,0.009580501415453913,0.007823095527993602,0.3313854554751864
119,0.01217748254221071,0.01399170298313783,0.3323954392059719
120,0.01154862176216237,0.02446156501934814,0.33232592896170754
121,0.009007068692434034,0.03162843282274923,0.32981523829288584
122,0.0030489400414770718,0.022123276060134922,0.32563275095938216
123,-0.0012211688665684922,0.0026276025984515727,0.32195912539690785
124,0.0013561452291294962,-0.0029156935757775615,0.3197859428138131
125,0.005439290231634392,0.0065561841026580275,0.3185756208331907
126,0.008157684311614316,0.01700259432177064,0.31669720722525174
127,0.01311721543335212,0.021084368112643248,0.31271172306063155
128,0.018406039446275904,0.016164029927800583,0.30673691762274025
129,0.019923124500907927,0.010942503406701234,0.30025330938860306
130,0.01924129098053412,0.019046444749581046,0.2954889125530097
131,0.01924241742353161,0.03492477176854886,0.2943097874426287
132,0.01706696168543076,0.041231184466897386,0.29707961361749124
133,0.01142643128609784,0.03692465881657325,0.3024349229113815
134,0.008153052612722866,0.0325482457971846,0.30862951049082976
135,0.011543112919886606,0.03436981638797387,0.3145374608900685
136,0.019503780784550118,0.04095236847536437,0.31931934406137197
137,0.024413084667822146,0.041695111902911024,0.32255893415011405
138,0.025931254112954452,0.034300760978036283,0.32413791891816246
139,0.029956999287431434,0.03135939369145214,0.3242574805016124
140,0.03312540078064101,0.038720291522575986,0.3234404315245508
141,0.033407535758335674,0.04990739750608941,0.32147009341929744
142,0.03452056289394738,0.05861446810200013,0.3184421278026256
143,0.03132429678099152,0.06303318791048462,0.3167175008459815
144,0.0209257113416631,0.061195998256711154,0.31788057533133074
145,0.012202401409648345,0.059747414962457224,0.31955556094585047
146,0.010816877181591827,0.07159071673403405,0.3176702380426627
147,0.01676617674177097,0.09276761698138097,0.3105137286351276
148,0.027617371800639418,0.1075385656367358,0.300891043281867
149,0.03725290160030334,0.10728040873425781,0.29262890528805685
150,0.03961203040781794,0.09096098876318559,0.28657916107401193
151,0.0345759021217953,0.06263074778055283,0.2817969325214955
152,0.028021900301123545,0.03609659174928109,0.27705630546528226
153,0.024633859979225042,0.023789212136193283,0.27171535697474725
154,0.026073073253002788,0.025949516826825253,0.2658155874862894
155,0.03237122203466081,0.03825088655746536,0.2594906603260817
156,0.0402882751790484,0.050405210795332306,0.2528480696816062
157,0.04408184884248903,0.050400678151847594,0.2454239102096324
158,0.03683728429305144,0.035906013512281426,0.23702401449023114
159,0.021129673104784294,0.01895249150776465,0.22809718846861038
160,0.012531063951582044,0.01648274217023371,0.21882517196877793
161,0.017003020646379194,0.03106594580852884,0.20983184171212277
162,0.02258342187254396,0.049557865726184536,0.2025565927702353
163,0.025500871527059293,0.05603365921606135,0.19816118885589967
164,0.03299606657284751,0.049068451671997,0.1959805270719311
165,0.039961051256219376,0.04163234045086378,0.19383414693431744
166,0.03978118498147565,0.03677275738165467,0.19102125456329094
167,0.03689360230067307,0.02612510026677639,0.18908099105970305
168,0.033095418556368876,0.01329802898145925,0.1891486674314199
169,0.025118144274101188,0.010215942068608375,0.1908477080315225
170,0.015213037712837212,0.01515614793702491,0.1934846077856628
171,0.0125963553017404,0.01840346532070708,0.1961366111831706
172,0.01951586975611052,0.017844050382751275,0.1972747318858088
173,0.02347769497642025,0.016568554240090877,0.19559985457001305
174,0.01457791921954061,0.018206434517794093,0.19075910463940754
175,0.002287922036991935,0.02202639115729868,0.18375590558613564
176,-0.0002921034965418373,0.02155941546712009,0.17701608264805474
177,0.005272008297223477,0.01659171051977648,0.17269363865294773
178,0.01318397185164323,0.011451111962408222,0.1705998850801781
179,0.019177287956911114,0.009834813973862697,0.1695568339670046
180,0.019655299926251008,0.01415898158752249,0.1694335622401128
181,0.018506570785715194,0.020077175386601864,0.16962716308492842
182,0.019265389607405904,0.020408021970346912,0.16849510542186907
183,0.0194484099144107,0.013231169212334762,0.16588735897904516
184,0.018320555719313375,0.003409974471207791,0.1634618599315273
185,0.01512406555054413,-0.0029936841937824588,0.162994199072517
186,0.013929175831567928,-0.003947059935293873,0.16531812262315632
187,0.017749117798801825,-0.007169732524979239,0.16912008520278154
188,0.018360868718187526,-0.016655291867892816,0.1716491436268277
189,0.013387104146631322,-0.02471817991547043,0.17123955424203496
190,0.009580314373230231,-0.028297904015597022,0.16784590966769408
191,0.008852136205491204,-0.028484732532800233,0.16213520399082243
192,0.006107000832034644,-0.027701344737912803,0.15521921871627126
193,0.0013275379639071383,-0.028413539012546646,0.1484402229018073
194,0.00027807308148752874,-0.02740966403528211,0.1430514214409317
195,0.001586243882556071,-0.025491145272988264,0.1393976007590867
196,0.0005347876754355219,-0.02776924879161921,0.13714283832591478
197,-0.0005534803543163769,-0.034118099778299604,0.136093889292367
198,0.0021086179378829867,-0.04038887898585872,0.13577716171900978
199,0.007269294518796515,-0.041783354131618385,0.13614087410607995
200,0.01142861069663667,-0.03741959104430999,0.13756147204315916
201,0.01261908513874424,-0.032233437294673345,0.13988607658456764
202,0.011409270406497474,-0.03128882850762227,0.14246819849423997
203,0.00988886133622098,-0.0338080247370449,0.14467485616288284
204,0.0061493670193237815,-0.03877800317224045,0.14622191040625088
205,-0.0022054921349984324,-0.04545498512127116,0.1468077164783837
206,-0.008775291825395368,-0.048295443910183034,0.14712633149747473
207,-0.007565366591527983,-0.049230633847061944,0.14851034295670096
208,-0.005429696159511527,-0.05756281422612605,0.15093597858959495
209,-0.01230766519084095,-0.06975777512705918,0.15372713469194327
210,-0.019805035026364715,-0.07556384226722163,0.1567380850558046
211,-0.01719459046574652,-0.07353601905018224,0.16024176823025282
212,-0.010351615921927813,-0.06620428801632738,0.16398944619454497
213,-0.004853436057326049,-0.05740141885346017,0.1675898982915649
214,0.00018130316456357876,-0.047298925912363454,0.1716403088667573
215,0.005127260342954784,-0.0363574469559893,0.17724842562636972
216,0.010313412227779747,-0.03188066507798057,0.1850055708468939
217,0.011764994866991237,-0.03310808499786573,0.193755270805479
218,0.005808961287595005,-0.03218911932420877,0.20137856150504851
219,-0.002477118191622295,-0.023899379459785597,0.20741163478018165
220,-0.008340498622325304,-0.00880317877096741,0.2134090436907432
221,-0.011094320203343458,-0.0011779942722953546,0.22027151720566185
222,-0.016099662299603232,-0.016425337121812253,0.22741554180635437
223,-0.026292690923614553,-0.04365487869665119,0.23502675601586365
224,-0.032387940058384385,-0.05440271792467852,0.24443414291993204
225,-0.025500625835442735,-0.040713341043819934,0.2561664565801438
226,-0.011491905770721345,-0.01804749488182042,0.26916971188139194
227,-0.005599207772933573,-0.003114625651006925,0.28221544074992544
228,-0.00995979781346662,-0.002576660722557189,0.2952429665459315
229,-0.014392396657758447,-0.006388053461661158,0.30878979498218306
230,-0.01074503742947526,-0.0013622814791763582,0.3227671914289175
231,-0.00005839048591088636,0.008423767543032923,0.3359537018112092
232,0.005619829509779482,0.011177487402233566,0.3467007960260393
233,0.005323994635643675,0.00425823004423187,0.35483409889200956
234,0.005258465148923419,-0.00850416041255106,0.36097416090524026
235,0.002692999339901095,-0.02106069869363135,0.3656888896414815
236,-0.0009336346078311422,-0.026754750983189468,0.3699734970442997
237,-0.0031242008589639353,-0.027892730816291234,0.37378985789159547
238,-0.0042582460859672405,-0.02897962401524601,0.37616987869423035
239,-0.0024355824214363914,-0.024942459210054002,0.37638890020211
240,-0.0005920509841003258,-0.014193744251108656,0.3743649435425275
241,-0.003054748756971575,-0.004805961481750692,0.37064238939501226
242,-0.005524968049328539,-0.0017282245136831381,0.3659619280321924
243,-0.001733778029458781,-0.0003896768590445632,0.3616806662228226
244,0.003994854383109425,0.0028273401058816344,0.35882168653756497
245,0.00344477527141282,0.001844162656432148,0.3569558700009836
246,-0.00038360069685967543,-0.00691903338242307,0.3560326088494543
247,-0.0012375404165404155,-0.016464866591461888,0.35573016917094835
248,0.0001820897814908476,-0.02246167207508945,0.35446116993228227
249,-0.0004190859960736329,-0.023051524009910604,0.35227893026967294
250,-0.005386456993899051,-0.01501728671389134,0.3507006919105907
251,-0.010288983054052655,-0.005971108945589637,0.3498742149737367
252,-0.010714644309425498,-0.005774868701321566,0.34830450118128786
253,-0.007695237339985301,-0.009800612819870741,0.34549023490982944
254,-0.003353008030598969,-0.006396427178207653,0.34264576728066054
255,-0.0013339394866258639,0.0049230638366542165,0.34009963722712433
0,-0.002189542141146389,0.013428368106856402,0.33726540139134464
1,-0.002211122503216749,0.01076211933244345,0.3338155248047213
2,0.000748021739956653,-0.0001071087017817593,0.3299718039675631
3,0.004470878990643169,-0.0059163715106388265,0.3266652367824343
4,0.0003575514320568532,-0.002574014679873657,0.3246231568892789
5,-0.016148420339173228,0.001638600785435651,0.3239729229389321
6,-0.03357772627960792,0.003408819835835141,0.32365682030175946
7,-0.034173378646156355,0.005420597428730332,0.3220268000100015
8,-0.01825680565356877,0.010217980155401912,0.3184321283517083
9,-0.00643681121756165,0.016755689600176857,0.3127406876862422
10,-0.008764969515935667,0.02279004225122088,0.30567456551685945
11,-0.01461009813508321,0.025941391807971864,0.2981083206841407
12,-0.015703601814976098,0.0245437135374372,0.2902195874437966
13,-0.016277535460564402,0.022852033209478456,0.2831241136017023
14,-0.017930597204385355,0.025006286333961347,0.27762421558046113
15,-0.015507163040518968,0.026230996779773905,0.2723276567293773
16,-0.010104416079567094,0.021302865506367258,0.26539358929473056
17,-0.0060534004725958795,0.0151775439704388,0.2556879306792439
18,-0.0043223231982727,0.013800462203353021,0.24308680777729497
19,-0.004644044423161034,0.016899449826011572,0.22960394842095067
20,-0.00655311026377442,0.018542430084451285,0.21706331948171942
21,-0.009218311846709903,0.01300634049362329,0.20518628908619208
22,-0.0098980478622602,0.004842736847733873,0.19300941792410609
23,-0.007009814648798907,0.003583087821456027,0.1796970964581115
24,-0.0034110572027381686,0.013986216529602524,0.16514167270178193
25,0.0007938200046981453,0.02882027183843401,0.14965628362148659
26,0.0038187943355457166,0.03522312879169829,0.1336227353240272
27,-0.0009114704845544913,0.03300410148861014,0.11740422468132572
28,-0.00797216220406588,0.02782833852046901,0.1009462078578347
29,-0.00852292632652804,0.02446425571336766,0.08428903342608879
30,-0.00654786243132012,0.027032591701367625,0.06811566133553851
31,-0.003908803711575787,0.028008078700514694,0.05267310675548989
32,0.001573156200009182,0.02180811478829736,0.03788480234076656
33,0.005492556655866482,0.015973168379116352,0.025018896483187947
34,0.004529263521225305,0.01383470145681645,0.014263001529114652
35,0.0013058444060896207,0.012390048536711645,0.0027840273632139777
36,0.004028247365810048,0.010918454423560861,-0.011219710940592029
37,0.011717474684764306,0.007688435170935957,-0.02615308234437275
38,0.006122770661440964,0.005369430144709655,-0.040309370188332055
39,-0.02128797052515361,0.010416229742472347,-0.05406027074166004
40,-0.06072419382500849,0.019774589330113126,-0.06749241228727397
41,-0.09875412139673036,0.0256355891919047,-0.07873210934523689
42,-0.12736708862689636,0.024009233721263,-0.0860526617627651
43,-0.1440372939956619,0.020062618289782855,-0.08985128171217838
44,-0.14586115315004766,0.020366116389302177,-0.09158191014707362
45,-0.13988190918553023,0.021899085822162198,-0.09257868849871237
46,-0.1392437322560608,0.02010204234697039,-0.09385399052649646
47,-0.14440806736785694,0.013212107150107032,-0.09549390243147579
48,-0.14879155781929831,0.00744932841784697,-0.09770758263690407
49,-0.1478981079989118,0.010879065616462215,-0.10089978023286986
50,-0.1406983572899136,0.019600017084872967,-0.10345758934957314
51,-0.12772817778487666,0.024852997843426403,-0.10341576397330893
52,-0.11245905818323515,0.02055550714501657,-0.10175368571873661
53,-0.10122948069750765,0.010290826069559882,-0.10130975323718144
54,-0.09530198711232174,0.003739335267073582,-0.10350085733042852
55,-0.09112791460788916,0.0026616609530818874,-0.10694019739952887
56,-0.08858255809830112,0.0019847253594219433,-0.10873824002118943
57,-0.09066546295732897,-0.002209922640064761,-0.10670754368234497
58,-0.09231371846761127,-0.006272603700802223,-0.10135131895497884
59,-0.08341517362705614,-0.005492808660597023,-0.0959100590858604
60,-0.06686945679074215,-0.004437346683345153,-0.09325536070961121
61,-0.055777114800513755,-0.00916094417199341,-0.09383168129743305
62,-0.0530230331632109,-0.015845524859698968,-0.09593153282280642
63,-0.053314679401546106,-0.01600928531859694,-0.09630423409756522
64,-0.05392666373227714,-0.008610390578723467,-0.09363365600762269
65,-0.05321180774633577,-0.0020214268854136727,-0.0899703945987877
66,-0.05004045842014565,-0.0024148422532472326,-0.0867270889547061
67,-0.04247688877220382,-0.006607243305726915,-0.08386761880966814
68,-0.03353104059321112,-0.0086924048176035,-0.0806835680839243
69,-0.032735880014817295,-0.006111961924858154,-0.0758579154066967
70,-0.03973016584465805,-0.00044368925552286387,-0.06899738579255638
71,-0.041349949494405076,0.005327983284287456,-0.06055014980784065
72,-0.03249802572284588,0.010827851003944643,-0.05215107084646134
73,-0.02207476371451672,0.01897402003325436,-0.04543214771961315
74,-0.01588249500946351,0.02784531213311857,-0.0403811875120518
75,-0.016497064126138022,0.030280492035880763,-0.03664246549756428
76,-0.026108010037060064,0.026549707156200683,-0.03327081302243008
77,-0.03434871100134567,0.022880228723151375,-0.028930810467893378
78,-0.029317608974893116,0.02272985796102564,-0.023667941611861913
79,-0.01617567915764086,0.028019811005852248,-0.018343524370308006
80,-0.00673438550340099,0.03736634186891468,-0.01296425450954068
81,-0.006044896942940959,0.04299280553451888,-0.0078075889690993605
82,-0.010627759267217887,0.03952237327802088,-0.004605395687723217
83,-0.014000170031276016,0.03444609628738285,-0.00417899951867047
84,-0.01606136986401223,0.03903768424992783,-0.005102790902034263
85,-0.0184950398944337,0.047892985752557016,-0.00564077789136453
86,-0.01965564643099965,0.045613067858120054,-0.004752799604470656
87,-0.016703348309926744,0.033256408130526494,-0.0021435639785728246
88,-0.009340554269689522,0.02527546140602535,0.0012364894429925943
89,-0.009035391111339948,0.028156434615586562,0.0044258369593534255
90,-0.01689391216170536,0.03201371707195513,0.007504441316843795
91,-0.018108975143124754,0.02650944831305313,0.010671478894680219
92,-0.015961894371922913,0.01852267144205421,0.013614575038005092
93,-0.016656831794973292,0.016377017563309847,0.016051311508095797
94,-0.01508518615248959,0.01940814261105877,0.017685200731368034
95,-0.01484882556461821,0.019925466772914777,0.01859308327968246
96,-0.019467481815923532,0.012312938363826686,0.02034802270829092
97,-0.019479136303908406,0.004562434366846196,0.024905370540258084
98,-0.01148213443194443,0.003714771175977155,0.03254701052490322
99,-0.005066957766958216,0.005968233521173302,0.04169212468033624
100,-0.004798125877485144,0.00471131371842342,0.05018746244349473
101,-0.003251052685186509,0.00003048886077414159,0.055684635710973124
102,0.007071373781421947,0.004832147808264464,0.058828063683212806
103,0.021705447701712836,0.018001404147840988,0.06297017112529718
104,0.027363420588094087,0.011910872932159408,0.06784132665516482
105,0.01831498119047808,-0.019298291528931866,0.07099294267900227
106,0.007818172090668235,-0.05141820800568542,0.07229521715615378
107,0.011711211360915241,-0.06378630815600048,0.07278863472603764
108,0.025088324924977368,-0.04956348786459552,0.07249021898860764
109,0.02938535905677067,-0.01953771195338816,0.07049312955682827
110,0.019621404470948053,0.007156316187211964,0.06576001300798506
111,0.005718083580679267,0.01914367583736476,0.0581455686636759
112,-0.0031997363951476454,0.0171539755562789,0.049133888145582755
113,-0.0030786059158443083,0.007187096483891264,0.040501227718752114
114,0.0015964811379424876,-0.007801578607551263,0.03248221732022692
115,0.008291993099971362,-0.026501371115745465,0.024264499735914213
116,0.017504325566247224,-0.04262511542808428,0.015662867663735466
117,0.01900118567141807,-0.04097502823905197,0.007052635634531679
118,0.006235804403014314,-0.015294512907864044,-0.0010671957361193599
119,-0.00876347544788618,0.0175873314122722,-0.008345424541318612
120,-0.011698579550278226,0.03353578747816288,-0.014915971912520608
121,-0.00481185807702493,0.02999949640594901,-0.020606809979876017
122,0.001820088069530143,0.024258932506621977,-0.025507827445743744
123,0.003927954569500555,0.02391082469111583,-0.03051190560549409
124,0.002647440081064059,0.02355172199630584,-0.03596275993860987
125,-0.0004749862038321562,0.019538018761550924,-0.041555808840470915
126,-0.0032447147792127734,0.01787545044399419,-0.04695200826459586
127,-0.0009135463792920226,0.023920435170149634,-0.05296586964447289
128,0.007682226741327361,0.036552879772464686,-0.061049083131187495
129,0.017111949840572294,0.05105168551368128,-0.07107395238559011
130,0.024710124781140236,0.059129668301387994,-0.08162823006701975
131,0.03273368883470368,0.061013343702042255,-0.0910657422295332
132,0.037478379106942294,0.0636627964263472,-0.09823966601298256
133,0.03374306591895532,0.06525513878118716,-0.10356614656242114
134,0.02615544603661299,0.05911567274845875,-0.10833448114906458
135,0.019437427582778083,0.04698551918219074,-0.11243638917658105
136,0.013828684384362203,0.03774658991071245,-0.11559523095927016
137,0.012018605731028205,0.03609199282758452,-0.11892683497932927
138,0.012684710503023063,0.04030445982098929,-0.12301990043373534
139,0.011896515214534718,0.0449923333234154,-0.1277876881219167
140,0.010999609705599402,0.0462504930281229,-0.1334581087765901
141,0.010902311735721495,0.044274109170482245,-0.13989719879925272
142,0.011508554937329434,0.03777817318946064,-0.14614114039869658
143,0.01318098077435631,0.027865677003514222,-0.15092357093075948
144,0.013438058664503282,0.018437511143123975,-0.1534957486390056
145,0.008283832434423141,0.01244103333325175,-0.15406704004997984
146,-0.0010229805036638395,0.010391842622518244,-0.15252971796187376
147,-0.004582561220852516,0.010130288165498547,-0.14825717043662034
148,0.0027779972722897575,0.014119982143397602,-0.1408611702164675
149,0.015501241235007901,0.023158029525432444,-0.129846038737515
150,0.02228969457355176,0.029965955781594,-0.11628588500435239
151,0.015340768090481322,0.028143566266744857,-0.10328333361325687
152,0.002694984861404584,0.024689395040881745,-0.0923771178197918
153,-0.0028096510946866576,0.031134487197930105,-0.08285984291421278
154,0.0014761662630887878,0.04152256310152713,-0.07464475180872468
155,0.011036009046207274,0.043115045302603794,-0.06790146343728867
156,0.0215055349012203,0.04044963811499602,-0.06205805716040019
157,0.019770945068736712,0.045221086977915714,-0.05654358204639881
158,-0.0026766361321854393,0.05357251597853119,-0.04940963165756587
159,-0.02517067950074351,0.05092280351326861,-0.037510197626926756
160,-0.03291511217743749,0.0353789157812926,-0.020632268278254512
161,-0.02948613789531771,0.024295404802212928,-0.001458196397981254
162,-0.01756321355843489,0.02662918113478946,0.01992701396653404
163,-0.004004908777241772,0.033637627891997035,0.046581693805544236
164,0.0030480598065820708,0.03905103462975046,0.07968341609573218
165,0.003044635644743901,0.04085894628427755,0.11738623864716541
166,0.0035390806724708568,0.03644355506858277,0.15597812506917286
167,0.0062955433671158245,0.026565251361854003,0.19108679600003464
168,0.00668783634127966,0.015728469521638533,0.21990199134349064
169,0.00570342324072079,0.006124755567042284,0.240119930647131
170,0.007830853019490908,-0.002855612659156792,0.2487167614023844
171,0.014016202828809964,-0.010559745072110216,0.24276526160365386
172,0.018660989783919626,-0.012578783558459816,0.21843431287046988
173,0.018202174354672432,-0.003967818300145365,0.17276073688197624
174,0.01431304012754235,0.009754544472546867,0.10879870718209594
175,0.010371008143460522,0.019114834983637752,0.03598989890993198
176,0.009987332239778317,0.02603947725884148,-0.034912255172647844
177,0.01217488095860464,0.03480984520454078,-0.09799386809635369
178,0.014391782441598056,0.041749512907086395,-0.15157826073094505
179,0.01722430154670812,0.04398714054370706,-0.19451314928069297
180,0.02180096175296964,0.04067864449078196,-0.22538523856963388
181,0.026148345274176338,0.032056480826797296,-0.24109250351070333
182,0.027310442764350573,0.027224543305521987,-0.23841736265479618
183,0.024003980993929343,0.033470589076792345,-0.2178573215289089
184,0.015300386630064732,0.04377339106619382,-0.18458623670472152
185,0.004141033391690654,0.048786684649829826,-0.14583853934773977
186,-0.002784883219102835,0.047231300886404703,-0.10846423823411117
187,-0.0036791104125583896,0.04346453641845749,-0.0772871911332727
188,0.0009666427761321761,0.0419297289580709,-0.05315758744464444
189,0.01051458094983758,0.042242399688387444,-0.03515799902187032
190,0.022398292800146068,0.03905902078001555,-0.023426938574445916
191,0.03218251441856258,0.030155462536349986,-0.016508671655153788
192,0.02911036266572435,0.021634074694719063,-0.010700736823303032
193,0.014366489367928115,0.01676270992265383,-0.005031635357337628
194,0.005481935588335346,0.0116317142728114,-0.0016371874263915124
195,0.007391553393447825,0.0054920318187847705,-0.0021456962007111117
196,0.018149133954665803,0.0005375527966523519,-0.007157011522322412
197,0.034106948628372116,-0.0030780368130840507,-0.01662255655356384
198,0.0393818959262894,-0.00714022536898834,-0.029450488437316666
199,0.025237747979284894,-0.016623876118581626,-0.04373978691485636
200,0.0012474235347527882,-0.03188835642096788,-0.058518450738761066
201,-0.018755509420017486,-0.04476985118599597,-0.07445198824953925
202,-0.03323277617620641,-0.05056769221633217,-0.09208063800396793
203,-0.04259372144663332,-0.049310862112515785,-0.11061279455916606
204,-0.03724231722905749,-0.04475010981614491,-0.12878577674681307
205,-0.01734637934064384,-0.04542686362746967,-0.14598538992919158
206,0.003444833125643032,-0.05127938114890146,-0.16236225607721205
207,0.018865646756174692,-0.05461631350245366,-0.17778736704919834
208,0.03275782071099825,-0.05490660975887102,-0.1915209934867952
209,0.04010547004546228,-0.05772858232794853,-0.20372022087336916
210,0.030765167108944114,-0.06566717858437188,-0.21538038093429168
211,0.0069619282242122105,-0.07466028021386606,-0.22699682463406
212,-0.016187576356490596,-0.07803938735915239,-0.23883456446916107
213,-0.024736635109576965,-0.07429472130962933,-0.25117675827301755
214,-0.024412413523132476,-0.07178982816346155,-0.26348676387447145
215,-0.02785967685096602,-0.07481693322204047,-0.2743187700211501
216,-0.032976445639931184,-0.07762817399594168,-0.28352591514554226
217,-0.0298900516420445,-0.07907010553837807,-0.292776144355416
218,-0.01618673950243288,-0.07939111521374059,-0.3027027364396201
219,-0.00214859291822056,-0.0781115530474904,-0.31308018728539255
220,0.003491376494096532,-0.08118150899104593,-0.32380975408597623
221,0.005428842927720501,-0.09071849004009647,-0.33412671230278945
222,0.008464284421307644,-0.1003522464648775,-0.34327052040052086
223,0.015092376510239258,-0.10541494162685064,-0.350736609668337
224,0.02228887300560972,-0.10635926243057264,-0.35634426476022163
225,0.019477669096862937,-0.10358134767184174,-0.36057516662184363
226,0.007688974267003268,-0.09816660298370479,-0.36388510011010566
227,-0.003807034227293171,-0.09441768106661558,-0.36642382963213993
228,-0.008393071137430874,-0.09182458946034122,-0.3686186127144284
229,-0.002363905635384883,-0.09129356472619743,-0.37086351343423574
230,0.010697921717244735,-0.09873808396895145,-0.37273025254028325
231,0.021757314318508136,-0.11405187761047841,-0.37422252422675206
232,0.026865745266103025,-0.12885905623224211,-0.3760861430308403
233,0.030546580072752183,-0.13020121537286922,-0.37877149842688385
234,0.03453351629032997,-0.11586944361153362,-0.3823633395438304
235,0.03077119517424387,-0.09902005668918387,-0.3863379286911246
236,0.014719821508607234,-0.0883949345540594,-0.39016996643947444
237,-0.0023335034946032063,-0.08186663578093945,-0.3937200489571724
238,-0.012224358282168502,-0.07993945729878532,-0.39636920682668353
239,-0.0157151964479168,-0.0861527367090934,-0.39716375788956104
240,-0.009840312271567148,-0.09460768560684196,-0.39596452136217986
241,0.0008227160988244497,-0.09497879275499688,-0.39280348704412904
242,0.008417478029099285,-0.08571045660532291,-0.3877322760854651
243,0.012340304128833579,-0.07022706929148805,-0.38231244010914067
244,0.011621153341497242,-0.05581017016245844,-0.3788472955502732
245,0.004143293973386475,-0.04728089572312964,-0.37867081696562666
246,-0.01015833503638984,-0.04169147325639605,-0.3820198832720677
247,-0.024852631279869045,-0.03424120756762916,-0.3881496115537397
248,-0.03293386477616175,-0.018339548388688176,-0.39523926166049095
249,-0.03503882252432114,-0.00009388037537133576,-0.4019573380116487
250,-0.032437215715253015,0.007897766904456538,-0.4081536451557961
251,-0.026179387923517594,0.007465713923917899,-0.41418605493499006
252,-0.02052325332765431,0.010723890822540494,-0.4201353473650131
253,-0.017621168308367186,0.02265668560010692,-0.4254540877877251
254,-0.012848407532619649,0.032166533367538774,-0.4300606006904546
255,-0.008878180733998806,0.03420913997462777,-0.43473140108534825
0,-0.013236644553894658,0.03884671666088996,-0.44053811568689727
1,-0.020448426877046025,0.04916561280836962,-0.4475664145033056
2,-0.022549085665943727,0.05842744207560706,-0.4545261223009438
3,-0.021369993203522897,0.059720388372814265,-0.4598427291809104
4,-0.017614081747715032,0.052093685444393356,-0.462977256109123
5,-0.008084978202575394,0.04200656914883627,-0.4643143926039026
6,-0.000943537265521599,0.03487995326496196,-0.46349533430712997
7,-0.000403795353211972,0.037408173418420954,-0.45978946273407195
8,-0.00008799155332236963,0.04763387351501508,-0.45358883053812993
9,0.00008115388098850485,0.052251113242458735,-0.4456767867272011
10,-0.0018635813095897458,0.04903762210450491,-0.4362319992063852
11,-0.0005299135459232718,0.044847393780478695,-0.4260352499970417
12,0.008160715334707191,0.042800662658719596,-0.41641436177699154
13,0.014939293419199043,0.0387629381433717,-0.40813298924247055
14,0.01565515176302884,0.029029917205507072,-0.4019587879975781
15,0.01972916332998456,0.02019286585208839,-0.3980172336240342
16,0.029735059971127298,0.019631761954026855,-0.39492764833668503
17,0.03835239774389382,0.0234133297593892,-0.3914266203893757
18,0.039453857328771935,0.021936614635078733,-0.3870806848690489
19,0.03264355839941524,0.014359030698946368,-0.3814732126842799
20,0.026737461628201398,0.005355262175371328,-0.3755740507147629
21,0.023470192102345022,-0.0043692606447769955,-0.3715406498052699
22,0.01267641898320801,-0.009384865158552441,-0.36933938388619847
23,-0.0025818358726039103,-0.008322453249861611,-0.3670027754038304
24,-0.011248649865423899,-0.011771061351887241,-0.36361505207319045
25,-0.010872806877177121,-0.018943478371782535,-0.3600120812529892
26,-0.004821534915402714,-0.018365897390137054,-0.35799120786602967
27,0.003940176664101902,-0.012761493310589456,-0.35866295913450696
28,0.00812126499229665,-0.01838987549338475,-0.36160619637339986
29,0.004624316381867971,-0.035854350005744176,-0.3657128036023729
30,0.00288348500935659,-0.04943831230401771,-0.3693984529167538
31,0.006462242698301923,-0.05204072118805442,-0.3717070151597244
32,0.01673189798939223,-0.04636608948869242,-0.3740991713231402
33,0.031232016286784015,-0.03966482004402727,-0.3790793051741844
34,0.03560979229861258,-0.04053174773859847,-0.38776652745915896
35,0.026662681278092876,-0.04830285607977006,-0.39952225006878905
36,0.014916442429005333,-0.05022149099836323,-0.4127704609239655
37,0.006096877744795018,-0.03951226412269912,-0.42696267330754956
38,0.001954286024332383,-0.027034378540911674,-0.4424398711162425
39,-0.0007540873653511804,-0.025552254970644617,-0.4586744019091251
40,-0.00697969615138383,-0.03327958589308053,-0.4755438544743016
41,-0.013694299057322362,-0.04197191722774504,-0.49319045391454686
42,-0.019682810020868496,-0.04521068763347308,-0.5105940513128957
43,-0.027805540754313282,-0.04105506155641003,-0.5275423341941758
44,-0.03517563674048685,-0.0363898530211329,-0.5450783484087935
45,-0.03524825406579751,-0.03170992035480283,-0.5642348522176472
46,-0.03215713070603765,-0.023092576029806633,-0.5845333268289155
47,-0.031129909386334892,-0.01920456423720429,-0.6031234069438758
48,-0.02347707972438802,-0.02731916458661146,-0.6168022171821552
49,-0.005251457097357304,-0.04116773592004391,-0.6233784824235309
50,0.010144481359311591,-0.051541685401605614,-0.6226650676660199
51,0.015758993511147623,-0.05039202256337061,-0.616543837027431
52,0.021358351352946614,-0.03218791702898505,-0.6069592444283609
53,0.029463229646133057,-0.003922179762722522,-0.5948478311429328
54,0.03205114951314379,0.02454130059653231,-0.5798232121941282
55,0.027626985490040834,0.051700180001438056,-0.5599786364661767
56,0.028743102835485534,0.07458861033376724,-0.5324473925986006
57,0.04140183354717926,0.0901003860859994,-0.49582878830687127
58,0.05411508079279505,0.09957541203500264,-0.45326835882130556
59,0.06100475711116629,0.10206461015385437,-0.41076975837980423
60,0.06573934895938283,0.09651776615008278,-0.37300262627425695
61,0.07003360005675707,0.086769758977227,-0.34253443542734363
62,0.07091853052244795,0.07299903830309179,-0.3210122894896392
63,0.06290196031773479,0.052137433358780017,-0.3095061794630053
64,0.04948478734231501,0.03002697691993439,-0.30885659598372206
65,0.04602400916687198,0.01576117096301277,-0.3199932756662047
66,0.0553677300948122,0.011951909444791547,-0.34179411975344
67,0.06164503748907896,0.01810595315806207,-0.36942480036373115
68,0.05720937803896192,0.02767880270766032,-0.39574875722730984
69,0.05070697648404025,0.030897965023523488,-0.4123993236396428
70,0.05242777054888598,0.030890948953550934,-0.41158869803997233
71,0.06372888569681989,0.035102309827867995,-0.3902807715027272
72,0.07625380246136693,0.040731170373981884,-0.35044500473611717
73,0.08302937231343333,0.04171304204436507,-0.2956071932163884
74,0.08785119771692276,0.034403459990463764,-0.2295226521681577
75,0.09173021796055453,0.021980506484988005,-0.15620409420548292
76,0.0859855016363503,0.0130235714206422,-0.08018472847681576
77,0.07273286244184982,0.01331513663777581,-0.006527394646105467
78,0.06699218710434413,0.02100597705580043,0.061131063481000086
79,0.0749333232956517,0.026992964628709176,0.12158336085231242
80,0.08818956016122731,0.027752190624947104,0.17529684374203836
81,0.0966214660594662,0.026086122146960183,0.2244534056834493
82,0.0965353315392341,0.020106414343995127,0.2710973177032867
83,0.08679869565916865,0.007265294915512088,0.3151900683464003
84,0.07152108080744696,-0.009688384718548299,0.3561023800652523
85,0.06060659252322534,-0.02261935680602764,0.39339009617531717
86,0.060359700560985136,-0.022980211022474578,0.4245678228272818
87,0.07335980621852053,-0.013340518018207098,0.4472427518886166
88,0.09087966136614725,-0.005344555824764258,0.46260797096124695
89,0.09665475631154544,-0.00816483130528016,0.4720512683041831
90,0.09512348863606215,-0.020909505282810326,0.47540318039734997
91,0.09347288636972484,-0.029601370345687994,0.4722790855008059
92,0.07367573572494857,-0.030343642810222712,0.4627362464054361
93,0.03014398085609793,-0.03527989772232172,0.44948799898030534
94,-0.005141392693532698,-0.042022604829744126,0.4366565835106717
95,-0.005546896957912828,-0.04394891432835471,0.42639388280352497
96,0.01429973408208296,-0.04599099511548904,0.41971476533489893
97,0.027550878166527515,-0.04777141613234498,0.41733961647265483
98,0.028064689297792045,-0.045858248493517884,0.41849560594229107
99,0.019838101333070013,-0.04063768745116611,0.42112195914766626
100,0.01169672008832226,-0.03375879323143771,0.4233631187883511
101,0.013467216980709545,-0.023756675226039956,0.4239478257395839
102,0.023951324497318238,-0.009180090813710514,0.4223336674725946
103,0.04068769684910156,-0.0015945968388886116,0.41961557672450955
104,0.056454581641798285,-0.007837460148338943,0.4183989297841757
105,0.053930262974875076,-0.015912541728262994,0.421173539114746
106,0.03420946668212857,-0.021231735219337702,0.42777206449414673
107,0.018714477064844137,-0.028817431307717814,0.4353375916760107
108,0.011532725559463164,-0.03860823960432311,0.4415018324269129
109,0.0018462527983841293,-0.04694110535805031,0.44532103053488403
110,-0.007242583164522282,-0.046143639255155675,0.44587335100539627
111,-0.005589860942894487,-0.03024028070056589,0.4426594712169625
112,0.007535895672490328,-0.0036101587155741577,0.43666649619517783
113,0.019463787404328664,0.02015465442740269,0.4290280217771465
114,0.01735386059371108,0.02350865245101122,0.4194820281874483
115,0.005937884216683065,0.0011599983242194245,0.4076341742642804
116,-0.002316555841652246,-0.02635801506992555,0.3943957181229938
117,-0.0029929709452410774,-0.03537443858669889,0.3801466359709613
118,-0.00047652366165201743,-0.02471376865959224,0.3633409798498728
119,-0.00006557859905476082,-0.01299760267372102,0.34351329121118657
120,-0.003964964357758671,-0.018339175903390292,0.32258097315296663
121,-0.00820556815881443,-0.032587818211371467,0.3025998473736454
122,-0.00490588325659691,-0.031328125986054556,0.2847838940250471
123,0.000188986772009056,-0.014945641041715585,0.26845895052675506
124,-0.0054360068051673704,-0.003796136252596616,0.25256268298102746
125,-0.02258221015687105,-0.005020218503019425,0.2385638341577846
126,-0.03880166239019081,-0.007003344128604427,0.22729475013524036
127,-0.04369672224420311,0.002754164910795387,0.21605960535320012
128,-0.03908794816610664,0.011109908886535513,0.2024249989970901
129,-0.029770694370758133,0.00025482667777337875,0.1872046721928896
130,-0.0245877307397685,-0.017827714545916445,0.17182709746313307
131,-0.0328605871205066,-0.02951079795317385,0.15546052722657638
132,-0.05054846949157152,-0.04000766633784525,0.13702911448917032
133,-0.06644859257932706,-0.05292663174354384,0.11763087243030057
134,-0.07674897801453537,-0.06667189062303625,0.09821143595727055
135,-0.08113772849171852,-0.0771224717855451,0.07922735040645595
136,-0.07966765864594468,-0.07986357886248682,0.06279097713296125
137,-0.07565284755325052,-0.07818642173070674,0.05025548184230064
138,-0.07864767812322015,-0.07782607558126273,0.04133121224121174
139,-0.09900048814556317,-0.08104996538567105,0.035339159525069955
140,-0.13019751463670448,-0.09006018607010058,0.03125280612896614
141,-0.1494841328583083,-0.10462243652749009,0.028916709296187004
142,-0.14569822277877445,-0.11675058314011177,0.028386709198883447
143,-0.13310917322873797,-0.11830385985687325,0.029760621733436826
144,-0.1269669438095388,-0.11224834863920258,0.03372566633289356
145,-0.13155930581539685,-0.10944202586289997,0.040389549360483765
146,-0.1488714238886929,-0.1144780973442695,0.048917016484303855
147,-0.17191604351920337,-0.12232398910414449,0.05811897173377019
148,-0.18496332876811428,-0.12580840982711683,0.06705656246506289
149,-0.18369471543802118,-0.12298497548382725,0.07601451375460574
150,-0.17974135645364198,-0.1203409053063329,0.08613554136477997
151,-0.17928696951206502,-0.1215160788177973,0.09762605665017321
152,-0.17861616985143536,-0.12323217149173255,0.11041771273286183
153,-0.17131453296018506,-0.12643980304801578,0.12426281745245066
154,-0.14710716683894182,-0.1319672021749338,0.13761555637519224
155,-0.11413837878372662,-0.1388890176940611,0.1490001387800609
156,-0.10559902256272907,-0.14678930445684907,0.15842709764893964
157,-0.13221820394715483,-0.1501313094955838,0.16644578482017125
158,-0.16255666874717123,-0.1459717251795819,0.1729638150975627
159,-0.17329055886707034,-0.13762991604768948,0.1781931248934832
160,-0.17587415503199738,-0.1300800590179244,0.18352464085369885
161,-0.1849340281884302,-0.12610742684753512,0.1901394640193269
162,-0.1938402474572839,-0.12317054537564887,0.19824085182475204
163,-0.1871573005135826,-0.12270624028150806,0.20753649938305974
164,-0.16633003042757932,-0.12923879630982488,0.2179521527636782
165,-0.14836086019860928,-0.14054699008165855,0.23063566139067648
166,-0.14506304980873597,-0.1520896822282391,0.2463504465453875
167,-0.15163201519288028,-0.15881982841411313,0.2642193155069864
168,-0.15216598178924937,-0.15606452243600422,0.2830215638262569
169,-0.14261475964995315,-0.1495008536358946,0.30157553722682195
170,-0.13403763205603492,-0.1465050745566453,0.31878756107656625
171,-0.13059152612247,-0.1447627535317978,0.3334962007311745
172,-0.12794262033652704,-0.14314214581950668,0.34490979126029475
173,-0.12513402963712317,-0.1442118623613141,0.353127008955308
174,-0.12379675627419351,-0.14763645424371358,0.35804112370134344
175,-0.12187529566136279,-0.1480681270011981,0.3595037246651911
176,-0.11502564230963197,-0.1432321252957256,0.3573998003261257
177,-0.10083426251868013,-0.13879478066165507,0.3514111403583985
178,-0.08061250224816088,-0.13799784850364089,0.34241962774148427
179,-0.05751847803719817,-0.13576127683384426,0.33254902113624984
180,-0.03847701440255526,-0.12886763613608387,0.3234438170938204
181,-0.035546375839209166,-0.11990051023942871,0.3154728711406045
182,-0.04909800608060341,-0.11058201804416978,0.3083470154345296
183,-0.06875307514889584,-0.10240073227518953,0.3010231947354115
184,-0.08267611859589424,-0.09552812456689944,0.2918174996898889
185,-0.07567070399776507,-0.08850396892628551,0.2795079968311598
186,-0.04961041627425483,-0.08094783649655965,0.2631430394652875
187,-0.026194157150821185,-0.07397204231770571,0.243226746462058
188,-0.023351677779930163,-0.07035162517077682,0.2221539998638703
189,-0.03986282076042981,-0.07392614846362822,0.20177113395794966
190,-0.055835983061384264,-0.08408990987858472,0.18315763977715915
191,-0.05672336928492551,-0.09289158070676029,0.1665893978566414
192,-0.04441262926810663,-0.09418203581503154,0.15153266828921724
193,-0.03067447465375568,-0.0930476876720635,0.13752735653166853
194,-0.026924850362703312,-0.09688414035308696,0.12391041654655516
195,-0.028486547860785805,-0.10145766246411134,0.11022049570080716
196,-0.02671307770153497,-0.1016718508610325,0.09694701825018248
197,-0.023962479818629145,-0.10318813032380234,0.08445543632081093
198,-0.02447107596696424,-0.1103110227810731,0.07245503001223003
199,-0.027691274333289162,-0.12217739837089886,0.06071374032237323
200,-0.02808363626585339,-0.1387128715883763,0.048632509121089296
201,-0.026948732017661597,-0.15347115078092977,0.03633493214688635
202,-0.029347680958860103,-0.1598959623031042,0.025075071448988163
203,-0.032700168283678055,-0.16432200762838267,0.01519538580505686
204,-0.031629838803288624,-0.1692655405600335,0.006801892124128794
205,-0.030150283552833723,-0.16765693165701911,0.000858314265666002
206,-0.043986155025507734,-0.16395384784053568,-0.0025183920200570337
207,-0.06954307706477486,-0.16837246319440075,-0.004993056144129444
208,-0.08469244230519891,-0.1785215878720507,-0.008884397381832075
209,-0.08322912227086438,-0.18477053927320214,-0.015762410701182866
210,-0.07353444765021834,-0.18144438267299262,-0.025306901583458143
211,-0.058524952731814434,-0.17351486392966886,-0.03600611299482155
212,-0.04344482223610713,-0.16995451749435797,-0.04728924998686097
213,-0.03786977068462183,-0.1714700346026471,-0.059463704301490936
214,-0.036726306764921,-0.1738668175028556,-0.07185535583535022
215,-0.033800116655217205,-0.1729913379334313,-0.08295216216621706
216,-0.03157033443036347,-0.16758615273070748,-0.09196915843285908
217,-0.02956421207196834,-0.16490979802980554,-0.09911138896615179
218,-0.029682523901215382,-0.1694238341746807,-0.10534795957473825
219,-0.031318986792732,-0.17403266593234823,-0.11088485984904406
220,-0.028342241766809925,-0.17305401652908442,-0.11477769246411529
221,-0.02527889377530161,-0.16557405350367782,-0.11732620363129787
222,-0.02442758723875056,-0.15392939433248076,-0.11906126995338434
223,-0.0228062786112892,-0.14207483011619326,-0.11949730364665845
224,-0.029391462305493526,-0.13225223660971974,-0.1186382345563401
225,-0.04780498519310092,-0.12511954584716017,-0.11663962829611396
226,-0.06236955921749417,-0.11655897372978893,-0.11305055956332455
227,-0.06174108173910037,-0.10368982716477337,-0.10731876810787988
228,-0.05206114262618456,-0.09208188245312343,-0.09971857988826333
229,-0.03966091992410918,-0.08767829094230324,-0.09129778665213778
230,-0.02747596033848483,-0.08665941539199878,-0.08267871084164122
231,-0.019870517773688035,-0.08135294086110201,-0.07376089572597874
232,-0.01913002907267372,-0.07153685113706998,-0.06473260953859991
233,-0.025572425189680004,-0.06431009012080646,-0.05626962973438074
234,-0.035335367789372865,-0.06028616341342413,-0.04889027072480451
235,-0.03562480329973773,-0.05053250880299329,-0.04277274432993275
236,-0.023772738384097172,-0.0350580728905554,-0.036932892493647784
237,-0.017912086238456314,-0.02107192186113427,-0.028737429079625454
238,-0.01988981189565927,-0.011880384373899044,-0.016079091716255406
239,-0.017635951373792966,-0.010327118833302201,0.000723591298520676
240,-0.013820851925023359,-0.014431436770511827,0.020649389164760196
241,-0.00997518736157664,-0.016906466283358984,0.042372665073426546
242,-0.005449132945755164,-0.0145439654102133,0.06280691905942615
243,-0.005094397353595695,-0.013052585705539022,0.07950449774543905
244,-0.008174439223582887,-0.021238133895213424,0.09273234896986188
245,-0.011398187025482738,-0.03415677156876967,0.1041205284729983
246,-0.017403420102370115,-0.03508320138114868,0.11446692505184852
247,-0.025709882513568177,-0.01879260849373969,0.12304323703387665
248,-0.03038721487865491,-0.0011071555037353645,0.12991503330199783
249,-0.03041388811011346,0.0014849912593573322,0.13602838909625636
250,-0.02705065368304929,-0.00913155103742011,0.1412425734256117
251,-0.026484077466098987,-0.022462148813150347,0.14539195043738867
252,-0.03307083766842675,-0.03230071892076656,0.14897961863058373
253,-0.03769828212668805,-0.03914211618731056,0.15182199186129808
254,-0.03854441840843706,-0.042961916066042244,0.1537097630132585
255,-0.04680566014961689,-0.036468580954492014,0.15537534028670713
0,-0.061221354561154705,-0.02464029142503496,0.15664027821006404
1,-0.06519481165459753,-0.02569265142285118,0.15667481288939356
2,-0.056360955607685996,-0.033991235180823226,0.15592252594594386
3,-0.05218919221088106,-0.033066409381326184,0.15520731776189484
4,-0.0577052563329159,-0.027247212437754534,0.15452850635340465
5,-0.06295748364437637,-0.023709404879150325,0.15313821696811003
6,-0.06551956713785717,-0.020930804706212454,0.15095375867173588
7,-0.0679402218644955,-0.01995610112698877,0.14859415612484517
8,-0.06894773353987055,-0.021286333670516078,0.14622158390828222
9,-0.07153997853333102,-0.01887393507964316,0.143845910396856
10,-0.08097020726854505,-0.011432060879129402,0.14135651988205145
11,-0.09200268790443411,-0.00402010960920568,0.13846300389521687
12,-0.09939500714124888,0.0025369787038549696,0.13446926500574718
13,-0.10520448980905411,0.009027799421973098,0.12902783236430942
14,-0.1094419505042683,0.01646221593347852,0.12382329671061343
15,-0.11311235798093028,0.026726099045309953,0.12065989414514472
16,-0.11637515440366575,0.03818003756855262,0.11944458547680853
17,-0.11367392242519697,0.047682617884573744,0.11991748052020679
18,-0.10413092103192484,0.05226046948725771,0.12186532141601197
19,-0.09376151763802512,0.052539219186985064,0.12452637977189446
20,-0.0893470880894769,0.054516157807975474,0.12768574327050808
21,-0.09169306524396006,0.061505517680479266,0.13120581529947822
22,-0.0947352984939883,0.07061353485307878,0.1340907498075165
23,-0.09543812533671103,0.07784419158481604,0.13489074126538347
24,-0.09890070453689936,0.08445607937872646,0.13299481742366231
25,-0.11125531671532385,0.09396350459045122,0.12864637093943704
26,-0.12877129047418617,0.10485334374599148,0.12004653185785341
27,-0.1417290916496502,0.11216912035441051,0.10351812081137807
28,-0.1479454496696942,0.11452234106245812,0.07755449707615747
29,-0.14999578162827454,0.11820117765669858,0.04369509389473575
30,-0.14483152714755376,0.12774424142947416,0.004796746162465754
31,-0.1305834760261163,0.13624269885494178,-0.036412194838648215
32,-0.11223680778925627,0.13423698588905247,-0.07816050833952881
33,-0.09387100009982535,0.1239073087123892,-0.11852829021920874
34,-0.0787573938972676,0.11445125021499564,-0.15538126236572086
35,-0.07244776662330482,0.10806032987677167,-0.18731129540459357
36,-0.0835320185336304,0.1027807718665284,-0.21293043180128768
37,-0.11330988440937759,0.09669433162441865,-0.23089520317143597
38,-0.13330999399506893,0.0893287887720208,-0.24121736600582022
39,-0.11794881921039799,0.0857504054412761,-0.2453296844747358
40,-0.08793056519540904,0.08516297778892995,-0.24517577823793213
41,-0.07183991274144591,0.08370220258004518,-0.24280195455010378
42,-0.07126625382638208,0.08367544961923434,-0.23974141337954247
43,-0.07820140528437597,0.08533826717616955,-0.23680047124416603
44,-0.08336272454848026,0.08548347156139297,-0.23449937048127878
45,-0.07863997596149522,0.08057660427868335,-0.23240380929660742
46,-0.06695719368988151,0.07344515043913319,-0.22928983174610695
47,-0.055921483960526736,0.0672855696444285,-0.22481531369944485
48,-0.04759672869133261,0.05610874308173788,-0.21857099203033725
49,-0.040766486034142194,0.04076693708523439,-0.20985983774116912
50,-0.03783075543582198,0.0279450929618892,-0.19917536071092368
51,-0.040294160113591715,0.017164845212488018,-0.18764840192967291
52,-0.04575866251554628,0.009230691989635983,-0.17574335374801264
53,-0.05237365067581917,0.007731567861907795,-0.16276970216134218
54,-0.055436555583972785,0.011701898367051877,-0.14806080631598678
55,-0.04995656097739486,0.01697092207657662,-0.13174285772777167
56,-0.037799714406552436,0.023732920083148715,-0.11348226097904013
57,-0.024788618873275547,0.028946295036901756,-0.09193760834984327
58,-0.015194195103073377,0.028010812055584852,-0.06635106802638363
59,-0.009067050187098712,0.025447384879757076,-0.03817183599128024
60,-0.004789610359707,0.022350250193468785,-0.01079596283871409
61,-0.0034338099490311136,0.015602105640465824,0.013301921117677612
62,-0.002405164510303051,0.006893006618836114,0.03293012749167479
63,0.0013035694339966208,0.002463094903208382,0.04638139700470548
64,0.0008773444764908767,0.0060244331533423415,0.052219214753376014
65,-0.007752802663251068,0.013643827609343653,0.04886109900484553
66,-0.0116734930454694,0.020047676785858955,0.032242362424490495
67,0.0006876161179365653,0.023641966913293434,-0.001977529886050544
68,0.02385082979894594,0.02528737648217,-0.051702221610934435
69,0.04853102178365809,0.024998293936169425,-0.1088528615798303
70,0.06395110517080647,0.022122479869807893,-0.16515256296707276
71,0.06115331399897453,0.01654564535292269,-0.2156046216615426
72,0.04731944223480469,0.009639627815240026,-0.25937012725027264
73,0.03415242493612161,0.006443255841744239,-0.2963844079028062
74,0.027167669606646294,0.009609379581421107,-0.32526261796658984
75,0.02602613738986348,0.014994966403390549,-0.34259854450936933
76,0.02003902848992531,0.020263190790485705,-0.3439541467871443
77,0.0055872567522500804,0.024295643747293857,-0.3286939916062127
78,-0.007737703251417843,0.024363346774644162,-0.30010534540118494
79,-0.00878505953484865,0.02231445979676093,-0.2629882754664965
80,0.008046058281183488,0.022107705696587487,-0.22271705613231163
81,0.025194017702661498,0.024726242494592293,-0.1835381188266827
82,0.0203035495558766,0.0272473376425795,-0.14850882156614476
83,0.0033749552218835244,0.02364758755243712,-0.1194712548303426
84,-0.001648389555374108,0.015664359897116786,-0.09616389270322379
85,0.00843854085496254,0.01506943507647221,-0.0771889337507114
86,0.024666238719560862,0.025666005535599806,-0.0614585492503332
87,0.0372750574400134,0.039198406686208054,-0.04765027354180329
88,0.03452687928866355,0.043777325177140836,-0.03397505433205392
89,0.019822292295974125,0.0384805765130265,-0.01915766099867125
90,0.005542200127382657,0.03465596065675258,-0.002677072743805381
91,-0.0036454986044379967,0.03590535056526173,0.014981301623370608
92,-0.004701333983706091,0.04005992925516777,0.032916920117301185
93,0.003205955256106688,0.04515095443392497,0.050726531162719635
94,0.015096393862364249,0.0474871328295178,0.06828577561018884
95,0.025819272471774873,0.04713662813895385,0.08552148144154148
96,0.034763538600893165,0.04940784902175571,0.10260551922172378
97,0.04120304710655923,0.053200409654401884,0.11978003456874553
98,0.04312977184234162,0.05316588133386947,0.1370802821106527
99,0.039245031254779586,0.053488603586746175,0.15423543471324552
100,0.029737352250695452,0.05771122624170455,0.17032541577098714
101,0.01574567257154149,0.06378576371368738,0.18505171506604096
102,0.002554564917835095,0.06666886571522163,0.19855295365695486
103,-0.0011256887339231858,0.06472419285533915,0.20983238859991682
104,0.006184147988390842,0.06390404510305137,0.21780643273480738
105,0.019572814714814958,0.06514022095138292,0.2226527737316394
106,0.031219766269766178,0.06675088373410132,0.22515212532822948
107,0.03769945622477912,0.06776329163932061,0.22605129019217451
108,0.041659272816851084,0.06460474703798652,0.22784418185762012
109,0.04341356282495201,0.0556902538063436,0.23461675895890788
110,0.04403427110229999,0.04135092154148401,0.24843595508600902
111,0.04196213348928218,0.025872745045864065,0.26622701292256323
112,0.03469124611311725,0.017791416315921793,0.2816067921373371
113,0.023890659253171964,0.02315822840924947,0.291435473957399
114,0.012992823452938035,0.03806817797612291,0.29756521140211645
115,0.004555269607764062,0.0510267982394485,0.3021849733877251
116,-0.004086468795673592,0.057689676557382275,0.30503445810711083
117,-0.013158804015923814,0.06108026875726788,0.3047099260892455
118,-0.019612398426211264,0.06430178523179617,0.30074099636396956
119,-0.0233522641127836,0.07101297542738394,0.29394187614781
120,-0.02596108804926138,0.08131230145979057,0.28462438300628357
121,-0.02514311286523163,0.08893183470361798,0.27242114323284794
122,-0.016155480328841745,0.08821558179006883,0.2580884433643863
123,-0.006865347822966883,0.07721417731270958,0.24373985959408873
124,-0.005691061074522857,0.06025050607629545,0.23120570917365812
125,-0.008485882937892555,0.050462650777405804,0.2202856706806967
126,-0.015947577589201678,0.053529502773159515,0.20909068383100482
127,-0.029441343324081326,0.05839985092190417,0.19505622613799145
128,-0.038572894559073034,0.057482440794469875,0.17660224757134013
129,-0.03494802486974152,0.05791783797819969,0.15487017449316853
130,-0.025525789199074167,0.06341615844790977,0.13304960549689038
131,-0.022204627575441505,0.06714028199269628,0.11373899273289356
132,-0.029651209112678337,0.06856486888972085,0.09820261066127278
133,-0.036407191455002416,0.0712310174934776,0.08729179090361938
134,-0.029114227659347,0.07175241718714553,0.07989776620963876
135,-0.015974124478533802,0.06961153253284313,0.07384255281674407
136,-0.007742518672116394,0.06889703349681989,0.06867362241001865
137,-0.0034437930542810524,0.068025479483172,0.0647713484369705
138,-0.002522794981057619,0.06510998346571882,0.06135235451847554
139,-0.004649319498201743,0.06267718545859466,0.056729431370915046
140,-0.0076950692165066725,0.0606511309436068,0.05067626228250588
141,-0.014237328697057988,0.06005666778364077,0.04369357800250259
142,-0.020712890062960496,0.0628691697037877,0.035434463738855775
143,-0.016050716159007355,0.06828774947594834,0.02589074652213609
144,0.0004199987124848259,0.07576272959565994,0.014752467779802839
145,0.018067151580776153,0.08225904857899996,0.0019493227833906057
146,0.02594282097483913,0.08531419060885798,-0.010445574803792074
147,0.024797608066350646,0.08277788393353883,-0.020976192156514264
148,0.02209910195927936,0.07394627537265194,-0.030747290655708803
149,0.01973391093241661,0.06893702676139069,-0.040177798857861075
150,0.018240662973226074,0.07530616577939198,-0.048577698781265194
151,0.017811910294872807,0.08477843950556896,-0.056199313259163
152,0.012697811156325706,0.08810819160708583,-0.06410958872930841
153,0.007227628121650759,0.08699862968786093,-0.07298161803627104
154,0.013364881340886314,0.0867575772671014,-0.081937103384602
155,0.022810412188078083,0.08691095962243084,-0.09018090994470879
156,0.02535760191106584,0.08515870721625105,-0.09857004014091184
157,0.023989355469796858,0.0804679744496655,-0.1081076088841976
158,0.02071031189023935,0.07414508515256384,-0.119350799142425
159,0.014241687351339877,0.06964649390706357,-0.13239822291119446
160,0.006065736542675476,0.0656334136805804,-0.14633995684277162
161,0.0032461996686473094,0.0630513958605961,-0.15999080192648185
162,0.014048720273269588,0.06742740127344005,-0.17303945997295944
163,0.03428035626707006,0.07697612836445977,-0.18525453140992132
164,0.04560054447366382,0.08203598810936223,-0.1949609543208773
165,0.0435526752223265,0.0796816222898804,-0.20087119330223857
166,0.034242668205125365,0.07709638313844472,-0.20352675967104567
167,0.01763227460421067,0.0768474630842017,-0.2035467386595996
168,0.003750085822527116,0.07764826808162495,-0.20162021019280219
169,0.007963363740933482,0.08033882121511698,-0.19933304788641526
170,0.02441016644487909,0.08261072226170418,-0.19817398158850685
171,0.03434864022124384,0.08352076802476222,-0.19847032694081712
172,0.03166079305834224,0.08445256909727189,-0.19927017224048615
173,0.025519305978964,0.08426828539313036,-0.20010294844855558
174,0.026279792028791632,0.08177031365629372,-0.20164549392724446
175,0.03363065006984654,0.07756220727122948,-0.2039271974189949
176,0.04074792114936651,0.0738156645593274,-0.20723721408662338
177,0.04168626178545372,0.07175976800377573,-0.2125314393828942
178,0.04023982062516046,0.07171917230261379,-0.21927043106386057
179,0.048172150753863385,0.07414487905822259,-0.22638777691583578
180,0.06359234606041309,0.0797359806785149,-0.2335205846312498
181,0.06902347547939935,0.08556813025748627,-0.240134762531532
182,0.06130050401102005,0.08640283064505311,-0.2461081652447139
183,0.055869676477341604,0.08501878897904336,-0.25249629856151856
184,0.05691692823511973,0.08529042897572525,-0.2598648249086799
185,0.054566546205795555,0.08314876384549426,-0.2678302727848284
186,0.044910492513141206,0.0804337910661177,-0.2769990058106565
187,0.04050233179797392,0.08202400933274541,-0.28853984914421527
188,0.05080321802772379,0.08522136465590333,-0.3023372753530287
189,0.06445668948638822,0.0883043944217563,-0.31702045145333313
190,0.0705189417372975,0.09160241168646549,-0.3310560638017822
191,0.06976512633217663,0.09419245045167168,-0.34397091392437695
192,0.06665892947463417,0.09395454432272665,-0.35623062983974163
193,0.06585744274154884,0.08821295448235228,-0.36823043607650596
194,0.0677354791452173,0.0787383237187777,-0.37957203177302046
195,0.06913172773378651,0.07304521300924767,-0.38840783273758506
196,0.06975248623584596,0.07232272037165056,-0.3927498563956082
197,0.07070991078850725,0.07178629566093839,-0.3933112743383924
198,0.07042141636735033,0.07254928163559939,-0.3933663657941131
199,0.0686684652942533,0.07380057749544466,-0.39547993023364447
200,0.06619901234566117,0.07084278162048724,-0.4005147994124698
201,0.06515198085987378,0.06740558647931905,-0.4077525731013938
202,0.07062469188247819,0.06791570229940641,-0.4149273576761725
203,0.0785993325431735,0.06937145562001984,-0.4199052639575971
204,0.07888311690433397,0.07029707588605771,-0.42171573075769864
205,0.07386835826611071,0.07162854030115659,-0.42101388444496823
206,0.07009456574453654,0.07326449232463011,-0.41963364905691747
207,0.0641525739806584,0.07361424255058482,-0.4195323621219822
208,0.05724540812013609,0.07131172581243932,-0.4221458518937058
209,0.057549610264836876,0.06826203085334387,-0.42721457893610837
210,0.06213872510786295,0.06629252104121452,-0.432340609478024
211,0.061404810735679355,0.06482126339041971,-0.43545787571349637
212,0.05443132079034291,0.061252217894691985,-0.4370056990974478
213,0.04737229425153605,0.05347343075025729,-0.4384624900852965
214,0.046457543988290384,0.04539211586988037,-0.4407388001739201
215,0.052780876472215174,0.042165642403219926,-0.4439887525754762
216,0.058299934924536806,0.041287274031850785,-0.44759296428210527
217,0.05600336507148049,0.038814945461171556,-0.4509356541623364
218,0.05035890084179087,0.036262368522320405,-0.4545083846889604
219,0.049112988061856544,0.03654251966236857,-0.4590118423688563
220,0.050151870823117506,0.0398178517271823,-0.4644643091577625
221,0.04715723457776294,0.04406080024865583,-0.4705816428936711
222,0.04703723429839504,0.047675940060990185,-0.4771327777320631
223,0.05558224323603993,0.04944647951801864,-0.4844858366199405
224,0.06155603159193093,0.04854274261451272,-0.49287109997870937
225,0.05820814953601333,0.04383509441832257,-0.5014846975210727
226,0.052300207618894895,0.0376783949493598,-0.5092142994028017
227,0.05070999066955753,0.03360006656791027,-0.5155641732555283
228,0.05220443404512487,0.03018712989878185,-0.5203961516620863
229,0.04826692573764935,0.02696862408392614,-0.5239143305655902
230,0.03997456147188563,0.026492106810536348,-0.5266038974033942
231,0.03801683301967501,0.03020071997000076,-0.5288737243711279
232,0.03825736209540387,0.03317954411484805,-0.5314750859128141
233,0.03378445323650261,0.03094303357326139,-0.5342676337756966
234,0.03232000573280387,0.028312799650999143,-0.5362770922751545
235,0.036213674304860666,0.02912540129923388,-0.5379633123774412
236,0.038462981485122644,0.030289551362799715,-0.5403614729828441
237,0.03906187190584644,0.027691083889242615,-0.5431915628047974
238,0.04361687890925131,0.022170307980157122,-0.5451706570624368
239,0.05145004110011292,0.020984258548463447,-0.5452390877939068
240,0.05751395134181381,0.026562989763637954,-0.542960899189173
241,0.0591774013035368,0.029223447599456345,-0.5386703298201003
242,0.05699797556667932,0.023772142991460216,-0.5337937386908802
243,0.0530333917432472,0.017746150468420374,-0.5296343836031381
244,0.046454486447129045,0.013614882064503273,-0.5266170277683713
245,0.03618299901774081,0.00971543977546202,-0.524651990911112
246,0.027351998290092883,0.012243887353000853,-0.5233550861620129
247,0.026712603112743004,0.020956545548198736,-0.5234142741850882
248,0.03152920672223686,0.024889018195117886,-0.5259649679629697
249,0.038023031734032764,0.02360409375001528,-0.530196705612084
250,0.047026800573212374,0.02695989287867319,-0.5343628841946382
251,0.0544243072062052,0.0337912783924641,-0.5375368934324602
252,0.0578201333266552,0.03663266195496592,-0.539480078323171
253,0.05986212760495718,0.034747523640314776,-0.540619100215411
254,0.06170692530574459,0.0300574446052555,-0.5415261819844448
255,0.06116333182902853,0.02410241725046583,-0.5419024604177185
0,0.055022571014448074,0.019481347229995893,-0.5416002839893199
1,0.047504985744891454,0.015009561860120764,-0.5415708047888659
2,0.04365240418362576,0.010169698466027978,-0.5421528586635755
3,0.041892774526149354,0.00963744371994324,-0.5426574667859352
4,0.0406927645267067,0.012206899063948222,-0.543332584291842
5,0.03857150423386803,0.017476194190838748,-0.544967498929851
6,0.03663566289762411,0.025797588272545455,-0.5470010112387613
7,0.03720256217816781,0.03192068834339028,-0.5484228623640997
8,0.03755579948212441,0.03539420834586604,-0.5487676749181283
9,0.03670522659648881,0.03909680429259882,-0.5475381977589979
10,0.03960421314388157,0.04192769724935941,-0.5442083346536633
11,0.0438191269928106,0.04033391480067301,-0.5387337111650154
12,0.042114799471845654,0.03292976657405243,-0.5316734396163889
13,0.0390338236405396,0.02116709805082863,-0.5240253003782764
14,0.04055904188915686,0.010627805270066695,-0.5169607706279027
15,0.04203488333665238,0.007979994892355749,-0.5111727989237593
16,0.03979978610995562,0.01067174949647393,-0.5071571219347755
17,0.03791153216894885,0.012190343778844145,-0.5052276924892256
18,0.0372878437501251,0.012889818872260064,-0.5049330967562271
19,0.03507674125101183,0.013694498398697904,-0.5053811244259705
20,0.035742229173698514,0.012152629807120837,-0.5056719778464898
21,0.042072329752611756,0.009691345724697646,-0.5048554886842793
22,0.046577948185432094,0.00942665927742925,-0.5019846225317675
23,0.04904054058010811,0.009482635312548837,-0.4973736226907399
24,0.0565219684814971,0.007124635203882956,-0.4923513581804848
25,0.0645621818833183,0.004170307876688283,-0.4873592942248639
26,0.0646639236177659,0.00277515848854637,-0.4822223245330508
27,0.05526715552743078,0.0019404065463927908,-0.4779263545341752
28,0.041843761558479575,0.0021003465973129312,-0.4764910707080756
29,0.03616295400791458,0.006332172721782887,-0.4778309690497755
30,0.03831255456743185,0.014970797969826644,-0.47932883639806523
31,0.036994337513510805,0.021665034491251532,-0.4795140645104321
32,0.03080494288821821,0.02181057922546535,-0.47862500840987576
33,0.026346055342207297,0.017188260225852514,-0.47693385192949544
34,0.026368334235418338,0.010339793774078315,-0.47488782849272804
35,0.029820883669690948,0.005783843092405913,-0.4722306935650231
36,0.03589902116791763,0.005303689464075861,-0.4680717107704919
37,0.04230408462191783,0.003549488987642041,-0.46284803201550195
38,0.047390401802494014,-0.001242343697074516,-0.4574488558991199
39,0.04956638547067874,-0.002403935216273731,-0.45237903199075413
40,0.04744093988840739,0.0033241514024100194,-0.44839574885546596
41,0.047245954489399805,0.010690811045405743,-0.4458231342460335
42,0.05371884781442127,0.015090544837460612,-0.4442629945642931
43,0.058501716563605664,0.01770801813280036,-0.44345459913595353
44,0.054797034421843416,0.022252420056262545,-0.44343884198756545
45,0.04724174589955438,0.025941088786384514,-0.44363581038671707
46,0.04029974089781453,0.023275649875043408,-0.44289838094399414
47,0.03814237217725949,0.01792661199678841,-0.4403639058900739
48,0.04017680519032216,0.015731327231229567,-0.4356947181638531
49,0.03552865364787436,0.0182959078619978,-0.4296856758418415
50,0.028520375933595465,0.024378951664860267,-0.42464860564778917
51,0.031592035018147724,0.030031042301101506,-0.4227050144515401
52,0.03819376531829515,0.03270002286820748,-0.4236472835420617
53,0.04173334185073541,0.0326094296965635,-0.4260865236275164
54,0.04218560766622847,0.029971506832812772,-0.42958149375218646
55,0.03892826450692738,0.023565854179642826,-0.4338423433029279
56,0.03718665639574764,0.015213901467433122,-0.43799821999301947
57,0.04086083722757833,0.01001399697709493,-0.4417455376466837
58,0.045544046187729725,0.008970828090060542,-0.44500695817654745
59,0.04671514810416533,0.009246677332751863,-0.44673878814741164
60,0.047278564738408746,0.0075478329524784615,-0.44599191959514073
61,0.0506488030236395,0.004999660154796248,-0.4428422706170392
62,0.051827522718111314,0.00914375314234711,-0.437851561764085
63,0.04420036575865257,0.018241550808699797,-0.43247687771770216
64,0.02894070515701473,0.02218091529420127,-0.4283080356318387
65,0.014219372093857409,0.019572292019080395,-0.42580876151117875
66,0.010672401450095195,0.014545260177907554,-0.42447428235360096
67,0.02044230336300097,0.009687112814283222,-0.42346224492169227
68,0.033724857012206816,0.005706360602077978,-0.4219902860102944
69,0.041083651600208444,0.006504072802575311,-0.4192962728133276
70,0.042947720332253206,0.00982903776865629,-0.4153897639229751
71,0.04675299313917306,0.006496912584115333,-0.4109106924262875
72,0.052157103243023875,-0.00009466921281997553,-0.40659742333720095
73,0.0485679858429105,-0.0032541592919018425,-0.4027521988833105
74,0.03694100058867539,-0.00320833923499092,-0.39929927601127857
75,0.030444914641625742,-0.0014622660982022695,-0.39622284863011403
76,0.030888526625392126,0.000439810797776663,-0.39333105508451394
77,0.028135124283567084,0.0018743523508741866,-0.3901943379001801
78,0.019382357915154788,0.004334300815866235,-0.3859364581691911
79,0.013529264682287073,0.00808806054678389,-0.38040960816273806
80,0.01542456232776332,0.009661025935845391,-0.3743563839047499
81,0.021101166100073704,0.008424273696962803,-0.36860848786667155
82,0.023790776034292846,0.008582870437525592,-0.3640640967990917
83,0.01872553069894055,0.013589327963685616,-0.36088025930252976
84,0.01254742162576375,0.018238363709463357,-0.3582910142068877
85,0.016448445578543164,0.01610218312403186,-0.35519140680747674
86,0.026720240057233252,0.012308350261704737,-0.35056912317298894
87,0.03050845446546517,0.008759071199803486,-0.34367289786106237
88,0.029759399836062232,-0.0029857723528933233,-0.3355467855318153
89,0.03473314699494889,-0.023379516429311548,-0.32880552672741503
90,0.04151454041972247,-0.04084456700063621,-0.3251859743737887
91,0.037093705397193956,-0.04353276583080426,-0.3248672654072896
92,0.01933809974176899,-0.03157002339767917,-0.3264097769843727
93,0.0010789761200855896,-0.019554580085603457,-0.32861151241852415
94,-0.0074804523136917656,-0.016280301124928453,-0.3313598943113709
95,-0.005186296484221309,-0.01326789999316616,-0.33436816197255204
96,0.0065890442315049425,-0.0036728506529448285,-0.3363082013416252
97,0.020638805014415895,0.005177587763703029,-0.3351118884053269
98,0.026647720862040036,0.006152679581815618,-0.3307366696694445
99,0.025838479604441106,0.0006729960935527857,-0.32541204219277386
100,0.02570026838082,-0.005081205430148644,-0.3212036236492658
101,0.028391463230515473,-0.0064537559639902264,-0.3187768419263556
102,0.03209634444151782,-0.007274980906999157,-0.31682314729025296
103,0.030378252614119694,-0.00818122962953155,-0.31319040886355565
104,0.02308854528470533,-0.00658202497652563,-0.30757651441576683
105,0.019010569930666354,-0.008009941487453279,-0.3017820437905364
106,0.016454116485412285,-0.011052208617925982,-0.297864897423895
107,0.010248711256371612,-0.005664350678880131,-0.2972495469039391
108,0.006717861063645386,0.005110903054708377,-0.299581277106978
109,0.009379204352651244,0.01039416111010423,-0.3029610701369244
110,0.018069494412236403,0.011134136072590908,-0.3054350063261807
111,0.031326870974377446,0.012425740406563912,-0.3056400693522827
112,0.04122976149045897,0.013507270865260629,-0.3036002646212491
113,0.04450660185075056,0.013349368643850557,-0.30048862280642563
114,0.043599278738974734,0.010427636681796332,-0.29698792852353384
115,0.03871887645854383,0.005585212291153149,-0.2929177073751733
116,0.031218046232228625,0.003991636107214883,-0.28895513657096283
117,0.023973271191727957,0.005750447403228887,-0.28652333163149624
118,0.017661293481716023,0.007181578464469512,-0.2866170563741114
119,0.014401881261641325,0.009541092266524581,-0.28932671828499734
120,0.011748755772598818,0.013516748548373966,-0.29318837423044264
121,0.005363325190237189,0.01639106160532991,-0.29592163474525024
122,0.0019213657484319635,0.015362243516495344,-0.29651300945434944
123,0.007427811246199789,0.007504633087462409,-0.2960998478756327
124,0.017449315193510118,-0.004415995432795805,-0.29549650700145214
125,0.028088442823518855,-0.01116207001926306,-0.29440614576639146
126,0.03803914134243716,-0.007999455511135747,-0.293212789496505
127,0.03962439266004961,-0.000522847771865384,-0.2922921517763316
128,0.026184677583610358,0.003248442812742988,-0.29172406397597817
129,0.007407284227055624,0.0025914904365669095,-0.29173887451285285
130,-0.0010506604036614187,0.00014622787690336814,-0.29160210215292826
131,0.003992991505264887,-0.00461321408299073,-0.29044896978977286
132,0.01156303342300509,-0.010270121846268174,-0.28882265889724135
133,0.012883343451608034,-0.015795715203989064,-0.2871769594495964
134,0.01094500223857113,-0.0210770873966748,-0.28526995083935114
135,0.008437108208925584,-0.024656995755591604,-0.2832203093237199
136,0.009621876128309989,-0.0270356801418684,-0.28153346324340056
137,0.01599321307967451,-0.025549508603419487,-0.28085967877521756
138,0.01830470234513365,-0.019609210137524563,-0.28165125245564304
139,0.012084782649149264,-0.01561386349432703,-0.28373898872779146
140,0.004962621642666032,-0.01811520339084907,-0.2858940066321747
141,0.0029488008624544496,-0.026905474749804592,-0.28704954816457495
142,0.005245203068523573,-0.0369616824047025,-0.28767393576746947
143,0.013823379096442864,-0.042189853603677684,-0.28865944502433327
144,0.024263732446291535,-0.041897007043585774,-0.2898569130114468
145,0.023736533419378522,-0.03935235886629835,-0.29022261268788085
146,0.011334441281388954,-0.037503749310634285,-0.28966651369897656
147,-0.0035023564901290466,-0.03698269391329709,-0.2894528118491523
148,-0.008705572925318178,-0.03703414419459164,-0.2901609367795769
149,0.00208418154901778,-0.0341674754471919,-0.2909820450166487
150,0.012681952007367589,-0.028674841183408267,-0.2921506423538114
151,0.008826078481212932,-0.025726438508942823,-0.2950199418943923
152,0.0029241168927641448,-0.023941192157875366,-0.2986616522054125
153,0.0036268454644713954,-0.023549086981928966,-0.3001600235154581
154,0.0023597709698272573,-0.026119266592253443,-0.2982360962709171
155,-0.002370848939205361,-0.025593768545606924,-0.2943299819803238
156,-0.0026319606869836254,-0.023748057528549964,-0.29045654099096707
157,0.00004437906950446879,-0.027963805577488135,-0.2876477404992017
158,-0.001567404013624915,-0.03229852506627298,-0.28588462468205933
159,-0.005499217078218974,-0.02942302395580379,-0.2842493504842757
160,-0.006724286389018175,-0.023811358097379,-0.28249177446781504
161,-0.005008875714481303,-0.021477935723472646,-0.281689290038006
162,-0.00265277278209905,-0.020487295221720825,-0.28211509671805857
163,-0.001055210186316935,-0.015308581288697456,-0.28317003763451576
164,0.0034532244641743842,-0.008089660521872488,-0.28448372549559486
165,0.015241284937876992,-0.004974417075147897,-0.2858628570544782
166,0.028565299127751076,-0.005023535557309833,-0.2881231259862873
167,0.03282668214780013,-0.0031500111289571933,-0.2922567952014844
168,0.02651470811947687,0.0014059034126227277,-0.2975226959325623
169,0.014539268669779074,0.00551172115083777,-0.30183592206282706
170,0.0033544628535836646,0.00943665080080594,-0.3034774870190623
171,0.0012660835530939052,0.013712363087824156,-0.30231301487109064
172,0.00709489442224176,0.01580784609968512,-0.29945315816749574
173,0.012694712211646322,0.01633496006997681,-0.29682811382880947
174,0.01728055293187565,0.018014205254455046,-0.29606434052830155
175,0.022631981379189064,0.021239059117893477,-0.2968978328930385
176,0.028607377557458666,0.02267572811564378,-0.29779022039513914
177,0.03131014622051692,0.021803120677540866,-0.2974231113954211
178,0.026084798878615145,0.020817568962533367,-0.29579795511135754
179,0.018961896280192764,0.017167392003020476,-0.2938008822081132
180,0.020073332467229865,0.009808528009157894,-0.29228416444223304
181,0.028330477135744908,0.0035990706808398942,-0.2922568398024463
182,0.03381132330195272,0.0029678661222142175,-0.2940353242115108
183,0.03241217394066463,0.003978177802808382,-0.2962817173772885
184,0.029300166362302732,0.002477136813552272,-0.2967322599395984
185,0.026571210774922874,0.003502727059064792,-0.2938068192400374
186,0.02369471627292344,0.009078395080208163,-0.287780727086278
187,0.023355219536692867,0.013653234649919091,-0.27915027219166455
188,0.026118383355080876,0.014431669070871844,-0.26696989054318654
189,0.03016357945279108,0.01426178772187281,-0.2506143466160927
190,0.03595689507472713,0.013962219929079436,-0.23096942517355923
191,0.04303685999115878,0.011335901713971391,-0.2094647137687008
192,0.04284431273374159,0.010080224453790067,-0.18837423186479685
193,0.033867197945773135,0.012062956934003374,-0.1710514553891207
194,0.024018422077518253,0.011206313926103023,-0.15989561014427778
195,0.01923679335826553,0.007188260636380242,-0.15647937259296468
196,0.024199674243250563,0.0048114937703499505,-0.16254180777644583
197,0.034623492222925156,0.004508047768791872,-0.1795808427754148
198,0.04022207116079535,0.002587084709616938,-0.21107843169023294
199,0.03706594496502619,0.00011909840038665243,-0.2599258894340192
200,0.03441835374864016,-0.0011633968851656323,-0.3218152844905926
201,0.03737049901035867,-0.005703803889056253,-0.38678171135237194
202,0.03462791949950121,-0.010880728886747182,-0.4452683581882284
203,0.026375245003247248,-0.011893654418962119,-0.4921304883444946
204,0.019691655487914603,-0.011647598381546345,-0.5262326828064956
205,0.0164690320137076,-0.012961327039340137,-0.5478928782314068
206,0.021162395523899466,-0.014757583869998384,-0.557137427608988
207,0.026636940290293787,-0.017384420232388204,-0.552484360774153
208,0.023851564806206385,-0.020613858932684775,-0.5323864384325725
209,0.015843289904430916,-0.018143781534737696,-0.49881258124677363
210,0.014496157890901598,-0.009918537016882278,-0.45765032543278084
211,0.024213520897023853,-0.004200376725664881,-0.4143515362546455
212,0.02766918658083417,-0.003076789703486106,-0.37247587493712386
213,0.01612195949748213,-0.004546476952401193,-0.3350606480961814
214,0.0038800159988017988,-0.008300836391931701,-0.30295377371658516
215,-0.0025274932114452073,-0.010115318070633608,-0.27470780486935475
216,-0.013020251191002932,-0.006765586998831646,-0.24919466166284276
217,-0.023836261876476583,-0.0031789164456424712,-0.22588881568641594
218,-0.01635708454680783,-0.0018189864132095446,-0.20439138030465476
219,0.0041974235383591685,0.0004426977425319445,-0.1846157266497378
220,0.011994249739693208,0.003280084720234888,-0.1670548301993136
221,0.001796611540394899,0.004466392677337519,-0.1532318671821083
222,-0.009052830361102174,0.004746535040313596,-0.1439318595265333
223,-0.006171639645890348,0.007752865800561212,-0.13866913297577976
224,0.010459201932295645,0.013589989381815853,-0.13758484045389074
225,0.02646162676876579,0.015673909008770692,-0.14074497559893756
226,0.027957047814900715,0.009028550211422348,-0.14759601513675386
227,0.019575773624686543,-0.0029003536501532867,-0.15727890231473757
228,0.015040953704036901,-0.008571155353000348,-0.16810695836576212
229,0.014526046048600874,-0.0015985227425778237,-0.17803019479351595
230,0.007473171882275101,0.009309268291635142,-0.18537510878756808
231,-0.011266278905579637,0.010411162099268845,-0.1895496322241491
232,-0.026403181759487457,0.0011239653358744162,-0.1910880703962134
233,-0.018148145163404086,-0.005586729590267514,-0.1910645338395307
234,0.0014860758822208622,-0.004839208301171766,-0.19060338465967808
235,0.013402094377077081,-0.005332675233327644,-0.18989358942923174
236,0.015378815112795846,-0.013063793927484385,-0.18818537357217102
237,0.012909437231175852,-0.023032545562558154,-0.18522025225344907
238,0.010952351054046135,-0.029599470687497076,-0.1808561082607572
239,0.0046853165828372595,-0.03273944813359089,-0.1743533868857145
240,-0.007649809632140014,-0.034312801657683245,-0.16605517221287897
241,-0.018827191992730377,-0.03479642600209348,-0.15766122017513756
242,-0.024049114207807032,-0.03268287496499858,-0.1510160249646001
243,-0.02947037090233698,-0.03027316498306308,-0.14732360245289544
244,-0.03778419302660732,-0.030696019777047542,-0.14642498189799807
245,-0.04169696728354785,-0.03135544771411315,-0.14725875446398162
246,-0.041094131984065835,-0.02952306932201694,-0.14839486053479167
247,-0.03869632954228014,-0.03203266735012261,-0.1487650621365999
248,-0.040183983001370605,-0.046031756740940524,-0.14810769523642986
249,-0.053157390921229425,-0.06388322027071325,-0.1462782229057767
250,-0.06890874102274422,-0.07770132798108437,-0.1436151766016508
251,-0.07203096801981344,-0.08633490407596162,-0.14044947737477942
252,-0.0649076730504545,-0.08995345746213396,-0.1364137163249422
253,-0.05779830583989751,-0.0921987017595211,-0.1319264637336715
254,-0.052392717671222,-0.09571940280572092,-0.12841676378147182
255,-0.057592709693014055,-0.09975320800752602,-0.1265368390741083
0,-0.0845570104139628,-0.10217057840903876,-0.12594764496056837
1,-0.12032706090747192,-0.1050961113129969,-0.12622336499838976
2,-0.134739158834138,-0.11049574854332961,-0.1267979834848028
3,-0.1171888846162584,-0.11125855663675543,-0.12702285252609496
4,-0.0913599306228621,-0.10460533833321967,-0.1261432145538256
5,-0.08094406462012699,-0.10038859616638701,-0.12382329023358829
6,-0.08476841644603278,-0.10589837886908826,-0.12086151313160681
7,-0.08934593545501623,-0.11805136485077361,-0.1186952212412623
8,-0.08787720044831776,-0.12638556217695673,-0.11744575902833843
9,-0.08383916051390061,-0.12445062732009368,-0.1153859566473624
10,-0.08116698947602877,-0.11733242597985688,-0.11148992708240837
11,-0.07827866889783788,-0.11055159313836624,-0.10627456618825584
12,-0.07146082522696087,-0.10433601517510704,-0.10090719733135409
13,-0.06159654007761703,-0.09781366356894072,-0.09629629080830635
14,-0.05554538341509767,-0.09083107333436496,-0.09309054645652509
15,-0.06019841466864745,-0.0873193246149011,-0.09186913644527334
16,-0.07024960174774075,-0.08820490770475198,-0.09269133272520846
17,-0.06905036973525364,-0.08789431967252181,-0.09522621620111421
18,-0.056120078156991715,-0.0863228372962663,-0.09813375561939922
19,-0.04295361473792403,-0.08324000858178651,-0.09946919134478785
20,-0.03264026201358031,-0.07638407032862136,-0.09828179440116208
21,-0.029086272049876447,-0.06733619175697333,-0.09487586369466713
22,-0.0322420699936027,-0.0576846290203335,-0.09026184491642111
23,-0.03635766074049397,-0.05110026202515011,-0.08515185349700699
24,-0.03982081968296031,-0.048501275817678435,-0.07975982334977372
25,-0.04145905729285797,-0.04334761029639872,-0.07473046007023243
26,-0.03791315742761982,-0.033163012289158855,-0.07086028324692359
27,-0.03528356472589833,-0.025120384796633005,-0.06876101639696205
28,-0.04670298720490812,-0.023280386792879956,-0.06859094717263026
29,-0.06065085926458555,-0.019782814234059837,-0.06972662495457091
30,-0.052119053780071145,-0.00941969407212262,-0.07179511752485226
31,-0.028944125568485565,-0.0007867438534097798,-0.07435475833475574
32,-0.01259706763240493,0.0008412741528830217,-0.07661605224064
33,-0.003271099784848311,0.001669023286144239,-0.07813042002171997
34,0.004004143007949261,0.002876071161690863,-0.07834388196996733
35,0.00722427690263653,0.0015712617866206202,-0.07689045066698319
36,0.004471588672991009,0.001979612790624835,-0.07411694259347562
37,0.0021023911599555647,0.008361715295064354,-0.07052986082612378
38,0.005014667415554508,0.016340629138805796,-0.06677838116237422
39,0.007871719935625906,0.019231959119134168,-0.06389245874080181
40,0.008352065200118323,0.01741806223989406,-0.06304335430413974
41,0.007137693851385213,0.014795424425912918,-0.0651342140973847
42,0.0068804691994280714,0.01347693331625803,-0.06971145249085937
43,0.012295021265182171,0.012372121596632396,-0.07554771375881292
44,0.020958271039688572,0.00864010942438416,-0.08182584080956118
45,0.025731463969750054,0.0036068348109507264,-0.08761732857138149
46,0.02330177157431447,0.0028435654117553374,-0.09196092852595633
47,0.017528847409835416,0.006879637197497422,-0.09426797051864655
48,0.014111165513945673,0.011237234974322621,-0.0945428052040525
49,0.015315092017751122,0.014113237660679595,-0.09347714505445762
50,0.020119167616131525,0.014792537388677765,-0.09219830535112794
51,0.025818623144256297,0.013716841063156196,-0.09178939178973569
52,0.033583991303434174,0.014834080465026881,-0.09299880989852097
53,0.0437573541939227,0.01997939108165344,-0.09604467062264843
54,0.04911452077910529,0.022281152492294953,-0.1001348024787824
55,0.04998581791093279,0.015782060527505942,-0.10468052181829274
56,0.05622506524536838,0.008244385548060746,-0.1102618976803616
57,0.06214064166044375,0.0077408055526769215,-0.11685664336006696
58,0.050126674968935275,0.0114998336302371,-0.12303046720999783
59,0.02193911399927076,0.014885959575979171,-0.12765265937886067
60,-0.003293625575112563,0.01515663100605355,-0.1305882052426996
61,-0.010763801573990872,0.011196761188440603,-0.13181799298558317
62,-0.0030025478604606415,0.007273618218832267,-0.13114730749674192
63,0.004822658122462298,0.0074697175337578164,-0.12884431016311843
64,0.005062719887925088,0.008927509629654343,-0.12610667046979834
65,0.001102383743102786,0.006753622461467254,-0.12409634145785858
66,0.00019812761774087861,0.0015994033304638153,-0.12291411711156558
67,0.004858229837031672,-0.001980355655055936,-0.12179186096536593
68,0.011774633639482446,-0.0037212160593348975,-0.12050041622514152
69,0.019588752529165587,-0.004346540502893126,-0.1197983053263299
70,0.027744081559330724,-0.004940320593000917,-0.12014391691194087
71,0.032248794450371765,-0.006795011091175786,-0.12074615890288865
72,0.030274528816996396,-0.006518920035582285,-0.12027371809905224
73,0.026204355181360647,-0.0033962231254496544,-0.11879959620998704
74,0.02354857141663204,-0.0014440627424759517,-0.11779497764141034
75,0.019763006204135763,-0.0021907004712224745,-0.11782700517037009
76,0.01632259263343984,-0.0013622228690240573,-0.11773995998846437
77,0.016077390469594804,0.001593572955846785,-0.11694764356963117
78,0.018825321363755754,-0.004400937956442891,-0.11620245795678363
79,0.025905794630460277,-0.01975612480519473,-0.11599754508557375
80,0.0331333124488863,-0.029439190591540904,-0.11619815362516173
81,0.03665209323195387,-0.027339819018752834,-0.11617023977001462
82,0.04100939598995817,-0.013889638150350603,-0.11556100068269254
83,0.04725761011907578,0.006463252412166304,-0.11482384190047862
84,0.052122198512410824,0.02195431227366923,-0.1143955484510199
85,0.0572238403217612,0.02783814586001232,-0.1139871656640199
86,0.06422611026528618,0.024523916604319546,-0.11314151079416107
87,0.06966219257253348,0.011535948367575266,-0.11169802627877634
88,0.06355283843597015,-0.007376801113478937,-0.10933087087076226
89,0.03778442410951138,-0.02354987424107613,-0.10689493470879693
90,0.003661497843902517,-0.026296730100873772,-0.10584663000192635
91,-0.015425006989216228,-0.014059818953885972,-0.10653884391873766
92,-0.007536831441834563,0.005305538978984503,-0.1089643119823192
93,0.011949899691877625,0.026024811910708823,-0.11250682529705963
94,0.02451683101372476,0.0414531217086036,-0.11666337521369252
95,0.031418944590321796,0.044837625903606015,-0.12118871074554471
96,0.028963391409728395,0.03321812236852345,-0.12485004126176713
97,0.01751221230622202,0.010609683777022871,-0.12631409105969538
98,0.014849195016605865,-0.008582778137044555,-0.1251955419447876
99,0.017870864180854595,-0.015827078910205405,-0.12207033092711028
100,0.010548066025740377,-0.009187504509083955,-0.11788519624284949
101,0.0009638762127178735,0.006886281527360927,-0.11370163941885175
102,0.006014645971770538,0.021594301267030547,-0.11050259258719508
103,0.020765542895514078,0.03189685125848918,-0.10858214388646842
104,0.02516983764291225,0.03359435243228581,-0.1072735522848749
105,0.015442811013733904,0.026777742400782623,-0.10536035283992634
106,0.007162158292553955,0.019281677552838217,-0.10268770498273044
107,0.009977524688527195,0.009803909273665368,-0.1001925893638061
108,0.020573892672611338,0.002164815511677687,-0.09814057798029868
109,0.03520832784545175,0.007737705129725936,-0.09616449882447548
110,0.04951724637506488,0.019538608360711973,-0.09408456055183956
111,0.05725374211652315,0.024280557914551082,-0.09194443271715974
112,0.053423537459819675,0.024616550341008625,-0.08993554689917585
113,0.039603266481552185,0.027450014572359738,-0.08834565420957982
114,0.02654803695823596,0.033003823238693664,-0.08688163604774932
115,0.019814894061020022,0.03632508523917777,-0.08462919664942381
116,0.017384947470169387,0.03411106145645676,-0.08136616447066994
117,0.020096937607868293,0.03158930979422414,-0.07741650724336499
118,0.029522407300338116,0.033771337350593456,-0.0730902729187517
119,0.04312152063711805,0.037009180247325246,-0.06917896053693118
120,0.052041482236911074,0.03527643415983284,-0.06623162642993302
121,0.051440130521433355,0.029125901686659517,-0.06401379998353318
122,0.048652740836491404,0.02462865648824908,-0.06149444534287396
123,0.04429337969996071,0.023267375067557716,-0.05791860724741807
124,0.034344816702280206,0.022887795965853552,-0.05430144699194214
125,0.024969158788514294,0.02554378716739991,-0.05177789444993469
126,0.021123545621533207,0.03498668634178154,-0.050435076911654
127,0.02137617002557024,0.04780855568821807,-0.049942511128108324
128,0.024941376569295126,0.05458873522616303,-0.049989964760440736
129,0.03266510547124982,0.05320326387050789,-0.05040678540136154
130,0.04018608014991418,0.045843621637356224,-0.050794914726520424
131,0.04313849800684011,0.034767682102035624,-0.05134000433101535
132,0.042707545728142095,0.028842028345064108,-0.052619649822813724
133,0.0394323474957801,0.03035206659656242,-0.05383148692057124
134,0.03419998881285699,0.031638760585809056,-0.0542340653774846
135,0.03011252167485695,0.032738589617385405,-0.054873436989459345
136,0.02698613958119256,0.036994687555362504,-0.056140571566075353
137,0.025033936553966823,0.04137532561098556,-0.056846740632700093
138,0.03189289118363861,0.044792646181864626,-0.05688746109977161
139,0.04854492361316057,0.04679815506242868,-0.057125898188409074
140,0.06810573775764062,0.04303441612432479,-0.05746568578724265
141,0.08198421065257368,0.03515606667457716,-0.05744987914727573
142,0.07546391167192618,0.029435683949651792,-0.057406930755880825
143,0.046851656648901674,0.027236587548762126,-0.05783612777966801
144,0.017500319679746246,0.02839247410280432,-0.058360681092883226
145,0.002361445182572308,0.03225897325174104,-0.05881084540935766
146,0.002325848711836609,0.035516183180175576,-0.06002604180069088
147,0.014123216997291826,0.039248235052303515,-0.062360882241505294
148,0.0289236412280158,0.044083548502297454,-0.0650416984753357
149,0.042726923679837214,0.04384368839542285,-0.06738759569469085
150,0.05326461674492039,0.033702004694994014,-0.06905910593701503
151,0.05722303599540923,0.017432337601669567,-0.06986909290833968
152,0.05416694401107469,0.005354800390848402,-0.07008854899042702
153,0.043024952255410254,0.0004016599969450807,-0.06968419387036556
154,0.029909521761397384,-0.0003478998244438314,-0.06809171358057375
155,0.01901356694199241,0.004469197132474512,-0.06510773799055769
156,0.011598391733718183,0.015248177045989963,-0.0610842955420266
157,0.017178124293069225,0.026766717120496636,-0.05631689349989877
158,0.031884629814297016,0.034285541651548734,-0.051032433307080516
159,0.038979800171825674,0.03549224016481278,-0.04521055572949745
160,0.032798134784596034,0.03142365309182105,-0.038909549603123525
161,0.021087219647199784,0.026809731955533322,-0.03294371303923366
162,0.012744406289151133,0.022127090804573812,-0.02802991117284987
163,0.010832028116955716,0.018314608770128027,-0.024490056973022305
164,0.01972313492073635,0.01679868764514969,-0.02258263461477549
165,0.04034177463293198,0.013880433747371912,-0.022301943557673627
166,0.055929484454807776,0.009337966923396723,-0.023293321480469198
167,0.05051221790773125,0.007901195454994514,-0.024960207783830776
168,0.02664195055906418,0.01138039102792876,-0.02688597552852623
169,-0.0038722136376887484,0.01420999963721492,-0.029139959523966558
170,-0.01953511449928491,0.012584283174661426,-0.031403342149804586
171,-0.007844527560461195,0.010933137983045516,-0.03309089935837661
172,0.02153366458775463,0.010037070405634452,-0.03392982046217252
173,0.05357109083156318,0.0031713133213804867,-0.0333473222234147
174,0.07068465700754234,-0.011277302350749085,-0.030829098283715703
175,0.06595012145693208,-0.02661861987825509,-0.026838178217330644
176,0.04391668019517447,-0.0372467544558196,-0.022696241828053326
177,0.007096562655098393,-0.03845288009732567,-0.019636098414346784
178,-0.028018825373293504,-0.02868583637957972,-0.018420864550717023
179,-0.04002245745135252,-0.013296716667438702,-0.018553215016285818
180,-0.03016552565531852,0.0004235200900093994,-0.018341194881502966
181,-0.017431086764294335,0.007176613141172183,-0.017238833201876805
182,-0.015583564595572474,0.00836835493448268,-0.016782621960067155
183,-0.018087868826523135,0.008278614580808863,-0.01955652462360455
184,-0.013854043612389011,0.008782813199633144,-0.026406483602643305
185,-0.005074470920960944,0.01182858483481447,-0.03488172618548925
186,0.005524065631756059,0.01521150171386948,-0.04194316586979284
187,0.015041685035136254,0.017482524026088575,-0.046137061424432
188,0.015253574495512678,0.020963469944548008,-0.04812301093120025
189,0.007969052561650425,0.02181098052602798,-0.04940002221066958
190,0.0021615005345348715,0.010820919812313479,-0.050486711814751256
191,-0.002425421539435757,-0.016192445617628975,-0.050903270292113556
192,-0.009367392584575751,-0.04569658671715093,-0.049864189354896726
193,-0.011398666138448033,-0.060208456322570436,-0.04740632538866846
194,-0.006040796774631374,-0.060136149544795126,-0.04421870851146058
195,0.00169261664053727,-0.05573007777521821,-0.04083730783082097
196,0.013731031758301482,-0.05143986721459687,-0.03748668104022536
197,0.023847345510499995,-0.04491993055847843,-0.033806570460015964
198,0.022771975488425744,-0.03421193360494043,-0.02885820989968206
199,0.012585545418853206,-0.019689343666039194,-0.021839747012849922
200,-0.0009223774709188892,-0.005963014712776188,-0.012737047396843712
201,-0.013607362310999474,-0.0005271367956556916,-0.0023146374764966907
202,-0.025335928917943257,-0.0033139573518851106,0.007943139246319932
203,-0.03546280587468781,-0.008015665663544738,0.01626946060383057
204,-0.041869233162801694,-0.012678515801178514,0.02255184686678538
205,-0.04027162922320826,-0.020371231051037858,0.02813614268717883
206,-0.02747130074373981,-0.02956448674579737,0.033500483451519625
207,-0.007551701365767952,-0.028112732159123938,0.038426951533847786
208,0.011965669151510393,-0.015118589184537873,0.042658499391210955
209,0.026843075817330572,-0.005299641785105669,0.04573902179481208
210,0.03451189138232227,0.0007973411550217524,0.0479969278812087
211,0.029513416466068018,0.009548895156426207,0.05040145120673668
212,0.015229940774332332,0.013450785596301681,0.053479575145290864
213,0.0024203675976360722,0.005674342780589092,0.05780694982712045
214,-0.002326310555518893,-0.006633282254648848,0.06387408248273971
215,0.0019481166074194964,-0.01205291451323913,0.07133839471265455
216,0.011219628705011073,-0.0076184439898020345,0.07876724220893505
217,0.020138549596062226,-0.0008422580497426321,0.08442192247359195
218,0.021754103460544447,0.0015553918030014185,0.08771541434375113
219,0.013532885467619701,-0.00009926848348428691,0.08900743602453887
220,0.0025754154997055523,-0.0033668185601736372,0.0887847267329547
221,-0.00591397079664753,-0.0033065999301548493,0.08768536307502373
222,-0.010411141764264858,0.004215520418324813,0.08651928095502803
223,-0.005004943803062489,0.014243318179541373,0.08553870474051181
224,0.007885976329077712,0.01863244544677546,0.0849718311424591
225,0.014790818362487954,0.01889369504148667,0.08567537243600451
226,0.014501575376905038,0.018708824234155957,0.08755856399102044
227,0.015481648786640698,0.017309647433434272,0.08955639052690012
228,0.017657616644120508,0.01747222997338574,0.09132910835457606
229,0.01839107902963913,0.018959069288584332,0.09372263215236815
230,0.02025330935238423,0.019836321308587077,0.0974012835007751
231,0.02575763151859592,0.02259850522403964,0.10164624965411356
232,0.03060129182115734,0.024624409840933028,0.10525801983372135
233,0.028563161321244507,0.02216089939328199,0.10769882942181247
234,0.02022846030786045,0.01950080984198877,0.10919419712062856
235,0.011587600813302429,0.02231834330762361,0.10990674037404713
236,0.011640514978501056,0.02829632915435281,0.11011293710757258
237,0.023948882684919348,0.032715017350366686,0.11020451755875132
238,0.04189469080954866,0.034546432660740034,0.1100130992986415
239,0.0548932934342735,0.0338643181841925,0.10965631602022952
240,0.058650378816561016,0.033145937540200926,0.10956171038810458
241,0.05760387051136259,0.03255653681030593,0.10958050379058037
242,0.04735256203779947,0.032449563756779265,0.1097504709200286
243,0.030898948211039556,0.032020035498482396,0.11095145858304423
244,0.029839137109034908,0.029006900374484744,0.11365976225425345
245,0.04324917580471445,0.030607762760735954,0.11739019779385379
246,0.04511699437808553,0.038827023149839,0.12105535678014373
247,0.022070897694490416,0.04532019773387366,0.12348841608139538
248,-0.011225588049788598,0.046871918071350216,0.12413100049926062
249,-0.021131070785114447,0.045966430740614794,0.12298850543709527
250,0.0025445641517224116,0.04616513447579634,0.12054817722107608
251,0.027434783147026305,0.050333702858127743,0.11760106448716023
252,0.03431346996455778,0.056398644657331715,0.11455540885849663
253,0.029003387578124762,0.06144389691137697,0.11160030539564958
254,0.019217942946745142,0.06275213727365014,0.10877104662650477
255,0.014492042326697097,0.05631949653491146,0.10592113818920029
0,0.014709069286764423,0.04435884122881818,0.10372404855568135
1,0.014768280279488316,0.028418227255256848,0.10332034891615605
2,0.015613919865142503,0.012715461529093058,0.10483975769056719
3,0.018906346212192504,0.008293011746457052,0.10772179325591513
4,0.020683451214021584,0.011010388075380878,0.11148710405532397
5,0.01709607404684263,0.01347987765814232,0.11559065659947754
6,0.011553869400344405,0.017441094783518657,0.11969082860802055
7,0.010996034747962041,0.019895166424051952,0.12361716645639503
8,0.01569265556555771,0.019722659435736645,0.12687534242106924
9,0.018956592127946287,0.019044476345981942,0.12951411536888385
10,0.016273204476063605,0.017238113114407774,0.13310887494216123
11,0.009205777331520087,0.015363528194572568,0.1386539585875794
12,0.0033223679135439554,0.017318671541920017,0.14538673188379253
13,0.0030611955207548724,0.020692171354360522,0.15213920841227296
14,0.008097150518176208,0.020036129734765762,0.15782317725248096
15,0.011951654219146839,0.013686286629573552,0.16191049913926076
16,0.012367686406479665,0.0035665835697714504,0.16511631692425882
17,0.012806660740731585,-0.0007453366843192533,0.1691866408739513
18,0.012040067827823658,0.0023015754894208096,0.1736063095858112
19,0.0082861686953766,0.004520794011755827,0.1750151698898897
20,0.005947072981243612,0.0043413445576575005,0.1712775342897549
21,0.011079662514238711,0.001974545173435399,0.16187796279076871
22,0.015780831494646735,0.000031488226612488845,0.14746823407863346
23,0.0073189259087226705,-0.001240231515287571,0.13092528733074676
24,-0.007914891142208724,-0.005907253960680037,0.11601776218621779
25,-0.01400394708910841,-0.009008437500419741,0.10453656898680752
26,-0.003572225504527307,-0.006341246771947133,0.09600413416855091
27,0.01723206370241738,-0.003918848684125703,0.08974612378090382
28,0.03151849108012042,-0.004666272785828346,0.08556522889729865
29,0.031418624236037654,-0.00830673243215281,0.08374764645781943
30,0.020707383166022816,-0.01534605324430851,0.0845419787343406
31,0.011950020170098316,-0.020575977074747426,0.0867469282224293
32,0.014020998808786184,-0.018464172781419944,0.08836757990331667
33,0.011108666143168508,-0.011903238795544974,0.0888012590301902
34,-0.00329031014903354,-0.00734253652894102,0.08880731011652943
35,-0.012533177923692553,-0.005055074413173127,0.08859540140137767
36,-0.007667752309926723,-0.004009372709097847,0.08760786647779423
37,0.0035772507236589424,-0.006943046459076341,0.08571934429467329
38,0.007468168309344589,-0.014154412548545103,0.08284549198541613
39,0.0034228506180553897,-0.018422665262307118,0.07842977899696041
40,0.00007628643184248718,-0.014998993361667157,0.07313700541687332
41,-0.011283473249241213,-0.011605205622089762,0.06862098555926718
42,-0.03183327310344307,-0.013193014932963334,0.06554618045494157
43,-0.03647662421386928,-0.015975940695442746,0.06361094666506101
44,-0.02289112043509857,-0.0172479145126921,0.06235956902910855
45,-0.00958174173104731,-0.017694189388008777,0.06159996379633864
46,0.0026342020489741325,-0.020126228768348853,0.06061231745953116
47,0.012033572221640254,-0.0240391966770116,0.058661174015576134
48,0.007890885594698693,-0.025865810265903566,0.05617722538109604
49,-0.004757435872108445,-0.024076444484952733,0.05386342684931897
50,-0.010572807694935321,-0.019267965597370564,0.051963871529609656
51,-0.004461204999650775,-0.013488765107681051,0.05083746741978201
52,0.005633337849323461,-0.009312590543318289,0.050647553252058414
53,0.006316916471698825,-0.009708808046161803,0.05063471828025995
54,-0.0045115673281909685,-0.017092888494913656,0.050515099676074066
55,-0.012768534543702748,-0.02677103965280199,0.050598505924158516
56,-0.008523431912858509,-0.029758640192998856,0.05024432137457788
57,0.0011320006638614044,-0.024735448618035033,0.04880835250199933
58,0.00692076903536204,-0.01764040121651883,0.04705497332441466
59,0.00905628643362752,-0.014707482602447502,0.04574775464674148
60,0.006854521056044269,-0.017489913295857237,0.04456268697061283
61,0.0003873391156473671,-0.021008276472584308,0.04336883053306957
62,-0.0035016562627859793,-0.020751842574544932,0.04293631292620212
63,-0.0020345086364222664,-0.016887909614585805,0.04444139655110285
64,-0.0005681034175637756,-0.012357921942172757,0.04846199962880865
65,-0.0038115555462623907,-0.011604399545350398,0.054400654145856375
66,-0.011402332588220543,-0.013784726930617316,0.06152676481649741
67,-0.018459829124442717,-0.01294736905604546,0.0696266654970007
68,-0.01731249160595147,-0.00853922432573824,0.07874556904795921
69,-0.012216030879976095,-0.002703720959928879,0.09019832762564217
70,-0.013261461309110822,0.0016658039562263832,0.10660466732596252
71,-0.012426952333943753,-0.0005809405244957683,0.1289846797981582
72,-0.0026652216049296573,-0.007733042541966995,0.15481546354393283
73,0.008799350597136574,-0.012189764143782686,0.17905060058461159
74,0.013866936591928461,-0.009479777517198432,0.1971306393952007
75,0.0054085779744244555,-0.002761856458809886,0.20712042241813644
76,-0.006402278942883172,0.00272082340763094,0.20835050767535568
77,0.00004920945827643908,0.0018724010009093378,0.20055479806498167
78,0.0224456913599059,-0.010057534055724987,0.18401955307559925
79,0.044376380551612804,-0.02527356809505349,0.15627506982697692
80,0.05418169399616174,-0.03055442868001393,0.11334584593671648
81,0.04958131832900575,-0.02741104430843615,0.05710396761123865
82,0.03523687338568182,-0.02479384706206052,-0.004789095811882943
83,0.011543710592048617,-0.022921037014572643,-0.06362614235578318
84,-0.005720551276654162,-0.01894468507165384,-0.11328620511224685
85,-0.0006060313438184528,-0.012678602531201094,-0.15123099104166954
86,0.007391200600623232,-0.00477737797364268,-0.17717211009767764
87,-0.0007083675287402613,0.0010929186465829799,-0.19201863799658858
88,-0.014357831996366921,0.0030008641364338284,-0.195234075121831
89,-0.01946844131237052,0.003075681590012161,-0.18540854979457144
90,-0.013821756535442917,0.003971206418207113,-0.1629958480696757
91,-0.001966801331006879,0.007857822117345134,-0.13063391257885787
92,0.0078049896212698255,0.013022362203086252,-0.09240134691734969
93,0.012522767270845614,0.017311890699144197,-0.052775181205747645
94,0.014706080901609825,0.019727722604223785,-0.016146617471745617
95,0.013423718288694736,0.01901649446837652,0.014110335057619466
96,0.008421970956484948,0.018341745357508432,0.03815839268303246
97,0.0017185701166888556,0.01815809500062756,0.05897557707275161
98,-0.007636589703487046,0.01592456021128444,0.07761573301398894
99,-0.017661800468620925,0.015569583585203363,0.09267399107907828
100,-0.022752220773006024,0.020203716515311054,0.10397872696586674
101,-0.012859311273271445,0.026997462696192326,0.11305760039960966
102,0.01671108419830883,0.0306871557903913,0.12067979878011142
103,0.04465797465321125,0.02835699580596887,0.12697735494402757
104,0.05111906804214705,0.021122023828924294,0.1322250012509209
105,0.03580037798623312,0.011080753696960134,0.13596899331050977
106,0.004006168740417565,0.0021593212136521364,0.13806560437359439
107,-0.026757489643459642,-0.0011338113772499103,0.13977912985107
108,-0.038328452191813744,0.003189527888865,0.14175666522852282
109,-0.031687028572776305,0.011817529868070983,0.14375380266175275
110,-0.017750551298690298,0.017485344928785805,0.14633051901493094
111,-0.004719022363187275,0.014934781351134511,0.1500028585437953
112,0.0063465041507073106,0.007146699542339041,0.1543483813872326
113,0.016223768278674056,0.0005916349576063767,0.15896849858188267
114,0.02661515153560101,-0.004438498825430959,0.16374326187251742
115,0.03779899390600089,-0.00590842028755556,0.1681918462590652
116,0.038419129541378716,-0.0008988022960640107,0.17119471966317057
117,0.022125681532211228,0.006297031803298284,0.1720529389108721
118,0.0001613721025624515,0.012739041129314205,0.17182643709102008
119,-0.012084961557085994,0.017117538880462566,0.17213936332250374
120,-0.011151474689847396,0.01174305411242725,0.1738418697096178
121,-0.008190341676503066,-0.0040444484719953655,0.1769297272954008
122,-0.008386352725210433,-0.01724077692422285,0.1801714880633145
123,-0.008988718354146275,-0.018256835334541727,0.1818481564674771
124,-0.011739477322752767,-0.008829989165787727,0.18121043395134495
125,-0.01330354041502868,-0.002530006251225625,0.17891298382978738
126,-0.006197946347102412,-0.007382693692718129,0.1765144459395439
127,0.00604356139936596,-0.015145420817945232,0.17476549709151196
128,0.017138201428939404,-0.021286221036800168,0.173345714669361
129,0.02569646061762826,-0.025715869583062045,0.1722385455760575
130,0.022757966124116707,-0.026127025473005272,0.17148077433104497
131,0.005814083324459929,-0.028118350148088306,0.17122006323480343
132,-0.010975434692616998,-0.033813816858802276,0.17188029168885677
133,-0.027607750379503776,-0.03313595797471733,0.17370042356596777
134,-0.04872632303239727,-0.026776104557728775,0.17649330004378339
135,-0.06585227689910392,-0.024379187931862695,0.17975063974804212
136,-0.0738159168308991,-0.027527279311953312,0.18353785007950063
137,-0.06814115409702,-0.033503786668788255,0.18821607269442286
138,-0.050327947615545154,-0.040062013421899495,0.19377049087036258
139,-0.033631418784436096,-0.04283839302079587,0.19973798058393655
140,-0.024156215108735613,-0.040350552922372995,0.20474740749205045
141,-0.019729898778148458,-0.03759230814300997,0.20750104811658387
142,-0.02469359485902531,-0.03493056302449806,0.2082802530999044
143,-0.039469061099393646,-0.031631439029205864,0.208385258973797
144,-0.05741132219145151,-0.029714066760392212,0.20886772816686194
145,-0.07450959825648878,-0.02697020112233671,0.20956499564151632
146,-0.07997317354827202,-0.023583731540016584,0.20964417173493444
147,-0.066331672627578,-0.02901310567502685,0.20890782521533824
148,-0.054490461866323586,-0.04602643223054673,0.2078125904971625
149,-0.06552144826803497,-0.05820385460259769,0.2066494738877932
150,-0.0843892278551156,-0.055728183438651574,0.2054198857610875
151,-0.08635621773601754,-0.04652920138233732,0.20453946585969462
152,-0.07345546953267251,-0.03746732790095879,0.20380864699679524
153,-0.059327168179095405,-0.031029348537946852,0.20210049012042597
154,-0.04387073558156221,-0.028536934465606983,0.19919063994417496
155,-0.025551504224558125,-0.027834608554560325,0.1958497302119927
156,-0.010925245058405308,-0.02421069293063341,0.19289181851622794
157,-0.009604003125075533,-0.018915865040129126,0.19102087878539808
158,-0.017961286943626892,-0.015693910699143672,0.1901108725851851
159,-0.02194947312230372,-0.010729967961038964,0.18973235415741574
160,-0.022985540117910735,-0.00420909313854629,0.1899945990048597
161,-0.02592929129809926,-0.004050290014251091,0.19031925538000072
162,-0.029910725364222457,-0.008877317552192433,0.1898429244803147
163,-0.03197007643793212,-0.010571125200753873,0.18835225936840927
164,-0.02607749484418101,-0.009147276405396448,0.1860865579904648
165,-0.012434842558745912,-0.009055189707606853,0.18436682937432358
166,0.0022764539825324698,-0.007571557505960683,0.18486988511684066
167,0.005717243478791857,-0.002158045040439205,0.18718088684023154
168,-0.0043274708264498946,0.0024823213505383093,0.18968112765408474
169,-0.01636255315373357,0.00576309713367628,0.19160228937174223
170,-0.025856515613485634,0.009481090660878447,0.19259701421430192
171,-0.03315331755292486,0.014233538514090552,0.1929058167624066
172,-0.037071217509768536,0.021344203224793815,0.1930001320812838
173,-0.03767417091698237,0.026676279395698027,0.1932009016382441
174,-0.03341024690129123,0.02403602999210698,0.19377863155705088
175,-0.02165798239362278,0.015681853441501276,0.19426686903131996
176,-0.009287640808049308,0.009285149097142637,0.19460252359405894
177,-0.00379736189934797,0.009834181344492873,0.19561507561619396
178,-0.004775733421175592,0.018863662903538938,0.19738576107431438
179,-0.004288039156239071,0.031072736638898847,0.1992418290581761
180,0.0042825139715323285,0.03657154429220624,0.2003559613873006
181,0.009881588006153998,0.03227650463145118,0.1999318050746539
182,0.0007880186695722671,0.02611059699594194,0.1982220982860553
183,-0.019880506663759276,0.028037631897334547,0.19656081030540995
184,-0.03431479714571483,0.034893987806170645,0.1964494906501255
185,-0.024492038569037977,0.03622092103225964,0.1986554511151456
186,-0.002002881024473241,0.034158794178876184,0.20244894006472436
187,0.006598428076792007,0.032372656492519365,0.20656938035602823
188,-0.0005955533064027352,0.029965085713283775,0.21012988667296806
189,-0.006287103196682409,0.03138491649310384,0.2122501720160529
190,-0.00017029519692082773,0.03404551269108489,0.21279259884287927
191,0.017437048532916,0.029458797909482706,0.21273157634449413
192,0.038242185315159744,0.020540406442101464,0.21220325537370488
193,0.04538963686681535,0.01578074846984348,0.2103373932820375
194,0.03649754506026981,0.01621254938496232,0.20667770812315245
195,0.023114287390944566,0.01736430484433605,0.20070305921631637
196,0.0039352483172431785,0.018001052666226612,0.19260031480914364
197,-0.014441447085731605,0.020325258375108658,0.18398385811687212
198,-0.013392331049451117,0.023886163889853054,0.17593800230614653
199,0.0041153845007473044,0.027160368756164465,0.16906039007202595
200,0.019344041266488324,0.029721960366162092,0.16426798559317146
201,0.022159116937161327,0.031950818566335595,0.16114063994625066
202,0.018184200679746895,0.03201331861035853,0.1586940421737435
203,0.01886980634219055,0.02942329240953781,0.15710187219805388
204,0.026576696382583087,0.028378139278461,0.15628706686197286
205,0.03601220144922823,0.03200342164221062,0.15507418290766944
206,0.039970301452763285,0.035609221933396606,0.15163809110127313
207,0.03179688031482919,0.031696696942666525,0.1450535505120556
208,0.014441952922003426,0.024237835405915634,0.13682682321162454
209,-0.002565784657317688,0.023027480650689797,0.12897221417612503
210,-0.013671378593160997,0.028654557011435162,0.12179418783864143
211,-0.015150707112497747,0.03311117440787885,0.11522964414534276
212,-0.008959095606387357,0.03372256390110842,0.11024555419938903
213,-0.001745346189399033,0.034283909740997126,0.10750319199193514
214,0.004477362691288275,0.03474031638010097,0.10644895026101348
215,0.013416619936017699,0.035598417412621236,0.1060405524943675
216,0.022582427721740364,0.03802835591552273,0.10585698422260958
217,0.02260785115198874,0.03926029201256363,0.10597388296011268
218,0.017635250836617933,0.03786539757012854,0.10630587726716778
219,0.015850482922083936,0.03517945854287274,0.10685109820596589
220,0.01641119512318029,0.03375621145803839,0.10756787637128606
221,0.016229721533404254,0.03491832424409638,0.10844890640243704
222,0.009828680695620158,0.03694852371653273,0.10997518090464425
223,0.0009252621897922475,0.03860522122060919,0.11215239502113344
224,-0.0009868402563594364,0.04215703712536853,0.11349942042688682
225,0.0047351661746177845,0.048990742755630395,0.11259781663901514
226,0.014994887153987502,0.05525352276298544,0.1091906979602687
227,0.024216142412365124,0.057260236408437845,0.10394111507891662
228,0.028416326245973095,0.05598804658792597,0.09830635569187174
229,0.032566035126411874,0.053803810541999106,0.09330076552333633
230,0.04114262907625266,0.051521140577891644,0.08898579206299057
231,0.04462540450957918,0.04948093798087852,0.0853907358535026
232,0.03640891700131045,0.047080049052906886,0.08331239043225969
233,0.0288549030990959,0.045301464815688974,0.08323891626440275
234,0.028566004972283364,0.04900312804106696,0.08404220170205143
235,0.026134681234869755,0.05372625856906248,0.08498180967161109
236,0.022856123025334026,0.05432850919725615,0.08669912242854158
237,0.02757073039123624,0.05524157662104691,0.08990708113393975
238,0.032679105720901755,0.056627154138754854,0.09477698293325282
239,0.0285670425434206,0.058275653068206534,0.10051071770722808
240,0.015768536134853822,0.0597068255526898,0.10583298983218664
241,0.002997680022602728,0.055928799161970494,0.11036659125486109
242,-0.0006631357446742064,0.04907833963440322,0.11413119621295048
243,-0.003525969506516957,0.04911666101248663,0.11625508907317467
244,-0.0061861638573070254,0.0576856038226054,0.11581377157065842
245,0.0031061059496266946,0.06367611835966364,0.11352286402955541
246,0.019339193048197895,0.06467154654687413,0.11118281890508203
247,0.031194930587572986,0.06806153712976795,0.10979845748283312
248,0.033705981586704584,0.06851762642363149,0.10993951230052906
249,0.030083256872890055,0.06298329664177388,0.11216532256151768
250,0.029124891730502867,0.057542442531482774,0.11591115899080146
251,0.03622615892453401,0.053422230737417475,0.11956081249548361
252,0.04811087198751823,0.053384599970641045,0.1218403718320199
253,0.060760898416932746,0.059530509575342755,0.12220047022597258
254,0.06967561430258637,0.06655471600526323,0.12148295116811214
255,0.06468375853606587,0.07058249709709315,0.12208630706693785
0,0.04422506701901932,0.07497395450092871,0.12532227080377922
1,0.016992425748029852,0.07865647809717533,0.1303411888196619
2,-0.0034850536384825603,0.07929784222522437,0.13547241207855854
3,0.002686900662772662,0.07852854264969364,0.14006879386712978
4,0.031601812483917927,0.0783793588596266,0.14481109205663661
5,0.04235299054275034,0.07851735137669436,0.14913212066563558
6,0.022310516995589877,0.07162334329149783,0.15159224381342284
7,0.0032011996609401794,0.061890907224589176,0.15310507841683652
8,-0.00396792659840246,0.05717126273705289,0.15556607314057092
9,-0.0019944832372550056,0.050947762416625395,0.15912097216102272
10,0.01695843803775541,0.04468212077718706,0.16349340050456695
11,0.04137567479568782,0.047496178889283855,0.16802747638062682
12,0.049567580099687106,0.06067117022676606,0.170156734972703
13,0.03350716959278803,0.07861542883779002,0.16784329313847213
14,0.007371932743715781,0.08606432693360522,0.1621157041311116
15,0.0006802630008188593,0.07647660683364932,0.15485142831953636
16,0.01892112313506078,0.0668298240709676,0.14743474719877153
17,0.04148075486309774,0.06867221526853001,0.14186847676939845
18,0.05441886559728959,0.07372620223781254,0.1393824610370925
19,0.05717299272491923,0.06724392964561228,0.13985295308466444
20,0.05647655385547977,0.04662900259710265,0.14265078741998116
21,0.05468539919623208,0.02622613602775055,0.14652136340282262
22,0.04202213270627253,0.02305552262629687,0.1500604815746035
23,0.023665621705129147,0.03644695098747687,0.1525852152177296
24,0.025398271272557726,0.048613914669841454,0.15458600731442035
25,0.04560053470480094,0.0509471227611083,0.1562677906521291
26,0.05576081669451477,0.04373180471827223,0.15695541308246386
27,0.03825339751706458,0.029984513965223447,0.15611479475863643
28,0.00014926359919217869,0.01245309851023596,0.15357632652314002
29,-0.022613234918028358,-0.0072584367699803365,0.15000405399207406
30,-0.006593382762807555,-0.019189063192256883,0.1461851551823628
31,0.03234899345077948,-0.016266410416883315,0.14229495894263217
32,0.06269633846131006,-0.006225533360062652,0.1390131416899677
33,0.06366716926571278,-0.0002580359934218346,0.1367382476445248
34,0.050568497330284456,0.0009607237184044715,0.13531477365673333
35,0.039299978522328305,0.0038194202427449253,0.13559584459322532
36,0.013633791335075585,0.01072324150773002,0.13814678768511346
37,-0.028799046714941157,0.026489473961930576,0.1419646706917893
38,-0.0624603169889113,0.053213725167280734,0.1450297873393619
39,-0.06330333664441967,0.06911282466324553,0.14583655723044048
40,-0.03320769714796823,0.054398517074929736,0.14411652905925176
41,-0.005650540923601122,0.021223432647752075,0.13993917353305396
42,-0.0025521463205118167,-0.00712563345420987,0.13375824103622297
43,-0.008133621860505313,-0.01700566448575408,0.1269699140182548
44,-0.006576075122948111,-0.011849767840924744,0.12155133030077148
45,0.0011694866065729004,-0.006262664244125804,0.11865304886215222
46,0.013822960530138706,-0.008448964272423518,0.11824095783914285
47,0.026306415795588678,-0.015707771520499972,0.11967127699269497
48,0.029426101397414584,-0.022568502414192976,0.12214412108361078
49,0.023618076902952978,-0.025724639557492546,0.12544021342556338
50,0.013145985617330935,-0.022992635009871643,0.1291495497541637
51,-0.0024204988819196416,-0.01760593129516936,0.13203267334423668
52,-0.013384025936927668,-0.01462403080716089,0.13329583087534874
53,-0.006909172281877429,-0.01449647745237738,0.13291697169558975
54,0.013903812076198868,-0.017168995853383523,0.1309491879708366
55,0.02641477866240427,-0.02272814109568802,0.12789873028896792
56,0.010567713167103088,-0.026299278384028346,0.12476236526832735
57,-0.014938016512302255,-0.02249604441794199,0.12236536591607827
58,-0.027192230714452315,-0.012974762646870662,0.12141352623539131
59,-0.03191066426093464,-0.004070158512446596,0.12195968519180206
60,-0.030863865814300617,0.000425153698228084,0.1230538612786487
61,-0.0237032068943705,0.0020624692125075193,0.12359112941979317
62,-0.02435373841221078,0.002926232219683994,0.12314575184762905
63,-0.03472400394476427,0.003624691473119432,0.12211327091587704
64,-0.039059401784663605,0.0026756344032555293,0.12059478267944612
65,-0.03046881824689801,0.00015418146813941241,0.11861548395271737
66,-0.006884891501056006,0.001243896374019185,0.11775882066527027
67,0.03456030123981246,0.004668410899335423,0.1183156034222686
68,0.08021719705217967,0.003933716975234716,0.11845529108722164
69,0.09894615076359076,0.0022168675716905534,0.11832663834645363
70,0.07436303145862061,0.005214568525441193,0.11879481574458717
71,0.030477639293407403,0.01170691120797197,0.11928287054993508
72,0.0027872103717211383,0.01818363858464749,0.1193124582998944
73,-0.011800815774076809,0.021766372793588874,0.11861445522803032
74,-0.026628217325726428,0.021162990671006777,0.11682090679624679
75,-0.022516270628079392,0.018737279486915965,0.11387736588193331
76,0.005420187695990369,0.020265884901346995,0.11000675267388554
77,0.03290786540411761,0.02778265285062048,0.10582859278145312
78,0.03961587935940339,0.034379573236867134,0.1020384851844843
79,0.0331035913697644,0.03539835567158016,0.09897215383842886
80,0.02882526705514238,0.03437113828714959,0.09696795708334396
81,0.02151503494270779,0.03448370863829438,0.09660084277091044
82,0.012908909797949952,0.03891167916813841,0.0982204394368768
83,0.01523796798330962,0.046579109883871594,0.1012158870480252
84,0.03157603712883961,0.04988456440471076,0.10458312550257826
85,0.04721735509580083,0.04472584461614418,0.10724717818914281
86,0.04642842606648363,0.039049113332572244,0.10797855385398658
87,0.03833428974808312,0.04213498194815621,0.10691732357339112
88,0.03414083752727623,0.0464793179516271,0.10509430271212311
89,0.03351875435422591,0.04391599302593785,0.1027713474248057
90,0.03825539506755293,0.03971320954255797,0.10029247258977758
91,0.04551441822914054,0.03877885561829862,0.09882280815101249
92,0.05186806432322699,0.03788361923631328,0.0991567725761488
93,0.05690668131042048,0.0360029477176184,0.10082121925211099
94,0.05672637507011652,0.03891684259249134,0.10273051721162846
95,0.05157962219096752,0.04551486435354202,0.10447374641165597
96,0.0428146539163429,0.04873131998446373,0.10626286590088918
97,0.032781381882678665,0.04824234971240687,0.10819105805978912
98,0.031635583057851385,0.04918044140315134,0.1099138053236357
99,0.0424864042130915,0.053358582035283486,0.11107004986341285
100,0.05416042719078143,0.055822438567424276,0.11209852957107425
101,0.057725733161811205,0.052365445897290586,0.11312665034609515
102,0.058710769735042856,0.04572487594631748,0.11345849777103556
103,0.0588911527821922,0.04136858412058353,0.11265077571409848
104,0.05503982205373953,0.03905691330148073,0.11050597095718168
105,0.05078511063620647,0.03499363561173632,0.10726315491290273
106,0.04321085278248952,0.03344718329249481,0.10432911823226504
107,0.03225068759823571,0.04034109729926366,0.10343425205562035
108,0.026151561843426777,0.0514390195034142,0.1048149627986878
109,0.02534596718491832,0.059710012520902606,0.1073297957043639
110,0.031155652463296643,0.06192439085692264,0.11018340722943273
111,0.04443910399747662,0.059921896880000464,0.11353438865999654
112,0.054996283643461694,0.05545811617063279,0.11758015536619396
113,0.05567519220249931,0.05031798639110449,0.12198523171155679
114,0.0476893179520444,0.04848038545977218,0.1260740663837464
115,0.038220916294506774,0.04833102406381204,0.12927769800089994
116,0.03437096785280419,0.04944146428686316,0.13133579626555153
117,0.03964429681463487,0.04873987391135734,0.13229430497158395
118,0.05252985341445448,0.04098809618034942,0.13315840479090413
119,0.05399521151611561,0.03432389858024204,0.13406017050623026
120,0.0329537305736157,0.0363706315561744,0.1339344753785056
121,0.013785145352467332,0.04118131511821757,0.1337651984847319
122,0.013525545217837082,0.038997127056897785,0.13456757354773935
123,0.021838928367837435,0.03362985961949974,0.13462536303931044
124,0.031686020733114884,0.03758222127399283,0.1327725670471277
125,0.039853513848631755,0.04503694620811238,0.13000455749180495
126,0.04242396588412056,0.036854539810831116,0.12734874015477426
127,0.04417871820069048,0.008726146298002231,0.12528600833559417
128,0.0456887765192209,-0.01766291371108837,0.12392478278621105
129,0.04259394170885192,-0.021468209310548464,0.12334581225060232
130,0.034491536913645815,-0.012462546114699047,0.12381488148766423
131,0.03109533694937594,-0.01001867858106184,0.1252899322405388
132,0.03777891786989357,-0.01418468419236267,0.12745686190911598
133,0.04009275502624865,-0.015576107302851028,0.1299085739072391
134,0.037373259470404346,-0.01174401362320418,0.13314242713561703
135,0.03290567992491931,-0.004515027013432385,0.1383507683263896
136,0.01975555803162437,0.007380445770263172,0.14490619110997344
137,0.0018289286499603222,0.02131033026990127,0.15142038643228195
138,-0.003636228569910145,0.0224727233820029,0.15783562092549203
139,0.011011381897660731,0.012295092880026628,0.16371304526140784
140,0.023675937989394595,0.005347423355677228,0.16763253838700826
141,0.019668463742432297,0.0013050932082579597,0.16899349308608158
142,0.015019779686414214,-0.0016539344661583022,0.1686243690656664
143,0.02042404035965427,-0.0030359631930270206,0.16801788261602885
144,0.02123444264752422,-0.004488834562571639,0.16862107169901192
145,0.013127334618079828,-0.010601339752931496,0.1709153712413028
146,0.013092202469612804,-0.017633001640974824,0.1744273571286008
147,0.02309233231330391,-0.013944338083087985,0.17874564924517872
148,0.02908159668646363,-0.0017191411280525135,0.18419610392679092
149,0.018807972123748767,0.005863813670814358,0.19085254826921233
150,-0.006835356564951127,-0.0011920784287830777,0.19717523791803093
151,-0.02353876187182619,-0.01486957761855387,0.20186959673872495
152,-0.011930629658928209,-0.02135382577107399,0.20554228672189528
153,0.008867628376510348,-0.024646888023997338,0.2095388032176413
154,0.015425366052394716,-0.030575097669097273,0.2141536277178424
155,0.014729032041168731,-0.03516831568620621,0.21843543958509082
156,0.02218115211499047,-0.03334697450589483,0.22212415681828968
157,0.035841199040506755,-0.024485340808104578,0.22539215513325594
158,0.043662737757667755,-0.01359013307581422,0.2277867537160413
159,0.042899364031146,-0.005215926349966482,0.2295750843370984
160,0.03778708470465739,0.0005440009858057593,0.2317348359879442
161,0.03272991106728862,0.004459899025671593,0.23529952621176053
162,0.025939003970339436,0.007741161169625629,0.24116234749950471
163,0.014734121759729463,0.012515171068742476,0.249106317015943
164,0.007198681937929038,0.014448994557561351,0.25715737487232926
165,0.008331666099972518,0.009016453326541107,0.2627648196072041
166,0.017345749415087097,0.0004610037649436932,0.2651306113555487
167,0.02892797327420371,-0.0027001566308914454,0.26550117564087605
168,0.030498494598153514,-0.00120727586187995,0.2653092003186057
169,0.026996283196774967,-0.00405492529155102,0.26448299266969133
170,0.03620897704318943,-0.004419378327213709,0.2623496288695564
171,0.051895022139341884,0.006231547950202629,0.2586876489554073
172,0.05048182326798506,0.019737167569853165,0.2538934059428817
173,0.022290559796191628,0.030817051390038305,0.2494044903454955
174,-0.014574204730367801,0.04071207975711033,0.24630325292928534
175,-0.027692272628064063,0.04536851541989208,0.24407741296303476
176,-0.011643873445282837,0.0362860761476865,0.24155308880980542
177,0.00869622525473357,0.015939022100275868,0.23865423732238622
178,0.015599423201544116,0.0027820903896265126,0.23626887368247562
179,0.01060474309247611,0.007435297449357003,0.23473848432006883
180,0.004789202300701345,0.01801291076963482,0.23396475168331465
181,0.011754682178302056,0.01819065356799457,0.23377491810340822
182,0.031387220840474905,0.009663143647816647,0.2345773690835007
183,0.04434254312816582,0.0035035730880384752,0.2380761023860788
184,0.03850540789559642,-0.002561098036615292,0.24524062671355196
185,0.020083765398774628,-0.014481016345487208,0.254726647561474
186,0.0016547537536817647,-0.028221062337683678,0.2637713201426992
187,-0.0054085588360088255,-0.030995737314181107,0.2705169000002784
188,0.0018141388582595397,-0.014948083753985722,0.274611350942245
189,0.013206750292490299,0.0066337158178627065,0.27551949198667425
190,0.019359824355996896,0.018832123756222646,0.2734869100301225
191,0.024314114941142356,0.020172021289233205,0.27000434513371974
192,0.03262569461428175,0.012582073213394718,0.26634075505736776
193,0.03630072614234936,0.0008746236011337449,0.2635647601336384
194,0.031018027999887565,-0.011124253309819782,0.2622689443744305
195,0.02674923544303781,-0.024657478716837544,0.2624796579631631
196,0.028875057510954316,-0.034847571216976986,0.2644786428289153
197,0.03197914863928564,-0.03375193648526045,0.26800343083057887
198,0.02673911871125015,-0.023222542917219757,0.27189756160725564
199,0.01337003865256206,-0.01404845179686004,0.27572361520162514
200,0.002518793848538675,-0.011773244558215101,0.27994018405874677
201,-0.001150721754505174,-0.009061043014435888,0.2848222515145129
202,0.007720129535193118,-0.002798255175122888,0.29002095360895275
203,0.026573837589345894,0.004616666500281086,0.29474184122942215
204,0.03613196859026091,0.010234014977353989,0.29869064024978265
205,0.024790264552090407,0.00868581908208621,0.30196155705466576
206,0.0007299618019351306,0.002462797171346065,0.30434912394884506
207,-0.012039761695937526,-0.0045127921280316285,0.3059807483785354
208,-0.0026513544127322597,-0.007620280577458727,0.3075250146391634
209,0.00983227946534676,-0.003089865875391562,0.30896610817778913
210,0.018848308798039615,0.0016097195074241122,0.30987089435685455
211,0.030356178937048228,0.0013516196472320163,0.3106529817750887
212,0.032160071900263126,-0.0009529058769598142,0.31141876541690705
213,0.024251272207012703,-0.005710938374014984,0.3117102674156965
214,0.024625117807421715,-0.009723118321522506,0.31170977508913
215,0.03127201500626009,-0.0032962102143503924,0.310931644174565
216,0.030282586020721813,0.012565238313281213,0.3086273510750519
217,0.025342006986258575,0.027720370017486146,0.30682429509444287
218,0.02091949081461139,0.036094512821643665,0.30839127478233164
219,0.006748893138432355,0.036828496841675495,0.3140842109252514
220,-0.01227974060307585,0.03006102893579493,0.32339238553751004
221,-0.01937072713383789,0.019747925355562634,0.33523381089405824
222,-0.02123355888270735,0.01422839321489211,0.348477023554706
223,-0.029435193176789942,0.01683819205003509,0.3635976065883465
224,-0.03248113946263141,0.020883605458825838,0.38220752209666564
225,-0.01675774243575262,0.02362578298269613,0.40386812474417133
226,0.007796171945012781,0.03357652778881026,0.425401967628354
227,0.022366027223000406,0.04595192834542233,0.4437768552038177
228,0.02213769022123052,0.04464642392087928,0.4581539026017545
229,0.01268907651798809,0.023200452717848485,0.4675228210064295
230,0.00144791461752658,-0.017134288933043695,0.46842195886263416
231,-0.0047590604461990454,-0.05656942433519102,0.457271859923591
232,-0.0038843108110952485,-0.06893854984728835,0.43009964409439405
233,0.004688537967352913,-0.055472979644204654,0.3827224837522363
234,0.019253830894844254,-0.03314915116633119,0.3172186255513134
235,0.028718600714785464,-0.016059552467150212,0.24222087985981833
236,0.02545702632067942,-0.01464531641999961,0.16773799716909266
237,0.011844023931985005,-0.027821031413115704,0.10125390231114995
238,-0.006434578679178151,-0.052382464772005616,0.0453931107411738
239,-0.019612282710350266,-0.07908018169711814,0.00011229263252943156
240,-0.02207303969966297,-0.083883272641888,-0.03349168918754036
241,-0.021347796046588083,-0.06511921024475693,-0.05193207023665414
242,-0.023964911612553035,-0.04855310834671232,-0.05193240187394116
243,-0.0280177342333493,-0.04770964238803757,-0.0330894764879654
244,-0.028059827536324633,-0.053171129198850725,0.0010299147629761751
245,-0.020923117234965788,-0.056644896356696395,0.043785153845862956
246,-0.010233926495869405,-0.05806496283954529,0.08860404866012439
247,0.0012415681127330158,-0.05538182921217438,0.13064810707969066
248,0.011676339836967947,-0.05021970845870856,0.16710032768817817
249,0.0184432106890398,-0.04442962984868274,0.19729862475409804
250,0.012685572226641045,-0.03385524420289324,0.22200660777164605
251,-0.010503563491093465,-0.020774356326153938,0.24219651477855997
252,-0.03316454403909258,-0.014018037092946266,0.25877001671314226
253,-0.04361531150748535,-0.014685730950570144,0.2724197731123189
254,-0.048026381634778126,-0.02116744531909301,0.28331635061544336
255,-0.04266159386869195,-0.03342713749846157,0.29123967212070434
0,-0.02947702738014113,-0.04074296635433527,0.29574072298077825
1,-0.029015211417925624,-0.033635676429854974,0.29709662204347953
2,-0.045019469093235676,-0.02126586478012018,0.29647762259264343
3,-0.058137457398626705,-0.018077701806391663,0.29468491497029026
4,-0.05496656533595251,-0.022164451876899735,0.2923602783846555
5,-0.037784732412432104,-0.023561388944397674,0.2905927024590017
6,-0.014477854247767208,-0.02228965158804666,0.29008348072035905
7,0.00014164996919019401,-0.01992918198436109,0.2909671384650321
8,-0.0096751333713255,-0.017716080015264313,0.29329036866916014
9,-0.032691735302914526,-0.017553156160410026,0.29640997511091904
10,-0.04398194302674899,-0.015958734293986275,0.29953606538701016
11,-0.04344375427548386,-0.012701179144808283,0.30240331174342827
12,-0.042537053565655014,-0.012663689830296018,0.30473796424094235
13,-0.0412387690394882,-0.02443005758786994,0.30654690941943097
14,-0.03680469104950665,-0.04758985511853587,0.30858833861557045
15,-0.02825617763290554,-0.06096839196991867,0.31177353715768374
16,-0.01809520036717559,-0.05800826014991012,0.3155208120590409
17,-0.011750586063603803,-0.051778762721361254,0.31909335950454387
18,-0.010089553709192803,-0.04687233807545124,0.3233917721136268
19,-0.010683089724058847,-0.043595149936350774,0.32844536965597715
20,-0.01359980185522923,-0.04095661764387465,0.3323190461453571
21,-0.015868552581898517,-0.03458975962164723,0.33400632016603404
22,-0.015805957280789096,-0.021866735597714376,0.3346223763711673
23,-0.02097584202754748,-0.007704021406789011,0.3346235740006198
24,-0.03000015166740956,0.0013532783292106304,0.33303447595455127
25,-0.029093207102543338,0.004978645457574413,0.3299542870091231
26,-0.0174836128661634,0.0020883465250676886,0.32700632524562323
27,-0.008478447472661882,-0.0038475232572011547,0.3252268763947198
28,-0.0019102811330690417,-0.0060673706097877506,0.324226587544148
29,0.0021786701039769596,-0.009964026881465686,0.3239697803046403
30,-0.011055191752349619,-0.026503703387053837,0.3247832043692994
31,-0.029603926604231,-0.04937554309683309,0.3262335390986415
32,-0.026189096307215276,-0.05842486789175273,0.3281675424647008
33,-0.0097062912695913,-0.04859346348874484,0.33121910579069125
34,0.000660514191314153,-0.029207637365357503,0.3355529035282826
35,0.004284052950348796,-0.008801765391745264,0.34041158195772503
36,0.004286869536422364,0.009133826896366631,0.3456070829677661
37,-0.0003470252931830342,0.020894897037354643,0.3514238885774964
38,-0.01226969954236197,0.017594957639960884,0.3576588912804467
39,-0.02234386558988212,-0.0068097690293984214,0.36364033660903783
40,-0.01966951309106589,-0.03600842462515225,0.3682094304965978
41,-0.013565809744124704,-0.042753268215695917,0.3712271803584609
42,-0.012890367219466986,-0.02695272478083202,0.37366058171510674
43,-0.01328588830148545,-0.004936214992105087,0.37572134553535497
44,-0.013735523940967415,0.00619743755476071,0.37717072299216414
45,-0.014025662195905286,-0.003474184923896173,0.3784839400744684
46,-0.01023924249077525,-0.019019418802903143,0.38070617696441966
47,-0.0032208450044576703,-0.020813698291196364,0.38447551548799663
48,0.00245119254250252,-0.011392783358418646,0.38952796453144767
49,0.005703125680453641,-0.008116432453723177,0.39500157805657143
50,0.006383643289690946,-0.0169447639934307,0.39969982993706843
51,0.005929593000184183,-0.025263964030142583,0.40317271401159704
52,0.0078112212129100855,-0.022586029393952156,0.40594018576672153
53,0.009782573986870047,-0.01661012395719802,0.4073702949213871
54,0.010483685347906876,-0.016646962657706488,0.4066506840006612
55,0.011777122463567782,-0.020355321503663204,0.40500228124502047
56,0.01035316496518883,-0.02413089143094377,0.4038437641006791
57,0.006781287872957065,-0.023079561137264337,0.4034912340453698
58,0.0061244483250198975,-0.015927707629796173,0.4031661969681398
59,0.008695682163247884,-0.009986670542414394,0.40231050152884074
60,0.015622093142149074,-0.005774374302798091,0.4023034040709942
61,0.02138925712217994,0.003669056017107375,0.4040310785201241
62,0.01627466419925276,0.01163242375647236,0.40705827848622644
63,0.003746504005226678,0.006237742502018417,0.4115346542397029
64,-0.0073561744359251224,-0.005095544012854253,0.41701935078740404
65,-0.008135552075464722,-0.009839202306229144,0.42160131845452087
66,0.004033101939970918,-0.006202648875495209,0.42413442940240875
67,0.014983506652220202,0.002154065856483367,0.4251766766447993
68,0.01491128248043784,0.008858377169762621,0.4256764733494214
69,0.01315287487278223,0.011905311950332842,0.4262870116114512
70,0.01585967023477823,0.0157531079440712,0.4275374021765137
71,0.013466283028586823,0.02080781077189725,0.4297856788216503
72,0.001171751403615251,0.019045188777141786,0.43294723092593435
73,-0.010903970572755245,0.008954969999998563,0.43648419205421507
74,-0.017722685987969417,0.003357972271393339,0.43955981604388206
75,-0.019044819981855615,0.007877669447281022,0.44187892556272645
76,-0.010421739343979108,0.009149879464861593,0.4442345155398668
77,0.001476303150868441,0.0015455566484388478,0.4473652146487852
78,0.007487966372854815,-0.006436000972288483,0.45113689757939546
79,0.010664799944205133,-0.00904320008984355,0.4551615589097804
80,0.013366440600166507,-0.001743374120105362,0.45942669818700077
81,0.012302878958986296,0.012254109219193704,0.4639209115784162
82,0.010248264166338061,0.023545446829489614,0.46829552949725595
83,0.012069987938027271,0.029051709672951162,0.47249104279486565
84,0.012728477837873786,0.027946849063921225,0.4764549367926856
85,0.0067154175515644066,0.018741945939294777,0.47965974178604953
86,-0.004817854548541001,0.006103942722684927,0.48189266404920517
87,-0.01495610592141175,0.002213585634949139,0.48295523165270904
88,-0.01681802904211932,0.01198715990380858,0.4826914987413251
89,-0.01227002640167174,0.02300807467705024,0.4814209437874992
90,-0.008325011689351541,0.027759746901727375,0.47940105953558865
91,-0.0065243983015285945,0.02897115460497096,0.47714563285317313
92,-0.0025955440382146866,0.02660775918372984,0.474942238142001
93,0.00525247869168699,0.023271901457417005,0.4725893408305004
94,0.016963115760566666,0.025426441855005512,0.4699452562991706
95,0.02620244229218323,0.03103216370401706,0.4669643450246215
96,0.020497498190781227,0.032121668398794115,0.46391109584986645
97,0.004093879580913451,0.03153989873607366,0.46072157361022015
98,-0.0061012139912337005,0.03304788397810973,0.45696334628891133
99,-0.006648275635024681,0.03427423906361152,0.45275861807026274
100,-0.002967870110547194,0.034178099313248916,0.44851012198072837
101,0.003845974235289984,0.033375261786566385,0.4447610143942873
102,0.0165722198173541,0.0312918290703958,0.44245006908983875
103,0.029073685091036888,0.028559420999222894,0.44176781545391
104,0.03335938158696217,0.028820595342386766,0.44158104153685285
105,0.033270220687654534,0.03139172140919258,0.44047636954437763
106,0.02830469909089288,0.03133607208033653,0.437797732084128
107,0.021645400310761037,0.025520875178360825,0.43399914510117976
108,0.01906074780293744,0.016191889520775077,0.4295248070810693
109,0.01369090702126995,0.00861129355524129,0.4240912950937139
110,0.0028298193781699232,0.006921786481866143,0.4183847618321428
111,-0.009212866739712385,0.011965741101875621,0.4143516351261909
112,-0.01716821531382636,0.01893190788383349,0.4124825867395008
113,-0.01702420344853171,0.02167084521262294,0.41191914338170843
114,-0.013958110481356395,0.02187553811860496,0.411368582719029
115,-0.01319546953681526,0.024622922126897304,0.40932690886599565
116,-0.008492855158325222,0.02855866402358459,0.40611395483905777
117,0.0023081001833635956,0.027888049713309826,0.40233469228424323
118,0.0065162920584751205,0.02042002260118389,0.39749903799477804
119,-0.006456490439987597,0.0140186566009321,0.3914899247617456
120,-0.02368607040789185,0.014499330479216227,0.38385454380561845
121,-0.02458813039011362,0.014642212617483663,0.374166386459708
122,-0.01109725575863009,0.009170085277060647,0.363467971493024
123,0.003103841396342316,0.0038771381169130925,0.35271334067758786
124,0.008220609946235774,0.0050848478674207775,0.34232674811205965
125,-0.0016590894159058955,0.012864360710069661,0.33299029121128865
126,-0.018354058982076885,0.02383405014069484,0.32482141720019475
127,-0.026431083679723702,0.033958301971747984,0.3176059694202267
128,-0.021370625847757917,0.04089540126740088,0.31094137294828006
129,-0.010057308239424627,0.03849254257493534,0.3044263277105136
130,-0.00446515853187187,0.01760697781682835,0.2983795731412191
131,-0.004522835752412427,-0.011301462895016962,0.2935614997915975
132,-0.002057234613737753,-0.026071680776578454,0.2898766092157793
133,0.002584004263396167,-0.024636214080197366,0.28626488607219536
134,0.004294464126968982,-0.018812107312645265,0.28256078064457535
135,-0.0001625826184574533,-0.015905692735111998,0.27949625742331075
136,-0.005118692012533604,-0.015444223713147909,0.27777672278258747
137,-0.002793929521514124,-0.00999988313286529,0.2769279879916541
138,0.004520418217025396,-0.0017679107478894562,0.27483010658960627
139,0.0089106118951843,-0.003738934070030092,0.27061824490878617
140,0.008276148577810893,-0.010892744134166521,0.2654341261326094
141,0.007694053484834613,-0.008143393961543621,0.2603583067771593
142,0.0060990377727464925,-0.002266881955817035,0.25602579315309526
143,0.00266497386373947,-0.009405454217717546,0.2525629250908663
144,0.003660486686514872,-0.024546346453167833,0.24977417210721686
145,0.002488496886709775,-0.032452766133236,0.2474636961317762
146,-0.004520074270580798,-0.028929781932739485,0.24548453845712725
147,-0.004531471384486469,-0.019249742149680366,0.24401591819697932
148,0.00981027410090968,-0.015484854131605136,0.24299008643751352
149,0.03377830592677739,-0.019131302793052224,0.24270279174907483
150,0.05026460643609096,-0.020762364017168772,0.24426833161247496
151,0.04204362143869312,-0.022508249300698613,0.24754948250090814
152,0.012573592443499565,-0.02367739787388129,0.25094224368296725
153,-0.021557482922142546,-0.01696528717718257,0.2529144449201677
154,-0.0379064394358076,-0.006973441317926904,0.2535314193183358
155,-0.01767202949109667,-0.0034655110332384442,0.25462503991849805
156,0.02087362508447521,-0.007903742216133158,0.2567929552271625
157,0.04137199551718332,-0.01654971251883941,0.25879807582743963
158,0.03683714930928639,-0.02733790429758398,0.2598013169816933
159,0.01987591816475545,-0.03254445559083677,0.25984697391963296
160,0.004615313596377124,-0.02050726951302323,0.2596311887366449
161,-0.003027587760660616,0.0047204662559194865,0.2598947236381204
162,-0.023042630931167096,0.02205715682930369,0.2604965689432598
163,-0.05118044900081542,0.01650034279952403,0.2606240419856387
164,-0.049195634901284174,-0.002660250332194941,0.25977075020927565
165,-0.024385914316182478,-0.019394674244655546,0.2573248243902745
166,-0.008739395326041233,-0.033105329081407564,0.25311795632119527
167,-0.0069436214269484875,-0.03951994061102686,0.24848342696605275
168,-0.019066635751703753,-0.031553809184667325,0.2442461002735956
169,-0.03552244242012981,-0.021914473893537692,0.24060180385841579
170,-0.033275145925504734,-0.02204233606228552,0.2383400478014437
171,-0.014616282645154688,-0.027277463372237583,0.23699714052352616
172,0.004397152452216002,-0.03169912524267099,0.23502146907076749
173,0.01836292394610517,-0.03185376337790216,0.2327241748362835
174,0.02237563449812613,-0.031537257318423245,0.23137499918446613
175,0.015806367594839887,-0.03994842041947791,0.2305276902343939
176,0.004217149659943797,-0.054420738281916486,0.22926639352401912
177,-0.005474505704897603,-0.06106234010112871,0.2275212495769514
178,-0.00889760320585431,-0.05686374725476408,0.22502996426838395
179,-0.01307720470940453,-0.04979860000044829,0.22174874052917704
180,-0.017552773743912287,-0.04138156522263732,0.21793768592047857
181,-0.00834689275504888,-0.033028934674542876,0.21380417878324454
182,0.010251656950456711,-0.030012212217485262,0.21014655451961417
183,0.021053835111443597,-0.032695120176156944,0.20792509096101586
184,0.021245328639977384,-0.0372848656340114,0.20801445031325339
185,0.018890056024285173,-0.0402731778832263,0.21043953353922984
186,0.014680125797451427,-0.04060494539600311,0.2134126805237565
187,0.0024570690533738393,-0.04058374043849733,0.2143184673159011
188,-0.013797393027157434,-0.040086651346595774,0.2115348633677887
189,-0.025685795802758177,-0.03603509402233293,0.20484069313186237
190,-0.031034945550868442,-0.03154957954696222,0.19431849668676893
191,-0.02693888905186151,-0.03062612351026861,0.1802529845024191
192,-0.009585845017751116,-0.0304973075790059,0.16409448319501496
193,0.012238556639681597,-0.02907548531415502,0.1479281843400092
194,0.0273774358622315,-0.03023278438375246,0.13282842987152432
195,0.03263112864633194,-0.03631144886534031,0.1195280581608551
196,0.02537546984742514,-0.04129560493314985,0.10907709107892385
197,0.01197265735692829,-0.037869240638811676,0.10180914981576927
198,0.005276312921653814,-0.03183783631860447,0.09767103167310617
199,0.008019488355915427,-0.03151570205048397,0.09643814045912275
200,0.0015876418973490014,-0.031183493030917997,0.09722270035130742
201,-0.025955872933973057,-0.025679459235512375,0.098253614675332
202,-0.04596857748762445,-0.01760188930876111,0.09718300572887689
203,-0.03500689860716,-0.011314231333366453,0.09255887068501373
204,-0.016929294081727886,-0.00941336523976781,0.08505141130992805
205,-0.012597444202876507,-0.0107882622576711,0.0767458933285124
206,-0.016084106367382278,-0.014612829939904134,0.06901776160945641
207,-0.01744320371098257,-0.02031477889421504,0.06216149059464304
208,-0.010790356861431927,-0.025055952391705605,0.056319920283455754
209,-0.0010881227136602667,-0.03005603055608913,0.05159590498910577
210,0.008105426789552728,-0.03760587539726451,0.048301248938887625
211,0.015399421446698203,-0.041203109318600106,0.046640091010181434
212,0.01750375767987944,-0.039187582174423974,0.04611309917902401
213,0.016078075478919984,-0.03702269797479418,0.04567629537919235
214,0.007934775785380543,-0.035072579732253695,0.044126000276274335
215,-0.007634858732535832,-0.03222671779211432,0.04086166696875876
216,-0.02122358830484891,-0.026850263312285794,0.036074854550643964
217,-0.026396396751718593,-0.015082059323958646,0.030413752470519445
218,-0.023725512702320067,-0.000927416176436463,0.024614412415756896
219,-0.01695772673543053,0.0036865338388011246,0.01934471366791178
220,-0.006935727678443443,-0.0022070714848824308,0.015232549978767704
221,0.006537212345370233,-0.00944523744214501,0.012259393770325006
222,0.01714292070440271,-0.01204984106594302,0.0102324761091529
223,0.015363826844926015,-0.008722877845032562,0.008937109286697172
224,0.0003774309856721114,-0.006572188394440501,0.007651871216795662
225,-0.01719663559345315,-0.01138211992828942,0.005964075371771994
226,-0.02754379418521459,-0.016021470071218694,0.0037278759259937455
227,-0.031010999815439325,-0.016817742432488125,0.0009598222150558611
228,-0.0304432776043769,-0.018967134257527066,-0.0020525325360570106
229,-0.02226519228802424,-0.0250002648400003,-0.004931371697417648
230,-0.009190815074199131,-0.03278188342078067,-0.007240308150619507
231,-0.005820204595707701,-0.04049672671485338,-0.008293204411011303
232,-0.008514835593611492,-0.04824355098024807,-0.007595783645185483
233,-0.005177218711238191,-0.054375855258053524,-0.005753704899666392
234,-0.009444409183464758,-0.05427537371857413,-0.0028372265284786723
235,-0.025416917494302235,-0.0433976834455031,0.0015260794496075175
236,-0.03179210799634698,-0.024023871741213926,0.006342696280973829
237,-0.02300159304774549,-0.005751254373121989,0.010296257126717237
238,-0.011629641280560488,0.0008044645391717953,0.013249758911358715
239,-0.004605115238500525,-0.005582717218839031,0.016154368972164546
240,-0.0015654891438530716,-0.009352738158794671,0.01911791779535596
241,0.0014041337449370583,0.0031187013828958277,0.02100477002450693
242,0.006034894931971541,0.018144846458419468,0.021566315767589175
243,0.004099311250932464,0.009225016200172197,0.021470966466877683
244,-0.007001906410663242,-0.02410360449198224,0.020985922625176415
245,-0.016147338339228656,-0.04943581336282872,0.02008495537155653
246,-0.016921556848779884,-0.046017949879791326,0.018660328286722788
247,-0.014122135928895246,-0.02898936235079358,0.016532757600987373
248,-0.013356099102413505,-0.016969220789072648,0.013318323705540376
249,-0.017135535847079178,-0.013411796786822333,0.008791969596634766
250,-0.023673094367679587,-0.014492768149160729,0.003717989729532481
251,-0.02898400976456106,-0.013770645796493938,-0.0010258072121674677
252,-0.03142055156883333,-0.0068054398099978985,-0.0056660992490019
253,-0.02919804371579124,0.002746261140718964,-0.010803764197755524
254,-0.027650187784551555,0.001679877998424728,-0.016552972837235336
255,-0.03131424350426901,-0.01998268542829762,-0.022503680221319843
0,-0.03529737957846528,-0.0561045531866725,-0.027986431068915532
1,-0.041558693708513436,-0.0839790588022985,-0.03232843786359342
2,-0.05424475786536162,-0.07922805249842943,-0.03483452790879388
3,-0.0658168488675398,-0.0472001579484736,-0.03604144870317588
4,-0.07011931091923423,-0.02079349089023802,-0.03753186552101073
5,-0.07198788779971937,-0.025751708561357556,-0.04015752337720126
6,-0.0746397405658501,-0.06268683764282176,-0.044066623084062534
7,-0.07936421118206444,-0.10231420519028242,-0.048625780848349384
8,-0.08658570241623773,-0.11038711910259899,-0.05280344387523979
9,-0.09105597487868469,-0.097951407511644,-0.056112796099845125
10,-0.0977438059875343,-0.11099386271715442,-0.0583430638033359
11,-0.1107174245525456,-0.158812146358047,-0.05937888364633842
12,-0.12000921939572354,-0.20441439647943527,-0.05980466085024269
13,-0.12152962333696304,-0.21790484354551043,-0.060556713430438586
14,-0.11914743556147245,-0.20207397125238247,-0.061549265719186314
15,-0.11804048878141526,-0.1827615794659745,-0.062196543985924946
16,-0.11858372041590026,-0.17567018501927167,-0.06256807515314625
17,-0.11829521256608994,-0.1719375697457407,-0.0630718392230735
18,-0.11958530338634366,-0.16453348763056796,-0.06396181548940358
19,-0.12578928268147882,-0.1588973754014689,-0.06482832211973016
20,-0.1308711769431702,-0.15454047454802644,-0.06462593619056609
21,-0.12920544755226512,-0.1482779239813423,-0.06311052730542788
22,-0.1293341388115985,-0.14952226953054204,-0.061560182142517045
23,-0.13498844655873388,-0.16772813151294919,-0.06084010019849628
24,-0.13939162808340322,-0.19173844336671098,-0.05987998153286142
25,-0.13826068149690784,-0.19882877228347917,-0.05760910901310207
26,-0.1346088855024431,-0.18412349942531492,-0.05457062295668216
27,-0.13118460832740597,-0.16124646825928324,-0.051515234968073406
28,-0.1235338624616168,-0.13844187578988554,-0.0488712234170309
29,-0.11379030283161387,-0.11627508252246091,-0.047144607771170896
30,-0.11049282241277171,-0.10241881215199133,-0.04623923129451393
31,-0.11028702997738482,-0.10810856920673036,-0.04566718244363538
32,-0.10498076900210307,-0.1264568088506844,-0.0453309183112883
33,-0.10191657298234413,-0.1324077313065978,-0.04481626984459533
34,-0.10604464118766432,-0.12710082610123852,-0.043330402174785454
35,-0.10812585788332696,-0.13759555606538398,-0.041114080145831955
36,-0.10489823484594718,-0.15680381001081367,-0.03925852285571958
37,-0.10168690698482197,-0.1565779970456449,-0.03781598160380317
38,-0.09973399186183501,-0.13927045430128748,-0.0354362856340347
39,-0.09312690768666343,-0.12082330916509165,-0.031558282755908815
40,-0.08177281491001395,-0.1037240941437911,-0.02715921640702905
41,-0.07697880897506854,-0.08695464001033706,-0.023014894672084077
42,-0.07937238916796754,-0.07571736883992689,-0.01861073655106972
43,-0.07045118221668317,-0.07497686992767322,-0.013634712682936243
44,-0.04981038511261976,-0.08306723899718402,-0.009520872631391016
45,-0.03666608701550367,-0.09480586117090906,-0.007742738221504546
46,-0.04193664507314521,-0.10107156504782405,-0.007591586848013164
47,-0.05741497557833758,-0.09453662955535497,-0.0075518590154028155
48,-0.061495855132968597,-0.07753644076404048,-0.006668694761834657
49,-0.05094479034630931,-0.055528833780486786,-0.0036643056317078315
50,-0.04100795347314838,-0.03336020552533181,0.0007953784291032835
51,-0.0333699879051561,-0.01667671876772764,0.004294557108770455
52,-0.030473199172035392,-0.006104680013777702,0.006456844224267455
53,-0.036179484716555466,-0.019858237612231516,0.0079710279507253
54,-0.0331084112239034,-0.062365201919963864,0.009442417147203307
55,-0.01876599811837995,-0.08326836340863761,0.011702766030504116
56,-0.012378862855780798,-0.05946633768822396,0.014815381493211918
57,-0.02162639437012351,-0.016897603323576094,0.018130706485448192
58,-0.026193578563922404,0.019792357336370914,0.02104861281924289
59,-0.013509355150504304,0.03641829927532869,0.022667166166500802
60,-0.002268426399896245,0.02118920775397054,0.02224457649695099
61,0.00034189560602010394,-0.02423615838272708,0.020675374638305127
62,0.00005274709268851541,-0.07052449597736626,0.019587794170545368
63,-0.0015601675142419003,-0.08474598348811668,0.0199278840763032
64,-0.0013134169590363898,-0.06052507383277528,0.022646372401324763
65,-0.0010140927580560843,-0.026896900341254304,0.02818379964701654
66,-0.003831845655902111,-0.01990227260351235,0.03549440739973923
67,-0.004415113403457002,-0.03683966094305391,0.043705463690786095
68,0.00022259302020528893,-0.05377817442668309,0.05218089214842821
69,0.004970225925281388,-0.06900781558950497,0.0591680837594164
70,0.004843090060322713,-0.08262640358343731,0.06238157342327827
71,0.0017991289878148686,-0.09407091476170487,0.06121443377292443
72,0.004757352961293829,-0.10860863647062674,0.05799524610887133
73,0.014338461965292579,-0.11479491345776766,0.0548296325578759
74,0.017236131171706096,-0.10324648920463053,0.05184126948068851
75,0.009449905786201446,-0.08855599331122366,0.049180327284488595
76,0.005631307871611951,-0.08177744303183543,0.047362110482303474
77,0.011471721496320475,-0.07647019081716822,0.04749564063587129
78,0.019620250178245147,-0.07243961524565223,0.05019815162006949
79,0.02829991411590707,-0.07372901552919298,0.05309809691884998
80,0.03433743348141255,-0.07298207617122338,0.053809466649708884
81,0.036637223034833605,-0.0644268621435119,0.05278021715089873
82,0.042526944890424134,-0.05413589158502319,0.05113924522783983
83,0.04930309971073717,-0.04931261466045511,0.04974042906601556
84,0.04598635371553972,-0.052786889908649215,0.04966812148353611
85,0.031563809728567954,-0.057188334393582174,0.05123866895601914
86,0.011513566344351633,-0.048151906622193374,0.053492859029221365
87,-0.0017783634856908676,-0.02488172227135932,0.05586938881560988
88,0.0036548163025720143,-0.006450141692319944,0.05853365973465466
89,0.01828435720082866,-0.007573464392867324,0.06144530841225887
90,0.024969728695011885,-0.015920064323635907,0.06441367499186679
91,0.020532772298012744,-0.012299457992066998,0.06746206549019884
92,0.009926512724905377,0.004624324933224622,0.07080668494278652
93,0.002011078708178432,0.02617600668695763,0.07422873306742112
94,0.0071163649727234435,0.0428638060305605,0.07680761879820935
95,0.029066131695436023,0.04957514467618096,0.07806094590098003
96,0.05415026722059299,0.040326521184207376,0.07834139917262992
97,0.05398451730669217,0.01210330024138273,0.07795442951670456
98,0.030145060933246856,-0.011846071577828354,0.07739708711721652
99,0.01710030924786546,-0.005737376752996459,0.0772086577280511
100,0.027327644005655793,0.01568586846276132,0.07747393929553284
101,0.038601660481294986,0.018635198020106325,0.07802174754601349
102,0.02983207507593074,0.006197121594112676,0.0787024755911642
103,0.008668657843804654,0.00525668438468585,0.07970870025631593
104,-0.004520131777607673,0.016843316335387604,0.0814080137139751
105,-0.0037459754523627223,0.02449532881266181,0.08406305555226751
106,0.0019990671687168254,0.022273622853991426,0.0865443132764516
107,0.0033215762280913927,0.01760452940024626,0.08697995627209754
108,0.0009546656962612088,0.021760806222324014,0.08568793689829893
109,0.003955245887041645,0.037796837732102795,0.08410442102026044
110,0.009951738074513428,0.05658256191011396,0.08283884968341404
111,0.007833256609155285,0.06895625254948945,0.08244507264842599
112,0.0018153217239775046,0.07514036314909045,0.08299495441803001
113,-0.0016357843660178978,0.0779220182518291,0.08362172001980872
114,-0.004149566169597475,0.0735723714221238,0.08366913691113254
115,-0.0036157202915656356,0.06214540252915235,0.08280550187924152
116,0.0026410647938342607,0.05315806436877518,0.08122418835683554
117,0.01032130836044004,0.05017903982590588,0.07922239383224594
118,0.01498507989837597,0.0522682348283669,0.0767364211300236
119,0.022539992934262128,0.06023868513120384,0.07476334261976739
120,0.03091402968895097,0.07136009296287177,0.07482516202040557
121,0.025075436079603997,0.08077487286575125,0.07775599912507303
122,0.011933166626341973,0.08758894953439467,0.08387998757350285
123,0.010805235750623143,0.09459935535910302,0.09279686402479367
124,0.016618419800817907,0.09954645435407405,0.10310335861977787
125,0.016981172299322354,0.09538754167312435,0.11321433210102749
126,0.013259899672695308,0.08390848516503788,0.12317412013775447
127,0.00749100737337173,0.07665338036456643,0.13522782682261414
128,0.0013959548636276187,0.07802994868633267,0.15156376825056345
129,-0.00039692190503022584,0.07968655132047497,0.1720601253282873
130,0.004248050461046718,0.07941500627777509,0.19392849682927654
131,0.012058748655768892,0.08189800664191166,0.21294026398449184
132,0.01805714875005071,0.0838589870551476,0.2264424377137617
133,0.02508539271552579,0.08515158391922506,0.23350381227474326
134,0.031015106637084455,0.0876133079215955,0.2325894907951518
135,0.026991202001634032,0.08445277012395547,0.22095981840848955
136,0.02073915778025292,0.07291097032072848,0.19354240845439885
137,0.020929449492210955,0.058713642628838825,0.14694866857743216
138,0.02370217366331317,0.04800220142682604,0.08558587778852156
139,0.02961780194241672,0.04458770540537288,0.01802009815265565
140,0.03527324568762447,0.04815264591041146,-0.04731777322122893
141,0.027698493015128278,0.05395863381190355,-0.10350196228726516
142,0.012302273816295325,0.057733282350884485,-0.14776203750520012
143,0.005876636577590411,0.05909062513183805,-0.18005323938787487
144,0.005407862183986867,0.060169483392964074,-0.19953922214181297
145,0.0029117518502422,0.06279390024507531,-0.20482220071121082
146,-0.00041028665102271766,0.0657392631014064,-0.19595336083112913
147,-0.0038044528506897962,0.06645607521409641,-0.1744083037620222
148,-0.008020012298367352,0.06500480765647995,-0.14299342491495032
149,-0.010710810462260995,0.06414043860688523,-0.10682561387823158
150,-0.00955867128550808,0.06829108665135089,-0.07121208509906643
151,-0.0049933840963760495,0.07531271286502147,-0.03948208713570239
152,0.0022096060583091104,0.07623618941469906,-0.013296169631569606
153,0.007508288001024543,0.06670268672594254,0.0078556613334161
154,0.008130978908258923,0.05266912669839008,0.02557822425098115
155,0.006181454885821808,0.04631974478175427,0.04092949483243864
156,0.0007913525039975958,0.05011058447247535,0.05482646215397663
157,-0.005836895263754152,0.055343384929920636,0.06791672679234195
158,-0.005450937113566187,0.0551083192516591,0.07991173510110727
159,-0.00040506309227988924,0.04982614772691585,0.08978573759342351
160,-0.000900506564457032,0.043583393661791286,0.09661223779043632
161,-0.0033925911446250206,0.040027961358499564,0.10019798025143539
162,-0.00021552546797570793,0.04157125200076972,0.10105563539025741
163,0.00457684048609637,0.045055702553577215,0.10070556466117692
164,0.00802375126135911,0.04671572708405225,0.1007837007283868
165,0.011463915560892601,0.04683952574674177,0.10131340358738403
166,0.013747869684511083,0.04452916234099924,0.10202268877652768
167,0.015221995243705433,0.041298813295058745,0.103674700135889
168,0.011366194375073857,0.039537590046161974,0.1065862910642324
169,-0.002298502103365553,0.03673294334398691,0.10991704083234005
170,-0.010555443990409374,0.0352513535050267,0.1126401603139437
171,-0.0010585483144521929,0.04040536666106842,0.11445280915972267
172,0.008958822660211814,0.048644454621957045,0.11568922708989204
173,0.0034172089442070647,0.05209751824881048,0.11632779753044092
174,-0.007229384670049842,0.04811837628244392,0.11615744311660559
175,-0.008682687022029192,0.043222907881438566,0.11590274764077252
176,-0.004060284616746304,0.04381940553774044,0.1163190238517458
177,-0.00024185650938192416,0.04626972263540785,0.1171167044887359
178,0.0002769364862059455,0.04573642348393847,0.11786106654833539
179,-0.0032106972771530073,0.04481030626905985,0.11884845209866707
180,-0.005923215925539793,0.04330285149532523,0.12027525087220498
181,-0.006041990260917084,0.037518211315065164,0.12133625445336016
182,-0.006697297823973648,0.0340814269121944,0.12145383174308028
183,-0.00823722741534242,0.03855624175313649,0.12062386394151764
184,-0.0059683691620594555,0.04505154749190016,0.11948057831482484
185,0.0011488518032296072,0.048443099513248766,0.11936911003362499
186,0.005050371935002467,0.04850124099709577,0.12064106192636054
187,-0.00016963343705948646,0.04476407451508757,0.12271781698251993
188,-0.006899656143177862,0.032636572275925535,0.12479868359500712
189,-0.004496415764529676,0.010836765150183725,0.12629751686060897
190,0.006096167559549004,-0.009369847632335865,0.12738451917158577
191,0.015878294305579285,-0.014026837061907355,0.1281384097057865
192,0.014843042285894168,-0.001385940831732102,0.12836552206036922
193,0.002333125028029119,0.015833724807449517,0.12812048469663095
194,-0.010259260978176622,0.02432503974079056,0.12763486984103983
195,-0.013650771043197008,0.025578666650603543,0.12714723965449592
196,-0.009247899810394165,0.027103799365427395,0.12710239959778746
197,-0.005553365659282633,0.028012243816705584,0.12822853337088808
198,-0.0075618376876574606,0.024470616789332197,0.13071175624304243
199,-0.009935687179135427,0.020642492842078808,0.13336543217516578
200,-0.009173152599649625,0.020532485099922684,0.13445087663294675
201,-0.011551370841794889,0.021530489806760783,0.1334682407981489
202,-0.017000474359098332,0.023169726620385994,0.1308826417754504
203,-0.014380471450685675,0.025928184756060374,0.12706494634145576
204,-0.004591348713966131,0.02878007889175585,0.12283164673789404
205,-0.0006397914828967649,0.03159512134709533,0.1189066927845967
206,-0.0029228225650749368,0.03501294379471103,0.11483300907067695
207,-0.003979257370055625,0.03665209931564985,0.11046476669001926
208,-0.004989237961061703,0.03323705091874374,0.10722394160506205
209,-0.008738798127004357,0.02958843691879616,0.10609689362622166
210,-0.011526363153960231,0.030214645913552066,0.10585862283949565
211,-0.010116306781357082,0.03058238651470055,0.10550361754011373
212,-0.006584760689531281,0.03000929067168387,0.10603436201070565
213,-0.004412149862998146,0.03292555295183813,0.107543272487432
214,-0.00574967258101786,0.03567614633255603,0.1082891989511548
215,-0.007278445295718368,0.03269409373252852,0.10759612486222275
216,-0.004725795661705678,0.024792982102104007,0.1062716632045615
217,0.0011834181895421687,0.01579058517834623,0.10511152973279525
218,0.009320554682370245,0.011667773913155537,0.10482907202949474
219,0.011888494595801831,0.015213010117548128,0.10524670485444626
220,0.001955925670199643,0.02253277734379144,0.10526221094275065
221,-0.00917214978617753,0.025239140561993334,0.10471357549412957
222,-0.010960147216742377,0.020128608586617913,0.1041394487372817
223,-0.011486026390023267,0.01692727239834882,0.10373982324303505
224,-0.018047535600299418,0.019831676154673072,0.10317745525792749
225,-0.025377208043124197,0.020937394779177623,0.1018763266107468
226,-0.02395327950676117,0.02099782577482058,0.09978335757531365
227,-0.015646685117683176,0.02518198179564216,0.09748327342455174
228,-0.012363649256500658,0.02535811674190517,0.09590579438752056
229,-0.013001205116061065,0.01613783330748775,0.09586518784271275
230,-0.013030153903156719,0.0080308790538859,0.09780113181791178
231,-0.012739119676233326,0.008040040313913963,0.1010511514846831
232,-0.008290342191243597,0.011943748084892208,0.10385691762881899
233,-0.0005091788215975251,0.01684679344316907,0.1050840658014977
234,0.00608652482037339,0.022820068900643108,0.10497123117081475
235,0.008192123440462003,0.026110046876839224,0.10436841977152567
236,0.0046376824959530605,0.0243065923900389,0.10357408275364843
237,0.0023272109144208616,0.022607337051094866,0.10260053638113503
238,0.005265659354240115,0.02319429688690152,0.10142987065239886
239,0.005032538466640243,0.021661509455182193,0.10022149449808854
240,-0.0030750373988925883,0.019539152850454544,0.09985969931665298
241,-0.011742296159425087,0.01921138808253922,0.10046214964354061
242,-0.013375420450414802,0.017702878437461447,0.1008393922417502
243,-0.008898871951530551,0.015697816247531735,0.09989961194261893
244,-0.0051271369359656566,0.015600063075763514,0.09817481303101483
245,-0.0077230798381408144,0.015579914135471641,0.09655105542591486
246,-0.013655439172239991,0.014815719111149747,0.0940670115693828
247,-0.015099608267057335,0.0157134649185368,0.08978633602317715
248,-0.011235568386167544,0.017505304212353256,0.08415923798087113
249,-0.0055312950663251315,0.017877992972131572,0.07797850595343755
250,0.0014012161532021492,0.018224143163344406,0.07198321271143468
251,0.008911988425526096,0.018961687201068514,0.0671510413522759
252,0.009905820281902532,0.017730046691552523,0.06411948789011923
253,0.0025620074175637386,0.015782636964522534,0.06255218402457122
254,-0.0019714016252525696,0.013957359485799042,0.06177482209306073
255,0.000105100445228129,0.011363017429591879,0.061147453406367624
0,0.0004433215702544374,0.011337622734021037,0.060063243053425336
1,-0.0057412153858829446,0.013001843365217279,0.05805469994988394
2,-0.012948447331056559,0.013060427086749211,0.05539394054006183
3,-0.014391011314904709,0.013729891058825501,0.05281182143001037
4,-0.011436142952537032,0.015874863862778206,0.05053742989560636
5,-0.010137955179924246,0.017406241190980318,0.04837760708447758
6,-0.00978849484140084,0.018422228239760183,0.04647134741706482
7,-0.004482448831250988,0.019718239684722513,0.04551509557041647
8,0.0021561761149027983,0.01756981633298913,0.045248399999395034
9,0.002149776011941225,0.010879728063688858,0.04455886625092012
10,-0.0035630038882240103,0.004249480325430974,0.04322694381663571
11,-0.007817121323124301,0.0005180636190420841,0.04124410762864324
12,-0.008622518092023596,-0.002499457107426689,0.038502950619016416
13,-0.007158624479056179,-0.00599296457638656,0.03554184961819172
14,-0.0010008800521021724,-0.004170697861328683,0.03250887474599286
15,0.007205249911031011,0.0020371497977916507,0.02885250447707524
16,0.012455027066242762,0.0061143684439449834,0.024557826996628812
17,0.01645379556924982,0.010924630995368294,0.020368535573216044
18,0.02183284699532878,0.01829620881895771,0.016965138232309974
19,0.02566960857608848,0.02452647315797027,0.014566560837325625
20,0.023058310982250946,0.028413863104857544,0.012776867062265142
21,0.012286910630536219,0.028389624824812373,0.01115257590030299
22,0.000471847624906957,0.02422678361612292,0.00980856557012856
23,-0.0032523890830223057,0.018460435751468773,0.0089577260922666
24,0.00006478889552800904,0.013351543439430402,0.008240237538757588
25,0.006071008725553051,0.010084189325778065,0.0063270713960639595
26,0.007271223408357924,0.01026135903252013,0.0025449651136434676
27,-0.0034334537737689547,0.015374093114422442,-0.002340526113489779
28,-0.018277680888752923,0.015539368274852541,-0.007522449661188658
29,-0.02362497713969816,0.002259872322453671,-0.01268179471922542
30,-0.018031854782835074,-0.010184154930264977,-0.017640955171698842
31,-0.010317668917717557,-0.006855968997656822,-0.022299050938822042
32,-0.007176586052461159,0.0047002427351604745,-0.026690456393596435
33,-0.00710025451091021,0.012674522848450609,-0.030229410480226607
34,-0.007741075629077068,0.016881427306977323,-0.032518430994719
35,-0.011217424789932234,0.017694282739784784,-0.03376182951483675
36,-0.015962804050879686,0.012621564000625824,-0.03371479703767957
37,-0.017615459779358696,0.005254940984861123,-0.03229226897034437
38,-0.015760227306907106,0.0006391685376929412,-0.03066656770762939
39,-0.012937868580312317,-0.000625630280229765,-0.03151530707102755
40,-0.012402220604686383,0.0040356200339122655,-0.03624252467396834
41,-0.013055442216813033,0.01031280446381437,-0.04273812702220452
42,-0.010105492306541938,0.0065077198191435676,-0.04830159975269388
43,-0.003584426042306771,-0.006371930920952586,-0.05202169673213175
44,-0.0010243484268961656,-0.017432588280237905,-0.054101569022747265
45,-0.0038522499128568477,-0.02064127430271659,-0.0550686199663126
46,-0.005176281622483236,-0.01724147329393865,-0.055180192081699025
47,-0.00499909934547875,-0.00968073848896097,-0.054283057998532
48,-0.004202393033461767,-0.0030004559088530336,-0.05195468645565127
49,-0.0004466475514797036,-0.001581872403180723,-0.047653702632666994
50,0.002334751741422003,-0.001985161877469603,-0.04186516491330694
51,0.002374785726190695,0.00023925491639807672,-0.03597022412689564
52,0.002995507406175088,0.006843189184693538,-0.03055631322284684
53,0.001216564166807002,0.014466669930856324,-0.02525599799342898
54,-0.0028220986141799104,0.0154000251882552,-0.01982212596703402
55,-0.0069100790117607724,0.007702346521682987,-0.014993074824162206
56,-0.010851338946094614,-0.0015847928170013015,-0.011769632721344583
57,-0.009890739161607376,-0.005936022168730591,-0.010642855846912908
58,-0.0050114684018638216,-0.004071985113506635,-0.010662623425309603
59,-0.001656504892039036,0.00034815380823319253,-0.009688944469562442
60,-0.002176815566913775,0.0027670774524301833,-0.007278053407046696
61,-0.003973567062417922,0.004230325556277059,-0.00512598976164462
62,-0.001468575447037105,0.005750977993082884,-0.004195201684477243
63,0.008628796241368947,0.006270720786011111,-0.003879866196228224
64,0.01988244654179848,0.005474465132444151,-0.0038716376637742238
65,0.01896296858678797,0.004346430681363811,-0.0047348435245502425
66,0.007218147619605257,0.006243982791252697,-0.006869311166147404
67,-0.0022174019338225825,0.011340966725502624,-0.009243136443655233
68,-0.0032067933265701176,0.015182740054682821,-0.010639053374851107
69,0.003567936947139805,0.014795551600570687,-0.010928764950367549
70,0.009083984384707117,0.010796043207551342,-0.010482323410088139
71,0.0032133811979176558,0.006781768306360271,-0.010203298609428552
72,-0.012541490085406892,0.007177483628803709,-0.01081218359231683
73,-0.0296319651585754,0.011837834967495006,-0.012103255840258391
74,-0.03403022631684431,0.015125663090786154,-0.013458596656648378
75,-0.02302069883527552,0.016645330851397605,-0.014265012634466646
76,-0.01112488298144415,0.020243744993213297,-0.014485308950882798
77,-0.006015623612503393,0.023527404773304894,-0.014472836397640368
78,-0.0043747421888739695,0.022646862244758814,-0.01410128169984913
79,-0.0015247354325212611,0.01744447894411748,-0.013196290192275022
80,0.00395793712762809,0.013020454815881375,-0.012255807659099432
81,0.007552244550088225,0.013838160561678657,-0.012117188392648089
82,0.003759193533999866,0.01829130467546074,-0.013366092847615061
83,-0.004700478488883497,0.02167629955709404,-0.016215843664385887
84,-0.008673730433867884,0.019279509510709898,-0.020226478089469514
85,-0.003034355512386313,0.012684115129857926,-0.02431457110244055
86,0.005149517902941221,0.00697253978215559,-0.027172529172325453
87,0.005062417786305548,0.007890604203843896,-0.028064286171766165
88,-0.0011833953416641313,0.016313797567485057,-0.026964328334351126
89,-0.006566951823372379,0.024171149700656154,-0.024334556801598198
90,-0.009621229829551152,0.028374742137738596,-0.02173292247292416
91,-0.007569357581864028,0.028129859849486974,-0.020379021665168084
92,-0.004809235869424888,0.018623106454509267,-0.019861679779253107
93,-0.006654049183860811,0.006653124952129455,-0.019997221083250336
94,-0.007976891404433202,0.00326215190567114,-0.02071408881204984
95,-0.009847205810552956,0.003920676430969827,-0.0214262918814381
96,-0.014390321446946935,0.0032110036884167303,-0.022307425171617948
97,-0.015673048679374094,0.0017631587108179192,-0.02354331743130126
98,-0.0112698796506559,-0.0023478934802067947,-0.024758392949607966
99,-0.006142317596373903,-0.0064093634468647825,-0.02563544502791272
100,-0.006444011892399772,-0.0056156175722374135,-0.02598599815333323
101,-0.010193952899451075,-0.002914959451304905,-0.02606341321548164
102,-0.012119479586089783,-0.002914794548457819,-0.026124991042458162
103,-0.01271471883896309,-0.0018738256538096965,-0.025924767945813318
104,-0.011890377756077701,0.00271108611347097,-0.026031577036691858
105,-0.009699095460765944,0.004704636105923907,-0.02732802082596411
106,-0.008230705533658983,0.0032534486095099624,-0.029353119890988662
107,-0.006340053425477735,0.003154702193602657,-0.03170268046617725
108,-0.002145081963357151,0.003626139655959121,-0.03428000425374139
109,0.0037157291234592785,0.0033059124972106,-0.036596351025371676
110,0.00902399686410027,0.003136181369768329,-0.03834269068740809
111,0.009947314223949094,0.004534327621576378,-0.03889784577787256
112,0.004830902648658736,0.009021022138414533,-0.03810081612897903
113,-0.0023954863128650833,0.013882015316388045,-0.036615671608739006
114,-0.0067202295486704505,0.017580161176239686,-0.03469625389874177
115,-0.008671170020689858,0.016804179526753504,-0.03285005639147397
116,-0.013530685636982925,0.008001126077182036,-0.0323778649331167
117,-0.021456581497740074,0.000864328257592667,-0.0343220672630309
118,-0.026679206498779362,0.003555160349180783,-0.03818302542985712
119,-0.026021909369340596,0.008897063668170085,-0.042146560841570646
120,-0.02048425469279301,0.009994789057855794,-0.04498673482798249
121,-0.012150563904174759,0.009750273641828122,-0.047018357182384785
122,-0.005525217190117511,0.010524605401082451,-0.0490334942864534
123,-0.0032992161954917554,0.01020627050984721,-0.05059698381312966
124,-0.0031219262447913995,0.009469779569294456,-0.050624470511386244
125,-0.003744434889299715,0.010463866874049293,-0.04942427406529942
126,-0.005722973066049582,0.010880150778471848,-0.048066791773022824
127,-0.00979122969943258,0.007858682449134832,-0.046612584306303176
128,-0.013611366302986809,0.0019042599793500925,-0.044900931095093244
129,-0.013418083689611393,-0.003129111885844013,-0.043219479925159385
130,-0.010758881914544147,-0.003740349005671023,-0.041499670168426164
131,-0.008182480045532653,-0.0014255452769561805,-0.039270326257360516
132,-0.008009094689969742,-0.0012912041183383294,-0.037201889532371246
133,-0.013048313378314844,-0.004413139902569613,-0.03713980835923453
134,-0.019671804439054155,-0.004853279901113991,-0.03864140872863732
135,-0.021192022428049094,0.00010932532696771025,-0.03938606379012663
136,-0.018383143767050053,0.006118196644929491,-0.03825734665526209
137,-0.016696197458091172,0.008986749749246695,-0.03571621569098432
138,-0.01581616645008882,0.009921135426780331,-0.03325608771005889
139,-0.013735465932304597,0.011938131748551448,-0.03194391245456962
140,-0.011953976160670732,0.011656612560687687,-0.03164756221974928
141,-0.01191514169948335,0.006450924709967873,-0.03186369829743922
142,-0.012013774455124374,0.0022064337896225625,-0.0317701904106531
143,-0.009065032531682393,0.0024876137403394283,-0.030761818623266157
144,-0.006108775425905252,0.0043990083524419535,-0.029161601127046494
145,-0.007651131237389433,0.0026158696582788132,-0.027215632215662207
146,-0.010110531467449183,-0.00421457796762123,-0.0250895551621804
147,-0.011020924098107537,-0.006973587414422874,-0.023358933564761576
148,-0.01379435194863099,-0.003072031946453127,-0.02224493629516324
149,-0.018180627113055403,-0.0017943005180696692,-0.02124657722377929
150,-0.019052899856358052,-0.0030933613464933646,-0.020075052052158412
151,-0.016003938459836525,-0.0037793062301540725,-0.018902978128224904
152,-0.01301743476816336,-0.005846953122439977,-0.017618779986978132
153,-0.011394291105909428,-0.008690727498768591,-0.015713788817729377
154,-0.011485052854484305,-0.01144977557131982,-0.013262369585083915
155,-0.0090173465730616,-0.0124653813973849,-0.010837717984503413
156,-0.0033733752159239364,-0.010994878670775018,-0.008960941027518259
157,-0.0005573737859572783,-0.008434830471987675,-0.008612302507831897
158,-0.002811032869009855,-0.0058450892574812285,-0.01008543261460354
159,-0.01254282327694143,-0.005233036145519468,-0.012518231419291394
160,-0.022615393991110525,-0.006955964578445967,-0.01515930433157191
161,-0.022598118851073032,-0.009190017473478487,-0.01718861039022964
162,-0.015888660300458962,-0.008064147495824847,-0.01782875982476429
163,-0.01250028187588132,-0.0035179813854214204,-0.017376066440096767
164,-0.015174617074656165,-0.0030244594986153645,-0.01656734994229655
165,-0.018441531244095453,-0.010707015599004291,-0.015956240789376408
166,-0.02025360685811923,-0.019677239202356464,-0.016144687341970304
167,-0.019545617423496767,-0.020341056956366135,-0.01720190726961609
168,-0.01392580035751885,-0.013918692303465055,-0.0188100719304597
169,-0.005485534297559137,-0.009945249795102445,-0.02088744993759041
170,0.000043626395264298456,-0.011910657649931572,-0.0230163475035177
171,0.0016474887942247024,-0.014010364742559428,-0.023875979889409746
172,0.002265801484092292,-0.0127958095256481,-0.022814551101143755
173,-0.00019698033688706623,-0.007734854013411202,-0.02074644210440303
174,-0.006443384993761389,0.0004574526574676746,-0.0190891296165846
175,-0.010854568760910038,0.00555981387146709,-0.0185000132855314
176,-0.010449439168705846,0.006556835862693247,-0.01841018791691447
177,-0.005510853877168126,0.009535029291260655,-0.018857720816666434
178,0.00040933423073881425,0.015658728566927335,-0.01989347911771732
179,-0.0001996281916384901,0.019139692987208426,-0.020972069594704233
180,-0.006899448620690363,0.0140026953466557,-0.02191291938737511
181,-0.009242489139333412,-0.0009323730006005268,-0.02242244333420453
182,-0.002084765558525728,-0.01647427563605365,-0.023032710514552163
183,0.01019129090282151,-0.01796955538391675,-0.024388784642665723
184,0.02159874566921864,-0.008050427574291488,-0.026142099166942184
185,0.025883717625009683,-0.002260758975757393,-0.027929957760180285
186,0.02511517140432032,-0.003281060088956525,-0.02898875163955629
187,0.026166874271857557,-0.00455761950703331,-0.028647048398757452
188,0.021168492000022937,-0.004194170983802092,-0.027379367780198657
189,-0.002486895354127286,-0.0006443753832794108,-0.025887562087002727
190,-0.03662370379036281,0.005510724303944642,-0.024699824388216315
191,-0.05679459193372206,0.007796610384840946,-0.024579271792434257
192,-0.053518522924901335,0.005622861779790406,-0.025873137551553113
193,-0.040713663763818214,0.007042883398657718,-0.02794546945600121
194,-0.03250442793397873,0.015478225611756852,-0.030089633470786803
195,-0.028894622359921962,0.023330901513357635,-0.03213242631265188
196,-0.024819640281990074,0.022088578031665133,-0.03374100257167986
197,-0.020539650404634,0.011722328787394605,-0.03444420087146144
198,-0.013345571294189645,-0.0006890261115923071,-0.03476426936656021
199,-0.0008948264188726879,-0.007578042172280766,-0.035003904078266077
200,0.0066587855447808875,-0.006851361556869225,-0.03426585564891732
201,0.0024659421531240677,-0.001992978683619112,-0.03240883848366741
202,-0.004991470362494643,0.004018709479259357,-0.03060947862558873
203,-0.007570132146539912,0.012197605244961551,-0.030688239314430654
204,-0.009593739304848262,0.020536020791923636,-0.03368845266128831
205,-0.01467665097535617,0.021423300299840346,-0.038451634912906874
206,-0.01857490347907398,0.01254256187628612,-0.043717487882585046
207,-0.017690226911899143,0.0036516303923820465,-0.04913257905345235
208,-0.012025282157708803,0.001155123763883742,-0.053936302768443536
209,-0.004113812614968418,-0.0015029986770228876,-0.05725078192635526
210,0.00278953319602733,-0.006066069714642533,-0.05901487428842858
211,0.006222817227643618,-0.007723264497326472,-0.06052343028204646
212,0.005058170809951121,-0.007358247799061274,-0.062335632603679386
213,0.0015296680343315217,-0.005732146302742436,-0.0636110977496514
214,-0.0012356812108161586,-0.002180691797209283,-0.0644094429174901
215,-0.0038799027806072084,-0.0005583860882904038,-0.06536815870622642
216,-0.0077952983313773205,-0.002232060855303669,-0.0665530884739299
217,-0.014419159818175126,-0.0018154107505607697,-0.06764952567903865
218,-0.02467857531181659,0.0012719143269049743,-0.0688084846238185
219,-0.030253453029522225,0.0017717008371092996,-0.07045431000559987
220,-0.02066368895616578,0.002859547291135356,-0.07274655609550168
221,-0.002598172152664658,0.00824064400309514,-0.0759724578610845
222,0.009860465822549173,0.01064774563397243,-0.07995235261421413
223,0.015772545040192397,0.004942300123501928,-0.08418530190676934
224,0.01984170657102844,-0.005546500834168702,-0.088608513375829
225,0.019914479213079227,-0.014060342590939356,-0.09293568372077904
226,0.011603403880171476,-0.013943416400031584,-0.09647222282249593
227,-0.005138820500926455,-0.008506674665741273,-0.0988924634853243
228,-0.02237055061033827,-0.007132231080534068,-0.10047271958493015
229,-0.0336961935933848,-0.011224713075040638,-0.10178386358753322
230,-0.03822238102464948,-0.014491888864205833,-0.10329005592713014
231,-0.033299841851857026,-0.012514265844607922,-0.1051414443812867
232,-0.02447272937724404,-0.009542102811828657,-0.10717846180827845
233,-0.020874338671340198,-0.008856618851334208,-0.10895912702582738
234,-0.023944101599450762,-0.008783983490243563,-0.11000756279132456
235,-0.031531250288501345,-0.011279063684377408,-0.1100788016467138
236,-0.03646580890405207,-0.018568811622338754,-0.10896150339109267
237,-0.03367195777990839,-0.024375005095551988,-0.10737574333193256
238,-0.02812706015563743,-0.023248975478476944,-0.10733317868888292
239,-0.02489710803516343,-0.02157765263637916,-0.10944643007496013
240,-0.022953667360758906,-0.024058114575668754,-0.11208869514427927
241,-0.02270508490152301,-0.02708520605107742,-0.11354266976024763
242,-0.02829235496518101,-0.02900904036265539,-0.1136832813738392
243,-0.03907816798097841,-0.028375575634782213,-0.11315483070139376
244,-0.050419696531468966,-0.022466115850133514,-0.11207699688929801
245,-0.05615523860375507,-0.015143473609133942,-0.11089889191157093
246,-0.05113705788336276,-0.01167476581619295,-0.11009390276099534
247,-0.04099694114805341,-0.012259469159654326,-0.10915894158933442
248,-0.0353735400403027,-0.01528694260037411,-0.10784095265972066
249,-0.035312515707547634,-0.022563265127017756,-0.10640278410809706
250,-0.03559552407521632,-0.03918063874107669,-0.10523402644986579
251,-0.03543684614812964,-0.05783828699893,-0.10507223911014796
252,-0.03790631518969498,-0.06246362975403963,-0.10580101113569507
253,-0.043709531284521874,-0.05293340637517613,-0.1067693280284045
254,-0.05197655983907476,-0.041715003482690804,-0.10733324995451982
255,-0.05564560018517294,-0.03829249471485824,-0.10643593225342202
0,-0.049291765092131165,-0.044291218836930824,-0.10416180719454354
1,-0.03809498794099911,-0.048040848384444626,-0.10215724814261162
2,-0.02973071407085494,-0.040410349686054295,-0.10171333620625544
3,-0.025834509822671783,-0.031315500924196354,-0.10273283134529398
4,-0.023455167135695232,-0.026944596638028256,-0.10414134423241622
5,-0.02402160313177798,-0.02468090203286734,-0.10495376175794435
6,-0.029345821809651035,-0.025633864252546545,-0.10520229346860543
7,-0.03660999825212331,-0.02600898247066924,-0.10506254069763171
8,-0.04043843233154213,-0.022056798659119747,-0.1041788233273176
9,-0.035951360670785804,-0.019577142710422046,-0.10349691315056164
10,-0.027380567148669044,-0.022526900652481335,-0.10387822810844466
11,-0.022079567334813137,-0.023025324720197138,-0.10328556470212219
12,-0.01727935702895081,-0.014382341445968755,-0.09901811201399785
13,-0.01161462993440017,-0.00383105620112488,-0.09060670938122489
14,-0.010840634953278638,0.0006485428598520804,-0.0793608851081265
15,-0.013070983153574939,0.0006710966552769676,-0.06583137806977166
16,-0.014022818295574772,-0.0014664457868144715,-0.04935174792242028
17,-0.01571837722179576,-0.003232245448736154,-0.030410442740770344
18,-0.013647590333938073,-0.002490618767108793,-0.010269113728407456
19,-0.002982064575904067,-0.002806064908486852,0.010009925639549958
20,0.004540159407569057,-0.004838108919974202,0.02779564437771033
21,0.0004242018113168877,-0.004779879127691872,0.03990297440740889
22,-0.007806550063778284,-0.005246611006307869,0.04438468822686073
23,-0.011202108199757407,-0.009640180962459707,0.039535085560277294
24,-0.005014759950529399,-0.01223760721434862,0.02391652539737127
25,0.007339405575779473,-0.010852348595070394,-0.005823061068767982
26,0.015294838984892284,-0.010836410265772617,-0.0537105804828982
27,0.014232504770721383,-0.013984521723303805,-0.11631888717079639
28,0.009314072142966104,-0.016659787127230874,-0.1836226197606223
29,0.008682385892643307,-0.016929149508462735,-0.24591656764166303
30,0.013535173954476412,-0.016743396362619387,-0.29796803958730034
31,0.019766725845765623,-0.017016034442797486,-0.3387038249550218
32,0.023562019494692662,-0.01742377202974405,-0.36808600979879014
33,0.021177836027642755,-0.01637155702445999,-0.3861949287968338
34,0.012897809345335944,-0.012862359480941922,-0.3915705921282695
35,0.001379224742128881,-0.009473278954803294,-0.38206738008672336
36,-0.010069658508901735,-0.009867078750894126,-0.3585233507627039
37,-0.019710305567976996,-0.013937164687965534,-0.3241666811763183
38,-0.026400240461200514,-0.018592180405311895,-0.2832511866815647
39,-0.028983884066168225,-0.022443425564115424,-0.2408718512099539
40,-0.02693042346401761,-0.02465193130224015,-0.20099005713083895
41,-0.020633405176899322,-0.02190771438231007,-0.16601733347626824
42,-0.014296922828812952,-0.01249682608540795,-0.13742903020073888
43,-0.012204895640394703,-0.001434422226099511,-0.11514679135805556
44,-0.01295692132055326,0.003981109351327745,-0.09726149376234994
45,-0.011859102729542298,0.003926010136908728,-0.08153508417760374
46,-0.008419239342949802,0.0037734338310909735,-0.06747686155088439
47,-0.0033974918386249497,0.003918097850569603,-0.05506087041521532
48,-0.00005557036992220876,0.0026385678948754876,-0.04446669942726891
49,-0.0006242583225882781,0.0018153562067205753,-0.03717890047953927
50,-0.0017427698980744394,0.003851179232305761,-0.03374676383093164
51,-0.004557758087759059,0.005790756625390324,-0.03249873900307898
52,-0.007430223714056328,0.004252020190197638,-0.030279348886697977
53,-0.004860699185940787,0.0026302329197432917,-0.025500840022972024
54,-0.00018737900851187317,0.004159228084668468,-0.02034914361605293
55,0.0031873728843264254,0.006686494002214542,-0.017381234754458366
56,0.004375601521347611,0.00837806886333671,-0.01611736271981333
57,0.0010581305084684522,0.010242977384129645,-0.015107604963205443
58,-0.003532002687477248,0.009665960146677734,-0.01365501520036811
59,-0.0038562962995722094,0.004230691882895432,-0.011004692249900094
60,0.00041573565153990577,0.0006551926785120649,-0.007950006630906965
61,0.0032992909726366065,0.0027157449231448583,-0.006457548907942735
62,-0.00021866119597899192,0.0044144371521976505,-0.006995841611613221
63,-0.006660112455522421,0.0023513987951545162,-0.008396790362139257
64,-0.008424142222648007,-0.001039519791339101,-0.009370149358650433
65,-0.004513094055318051,-0.0013564057605778557,-0.008272444792572064
66,0.0003968632359409724,0.0014421492170914735,-0.0037927221925102327
67,0.004084129736632705,0.002929564121410516,0.002362433277615447
68,0.00038207679005654305,0.0036294625907691003,0.0074664302425182585
69,-0.010831423782370037,0.002286342376529908,0.010332691757280061
70,-0.014889011444730552,-0.004266240468324717,0.010980594840654917
71,-0.011850055499970882,-0.007434595486970508,0.01028821985215633
72,-0.013730399768218604,-0.0005846817148227809,0.009435401349569425
73,-0.020065695456465693,0.007580905962560128,0.009472350870298733
74,-0.026358756676945344,0.008999953190104312,0.010108775183877358
75,-0.02853012857652941,0.004856737179493767,0.010157533145153691
76,-0.022263768408044813,-0.0018814350645542516,0.009557509705531788
77,-0.011645568195738483,-0.005481295518468293,0.008483564673178814
78,-0.005758090607264184,-0.0011685373335874744,0.007016034869189438
79,-0.005533225030877907,0.005881246497441386,0.005636386296208695
80,-0.004212277404025397,0.009267610379556007,0.00412573471972481
81,-0.00198293741582814,0.008494619426093232,0.0016270412501177486
82,-0.0058303035564496175,0.005091680332382172,-0.0022884471088785233
83,-0.014691362991888168,0.0026812743633506247,-0.006004927426156704
84,-0.020726921051277353,0.003707904536563618,-0.0072565477884749124
85,-0.019054325439424695,0.0057533458553963995,-0.0060890308754910465
86,-0.013821496489729558,0.0055123797999864985,-0.0036202149890728202
87,-0.012524472205224416,0.004991610593310693,-0.00037482999153319596
88,-0.015098876601748502,0.0073165535192494,0.0035600384238859
89,-0.01584257119687521,0.009182649095023608,0.008588415070675676
90,-0.0117090140628174,0.007112641407554951,0.014713566114079632
91,-0.0059529070334358725,0.003446113011325594,0.01993638261964635
92,-0.0033553202387258396,0.0020344336133342605,0.022264138073424297
93,-0.0045077445080125775,0.0029673188436282194,0.02248352122223328
94,-0.006032550771914421,0.006441612439785187,0.022541125819677044
95,-0.006723776716396443,0.011683132039033643,0.02324476105978189
96,-0.00647970418022481,0.013619932521590501,0.024308041048674095
97,-0.005060050335988036,0.011684544301119301,0.024922147016416728
98,-0.0033742430432645437,0.008052747989692806,0.02486647709460419
99,-0.001007265582722806,0.001306981264307408,0.025071993575511528
100,0.0014367527257399641,-0.004306893747698437,0.026027739271985054
101,0.005391145956405281,-0.0022158314582917393,0.02743864070855105
102,0.009234143180499484,0.004615618767747527,0.029684723674862024
103,0.005809004514461362,0.010538540019280063,0.03352608915881383
104,-0.0033609722210179854,0.013312723813472913,0.03848950320689787
105,-0.011430690196094738,0.012958918874208802,0.04285637171451079
106,-0.012522661767713217,0.010946436610801927,0.04578935844480714
107,-0.008587680759433218,0.009542116380174936,0.04830629330596349
108,-0.007842589265077624,0.011785700928101606,0.051611260176588944
109,-0.007540001793197887,0.017031685549410203,0.05506963107259881
110,-0.003701618880730728,0.019202314087071598,0.05700262452453257
111,-0.001334895289811483,0.016868174625328428,0.057485896324028285
112,-0.003674991473814282,0.012879969904312484,0.05754444035621037
113,-0.006837376613890722,0.007656098836113137,0.057333828066312015
114,-0.006344436006552628,0.0038615077318821245,0.05702510567724453
115,-0.003933624827951038,0.004399064270854611,0.0569908893570199
116,-0.0018945164955520843,0.007189702756306204,0.05716088767822186
117,-0.0006726523847042504,0.007144216925728836,0.05744101774995905
118,-0.0007446810563731809,0.005139456157053322,0.05795953691911873
119,0.0007834852317996494,0.006152124892098973,0.059291287927799446
120,0.0031922997519685664,0.009052292608309573,0.06222924599880236
121,0.0013553299129879376,0.011690054752633905,0.06648140565815475
122,-0.0037527172979307383,0.013521305618819028,0.07068190791601295
123,-0.006894423892626372,0.013653656790568312,0.07342150374120684
124,-0.002256777656006001,0.013324668728437919,0.07388349476196382
125,0.007249546340956647,0.013054829977890293,0.07180644179065071
126,0.013081346264874422,0.013123822234496735,0.06752898564707435
127,0.015657945254255408,0.015380499553870233,0.06241384084838558
128,0.015133970974235036,0.01674263648137135,0.05789396316639664
129,0.009600697003286855,0.013721349050962839,0.05483434765268551
130,0.002866460741278297,0.00889922799791254,0.05391260565791085
131,-0.0007933118113558901,0.0054239947581447845,0.054644667894154134
132,-0.0009095787896113289,0.007613784267764531,0.055459592836781466
133,0.00028945340963806854,0.015705168196711847,0.05581574770563508
134,0.000051894927667148205,0.021747624369266458,0.05590336055432121
135,-0.0016788997204846348,0.020280574233662613,0.055448470041727954
136,-0.0011459578463540523,0.015064916202818274,0.05464320139727005
137,0.004072386320482416,0.013886620352217396,0.05359882670843458
138,0.009171269404480625,0.016988344918422355,0.051555414398112565
139,0.007914666416486825,0.018145194055857405,0.04807063036731425
140,0.002611407223225795,0.014084885400038688,0.04370132416232468
141,-0.0005277380950410165,0.008564346017509439,0.03933960610680799
142,-0.0016301604649779367,0.005875275182595084,0.035505487553133416
143,-0.0023437754992194776,0.004558372954120912,0.03301161399962968
144,0.000003058166241826088,0.004667350694326944,0.03201435865750163
145,0.006035633767831408,0.0068111740233248175,0.030998884768445437
146,0.012011286292558952,0.005787201024190475,0.028706715785915257
147,0.014115865904140615,0.0022560063709678585,0.025189002930875462
148,0.011475598179987383,0.0018770203087827772,0.0216621731085076
149,0.009330137373268418,0.002383328049763739,0.01880214049251843
150,0.013198048649808662,0.002653980244947257,0.016066099718743766
151,0.022362285923196196,0.004686498352810584,0.013357743715193465
152,0.030300841488108965,0.004650729189541972,0.010389470584618948
153,0.02440711800448203,-0.0003732561341254076,0.006565939887944745
154,0.00907837795497321,-0.005958493997191838,0.0024480389204049775
155,0.0029718114110221933,-0.009095979006686544,-0.0013934636888831495
156,0.005379824197392066,-0.0099370053825268,-0.005447199036090106
157,0.009639991325651076,-0.007554725500797846,-0.009715053112563182
158,0.014332113314568434,-0.0036752007447276164,-0.013715334492747833
159,0.01560850295321714,-0.004426133704487828,-0.017449622050110053
160,0.011707938271042717,-0.010888923158645286,-0.02090708616372417
161,0.0025636632001654128,-0.013141868932730297,-0.023887699558546555
162,-0.0056373816309866764,-0.008248512381026057,-0.026814777814403876
163,-0.0035849572731051216,-0.00476223626964907,-0.03086319689247051
164,0.0075338496404291355,-0.004019325874151408,-0.036023853207864734
165,0.015404067615623088,-0.0028249693964376432,-0.040631108665776225
166,0.011128997429136644,-0.0030479764312215385,-0.043874822391474805
167,0.0014386051356331253,-0.0075296918633125445,-0.0466762696635183
168,-0.005917024595163911,-0.014694728439127044,-0.05025465897137815
169,-0.013248079425555316,-0.018382710472284305,-0.05557886624242825
170,-0.015964037430442557,-0.015027888289638913,-0.062528314154177
171,-0.008776463371543197,-0.007492930856880006,-0.06928825630930688
172,0.0017428396408693675,-0.0011981510443081628,-0.07438126479604287
173,0.01118651407682357,0.0013407328022144033,-0.07820018385618371
174,0.013877733048225937,0.002353364614513298,-0.0819440934891204
175,0.004195225301809423,0.004072984516777123,-0.08605776573943733
176,-0.008730079610481974,0.006530176278616656,-0.09043789024812324
177,-0.013353922524889903,0.010995606599246463,-0.09527496954815506
178,-0.009736161835418169,0.016790858008123938,-0.10144652434511472
179,-0.004198777592253157,0.021172769173796208,-0.10948241034018108
180,-0.002634630989943147,0.020740756541486327,-0.11709021209923831
181,-0.00621888444282491,0.01159402499004028,-0.12163853606632613
182,-0.011350790584716684,0.0009928118646829465,-0.1236696110426661
183,-0.012476523606518564,-0.0009747341011549088,-0.12469920791369565
184,-0.007556597924774859,0.0009945316725915726,-0.1253161886447175
185,-0.002990567511588667,-0.00023362903272733382,-0.12604340390115742
186,-0.002438821965820386,-0.0007674769222855149,-0.12773531392995174
187,-0.00201762291024519,0.003304809512903892,-0.13017893587902313
188,-0.0008150181843734703,0.008881963266392498,-0.13232322255479717
189,-0.002621852473179483,0.01328101654923719,-0.13407793052664885
190,-0.006928185853548575,0.013741622549329646,-0.13559920398460662
191,-0.007658946009849725,0.012889174953831906,-0.13693140162225081
192,-0.0032403782531458918,0.013777259333484018,-0.13813277107135158
193,0.0025384375320942204,0.01301827090738221,-0.13876637404305697
194,0.004652109375579576,0.016661028429035565,-0.13843433688488316
195,0.0008115733354324972,0.028957626158483837,-0.1368491548698456
196,-0.0037479701608809403,0.04216733067274786,-0.13431223847987023
197,-0.003477492892978516,0.04906246994461115,-0.13210352830684308
198,0.0011765062606765367,0.04626600829319499,-0.1310835335987447
199,0.00637464220253273,0.03866674517691493,-0.13100722537663206
200,0.0075845557763221175,0.036703431325790736,-0.13158476382602652
201,0.005663323757200108,0.04049142450631321,-0.1328765880448482
202,0.0046965173688143114,0.039934128688724896,-0.13415652643494402
203,0.004965563138554276,0.033575683847804794,-0.1343435106049251
204,0.004411827969208776,0.0231931985401648,-0.13329403748419333
205,0.0026690487553025326,0.004704091535677982,-0.13129035107764303
206,0.0030858625676308156,-0.015139361834821452,-0.12927116294927454
207,0.0050285942574187295,-0.021280087429566913,-0.12840692061316267
208,0.003943505111474501,-0.015474832948368912,-0.1285154915135231
209,0.0006708489640507003,-0.013971500354434646,-0.1285681316223803
210,0.0024048517917120895,-0.01831407993467512,-0.12814101411483425
211,0.012435145363655802,-0.015662490959043984,-0.127770502190986
212,0.021780432303441215,-0.006747103693439345,-0.127926482694737
213,0.024255026410817913,-0.0009595245937280214,-0.12837859051574863
214,0.02271276236647886,0.0024229718407240697,-0.12870496466432146
215,0.017378692613882904,0.004925056790778509,-0.1296036796665973
216,0.010730273419844463,0.005730870349994255,-0.1322053048426992
217,0.009397337140814657,0.009695271491370921,-0.13570091175173887
218,0.013716914856671661,0.01677720034043481,-0.13844826649319758
219,0.014961612217115058,0.018860191061397552,-0.13972061659724383
220,0.003077558400877159,0.01471102959044382,-0.13998840275594682
221,-0.018888149658345954,0.010672311248168032,-0.14032964119391744
222,-0.03415035289425343,0.007948842369157036,-0.1411797827773542
223,-0.03162359507395916,0.002875323183894135,-0.1422115293477662
224,-0.01810326155291636,-0.001666355222883692,-0.14259572585710517
225,-0.00585545188722697,-0.003043298130805769,-0.1422923485716665
226,0.0008774881706935106,-0.0053112868906848715,-0.1419817115373379
227,0.004494298166697511,-0.006730812183797771,-0.14166477426413987
228,0.008751257126538445,-0.0027264132111892575,-0.14104953942636678
229,0.014018674009841331,0.003575154986391424,-0.14037585783403828
230,0.015199077886168713,0.005636754590879062,-0.13996385779936582
231,0.008283674125270035,-0.0006127922510833356,-0.1398976337811001
232,-0.0022350480365107978,-0.011193123582451045,-0.14111872549696647
233,-0.012172031247358411,-0.01679042607978562,-0.14424344594465666
234,-0.01685440013493665,-0.012815940008003457,-0.14795947229251555
235,-0.01047434263486234,-0.006702517496207899,-0.15107966378375187
236,-0.004428935967174363,-0.00796919317457967,-0.1536915923757033
237,-0.012022834624109108,-0.01355543255845204,-0.15581262204808227
238,-0.02615854326141641,-0.015923702948033996,-0.15744671212232314
239,-0.037208810937825965,-0.01335393988698684,-0.15892139655078397
240,-0.043687097637561886,-0.014299692464228492,-0.16027286076964814
241,-0.044712989617473095,-0.02024548675743197,-0.1614795870232889
242,-0.04048256660668887,-0.02107700861104736,-0.16323125799940952
243,-0.03362944874353313,-0.018505052801318325,-0.16609107302294202
244,-0.029933468682197928,-0.019444809896940737,-0.16885806506271778
245,-0.03279558358787338,-0.02645220119558006,-0.16999612374861828
246,-0.04135663338221085,-0.04026591926394929,-0.16951872194322543
247,-0.054299696784324614,-0.05222517849075825,-0.16830197495826404
248,-0.06576671702296433,-0.05463955903887832,-0.1670500832361842
249,-0.0693345469544667,-0.05427417213507056,-0.16589192151733823
250,-0.06719452509466402,-0.056830036904901474,-0.16475321625254985
251,-0.06464065664067013,-0.05699252986653992,-0.16369100407094433
252,-0.060679179185607446,-0.04867499526063837,-0.16311792536248
253,-0.05506008922643718,-0.03871558202459094,-0.1633418595638767
254,-0.05619197628894168,-0.03846892090325488,-0.163699303377432
255,-0.06748287033946238,-0.048778377221532804,-0.16348994575088738
0,-0.07437886754411807,-0.06233584138650086,-0.1627813271737173
1,-0.06939335870846591,-0.068416204976674,-0.16176368407684366
2,-0.06787542131606744,-0.06555639389110457,-0.16015721217989065
3,-0.07528815346576705,-0.06245172294028334,-0.15782065524137584
4,-0.0795646487018901,-0.06265879268673899,-0.1558838117788265
5,-0.07674250665294904,-0.06224128584169589,-0.15556702459269872
6,-0.07067863207758826,-0.058967280495658,-0.15643558615968067
7,-0.06638564605966452,-0.05202431410295097,-0.15776260167802147
8,-0.06557775714543124,-0.04307303827780759,-0.1594919008774533
9,-0.06065401674482995,-0.03901333472375093,-0.16103055007110123
10,-0.0495689771279085,-0.04293305575889045,-0.16143659987484454
11,-0.04366082646403563,-0.05111306799703488,-0.16040442323930498
12,-0.04790395993209923,-0.05346331785873423,-0.15828392030746202
13,-0.05009237827465861,-0.045132523638112626,-0.15601354062656314
14,-0.04614160917443712,-0.038504362988327406,-0.15506945131008065
15,-0.04843327815943549,-0.038378127827425,-0.15610907120239104
16,-0.05828917279473601,-0.036314716033493843,-0.15837656392595484
17,-0.06296594441791675,-0.03263473930840591,-0.16058167668503254
18,-0.05777079414124503,-0.030057757663492696,-0.16209873677545783
19,-0.05033502863821465,-0.02769560075506497,-0.16367059979394116
20,-0.04552694553453318,-0.025146903317879832,-0.1658939752695744
21,-0.0439961315472685,-0.02399899771741741,-0.16816518660206048
22,-0.0452812430438196,-0.024536691302482885,-0.16978809749902907
23,-0.04245646261564667,-0.02567316779643969,-0.17072008117961635
24,-0.031937454821740485,-0.02603125779282308,-0.17085129160333612
25,-0.019218767210634174,-0.02291121970586435,-0.16995986916998945
26,-0.011449416198159354,-0.020287907852501896,-0.16830093296764115
27,-0.012780363325715832,-0.020953699031531853,-0.16646868952049104
28,-0.021287472059715096,-0.019363418474311445,-0.1648349000979622
29,-0.030973440384013506,-0.016657549049763465,-0.1634369835981747
30,-0.03267500988450983,-0.016895286848643262,-0.16222997064122074
31,-0.021685080151354737,-0.016751515397764823,-0.16150939313581836
32,-0.005848059801742994,-0.014948254051396478,-0.1618388029310891
33,0.0033276505657791194,-0.012861572568772434,-0.1630947786410284
34,-0.00016467743893686104,-0.012310241503564759,-0.16467555397985895
35,-0.014541105991884865,-0.012968029633550204,-0.16573888723303243
36,-0.028930604869028487,-0.00935237360445379,-0.1653969786615238
37,-0.034951137509961205,-0.0025574744410667705,-0.16371172042575655
38,-0.034933981762767824,0.0002303537169690284,-0.1619106347061655
39,-0.031375118849133715,-0.0030512282611497438,-0.16073389565114404
40,-0.02537664399600137,-0.007201588949465557,-0.15960668589689941
41,-0.021361673297193157,-0.006643924383745031,-0.15819306417354684
42,-0.02082427647909718,-0.0033937655679190104,-0.15651171477395615
43,-0.019381998847052148,-0.0006164966538563799,-0.15436141769157835
44,-0.015101877562921001,-0.00042114341486339246,-0.1521923342011502
45,-0.010003496323677391,-0.004186271152383944,-0.15060480197432885
46,-0.004858722108283989,-0.006159812461647207,-0.14928509792944133
47,-0.0015444067959774974,-0.004807235184448672,-0.14786887264130327
48,-0.0030926162919707872,-0.0066649951801183716,-0.1462219456002528
49,-0.009582002048901209,-0.009283167413602363,-0.14439942424839597
50,-0.016581032729075657,-0.005361549823326622,-0.14284374625971347
51,-0.019940494237632334,0.00388585207355506,-0.141725082539788
52,-0.02033705741845525,0.012599771428866244,-0.14072402625999086
53,-0.016526347179995904,0.01593435893956356,-0.139643082281535
54,-0.008538236236147634,0.01207131155396339,-0.13857764606364087
55,-0.0016890817180988255,0.005332009139053302,-0.13718928843334177
56,0.00282732962399615,0.002182675530049947,-0.13482859132031544
57,0.0054382902996072124,0.0025518958460046537,-0.1313591691131723
58,0.004459017025145222,0.0038896840669891686,-0.12737580603654147
59,-0.0018066181992425108,0.0058601817700958195,-0.12356934684334847
60,-0.009230136793024288,0.008605725788753626,-0.12010468341393948
61,-0.007046235306900746,0.01199238526318129,-0.11775487072952351
62,0.0038689656874491517,0.014222682070083911,-0.11749871812375895
63,0.009271048496425505,0.013895253162268945,-0.11832950516843899
64,0.005660373470308365,0.010231377124746727,-0.1188023203921274
65,0.0022471276259386566,0.0035245387090269836,-0.11870471990397985
66,0.004167743829893607,-0.0025237715415909537,-0.11788509085850579
67,0.00997274039082488,-0.003388684786813291,-0.11618250975822636
68,0.013602582807420022,-0.0005353729632895238,-0.11427168909719992
69,0.009406667208422214,-0.0016160403354806285,-0.11296167650040273
70,-0.001121714329549623,-0.006680899558182692,-0.11205490967868642
71,-0.010912259022528313,-0.007121613443258637,-0.11099084119515124
72,-0.015475379095013049,-0.0003092335776210958,-0.10967609895086783
73,-0.015215371145732078,0.007602877197523436,-0.10823402807579752
74,-0.009970538798598126,0.009113098168826717,-0.10608641798163088
75,-0.0008803148028876939,0.005456742481143924,-0.10256072216407697
76,0.006989096727941693,0.0021029253043555324,-0.09835548662496113
77,0.010545436583291393,-0.002670653132813325,-0.0944702107678701
78,0.008714887320646902,-0.010144039156907564,-0.09126423867374212
79,0.0020646150385200124,-0.01483953209851429,-0.08891808316829541
80,-0.004570555409642463,-0.0113118058779305,-0.08705862528954023
81,-0.006769952215559469,-0.0030384741990662767,-0.08483857502271397
82,-0.004503602092071873,-0.0018971893976929138,-0.08213328243444373
83,-0.0031973146423411175,-0.01119945481086903,-0.07941903635122305
84,-0.0071505374923989395,-0.018598664510810797,-0.0768683568462602
85,-0.01248246576320966,-0.013927332203939227,-0.0743390809413253
86,-0.012269467045302851,-0.002113069391569508,-0.0713193887443957
87,-0.004960717469163517,0.007752449182621548,-0.0678469113897435
88,0.003471576042461462,0.01257585352088052,-0.06506999080353609
89,0.0065774848422202326,0.012095070124177466,-0.06331942823897196
90,0.004627885429635978,0.008465935949869118,-0.06205537379367354
91,0.0032986854934582976,0.006591085311053426,-0.06111316505964823
92,0.005812810464278811,0.007280098619942131,-0.059896472830697184
93,0.00929436204661456,0.005874576756754152,-0.05789573567343485
94,0.011596187598103103,0.0007945875752537052,-0.05595592534096444
95,0.011843497438058528,-0.004181726367291583,-0.0550868381796253
96,0.00957004884371887,-0.005316365606242053,-0.0559983546749597
97,0.005987250423459614,-0.004161099934147386,-0.05902640443067239
98,0.0013194055278857586,-0.005051630269773649,-0.06276400314307928
99,-0.0011331965417864798,-0.008731194417672006,-0.06572495242214799
100,0.0005762412196673589,-0.011311683675714543,-0.06805583490161951
101,0.0020408711816623654,-0.007068612772505749,-0.06990998990850034
102,0.001269805196910112,0.0014931777626674206,-0.07092733269016316
103,0.001888512746637011,0.004403174200498763,-0.07064121034551155
104,0.006191336704728517,0.000029578308466067516,-0.06877681588078144
105,0.009332129758544971,-0.00468996828982475,-0.0658557422882324
106,0.009671045124773098,-0.00502641450889503,-0.06303041443611651
107,0.015291372149411439,-0.0029779440228170848,-0.06160202083684421
108,0.02681917731154039,-0.003297166860769786,-0.06190503679691736
109,0.030947908107623462,-0.007026854220787193,-0.06308105659099969
110,0.021353467610968957,-0.006890439467983081,-0.06445868081812098
111,0.011949393365699557,0.002934805168593832,-0.0657562795409368
112,0.014396125971009033,0.012691647532224723,-0.06724936569525014
113,0.019300275007819667,0.013055591985038292,-0.06982461127943038
114,0.014301139797092272,0.0077842179972340275,-0.07382421056667526
115,0.0025412009413161712,0.0023183372017195197,-0.07934619381827626
116,-0.0033432684164675514,-0.0020780976160770515,-0.08617680944813172
117,-0.00027369608993943473,-0.00404045652303113,-0.09290493597227648
118,0.003731653016316734,-0.0016892091611696441,-0.09809780504532914
119,0.004476388614522445,0.002788116223767345,-0.10116959192789787
120,0.005030717214779434,0.00468448915086378,-0.1022000710611779
121,0.007965968357452613,0.0035033658735756923,-0.10173669800050511
122,0.012561599285631372,0.001884821454322394,-0.10023487944898823
123,0.01786369073467174,-0.0006870883466012501,-0.09787146751083792
124,0.016731303327283585,-0.0023966728722242397,-0.09502349694143919
125,0.004245321554976096,0.0008678382175379973,-0.09233350890282155
126,-0.008925823805703191,0.008972150591668115,-0.0898758751528402
127,-0.01526632613278816,0.015735109284557222,-0.0879539617334209
128,-0.02052184542811321,0.01533114049110848,-0.08742011832991414
129,-0.026185559047353573,0.012799428336359726,-0.08787997266880565
130,-0.023157678754312024,0.012357701867824311,-0.08871219515424703
131,-0.005809954796252473,0.010684829208867139,-0.08988171302405079
132,0.013545036241965791,0.009832222189486275,-0.0910331552640205
133,0.019835050432608303,0.013114597413609187,-0.0925290743425668
134,0.014715362459971619,0.014117848292750063,-0.09492224255003218
135,0.005759857266856919,0.006721446077619153,-0.09737806072940541
136,-0.000018959718373498524,-0.004959029529730097,-0.09912299560690957
137,0.0024803091850191528,-0.012143822255321526,-0.10009077620460513
138,0.009340385127062437,-0.011465502543690373,-0.10032519324124953
139,0.010441014865194012,-0.009265224758716994,-0.10059889218519683
140,0.004272189990520481,-0.010624944133823339,-0.10099284513720405
141,-0.0014020959906605873,-0.011638031536302995,-0.09998435671486894
142,-0.004416469354104738,-0.010795922289471599,-0.09740450016429758
143,-0.004109554213167652,-0.010237316159192156,-0.09547097910640456
144,0.003178440489260706,-0.008787373905503756,-0.09540814787764312
145,0.011536943375925979,-0.005700107160423171,-0.09583201886871895
146,0.012678542148922105,-0.0009419351007299293,-0.09540438845833832
147,0.012787538506603108,0.0032796180591976587,-0.09439222972885963
148,0.01887996331261102,0.005895481223193444,-0.09358559932726374
149,0.02421274134792499,0.008070369192096832,-0.09328810362766196
150,0.022932290824044826,0.006521965101983329,-0.09248855718066296
151,0.021209876205326376,0.0007887728698130203,-0.09041811756320353
152,0.022780514774648063,-0.005391616423962159,-0.08780089546460562
153,0.022720024340275237,-0.010104158125553112,-0.08582299516301373
154,0.018194529696069026,-0.01115577879128081,-0.08558873906872033
155,0.012161425877892873,-0.007242758815924885,-0.08672065298667458
156,0.010610087449034189,-0.004319125414819228,-0.08781696433886563
157,0.017225985962956616,-0.007134212434940196,-0.08805325868649885
158,0.02474623277400967,-0.00985800745216471,-0.08650077156273298
159,0.022142750847164494,-0.008823912317446184,-0.08202584565756388
160,0.01139104319309147,-0.006395300505508933,-0.07452102417209669
161,0.0002923600178800466,-0.003138808038387092,-0.06498060146910248
162,-0.006716959551960722,0.0029173062937927555,-0.05305696843736829
163,-0.0018765603711817097,0.01230967170122424,-0.0363886017286377
164,0.011050198843006516,0.018908332099440095,-0.01420558050389914
165,0.016436552225295144,0.019082908348327876,0.01057261903511153
166,0.013492260117832326,0.019385985683432527,0.03336687486997411
167,0.009713358687482743,0.022135449304211796,0.05122354201103814
168,0.008330204058614274,0.020154893748720926,0.06288006810299626
169,0.011875529807740676,0.010639010990009967,0.06604385718709616
170,0.01907302883127686,0.0029815206952674214,0.05805956775168675
171,0.024464272498162604,0.0032317723763630943,0.03793383381400833
172,0.026485971038361363,0.003744917056843315,0.0032363236669678552
173,0.02639420916941279,-0.0018800608060478702,-0.0501694926511283
174,0.02445855738475674,-0.010696410325670733,-0.12005689122661553
175,0.022304829345425447,-0.013601621590860154,-0.19573639176981772
176,0.022849212281663804,-0.0068026296980319145,-0.26514584806133296
177,0.024535355461327457,0.001131921493237202,-0.32120348475098703
178,0.025178470298423683,0.0019195017607945772,-0.36288558496208667
179,0.02652449628735294,-0.00405627544421179,-0.3926778078817559
180,0.02823373070282882,-0.01051794329380952,-0.41245651472731804
181,0.02903452130653414,-0.011368723124760033,-0.4201682483068181
182,0.026184305537062344,-0.007232497258947798,-0.41295778799611793
183,0.016449052894190047,-0.0035291457454846714,-0.39068201855257056
184,0.004734186655857717,-0.0019330069134575294,-0.35567731643595024
185,0.0019715447176566273,0.0008207187464603222,-0.3126326984190799
186,0.007629290410201103,0.007547774202212618,-0.2676168668783955
187,0.011227237733454472,0.01753922083873543,-0.2257069340175245
188,0.012073583100067703,0.024562779967023367,-0.18964811993115294
189,0.011831011469575539,0.023557034501452807,-0.16009504217738596
190,0.0072522985563662195,0.017639256312806696,-0.13587750867425213
191,0.0026324007929966996,0.01036078088629247,-0.11544118657445679
192,0.0031167914256906154,0.0020989579906982164,-0.0975599103479381
193,0.0058066022110353985,-0.0033664566098516036,-0.08111302797547182
194,0.008323731108112523,-0.004045281079224944,-0.06664980667232667
195,0.011214459085287658,-0.003562835918935345,-0.055490767932176804
196,0.014300279167148173,-0.0028273736855788933,-0.04766073587116354
197,0.014875489462567396,-0.002227430266705438,-0.04298136880219215
198,0.011323649831307729,-0.004354813616933406,-0.04120925692490231
199,0.0052734932158176595,-0.007344102033563699,-0.04146603680945686
200,-0.000047754429820918987,-0.0045902863233135,-0.04264256001170799
201,-0.0014165998394971013,0.0036305231059502036,-0.04299079040864341
202,-0.0009175062051186081,0.006506423471576581,-0.04123517911582232
203,0.0004701455654515588,0.00008942879587757468,-0.03807590562573232
204,0.00302395270850124,-0.009783158107246434,-0.03516769772001091
205,0.0033566240077175166,-0.016464848314652267,-0.03336727525713393
206,0.0011090021314140719,-0.01349684335380795,-0.03259480732997694
207,-0.0033653555007584976,-0.0054476772597570056,-0.03257015969438169
208,-0.0038597230234025323,-0.00041209947164491667,-0.03283426344148971
209,0.0034924318953434078,0.002126455135395333,-0.03315745213932622
210,0.005928358624162966,0.0034269804545591642,-0.033720177413689156
211,-0.0013416051518823496,0.006492122386189417,-0.034448849165466464
212,-0.006926919379432246,0.013176507826000688,-0.034305243115440975
213,-0.005449784345911597,0.01940951125513843,-0.03252818207935834
214,-0.001776626568130022,0.021214517296481633,-0.0299094765506141
215,-0.0011130058520502084,0.02184153654216936,-0.027131909719787822
216,-0.0035511500307055105,0.024343876183357684,-0.02438446789265225
217,-0.0034857667793437644,0.02184689958806381,-0.022435691787555057
218,-0.0004812484541561364,0.009974383205538298,-0.02166122832757015
219,0.004194323284680848,-0.0031710129655517713,-0.021727040414417288
220,0.01501782558206867,-0.007407740066781708,-0.02250003429446315
221,0.024526468582763583,-0.0059976051676906075,-0.0237959657961399
222,0.023630926565002583,-0.010117503975246425,-0.025091393210515178
223,0.01915582005147115,-0.020047427727009584,-0.0255269133130374
224,0.01660397988068056,-0.029815770591582025,-0.024379515656966624
225,0.013011015236186349,-0.04043799567282254,-0.021830223377830055
226,0.007124147819082261,-0.04949859891285892,-0.01834276352684283
227,-0.0000152862934577596,-0.04825486495098402,-0.013981530315428273
228,-0.006995002958921959,-0.03756233784971441,-0.009372491588120618
229,-0.010155707486980345,-0.026432110248664487,-0.005506397864939713
230,-0.007611976662658788,-0.021410165455121366,-0.0024960177295588713
231,-0.0036586404539135156,-0.020823918715673906,-0.0006936288164381757
232,-0.002961018698865052,-0.019333325143212482,-0.0007504788777280003
233,-0.002437604635320674,-0.015647608804621377,-0.0020588058641354545
234,0.000540345822762113,-0.009332982286178182,-0.0033074759211984064
235,0.001121213362154476,-0.0036018000460803917,-0.0039576008686581995
236,0.0005648669176997814,-0.0027393977223195837,-0.004752362088090975
237,0.005960663108304162,-0.002152104695952173,-0.006472599071803566
238,0.014525168086351785,-0.001191342225990516,-0.008477142629145958
239,0.019787697803395538,-0.005174367791454859,-0.009606653848493449
240,0.02122814121016625,-0.008670198621629002,-0.009537436895085256
241,0.01775677493771781,-0.0087049287226518,-0.008361812913769208
242,0.012369129160141872,-0.010839799413260687,-0.006603069208490896
243,0.012492648923501964,-0.012683112817128694,-0.004983184974928284
244,0.01694398673930929,-0.009088027006356997,-0.003544014328616101
245,0.01624159237739836,-0.004114196253148877,-0.0023653574064140676
246,0.009108942027273727,-0.0034541495163994407,-0.0013540808010290215
247,0.004357437460760838,-0.006607722790637677,0.0004439840923321711
248,0.000395189563664855,-0.010826542639617742,0.0032696342916608417
249,-0.0038997598190402966,-0.012560401621565215,0.00571729232931089
250,-0.0013058689282814326,-0.009961443541386117,0.005810739252365152
251,0.0044712808764477766,-0.004042910818836794,0.0032507768118805805
252,0.004323264478272311,0.0035816999368579946,-0.00002723936272260724
253,0.0006774250233322066,0.0099100538429448,-0.0028744342970886405
254,0.0005006072960272237,0.013528801221849601,-0.005819279455531574
255,-0.0005552442319716605,0.015257306280523394,-0.008960678678901796
0,-0.005668191244180269,0.013428234537091431,-0.011384903740638358
1,-0.008722971666131132,0.007540344697500107,-0.011990140447229694
2,-0.00881603408064028,-0.0014330000337910431,-0.010716783366981078
3,-0.010082041498193722,-0.011158472683639363,-0.008460060379919143
4,-0.014106963357173735,-0.01692029497366402,-0.005914771652411964
5,-0.01636632614337552,-0.017810801562094185,-0.003301834260265292
6,-0.012798410718236425,-0.01477273982595246,-0.0005928230714219301
7,-0.011237357454635312,-0.012632784629659895,0.0022021555936030807
8,-0.016128243194694646,-0.01665094360537467,0.004398597106552132
9,-0.022054074168047902,-0.023149956001058992,0.005506357180236204
10,-0.024811894199542543,-0.02679065172210289,0.006233240897646193
11,-0.021828597622729512,-0.027469507592479417,0.006612788397189701
12,-0.017810363580121738,-0.027448758414842137,0.006145180269203953
13,-0.01887324757967032,-0.028466113542456914,0.005274700086339486
14,-0.024189807938650443,-0.030320350895223405,0.004495080887548049
15,-0.032257982167921306,-0.029744677696428218,0.004005642462815321
16,-0.03926655639401215,-0.027291762712099973,0.004266878264492124
17,-0.03933183865009092,-0.02918001712275789,0.0057136567277438
18,-0.03404800780127064,-0.03457584262259676,0.00809647203892818
19,-0.029820201205812982,-0.03538175768569858,0.011297023230336975
20,-0.02880639586717358,-0.030613868267472297,0.015514836663533968
21,-0.0287230523129077,-0.026558600552812964,0.019850069897842257
22,-0.02848049568296966,-0.025963136797524405,0.023334561569659577
23,-0.031455935129283685,-0.02773183863283797,0.026198608692395958
24,-0.040952128204131855,-0.033506802504589886,0.028492110872520376
25,-0.04968771490942579,-0.042815644094355204,0.029604417257296484
26,-0.04714532474825284,-0.0487600153503186,0.0293501311463423
27,-0.03795690687860552,-0.04892986224243963,0.027965731012409664
28,-0.033441881979315635,-0.046928014748455135,0.026080241072578697
29,-0.03780677961868614,-0.048708256189131244,0.024724494419992103
30,-0.04779845373007832,-0.053694239095659874,0.02400952216262794
31,-0.05560859553464716,-0.04488856600359495,0.023387080299178617
32,-0.05741428317841088,-0.022156015757074904,0.0224536562263676
33,-0.055399382758682544,-0.007693403292473089,0.020752592080773038
34,-0.04989651480974963,-0.006199541125237296,0.01833733367688621
35,-0.04136661168672984,-0.012457530957849225,0.015620710602516033
36,-0.037027733475268054,-0.028359966913129052,0.01247527562828532
37,-0.041921527093563615,-0.051600394096357596,0.008437443214371565
38,-0.052275506774448005,-0.06966879334948742,0.003688246715192231
39,-0.05911580257635836,-0.06870578777828724,-0.0007191434854752835
40,-0.05393483536105406,-0.050151625825344104,-0.004102061319711081
41,-0.043120496886316625,-0.03181453730065559,-0.006934822667504961
42,-0.03982044435195911,-0.022553198767688798,-0.009807704944666637
43,-0.04080987432141389,-0.016224155997646372,-0.012723391864105635
44,-0.039129470696759566,-0.01242054731835851,-0.015188209496359656
45,-0.03732642104224829,-0.01428990746943637,-0.016390452123203697
46,-0.03644307699687352,-0.022042050230740268,-0.016400289647028624
47,-0.03673427016760901,-0.03285560866570053,-0.015896820307008133
48,-0.036333977484160625,-0.04099938824801774,-0.015107950274565976
49,-0.03213186902184513,-0.0450857981274721,-0.014713936267005026
50,-0.0274452780831377,-0.04182160451269787,-0.01610651357502231
51,-0.02270514981317691,-0.02648261735131635,-0.019909713294310197
52,-0.01901726385560363,-0.007711082018242221,-0.02487044740372045
53,-0.018669148814002362,-0.0006254706934569754,-0.029674117717407314
54,-0.019716492299859265,-0.005480350865120498,-0.034847306356557514
55,-0.024038625248061454,-0.011019682086373606,-0.04096032873324533
56,-0.029897129781394666,-0.014521893691150145,-0.04756322346671682
57,-0.030249921222323346,-0.023510554831516317,-0.05401549920662485
58,-0.0254243372841357,-0.03737786586396713,-0.05969478860543259
59,-0.02131263702776417,-0.04430007154325877,-0.06426742144893816
60,-0.018806260750913788,-0.04043449778272079,-0.06815404070566553
61,-0.014822282871515352,-0.03188866044983296,-0.07190595903418803
62,-0.008139790374165429,-0.02568794558293297,-0.07551763611240292
63,-0.0025715880073269998,-0.02414447272184439,-0.07904254081188633
64,-0.0011870570615900716,-0.02421978510071987,-0.08212644454147136
65,-0.00131653007273487,-0.026096321141095724,-0.08417200176764941
66,0.00026604182382243546,-0.03237448368538509,-0.08553701352319423
67,0.0033872696791984666,-0.041344323551593676,-0.08762172927111017
68,0.0036150150347851948,-0.047125429154917464,-0.0916064765863831
69,0.0013658818497487499,-0.04507431838724191,-0.09718968686167517
70,0.003188193494408957,-0.03885702577249428,-0.10286458447561614
71,0.012532602850954894,-0.03429407713151822,-0.10680614160404278
72,0.020928629361300716,-0.031950929331587496,-0.10877543218983832
73,0.01395263700568962,-0.03162025955609671,-0.10968223776624247
74,-0.004123978169662257,-0.03471555869853876,-0.1094244886199281
75,-0.013432807583244125,-0.04225851873529218,-0.10805998126004568
76,-0.011368451694151044,-0.04724552479544941,-0.10644488428176282
77,-0.010978255842327991,-0.04483700090321041,-0.1047826740114925
78,-0.00964696216041834,-0.0423809894348105,-0.10317062810200531
79,-0.0025559703331399647,-0.04774868639967711,-0.10238650877839145
80,0.0016634485197925403,-0.06065789664322779,-0.1028166990574364
81,0.00423789836058866,-0.07105359521944299,-0.10440470050586237
82,0.012238918891654377,-0.07058511925783928,-0.1067492106649276
83,0.017510309322067263,-0.06774596552824053,-0.10879259298841942
84,0.013981458914999925,-0.07473955921045439,-0.10959546551427979
85,0.01280041867735679,-0.08897382816203891,-0.10905912655579708
86,0.016999139690791643,-0.09951645986570357,-0.10844784499584265
87,0.01863748682728708,-0.10149212831706078,-0.10883998475306533
88,0.016529256917485247,-0.09726105199672613,-0.10951855230815777
89,0.009515101858353664,-0.08589084337674269,-0.10943516826416266
90,-0.0014333990630691351,-0.07436393697656518,-0.10845015254795154
91,-0.008876645705094666,-0.07442168432763285,-0.10677387689070045
92,-0.009722298269831564,-0.08101353752065255,-0.10468461390294204
93,-0.005575355722152869,-0.08326873873352347,-0.10271816741866052
94,0.003067619117967199,-0.07564328618738902,-0.10098354278595928
95,0.013644867211396482,-0.058800226849743176,-0.09889661697493013
96,0.023527340423080592,-0.04328658570121646,-0.09574374144031647
97,0.028841338532058586,-0.03768167577526904,-0.09148965223642838
98,0.02330137171032652,-0.036267106764112766,-0.0870009339643551
99,0.012472684604821802,-0.03138980684161491,-0.08289949794208273
100,0.0043515338911499085,-0.02641001545010968,-0.0789518200426704
101,-0.0027664321574452644,-0.025397318159404825,-0.07488712625303967
102,-0.010490496107356043,-0.025684284339811514,-0.07089776320956787
103,-0.01410743458870821,-0.025948313601996342,-0.0674694500148319
104,-0.01008941511891874,-0.0242562573473315,-0.06498549945337925
105,-0.0029638609423943557,-0.017433649129175,-0.06298038859433233
106,0.0008425325957835267,-0.006591396976148911,-0.06072255280024666
107,-0.0015853386199222441,0.006246064260722717,-0.058038530842834474
108,-0.005217090929062369,0.01728554693573192,-0.05535857224278801
109,-0.0050173007684026355,0.021747168704557313,-0.05357648142583474
110,-0.003252328425569273,0.01922106991365169,-0.053035434882440086
111,-0.001921325642761873,0.012927356021880887,-0.05336273424323529
112,-0.0006695750670324963,0.00706530134896588,-0.0537890853177638
113,0.0012022547252593524,0.004009866161959141,-0.05347292418396524
114,0.001815971373042291,0.005611737842590031,-0.0522607794093807
115,0.0022112142232734305,0.014578131216002876,-0.05048501033390715
116,0.006899629436905683,0.025933614538210636,-0.04822059043333113
117,0.011773055005354083,0.032676106200731914,-0.045687542689160254
118,0.01002372968110038,0.03850581164892192,-0.04369950681862822
119,0.005001134438138988,0.04504526807478365,-0.04292404997337185
120,0.0046072934508473995,0.04648585865582061,-0.0430098977155204
121,0.008174183455908299,0.04217238347921587,-0.043083350061390635
122,0.009177202652150135,0.03697780724870181,-0.043124264491590375
123,0.006525389662942652,0.035833253668307974,-0.04333840947422833
124,0.0028371511008544043,0.04149132738877814,-0.043245669515355786
125,-0.0016270437721426778,0.04974258487589103,-0.042900190250240236
126,-0.007203141084889078,0.05264210729802227,-0.04347152206035229
127,-0.013006210520918077,0.05207817739451437,-0.045520948993999305
128,-0.015575644414038602,0.05644306725257231,-0.04820481531432752
129,-0.010322413461847424,0.06575712043350712,-0.04972462141378045
130,0.002027511075614996,0.07217979898320476,-0.049253255023897324
131,0.015088062166874444,0.06750032157124874,-0.047892050279310955
132,0.022092745454971856,0.05057632959148978,-0.04625253460462464
133,0.020359707167520447,0.03227436405460052,-0.044798861956779554
134,0.01179653870149943,0.02776489649804864,-0.04388189204696262
135,0.00514844058394804,0.03869667145551864,-0.042556315222218546
136,0.008684904319392867,0.051273639573225394,-0.040188466534090264
137,0.01720149572921842,0.05652483507209893,-0.0369521070279336
138,0.022191477830674378,0.053316068514042025,-0.03342768208512306
139,0.02152192203741876,0.041851191153844336,-0.030299280904556414
140,0.014766341016367673,0.028479213795677277,-0.027637906289155273
141,0.004409440490876014,0.021910841677474244,-0.025100990567574977
142,-0.00220689297224054,0.022985446093736595,-0.02263955401462888
143,-0.0033952721158776664,0.023577072884905126,-0.020373884813539245
144,-0.0034955425258258455,0.01810921452766684,-0.0177447891497884
145,-0.0051075498820451065,0.011445307316850062,-0.013703113806141323
146,-0.009166814477715106,0.010119177872197127,-0.009000891323778092
147,-0.013170126182713893,0.014713185152075592,-0.005557148198942298
148,-0.012581957875154736,0.019912937112341073,-0.0034959662411597967
149,-0.007295328144193114,0.018067625536862586,-0.0019405657324514103
150,-0.00336691412890126,0.012860392746974342,-0.00014968758455899053
151,-0.003188079639116277,0.013184475301117632,0.0025156394346488517
152,-0.006877435866674268,0.01250356848314782,0.006086212224582541
153,-0.013335414561337196,0.006097094106399026,0.01001324135280646
154,-0.017372058055462585,0.004718515083320413,0.014038883779230772
155,-0.017385591547135634,0.01007951183896115,0.018081195410544017
156,-0.016217788035510272,0.011851311536347858,0.021603380814991968
157,-0.016547596226984915,0.00851458163005861,0.023826044547171042
158,-0.016171975609505743,0.007818541480730273,0.023598221061093078
159,-0.01275535417079783,0.011772072924768576,0.020700224156916275
160,-0.008407489013171149,0.012226373112303984,0.016754035235335543
161,-0.005836993016505337,0.007050486480118107,0.013699319861566875
162,-0.0045489167368535505,0.00383232057394306,0.012432482755857913
163,0.0016318355610711877,0.005714968717826979,0.012488807001838596
164,0.01635272823930648,0.008925954578666684,0.013362990192919488
165,0.027811837292443603,0.008155988245832177,0.015226297462081106
166,0.02405081567877418,0.006421048554808767,0.018068216649359557
167,0.014461941387234875,0.012935660932375886,0.02164212008178202
168,0.007532543174676665,0.02604123231053279,0.02570236219351974
169,-0.00603343161558656,0.032862673658784106,0.029591283451899944
170,-0.02249379002563337,0.02844500832526349,0.03240074825654955
171,-0.021417620511367017,0.022368035338386716,0.03348124434810609
172,-0.004856133942236884,0.022173623840586285,0.031951276899791325
173,0.004095101987764915,0.02455718751082188,0.02706700810864543
174,-0.0029222965724997885,0.025918424691873748,0.019761238681063484
175,-0.007242291498068959,0.02582749501668316,0.012359583441476703
176,0.00023416953843349853,0.021116318671267037,0.006052348403647462
177,-0.001830634779658169,0.01572204980913819,-0.00007154776572885005
178,-0.020214185939809975,0.018333721216618692,-0.006449783101104493
179,-0.03202219253345984,0.02367488775543393,-0.011207654736479354
180,-0.020997775795278034,0.02357102199972222,-0.015229035951992244
181,-0.00012856301468711084,0.017897872748388527,-0.01897720324335942
182,0.007636561272091058,0.013417611627573073,-0.017590367183326995
183,0.0011628876206116745,0.020068476735725885,-0.011273188219187054
184,-0.006922026706093459,0.03585668295827117,-0.004860282213272872
185,-0.009076616740868376,0.045091782313612466,0.0009474560243667648
186,-0.005030325003993669,0.03383431935856901,0.007473411338139266
187,0.0030253726537582126,0.010813574721961039,0.01127850396451243
188,0.013248904164267633,-0.003960389879968218,0.007681728581369833
189,0.020818657858816147,-0.00829093540436654,-0.0009210964685527345
190,0.02343827224667211,-0.008940676631614797,-0.00807279144796784
191,0.021717322646943746,-0.011236227758510187,-0.009773009807629837
192,0.017122031201050297,-0.018547306155375476,-0.007902017780242153
193,0.010527506081234747,-0.025062708943435985,-0.007041688800830476
194,0.0013056842162599835,-0.023427682613962053,-0.008143922732656086
195,-0.004155786016415461,-0.014872500265192809,-0.00906102323928884
196,-0.0003357797425364295,-0.005512547997160222,-0.00801605459096505
197,0.006991229162677276,0.0030887169758048727,-0.004265313740041965
198,0.012105184466303806,0.015438532546624861,0.002394020410804387
199,0.01612236545563077,0.029737388476335752,0.011192950241896454
200,0.020733379873035085,0.03809978261603345,0.01998117159674917
201,0.024120640647718856,0.03782993825953327,0.026479788483639438
202,0.024129370134509165,0.029553280907331336,0.03080236498514101
203,0.02019994159043878,0.01852063493335806,0.03498597109308084
204,0.012528813687451179,0.014457443691783159,0.03974379879067486
205,0.008160879810547125,0.02140579550944742,0.04463107270795544
206,0.014476158411790757,0.03323781684978963,0.04917742566283209
207,0.025594414837605717,0.041080743311884854,0.052980097810587004
208,0.030470098247958946,0.04353636836500652,0.05611518202744778
209,0.030439852497923452,0.04390193399576922,0.059103012548267025
210,0.03415144610024087,0.04289783272680807,0.06239553616141705
211,0.03803047757100163,0.04036897960511554,0.0650100218929715
212,0.03416920215916984,0.0377504329881681,0.06584979821697376
213,0.026134445848303198,0.035822432629437115,0.06564107491199295
214,0.020152836603743868,0.032980940315732704,0.06534153658777067
215,0.017940360911042647,0.027602031453030626,0.06505130048345914
216,0.019299823364988228,0.022320780965990508,0.06411692967250837
217,0.02295734383962683,0.022296347251883772,0.06237471193037053
218,0.02567460444864536,0.027335355756852198,0.06088070114641431
219,0.0250910651849652,0.028110557147296232,0.06002359040063249
220,0.023214088066541336,0.023141464238907478,0.05924500559805826
221,0.021279780071987213,0.022177270814655956,0.058088020887126224
222,0.018330084537746073,0.02467211787898921,0.05678666992447734
223,0.016342111013608135,0.025308975249031085,0.05582125898074536
224,0.020856588638430623,0.02484070210426964,0.05476935836759263
225,0.029478064864408016,0.02369169331389301,0.053292139003236524
226,0.031658632096780964,0.02015645274191638,0.052508724511289115
227,0.028038595772312686,0.013694534649075718,0.05387490989063756
228,0.027001751075779474,0.007102162949838606,0.05756896893980945
229,0.029403534544055226,0.0036364595632638053,0.062449068213462355
230,0.031433758702951634,0.002121055852642828,0.0668605927533169
231,0.029391844467799463,-0.0002639026177308837,0.06959462517139667
232,0.022690344030041484,-0.004877718659421423,0.0701216894979945
233,0.01748916026283054,-0.009584308890949134,0.06871711709473563
234,0.016147885493714847,-0.011424086860052446,0.0666357978358236
235,0.014052445549564502,-0.011914352651081157,0.06540479981820169
236,0.010334033478475446,-0.011217950113457876,0.06598561617614368
237,0.00874260512751203,-0.007504147970890281,0.06825577492092291
238,0.010511546412364792,-0.00014531191454944525,0.07177323910991121
239,0.013042908331769354,0.006059545098291871,0.07646749854430426
240,0.017633702127612727,0.004923624938808421,0.08146960053071586
241,0.02371866881001465,0.0014379914057291374,0.08554096422421478
242,0.02441365205295986,0.0022742055338959496,0.08854851694436572
243,0.018662868118683756,0.004936615454589954,0.09091621281366064
244,0.01487581484609185,0.006167474595502612,0.09281116203036233
245,0.016048021078814284,0.006976964830604393,0.09422357943147908
246,0.018491110381468223,0.006927210469673574,0.09513771808987284
247,0.022424689885288035,0.004545967531622591,0.09518240887356663
248,0.02291238743346924,0.0024106177992534276,0.09388455961255207
249,0.014332495124461664,0.003646681897461798,0.09154170399840941
250,0.0033057839824286867,0.008601239093312722,0.08910873364937061
251,-0.0009114587917222264,0.010505452551059037,0.08740485104795753
252,0.0016719476108924547,0.005745362564554147,0.0866480553798551
253,0.004350710433874486,0.004497490927131621,0.08694909014196445
254,0.004219664303461018,0.011772490231561634,0.08812574048558816
255,0.006444214708170415,0.019793711444172066,0.08911105479058681
0,0.014236610992185449,0.018717905595622045,0.0888909242347081
1,0.018190874274840382,0.00933653410762493,0.08726574818775629
2,0.01459498422694485,0.0025423152506914987,0.08495413845896377
3,0.01334879321555725,0.00022902582997379878,0.08296396228048938
4,0.016223739460129172,-0.003333984587459239,0.0817934842899467
5,0.018121750040278856,-0.004885079935696202,0.08126432352525309
6,0.017848802992687762,-0.00032249904376459304,0.08023683867457804
7,0.016291290634645628,0.0023796282219168546,0.07753699680590007
8,0.014567184973435149,-0.0015138377713810117,0.07301146035956593
9,0.01496537384537118,-0.0050149271068489765,0.06678016985322865
10,0.016933085429423622,-0.003685824561672199,0.059385345310661
11,0.014911500922369564,-0.0017391460075563692,0.05269174546004912
12,0.007761092346373143,-0.0029104868234407083,0.04872108878862941
13,0.0007707487751963671,-0.004906119716337171,0.04792729692890266
14,-0.0003177559867531751,-0.004681497633023571,0.048640166465958104
15,0.007214331663818914,-0.0010451727261514068,0.04857224247847064
16,0.01660702315531265,0.003419977547624367,0.047171111930042184
17,0.016378629454100138,0.00438729284746979,0.04515595290967203
18,0.008186230971684305,0.002858511350996046,0.04297831448832881
19,0.004040552627873895,0.0029513476709635694,0.040941108768985046
20,0.007864723287225081,0.00582354060061778,0.03953758579275124
21,0.013449595720475181,0.007941951753803064,0.039166953019478756
22,0.016362587215801222,0.006984569756059489,0.039592603478906044
23,0.01875652504213294,0.005661689622425359,0.04042936734764138
24,0.017589005882677353,0.006263619522772303,0.04194918476908793
25,0.006232277033981749,0.00593472193716494,0.04415104018138416
26,-0.007721462858778547,-0.0003161702603797917,0.046269084295747415
27,-0.01232202988278773,-0.008484902245152012,0.04745163180316539
28,-0.006980326257320674,-0.010602637783356357,0.04727630139835351
29,0.0007185989029673059,-0.005981511182249717,0.04640865267909364
30,0.00402286478124754,0.0021352395639738786,0.04631398802777792
31,0.0065645794390880585,0.008764536675948453,0.04782121095888911
32,0.013451345973587547,0.011695514707366995,0.05057682066356711
33,0.018415290169248977,0.014413441614929974,0.054323718894341344
34,0.014087176519153935,0.01826868837494377,0.05915981083947015
35,0.0046091854442102675,0.018097158476726216,0.06385949499366383
36,0.0010314505270846708,0.009259250865019782,0.06618707095772895
37,0.006955032389064225,-0.0005664413142879021,0.06554304509596287
38,0.014864969216228707,0.002731822374898253,0.06339650685367487
39,0.015567714730728821,0.016360066542626395,0.061013831474999974
40,0.008476187798758542,0.027666938172268844,0.05873471563080368
41,-0.0018842226877723856,0.033531404504011084,0.05664313787159661
42,-0.01231872550226662,0.03413767093598723,0.05527425440377326
43,-0.014038077015093492,0.03119044022955872,0.05563649265013004
44,-0.002503364073711274,0.032871455630748114,0.05758379318412489
45,0.011582425021016196,0.040159890124754904,0.06044177939988356
46,0.019734804977729545,0.04521377829802006,0.06416642284222535
47,0.023741123393094823,0.04729617293336519,0.06796431637227396
48,0.024977113810551677,0.047587746175952336,0.07091704459689935
49,0.025515635976365025,0.04433150688800562,0.0730799562261858
50,0.031673600282043954,0.038885700538515006,0.07435790843530055
51,0.043026374721996025,0.0369548265471053,0.07374298119021633
52,0.04939328140370494,0.04274652936357498,0.07044200449199811
53,0.049202801640192854,0.05210242449526378,0.06503798268706484
54,0.050529532401267035,0.05923053987647106,0.05924970197765797
55,0.054022047613107554,0.06376061712048686,0.05556805905629983
56,0.05785984875149747,0.06619695621761137,0.05607891253412725
57,0.06231616754879454,0.0667285551877684,0.060835103309657815
58,0.06787275911931381,0.0646857084278451,0.0690242316536869
59,0.0750939088115955,0.055393545601260225,0.0815295152081551
60,0.07795243074842179,0.04024688910001123,0.09965551521453508
61,0.070708690910121,0.031735777062742276,0.12280527174417788
62,0.058870290573966616,0.03561752800083705,0.14833081751626526
63,0.05601122652183521,0.043451623099631485,0.17179500557850175
64,0.0651106453473205,0.04445389364695483,0.18895750700805425
65,0.0739326440342136,0.039674561186014895,0.19803600888376677
66,0.07754606229113098,0.038379624918896627,0.19869168229421463
67,0.08304834646708656,0.041090765776291865,0.19047411338450226
68,0.09508786636246364,0.046956227822595675,0.17249100070060563
69,0.1083813893621807,0.055699742449868334,0.14049632933527434
70,0.11200200035842228,0.05856356589757103,0.08902926412712941
71,0.1021065760639478,0.052051723700069136,0.020160033203066197
72,0.08714973913141894,0.043178842151982366,-0.05646191384490484
73,0.07480603384949236,0.03826762480498935,-0.1301562941965732
74,0.06572465209376688,0.040140785007347995,-0.19375864040701596
75,0.06226074756010477,0.04699640528715415,-0.24481632696565814
76,0.06500280944975612,0.05017314968870534,-0.283261535079389
77,0.06773303123628946,0.0464147005408215,-0.30877340359516114
78,0.06557860605276652,0.04411950161755179,-0.31932927349019224
79,0.05604854063102663,0.04513095994173094,-0.3128110916740433
80,0.04366916571201607,0.041488844029935495,-0.29001249922537475
81,0.0427273140331611,0.03419802980277328,-0.25496947208808185
82,0.055769620523779206,0.03189217197797009,-0.21377225845709302
83,0.07234517362029086,0.036997230161205,-0.1721974995934421
84,0.08415741651342262,0.042903289518224835,-0.13336483280155048
85,0.0855844425153151,0.039876348660228364,-0.09881626138429167
86,0.0760233770354663,0.028577922331011807,-0.06934210036973468
87,0.06301221813753186,0.020295268238778523,-0.04421888500012747
88,0.051746752122922735,0.02147626736490374,-0.02276215306978266
89,0.045255798472299935,0.029096762129963538,-0.005307842657055167
90,0.050180890914439,0.03775456867895419,0.008472544789027675
91,0.06175135407013971,0.04435036401306697,0.019567291718278923
92,0.06923848581389808,0.04522821934523889,0.0284762882193232
93,0.06967582325102528,0.03856679747913798,0.035357546431209905
94,0.06193705614243855,0.030904359758521197,0.039768662261585264
95,0.04476451887594224,0.02913533779211555,0.04144608689880867
96,0.029697075994655514,0.03113220344289508,0.04156197127681986
97,0.030577138894681666,0.03438171749538617,0.04150292468509033
98,0.03946109459564878,0.039017101147910224,0.041268728990392495
99,0.0465276950249921,0.04103263044580355,0.04003837100654985
100,0.049671970038297486,0.04024479955593438,0.037818345328377315
101,0.04723060009197429,0.04137557974062561,0.03566621822764768
102,0.04423998401607394,0.04372452206859202,0.03411108412711561
103,0.04360412324568566,0.04495177772765069,0.032507129636459964
104,0.04486669377275451,0.044651454063359394,0.030290053397869415
105,0.0492534688607007,0.04319762825699584,0.027695444877535946
106,0.05333232740327723,0.04234264843924716,0.025302744658421035
107,0.05498416904669429,0.04244005546104564,0.023456133499353223
108,0.054424571643536535,0.042528333260259094,0.022645448655871488
109,0.049913483349278004,0.04266271669990393,0.023536049077582506
110,0.04630607545605078,0.04143616963754303,0.025505145993712786
111,0.04668318084188111,0.03762965552108932,0.027406288477809723
112,0.04664111471478298,0.03785291100635341,0.02945860245926958
113,0.04495441268523037,0.045471539983542975,0.03227563786554816
114,0.04296620563648121,0.05177277339531422,0.03558948153380512
115,0.04214418591091154,0.05216624354051673,0.03854909670466514
116,0.04238528123624605,0.05063470778288777,0.04061905552411377
117,0.04338906617537483,0.05026034659487294,0.04193115527844567
118,0.04345904744939302,0.04941340987120782,0.04288398178118401
119,0.03929789218814665,0.04323550327430481,0.04390784293927813
120,0.03414149628383491,0.03305708140986835,0.045285866684903836
121,0.030476889466262348,0.02639739001449609,0.04699013338958535
122,0.027105913579808988,0.02461288253127205,0.04900622709448903
123,0.024540521464274857,0.022319311082899227,0.0510285488663349
124,0.02416232988574067,0.018177859343325047,0.05214499799758164
125,0.027215286633074112,0.016488207229304386,0.051958647160376126
126,0.03192394868852266,0.017423522923975747,0.05112045576250304
127,0.03564990464303461,0.018346948933203964,0.050778067337143795
128,0.03628998421681774,0.017589053982773897,0.051664443617574024
129,0.03404624570852097,0.013595927830830315,0.053924260330048324
130,0.030395570540119918,0.00895757752361677,0.0572321792634104
131,0.02638070719287927,0.008683778998505434,0.060415855546050945
132,0.025032930545024798,0.012600537008897211,0.06248562054944609
133,0.0270459464238052,0.015099167679599165,0.06396338603170965
134,0.028000748511658097,0.014883514781833022,0.06583660746538714
135,0.02674613486717725,0.015166607418477585,0.0679385810911888
136,0.02848502514575999,0.01609377378665794,0.0698932524374177
137,0.03429793884335722,0.015294848794158045,0.07190312242565153
138,0.04120446067964351,0.012829471365310846,0.07373025393239299
139,0.046812730119135476,0.010791775172487972,0.074923031475368
140,0.046108264828076284,0.00757593038591009,0.07564892718258179
141,0.037590535825823,0.002350786843475422,0.07601292683632088
142,0.029756907982694286,0.0017341297183007531,0.07549068642430964
143,0.030838785544344355,0.009245257069047733,0.07427015149687397
144,0.03802336697206295,0.016470076418679078,0.07338582104862804
145,0.04248633641948639,0.016775857446639647,0.0732039226828797
146,0.040715769340657626,0.014214845677208057,0.0738475098570518
147,0.03381445925219711,0.01392694486996078,0.07545664778631866
148,0.021464040346538045,0.015123897356978305,0.07765423863799703
149,0.007836775391795073,0.01601863324977784,0.08012159970396693
150,0.004831554650511466,0.017914957987027885,0.08287597369887506
151,0.014923607591513177,0.01815230316326777,0.08617972819970082
152,0.024090723316860373,0.015010734788094032,0.08992561473592461
153,0.02413275532899698,0.014186840587857394,0.09377103215225194
154,0.022405780116626764,0.01768292436647803,0.09756490749123509
155,0.023958412609646065,0.021265346997162746,0.10080278915277724
156,0.02504690069693734,0.02091236035028686,0.10353716351173331
157,0.025476129032518918,0.019312866526513817,0.10621332339061146
158,0.026136662862201995,0.021291885532676025,0.10872622134715898
159,0.024559932718089372,0.021538961680616336,0.11049909445331846
160,0.021368578127233778,0.016632385207762196,0.11119752158775942
161,0.020181211706205154,0.012471423705602697,0.11157837570820495
162,0.0219416208950364,0.010373801987613673,0.11224067032929275
163,0.022169920129013546,0.007064523441836779,0.11322957007852136
164,0.021232446465418137,0.004887306411875764,0.1150777569945648
165,0.02259559629701338,0.0070068387738381754,0.11809157954655636
166,0.02341094155728905,0.008030259363576986,0.12152309277110096
167,0.02356330467752494,0.0037206726709632237,0.12482587745993812
168,0.026282315023276992,-0.0006278669796986186,0.12797896676692705
169,0.029955106904806045,-0.00046685532775891936,0.13047368359545652
170,0.029200480207663554,0.0017042975420497042,0.13225855864700026
171,0.023365550008529468,0.002840276262076419,0.1344048203488064
172,0.019446502077690164,0.0034722334069803296,0.13750911743825056
173,0.0179216489678847,0.0036343994573700134,0.1412041954373489
174,0.012066024174803583,0.002037787753022907,0.1449572119800533
175,0.005886568309371253,-0.00004096935204336849,0.14837142531231734
176,0.008467157192450725,-0.000910368317420529,0.15161468403800005
177,0.017162790462045795,0.000411865539541742,0.15500505526629554
178,0.022695993118055452,0.0013512943874506717,0.1586955712077185
179,0.022033845448883385,-0.00031021476969003703,0.1629873089204562
180,0.020837224089136325,-0.00013555518980826187,0.16730793708267028
181,0.02176314689227493,0.002121829144889509,0.17048403446901506
182,0.025356966128815245,0.001964815752645413,0.17259539228568643
183,0.030173319580430333,-0.0019299348657172977,0.17456550478561467
184,0.02827351632389977,-0.005356195110711309,0.17637174644639797
185,0.021181213794061467,-0.00257119670521358,0.17737165098214425
186,0.015369218834975523,0.0042512197695286635,0.17761559616371303
187,0.011247951547007466,0.011482947870985027,0.17741047314874103
188,0.01200976139025534,0.020126388698217618,0.17671979585361325
189,0.01985506936349278,0.02772848209202633,0.1753005317843475
190,0.029764867798647454,0.03282025830601229,0.1730054983634337
191,0.038247550065242025,0.0377261613120064,0.17007464206883538
192,0.042468624184037226,0.038574997704658165,0.16697981615477753
193,0.04280577804452351,0.03378659235902276,0.16396094665893785
194,0.044617696380884114,0.02895161377759852,0.16062586501072412
195,0.04683768038849512,0.026787054923189224,0.15669805164078754
196,0.04614190535625212,0.029300935358457104,0.15268924894443253
197,0.04334597859122044,0.03586820891106146,0.14905832927768142
198,0.04041750702518332,0.042039263066526486,0.1460743838817703
199,0.040404334953593066,0.045577685257920136,0.1438434231391555
200,0.0445527800591754,0.04530375767621697,0.1416559818414148
201,0.04929211975836724,0.04070329187429092,0.1385892465540169
202,0.05056316063880928,0.036033557698656044,0.13459584274007075
203,0.04835190580609952,0.03361114853126934,0.12996398914924462
204,0.04635841595879883,0.029781433855084194,0.12431750686607562
205,0.04590390700640587,0.023607425875301458,0.11736796695660512
206,0.04689371063503883,0.01630263302129463,0.109409742897701
207,0.04759990086917487,0.012711322774501849,0.10112058060811946
208,0.04086239769888511,0.018237202064779343,0.09314625882992189
209,0.029592635082224455,0.027880066974175166,0.08533589693022398
210,0.02389588230585543,0.03362788473064507,0.07782180049445372
211,0.025955118262502373,0.035718504654362715,0.07123850042095997
212,0.035802894122958145,0.03701539172052487,0.0654325353925237
213,0.048985764299443915,0.03703776310297238,0.05995594952653582
214,0.0565327433870945,0.03445273155812584,0.05478256929890918
215,0.0521832928346275,0.028232216159009837,0.049665499970660665
216,0.036903222691154286,0.01990447930509475,0.04389049523381658
217,0.020916864979060035,0.014018599447012114,0.03703099726164055
218,0.012101792037714554,0.012743050183696307,0.029187446074637996
219,0.006726714015278246,0.013289990681558013,0.02075643261862356
220,0.0072991308371685715,0.014597020547065062,0.01221349715682317
221,0.020402223944329057,0.016883680198292228,0.004350790813493693
222,0.02905213331025927,0.016802524792568024,-0.002365009086335336
223,0.01807965152229829,0.01634648041304705,-0.008547641535350765
224,0.0017990312625086324,0.02159471331942016,-0.014511916328305487
225,-0.0005420265206748098,0.03029246962926191,-0.019732737730260547
226,0.016274036744033382,0.03493812241855335,-0.02372964838637137
227,0.04213084167691894,0.03594360092672843,-0.026516542244913427
228,0.06183372077402499,0.03850103648022816,-0.028586679829174316
229,0.06691438699897373,0.03937306127416665,-0.03064159514743625
230,0.05905400335205642,0.030572891586312476,-0.032609317651180275
231,0.046890801331000195,0.013967381027200021,-0.03388720954830088
232,0.027821969369321978,0.004691370680363516,-0.034943658208590175
233,0.003675330625266038,0.012366337604855338,-0.036856991003203915
234,-0.006204479487328274,0.02889646264801536,-0.04031561572418614
235,0.0011341836102516656,0.04065427080985101,-0.04482714778570589
236,0.010679740841212648,0.04195560137142258,-0.04897071996212528
237,0.011241475412005097,0.03471294863197827,-0.052214822097509064
238,0.0017172187283947399,0.020028912424039313,-0.05444767140082751
239,-0.006250564332914196,0.003410059857196071,-0.055507549778437776
240,-0.0030095435066326767,-0.00240437900214327,-0.055822356385767935
241,0.00504811216090547,0.005887940288654303,-0.05584442817463611
242,0.008841445178334996,0.01843667537987076,-0.05610013617017237
243,0.007779876866721075,0.026763012761654742,-0.05673690343018209
244,0.006109910122228723,0.02943315531767776,-0.056705470572070205
245,0.0074522083864537805,0.027795669859048827,-0.05577578118252968
246,0.010799841852908078,0.02287263412990144,-0.05512064794908339
247,0.011587849928027992,0.016125462425434084,-0.0550393260187203
248,0.008949375919426496,0.012483098718014368,-0.055752160783687554
249,0.006409610086381939,0.014735271555431001,-0.05785830445319015
250,0.0060102929879672605,0.020919316367323998,-0.060742910843430226
251,0.007727757270600377,0.02802203721138702,-0.06255295894240459
252,0.008880671403623308,0.03059111880198373,-0.06222730418728975
253,0.007489371266086675,0.0262364347960546,-0.060919649594875586
254,0.006017916616385836,0.019735297543164013,-0.06008905728318889
255,0.00708973280527999,0.01731584748227606,-0.0605984725126989
0,0.01139173782820855,0.020048489230736308,-0.06225332633790728
1,0.014277082639032983,0.024677196600317246,-0.06374573467366226
2,0.010901847548346243,0.03157346300914021,-0.06458071784631178
3,0.007536314102835229,0.04063926392189657,-0.06498006732027992
4,0.01031786860374501,0.045285737419843236,-0.06498953908517405
5,0.015640824905668524,0.04335128097604843,-0.06484251439985242
6,0.01831501349673935,0.03944936626045113,-0.06518949053083714
7,0.015690922434849444,0.03520935970090439,-0.06638244824885872
8,0.011765454823079863,0.02934485140999405,-0.06808306908922804
9,0.01221527065164927,0.022494803568176073,-0.07016210214165797
10,0.01352009914996248,0.01931348481928546,-0.07290064021874257
11,0.011439872710643353,0.022422866536906852,-0.07622458945135474
12,0.007736408703461161,0.02811976230584827,-0.07978422256143367
13,0.0050331778451756515,0.03062007387224837,-0.08298255533487156
14,0.004526052869845261,0.028343278540139127,-0.08511104760371807
15,0.006142550859079193,0.026133461810784867,-0.0865871384241608
16,0.007376234355212598,0.025894471443329778,-0.0886659058127221
17,0.006276327576405616,0.026301319246512356,-0.09185832526840715
18,0.005125201503770077,0.02950744013463795,-0.09552724260543743
19,0.004965482920610605,0.03460261857086637,-0.09864557454605255
20,0.003880753555421614,0.034977100351828536,-0.10096287768829532
21,0.0011998068568651009,0.027041157467147914,-0.10263350025724527
22,-0.00015522281682574246,0.018619896469946398,-0.10361024806691255
23,0.0020752255732335682,0.017260165289330776,-0.10438623908790912
24,0.005050708139850826,0.01969296629242434,-0.10583881350923258
25,0.0036123496411001772,0.023487476654553474,-0.10835903934122632
26,-0.0026397011546695597,0.026030437089115357,-0.1118367013815822
27,-0.0065791067873808215,0.023859534353186287,-0.11553909753432168
28,-0.0054713794200972055,0.01938250600519141,-0.11864749662134116
29,-0.0022762265060826715,0.01629113874057292,-0.12156906407538304
30,-0.0008991258519430619,0.01345469683818734,-0.12506149529246613
31,-0.004994028293463008,0.009933473530292981,-0.128867232391775
32,-0.011129999823325236,0.009750027545831347,-0.13285553618307583
33,-0.014620505240276811,0.012899534554252134,-0.1375985318465881
34,-0.015071982188634779,0.013683478090748297,-0.14283902414705396
35,-0.01317366311023356,0.010366092438038904,-0.14784478619740965
36,-0.010178775845970229,0.00939671105866834,-0.1522960730261846
37,-0.007410127034492085,0.015240211737881565,-0.15577476445998184
38,-0.00567694717529706,0.020788025817721385,-0.15830685188073895
39,-0.005361921051214982,0.01790518422050951,-0.16049914086085432
40,-0.004829556263571285,0.010137445940678502,-0.162659471510192
41,-0.001379378741353441,0.006587814330860212,-0.1648595212732853
42,0.0034121121857935074,0.008113976079479474,-0.16715664975371813
43,0.004095922945134211,0.007188268066351991,-0.16945354924630845
44,-0.0013936163515126552,0.001884769853750884,-0.17206508461382247
45,-0.007830183638692347,-0.0024192027005057876,-0.1752003593167093
46,-0.009356025759290829,-0.003229869589022036,-0.17795191939707877
47,-0.00685407387100995,-0.004396940087991297,-0.17982928185011915
48,-0.004549949705847784,-0.010999854165959819,-0.18127817927581774
49,-0.0029721154901365746,-0.019827040268087293,-0.18249879833397892
50,0.00039046454317164664,-0.02088180002261995,-0.18384977214463027
51,0.004304663879275736,-0.013232493474735653,-0.18564060055947956
52,0.0020225024017631738,-0.006429103134946384,-0.18799434037008633
53,-0.01032705442239739,-0.0026033199344572405,-0.19135364816478417
54,-0.02427773863207832,0.0013614637522347652,-0.1956818184723706
55,-0.025641197331880937,0.004042843436701662,-0.20072909532454408
56,-0.0160502661346269,0.00375583355695798,-0.20620032754268547
57,-0.010423516796648553,-0.0008527979037189146,-0.2113248376875061
58,-0.010776173967392763,-0.006148813909943519,-0.21527427019029244
59,-0.011081686529032686,-0.005758158033310409,-0.21760264314262845
60,-0.01201174195757726,-0.0025610447432788327,-0.21835505720127046
61,-0.01243990427414822,-0.004030615130702957,-0.21751965132170348
62,-0.011197806154525314,-0.01034272130953248,-0.21526632948576785
63,-0.009465004755424236,-0.015060944368901086,-0.21253070162437881
64,-0.004962081060022411,-0.01627638120871326,-0.2107107252542071
65,0.002869043201933652,-0.016439867040119405,-0.21054103858174777
66,0.010898061589083241,-0.015522537179491036,-0.21139669682836904
67,0.014916632305565641,-0.012169018459150097,-0.21242964458743496
68,0.010741997792222568,-0.007224416647908002,-0.21369999440292053
69,-0.0019897370302938908,-0.003546301168356643,-0.21571575254113362
70,-0.01880993131069174,-0.002195276045985052,-0.21826602686775032
71,-0.029985694973464073,-0.002848071041483779,-0.2206795509016114
72,-0.02663228739440359,-0.0041943042105582196,-0.22249326602838448
73,-0.014084693594677778,-0.004450084166371958,-0.2232693247716585
74,-0.003937772355045749,-0.0058571448296869215,-0.2231402388094903
75,-0.0003793677406915691,-0.010254684602642457,-0.22233674430134542
76,-0.002379897244838336,-0.014936004267877542,-0.22072981244211742
77,-0.006740012382747518,-0.01891808281446078,-0.2184780838324466
78,-0.009077941640403993,-0.02042581299944049,-0.21573552169388044
79,-0.008284884795716853,-0.017278473125304075,-0.2131536772024074
80,-0.006956662937232724,-0.013652587224945778,-0.21175588683010704
81,-0.005007422374872228,-0.012029545308952332,-0.21174665750703803
82,-0.0033838391277441135,-0.009633500276943135,-0.21220224762416728
83,-0.005777816749921005,-0.006489355108389452,-0.21238627999003035
84,-0.011657221375244192,-0.004734332373986641,-0.21282417118251107
85,-0.01773704535457353,-0.004237232014475987,-0.2138741489820981
86,-0.02071939606634285,-0.003195864452981924,-0.21527854063744778
87,-0.01841656204555421,-0.0016477687064657444,-0.21692768982994937
88,-0.01086755912364508,0.00017389021071238103,-0.2186695693004942
89,-0.0007763142608766156,0.003500236385854359,-0.22009309250464093
90,0.0055118247334946385,0.007758275843959064,-0.22092202506497638
91,0.004413438801936911,0.011200282702322265,-0.2211350139942626
92,-0.000859679061496213,0.012746386092762012,-0.2207148009291635
93,-0.006286484544639509,0.013473884525196267,-0.21953706374176696
94,-0.00900213412299962,0.012527974187231714,-0.21789595912893878
95,-0.00861394790878997,0.009074929043486751,-0.21631660733352698
96,-0.007647143269983933,0.009205914285434644,-0.215244727822555
97,-0.007764077066978403,0.01463238587500288,-0.21494518854406008
98,-0.007161029911038175,0.014917116270764454,-0.21515145251798884
99,-0.0042295364769907445,0.004563573660159331,-0.2156679442361008
100,-0.003453618857608469,-0.009268755393326025,-0.21637849079966132
101,-0.005432434120796949,-0.01836528299705239,-0.2173351626440444
102,-0.004295754120793971,-0.01778786079694234,-0.218446203060358
103,0.002834632096612069,-0.01050539142866443,-0.2191517410158521
104,0.012108563250721426,-0.00546954923430458,-0.21944184166711933
105,0.010489576302596625,-0.003352268266020232,-0.21986991200739625
106,-0.007386163240128196,-0.0011829206260252217,-0.22055502175054853
107,-0.024155491879847543,0.00034693410357933274,-0.22106278188456008
108,-0.023488743027795994,0.002693000181112938,-0.22113513152247355
109,-0.013627197503877947,0.005983713901697031,-0.22098587339161258
110,-0.008971197251641291,0.008172505857845652,-0.22107443995213838
111,-0.010487043504788796,0.008317566196789881,-0.2217885795630259
112,-0.0097395863481263,0.007000007070787045,-0.22293075216485791
113,-0.0021880576839512257,0.004381015883984811,-0.2235679519786744
114,0.002567749157225366,-0.0021437388649015385,-0.2226919848572998
115,-0.003020365537113316,-0.010435047355753187,-0.22072429806629867
116,-0.01287301002544202,-0.015901445622718988,-0.218898211732796
117,-0.019845520112123503,-0.016195036602929216,-0.21706160342659309
118,-0.02252661075593613,-0.009060783336347439,-0.21531948033817117
119,-0.023684464386602003,0.0007246716065050784,-0.21454302264095582
120,-0.026120210771626032,0.003949741179382404,-0.21432574994247355
121,-0.028279311742499952,0.0010039952544344671,-0.21408316211262335
122,-0.027844573218933882,0.00031545538998773576,-0.2140842850199225
123,-0.026226743083144655,0.0035510320943253487,-0.2145600805449004
124,-0.025978588825396783,0.00286343295294908,-0.21555552239152564
125,-0.02538980294465082,-0.00619788518795078,-0.21697647300936296
126,-0.022356223546019738,-0.014323618657509703,-0.21848601072640683
127,-0.0187008501653894,-0.012419576870431569,-0.21956995967359927
128,-0.015051897271033846,-0.004582030036277787,-0.21938758825330484
129,-0.013415674773596259,0.00016920463015102083,-0.21739896780963108
130,-0.013988439632784525,-0.0022542669371906077,-0.21408860107094363
131,-0.015629116897556167,-0.007279405339858436,-0.2103327780021058
132,-0.020052942746551602,-0.009132195991439163,-0.20661993136218648
133,-0.022234068595694406,-0.008570368852706858,-0.20327147910258714
134,-0.017661606376880887,-0.009181216607417386,-0.2003829056738986
135,-0.01105006344636972,-0.010297422837750217,-0.19739441577419914
136,-0.008137184422772151,-0.00984585871968885,-0.19363003445582672
137,-0.011440540509769882,-0.009438490876919253,-0.1885860052671139
138,-0.01811366490911681,-0.009691834780710451,-0.18179579998171896
139,-0.021304832336404077,-0.008726028364851118,-0.17379763097693407
140,-0.01822798219548983,-0.0076984700286071295,-0.1660698344897088
141,-0.015214090861752863,-0.006773860285893149,-0.15942897563200648
142,-0.018290096953495802,-0.007960500107326504,-0.153817156010986
143,-0.019771671109648323,-0.014407783498149793,-0.14941543801687585
144,-0.014232505344225835,-0.017875189022115115,-0.14674762678188374
145,-0.010919216382606255,-0.01529465366553416,-0.1462945397296418
146,-0.012971547631110553,-0.016073697236905438,-0.14783136070149294
147,-0.01404655499273497,-0.020961028910226415,-0.15006816445626442
148,-0.012794937516890058,-0.022602776545444986,-0.15243790190147527
149,-0.008898420802779892,-0.022081397800389396,-0.15519034909691942
150,-0.0006628063311039135,-0.02478471055393025,-0.15778596675398038
151,0.006590607577778906,-0.027060813383825932,-0.15907082866221756
152,0.004092350666439967,-0.02369580353570122,-0.1583892469526868
153,-0.009875403785574909,-0.01707045260830327,-0.15587971056416733
154,-0.026496199875410104,-0.011706195077241174,-0.15203026689566657
155,-0.03669014573740241,-0.007371548057336794,-0.1475468796793049
156,-0.03809503694717131,-0.0003777898591449391,-0.1431033681219429
157,-0.031505910570578825,0.006706110180412887,-0.13951971413996328
158,-0.02214660101136505,0.007710607105174794,-0.13747130946746533
159,-0.013784578740393072,0.004521812650403509,-0.13696670508253417
160,-0.007383654379752941,0.002282687993367505,-0.13785199919655056
161,-0.005983661670518059,0.00003063607046532857,-0.13998952944312765
162,-0.009440895663688012,-0.003157365983194549,-0.1430503886889854
163,-0.014576705791516362,-0.003346375396307888,-0.14674317168119244
164,-0.01703996152630738,-0.002385335968355329,-0.15103848394201713
165,-0.015681898145631867,-0.006414505152676234,-0.15552263384065496
166,-0.014503158961244988,-0.013429461529445977,-0.15953472894932602
167,-0.01349947456105019,-0.01533772037924383,-0.16240443634018537
168,-0.012290643073062504,-0.01110518892263973,-0.1633887830613111
169,-0.013174926316890184,-0.007903961418719435,-0.1628673770921618
170,-0.013883553065347193,-0.006348447136125479,-0.16198583026033142
171,-0.012499031449776266,-0.0031456154394889843,-0.16140849773737537
172,-0.010501536413914825,-0.0009096354336258355,-0.16155576091408602
173,-0.008851267112661931,-0.002323655581836226,-0.1623144519820961
174,-0.006981173718971834,-0.005587446915304578,-0.16277790853736335
175,-0.0029135441428675968,-0.007318987976866406,-0.16208833894190655
176,0.0006056991959830227,-0.00858468774565764,-0.16017199649641872
177,-0.0013086109379987776,-0.0115282590313227,-0.15779219726300586
178,-0.007306923841436275,-0.012765113444053705,-0.15561448275123813
179,-0.012700422298234038,-0.011137977032242952,-0.15368316817264777
180,-0.015482570296913523,-0.010306843149681055,-0.1518809046373389
181,-0.01588910342758207,-0.010945205761640292,-0.1503778011789791
182,-0.013121528791187734,-0.010113204692692418,-0.14911803363065868
183,-0.007972518934607598,-0.009449982788677092,-0.1475698116420993
184,-0.0018740802558596253,-0.012592940144667733,-0.14552803478147897
185,0.003178470367412367,-0.015623854576204077,-0.14310179558030628
186,0.004725973756678256,-0.015501455680797943,-0.14041662575800395
187,0.003984057411465111,-0.0142758726591595,-0.13794902428235656
188,0.0034006405614979,-0.014139603120364691,-0.13607261487176137
189,0.004568556021779628,-0.01638713764500027,-0.13429392747833685
190,0.009116055929337688,-0.021172810543455656,-0.13221337260371385
191,0.017352181583627863,-0.027267532229092784,-0.1301928285934576
192,0.025530443963227248,-0.029621076988145534,-0.12860730631927392
193,0.029162410270980182,-0.025561540934956273,-0.12720028948239287
194,0.028125547597881467,-0.01788389521202717,-0.1253598225621338
195,0.022121864763916393,-0.011874983566315438,-0.12320663345185018
196,0.009286360369156033,-0.011946099728972703,-0.12187526568767848
197,-0.004801258916789758,-0.014611631490178134,-0.12221688392844238
198,-0.009903737021303205,-0.015971870214434816,-0.12333134375744431
199,-0.010561493627292168,-0.015808250539173035,-0.12351522504522194
200,-0.016433790599688303,-0.013386872351483739,-0.12238493483811996
201,-0.020513140284000447,-0.010818773107356641,-0.12075888076062458
202,-0.01824221304163104,-0.011868891823109545,-0.11879161818767642
203,-0.015779718981600993,-0.01578526643926055,-0.11530333522204878
204,-0.014042692108435617,-0.017397248049839387,-0.11010171492926069
205,-0.008849121267744148,-0.01589175777066469,-0.10546798693115839
206,-0.003781430038552691,-0.01295478168884305,-0.1029991367298082
207,-0.0037043046135772084,-0.008739964106291978,-0.10179514207049228
208,-0.003170594954852335,-0.006339374513504137,-0.10042406050744052
209,-0.001977595758654138,-0.006024582543036505,-0.09743598062568279
210,-0.004490103857128849,-0.004173890302532041,-0.0914772320029067
211,-0.0070949129647902565,-0.004996725267881003,-0.08279704794515375
212,-0.006680259581287401,-0.0104733647038521,-0.07271251937618584
213,-0.0042718944133532805,-0.013507039680993094,-0.060598658189687876
214,-0.0008999003964376695,-0.013364752687548595,-0.0443335107623303
215,0.0015518255906176726,-0.012869259503951194,-0.023459295794383744
216,0.0032505259602268466,-0.011286108241014559,0.000292271286543494
217,0.005894060587811278,-0.010017408544012174,0.023698687326569948
218,0.007169528793935481,-0.01136415086581366,0.04294988136142422
219,0.00531026360310656,-0.014549213946170148,0.05582969565729248
220,0.002961152058753594,-0.016818309122318673,0.062238061072533324
221,0.0026577480068961656,-0.013143941072946336,0.06165163633170617
222,0.002400169503566807,-0.003184252423167444,0.05192474618678222
223,0.00204674209612761,0.005430709666976244,0.028466552833487674
224,0.007113470994020349,0.007829537045317525,-0.012519792757514747
225,0.015392971093360533,0.003540149960835931,-0.06788711997270827
226,0.021080218017406407,-0.007354951938763933,-0.1300246409181936
227,0.024626341642177724,-0.01845160355497398,-0.19087056409477987
228,0.023925368807205943,-0.020485081581284537,-0.2439879998041659
229,0.016559662160792576,-0.014619045260968175,-0.2872998037682286
230,0.008084563440411224,-0.010152178175076326,-0.32169331942061574
231,0.0032583542651244413,-0.010403883788495022,-0.3466852167925609
232,0.00031089708284191137,-0.0105433596041015,-0.3587292711444121
233,-0.0010186518845007736,-0.006609260584710577,-0.3552452833782629
234,-0.00035640739119773,-0.002119716807147967,-0.3372025865688253
235,0.0012507311151031264,0.00001742996281492437,-0.3078226251364472
236,0.004996659797207176,0.0030245811021072655,-0.2718216198829049
237,0.010162593085297676,0.006453299146598233,-0.2344384468186509
238,0.011382775069512144,0.007016261614542357,-0.19959028454086603
239,0.007392706366300489,0.000995682874977595,-0.16939478492045396
240,0.0028075654542246004,-0.010669143812920931,-0.14505111850263835
241,0.000050822997083511956,-0.015582972783835573,-0.12602672017541333
242,-0.0022061802665459193,-0.0077040874142245,-0.11015457691413016
243,-0.005459355356619289,0.00012395281229326226,-0.09557415516177997
244,-0.008180984906368247,-0.0032277074734156606,-0.08181502804628316
245,-0.010202382229534221,-0.009808944652107996,-0.0692585891495271
246,-0.011434609459695946,-0.006118515225963218,-0.05781034936028123
247,-0.008401950033130733,0.006370024027349874,-0.04767157010865666
248,-0.002589919332596398,0.016450836706353163,-0.03969490275107432
249,-0.0005977730285861398,0.016926852617948168,-0.03421535648611308
250,-0.0027266785452419243,0.008808567356177792,-0.031187847187466554
251,-0.004872392981020598,-0.0001994526034321993,-0.0299684099838834
252,-0.006674070768976248,-0.004417072499026564,-0.029154414580288217
253,-0.004334881841298582,-0.002389954772469019,-0.02797917849908934
254,0.0056147213370038584,0.0007618503447348879,-0.026796164279348722
255,0.01331469008793948,-0.0007909147854459758,-0.025921716720265872
0,0.010218940811297005,-0.00435197972578235,-0.02490089278525659
1,0.0016878683227149402,-0.006279128630748587,-0.023497709504629566
2,-0.006941834982194403,-0.005488722777924018,-0.022136973987630024
3,-0.015042240258960074,-0.0011168682528953922,-0.02111015168265154
4,-0.01984559031032837,0.006685613980584829,-0.020168576126045078
5,-0.01937055676038446,0.013232559884320566,-0.018696792594310438
6,-0.015565330589179763,0.015237838258790493,-0.016725090587830522
7,-0.011499959856334202,0.015721035595322577,-0.015190037596094441
8,-0.00882510097998998,0.015803763938479362,-0.014692139702565069
9,-0.007805065702795211,0.01388393837055231,-0.014698681204992403
10,-0.005548213229042864,0.009746025649889703,-0.014537831960471495
11,-0.0018305207248954791,0.00644147850303408,-0.013844744531790687
12,-0.003967631668767541,0.0065998528852208305,-0.012220009268290824
13,-0.010016251817900723,0.006795541396090059,-0.009716000887192818
14,-0.009262596835774572,0.003289176371738596,-0.007118546915014744
15,-0.003151817999631934,0.0009754790656016643,-0.005373349217319049
16,-0.001724753102470139,0.0054591371247278905,-0.004389747129274462
17,-0.009233452723946656,0.011908651449071134,-0.003792671721639872
18,-0.020696871736693684,0.012522817170734946,-0.003506613983440085
19,-0.029352842964929682,0.008338649732515024,-0.00361729839403932
20,-0.03206553264478898,0.007266980497342451,-0.004639328457671371
21,-0.025295818000556997,0.00997751233537511,-0.006456627684214421
22,-0.013637659317958024,0.009300701221045697,-0.008647543817255014
23,-0.007825145945530736,0.0028392241608736976,-0.010831749427047604
24,-0.00837984410838711,-0.003757727054337877,-0.012388659602543602
25,-0.008848566582747457,-0.004576717016586351,-0.013289164675189381
26,-0.007666976837279849,-0.0008008375472428331,-0.014147603206282191
27,-0.005604059895224278,0.0028315508723992695,-0.01530325897962246
28,-0.0028085673762568014,0.00530383982133667,-0.016459554391305198
29,-0.0010841806108667917,0.007293708686710736,-0.017301862882929647
30,-0.0019079731360624255,0.00675844586442307,-0.01744480911107367
31,-0.005353751509642887,0.005219256643163528,-0.016246483722107463
32,-0.005976605310748222,0.006582248833445551,-0.014296504972009648
33,-0.00376726669813357,0.006540871667431435,-0.012923447059489241
34,-0.005037030785558644,-0.0015171292491389298,-0.012125647502868786
35,-0.00845721134974698,-0.009339862244650131,-0.01126110720532431
36,-0.012226530135431714,-0.005818127919709362,-0.010278931108031443
37,-0.015954926382479223,0.0017256330536658676,-0.009515795139147389
38,-0.01724705120509941,0.005014304691912892,-0.00874221953929516
39,-0.016716603549191286,0.007140885279442111,-0.006913243564477964
40,-0.015814370084639415,0.007797023565893971,-0.003596218737422524
41,-0.011564467762698899,0.005691275205028497,0.00025999323924799644
42,-0.003948983838552897,0.006188320252467364,0.003399349286176731
43,0.002124737910545668,0.00875671346450993,0.004917297300212176
44,0.006288177593990786,0.007605810828893549,0.004918296822881019
45,0.008698595245385125,0.002645605728763767,0.004915370442344719
46,0.0072900369495336875,-0.002377802923573886,0.006381573979244062
47,0.004280751589138994,-0.0034372029521381325,0.009225423765363408
48,0.0004421778595762593,-0.003089907039232717,0.01217880237183564
49,-0.006433038946294111,-0.007512911123511226,0.014692266293785032
50,-0.012091476018491781,-0.012927101304745517,0.017777828163964976
51,-0.013590591803975406,-0.011985545881213519,0.022415277026677526
52,-0.013333674405438173,-0.006049392397900692,0.02834537328297001
53,-0.012370608470395957,-0.0017816709756034148,0.03523217110538695
54,-0.013614022076884225,-0.002856197891813487,0.042585959435549825
55,-0.01674375808838604,-0.0059538229785623675,0.049441195121178505
56,-0.0161662241803902,-0.006303423657577514,0.05516783292474289
57,-0.01154387020162772,-0.0050902610061560796,0.05958719555092015
58,-0.006722623295773677,-0.009327430018576586,0.0627341772184502
59,-0.004062112054785995,-0.02117593333698265,0.06437074593707151
60,-0.006604977428389169,-0.03078140027342441,0.06437533822917388
61,-0.013195546779874827,-0.030359217397058616,0.06355594928972547
62,-0.017241931613785427,-0.027579028960115798,0.06338129688993985
63,-0.01820124838394423,-0.032413201045080095,0.06479223966706382
64,-0.017240091487034398,-0.03815055480034203,0.06748245602650299
65,-0.012589329303134236,-0.03557350539664321,0.07085284391071567
66,-0.009824472583847069,-0.03254453832224992,0.0747171492741601
67,-0.013508225109460203,-0.037306567359845375,0.07802796209605459
68,-0.016912684696725175,-0.04286081355670758,0.0800412790448245
69,-0.017751107448313964,-0.041643031718625184,0.08219833362771495
70,-0.019502191304904472,-0.03746982017565477,0.08554018547286352
71,-0.019464591289698158,-0.03478177671034985,0.08942758852667948
72,-0.01875113672637614,-0.03206589293593515,0.09351452093239032
73,-0.020875436811982725,-0.030582013581954906,0.09784949521409231
74,-0.021854514452684805,-0.033120268039984996,0.10184556887394705
75,-0.021292098422195913,-0.03479867899336056,0.1050076863221222
76,-0.025046569232770363,-0.03052795609863357,0.10741089258281117
77,-0.03093805783215277,-0.025110297089659596,0.1087986735846066
78,-0.030646513408951373,-0.025939374672188667,0.10915350534280044
79,-0.02439320540692662,-0.03155754562037021,0.10910967905276986
80,-0.01879590266365057,-0.033499034048326215,0.10892896501484123
81,-0.01685031145306569,-0.030703115566919792,0.10877717651718283
82,-0.01666578012994669,-0.028559085124641448,0.10862743786338991
83,-0.015767841714876055,-0.02749857031704671,0.10825057341270583
84,-0.01299580139707169,-0.026981193588287655,0.10782186317399556
85,-0.009045299756138856,-0.025716181075798372,0.10753371472200574
86,-0.006474157171006887,-0.02088636813350138,0.10773946226767595
87,-0.006391727675875841,-0.016027477900687304,0.10846481917229595
88,-0.006231022195745565,-0.015385700435167219,0.10910032050140361
89,-0.003171276521161271,-0.017873070661272524,0.10955649530927591
90,0.0008569120748553732,-0.019781863977426845,0.11022745721675059
91,0.001029075286366591,-0.01716472101743316,0.11129618915353395
92,-0.0009975203571455041,-0.011420328826518243,0.1124271106096234
93,0.0008454936886890495,-0.006993156913429444,0.11322244939222248
94,0.004246508179214622,-0.00617207494610468,0.11378326698258806
95,0.003117455816084698,-0.007985862161301385,0.11405742825626647
96,-0.001686344572790724,-0.008401932664552497,0.11404397020692625
97,-0.007301646987818348,-0.006660603692345057,0.11413758666799145
98,-0.011823373485210556,-0.0058063429875200995,0.11394742188066592
99,-0.013386043319836186,-0.005638826042568192,0.11272136311640174
100,-0.011075238148620437,-0.002951272076796546,0.11059984048428456
101,-0.004779053653563285,0.0028084349428678726,0.1077502364241329
102,0.002428969251338939,0.010260608376331748,0.10417536885483036
103,0.006738523501627576,0.015908084009309764,0.10003682813572418
104,0.005927916432482874,0.015012221543428184,0.09502998313486535
105,-0.00034940386782467137,0.01099821994015085,0.08917701764525471
106,-0.008636694719464141,0.01083591774375399,0.08333229758500202
107,-0.009743338058778167,0.01217622324544615,0.07781847694694519
108,-0.002096236117385894,0.00650547534263779,0.07248093784766521
109,0.0023202475818968615,-0.007852123156813703,0.0669159166142308
110,-0.0030956098917244573,-0.019274261944138907,0.06082476133598971
111,-0.01141496109482229,-0.016480909609110694,0.05469680170466773
112,-0.012010611608744767,-0.007391572034574537,0.04895405095053032
113,-0.008266701964659957,-0.00522122987246848,0.04381820934240997
114,-0.00865664623847369,-0.007613133556102353,0.038858844570351325
115,-0.009107118096738538,-0.007364552919395945,0.033401526573424226
116,-0.0065240300504322765,-0.005046998285510279,0.027361286966605863
117,-0.0057982056618474595,-0.0037444934614814795,0.021155228025132172
118,-0.008005830797589611,-0.003067648388099614,0.015500625323647932
119,-0.008390551000651489,-0.0030446347178318955,0.010107180772427657
120,-0.0037928839690609117,-0.005183488436544106,0.004421287606208555
121,0.0021343618568070016,-0.006021124409538781,-0.0009802932744247574
122,0.0011842465430718374,-0.004312877432368981,-0.005412241026180969
123,-0.006685987810381787,-0.007176374362751703,-0.008803259532958227
124,-0.012276664056430395,-0.015828078704105436,-0.011689811275964843
125,-0.012096477284457036,-0.020975140375951135,-0.014781036816276724
126,-0.012532676328391432,-0.016657050202063893,-0.017876621907866937
127,-0.015079204828451445,-0.00854139777027399,-0.020249699350476526
128,-0.014016806325380118,-0.003891280132061567,-0.021711491036060453
129,-0.0098613814570771,-0.0019230331627127228,-0.022369962415651236
130,-0.00622330791034012,-0.00039613650174404047,-0.022002130692736183
131,-0.00215818354208569,-0.0013034715112310719,-0.020843528246943258
132,0.002927426212849568,-0.00487147648507797,-0.020485093205555277
133,0.003989167369038538,-0.007849140362741536,-0.02153969497638919
134,-0.0026264036552735986,-0.009808506936913652,-0.022466043476598696
135,-0.011947622355169496,-0.008024467465668511,-0.022092293696467515
136,-0.017189726915393305,-0.0004814755365619844,-0.02059008646284731
137,-0.01607444787269291,0.005144565148560404,-0.01867203497339521
138,-0.012599063442022496,0.0021349029299552943,-0.016868732682306833
139,-0.007728601347166325,-0.007605087031418364,-0.01523703663863088
140,0.008725196092670168,-0.012856284129508205,-0.01360069883929279
141,0.030014315473656378,-0.0053634397932708355,-0.011783216986513759
142,0.02801574758519998,0.006792026063237228,-0.009224827667688014
143,0.0066137115454681095,0.010869355082522306,-0.005088339812283696
144,0.002126975934459041,0.0033356730740534413,0.0006842767239021927
145,0.011765478330648893,-0.007849785510306434,0.007792938512764892
146,0.005363617709366442,-0.015136481426820572,0.015866976315849296
147,-0.01148163894233556,-0.018120404754051973,0.023918704559199075
148,-0.02475435079233057,-0.014766321735596832,0.030852696360021248
149,-0.03675075711808151,-0.0061847722005554245,0.0363965183146894
150,-0.04073058128583951,0.0015202165807226692,0.04121529584042387
151,-0.027579338313410362,0.0061676445268079305,0.04572460306257997
152,-0.008996041000707278,0.005016710660479082,0.049699458288030574
153,-0.008290584500189407,-0.0029004709953386054,0.05332684157929182
154,-0.02173427787608828,-0.010258708773510823,0.057071937680543056
155,-0.022735663597741873,-0.011883664334546254,0.06056514831012358
156,-0.00769623281471532,-0.005196427584168425,0.0634457780266178
157,0.00901851262257325,0.007844835311694193,0.06635139760229153
158,0.017155048360893932,0.016499974555214618,0.07122633211739551
159,0.01174270700678312,0.014368504189381685,0.07745407951679381
160,-0.0012418396022728928,0.003254309131033379,0.08062945438470259
161,-0.011065698414708336,-0.00637447011388724,0.080088613845228
162,-0.014329110672425038,-0.00555172410321233,0.07840307581659767
163,-0.013233830027663263,-0.0016828329110511707,0.07724855364443062
164,-0.011556096555975365,-0.0051862008385428204,0.07817247266420588
165,-0.009743486833103221,-0.01167888304805469,0.08131008908883444
166,-0.005011915951287638,-0.01120619544296073,0.08493193917807593
167,-0.0002700464792460555,-0.004670953265936872,0.08787001421276733
168,0.0003029586330398626,-0.0004159246466760025,0.09006413848265185
169,-0.002628090562866975,-0.0016401692225746188,0.09118375446313534
170,-0.0051556488925745825,-0.000617269833755537,0.0915808558085438
171,-0.0064003498376112855,0.005883552919827617,0.09242023499737484
172,-0.009285375208466118,0.008994686949218405,0.09386792074983397
173,-0.013064266733313248,0.004792710057440641,0.09541298332543496
174,-0.015354589806137464,-0.0003404406898390444,0.09636621036182175
175,-0.011110413481454862,-0.0003700054158607344,0.09604434837748468
176,0.00189672871503338,0.003363117251059807,0.09417039327030893
177,0.01439687645911443,0.006181420480174574,0.09068767352360088
178,0.016498452356846174,0.005713990677607781,0.08679194158174769
179,0.005936241543409146,0.002339804586647551,0.08400894286589997
180,-0.009926723282212141,-0.0022682759449959775,0.08224708619498511
181,-0.02259272856355042,-0.004421710118325605,0.08090041273117227
182,-0.029775330079624424,-0.0020475792941450997,0.08001963455775865
183,-0.026091230569386684,0.0020287663747730784,0.0799189591121594
184,-0.010170794043417676,0.005818769395938624,0.08067314025251754
185,0.005057971540634785,0.009480563370940439,0.08273120988992741
186,0.008272593351286509,0.010938953358944481,0.08584910543334676
187,0.0025867847580153397,0.006937767794494006,0.08703944695815477
188,-0.005943467970847285,-0.0008138081959120462,0.083551955475167
189,-0.01326627287418308,-0.005398895124219566,0.0768527708357725
190,-0.017188709004354548,-0.004773369130312514,0.07044562543553395
191,-0.018186285258082392,-0.0024848531538145396,0.0654832160726479
192,-0.016005230200116495,0.0018599693894395652,0.06099999881811366
193,-0.012165067897850615,0.004863316973424861,0.055678050285105085
194,-0.0071011512477085065,-0.0001983455378184243,0.04872511324951276
195,-0.0019896786462035437,-0.007435896227724628,0.041148261344880664
196,-0.00008673633309121132,-0.008593791686479491,0.034864950621792436
197,-0.000304828640562603,-0.007399319636138511,0.031314967068785504
198,0.0005189080660447515,-0.009853273879360053,0.03111913114314873
199,0.0013488080766798638,-0.014782147172753637,0.03311720896015258
200,0.00018742581738077913,-0.016067294879356202,0.03526884676309047
201,-0.0009199371868905265,-0.008555706588784358,0.036878180015976175
202,-0.0011234540088080336,0.0013521668694951722,0.038499103433181026
203,-0.002275482518712457,0.0022340284122359944,0.04051034261888009
204,-0.00497857838211091,-0.00956159312246227,0.042482296760280175
205,-0.00820977475620907,-0.02351558577428839,0.04417671771318882
206,-0.010495109233608635,-0.02357596740775502,0.04609334523996364
207,-0.010982353776352483,-0.01144004629129685,0.04823887148871582
208,-0.009565405794682472,0.0007637353510383527,0.050060518613664146
209,-0.00851210210130414,0.006169367827013807,0.051847287374529094
210,-0.00959993503829984,0.005483864575107217,0.053998078336195215
211,-0.010489408530614024,0.0054191530093443685,0.0560449262084142
212,-0.010411171040696013,0.015517790885887603,0.057452423054240725
213,-0.011346275664482153,0.03306879646162232,0.05802804907257064
214,-0.012328014131188378,0.03922049233154501,0.05771454005066523
215,-0.010049834036460537,0.03110782966105813,0.05661107102178681
216,-0.0036604231092340345,0.028691847263395936,0.05574103317913484
217,0.000355070432443802,0.040558582153117445,0.056172664379925574
218,-0.0030659770757330146,0.04833284830285095,0.05753812780259576
219,-0.008142280024459804,0.03325558386851059,0.05928246014795546
220,-0.010067029253204574,0.0034716614891755065,0.061592687709315835
221,-0.010945718840377289,-0.018135728165248825,0.06476343110295923
222,-0.01374871038768953,-0.031103067275445616,0.06891092318666794
223,-0.018055726923138074,-0.049564119923633534,0.07400066606055306
224,-0.024276497162832145,-0.06922910378102075,0.08007418598367311
225,-0.031313447696237784,-0.0793661272118367,0.08675896643147363
226,-0.03227607666753454,-0.07681353355069623,0.09306291800824057
227,-0.028719765494343963,-0.06372295287323254,0.09877547662120711
228,-0.030939118382362185,-0.04873050074152008,0.10438245839022153
229,-0.038604686105695916,-0.04254171995177786,0.10968251457720507
230,-0.041921711914152573,-0.04863584193475662,0.1137708072532449
231,-0.03759921170997005,-0.06843330077750909,0.11562937449069904
232,-0.03231656399172064,-0.09440721496147889,0.115189012455301
233,-0.035399626752756125,-0.10506226816385461,0.11320586377120362
234,-0.04600551733759167,-0.0973217721502771,0.11039512745531477
235,-0.05697061889021643,-0.08679643766314896,0.10794589575411395
236,-0.06704131022528195,-0.08399930218046381,0.10653525717880019
237,-0.07511751663586053,-0.09095608367657992,0.10545249889956046
238,-0.07595807479523012,-0.10294835001127745,0.10416260323261822
239,-0.07429542278374496,-0.1135939601256521,0.10311085707576526
240,-0.08129214788147246,-0.11940743919888125,0.10335698528877935
241,-0.09375538826063393,-0.11888308021471589,0.10526859618540835
242,-0.10292916175683445,-0.11161003258345556,0.10745377940650985
243,-0.10892408348691521,-0.10259040240574471,0.10821432002737752
244,-0.11367521094733535,-0.10096474062952876,0.1071682048143669
245,-0.1141388457317768,-0.10738964733773826,0.1050216394263882
246,-0.11086970909810834,-0.1132017357862441,0.10257468983831142
247,-0.11043331361118847,-0.11805963881935905,0.10005657041621036
248,-0.11367380778890801,-0.1258249449748291,0.09790884051977664
249,-0.11475315498715316,-0.130577020772351,0.09700508767861035
250,-0.11134180145755468,-0.12758956446785655,0.09725937587676878
251,-0.10480529847467263,-0.11952762649283163,0.09799975770455341
252,-0.09426100901865148,-0.10981931714802093,0.0988605514161851
253,-0.08785970730187243,-0.10047823930481206,0.09933704933081622
254,-0.09395582861385443,-0.09446115838882047,0.09878773170376076
255,-0.09708029897344672,-0.09330655182841385,0.09738926989530194
0,-0.09232790914833311,-0.09532357856344781,0.09603994781693792
1,-0.09663819469343055,-0.10034686238351209,0.09537222518684413
2,-0.10554463665630262,-0.10581548375376382,0.0953671424827292
3,-0.10503425663478438,-0.10649681882012535,0.09557334084295666
4,-0.09848700791952211,-0.10048898487772667,0.09643613765032369
5,-0.09546320804859987,-0.08644876391848114,0.09877936624020867
6,-0.0953314035970555,-0.06610547320512203,0.10220445136568887
7,-0.08869991675414879,-0.04610746689628373,0.10561629714334153
8,-0.07763667163042981,-0.032965321127023106,0.10804612937496849
9,-0.07252699622786934,-0.031884325161472854,0.10918988221670062
10,-0.07183661746459455,-0.045066392933546445,0.10969687927337113
11,-0.06877643899640051,-0.06529634109403509,0.11033859328111623
12,-0.06365748761235032,-0.07939384758183464,0.1110972769227121
13,-0.05868074309941716,-0.08168492689244213,0.11173096219000272
14,-0.054521056067967644,-0.07245044410765286,0.11231799368665679
15,-0.05036278437342147,-0.0533541035021827,0.11287752087150521
16,-0.04595339829777825,-0.029635620029595522,0.11365638072036377
17,-0.04311208234342703,-0.0067304031073168735,0.11511694182560533
18,-0.041898555967246925,0.006859051378660164,0.11731165520711567
19,-0.04077637396755546,0.0023584007747953772,0.12002978397205893
20,-0.040021993034345366,-0.015685133907348353,0.12266682006826002
21,-0.041022989590252454,-0.03473849807369073,0.12388272927023541
22,-0.04274662925919141,-0.04601293315995508,0.1230350749454841
23,-0.04372845498266015,-0.04887487365560894,0.12092104029794593
24,-0.04116330769346266,-0.044220938687436984,0.11848206341183176
25,-0.03358457039908226,-0.028813448362469574,0.11660681172833226
26,-0.024915370152546273,-0.010257627280273796,0.11585914708003492
27,-0.019819449397782102,-0.0038393748586008636,0.11600571745335264
28,-0.02026529102533961,-0.01029348962847243,0.11731950901679494
29,-0.023511551493976962,-0.016882462690654354,0.12027116557779322
30,-0.02338507274232801,-0.0167723561566768,0.12358631492296784
31,-0.019016016293833794,-0.018586870228714858,0.1253836329174256
32,-0.01711992491166149,-0.02760381468579176,0.12497977030442631
33,-0.02250043185510081,-0.034344064176497324,0.12309057410805102
34,-0.03206958363563516,-0.03256248563806219,0.12156886460395316
35,-0.03538728689594442,-0.02307212292220795,0.12125990958506805
36,-0.026635286548932463,-0.010400991870230913,0.12147004960057811
37,-0.013321000305230618,-0.0031958030442825747,0.12187451087643775
38,-0.007684229445665242,-0.001970921066542286,0.12206944316938168
39,-0.012183624727748504,-0.0003377925075039867,0.12116874094405433
40,-0.02029184879574969,0.0013127879635139728,0.1189399680344399
41,-0.026737595516873047,-0.0013401177853997748,0.11567173698087402
42,-0.02673440429656762,-0.006191838763953128,0.11175883807815679
43,-0.022489879460777643,-0.007595495714215028,0.10783000815515997
44,-0.019843259400503133,-0.004668531720397051,0.10453909410721773
45,-0.01717901510780738,0.000028908145664696683,0.10203551357622975
46,-0.015238540052334215,0.0015552708865070874,0.09986339901882202
47,-0.01652237230779882,-0.0016309228162751932,0.09740638231635793
48,-0.01847226090542764,-0.0024350249484749176,0.09487053820607025
49,-0.017656855104120392,0.0043745417634054595,0.09316788753050498
50,-0.01372735693304522,0.015970301162231193,0.09255587105547294
51,-0.009465418331781036,0.024219892479069305,0.09267337077449192
52,-0.004726911660436622,0.02429084811744009,0.09278962395190993
53,-0.0007644396380226404,0.020646472134562943,0.0920462736000418
54,-0.0013366188733776596,0.021332072100793742,0.09034403309385641
55,-0.005261528043983221,0.02964245790363862,0.08812903089398705
56,-0.009014568604578138,0.03557452826308549,0.085767886616812
57,-0.00813974705213219,0.027262620546004257,0.08335083462054654
58,-0.002933306410991793,0.01367594735429345,0.08085916607346824
59,0.0005263833113041128,0.010300259768891706,0.07878850220440892
60,0.0038342976077959112,0.017116908118419816,0.07754055774424812
61,0.0068956776089921235,0.023240807512993622,0.0769950828879882
62,0.0028355479757306845,0.024184479424717797,0.07740929611356875
63,-0.003251285363904788,0.02611128725924039,0.07941036600159385
64,-0.004282969308294915,0.02961916084179167,0.08290374091917838
65,-0.0008948378396408385,0.03473144733239392,0.08695025491287953
66,0.005178311872111541,0.03894638065331302,0.09101001332560654
67,0.007994232246051586,0.0383853393735335,0.09499683073500315
68,0.004235748274868112,0.041075210434546316,0.09829515348946041
69,-0.0006657805348734558,0.04511808225426461,0.10034014561025179
70,-0.004205993185556256,0.04352988264231994,0.10165572034516529
71,-0.010303211447653782,0.04060209999930264,0.10250351120296142
72,-0.0179694743627358,0.03873325873728917,0.10256671836531084
73,-0.02147042769174673,0.03852209797544348,0.10205848398973072
74,-0.0191753041110449,0.03930989765135817,0.10090538184996889
75,-0.012882864763334057,0.03657279692998072,0.0989767829660253
76,-0.006213392132874973,0.028441672551573483,0.09691906788177262
77,-0.003387661383855156,0.01699342847447538,0.09507610915563983
78,-0.005885746506507639,0.008048321022026184,0.09330881356605034
79,-0.010889455108134563,0.005661107830908341,0.09181031812985363
80,-0.01128113403442832,0.007906216315022085,0.09115033108389728
81,-0.005490080412644732,0.014422024343931916,0.09172257093374367
82,-0.000027115269806421427,0.02491395592427159,0.09278639302692859
83,0.003675501568944667,0.03297458590587021,0.09289094287653521
84,0.007498453231182034,0.03586145541076402,0.09194757914268387
85,0.0070722653751241205,0.03519952895297554,0.09193849673871274
86,0.0011625651942530069,0.029628616955736986,0.09435871873053694
87,-0.005534478690189859,0.021566044666347484,0.09882651790335184
88,-0.009362097556762983,0.016470221308629573,0.10382620842386905
89,-0.0075818690154595275,0.016359514825360577,0.10806823948677796
90,-0.0011597899315285987,0.021240531839172183,0.11308917275478442
91,0.005935029886922988,0.02660702156705974,0.12201077666954052
92,0.01151354691978454,0.025391347066113235,0.13584973459332794
93,0.01599446152361325,0.019364490748711216,0.15271021427866055
94,0.01994545636951619,0.01422283801507368,0.168799429487761
95,0.019948103190559355,0.014036358325556803,0.18044008598958933
96,0.012018668253234097,0.01813523742338735,0.18605555780047695
97,0.002005001048201019,0.018661858739422,0.18513587583065527
98,-0.0024093184523297784,0.016787428384338776,0.17581235138743467
99,-0.00033426360395374943,0.01991737261341986,0.15457894083015045
100,0.0072363373432505415,0.02655005065048205,0.11681396836640323
101,0.015282646208693726,0.031587754443120675,0.06131434985351192
102,0.018168830714685752,0.034305653655712476,-0.005464739579493227
103,0.015438785549408057,0.036257619263380336,-0.07401156736369882
104,0.010047134546447498,0.03609690485306494,-0.13713576901076754
105,0.004883969976349368,0.032411390732857065,-0.19136364891405838
106,0.0010105041304208293,0.026095939922693268,-0.23543575470356737
107,-0.0002812442776139422,0.020343419813205976,-0.26843658397406356
108,-0.0014143319735488921,0.01921433616157414,-0.28880311731955843
109,-0.005363752620155149,0.022249127379347533,-0.2934173515747516
110,-0.007350598512821212,0.026678067917786707,-0.28063298820485505
111,-0.005133616873291575,0.03227583254613059,-0.2527337064997881
112,-0.001982923833490982,0.03927975000844275,-0.2143964842869852
113,0.001563800629353673,0.04305913556031998,-0.1708606850476273
114,0.0028531323227314028,0.04131849178404126,-0.12686072787837077
115,-0.0017627688099147287,0.0368854775200842,-0.08668376596435429
116,-0.0095591282402671,0.029111300150389707,-0.0532901326615941
117,-0.016792323986316346,0.019613396010727147,-0.026913702808317203
118,-0.0207591225772192,0.015381725978164396,-0.005577429461733702
119,-0.018102395082065854,0.020857493031822272,0.012983816532359832
120,-0.01225094915949742,0.029841007590974744,0.02960662634080395
121,-0.009162628205055076,0.03140410275404071,0.044307097303593584
122,-0.008342937247618393,0.02840655537886011,0.05724092654953475
123,-0.008073964026670065,0.02991222207626454,0.06797124297710938
124,-0.005833459172009579,0.03284667563550672,0.07542323185881133
125,-0.004763675603733947,0.03006104972786855,0.0790987335398724
126,-0.008556419207408655,0.02099844377754395,0.07980237879270816
127,-0.010820861821904289,0.010670217150051897,0.0790922072300492
128,-0.011285563758601687,0.006111589682606083,0.07833252041516095
129,-0.011573494637880377,0.011049063952664112,0.07849115935322054
130,-0.008449809354926514,0.019347212182446782,0.079999215987794
131,-0.0033651263297988926,0.02372859672168731,0.08237938346377213
132,-0.00007417811666478313,0.028583995911639626,0.08490459749908283
133,0.0004843513394406501,0.036441975598784704,0.08741787220026173
134,0.002398603156512649,0.037521917750701655,0.08990058986058413
135,0.006966854019573983,0.02478853207528464,0.09258377689822514
136,0.008939834357373388,0.005999590119595569,0.09585664063343488
137,0.006159955991792712,-0.0037036861750915084,0.09943813518051164
138,0.0031786499764863696,-0.0001879577523709458,0.10310679715743631
139,0.0020220717892264484,0.007869792408524853,0.10718989727326211
140,-0.00007733735582834966,0.014120092498605658,0.11184718631570773
141,-0.0028625844410983398,0.017733394873783948,0.11683726474224715
142,-0.004505945060002001,0.01937982188341142,0.12164329681070041
143,-0.0037772672220607734,0.021092075107544322,0.12575771188536888
144,-0.0013814732881727715,0.026391605651259878,0.12883708047683878
145,-0.00009637518165100945,0.03388670903169805,0.13054176606161705
146,-0.0012003207404864963,0.035578597381974816,0.13104605873786307
147,-0.0026185748165098444,0.028760558072910832,0.13137127528576542
148,-0.0006072977961962128,0.01922084673333433,0.1325214940714436
149,0.0038798148545426195,0.012080954503471242,0.13456007436124007
150,0.00857850204073106,0.010665815879334628,0.13668759138063286
151,0.011003087494371962,0.013685735161504328,0.1383010426980804
152,0.005173550262607685,0.01407852940860399,0.13969564273831825
153,-0.0037040892174499754,0.013690006024113036,0.14142915694490216
154,-0.0027863540949908047,0.01838688960652201,0.1433635921456547
155,0.0037031854920343277,0.023795935837657503,0.14481629748213054
156,0.0002912132046040128,0.023150084528970626,0.14534341846709808
157,-0.012099432474762847,0.018005820336920747,0.14501853458648917
158,-0.020017257226683016,0.01592681331007164,0.14413821166440421
159,-0.01987998811557548,0.01964333926314689,0.14277913364171751
160,-0.014087320328023345,0.024002078348441785,0.1413033969335995
161,-0.006025555748598893,0.024434381881023537,0.14025773139010084
162,-0.0003008140144356297,0.022180490312286194,0.13966535385148066
163,0.0011305084432205459,0.018772647492930644,0.13967393094064257
164,0.0011319737301387495,0.015618205147232028,0.14053198914339604
165,0.004188338139204245,0.0163115398552537,0.1420074358178518
166,0.00454786629038173,0.018529734179673407,0.1432804378608667
167,-0.0031633182492614154,0.015670882021102724,0.1436479466525637
168,-0.008336062732845095,0.012001287410573658,0.14322722547977568
169,-0.002809893080041412,0.014193116965997288,0.1424534568655928
170,0.003945841132557457,0.017988836033502847,0.1417703684775874
171,0.003088775943416472,0.018382395647842942,0.14142522091845
172,-0.0020899461288570453,0.01652457990313666,0.1415350321774031
173,-0.006339882776973033,0.01714920772454208,0.14256377216450428
174,-0.006481321808627816,0.019364053589814512,0.1444207575710979
175,-0.0031951427280081657,0.016536988235805156,0.14579006433127295
176,0.0012933793841467256,0.009244951189774735,0.14603277869201803
177,0.007443342160770944,0.0031692682606877867,0.1459658245282105
178,0.01282414338016874,0.002173492552459449,0.14637278689387118
179,0.011621463572705687,0.007694981887429848,0.14777679579235542
180,0.00433787849058935,0.015026162284773471,0.15070584857019725
181,-0.004720169609340977,0.015438246171127483,0.154472315644258
182,-0.011567696385654039,0.005378777163283215,0.1573511771487538
183,-0.012447522013004877,-0.004458308040308612,0.15855388903993767
184,-0.010847954397865206,-0.0028289775782310983,0.15877086697456538
185,-0.008514771085217566,0.005522045011345417,0.1594349957389219
186,-0.0027168946545542833,0.010447915702380774,0.1614909516260734
187,0.0031377843016933346,0.007216677744324496,0.16463186083935266
188,0.002539302800936623,0.0009394535482730448,0.16769648296024314
189,-0.00417769684874706,-0.00010688366592820006,0.16994806249279798
190,-0.0113787382659419,0.003910502361086796,0.1715277564803004
191,-0.016070076575942328,0.008156397601207177,0.17267476913145136
192,-0.01680967817196105,0.009756750251453443,0.17367076281178595
193,-0.014495569128800942,0.009697515478387434,0.175236748462477
194,-0.010579867055810419,0.01288232263488609,0.17806199643744403
195,-0.0057927424803667915,0.017818236322879627,0.18194191703267293
196,-0.0018126069294871067,0.01768444071623902,0.18604445658046864
197,0.002597101625644291,0.011744034980688562,0.18984245129754318
198,0.007331866164697574,0.004200703952919695,0.19337057969609484
199,0.009496405290227286,0.0019288490652468598,0.19656592713252818
200,0.010006400049427905,0.005843809117646509,0.19904525197253176
201,0.006437333710313187,0.00633742664063533,0.2004547850444811
202,-0.005018902640725201,-0.00015253454910621467,0.2007466290855734
203,-0.01612881479737066,-0.004174028230884148,0.20076512095872356
204,-0.019478759563261644,0.00022214381534109429,0.20133297738562905
205,-0.01765943558738768,0.008229319014392167,0.20219300304274834
206,-0.013536214567100371,0.012739396943205437,0.20289518625591563
207,-0.008608058051411224,0.011931509680741803,0.20345425359122438
208,-0.006657228929009301,0.011333540254465924,0.20451177969486967
209,-0.008011918466228722,0.015004239787068788,0.20679169957149446
210,-0.00474238705658097,0.01899220317448337,0.20983010618604558
211,0.003427275192305207,0.019100064514164947,0.21252317815657118
212,0.00866683294971092,0.016611973092306,0.21438745360648725
213,0.01069688923334814,0.016225798067169946,0.21552592523935477
214,0.010127739625856086,0.01918369283872591,0.21617807708556358
215,0.005511332257147818,0.021916160697109326,0.2163531466416353
216,0.0013140196721337337,0.023892701750652175,0.21628612589265173
217,0.002213670718449877,0.02608159053888796,0.2162658351663802
218,0.0055925991554559955,0.025789730014240175,0.21588739014024627
219,0.007015603497978331,0.024177198360805466,0.21470579869718076
220,0.00716159825849013,0.02587959633322262,0.21277155889121135
221,0.00890955228141365,0.029659567192352215,0.2104714717661471
222,0.011279628881809459,0.031081497641235273,0.20816964991936493
223,0.011976692061037728,0.028194179897819326,0.20580861497052805
224,0.012038551598362736,0.023955455260875953,0.20338041605184032
225,0.013355766173312678,0.023675098873627683,0.20127284043996774
226,0.015083196444534326,0.025539595550134367,0.1996246870954249
227,0.015706453907355675,0.023065883189747186,0.1983521579905544
228,0.014270354166802423,0.018736174208409992,0.19763959750242688
229,0.010207128202147187,0.017969620503674455,0.19722698493208757
230,0.0073607569682440505,0.01931059927833116,0.19582555779592503
231,0.008980299163808929,0.020486797375390345,0.19293742796080732
232,0.011774166583561674,0.021851910640027478,0.18984780751642377
233,0.013976994191266884,0.02283354665329044,0.1874442977347056
234,0.019199568001483057,0.022127860101837482,0.18532293339146255
235,0.027210136183037414,0.020869547500033985,0.18278767592873602
236,0.030711705461335902,0.01841321584146581,0.17973986707825512
237,0.02444237820183385,0.01161301198222258,0.1764268154190078
238,0.015580719577038035,0.005166549113833838,0.17255634137383852
239,0.010698809842851889,0.005855977981417307,0.16825851813271891
240,0.004660920173288605,0.009453826122156991,0.16408256375993036
241,-0.004849584849181646,0.009163374218214698,0.16009102339013015
242,-0.012256488344358107,0.0037140705913727076,0.15630207368503551
243,-0.009267471309318459,-0.0019797355809258142,0.1520925700663543
244,-0.00031452501882955897,-0.0025469794651143546,0.14673230067499532
245,0.0009626485541772423,-0.0018670150812286693,0.14087010208085687
246,-0.0035118742226594724,-0.004938735297796884,0.13539493778170586
247,-0.0035099085257485896,-0.007479792629392499,0.13016767207862334
248,-0.0001656466832411635,-0.006547477672920264,0.12485084299198557
249,0.0007996016181839594,-0.004820998719932856,0.1197507751649089
250,0.0016865861185466902,-0.004142695761791722,0.11516592628421818
251,0.0053205421249378215,-0.0060309968154793545,0.1109732256994218
252,0.009427205632737738,-0.00798593706092899,0.10689561448948764
253,0.009846470313193634,-0.008068658026234257,0.10249707490009691
254,0.006341093827091665,-0.008387704637426094,0.0973636561439119
255,0.0035399386137534156,-0.00868700849074086,0.0917328869501228
0,0.001576119010953711,-0.008743780061415053,0.08625433545353223
1,0.0005871239173564913,-0.008109670780891691,0.08142309786469529
2,0.003101149290086043,-0.004881427207066323,0.077159973255568
3,0.007203978041056908,-0.000934213909849893,0.07301154028356988
4,0.009376777846166834,0.0004525092168388284,0.06942051387890541
5,0.009051434256180935,0.00005295647940457837,0.06717227368277612
6,0.007482353240192072,-0.0010612375425256733,0.06645606621070221
7,0.006168187217710883,-0.002178561848483456,0.06675037963655053
8,0.00657510736795644,-0.0011625600403894418,0.06717760479369075
9,0.006305363641424408,0.0010542383669126035,0.06761867656996987
10,0.004906469199691954,0.0019869215881353763,0.0682261952949505
11,0.005252396689251301,-0.0007824713945758302,0.06837227996093503
12,0.006347700435630016,-0.008076931252519206,0.06740247054250492
13,0.007632623543501263,-0.015317172158678213,0.06576077058727972
14,0.010516598442776817,-0.01708173557564954,0.06389957914302383
15,0.014679821352631087,-0.014954188045610783,0.061570066500542336
16,0.018358595639404937,-0.016268888137926985,0.05933193126406722
17,0.01842062483531155,-0.018974600446368783,0.0581189894394053
18,0.01367225209524367,-0.016054528778500318,0.0579675840367814
19,0.0061185690073207975,-0.009610322881226208,0.05868391623464925
20,-0.0006312792394768292,-0.0038802909735864838,0.06029627575685395
21,-0.0027599747779634316,-0.0015663646639786227,0.06261107865719401
22,-0.00018338859153294723,-0.003178472068053731,0.0651484011296175
23,0.004975476957004614,-0.0058947150938191,0.06778333084198515
24,0.0080596677304588,-0.0072864794338106526,0.07024448651990178
25,0.007046277340163174,-0.008711687648247146,0.07155623737930403
26,0.004741805486013443,-0.011625122550601455,0.07143125097646427
27,0.0035495348429779236,-0.012844535838215612,0.070715781285243
28,0.006872608448230313,-0.009668440799659964,0.07024174735957103
29,0.01416887384402974,-0.004534111344022512,0.0703071318192757
30,0.01815706349983947,-0.0020464762712995854,0.07101980298895633
31,0.018218843232151567,-0.004620617347966344,0.07233344051415835
32,0.021440483392265758,-0.007637198925781741,0.07393615621089328
33,0.024793732037947686,-0.0009615592916807358,0.07581100901457183
34,0.020416071346693057,0.010022179757126673,0.0780466658396585
35,0.01017971409147242,0.006333618692468457,0.08040365627762758
36,0.0022774033576167946,-0.011898389546709506,0.08254039043378461
37,0.00041871543233196196,-0.026587535760926886,0.08425005793308477
38,0.0006627690481202722,-0.028114615658963754,0.0857555849413349
39,0.0004094562200041285,-0.01914678996931607,0.08733295263631916
40,0.000023284214762026023,-0.009849069175726727,0.08884639654128723
41,-0.0017329386318687412,-0.010006775796573025,0.09015323174449263
42,-0.004152539646030833,-0.014774858604418864,0.09174963349486112
43,-0.004301373326380087,-0.01499248133207487,0.0943623681166384
44,-0.001322077898616665,-0.011070989833119965,0.09761944663026931
45,0.003480485152295841,-0.008099139198315702,0.10048446018226573
46,0.006475604827240869,-0.00822481263818313,0.10230877641403718
47,0.008485570296962557,-0.008124037405316323,0.10260973835394666
48,0.013349265207899575,-0.006638283004523113,0.10158973331510801
49,0.016375908712259628,-0.008624164757256053,0.10032976595368398
50,0.01374378029688392,-0.017538161885140763,0.09955058236457148
51,0.009204845260045863,-0.027252379328150222,0.0991781476247276
52,0.008261891699408427,-0.027177372926853086,0.09914429318154294
53,0.014724000650713887,-0.016492915953025218,0.09964787443237139
54,0.025281204760758014,-0.004334373653615456,0.0999614377372044
55,0.0299425453416982,0.0008489025618660523,0.09911145816255162
56,0.025446562563104423,-0.0006314725482254868,0.09794863204266069
57,0.02196062219897496,-0.003027723357152054,0.09772797148064022
58,0.021245416950439806,-0.0028842192079580956,0.09918724512385252
59,0.01493983343431033,-0.00021626584207471225,0.10273292801074024
60,0.007889814210807533,0.0012133030274952966,0.10713639772371647
61,0.00858598121563707,0.0009151225056888285,0.10997441670822311
62,0.010451243927699683,0.0027048608128532395,0.10973194297388889
63,0.007298328016441633,0.0044175292189187615,0.10685443533712757
64,0.008028122853831842,0.0028275549241976103,0.10239471258085259
65,0.01444727081359616,2.2096603564947248e-7,0.09709804023378238
66,0.01955642617154037,-0.0034753066303390007,0.09192344696975963
67,0.02396409224021293,-0.008088706666446246,0.08769483036088277
68,0.02374334795920891,-0.012149301534058618,0.0844102294462693
69,0.013607830542286592,-0.012973067031271525,0.08149611785753769
70,0.0009875415007252197,-0.010977325835498708,0.07840887934737867
71,-0.005863961747445828,-0.009565336500045513,0.07507561589733508
72,-0.006140777624493471,-0.008155591272595103,0.07225391216369126
73,-0.0009691371420868788,-0.005611349318384876,0.0708499368627932
74,0.004065672108977653,-0.003134104079412392,0.07051194835173208
75,0.0034808201747370537,-0.003651452169302405,0.07005000951171181
76,0.001157334756715922,-0.00772988338546074,0.0692777630419589
77,0.0015993843694854237,-0.008773556223318005,0.06874868183984945
78,0.0038767452000034452,-0.0051129902402023975,0.0683915603177474
79,0.0077176382862498005,-0.001235800315170607,0.06740026322520715
80,0.00937748670551089,-0.0010412564051309747,0.06497940902755212
81,0.003733739413467607,-0.00709234489741889,0.06129430665615207
82,-0.0020560935841349715,-0.012470585516808241,0.057808881526410255
83,-0.0016082371972438725,-0.010119957413943045,0.05608743035920086
84,0.00028674065539840976,-0.0028600199424093226,0.05637736457743697
85,0.0005398703686176343,0.004117578530100127,0.057700746536725384
86,0.00034138572370290277,0.0057933674938839275,0.05881565144420281
87,-0.0007107603025813536,0.0023273661491463177,0.05899621206579578
88,-0.0030503393251190003,-0.0012295062110456723,0.058282963022797146
89,-0.004195711591857276,-0.002999448471420557,0.05719212359969572
90,-0.0035041045523290237,-0.004995207844011716,0.05577034722092211
91,0.00029143770472150887,-0.008934376944857103,0.05328527110306805
92,0.009201643620129013,-0.012855821775030155,0.049524550476555546
93,0.01751205066240548,-0.01260888574920696,0.04552161487299236
94,0.016284688168635778,-0.009730597110057387,0.04199974270609927
95,0.005068290227014494,-0.010364637841835889,0.03846967922559667
96,-0.0042225390837273835,-0.012976928868648804,0.034395484722158365
97,-0.0027420923846886436,-0.009749499926951566,0.029751509348711305
98,0.0037320082445220087,0.0010520991465635121,0.02492945361477883
99,0.00939468733496572,0.011684785617611992,0.02062874395299899
100,0.012281558110757915,0.013085191977458405,0.017462655551353942
101,0.011244879863136464,0.00698386809313644,0.015285927059958973
102,0.011623982372711804,0.0034159058706793033,0.01318096295639435
103,0.01690039273813599,0.004958148448912372,0.010939250443105543
104,0.021746273696253968,0.005933234700978167,0.008867301783838835
105,0.019942441781618664,0.0010408887109481513,0.006554803033722148
106,0.011144627484195486,-0.007149081310014203,0.003789159201713757
107,-0.0004288787723792445,-0.008194547642778022,0.0009326838425792287
108,-0.008352891371705307,0.000927592468101833,-0.0020271511263747315
109,-0.008292421830740249,0.010565413417594538,-0.005510863479774227
110,-0.003800718256196378,0.010804251631941236,-0.009711967388473505
111,-0.0008360892271615517,0.004221724543917976,-0.014107875090747367
112,-0.0006645320242281011,0.0013376220843359377,-0.018302675151422698
113,-0.002776706123795991,0.004187846491087666,-0.022681776101379385
114,-0.0052011632853084105,0.008203781502153076,-0.027523703240304752
115,-0.004936587748836471,0.008574126069461882,-0.03288359970171505
116,-0.0014753963258362646,0.0023896080997747315,-0.03845985326132399
117,0.0036160715618558867,-0.004218151093327342,-0.043376597243351675
118,0.008201649832123487,-0.003681896676224372,-0.046976601933680265
119,0.009011775854644632,0.0009102238043896399,-0.04922275350765504
120,0.006257408991196589,0.001850357306735842,-0.050785294862628005
121,0.004194628984862829,-0.0021744241058636177,-0.052609890438448464
122,0.0022032805397135466,-0.004444111568827236,-0.0552560532588105
123,-0.0012400365806969904,-0.00014939534682908984,-0.05858722419467413
124,-0.003939970587009456,0.004624258494073032,-0.06150518354041873
125,-0.00401550370573301,0.003766482405403865,-0.0630575876832806
126,-0.0013459569591417128,-0.0007316152574414203,-0.06357094477240308
127,0.0010687137842602945,-0.004077753588275931,-0.06404249557912511
128,0.002601582967163167,-0.0023869226182063746,-0.06495055313130516
129,0.004385859049278684,0.0018212943743021875,-0.06627646161872294
130,0.002969721700878107,0.0020643326126085076,-0.06811515216611322
131,0.00003779921174562606,-0.002539401911964695,-0.07012302934703576
132,-0.00027772842247003604,-0.0051196339456630185,-0.07171712302527697
133,0.0010039489571974161,-0.0024507857563224045,-0.07296439564323384
134,0.0034037246307993957,-0.0015952480003400688,-0.07442265066123852
135,0.0043163948177665015,-0.0038586951615828674,-0.07672334363286909
136,-0.0008119773341230749,-0.0028810466547969926,-0.07938422527707262
137,-0.007304935253498714,0.0018135046770608176,-0.08114548233214688
138,-0.004742377212314602,0.005803299465218251,-0.08216919638084544
139,0.006090730055362918,0.005794807130577298,-0.08298701890107696
140,0.015270725035478917,0.0020665570033957387,-0.08352195134894286
141,0.02173748930335498,-0.0031632314365389186,-0.08391270212734478
142,0.02481767169245979,-0.0065927924732411755,-0.0835879564695712
143,0.017473046412204745,-0.005713326836676046,-0.08103231303695962
144,0.009512027171838452,-0.0019961031610635296,-0.07589203719914181
145,0.009008119866296266,0.000734761612872073,-0.06998856406105025
146,0.0099566981889119,-0.0007790587546173539,-0.06523290878598142
147,0.011688627140065203,-0.004148821774604766,-0.062313641794329994
148,0.010746302331396965,-0.0033834190582929663,-0.06074081373157067
149,0.003238076021644762,0.002159345510767796,-0.059163504175074655
150,-0.000012779390768560828,0.005338363865383555,-0.05638177541670017
151,0.008941111676133338,0.0024863475184178987,-0.05087138928728327
152,0.017293003414625252,-0.0009126285098899484,-0.04183369384804922
153,0.017000612549460822,-0.0004107991041512743,-0.031101247895882173
154,0.011318994327935934,0.003062124322773696,-0.021409618798307647
155,0.0023148260348436894,0.004147736843078703,-0.015278158494800714
156,-0.0037017328562620327,0.00035864298351861307,-0.014315853548345074
157,-0.002503243005627251,-0.005408885918972206,-0.01754464920940945
158,0.0015502774565701177,-0.008729113997941962,-0.02261830905441574
159,0.0028133569431067207,-0.006621656667773812,-0.027840795262561766
160,0.001330591056345698,-0.0031089391223879242,-0.03316557523816595
161,-0.0005101253265889227,-0.002206975975687281,-0.040341521868289223
162,-0.0032456433394392886,-0.0009628731027693169,-0.0509399438534375
163,-0.0010371742708996726,0.0008602717379452979,-0.06448078485158076
164,0.012898494103179128,0.001005309654589663,-0.07923479506326542
165,0.0265828499009112,0.0007671535342199387,-0.09411364889714285
166,0.025467074678491422,-0.0006653393203320118,-0.10871524778292357
167,0.014508830103829667,-0.0027891888706313775,-0.122067173234707
168,0.0028647809996460716,-0.002973168893837169,-0.13306219280552978
169,-0.006008896453759599,-0.0035970696934874077,-0.14161790522083256
170,-0.008042352368514014,-0.007483919187534341,-0.1481868855338404
171,-0.006539572766750809,-0.01171454418061843,-0.15323082882194783
172,-0.00755301894105509,-0.011520580122226176,-0.15705818493181894
173,-0.009598984107724529,-0.005830282647862766,-0.1600724832982524
174,-0.012037978760698759,0.0009766460629233725,-0.16280961733002974
175,-0.014193105795298727,0.002703967161972652,-0.16535467561699996
176,-0.011901248650782306,-0.00071215905241577,-0.16732553275065426
177,-0.005101179988670601,-0.0036317126989140677,-0.1685127352669653
178,0.0018093008142646694,-0.003006863897187212,-0.16933731418877707
179,0.006866880474357073,-0.0024232031849648963,-0.17009528603456747
180,0.009449604593567668,-0.005424630557179913,-0.17121079987538124
181,0.008668256195558825,-0.009248985577507307,-0.1736257913803208
182,0.006119550872966353,-0.007931788873356604,-0.17723338327863414
183,0.003112245483007481,-0.0028997162198249743,-0.18057220373565086
184,-0.0004017299827848847,-0.0007096227585536401,-0.18229194912529256
185,-0.0027114739845143787,-0.0013004120064672164,-0.182175886400834
186,-0.00217538106493996,-0.0014999257348949982,-0.18095669493099542
187,-0.0016362885724224285,-0.0003618229044902582,-0.1792696474729441
188,-0.0013198912252117695,0.002029938128319052,-0.17737152992424537
189,0.0011128981054066185,0.006415266074115147,-0.17571929561069488
190,0.003222997995619599,0.008455891652067098,-0.1752683864323653
191,0.0009351696629848749,0.0045504697268529334,-0.17684714261740153
192,-0.006983845510220105,0.0012613774643145809,-0.1797399011096758
193,-0.013254289389310989,0.0023482711539223877,-0.18227007044502475
194,-0.011638142529175399,0.0036808032395979004,-0.18369509608049156
195,-0.005813276762646268,0.000212861115975585,-0.18414190511708256
196,-0.0012528400053836621,-0.0044916677213254,-0.18405395648171125
197,-0.0011440457462479937,-0.0017067060993637556,-0.18400543120802482
198,-0.002450192682206191,0.003690944551343306,-0.18405560757600664
199,-0.0008202357658637534,0.0021638496578315833,-0.1838775855248092
200,0.0016925160181996586,-0.004528847772112113,-0.1837476966918053
201,0.002226363990306981,-0.009986495933799841,-0.18408486741545182
202,0.0012840213530856022,-0.010342659219724784,-0.1845187032674639
203,-0.0004457148679166932,-0.008818092938973947,-0.18451888208625655
204,-0.003143459252964536,-0.011119612890869832,-0.18342754561504165
205,-0.0035712598466180086,-0.016346578233349465,-0.18087380872333803
206,-0.0011687919893678123,-0.019626858652436414,-0.1778892638355472
207,-0.0009745745489182257,-0.01780675575925253,-0.17533304572838232
208,-0.002160924285967484,-0.010159031720137233,-0.17303123607985849
209,0.0006616135097465801,0.002435684564094584,-0.17099695877434412
210,0.0050140642787779265,0.011775181169553034,-0.16965989258587028
211,0.00607122120399738,0.006362441430268817,-0.16923583798059622
212,0.005145972315793883,-0.011564794169628648,-0.16954229329610637
213,0.002141822471470288,-0.025372359446922232,-0.1701899045569117
214,-0.003941794152511183,-0.022852987698778388,-0.17056760015454636
215,-0.008615658145044523,-0.011829552837367238,-0.17043011641231276
216,-0.007214885582128967,-0.006003714975987923,-0.1701209294696271
217,-0.0018996189301209929,-0.007029660460417614,-0.16978155960317232
218,0.00041974852930770634,-0.009834395714628796,-0.1694106559624624
219,-0.003539603179915446,-0.010815066803534501,-0.1691164192881473
220,-0.00865598619109921,-0.011855377287313063,-0.16836174002859394
221,-0.00904032022193691,-0.014698479054216729,-0.16621470796111415
222,-0.006460121505812849,-0.014131697810030625,-0.16190365062425705
223,-0.003581238602573006,-0.0069785304733726294,-0.15454868135990457
224,-0.0006521141511421392,0.0010757406662200292,-0.1441126703588801
225,0.0025556925521672894,0.004160975828228483,-0.13170023772883505
226,0.007029412408549027,-0.0006667948933868212,-0.11769717246968853
227,0.008617468465126982,-0.011549684931387243,-0.10123896906502611
228,0.007233299512125238,-0.017480720126914234,-0.08120781433438568
229,0.006348886097618678,-0.01380105528118801,-0.05809209345137206
230,0.0025725764050963927,-0.008479694844978153,-0.03487731204141217
231,-0.003954745579632834,-0.0063484498310050486,-0.014694336816523053
232,-0.011194891087718473,-0.007477386861093428,0.0004091409701660331
233,-0.02026687360764167,-0.009846078778500581,0.009013611728647876
234,-0.026451725236320833,-0.009581739698533487,0.00952936538091445
235,-0.024233046396697017,-0.0077695065060896795,-0.0006209603276684655
236,-0.01619738879652187,-0.009044698814768284,-0.0246455021468084
237,-0.007574875713958568,-0.014115659330656366,-0.06649052023110975
238,-0.0025489325589788114,-0.019923606486597314,-0.126862139554494
239,-0.0020733497478045426,-0.02431810030115769,-0.1993765307881371
240,-0.0022969651265920266,-0.02782724272538513,-0.27443768432586124
241,0.001048490783552139,-0.030012810687869595,-0.3437593617970103
242,0.004776253250929688,-0.028424819594203815,-0.40234578339259885
243,0.005269727785518527,-0.02412100813978838,-0.4480656047540781
244,0.006825736434139237,-0.020338181566586504,-0.48067664024320766
245,0.008749662733408395,-0.018897419547450237,-0.49994703563703213
246,0.0059274290346802705,-0.020892726313008612,-0.5035324036863911
247,-0.0010569079217283561,-0.0253283750700836,-0.4900942596968094
248,-0.009613774695428831,-0.02764702071767236,-0.46181721883642246
249,-0.01574218573596125,-0.02433715076697665,-0.4229304594399157
250,-0.01645521465128695,-0.019647894184281492,-0.37882328252270725
251,-0.015776525765697207,-0.018177777409705928,-0.3349399405007869
252,-0.013987204047697446,-0.01722095366633053,-0.29469739837880127
253,-0.008108611777458318,-0.016446833363761293,-0.25956349549464675
254,-0.004456833472866781,-0.017644357407300176,-0.23003483761456034
255,-0.0063249939135884,-0.020426729743226686,-0.2052968232136766
0,-0.007574810591676265,-0.02436607404545779,-0.18359543748280582
1,-0.005322746796888531,-0.025047095883888162,-0.1639058976131872
2,-0.0005182795115973166,-0.020222267469363647,-0.1462901827544867
3,0.005002768075694147,-0.013515108027354464,-0.1308065433937844
4,0.005594538146021802,-0.009543634295554548,-0.11796655339078432
5,-0.0004692897130801066,-0.011337407852027331,-0.10932236596164241
6,-0.0068775541731066064,-0.013598658364383925,-0.10522065655188123
7,-0.004777830138313718,-0.011343097418470297,-0.10367372696612054
8,0.007151817953332078,-0.00871411859712868,-0.10287574720251824
9,0.014608711582082955,-0.007890202280811089,-0.10252424026541873
10,0.008740468225540685,-0.007117758518242374,-0.10301217700261561
11,-0.003732713800928142,-0.0029688421687274133,-0.10434659910384869
12,-0.016518641747290345,0.005919736701550965,-0.10554908710244493
13,-0.0253955757927347,0.013262538739947934,-0.10522462504210567
14,-0.02380183817520301,0.01330023659661985,-0.10344002063413238
15,-0.011581072780210451,0.009608896674785657,-0.10219560377291181
16,-0.002853032984278747,0.009424503317908652,-0.10329808416077585
17,-0.004489845798372416,0.011867866414636344,-0.10636432057093104
18,-0.008718866648157783,0.01129360695847556,-0.10895564718338058
19,-0.009792782309200485,0.009126948829241005,-0.11007439851328676
20,-0.006628788461820294,0.010252085277385858,-0.11058657095729008
21,-0.005938245160937855,0.014319463746907034,-0.10970642416360477
22,-0.011124204933435154,0.017435910830188563,-0.10605749350532806
23,-0.01693459456943483,0.01806259591496668,-0.10007471384621419
24,-0.019090783642411978,0.01735201839324909,-0.09296411880741462
25,-0.013334862548348564,0.015119446826194177,-0.08578426244419218
26,-0.00279361543526159,0.014968001852193859,-0.0790519289348959
27,0.003440486853435662,0.021084010399023884,-0.07307512486826001
28,0.0018620153965480113,0.028967890751988606,-0.06846610609462586
29,-0.00286016015046478,0.031395810980659467,-0.06498314933909558
30,-0.0044211454364012776,0.02776672702772237,-0.062123197265404356
31,-0.003905062876237028,0.025158166768026957,-0.05994183249100246
32,-0.001968298297916962,0.026056464461644765,-0.0586616965022311
33,0.0027549361995387045,0.025626616756139163,-0.058589468002720774
34,0.006874365964182144,0.021905841861803416,-0.05931574431338374
35,0.009026788067566863,0.01674287911278458,-0.06023641591778153
36,0.007273736613816362,0.011868355241431289,-0.06143073105658267
37,0.0013638534999089735,0.0072205322218331786,-0.06268280198627388
38,-0.0014063159960335664,0.003938462476987661,-0.0636047889074485
39,-0.00014147516085642742,0.0031060245792898927,-0.06465628793117617
40,0.00004915398597103021,0.0031250293565770644,-0.06578760723800448
41,-0.000028152514558732467,0.0025499010198771627,-0.06574674804105987
42,0.0024647131497329,0.0016762032540007937,-0.06424590116093346
43,0.005487944958963709,0.0014914443388217014,-0.06236709627948564
44,0.006788914702024619,0.000040197163923179347,-0.06082823121404976
45,0.006140635846201607,-0.0020931197621326253,-0.05992630241275268
46,0.002120351111386906,0.0012746743291844748,-0.05963402569038734
47,-0.002183711938819194,0.010606642431185732,-0.05963317675709398
48,-0.0016611350581395984,0.020818933623397345,-0.060043197875979615
49,0.0009745749392169739,0.026615154229164273,-0.06058987442797936
50,0.0026381552393938135,0.023698976293263542,-0.06011988964739687
51,0.0075952196601968,0.017589142414785777,-0.05798915989844919
52,0.016794722183445077,0.01404621335435765,-0.0547719607690734
53,0.025106085829208077,0.004873880658803918,-0.05186172529121341
54,0.02928375103258931,-0.014394388061739337,-0.04967848522046253
55,0.0294399273734497,-0.031181669430372802,-0.0474172927532677
56,0.02776153887462924,-0.033530105500284256,-0.04506213288746834
57,0.02550973520777587,-0.024392675592775775,-0.04247762908822658
58,0.02593672702263565,-0.01448324018977809,-0.03896619091512177
59,0.030010787770894012,-0.013168981306591526,-0.03406265643920259
60,0.031632706062227914,-0.019588499276027377,-0.027849388942048525
61,0.028577054457420287,-0.02251323721073155,-0.021402297631931258
62,0.024754359595781053,-0.01485406337989506,-0.015648602302404724
63,0.022828569361832057,0.00008174224810930664,-0.010504022445755018
64,0.02268072357601312,0.010273260339486279,-0.005747692603856325
65,0.022712816052281683,0.004822689878634115,-0.0019150104192765943
66,0.02042513351481446,-0.011637622576488614,0.0023889774709533323
67,0.016316563010294043,-0.02315765749717781,0.009716806237008636
68,0.013858959085395958,-0.023025181930303645,0.019503964459709575
69,0.01350046952962261,-0.02186569594438839,0.0305668046977592
70,0.013794679873105377,-0.028521840141977367,0.04237058021831894
71,0.015916887008601457,-0.03617325097756996,0.0535991933277746
72,0.016337114783868838,-0.03430861464929785,0.06373526604543737
73,0.011935389253840384,-0.017788209632733684,0.07236860056312056
74,0.011601623502322692,0.003888625859433753,0.0786254558242763
75,0.019246298054962113,0.012206749502158928,0.08354486990562865
76,0.024148169904598563,0.005796534071965682,0.08866471764969636
77,0.018470707297776348,-0.0019886071942145644,0.09377612181463107
78,0.007186555253955569,0.00007956079714682707,0.09816835140792296
79,-0.00007605739450998461,0.008411439150586328,0.10158704028506221
80,-0.0005450267084799315,0.009118774467775745,0.10525348577843191
81,0.0014113627457735325,-0.005288348578386233,0.1108487390531177
82,0.001288781347970322,-0.02759582443818251,0.11817553276611575
83,-0.0028489402445763395,-0.03735507402257693,0.12626639032563602
84,-0.009065224957885615,-0.027885518716262325,0.13458583163737908
85,-0.013518298131692932,-0.01780223348556184,0.14244231545905411
86,-0.011639039483586924,-0.016949167633031115,0.14949688814736378
87,-0.003921402844952102,-0.01636377816350973,0.15564301801294994
88,0.004280557579213917,-0.01454561661368911,0.1602294381633283
89,0.010333434860368654,-0.01959566331768728,0.16298303949957332
90,0.013335151259588188,-0.03019750735965184,0.16453491850354562
91,0.015898655768069106,-0.032964454043338594,0.16587264434120302
92,0.01648970156256358,-0.02393273121491209,0.16803972116041088
93,0.01080888434904971,-0.014633656257680885,0.17112879419710147
94,0.0016335151095759753,-0.013775202769049366,0.17342387020045258
95,-0.011489751027161703,-0.019668937488572652,0.173066298751837
96,-0.029679588645837314,-0.025378138363156902,0.1699344289736563
97,-0.04360708229759215,-0.02590423560170424,0.16559838398385518
98,-0.04623868165344287,-0.023701182785315193,0.16129033109552326
99,-0.04289294925441445,-0.02379391359085946,0.15682459235647483
100,-0.04120569659991746,-0.02675924968333566,0.15202277317152124
101,-0.04249224535859131,-0.02924314907827967,0.14682141380560565
102,-0.04307082945749138,-0.025945701027631794,0.1418673309160135
103,-0.04159389326520431,-0.01847201200424073,0.13889952303217562
104,-0.04033493542182851,-0.017703155238647933,0.1384240232718844
105,-0.04264515445517489,-0.026583026508413238,0.1394561316785647
106,-0.049182331097453076,-0.03317756308911077,0.14115183529452757
107,-0.05187301156255989,-0.032902235979181196,0.14297311269789748
108,-0.04631520744571764,-0.03634209742588908,0.14370744977354682
109,-0.04213373657770758,-0.047381285941947834,0.141955700375889
110,-0.04611206833344422,-0.056227079064500224,0.13815946425454978
111,-0.05239015177432288,-0.053198615451642575,0.13418700428177294
112,-0.05411559272802016,-0.042138853102110796,0.13124997227138374
113,-0.050184965683668634,-0.03497348147589985,0.12909748172810548
114,-0.043743025748243895,-0.03682055355237074,0.12656286426294894
115,-0.03875348457541914,-0.041940141040587436,0.12336238950556377
116,-0.03620479554103511,-0.04012516354354834,0.1207284856200262
117,-0.03455638603099857,-0.031666821313213814,0.11955679869093805
118,-0.033854470712498974,-0.026711969251017986,0.11853250963364675
119,-0.03575648893002677,-0.029601425536245896,0.11548108192008882
120,-0.038980449849247145,-0.035584001789051384,0.11001389288440117
121,-0.041523324084659446,-0.03591271230358464,0.1027527348881967
122,-0.040001900132375895,-0.029008005236520973,0.09382311219673739
123,-0.03214151551850376,-0.022296780183160364,0.08399040103092398
124,-0.021908885206051026,-0.0210978478139133,0.07465893448609734
125,-0.013460210878687592,-0.02515065032586622,0.06648471307895948
126,-0.008656145438833054,-0.03024422390129415,0.05994958682751453
127,-0.009640287464259985,-0.03328205232804807,0.05502914739230169
128,-0.014774016610728424,-0.034764591298887856,0.051109504734707045
129,-0.01940614459789844,-0.03583053314595752,0.048828276247507324
130,-0.0218874549166301,-0.038119479042382026,0.04918903207990785
131,-0.023209443671280777,-0.04149006202006736,0.05109422739012642
132,-0.025088597865101203,-0.04309129067301079,0.05287043046099202
133,-0.023836452956071702,-0.04420884790197921,0.055188206164067166
134,-0.017777201053670783,-0.048779634637189595,0.05941909599498499
135,-0.014500295812709799,-0.05380266441325965,0.06545125334836954
136,-0.014899135541754066,-0.052775381968584195,0.07272411370270204
137,-0.01365344955531201,-0.047372521667833865,0.08092912951409487
138,-0.010827476534025528,-0.042513682258542046,0.08910144164060882
139,-0.009186971210731969,-0.03716855917593101,0.09514240099475474
140,-0.007759574666918255,-0.03246859701359206,0.0971706121318498
141,-0.0016303364051680133,-0.03341935043001412,0.09519915530075024
142,0.007246904724384204,-0.039849796700178436,0.08998668502210472
143,0.009601173694771814,-0.046183495968561084,0.08200853695679755
144,0.0035291639900212057,-0.048092221767155885,0.07248021145772099
145,-0.0021306843045922827,-0.04736128362672107,0.06312688757587889
146,-0.0003520778004070871,-0.04449307675323136,0.05506889909595128
147,0.007603574020844772,-0.03865245915101354,0.04770990090362838
148,0.01649644309863428,-0.03518264781239701,0.03994050561768607
149,0.018945264726868208,-0.0362653564472489,0.03154204710842033
150,0.012196318452263488,-0.03769051587102082,0.02253428855068515
151,0.005709986355871418,-0.038017169570751776,0.013816363029346537
152,0.008647292953358067,-0.03850834820593013,0.007049379270433989
153,0.016176831103145217,-0.03798579523659987,0.0030047877988176944
154,0.017439775976880713,-0.03771607233528629,0.0009235126290911208
155,0.013853939323090501,-0.0395003368586751,-0.0005888197492775124
156,0.0163690286438902,-0.03754210101220698,-0.001972517206762857
157,0.024011064814561847,-0.02884306528443968,-0.0022122983980594688
158,0.02749080377208954,-0.018862475234826502,-0.00041767035767251853
159,0.026179496563733307,-0.012407240313021713,0.002887238146684422
160,0.02418650618748218,-0.007848551046601357,0.006625345459704134
161,0.024292035634995032,-0.002734320630462972,0.010353274383014748
162,0.02804875106146377,0.0022836407261971996,0.01418087952906992
163,0.032799566596871825,0.008338087498082136,0.01821900463857226
164,0.03523964889627112,0.012446852432059063,0.02219393176773138
165,0.03422479140072347,0.011847282486027025,0.025978923752061886
166,0.032774473605632404,0.013621579817346706,0.029333619553908792
167,0.03462720219299259,0.023302266561854364,0.031043424848198456
168,0.038058430696356865,0.0365553300257036,0.030569639653516785
169,0.04148478099470687,0.04361389450591349,0.028446460372025778
170,0.046765240159012206,0.03891582471658395,0.025867746602662514
171,0.05399517860958465,0.02804869231912943,0.024180307730349973
172,0.059000082057854134,0.021527552385813442,0.024046124732610974
173,0.05942024146906284,0.02452320613988654,0.025952541806845295
174,0.05688146371978066,0.03126720986573389,0.030180428864085188
175,0.0551641163318336,0.0330834434652049,0.03629612794332132
176,0.05486963448415044,0.03205830600634329,0.04279408064476306
177,0.05111011841013194,0.03501851273623793,0.04859993985625723
178,0.0465514772665751,0.04288358015798374,0.054029487704707446
179,0.04659790168805719,0.05043953029366818,0.06037246979594968
180,0.04763692149097072,0.05486888606085735,0.06923967764483616
181,0.04603274361739443,0.06118619666184488,0.08053012788822364
182,0.042018096250973865,0.0735853826100352,0.09248147236116927
183,0.03612189681218496,0.08569342505029032,0.10415079820135975
184,0.030553016812533938,0.08776660052875965,0.11491979507491351
185,0.030668492584336016,0.07936248043194696,0.12306329642185793
186,0.03738284357304131,0.06715583482999982,0.12779600919342132
187,0.044829341605710615,0.05579440323438992,0.13015928137310956
188,0.048717047739244956,0.04756532388949444,0.13135763981821702
189,0.0501947567467724,0.04503780250010589,0.13187117076144733
190,0.05023340698279828,0.046557359714190005,0.1323178706410852
191,0.048505594332382315,0.049313629496091915,0.13346355873230115
192,0.04741815389540667,0.05294504131637118,0.13490390069904368
193,0.04757694412265394,0.05342353577485276,0.13561399993676693
194,0.046836781267342475,0.04849473905819482,0.13490749175295225
195,0.04610469763590458,0.045447953306945954,0.13278305485346104
196,0.04699402649279941,0.048783451779894044,0.13009130466517332
197,0.04588917259427236,0.05486064114446512,0.12732711939265146
198,0.041555144993519214,0.0589466974004248,0.12445376632280825
199,0.037608149899686805,0.058504146558143705,0.12107613768443459
200,0.035334374278956526,0.05639541496155259,0.11621558923882458
201,0.03373948289977098,0.055450476875929244,0.1096453596413306
202,0.03279383125640961,0.055162609536489826,0.10126743303559294
203,0.033986457462243796,0.054962176134752155,0.09017879395321643
204,0.033401989786305986,0.052628784554787894,0.07602003885530526
205,0.029118552928803595,0.04746756036977559,0.059749971294871
206,0.026579509431871984,0.045338862250227596,0.043243786073682816
207,0.026556046578440573,0.04899345235313077,0.02791286569457989
208,0.028863961353184323,0.05293610249365807,0.013275031728626041
209,0.03106684348398607,0.05096058731529318,-0.002117401584045858
210,0.028439804472336863,0.04277230915344293,-0.0185889693568443
211,0.023749469091430747,0.03582449375184722,-0.03538130527795508
212,0.021511474599272565,0.03601838563618784,-0.05164153990521342
213,0.024624412275921735,0.04261167641228504,-0.06641131583059301
214,0.030197048040992977,0.04651680985133709,-0.07900185132581028
215,0.029909980271173163,0.04086245939341583,-0.09019925988848282
216,0.024712531481731193,0.033504136752887145,-0.10082329502951132
217,0.022747157168233195,0.03290292747984179,-0.11035846266207733
218,0.02495744819456526,0.03613346564377548,-0.1188574175858354
219,0.02803477299649433,0.036860974356186835,-0.1267464916734085
220,0.03106861380881329,0.03390617365211683,-0.13402083646098123
221,0.032069593522063164,0.03046476630654034,-0.14114351406161452
222,0.02792079195495764,0.030534194374306843,-0.1483215266064642
223,0.020746757844712457,0.03270656897235301,-0.1553744814218222
224,0.01549146640945509,0.031507796604492135,-0.16269479011252402
225,0.014191340470213643,0.02803276185710063,-0.1705556199518362
226,0.01602534906149572,0.029907666831131233,-0.17844806866406288
227,0.019133224190848265,0.03842013664845971,-0.1856243004745275
228,0.022787867865085826,0.04699992172354864,-0.19175323860826193
229,0.024022534904108758,0.0496482359207011,-0.19732607277460384
230,0.02198513123710813,0.04650328653035353,-0.20309780251780057
231,0.02134353534862328,0.04322049688385857,-0.20952911999968038
232,0.02365257531746126,0.04292522670173074,-0.21699625232336617
233,0.02437818586382011,0.0426110908431227,-0.22531216863816916
234,0.02199545398300047,0.03888561264664589,-0.23346853059496597
235,0.020742131730575028,0.03444459481587957,-0.24031571769915083
236,0.02040487020303676,0.03249650960625464,-0.24536384679985457
237,0.018628278235363734,0.03339835608190084,-0.24910788627765645
238,0.016570761322138573,0.03471721360976651,-0.2521347672516542
239,0.014189779814407588,0.03128849626636958,-0.2539849562777541
240,0.009877543618384069,0.024788496949170485,-0.2540926533690393
241,0.003977051915473257,0.023131828680521202,-0.25341828630587093
242,-0.0008630961090192249,0.027948432987728783,-0.253588721371951
243,-0.0010743227967798946,0.0331628030498278,-0.2551734280282444
244,0.0040253513270571,0.03285651885498249,-0.2575739888983032
245,0.011092785524846141,0.02903318986515406,-0.2598528541975863
246,0.015677096012116004,0.028232428746041205,-0.26132281953222947
247,0.015658504165189678,0.031178840944705383,-0.2620660760816055
248,0.013876191385962394,0.033535577836436056,-0.26293380482229056
249,0.012394900331758003,0.03246282201099339,-0.26450604955212786
250,0.009775039082203986,0.029054456366346487,-0.26647596594218637
251,0.007231051067004321,0.026852204097764537,-0.26855738609055735
252,0.0089716279309838,0.029234464437827193,-0.2712455056425863
253,0.012530773606871305,0.03344244502051352,-0.27457886646501917
254,0.01239321805755441,0.03467881557371158,-0.27790474430040335
255,0.011880611134173227,0.03316636729129695,-0.28091412441198627
0,0.013130480697300762,0.03116527932580823,-0.2830147004449861
1,0.012967051820986134,0.03150645973446621,-0.2835818882233102
2,0.012288533660588689,0.032983410608942276,-0.28316216755848456
3,0.01216638902957004,0.030179482702243812,-0.2824473294504183
4,0.01196806294832456,0.026076412636440754,-0.28192709661010984
5,0.011927455549140528,0.029071767437026233,-0.2819559629128353
6,0.012832491246380251,0.03713975680397162,-0.281537516878112
7,0.015435337319022482,0.04063667373545425,-0.27985264770142826
8,0.016333003841323752,0.03684173284149406,-0.27769736690605573
9,0.014709105992155198,0.030162370000995392,-0.27621784980173003
10,0.011973039752730705,0.024046297845103523,-0.27576267263449694
11,0.006877568175216812,0.022291861248689968,-0.2762121142103694
12,0.0015028137653715634,0.025435136224787283,-0.27752915895646635
13,-0.0013759839097322174,0.02874094597887232,-0.2785530164523059
14,-0.001814175684285449,0.028276351713900756,-0.2782938689592115
15,0.001766007486138435,0.025839781261992233,-0.2783641704872928
16,0.010202780619083904,0.028399698078707854,-0.28033888274164376
17,0.01622433191474389,0.03234680034266224,-0.2834252587082361
18,0.01507083203692277,0.0253753628209029,-0.2872629504336843
19,0.012008105068515545,0.009268338202895895,-0.2933036656322472
20,0.011774667543979801,-0.0015022103044410456,-0.3014787100760812
21,0.013067075207760563,0.000425111313832674,-0.30924864842873057
22,0.014589240964091976,0.0059683960764223415,-0.31493304880465944
23,0.015651141428342993,0.0033979016737467893,-0.318456700370232
24,0.01531364865031154,-0.0053394238485763995,-0.31984047707914054
25,0.01563969823504501,-0.010239375527196198,-0.3196162331444701
26,0.015207367712189956,-0.007535275541283068,-0.3192625004394216
27,0.012441454159355596,-0.0023913538780666183,-0.32006450317411383
28,0.012266985516615887,-0.001143462920342439,-0.3219935473858928
29,0.013162822360998225,-0.004067393926024662,-0.32488491430650945
30,0.009360915142574412,-0.006217768437480717,-0.3286496887039866
31,0.004505268391382815,-0.002925076782592323,-0.33249447147387234
32,0.0037653395541309698,0.003295211573074358,-0.3360914988440401
33,0.006816758710217183,0.0027891825017609534,-0.3396389079513744
34,0.011226525427409081,-0.006545237972263168,-0.34297953160912475
35,0.014720458995851442,-0.015182825219917512,-0.34509640618800874
36,0.0159929504595644,-0.01569288140753597,-0.34510290472522587
37,0.014769092678845304,-0.013139834653899923,-0.34341314399829803
38,0.013470845857524609,-0.014348155808932991,-0.3403355379182277
39,0.01593166712850185,-0.01672827925591787,-0.33561080040405855
40,0.01909091361001218,-0.015307744247116091,-0.3294158989486832
41,0.014501266244662206,-0.007509934452755218,-0.32221825884876454
42,0.00598875047133926,0.0013360445124415282,-0.31450976837865485
43,0.0018566602245295438,-0.0005338359815765595,-0.306750769388643
44,-0.0007216571450186574,-0.01211393463889602,-0.29922272681425066
45,-0.0028327281186360104,-0.018928108001823773,-0.29135607215657544
46,-0.0035631833156558046,-0.013659978245560925,-0.2821890162187912
47,-0.005274764807414067,-0.0030483419019354946,-0.2720200380443506
48,-0.006962328096402501,0.0015545797843401592,-0.2618356252722537
49,-0.006819556422023303,-0.002047837702932445,-0.2518937443210276
50,-0.004888650416134663,-0.006685132588894152,-0.24158703957310979
51,-0.0008591879163028851,-0.007082903353107131,-0.23052941397274807
52,0.005572902367073404,-0.0038087450121825454,-0.2198302794519582
53,0.012190415941221042,-0.0009401230589018384,-0.21071630692798993
54,0.013592663712516294,-0.00199419576475758,-0.2029176924608047
55,0.011645192608346684,-0.006279955089973709,-0.1957318348108411
56,0.01088565122657439,-0.007425492256116131,-0.1887882177010779
57,0.008185728351034902,-0.0044077079258903265,-0.18101040579212435
58,0.003266625917877488,-0.007355842157206315,-0.17054038066865074
59,0.0023214597576732485,-0.016269138465868672,-0.15797499952788713
60,0.007434523759345188,-0.01832114923522865,-0.1463123063954514
61,0.010599470785944878,-0.013015250379220172,-0.13705732723577402
62,0.010064128516965094,-0.011534837974956087,-0.13024454073486158
63,0.011479504287943428,-0.01809487945596159,-0.12548381966662359
64,0.011686990690652446,-0.026616577603045623,-0.1221630506296641
65,0.010370919588694918,-0.025516192577363504,-0.119862773924518
66,0.012287305751090858,-0.01399072019347082,-0.11807288642906977
67,0.016237872404636516,-0.005970727551230626,-0.11651779685757985
68,0.019199287871546563,-0.0076578816506998465,-0.11541998712350998
69,0.01862007273401067,-0.015313950882913638,-0.11489786963433252
70,0.015113615032046557,-0.02322918854959851,-0.11486559456946349
71,0.01278227834709389,-0.026927733543702835,-0.11512031735756278
72,0.013557010394802033,-0.027629726928594014,-0.11543911732934331
73,0.01833190813245604,-0.031055202975320075,-0.11612484143165747
74,0.024825328461745483,-0.037945276030221506,-0.11780299369020114
75,0.025481815685665196,-0.03976150846875297,-0.12024892717335905
76,0.01820318787920973,-0.034997409444087524,-0.12227180897918255
77,0.012212077966700069,-0.028896937032335118,-0.12310279955229714
78,0.0124894152412506,-0.02506620513076213,-0.1231248225689851
79,0.014885837995544625,-0.024228916350955657,-0.12372474004329753
80,0.018844794843686043,-0.020063453624376146,-0.12567896226857933
81,0.022358277236980376,-0.011975821406872755,-0.12750239281974501
82,0.021725445497915677,-0.006879995913920349,-0.12730580002149067
83,0.01740012814735592,-0.007491176622264506,-0.12554498952603776
84,0.013065311125697456,-0.012112834744615629,-0.1236889503311338
85,0.01118026128887993,-0.014823357404418848,-0.12242260690897155
86,0.009398906781473877,-0.012256581277874795,-0.1221290348050052
87,0.008587638480069937,-0.008893286618376031,-0.12237653889209621
88,0.0097046765364373,-0.010003968519643344,-0.12247390095488986
89,0.008795641373269193,-0.013175722707186505,-0.1224132414008442
90,0.0067811351133580024,-0.010631899829101309,-0.1221110075406811
91,0.007870431095823891,-0.003350627419349758,-0.12123632225118203
92,0.010881855601830396,0.0014483925421021199,-0.11960978526442573
93,0.014063188609889962,0.0010892568415495352,-0.11703870758626217
94,0.016340545356208984,-0.002970585814124904,-0.11345001633140112
95,0.016264240933847728,-0.004836117606569476,-0.10925779286153764
96,0.015662119965545396,-0.0015308951253226316,-0.10478727471388338
97,0.013740060843690394,0.003796544485017185,-0.09973663837276137
98,0.009721205367861654,0.006768424972731266,-0.09362392578262235
99,0.00716730114016445,0.004455740326419821,-0.08642847091778802
100,0.007259721562774581,0.0025650736863459672,-0.07822311138487731
101,0.010967112029426601,0.009460942363800531,-0.06912759815715397
102,0.015466585763591847,0.021982953337463765,-0.05952203498353975
103,0.01619772701904631,0.030445496779991962,-0.049474404072083034
104,0.014973202774408549,0.030879447133846716,-0.038669871887833884
105,0.014061604582562913,0.027938123959193262,-0.027088308180558796
106,0.014653399885062451,0.030306556246661093,-0.015118540513417128
107,0.01593122964281056,0.036047629957675756,-0.002777674459894984
108,0.016796482169270877,0.036431690848346805,0.010216733196764714
109,0.01763546005567697,0.033038285181420546,0.023237724348063208
110,0.016415108573387557,0.032691851719914795,0.03494331632328558
111,0.012943014602135716,0.03791463812120138,0.04486712027725817
112,0.008968835111835747,0.044717961671595585,0.05326563837498903
113,0.005753349368198244,0.048429272014933855,0.060576097830288306
114,0.00598803596950705,0.04939502780004973,0.0669477057691037
115,0.009800759856078551,0.04955211104038834,0.07215518803702897
116,0.012131897322201095,0.05019586121216177,0.07713929707663983
117,0.011243813052513853,0.05150998529497841,0.08344632112951472
118,0.010756428901740306,0.050686297270459896,0.09111461421719833
119,0.008165876957260683,0.048037478755268745,0.0994298145817317
120,0.0025114237256119894,0.05139673470797308,0.10947906095767868
121,-0.0015185225964859071,0.06079298397174153,0.1239852694018746
122,-0.004299669556515059,0.06490070960392035,0.1445135967196577
123,-0.007094610872070792,0.06102121005196129,0.16924065209258637
124,-0.007539436237249397,0.05883742581963172,0.19392691841424808
125,-0.004984693681287192,0.06129775592589298,0.2149850771744774
126,-0.00221401598743165,0.06253579688727054,0.23138626997675704
127,0.003783582875792505,0.0639340644349917,0.24320203617333513
128,0.01654997670667093,0.06640269186336462,0.248457443350956
129,0.02911820024447393,0.06163802448995695,0.24401762157915285
130,0.0352150967306238,0.051260207699021496,0.22645119284788673
131,0.03776965073831687,0.04932542140656723,0.1923437370412303
132,0.03864732691063158,0.05556362236467778,0.14296132017762542
133,0.03619500587294666,0.0564427633209342,0.08480383777245826
134,0.03138572076398624,0.05075144408424698,0.02608430130498607
135,0.029195560673636073,0.04997310842902292,-0.02651345603501945
136,0.028915199229889874,0.05679683691597015,-0.07029301500854701
137,0.023055919064221164,0.05997234330215709,-0.10519774335821258
138,0.013843842730492235,0.057351108789019,-0.13138969149125868
139,0.007031200679797848,0.056979864658729534,-0.14661600802564756
140,0.0041879122578612725,0.057099855624697604,-0.14736736716140753
141,0.004201258544822874,0.052875268409769194,-0.1329344230487965
142,0.0053417915451440465,0.04599189490785724,-0.10620486997693607
143,0.009930275169871536,0.03804740023857783,-0.07233359965857922
144,0.016652398877648612,0.03090834093403516,-0.03663353651311885
145,0.021499455964295595,0.03086566277386306,-0.0031036754822709525
146,0.02362222711756666,0.040785437384526696,0.026417788763298033
147,0.024997860045461152,0.05073210064014776,0.05187740691419855
148,0.025239405234628365,0.05138675140420691,0.07336485762698838
149,0.0193211240544673,0.04740327430537364,0.0908704485626976
150,0.007630544768637379,0.04389602036930562,0.10497052062575973
151,-0.002657186416753221,0.04041846035509253,0.11640916601900664
152,-0.008031681730695218,0.03829573835507663,0.1251072129288724
153,-0.008826705539240087,0.035186804138921585,0.13088654238268044
154,-0.0065470393826602274,0.026091097605142916,0.13368475471898295
155,-0.004304406135489061,0.016701299601676795,0.13334934790902736
156,-0.003718257269326633,0.014724071455562038,0.13061665300073844
157,-0.006476852081352971,0.014693234752119602,0.12617025155282063
158,-0.009218819452202598,0.010334080889550179,0.1204599464702037
159,-0.007752325601184884,0.005483854642515024,0.11460595858145639
160,-0.005477284008218508,0.0058591004009823505,0.10963635425922669
161,-0.0046914013559196666,0.012629724608393608,0.10564243533327194
162,-0.004196623016590462,0.019407799486067495,0.10215396769398224
163,-0.004673893693849435,0.018658829576586405,0.09903441057601275
164,-0.007108074334747264,0.011260501095002512,0.0962497680636448
165,-0.009176488896003546,0.006603417455370103,0.09362418529576177
166,-0.009612004308475322,0.01273911815200144,0.09145523538798422
167,-0.01165394563963977,0.02306996517643642,0.09026059165539191
168,-0.015421018976290328,0.023491700221087264,0.08944853871702257
169,-0.014624918609634392,0.013228778630814952,0.08776647489223544
170,-0.007558953901281619,0.0064198683128616485,0.08507687817995149
171,0.00023115736040055929,0.007670902647870209,0.08184251362907694
172,0.004366178038765503,0.004050690848828364,0.07792980998685606
173,0.0041156422627178085,-0.008093674314579191,0.07376592207686875
174,-0.0019405238995133522,-0.01539315749626445,0.07016814340415836
175,-0.011568187720687427,-0.013407731379753901,0.06654703623736585
176,-0.01717587874831497,-0.00902093805670337,0.061946071692046634
177,-0.01768244707916021,-0.007521132218923865,0.056698938157831474
178,-0.017803350529404478,-0.01338593857669032,0.051175939521694414
179,-0.01661221092270959,-0.023194061188084675,0.04445494456204338
180,-0.011834349512542142,-0.026177273568509185,0.036588519328668107
181,-0.009745236600320964,-0.021947154908434574,0.02894752495802959
182,-0.013336357464461199,-0.020730959570362265,0.021999620889834468
183,-0.014276106753215723,-0.025893236550335444,0.015522723353861866
184,-0.011540476854684279,-0.033963329356589855,0.009169179509154801
185,-0.01393204275888426,-0.042228777354580124,0.002890580989640474
186,-0.020431173694847853,-0.0495872063525655,-0.002877033273451176
187,-0.024535660856747472,-0.056716834647926706,-0.007989887832182426
188,-0.02639795545333791,-0.06264327972685935,-0.01338731248639331
189,-0.030329359681527022,-0.0641274935891098,-0.020123219831115452
190,-0.036437098215600816,-0.06058966433708049,-0.027695653647483297
191,-0.039463167595440635,-0.057914410858850074,-0.035196616488829234
192,-0.0405915658713579,-0.06102651441056954,-0.04268976346233652
193,-0.042773811931721833,-0.06754123475947807,-0.05035299344523694
194,-0.04454743762534169,-0.07435930892829437,-0.057947114108231695
195,-0.045680695088451476,-0.07702840130702573,-0.06566944456537976
196,-0.04368075031882131,-0.07248097106860843,-0.07414682316736879
197,-0.038431393137472986,-0.06824735184218456,-0.08311090427872464
198,-0.035982823961534474,-0.07031628181253946,-0.09089953800919287
199,-0.03487615868579766,-0.07667525477585352,-0.0960354070519942
200,-0.03226311568462313,-0.08150854579870065,-0.09849711669866879
201,-0.03144627304543064,-0.07936202224458311,-0.09878470962500085
202,-0.031777804875048804,-0.07344009509507303,-0.09785283690834878
203,-0.03224674238618891,-0.06836407427824492,-0.09692115895250197
204,-0.03498252515435463,-0.06799632740057948,-0.09674978690165187
205,-0.03679140763475733,-0.07139202973128433,-0.0976959301019622
206,-0.029973380648706985,-0.06722000461194805,-0.0993889407185238
207,-0.021034938029614314,-0.056355824821373635,-0.10148071387139332
208,-0.018254943153356115,-0.054857280777725004,-0.10458008330419613
209,-0.018077213829414115,-0.06708310436276832,-0.10910977611098974
210,-0.01937611524662937,-0.07666186886421344,-0.11381228530975818
211,-0.0197893590296295,-0.07023459764180155,-0.11738847411403902
212,-0.017607561078596293,-0.05779769823496633,-0.12043714676307238
213,-0.01597280586358309,-0.05404543061323458,-0.12347597395441401
214,-0.016030330922680015,-0.05490378435080001,-0.12592821315182173
215,-0.013910752188286649,-0.04956031416332202,-0.12755573447713964
216,-0.011572432548307574,-0.04128168591998663,-0.12865298173614548
217,-0.01627679262073685,-0.04332748857416305,-0.1295801336717467
218,-0.027709372260213104,-0.061288496903595224,-0.13067033641328452
219,-0.039734186484546755,-0.07855386310926088,-0.13239897921032467
220,-0.04681811986070254,-0.07686069513440974,-0.13550405802743143
221,-0.052245203901779225,-0.06433850336003286,-0.1401540623593422
222,-0.05532995182201898,-0.059647902088179466,-0.14536446795053432
223,-0.048234524547137114,-0.06946664247781884,-0.15024374263121382
224,-0.037894842519883426,-0.08492362937934789,-0.15512697831849231
225,-0.03512931532497754,-0.09253119902044171,-0.16069044399688298
226,-0.03852818605782349,-0.09371996561502433,-0.16642347519669043
227,-0.04329790369834073,-0.09834033430236921,-0.17130758537034624
228,-0.04615526893530075,-0.10308683420337228,-0.17576183729187816
229,-0.04676370145579127,-0.10050022462449815,-0.18115193285181547
230,-0.04557803757306668,-0.09504975682589173,-0.18679260715374552
231,-0.04095451902390409,-0.09768017428372461,-0.1909365174379381
232,-0.035065778144671184,-0.1096332601683141,-0.1935389676600009
233,-0.035716514586398795,-0.1216337754662492,-0.19497082903692076
234,-0.045467099514753445,-0.1297708905184488,-0.19524903819475503
235,-0.05687381082661791,-0.13542167871378757,-0.19438877706895918
236,-0.06315017462745037,-0.1368057364722881,-0.19196909111566296
237,-0.06370252913048888,-0.13282477275941462,-0.18724169731608314
238,-0.060540029102532866,-0.1281431901459676,-0.18035715485940002
239,-0.056656051811156766,-0.1308667214785318,-0.17218416824581623
240,-0.055989358064017586,-0.14578219699431555,-0.1631465038464876
241,-0.05564532715807044,-0.1663175742744591,-0.15332283983263129
242,-0.050792195463737866,-0.1838561786632223,-0.1430385751275765
243,-0.04714048038947874,-0.19619431198384524,-0.13298937685208123
244,-0.049888537877451566,-0.20083128583280113,-0.12374621622574239
245,-0.052592641913036475,-0.19587662278832552,-0.11521711496745818
246,-0.04876262628849848,-0.18233054179787134,-0.1065274190717726
247,-0.04092810685476211,-0.16470234129601435,-0.09736795931329051
248,-0.03418563722953402,-0.1487557545132845,-0.088001699114577
249,-0.030840164109612114,-0.1405656029940281,-0.07784834274096311
250,-0.031454070622619956,-0.14302585082445657,-0.06671476174162186
251,-0.037904658672279934,-0.15369325235254078,-0.055846461781871
252,-0.04707779015543451,-0.16949424185006226,-0.046997865067329
253,-0.05145542466329439,-0.18296872226635613,-0.04050499744901456
254,-0.051552215027957926,-0.1842302740193344,-0.03494049812707477
255,-0.050200869856486474,-0.17088186889349966,-0.029172741146450618
0,-0.04446759289584215,-0.15143679145587918,-0.022278046169028752
1,-0.033019248483782626,-0.13914895816382078,-0.013636775440208582
2,-0.02128025903117009,-0.13515380100769026,-0.003735222186743877
3,-0.018159113615485015,-0.12868997400514393,0.007035664005256362
4,-0.024212566451492973,-0.11893102716626686,0.01848562917619497
5,-0.02856987247070651,-0.11442444239512253,0.029943949751479123
6,-0.025163911544276385,-0.11627323336910234,0.04106573479836671
7,-0.018996768010624943,-0.11483991783779093,0.05207905822359708
8,-0.014908363212572426,-0.09939304436436602,0.0633292160889036
9,-0.011342370934080748,-0.07442655130318707,0.07557695112962692
10,-0.00514072053298309,-0.05411959585084103,0.08983046589874333
11,0.00131048001242777,-0.041616485125532954,0.10579689763004774
12,0.003341898791438508,-0.030974716360060328,0.12174267255008553
13,0.0017622105357456008,-0.017728115922813426,0.13689805697121477
14,0.00010849656184078876,-0.005489307160569945,0.15197310994731583
15,0.000015032415581775482,0.0005345842236828546,0.16716283880265514
16,0.003124804264727221,0.00200872050483214,0.1817819725296675
17,0.011200866369572127,0.0046998756533833674,0.19554837267484054
18,0.01887645809723716,0.014715428902879524,0.2084808295311259
19,0.01768896155913121,0.03289976458209121,0.22094038058347187
20,0.008454248080141405,0.05613322339297666,0.23359836313594673
21,0.0003268922291310983,0.07481135794863525,0.2459269453929135
22,-0.0006407128937621631,0.08373145024283724,0.2568454644712851
23,0.0017294259195155606,0.09291064769041746,0.2664421127614808
24,0.002670444538046962,0.10722080682493007,0.2749859329011278
25,0.00238865834862359,0.1200106635604049,0.2817687454645582
26,0.003696171474031923,0.12420595967812409,0.28605996914759557
27,0.009730155711796848,0.12043339544809706,0.28720389041075234
28,0.016205904831887424,0.12026661439229835,0.284692996175017
29,0.01663374081614645,0.1266154548613032,0.27985145554884305
30,0.012408901807534664,0.1314306958534115,0.27504821530480583
31,0.010876916988368922,0.13357895400332265,0.27119607599980156
32,0.014755715547484477,0.13430766565570712,0.26783192510844234
33,0.023413416492386818,0.13825512217957725,0.2641793601416238
34,0.03443732614625204,0.14976130426449463,0.2593418819619553
35,0.03376047531579725,0.15990921150093285,0.25279442170544575
36,0.020826955950722453,0.1616983135193819,0.2446090310845438
37,0.00866565271560571,0.15887794610730266,0.23497408038621637
38,0.00013142222913313517,0.15726533439189438,0.2237404915607828
39,-0.003561561704315999,0.16093908363763315,0.21120246816910315
40,-0.00003151233660410313,0.1654139785001167,0.1982860340456305
41,0.008089451138540059,0.1645890252692134,0.18527973125449648
42,0.012532684475347514,0.16015685249190426,0.1721111318499592
43,0.01252936290343104,0.16072283797414755,0.15901317335048293
44,0.015650491871861544,0.17318926697323828,0.14626569847129473
45,0.02088982845051235,0.19053687877502923,0.13447359610311443
46,0.024200543678592812,0.20058919433299383,0.12442433500038635
47,0.028444496703976946,0.2050294278199436,0.11604474819564586
48,0.03214908374780484,0.2094796932212324,0.10833092629109697
49,0.031515215822135706,0.21166731323039462,0.10025934595472402
50,0.029047429931572305,0.2088702687081504,0.0911428210301713
51,0.025020450102817383,0.1991785104574317,0.07993590049597704
52,0.019770773601145417,0.18988964014531612,0.06572452098710968
53,0.01928401374828031,0.18961561830658077,0.04934154574465141
54,0.02175340674057495,0.18874615830108799,0.03267157272612158
55,0.018885194833991065,0.1792297713145632,0.01633399541473998
56,0.012736162414236724,0.16904444365404103,-0.00023872155148078195
57,0.010789580869565801,0.16285498366697215,-0.01702126028826199
58,0.013412002218070748,0.1592382048357569,-0.03356213075156271
59,0.013165448731620497,0.15526344233638434,-0.04993639446810498
60,0.007609804750576016,0.14487168180069873,-0.06655083588158509
61,0.0037106031210219492,0.12971105203562605,-0.08409455587475437
62,0.0008444923315588729,0.11970400610499296,-0.10288507218491233
63,-0.00525583112311475,0.11791274995536946,-0.1223108592396352
64,-0.01070732476615499,0.11993881785443863,-0.14169012137202774
65,-0.01735235818885228,0.11937630608011451,-0.16080980895108876
66,-0.02846023407158706,0.11226605556367908,-0.1798799372055493
67,-0.032068263131594985,0.10376600333626118,-0.1989656941260492
68,-0.02464767615707532,0.10118764397221836,-0.21739036034019799
69,-0.02138507106122392,0.10369678834173873,-0.23407058998555164
70,-0.027190758867795123,0.10103516715476185,-0.24843401848872493
71,-0.029023810567356284,0.08726769756923553,-0.2604119638538068
72,-0.020381130452781504,0.0702199517271554,-0.270301076888127
73,-0.014014285301802404,0.06115920216024481,-0.2788828117979453
74,-0.015146200931945089,0.06513711885019463,-0.286544428115278
75,-0.01946257945953176,0.07459183575485939,-0.29284940634758205
76,-0.024095270735208743,0.07890974356690317,-0.2972424048177146
77,-0.017896716873661817,0.07865689646838114,-0.29990629900810484
78,-0.003909822764108964,0.07764720770180322,-0.30161316298941754
79,-0.00007540621449978607,0.07939685687614084,-0.30277131519130907
80,-0.0074437852168003915,0.08147206062202228,-0.3032894272991792
81,-0.011930402483357,0.0726271517841034,-0.3034172253181181
82,-0.007672181983699289,0.05604112531409261,-0.30306142843922534
83,-0.0024585801255727485,0.04821488025094184,-0.30097773848898934
84,-0.0007927130747896333,0.05104175585256035,-0.2963274086422354
85,-0.0033597743038554784,0.05107590860768829,-0.289030268230548
86,-0.006480486363705837,0.045906930145167,-0.27929041238298646
87,-0.0021174067824945297,0.04459917722077367,-0.2677127802503433
88,0.00686264464643728,0.04803854382192563,-0.2552353849887544
89,0.008463339797844652,0.04994999726028912,-0.24274564949061617
90,-0.0022074069588232798,0.043935222479340896,-0.23089825826030597
91,-0.01416704437834073,0.030876613134215802,-0.22033498111352812
92,-0.01717166034931677,0.01762264339091918,-0.21112133174377845
93,-0.011870318610356192,0.012876539020457739,-0.2023432975346099
94,-0.0040228691840652284,0.02190776671381861,-0.19296740842203852
95,0.0005408623990915788,0.0343235041906538,-0.18314192050738798
96,0.00018734702999257877,0.03656136179489833,-0.17344508835144168
97,-0.003107246722296399,0.030560326073525657,-0.16396391398193588
98,-0.006523478398817379,0.02696320801656299,-0.15439671234223867
99,-0.008002016311601662,0.03221461550123336,-0.14429796699122077
100,-0.004627276037700065,0.03856918912429033,-0.13367514421198406
101,0.0028291478091759976,0.035075170093959246,-0.12299254728261427
102,0.007332379097059003,0.025959337484161515,-0.11273113070858276
103,0.0046542916999083375,0.017418541441628327,-0.10258164912816908
104,-0.00007399563818274307,0.013382158496653418,-0.09210171829591846
105,-0.0013783692694757238,0.017385000747941,-0.08117970481633097
106,0.0005021640542512834,0.02214191182004066,-0.06946627632294292
107,0.00027710043867053974,0.019135517313546013,-0.056393460075151336
108,-0.003689736640218079,0.012532981570049007,-0.04172983156079457
109,-0.0066306527657517475,0.009870350158166091,-0.026530449838881504
110,-0.007748888509800607,0.009153601628830277,-0.01182609509784565
111,-0.009245467060629585,0.002074400943934518,0.0020749520470084715
112,-0.013562116694940354,-0.015397136301192882,0.014333897499882092
113,-0.01702932261319358,-0.03161806871646422,0.024295378853051747
114,-0.016687710582469692,-0.03719119300082256,0.03252787354545213
115,-0.015280108566688641,-0.040884316324019065,0.03989052222590335
116,-0.013313152069517085,-0.04843576089898992,0.04696812197415144
117,-0.010904109950090165,-0.05335663850438589,0.054521267454856415
118,-0.007089531904598909,-0.047858924573613695,0.06299082893691679
119,-0.00680848670415686,-0.03530987500019933,0.07214308561347149
120,-0.012601947461534702,-0.02845431168533591,0.08098421735119732
121,-0.014740505149714596,-0.03501791935376852,0.08803054276336605
122,-0.00782711642574277,-0.049260978254993454,0.0931012140728586
123,0.002633941659341183,-0.058277234238785,0.09803628009189197
124,0.010237803703160409,-0.053688206871871424,0.10464317752073471
125,0.011753677625031652,-0.04271469784206977,0.11199393355351334
126,0.0054102069911309315,-0.03870659461666984,0.11807089718953667
127,-0.0022965632734697067,-0.03887005185720015,0.12324385546955396
128,-0.005350492407013699,-0.03654606381714745,0.12884851266370928
129,-0.00852139115809436,-0.03260024601806294,0.13529155734249904
130,-0.014402679638874753,-0.03270581229414593,0.1422186787051964
131,-0.01654671863705543,-0.03957701103517458,0.14890007104343628
132,-0.014298898912619623,-0.04588505315417454,0.15477457304503434
133,-0.015968071549960314,-0.041969296070144546,0.15972296707219114
134,-0.021153872203067692,-0.028005558085683155,0.16429212240630725
135,-0.022106207732728367,-0.019169149343439038,0.16893439361268803
136,-0.013180580230043239,-0.018859707204521917,0.17297493107813
137,-0.0008286291964692688,-0.018956778627880394,0.17499528034727896
138,0.0010840139232775256,-0.022195916150646935,0.1744324115503571
139,-0.003426248307718545,-0.02197509979417661,0.17264298065654887
140,-0.0034156987332978547,-0.013711870735002213,0.17136746224407245
141,0.00016976681542028166,-0.014130338588536462,0.17098092724922037
142,0.003108644009949438,-0.02268892849245599,0.17159836831102454
143,0.002610855110987062,-0.022848377606272133,0.17375102228600814
144,0.0010763438780595075,-0.014026646400260329,0.17705602892916933
145,0.002921233060311612,-0.005714809608313665,0.18014378476862986
146,0.003348935268003242,-0.008029133768941418,0.18154884406255856
147,-0.004559472457180316,-0.022383037819169463,0.1806916779679711
148,-0.013626111479793215,-0.036657563917516484,0.1787869465594396
149,-0.013493466460494166,-0.036987296326222205,0.17779277847618058
150,-0.008942649849201845,-0.02860223929880401,0.1787444797196968
151,-0.0065429973405528585,-0.03261796693548499,0.1813182361646007
152,-0.007957502621620899,-0.04884949230434932,0.1844175076209511
153,-0.014633402938379794,-0.05659040882993083,0.18735059519854919
154,-0.021827697019814213,-0.05372128641310148,0.18946727133021424
155,-0.02591460315610543,-0.054745445872941736,0.1896523562162168
156,-0.024537059024793126,-0.061639144849922216,0.18813269475528954
157,-0.019965335632396622,-0.06940885037358499,0.18643810583753845
158,-0.01839674686379845,-0.07282440936228882,0.18567964122425784
159,-0.01829290937024996,-0.06773763889766043,0.18678229649811562
160,-0.024831353790258345,-0.06606590712892019,0.1900369280500993
161,-0.039300250875155894,-0.07478123729516911,0.19428466458239219
162,-0.0472539546634522,-0.08486403760358979,0.19848707259888954
163,-0.04745469991108667,-0.09783883056955037,0.20275018529636007
164,-0.05017993698277065,-0.11629755348249948,0.20725085256553866
165,-0.05784711889549801,-0.12900573743594645,0.21176862286857978
166,-0.06545016599715303,-0.12834641632794175,0.21671387013970644
167,-0.06551263988828285,-0.11930025604414507,0.22302548324323024
168,-0.0648070008638483,-0.12020045798525825,0.23137481098561108
169,-0.06588268796226424,-0.13146632985743711,0.24229179654782573
170,-0.0607135047769809,-0.13394536546281266,0.2553586375415362
171,-0.05694188240706871,-0.13527536827975517,0.26911175026902867
172,-0.061490262004970236,-0.1423350917109752,0.2832977966343295
173,-0.06845192949906015,-0.14156773714074528,0.2988189351389099
174,-0.06912443381764652,-0.13419459777198223,0.3156209640433264
175,-0.06658553828814998,-0.13375289684995212,0.3330982832039603
176,-0.06758535459619974,-0.14116273312077132,0.3507211457757078
177,-0.06845801897559928,-0.14765115377410942,0.36759885459710795
178,-0.0717058116612925,-0.15074701430148313,0.3833219486283299
179,-0.08157062032946275,-0.1559180257993601,0.3988940561659462
180,-0.09156762638378754,-0.16652572729248183,0.4154738450183626
181,-0.09143996724166298,-0.1729779035992962,0.4328529152533602
182,-0.08607602280814619,-0.17106760837386376,0.4504089595855658
183,-0.08966122234732449,-0.16580550866814436,0.46865982968495556
184,-0.09659584299781093,-0.15403782226055318,0.4885680856569645
185,-0.09657929300300572,-0.13961025837571117,0.5104019110607474
186,-0.09608401735664246,-0.13298556296492142,0.5329627504132903
187,-0.10238637092577874,-0.13490328164845178,0.554135694719228
188,-0.10439217068805184,-0.13716011771450415,0.5729377402403102
189,-0.09811455321889337,-0.13588647453137326,0.5893800751879361
190,-0.09542647239472285,-0.1332937794231404,0.6034032221617383
191,-0.0946017843574132,-0.1306777831598967,0.6146420578849345
192,-0.0917268656369129,-0.13087984860772373,0.6234455447785803
193,-0.08798186778373351,-0.1276880984939227,0.6312756026644719
194,-0.08208526817827577,-0.11616092590610361,0.6392423177415025
195,-0.07734154413806249,-0.10754146543639054,0.6476880698951821
196,-0.0786296650450396,-0.11035934247137319,0.6568453849744598
197,-0.08433399948632289,-0.12342752404393814,0.6674195473124143
198,-0.08832249138149117,-0.1348691123198137,0.6795021429348236
199,-0.09277864213956893,-0.13949199230116233,0.6919947879040189
200,-0.09461739934399521,-0.1408125804378425,0.703715401988807
201,-0.08400739163540608,-0.1313513682249477,0.7132631045252313
202,-0.07178608777604811,-0.11270436835616876,0.7195070146885396
203,-0.07058890513474175,-0.0943889746710675,0.7231194906677922
204,-0.06895832440446314,-0.08135470021300317,0.7253442584119552
205,-0.06230187506975604,-0.0804002836579785,0.7257728633940774
206,-0.06692845078832574,-0.08857010436418578,0.7243383962805441
207,-0.08086369959765166,-0.09224379383503402,0.7226306326071912
208,-0.08810876758228539,-0.0927906188589381,0.7212267101502621
209,-0.08327795806300711,-0.09235399211682113,0.7193192858932504
210,-0.06733542841722032,-0.08223485442959033,0.716679026530687
211,-0.05595407002006203,-0.07393413434520063,0.7138671116666686
212,-0.06146443916412708,-0.07990468831935232,0.7111689555687284
213,-0.07177451479220642,-0.08891402306318208,0.7088076203334623
214,-0.07635806040786974,-0.08758751439890528,0.7074035005982247
215,-0.07518452463097755,-0.07741738763694536,0.706983420364532
216,-0.06938565678391481,-0.07441584993503325,0.7071675106418429
217,-0.06633262390347429,-0.08210767185532666,0.7075377320697995
218,-0.06944306833691764,-0.08134026182890697,0.7069934998937255
219,-0.06886935722956132,-0.0645325425740646,0.7047885791792701
220,-0.0704236358916717,-0.05922413056105738,0.7014005308757139
221,-0.07852647925374578,-0.07733489194293042,0.6971705062921607
222,-0.0774057231392637,-0.0831345044821174,0.6916816575003364
223,-0.07521882850309836,-0.06958246784401856,0.6851459243642268
224,-0.08382775992436431,-0.06448426020596115,0.6782875544923679
225,-0.0874556424982165,-0.07418855700168603,0.6710579431225565
226,-0.0767721442792513,-0.08300341272272233,0.6637754324662073
227,-0.06068096645481988,-0.07355501950365646,0.6576261994396715
228,-0.050647607810408224,-0.05395238556353611,0.6525992172962267
229,-0.048447173614226624,-0.044135063262308954,0.6483470937540119
230,-0.0498025730463208,-0.05328858823119792,0.6451091299769909
231,-0.05535007718369328,-0.07451668005451989,0.642136666154042
232,-0.06154795825122372,-0.08078078082993762,0.638332197267619
233,-0.063364729836723,-0.0661690981764037,0.6334565426174052
234,-0.06148677499791985,-0.05570326444569923,0.6281917828291512
235,-0.06179223669509201,-0.06041107654676098,0.6229166928556675
236,-0.06518539388254294,-0.06896901741360739,0.6171923219903883
237,-0.06301472683823386,-0.07138327501936806,0.610930991019552
238,-0.05754451892336421,-0.06781892964573993,0.6047336557068068
239,-0.05832261549798651,-0.05750529099281313,0.5998657300758057
240,-0.06167404900238993,-0.05195809873981383,0.5971276565297634
241,-0.057044871514354556,-0.06436389524239788,0.595468566817013
242,-0.04762762587931621,-0.06845437872291488,0.5933616575356244
243,-0.044110911285471316,-0.048520756798637044,0.5906293616789522
244,-0.052827622484518,-0.03950954160288761,0.5874331967568125
245,-0.06524041660492812,-0.05425078948669623,0.5833438133026503
246,-0.0646382045402851,-0.06495290542845268,0.5780518537691552
247,-0.05452666061229604,-0.06045535599345199,0.5717369815228528
248,-0.04670353333780641,-0.050978481941102716,0.5653124744314857
249,-0.047429773941748216,-0.04943379703525878,0.5601460518690409
250,-0.06074232047444006,-0.05801772392257079,0.5571544248758833
251,-0.06606701701667109,-0.052293590848975,0.5562447429851649
252,-0.05034784938822018,-0.02908344896122944,0.5574608820978324
253,-0.0429777650748871,-0.01955534730422609,0.5621336840950362
254,-0.052485337135452725,-0.01995651682098551,0.5703707892565009
255,-0.05902798803537593,-0.012693145452762566,0.5802339324933752
0,-0.0636174837755347,-0.014158546469672767,0.5911514478772799
1,-0.07211039648548032,-0.03307940871951595,0.6045114100014679
2,-0.0669803583556654,-0.03330999629756276,0.6213897911135411
3,-0.046970784190910886,0.0012580251768278955,0.6408475020396522
4,-0.04407618686547765,0.012776110279635072,0.6599124593858012
5,-0.05411368850275672,-0.014895285683257431,0.6756455033705635
6,-0.04629330524797409,-0.020689993842539278,0.6870126481142242
7,-0.035835596120482066,-0.0019997061834826635,0.694635429123734
8,-0.04570816790880723,0.001757599046893904,0.6975289230023598
9,-0.054899988069779346,-0.0034132807545406707,0.692065116455763
10,-0.04782600971024883,-0.0025039195932640423,0.6744948809669411
11,-0.03674311229344241,0.007727347538275642,0.641010567244293
12,-0.027671664089820233,0.028796199306311165,0.5907897512978215
13,-0.024872583507196594,0.04483356990911293,0.5287972118781574
14,-0.03178383588881539,0.0345170376561299,0.46245773904054466
15,-0.04094663132846116,0.009615238473194565,0.39751449817955264
16,-0.04157902790112489,0.007663189713444693,0.33641800355098495
17,-0.03596061505590681,0.02333675339717288,0.2810976265026086
18,-0.03052507743042654,0.024672764839539577,0.23477075618317167
19,-0.02328839471193029,0.017873578052983195,0.2010844242171625
20,-0.019583192419385474,0.023682776474875863,0.1831591343827902
21,-0.024862441846839445,0.03193921154538257,0.18223841385277867
22,-0.043021290946610946,0.023471818700965735,0.196397217425476
23,-0.06705647636978745,0.0026684578986207186,0.22124891453195938
24,-0.0763452491989896,-0.022377471159875706,0.25145439812252235
25,-0.07243000755312193,-0.03156048487414698,0.2817555137242924
26,-0.06779469480536807,-0.009810323287282222,0.3088613737114092
27,-0.06823561788350782,0.013163713882042849,0.3321124184991756
28,-0.07096630884169569,0.028169270688740644,0.3516994976443396
29,-0.06104279185601405,0.04035165880576094,0.36758417078361105
30,-0.04405696794245778,0.0364758771745011,0.3798038785556177
31,-0.037186167973318696,0.030050014260355418,0.38830399802295434
32,-0.04035093106471911,0.024779276919090043,0.3936893467949265
33,-0.03420102671563526,0.0321817956479406,0.3975165932544773
34,-0.022095680428984403,0.05447794916507298,0.40001698415188924
35,-0.029839527329830536,0.05112902424817252,0.39917526502498646
36,-0.05099238281046702,0.01793356064778137,0.3939893808613486
37,-0.06893660966975039,-0.010661429288012697,0.38558132453478766
38,-0.07790245085635147,-0.018400681154866982,0.37509652666891724
39,-0.0833349752778571,-0.02170848663010591,0.3640272175339354
40,-0.09290190137852439,-0.030459186655524523,0.3540625122242196
41,-0.11453450224985773,-0.039115297922410946,0.3454690786873047
42,-0.1244090743637401,-0.03305798830104238,0.33747085206707916
43,-0.09584073459944287,-0.011890741751191855,0.3303584165222635
44,-0.06847603753830434,0.006220031631635446,0.3257338474509487
45,-0.06099892332964635,0.016421177796885816,0.3236794029562111
46,-0.05746652305060615,0.004354876703399027,0.3224335482049653
47,-0.05983103026469985,-0.032027227226387886,0.3210060275093004
48,-0.06306945805859095,-0.050714007790210416,0.319752488271683
49,-0.06332280212659715,-0.03784133598993853,0.3191089313901293
50,-0.06151340893841681,-0.014384874033448125,0.3190728202766132
51,-0.0607818487310587,0.009646046499852762,0.3191984118196145
52,-0.07367196344201801,0.010286683566015128,0.31870822556069045
53,-0.08202085261821684,-0.012726354830780898,0.3177425095811077
54,-0.07235334553962464,-0.029306584313019877,0.3177202953337338
55,-0.06757136864358176,-0.024909444462155997,0.3191493821485989
56,-0.06265089336954316,0.0028687871447445404,0.3212172276685752
57,-0.05718511960389737,0.015060616369000558,0.32426201916665265
58,-0.066561460599074,-0.013275849183837368,0.3284273986275049
59,-0.07047522156217204,-0.023961760293099744,0.33156161645267734
60,-0.049423260763619255,0.013999718390255877,0.33225016331512736
61,-0.019497940888868318,0.05262961986483569,0.33096409906046986
62,-0.009437661720748475,0.06225249650061647,0.32807406373843695
63,-0.028862312821971214,0.05457397289006384,0.3240595463847472
64,-0.06062334642725151,0.034916417603905764,0.319168815033988
65,-0.0677596911980573,0.018662336776729682,0.3134441235277301
66,-0.046137244516261,0.02166366480516152,0.3084951377890993
67,-0.04842995443954973,0.021766595655372645,0.30624317532948264
68,-0.06480693148425876,0.02089148785329771,0.3067702870902864
69,-0.03938649491724637,0.035419906794435296,0.30841263322670065
70,-0.007821151410234178,0.040674191114811714,0.3094150202021294
71,-0.0117249189058245,0.031156173965727563,0.30913534505471774
72,-0.024721094182663106,0.025694720479901262,0.3075712239310353
73,-0.030069409008381093,0.02298221497853578,0.3052008157163896
74,-0.03356114414580084,0.020523209981326063,0.3031442414798228
75,-0.036570684409706844,0.020555889430668384,0.30259803474670655
76,-0.03349185352291569,0.02499625835062802,0.3040265101877605
77,-0.022589424055852916,0.03632841914860757,0.30699940965559547
78,-0.015456808937753669,0.0436295819013133,0.31057706062560364
79,-0.01952927456488221,0.038120319750027526,0.31380072114276003
80,-0.028936398216263814,0.029807682059093954,0.3161808738054631
81,-0.029208353189672936,0.026708986695208436,0.3180884323079507
82,-0.02539025248474204,0.018455925009525365,0.32071991492188723
83,-0.022136536644374094,0.011387643324930988,0.32507528069104075
84,-0.0028973819385893565,0.023352422086304142,0.33100154682464766
85,0.010875194649536207,0.042491861090943495,0.3374736907404444
86,-0.005266111184908731,0.04810161630491991,0.3439178466151984
87,-0.021947887984762895,0.040971385647161684,0.35103612957930785
88,-0.014720477098365166,0.0355345598099163,0.3590230360252853
89,-0.0017651426512563934,0.03201852662859518,0.3667592256288975
90,0.0024800705600901973,0.02706500390028263,0.37338437571858074
91,0.007634117898682638,0.031453077972069504,0.3782761512662006
92,0.016421797390276438,0.0446450190293395,0.38153557518539016
93,0.013246096151692893,0.05692626875681964,0.38472506767072967
94,0.008299617049830524,0.06872276858682708,0.38869354353367314
95,0.014665779300410187,0.07096892776937264,0.39248180676364885
96,0.010222294021594358,0.05272761552575611,0.39539420078314047
97,-0.008135923917349491,0.03711896979184559,0.3979918435390907
98,-0.012591200674775371,0.06147684298281189,0.4008653893442792
99,0.004054280708512603,0.09065910187918162,0.4043612421647603
100,0.014045400748547321,0.07676226261914725,0.4088997581451219
101,0.010887081434776819,0.05465469249596812,0.41451950730866827
102,0.008168597972267294,0.05263362687919934,0.4215780416313888
103,0.004269150955291082,0.06165576799029218,0.4300839251697881
104,-0.002754147231206122,0.07268964972663802,0.43855191882616884
105,-0.003589210148445321,0.07802734105005249,0.44571095146642437
106,0.0025447771301291833,0.07829016055886862,0.45111724126437713
107,0.003032746861027197,0.08302722878883345,0.45447851388804694
108,0.0011953341620656588,0.09171803183750113,0.4561079534918071
109,0.003317773331704646,0.08057070769348398,0.4570989584636944
110,-0.003983374651782806,0.05036233916934661,0.45794261679502934
111,-0.011001234966758866,0.04410600330259798,0.4577387499002048
112,0.008302947063269284,0.0705017243296397,0.455602759254897
113,0.029334854482078038,0.09171966363538794,0.45212322015995854
114,0.021670261919031875,0.08163709511577166,0.4478357450467103
115,0.009313385582719325,0.047694643858073926,0.44188843361169794
116,0.011129390201324807,0.030688328830432432,0.43436986525890386
117,0.006600296802119654,0.046899478824515506,0.4266186953623583
118,0.0027223376643274733,0.060921300184457794,0.4190303169505314
119,0.021894272864208253,0.06012357447275632,0.4111473216526622
120,0.040170494581296956,0.0558910077361619,0.40271226301173213
121,0.032611332106601415,0.05267385172140675,0.3941046295130455
122,0.01294581128723482,0.05853383970322845,0.38577880070310777
123,0.0010037330558200497,0.07156669971373496,0.37779219808443354
124,-0.0006008835111215027,0.08079490166360248,0.3699737226589719
125,0.005242691755757645,0.07993885100431541,0.3614692242082942
126,0.013198837621828163,0.06742932074275426,0.35175614697155544
127,0.009889476159381821,0.05616228834250625,0.3418125579230885
128,0.003296947656157262,0.06848773056116547,0.33207743284814273
129,0.009014304870461828,0.08917878518507669,0.3220727745778993
130,0.018652370577800254,0.08435402990121142,0.3125051977863562
131,0.015116667205272771,0.05332367226900453,0.30361555159994225
132,-0.00619965913272269,0.01861116950301543,0.2941496546257508
133,-0.02167054159524534,0.013305740682670472,0.28416850895259227
134,-0.006473025085370454,0.04604724370811031,0.27418124642672215
135,0.023820339330875018,0.07947082108434275,0.2629775459121939
136,0.03725098471504887,0.08958900854909371,0.24985018718230123
137,0.03647315839456999,0.0877584915719615,0.23593972302052701
138,0.02905593270556496,0.08041574039563862,0.22257172107683387
139,0.019358566346316684,0.07033071347393954,0.20995420167622558
140,0.017183294898129274,0.06321237464741836,0.1977402556105584
141,0.012073583517552326,0.053802813648641534,0.18562443180261623
142,0.00733784215639529,0.05168532347175625,0.1732467346421792
143,0.014623336874514697,0.07075980051826919,0.16069496549767687
144,0.016508340469424343,0.08256552912066273,0.14795113339992733
145,0.012945633539889714,0.0702598363473006,0.13407129697687487
146,0.028228524638395355,0.06613915983752633,0.11876475667669306
147,0.05047274375276574,0.08442465656121759,0.10296862572951565
148,0.05240418328684617,0.09656482904102837,0.08694109032262598
149,0.03953507522320013,0.0897919400521876,0.07008838121263072
150,0.03210979085566697,0.08137469373351114,0.05208694925201879
151,0.02741505289207935,0.07362820049547697,0.03313923535770971
152,0.018906685102951987,0.06498566142576118,0.013575943548368802
153,0.02143327416591964,0.06842858097374216,-0.0058640184667568054
154,0.03402858315287001,0.08302598080504969,-0.02433699653293453
155,0.037343256051544434,0.08386652648251788,-0.04290058805135778
156,0.034521647002693105,0.06865480639433261,-0.0630503402660609
157,0.03865372536749605,0.06602762248850853,-0.08392382988478062
158,0.04261017078352836,0.08059613334846419,-0.1041868166942746
159,0.042725403682292495,0.09223018344184447,-0.12427182490974831
160,0.044339744122353836,0.08841561015507804,-0.14566226009851602
161,0.04221234014726863,0.0747907818358568,-0.1690394686770731
162,0.0352069822409555,0.0612096549878523,-0.19364174135481144
163,0.034723395721075356,0.0606020410073326,-0.21868448649694872
164,0.0437885134538296,0.07565922159302323,-0.24375479554816593
165,0.05030948606191309,0.0830124815967371,-0.26876417227903193
166,0.048261654098718375,0.07275766911367533,-0.2938430446105659
167,0.03916046795916116,0.058375028828743035,-0.31911525825770803
168,0.026560418913928435,0.05260812276787691,-0.34509853129070145
169,0.020720836159557762,0.05442754510211467,-0.3719006660033045
170,0.02725117227964821,0.05151939538030409,-0.39908162329010954
171,0.03748490279705699,0.044891556754037554,-0.42565682761873647
172,0.03817256257972182,0.04465811122196037,-0.4506194179465448
173,0.03088792484346506,0.04943022442718091,-0.47396203088198585
174,0.027332507488854837,0.0475648639600042,-0.49614857704656234
175,0.03265636719383827,0.03464142889368527,-0.5173243013082258
176,0.04359714546657966,0.026629355207670347,-0.5367203444122144
177,0.04660778477392209,0.033430979242254466,-0.5533615983057605
178,0.03408421735780187,0.041505580948402745,-0.5671995064435007
179,0.02272641723563336,0.035911059232594494,-0.5792028833174176
180,0.02860248823241815,0.021937690328393378,-0.5902552672778358
181,0.03827349888611395,0.015360836951119283,-0.5997460853096783
182,0.038942236842817696,0.021179371746035458,-0.60641820552339
183,0.043087707913186626,0.035510590754724985,-0.6097522135863014
184,0.050753867074670736,0.04448548142395441,-0.609979408627241
185,0.054630509504434994,0.038808055230704186,-0.6084813857731344
186,0.06066395420820024,0.028345260220081214,-0.6075450828127964
187,0.05776490124781153,0.019402668768336406,-0.6082339395980878
188,0.046701837939708946,0.015030823802978432,-0.6105406905827098
189,0.045505801230567494,0.023655699895957616,-0.6150612728484213
190,0.04347546117391071,0.03336064530405064,-0.6219458129179949
191,0.03190564542185975,0.027902431743218548,-0.6302862791824797
192,0.02143495790854294,0.024434425340947197,-0.6388226838238267
193,0.013305452318420952,0.03257782415369878,-0.6462777821347823
194,0.005799894275144435,0.033368717638546846,-0.6523729763733537
195,0.003658518404892952,0.02544291138148469,-0.6582856204134881
196,0.005413773679762035,0.01968244943399408,-0.6641969997335311
197,0.01070596079206812,0.019549516828618024,-0.6683285602840343
198,0.020720372828212014,0.027542443073723055,-0.6699127916008705
199,0.024504622099564513,0.030090432251920374,-0.6698961501839975
200,0.019660145373049942,0.017256958826360247,-0.6686209797335025
201,0.016308843888878433,0.0039438211573675774,-0.6662759533080242
202,0.017784637543674958,0.0032009728302752616,-0.6640819796289867
203,0.025121708368421036,0.013985240240669189,-0.6626621872311524
204,0.03262284985105823,0.023018411009901096,-0.6623145001707951
205,0.025195439811173406,0.014328467520704324,-0.6640306421674078
206,0.008719350102632972,-0.0008374030472600158,-0.6679924586118486
207,0.005846591109038429,0.0011780102499765188,-0.6722743285944397
208,0.012350359901426328,0.007706064464623047,-0.674578105642418
209,0.014888533317698668,0.0020503841354894137,-0.674738085786504
210,0.01859851517797753,-0.0030566031302435848,-0.6738197457384723
211,0.02716516078314027,0.0010837863613026577,-0.6727929290363481
212,0.03332633203690108,0.009712166794915378,-0.6719967217044769
213,0.02533984344832592,0.01001565243031291,-0.6708944724104637
214,0.008790725448574614,-0.005542926208875254,-0.6697282079270206
215,0.007869061226903853,-0.025273201159328684,-0.6696229072179711
216,0.02219241744721022,-0.04123884119987872,-0.6710311767570916
217,0.02896496358780057,-0.051188340501911435,-0.6734112300724873
218,0.02730300692759461,-0.046594220474959425,-0.6757756558446055
219,0.021161849455307004,-0.02845220285378433,-0.6777485159324272
220,0.007388555620726545,-0.017330794446830222,-0.6795808035456739
221,0.0004290316515268844,-0.022700705727121705,-0.6816731302875378
222,0.00893619628986611,-0.021284485758511468,-0.6842208401962506
223,0.018843036623175796,-0.004634133353296127,-0.6864615231921409
224,0.011245996426743093,-0.001638909974253977,-0.6878961966339545
225,-0.010406107439615425,-0.018166272448730744,-0.6893014284601624
226,-0.0303958327175588,-0.020811132557447487,-0.6908242844448838
227,-0.04540283642214721,-0.005550188709624537,-0.6917082560163534
228,-0.042835838764870446,0.004535662453894515,-0.692124007733538
229,-0.0209280287327029,0.007119273857650044,-0.6926268398319506
230,-0.005623620210453165,0.013753442708445161,-0.692864964963972
231,-0.00020712434428214743,0.023972732417407848,-0.6924264257887516
232,0.015012475705456496,0.02655465230285626,-0.6916808726869179
233,0.032771683489862556,0.02728602255483567,-0.6908486055817924
234,0.03690460452983292,0.02351844767434664,-0.6896686909446941
235,0.04454883414621738,0.008502775652374811,-0.6881720495780024
236,0.06453939975351769,0.005591914317359253,-0.6863918498070838
237,0.07140837669684294,0.025160087654325147,-0.6838049762525471
238,0.054943405084686564,0.03772899092275128,-0.6799451494040814
239,0.04145904915398069,0.030373178553241093,-0.6754297180667035
240,0.05056568199421643,0.026609999457840434,-0.6713473307181483
241,0.06118492209972548,0.018278069759929322,-0.6684558423216975
242,0.0565529113579797,0.0034710195539708368,-0.6667728005669891
243,0.05496798841456371,0.018167026647868283,-0.6651135679794657
244,0.06890198850874255,0.0504089335760227,-0.6627100710278042
245,0.07724153337748357,0.06211829325605915,-0.6599688672090598
246,0.06821341531552622,0.056255279747190856,-0.6571931493885537
247,0.05685196632173933,0.0563181090150528,-0.6537365692015904
248,0.04952234955989643,0.0662452148871403,-0.6482311485187988
249,0.05059773440551374,0.07425559121713216,-0.6407841757812982
250,0.06302462871339495,0.07391772570178279,-0.6338318537578318
251,0.07930654355755337,0.07351379035063144,-0.6293169215525598
252,0.0899314076234105,0.08322679354333554,-0.6271552512312486
253,0.08442918838027691,0.08621314596447979,-0.626593436566226
254,0.06301662884949466,0.0628030098997922,-0.6273843188244792
255,0.04373161331782072,0.035220697496762265,-0.63009733498818
0,0.03832232911129102,0.02797380732101981,-0.6341740711921671
1,0.04647159603267981,0.030764054222086695,-0.6368529572753467
2,0.0626406159622867,0.03404537842040431,-0.6359952118101524
3,0.07317927102234173,0.04371660723931971,-0.6313319877258139
4,0.07145235807821657,0.055899088960075394,-0.6237639947978533
5,0.06167833706051311,0.04900995366067093,-0.6151052553855716
6,0.059706358923221854,0.037835525461563144,-0.6072221732096414
7,0.07737796563977907,0.05444115355992418,-0.6006447297009592
8,0.09690366587768598,0.08007084965045713,-0.5945332576464952
9,0.09719871768670385,0.09368839809918245,-0.5889764924228726
10,0.07841828233336545,0.09657371016901056,-0.5844464421970961
11,0.059750607693370594,0.09578409105489655,-0.5801533784571182
12,0.058116165762383654,0.1009270468544381,-0.5763050325803112
13,0.07116780583891946,0.10314520713304365,-0.5744401109820014
14,0.07682261889494414,0.08928460406498717,-0.575108725386877
15,0.04635435395256532,0.06774534912467181,-0.5775653250234121
16,-0.0007294703998425023,0.06006793793832896,-0.580531949819777
17,-0.016179303914036373,0.06974864523233607,-0.5821280122957195
18,0.00028220149370580816,0.08026956118868832,-0.5811721747358607
19,0.017185267264292453,0.0802269079185998,-0.5782181229514083
20,0.030400892115721542,0.07261818033539098,-0.5739429309500441
21,0.05299651907521469,0.07223737608120917,-0.5688325904038893
22,0.0774241616060654,0.08349088315217112,-0.5637434915033841
23,0.08778837747912144,0.09152200904996238,-0.5594280745379805
24,0.08347869189509721,0.08742656629703949,-0.5558397172468101
25,0.06796843442824535,0.07396210369446271,-0.5522010641914037
26,0.04437558971147354,0.06236520380668503,-0.547637178050298
27,0.030681831892299227,0.06391401125761911,-0.5413887525761127
28,0.035143462440455964,0.07117189651502535,-0.534030390299751
29,0.04657438629696706,0.07037598431176526,-0.5276478448213304
30,0.05475987347451186,0.06179837667399801,-0.5236002311589083
31,0.05580967195256542,0.05989088938700325,-0.5214145708011626
32,0.055574214209861,0.0699213380651959,-0.5197548713878284
33,0.057783143181129815,0.07450942333872007,-0.5182516047093271
34,0.058463211173835045,0.06482387603032708,-0.5172100549617877
35,0.05559218330831717,0.05216783338480485,-0.5161459466794136
36,0.05350112746537744,0.04484197297628012,-0.5141228066529797
37,0.05728327829470592,0.04377520431046411,-0.5105040290999627
38,0.06685818276841307,0.04843518050250585,-0.5060317623231412
39,0.07552950755490087,0.049249376454649205,-0.5022359977036939
40,0.07152227135295057,0.030893554208491804,-0.4993449728639152
41,0.061468988826644616,0.011370767815017217,-0.4964338507555286
42,0.061785978216863185,0.02149881760408335,-0.49275977176965413
43,0.06889376935359078,0.039880917686080694,-0.48797944444991415
44,0.07088560074731914,0.034920664149801495,-0.48183863695059737
45,0.06470383723322276,0.018424659166067586,-0.4750785617644293
46,0.05773151345959043,0.012156755831920718,-0.46924799329757927
47,0.05839528286115836,0.019618478733033906,-0.4647671504351596
48,0.06371601908956889,0.026962714993217785,-0.4615151530282835
49,0.05852879778172531,0.01950858285678987,-0.4598121233017429
50,0.04119972260718083,0.006945244610008658,-0.45899814559077057
51,0.030533942715274903,0.008486616419395993,-0.45784280345614126
52,0.03828303154203455,0.016692494331345106,-0.4566287345016591
53,0.05355139086410814,0.012448952725820868,-0.45626223086295936
54,0.062140555961381905,-0.002312541385194475,-0.4563401299545702
55,0.06711962897146573,-0.010969869953103839,-0.4561327608410748
56,0.06925048006061996,-0.005819699561107311,-0.4557033665022392
57,0.06445078378512403,0.001737297445138869,-0.4552753025225038
58,0.06054764377503158,0.0006905030819831515,-0.45503477611252907
59,0.06422586975608649,-0.0032345450624910455,-0.4548147180572095
60,0.06928579497806336,0.0007770594375953455,-0.45393526951924645
61,0.0685986384209875,0.01267339235068804,-0.45272088590238724
62,0.059553259663254476,0.020846666850188003,-0.45334718521798556
63,0.04481958008277126,0.012315259343415208,-0.45774190548354143
64,0.03212812116013522,-0.009254368569149352,-0.46539920006739877
65,0.030257067086483874,-0.016957575356717824,-0.47450597987192356
66,0.042315172512779,-0.002598759159697872,-0.48372964137449337
67,0.05821420891888407,0.012098655987173135,-0.49231762573311344
68,0.0640280280655815,0.014392082383619761,-0.500291467017209
69,0.056636965211879844,0.005126272620768729,-0.508241140151465
70,0.04585102366272423,-0.005612162271564636,-0.516021130491735
71,0.0397264891064025,-0.0029900919377559565,-0.522925443536904
72,0.03865749646840953,0.010127143740521594,-0.5288818817308534
73,0.04069093830975541,0.013910394191635214,-0.5343891374863008
74,0.04978176923901435,0.009467057881020063,-0.5389640659752153
75,0.06517738543536888,0.010810458535806838,-0.5415639546979216
76,0.06907271702756432,0.010633913562903025,-0.5427837214680451
77,0.059939748086720174,0.00795571867071182,-0.5431336874915902
78,0.05444862463642977,0.008769750937564408,-0.5427829306702499
79,0.05368103377593114,0.0027778234726060225,-0.5434487455917143
80,0.04510992137873829,-0.016454265568216803,-0.5457217130239167
81,0.03410142344802934,-0.030804800023224124,-0.5483160369542177
82,0.03292478242082798,-0.024533996067900285,-0.5508207684491677
83,0.039256027242406864,-0.009590587865205488,-0.5538236044089753
84,0.04996922869859477,-0.0015451766284804574,-0.5574473908287259
85,0.051905392105977735,-0.012573593182722942,-0.5611056800670693
86,0.041703401038706095,-0.03500289291607617,-0.5644933562199186
87,0.03946072287141003,-0.03959966385504042,-0.5674046617514499
88,0.050225349824371046,-0.029931206261503723,-0.56978673109136
89,0.062110042720069314,-0.03202355298311424,-0.5720888862077811
90,0.07188786871273933,-0.04154608879060023,-0.5737811313950296
91,0.07066524211604533,-0.04476130445490384,-0.5735268322834159
92,0.05537904320403349,-0.03484550791922114,-0.5711708090765606
93,0.04655391796173419,-0.01805900805716104,-0.5679210919470947
94,0.04194484172810513,-0.02649535215487571,-0.5651217022969006
95,0.023813610083382217,-0.057825445562938046,-0.5636061054296082
96,0.014229293224279321,-0.06430656646390079,-0.5631803642101207
97,0.028553977615578735,-0.04551712585052127,-0.5633459871675901
98,0.037690810952126334,-0.03973814840718269,-0.5649283745491169
99,0.04086328258868749,-0.041242368612809194,-0.5692557596118937
100,0.04858704194034104,-0.03105051698003941,-0.5763220865311902
101,0.043376425694840744,-0.013345323151100708,-0.5850242319536447
102,0.02655027054986986,-0.007122341807653698,-0.5952097352413024
103,0.01856365078664715,-0.020716463659998546,-0.6066233592801944
104,0.028790766641830973,-0.028254417601367585,-0.6148092253456865
105,0.03875858663332754,-0.016104065888616625,-0.614687190204491
106,0.03036345730513597,-0.0019793476901056317,-0.6075850907156799
107,0.024424850692789473,0.007053749355197869,-0.598474185848243
108,0.03732913733384345,0.01050735451076154,-0.5904617863990467
109,0.047330222312117726,-0.0017174608506906053,-0.5839324191609327
110,0.03735502728991273,-0.015387582284738466,-0.5773946824207139
111,0.014962317165918698,-0.01510674589332181,-0.5692188360196266
112,0.0007493699478321736,-0.011482092044612716,-0.5595173773424438
113,0.0026072962027787194,-0.010414938321442802,-0.5503183447001501
114,0.0117434996747314,-0.009121527896561593,-0.5427434062382472
115,0.03409861955157413,0.0030091058658305303,-0.5355187001634847
116,0.06459100890931803,0.027264992749884615,-0.526291291805679
117,0.07371424349002506,0.03861096412843324,-0.5132378817353496
118,0.04775007953967424,0.028043085721136125,-0.49700219502618803
119,0.01516576545098261,0.01686291665077655,-0.48000462673673217
120,0.0066189127817695426,0.015610960858706585,-0.4643641238211931
121,0.024835667903591485,0.028494906153963516,-0.4514565536138917
122,0.04858695945012276,0.044214983369575335,-0.4432962017008302
123,0.05046388099946189,0.03732287208409557,-0.4436538792432596
124,0.04264071975603971,0.017279227089423393,-0.4568679120286867
125,0.03708267692884697,0.0031753163114139893,-0.487523230303855
126,0.02171605819455255,-0.0006009516477082366,-0.5353829297109869
127,-0.006639987546778213,0.0015672586245378262,-0.5913410495360627
128,-0.02889344338151207,0.009062714696365909,-0.6458653257752349
129,-0.021503996544159798,0.02220367079986635,-0.6946339074451751
130,-0.008088831660166176,0.016195234898857686,-0.7363061329671867
131,-0.012985767153158703,-0.003754780746394043,-0.7707005778267262
132,-0.01672916273465782,-0.009107947163886743,-0.7977050261421534
133,-0.018300720919231878,-0.012176024279541703,-0.8169713100132139
134,-0.030285520136385496,-0.02359160197319321,-0.8273963563479958
135,-0.03059467665279436,-0.02302797486744837,-0.8265312443950208
136,-0.018431934944395767,-0.0071895194685036995,-0.8124310238893369
137,-0.02439947815622135,-0.0007225514303148828,-0.7860423877912996
138,-0.03770895735053591,-0.010850720304181521,-0.7510350213663155
139,-0.048837701207464196,-0.027781987677026304,-0.7118609030379661
140,-0.06245943798364501,-0.043077693798106415,-0.6715515794182774
141,-0.07612111812173121,-0.05572321714163367,-0.6318316762296814
142,-0.09006536637895013,-0.07576868143720902,-0.5939925815028648
143,-0.08718469975082632,-0.08156643622598844,-0.5580615040984938
144,-0.07534621813871756,-0.05550931018021994,-0.522905088692923
145,-0.08436498879325782,-0.03639465110165062,-0.48870870328888927
146,-0.09101365666527006,-0.034690412226603407,-0.4577971522938633
147,-0.07382169853774542,-0.038531823495126793,-0.4317961137200057
148,-0.06747020763306841,-0.05260982701960032,-0.4104284184223117
149,-0.07883191755993432,-0.06596894566379047,-0.3931831902700935
150,-0.0811339402922468,-0.07795091424779119,-0.3790982964477665
151,-0.07384831781921433,-0.08652570056819116,-0.36559189591503305
152,-0.06413343993757627,-0.0729319847971743,-0.3510588650486074
153,-0.04828004593728391,-0.03936322876411397,-0.3361797262823961
154,-0.04950186668193579,-0.027677822764839738,-0.32138578814878216
155,-0.07934761900313003,-0.048442639590125514,-0.30701129891534884
156,-0.10430319699555246,-0.057532903362251364,-0.29374744500208205
157,-0.10704489719688379,-0.05395006877343381,-0.2817023258904835
158,-0.08691705431475394,-0.05703267589587805,-0.271266157531603
159,-0.04972966263765419,-0.048816898083823,-0.2627369291645746
160,-0.027928147646135743,-0.02740343918097066,-0.25495594022208845
161,-0.05916014104395617,-0.009726168487462203,-0.24619533784796355
162,-0.10021096673282143,0.005151292199823895,-0.23553275245646743
163,-0.0777533146456186,0.01370977702811664,-0.22350413615459874
164,-0.03320441517601819,0.00224168983063279,-0.2114921662015764
165,-0.01929992275072448,-0.019642496425416232,-0.20077488258169318
166,-0.022054642829539645,-0.016136172479512385,-0.19209169218302985
167,-0.04178472501798389,0.013960225796324041,-0.18461846794420655
168,-0.07008707253760885,0.043636767449209024,-0.1773186045882298
169,-0.0726136366562416,0.06076893284233885,-0.17142896474169433
170,-0.05040679456268174,0.04657173920756746,-0.16806214811924935
171,-0.02198481517908782,0.01771018604426365,-0.16548735496233025
172,0.003145485872936171,0.0178875307769564,-0.1620608160289403
173,0.014872024090798408,0.03719257878554244,-0.1583066951417278
174,0.02194324934341968,0.04556745072242585,-0.15509778330769197
175,0.02100119026703573,0.03813401599575117,-0.15268974790105894
176,-0.004905870757187097,0.0231670292631599,-0.15125457867322817
177,-0.036572711724282336,0.018625434254511103,-0.15112644431940558
178,-0.04961542840954558,0.025858828177920644,-0.1527346779917771
179,-0.03701745021896047,0.027833433772064847,-0.15669713374686223
180,-0.0031033565058503076,0.03202513915822789,-0.1626800039098198
181,0.017458438592727443,0.04727160321303418,-0.1693490457099126
182,0.016441071396371576,0.05862083735451776,-0.17611861100324727
183,0.010825954975584362,0.05623995275672883,-0.18314493223153572
184,-0.010435382128422488,0.04428040654976251,-0.19020489807547925
185,-0.03138905985377083,0.03227068106039141,-0.19718820520779634
186,-0.027953095019265795,0.01844877686533586,-0.20489006958461564
187,-0.004144386316895787,0.01004618616283559,-0.21371031836268084
188,0.04239345635353542,0.03144637276418856,-0.22352157652528748
189,0.07213749352077342,0.05869140202423492,-0.23394995369863747
190,0.03365971263497683,0.05156129391157746,-0.24394317975040092
191,-0.033197774149861387,0.03174234003277071,-0.25348436607234204
192,-0.05074942051010481,0.02910391759189633,-0.26442275206179244
193,-0.022898699029688108,0.026484498925970462,-0.2777556396691262
194,-0.0009383056474873419,0.021980154820291364,-0.29177249018207174
195,0.009289099598963138,0.04072030423595763,-0.3043911136786912
196,0.021489513255740285,0.06650027288000962,-0.3147630604644127
197,0.028101554765194853,0.07328125860858947,-0.3225609646736193
198,0.023057720925244496,0.0710485072780048,-0.3285009609369156
199,0.018156797943445657,0.064684328984771,-0.3344691989611944
200,0.014840857051569817,0.04852492491565707,-0.3413306532410627
201,0.0050049065306647655,0.03313150897018641,-0.348481288132526
202,-0.006708544113917331,0.03169903073520974,-0.35626662758628114
203,-0.006647745149938378,0.048887326996461034,-0.36535086778736736
204,0.004337878702314502,0.06796882512224706,-0.37444609567103215
205,0.015599997701573026,0.07006459377146701,-0.38172895313770516
206,0.02678561471979239,0.06832098347769008,-0.3869056181344307
207,0.031482914604218384,0.06790979142824728,-0.3906183155787559
208,0.02490438418278701,0.05107355575372302,-0.39357577932508203
209,0.022149032172368854,0.03237366811576897,-0.39664044117032793
210,0.031070193116365774,0.039776933421849014,-0.40050040793589314
211,0.038772603042740994,0.05910081516176388,-0.4051731097235327
212,0.03376347475791758,0.06764742467929039,-0.41028240721076403
213,0.019226473070735564,0.06441796850483816,-0.4154778434853681
214,0.002270482781078914,0.05469928965084295,-0.4200111170982286
215,-0.00781439650266938,0.04894185705706343,-0.4233217420866995
216,0.0014575876966278212,0.05745212917574739,-0.42602215878646743
217,0.023981689728342234,0.07194309795169669,-0.42903417417652046
218,0.038209581956381966,0.0695033675161965,-0.4326113965473817
219,0.036433869297563135,0.04302798651350806,-0.43652497540667334
220,0.03747976047906007,0.03011969624295388,-0.4402690394275921
221,0.04732455283177059,0.057762949123125684,-0.4428973391400228
222,0.05082533288696159,0.08717598795903103,-0.4443487185559225
223,0.04952673341902589,0.08932403794995553,-0.4459571935848885
224,0.045684981615770226,0.06993883401167042,-0.4481677294866071
225,0.02948102675166705,0.043521781515831054,-0.450664488041854
226,0.01732812188557596,0.03248010678368268,-0.45343741884738775
227,0.03284918782105533,0.04894428765160702,-0.45564177548856977
228,0.04989527060185464,0.07772664522081701,-0.45698810075972096
229,0.03748643910459663,0.07662680702986664,-0.4587276392078765
230,0.024928849286143112,0.05328940410854571,-0.46089246565684494
231,0.03712565444559715,0.053222688896508205,-0.46164224416232535
232,0.045333466901125996,0.06805140479989513,-0.4601585658731362
233,0.0364788153110944,0.06394538112714868,-0.45803162069548375
234,0.032154480361854115,0.04500860380681085,-0.45697598255610394
235,0.03960034249591929,0.028277153608757655,-0.45726428863601143
236,0.05019343401552623,0.015277700910361014,-0.45876340904101043
237,0.06554935106753632,0.024445354979667766,-0.46073707358942073
238,0.07528864555206956,0.049900575118472415,-0.46243313190211954
239,0.061509514996199624,0.05304733926226313,-0.46466193692031643
240,0.042987906263224435,0.039204789631548664,-0.468074820694625
241,0.04760687972184646,0.03261678368434952,-0.47188129930708334
242,0.04976276757991144,0.01848528006755168,-0.4747645715571418
243,0.0036260505636711016,-0.022081347437183235,-0.4761816745186176
244,-0.040668029398014754,-0.04384057933634328,-0.47722395785204497
245,-0.010750911154467524,-0.006059624494491572,-0.479560806995865
246,0.03543149752189795,0.04157154894974416,-0.48358031416897496
247,0.03774931168744455,0.05107353033566417,-0.4879816798523966
248,0.025014583111418465,0.029712879689776373,-0.49196627798786263
249,0.024695079820296895,0.00047234911042895456,-0.4963959294348379
250,0.03497390358796634,-0.006600260951798775,-0.5012630205284159
251,0.043359467491624115,0.014166321105569868,-0.5053015229380211
252,0.036084357076775486,0.030894159120877007,-0.5086565781123116
253,0.013550479998227116,0.020237445064385906,-0.5127783151747631
254,-0.0009317413200016778,-0.0077856451185635,-0.5181621896979971
255,0.004698547379996809,-0.017768225882913907,-0.5243186320408286
0,0.00785027131455257,-0.011880332145090183,-0.531037081360012
1,-0.009933353512945275,-0.02396809782950743,-0.5379673574447812
2,-0.023739571896433276,-0.039734687578659056,-0.5446935470448309
3,-0.005047324978363021,-0.0320976320981472,-0.5515247323850132
4,0.030436743765582253,-0.007622812059736972,-0.5584578673575564
5,0.03321722013612294,0.006683444381917064,-0.5647544829305247
6,0.009355654722383366,-0.007049767486630526,-0.5704999353873723
7,0.018375221745689674,-0.030467823174477243,-0.5757062041597074
8,0.0336461429582941,-0.03777561603470719,-0.5796572978652206
9,0.015027476768302572,-0.027214048972550586,-0.583057748613313
10,-0.0019089928013140134,-0.024873942012125838,-0.5870028793522797
11,-0.0090504755111111,-0.03384139721465762,-0.591308906899898
12,-0.018669124706514828,-0.02624490516439809,-0.5956989230297474
13,-0.01320942653803947,-0.019096191541303376,-0.6005945697788864
14,0.004056288146755432,-0.03646660603110774,-0.605776323744972
15,-0.005338577360438024,-0.05652549762659112,-0.6098796797222226
16,-0.02751291818434143,-0.04372592309117501,-0.6121989392290939
17,-0.015681105620705627,-0.015307416345588881,-0.6130091525083796
18,0.006786336559962358,-0.026902518567648387,-0.6125902073930058
19,0.008748561801689703,-0.051839943009946626,-0.611234852418322
20,-0.014427874866536766,-0.039197795940664304,-0.6089510876251298
21,-0.04372817185274391,-0.016054878049082677,-0.6054040717127096
22,-0.02401090412072915,-0.014327394473012678,-0.6015020581768582
23,0.024653578664690146,-0.025329645328489803,-0.5986299951722922
24,0.031687959519315134,-0.03433674185747668,-0.5963378974995928
25,0.006023597311873297,-0.038402222304903366,-0.5935189432563557
26,-0.0056718036651874915,-0.020393506622708002,-0.5901226975234637
27,-0.003423014703094751,-0.0009179323839959008,-0.5868780967820186
28,-0.01863999944911604,-0.025809268474050268,-0.5841094601789103
29,-0.0419652453462977,-0.06171267651690257,-0.5814142742088408
30,-0.04198779591020291,-0.0652738399680618,-0.5782758758388578
31,-0.02584524373633823,-0.03995715609586009,-0.5736898618152215
32,-0.029782927650601754,-0.030235086138361622,-0.5676667456853874
33,-0.06519378823447763,-0.058174261460361254,-0.562566837259439
34,-0.06444825771588009,-0.07313689686486774,-0.5595214540232301
35,-0.007487236367450578,-0.05685401136976331,-0.5570214646787979
36,0.03609503401409947,-0.0310796247546809,-0.554449722034901
37,0.03684144160013286,-0.009734278910141198,-0.5522490460614937
38,0.004929943980768903,-0.005836811051477597,-0.5500796611866501
39,-0.023840810462961104,-0.016928324205449846,-0.5477707242058396
40,-0.027113592505752904,-0.024956636657807785,-0.545482360240356
41,-0.021808767774798787,-0.028993597923683362,-0.5424903443173847
42,-0.024931459762908226,-0.05214559815515224,-0.5380237403354426
43,-0.04260438668691735,-0.06960141015223537,-0.5326752455598263
44,-0.04924054295104563,-0.03185953007358372,-0.5268020983580064
45,-0.023104796350668644,0.009959495144657049,-0.519805922135328
46,0.011273079544580011,-0.007702761578673528,-0.5120191956359093
47,0.009603141924692082,-0.05250498220002467,-0.5041926672027863
48,-0.021633525421494604,-0.06560046392790692,-0.4964100804316056
49,-0.007053090357260872,-0.0388454172715465,-0.4882147674134172
50,0.05323064363301261,-0.02118365245379078,-0.47869197492104276
51,0.04872138206856577,-0.04388345172534952,-0.467809539957901
52,-0.004150341494926768,-0.05098175889917528,-0.45707763130244183
53,-0.022848094656103046,-0.01304037871018815,-0.44834172050850474
54,-0.02464160798506143,0.0010500084937568044,-0.4427989041482858
55,0.009417512669422923,-0.007766390470665296,-0.4406976599163319
56,0.05780113487893557,-0.0172563327303919,-0.4413147658803429
57,0.058720091203619595,-0.041989502879905605,-0.44300151699442947
58,0.039353718294836804,-0.04412572642741042,-0.4441030941591466
59,0.024388942520257473,-0.02010684063219481,-0.44445708452513144
60,0.024236527789523787,-0.0031553697177411633,-0.44409292611775686
61,0.018587272085755613,-0.01794115382705025,-0.4419181059533468
62,-0.013834549662010032,-0.054439406754553776,-0.4378606814600112
63,0.013446032833192678,-0.03428063236026707,-0.4334519818040181
64,0.07616653483867225,0.015386503684021113,-0.4292948447791909
65,0.04415240603649517,0.0008042611315539627,-0.4242822826321253
66,-0.038249268071917364,-0.04438125546588412,-0.4181212417040301
67,-0.061839591825827434,-0.05752352161396346,-0.41157248871725427
68,-0.02015206858338514,-0.04112040445511961,-0.40481593681622097
69,0.03906768330189797,-0.0050496476578119065,-0.39876545794158336
70,0.06182191985698837,0.03070748051476402,-0.39413689124518814
71,0.029199337564009997,0.02486630044024926,-0.3896278430362523
72,0.00980020574216689,-0.003168545439151238,-0.38404166971822096
73,0.012181696926333668,-0.024338951004271858,-0.37714448733371175
74,-0.015099923589303899,-0.038983151351530215,-0.3690136670319327
75,-0.016066995844018717,-0.026652381226528188,-0.3603177186308748
76,0.03014369312853521,0.0017790684138812574,-0.35235320513782975
77,0.04584741736618239,0.002952825798722969,-0.3459119869736934
78,0.012347274145686732,-0.02493405551215,-0.34043876442452203
79,-0.03066451300818529,-0.03932535750833602,-0.33553646534650405
80,-0.022384606262421836,-0.012164503440542207,-0.3316329080274898
81,0.05317866430450596,0.026320000475819838,-0.3285317052238207
82,0.1204554279349754,0.035207636225818795,-0.3258338816416989
83,0.10360846662534559,0.008828752802191087,-0.3235377704758008
84,0.00204088757859619,-0.028761455772625788,-0.32082774188731256
85,-0.06286896181950982,-0.03282047739773081,-0.31691070902058693
86,-0.0011751070357304272,0.0047446777703453735,-0.31227747158775754
87,0.08192709732884776,0.03995733956597142,-0.3079443641809857
88,0.08606711525037472,0.03550629488121776,-0.3046567176790873
89,0.042197741969239755,0.009482168382120626,-0.302143129054536
90,0.015259433630351954,-0.0008107099285637187,-0.299288473184664
91,0.043391267183839746,0.013734782396682313,-0.2947951069567336
92,0.08874167992535889,0.035784174219529535,-0.2886055748724027
93,0.07745427236967985,0.01737096643950156,-0.28247599163495074
94,0.013918355307332604,-0.046890864572882246,-0.2772399369987085
95,0.0004764370694134157,-0.06517392591299617,-0.27170572153115236
96,0.05001949667559921,0.006841926382591679,-0.26444248075341625
97,0.06530104696871428,0.07858748190202476,-0.25576424787096186
98,0.058118224927998396,0.07750869825488144,-0.24733465793807485
99,0.0526310409865831,0.03494059569371355,-0.2400932135293734
100,0.01573004665086128,-0.00943280597383725,-0.2343494963242615
101,-0.012421382904923922,-0.01600696671756166,-0.22985589983972343
102,0.02635581312583698,0.03560030708257726,-0.2259977112183995
103,0.09834154671641114,0.07846865247139884,-0.22301186694789443
104,0.10290515633933318,0.07207095639118295,-0.2209550374152226
105,0.03821178623297984,0.04850842403694881,-0.21875264100937075
106,0.0031697331592541733,0.033275745879329924,-0.2155058343259303
107,0.030233768194187383,0.027714522049888918,-0.2111753766105644
108,0.057233373171816426,0.02517916363195491,-0.20600818984899139
109,0.06261109545354171,0.030808163428957813,-0.20044366781726997
110,0.08772203681373196,0.0488513834123053,-0.19464839865886474
111,0.08804632749818565,0.05146021249740595,-0.1879773680374064
112,0.03848984354169856,0.022786240007267755,-0.18040549633030778
113,0.030922433849620568,0.0037204187174682893,-0.1734563295772884
114,0.05188382940929512,0.011446890574132264,-0.16844323842304887
115,0.023841429137416603,0.006395244669043662,-0.16514449791947816
116,-0.001414862912137299,-0.00577927928724857,-0.16274188028315284
117,0.035271515336207954,0.01723386996607648,-0.16032121547202077
118,0.0788053569618944,0.042487224155081736,-0.1570862277665745
119,0.0722357386700712,0.029756617248726108,-0.1535107388461323
120,0.02464246568247716,0.007833920042043974,-0.14998217257481128
121,-0.02612332988355864,-0.004224215824465194,-0.14557199272257149
122,-0.014532012534717753,-0.0015486147211218881,-0.1400072622648389
123,0.02741480327156523,0.0031139702164067334,-0.13403119786283024
124,0.018591024844669728,-0.011217005415575416,-0.12776239222397
125,-0.004681511317414726,-0.016671802295350775,-0.12064201914894312
126,-0.014460981054793959,-0.012835474808403358,-0.11282419168817776
127,-0.005691422276164912,-0.015912424092874217,-0.1052214334735242
128,0.020398170992092582,-0.02790660218467564,-0.09829884949337253
129,0.039427008258867635,-0.04081384872467321,-0.09222748482143461
130,0.06679236649165715,-0.010395994095690891,-0.08770849209106527
131,0.07747152185391479,0.03769935783847904,-0.08515740804717797
132,0.036232502236666686,0.04047912050874747,-0.0841350972759253
133,-0.008859036494364758,0.004232486206718657,-0.0837890170045407
134,0.0017969354624193246,-0.013813564075992824,-0.0825687048200216
135,0.027285951158861954,0.01287252772599784,-0.07879730237542329
136,0.015129637522617506,0.030069940117862348,-0.07245624227023667
137,0.004434689572565875,0.005445817436241326,-0.06499455624941103
138,0.0165171602463402,-0.0184059864383459,-0.057637374348649795
139,0.03560274059564322,-0.00751344359061111,-0.05163801591883638
140,0.04075629166522232,0.012028183362094685,-0.04783597246652732
141,0.024262219715458277,0.014109937376725945,-0.04512691286316527
142,0.015978331480813013,0.010048615038012576,-0.04308288581831268
143,0.026340933571479375,0.0076776738613375806,-0.0430354927178004
144,0.026387001211714445,0.00636566207817818,-0.04522382648090113
145,0.015411829466280669,0.01441028797298527,-0.04898295364605368
146,0.017725933174141062,0.021954517408123597,-0.054278239634303935
147,0.009767601370858109,-0.00197689750582683,-0.061141288159098583
148,-0.0008646422342833415,-0.024638356133232814,-0.06810731037190776
149,0.013071242096887759,-0.0005230501376026764,-0.0733403859312283
150,0.006518613246175919,0.01857920897955523,-0.07656107219419822
151,-0.008732839666499015,0.010914078911869712,-0.07782311407959108
152,0.011932540167768235,0.009429341492832699,-0.07786854973172375
153,0.026358413016494386,0.0033329230381214103,-0.0784721511431663
154,0.00647049370820485,-0.011008130421624324,-0.07961464948646865
155,-0.0038419848872503493,-0.009686318720909831,-0.08009964154001134
156,0.00036036596677474497,-0.0007866950737449585,-0.07997300000945778
157,-0.013426337485087897,-0.01202557901211343,-0.07976372677590346
158,-0.017806429048722594,-0.02823389517733682,-0.079866068651192
159,0.0026743737449638205,-0.019179965353224082,-0.08078481456697781
160,0.011287068439665093,-0.002106603333848156,-0.08246316387794247
161,-0.014774835516217832,-0.010261047585681693,-0.08393250452293743
162,-0.03563427755195142,-0.03832841422004443,-0.08487275963265331
163,-0.01641337122948866,-0.05732647216777842,-0.08667018160516873
164,0.010283678643715377,-0.04354195227370475,-0.09012266219648613
165,0.03161246525397682,-0.011900221976715336,-0.09436586834413208
166,0.04005090733540487,0.004569186883020701,-0.09868096268200224
167,0.027224650495281916,0.007197142705026041,-0.1025505566142571
168,0.010532784862214428,0.005186503540189583,-0.10507646433477913
169,-0.020512476780144895,-0.012910607248904,-0.10551509766847089
170,-0.057495687013330105,-0.0379207825352116,-0.10368833905040337
171,-0.048234375902195356,-0.0386520884629057,-0.1001015016834001
172,0.003448852556352064,-0.02331736257401497,-0.09631768867000551
173,0.031491645636644194,-0.0172945545280377,-0.09430251513237398
174,0.019308629866406954,-0.019538300155029546,-0.09422536458013858
175,0.002173997298145623,-0.022877325862510636,-0.09520248795321787
176,0.001852076427621776,-0.012946300678072193,-0.09747540125817522
177,0.017413992002153995,0.009373771358829365,-0.10115151667587044
178,0.01750123799377892,0.007736919798051786,-0.10515079937551708
179,0.015059205360851214,-0.0025886095765189007,-0.10851593255484632
180,0.03713566965232273,0.014745361702734754,-0.11120625334671064
181,0.042760778699488654,0.030303031045215357,-0.11321569881501775
182,0.018968696564401255,0.017815939431848254,-0.11472309976032952
183,-0.010197438581012824,-0.005598733758056071,-0.11677485189373293
184,-0.02315662699543522,-0.019755578836461646,-0.11909159103545325
185,-0.008439393782467733,-0.018883475809338537,-0.12053278898652237
186,0.01901268470036535,0.004244247993466899,-0.1220798015519986
187,0.034395378727091114,0.0292096201466443,-0.12499100955732456
188,0.02317369542992917,0.023125379948800817,-0.12859183777902777
189,0.013286010190642683,0.006551640631409311,-0.13240827782894454
190,0.022999893284932432,0.013233671707419542,-0.1368601971023018
191,0.012540792329228556,0.02692324930020154,-0.14094242328604578
192,-0.006760975675416336,0.01741447093492876,-0.14290462293509137
193,0.009261854636940847,0.0036315472396311332,-0.142945361969814
194,0.031371640978165305,0.00764630699399696,-0.14187596093392058
195,0.03012254113150753,0.01727403554682666,-0.13946408105419777
196,0.0127790311088746,0.02518166077411088,-0.13606536807085784
197,0.007318346665545455,0.02058570930184278,-0.13242665985438024
198,0.007805638349729582,-0.005877742769131111,-0.12891613007593755
199,-0.012452557663198749,-0.023794045229177774,-0.1262919069334889
200,-0.002090495539509185,-0.0071508548201446726,-0.1248428270298646
201,0.05357136561731671,0.02214234525575781,-0.12376378701757468
202,0.08223497398536234,0.03570527630442477,-0.12296941788841542
203,0.04501085369262248,0.025077120175228618,-0.12304242954661193
204,0.009046529063550607,0.010217287840934869,-0.12363434500582487
205,0.021674654189959563,0.007639252092309201,-0.12342889616061586
206,0.0282151431580257,0.005413668421261064,-0.12104999563404006
207,0.037333569399701005,0.004083066767136656,-0.11593177981163305
208,0.06529649517447575,0.007332547950886892,-0.10901044274026489
209,0.05362742105266591,0.0031936659118114302,-0.1022408107161844
210,0.01371101678362227,-0.005904963992676551,-0.0949301248232508
211,0.01240489353487223,0.011106670478708391,-0.08375672857648636
212,0.049658742707959225,0.056963221561714114,-0.06806214845263486
213,0.06264967314199366,0.08439695076167994,-0.050530753548158114
214,0.027790629468114114,0.08133854169117291,-0.03410903160762968
215,-0.0004383452099047669,0.06144500709515588,-0.021575613214173325
216,-0.000928501331207171,0.0185361498742318,-0.015327642864058091
217,-0.0037810694375916554,-0.03591820252865141,-0.0172275351411647
218,0.00415215879204614,-0.060686783246729936,-0.03007062312700176
219,0.029179296816480654,-0.03507473470986089,-0.05707105122367714
220,0.030691804241018666,0.0004784619781071364,-0.10053536007538225
221,0.014684758516229635,0.011328900013640841,-0.16013290600447094
222,0.03286884671126819,0.010753776384995861,-0.2302994129165511
223,0.07700588781795908,0.01515281556868353,-0.3013413255627354
224,0.0957313428306234,0.02054843470395995,-0.3658592656298576
225,0.07423545289706751,0.013863046900920217,-0.4219770333577926
226,0.034706966127652505,-0.005798245664143442,-0.468996239320828
227,0.020769540721095936,-0.020560049790471102,-0.504920770961975
228,0.04109273331846425,-0.02151253258164143,-0.5270348309004633
229,0.06330091149342454,-0.01613657166244753,-0.533019202832758
230,0.07269945707170605,-0.007006931366591862,-0.5229071234628928
231,0.06306685087458,0.0022362583517488988,-0.49892988805749594
232,0.033938340503814085,0.004551582608242399,-0.46484220665837084
233,0.01581348291933149,0.006452126248788992,-0.4256075958064862
234,0.03453112908308914,0.021922710176385474,-0.3859014486341188
235,0.0575587608749526,0.034221123144903776,-0.34941326194600353
236,0.0601643840689699,0.020546849287961577,-0.3186465756153791
237,0.05356378733184905,-0.008810069591948966,-0.29436218431096395
238,0.027570662077946145,-0.030892105243140677,-0.27641096634422446
239,-0.000005116387955528268,-0.02397363014378584,-0.26355467270971467
240,0.009561297068517133,0.009361708600445495,-0.25405343634301425
241,0.023658615143760497,0.03139971360434979,-0.2482736272296434
242,0.017734761638413116,0.025966969817102337,-0.24726447136391383
243,0.029146542810274817,0.020039391621777702,-0.24980835263616052
244,0.04494156362972235,0.025769016295413838,-0.25374158094788735
245,0.041136163959009875,0.029466862420494233,-0.25849809788207934
246,0.03953945406118414,0.023497812427450304,-0.2645769426717447
247,0.04283522348317484,0.010048143308428292,-0.2715583794924755
248,0.04701888908157076,-0.0008329595476306295,-0.27796211035879603
249,0.049730405897570426,0.0011122687196920555,-0.2823036443770617
250,0.043774985154172816,0.013341847623688619,-0.2832131752698449
251,0.02664837591423247,0.016104966171349266,-0.28020828291098265
252,0.0035335243560262047,0.003774402487214612,-0.2747489613872708
253,-0.0005411546234740244,0.00039802142149159003,-0.26887448887733967
254,0.024251900821572553,0.013059982401106063,-0.2629642472513323
255,0.055271103930622234,0.02737630237844224,-0.2563760218889348
0,0.06617174628151229,0.03019250808422702,-0.24957796788675723
1,0.052782142972568474,0.0235124213044966,-0.24352928071693125
2,0.03480981835621655,0.020861201916099192,-0.23825866299574028
3,0.026314007677134862,0.023433514245508436,-0.23316250414584738
4,0.021690439670866077,0.022456229676780903,-0.22802171365566115
5,0.021848270426468155,0.01150640201979758,-0.22335643334593203
6,0.03183627182219907,-0.0016107629295801784,-0.21951642264027205
7,0.042543464056970924,-0.0022539001025364547,-0.21596240429518765
8,0.04883691263305968,0.007739947482975462,-0.21182708482515233
9,0.045150529312235586,0.017159415843595205,-0.20627082319115153
10,0.03495120742742931,0.02139710159100794,-0.198891044785949
11,0.03457811149381615,0.01985871867197153,-0.19008635960791598
12,0.03673119845717085,0.01727742224047557,-0.18082422487714933
13,0.034914725819845616,0.017848343390048482,-0.1716339839516623
14,0.039309408504173554,0.018956592540138317,-0.1621256745216526
15,0.039856256154286854,0.014836906502436187,-0.15304870575260132
16,0.02842395556612122,0.004804800047643831,-0.14625420181805499
17,0.020980956720696102,-0.00025850553149753264,-0.14108243546349414
18,0.027720664027130193,0.008137899728658082,-0.13443182209941884
19,0.038293601342457934,0.02149379841905258,-0.12530903406200822
20,0.041730789925037884,0.02579245486400672,-0.11578909206424304
21,0.037931827797802464,0.019888141106617407,-0.10787912749438322
22,0.03195878229076313,0.013223315067890096,-0.10184819392775107
23,0.029381965952562317,0.011708577118027474,-0.09667438254621699
24,0.027845486777089007,0.010603600554216719,-0.09129286068954301
25,0.0244291243573225,0.003025783378702629,-0.08590443276139267
26,0.022305293688790945,-0.010009888023647884,-0.0814434103664606
27,0.021226156376169605,-0.02075005861673418,-0.07754714664406095
28,0.022890465639717625,-0.016926702032385166,-0.07303387083299676
29,0.027084546815053095,-0.0030207906362965664,-0.06804163634079574
30,0.024839792976105002,-0.00011952819867488973,-0.06297312863500629
31,0.021542761797762613,-0.005181925159449374,-0.05769291254222528
32,0.026326683171829124,-0.0031701308940542683,-0.05259803455528489
33,0.031522714007632735,0.0029989206448713945,-0.0477575685392677
34,0.03520579031566315,0.005387735315838416,-0.04279800163771602
35,0.03956264231736735,-0.002685926721174514,-0.03782347301832063
36,0.04016582503697897,-0.019233549815048656,-0.032992829944245766
37,0.038660044537575225,-0.028795973994890423,-0.027666178072877787
38,0.03458239833641567,-0.0234591428923438,-0.021165212825590474
39,0.026336370045997322,-0.013374421476564757,-0.0144254575645507
40,0.018131869848730747,-0.01050904885786963,-0.009220394558649064
41,0.011644262686891366,-0.011420294623398108,-0.006181325344388117
42,0.009112694670484256,-0.007425548551344807,-0.0045235041847644444
43,0.008614725025252762,0.00039789261650069463,-0.0030594023231424183
44,0.003211903188299156,0.002845659544601531,-0.0008542741207782159
45,-0.0049297593341869755,-0.007278684541401459,0.0026088489868175066
46,-0.009213229856961394,-0.026229175301865082,0.0075507881175137515
47,-0.007399627016177843,-0.03801296867877202,0.014162048724031633
48,0.0009016618301375956,-0.029950792337251203,0.022123848999676374
49,0.007658004284936307,-0.01633681411545007,0.030400269696116956
50,0.007677595111932528,-0.015516827717432014,0.03782101119955629
51,0.009427847926228014,-0.021498150316363818,0.043566941550527476
52,0.013561391369442982,-0.024556148603796235,0.04799886793866351
53,0.012686064434337813,-0.02239103740850029,0.0529225745043059
54,0.007160969420461266,-0.01639213765469505,0.05947676858544873
55,0.0048914165805952065,-0.01574569318851815,0.06612600567675914
56,0.008490613268559433,-0.02391951495041278,0.07080228049751516
57,0.011962565903055819,-0.028075944516181228,0.07425754169767115
58,0.01498048016920503,-0.01881724366438503,0.07853280508215274
59,0.01803469567259411,-0.0008021446283872358,0.08383460814213237
60,0.018335246209772435,0.01266853009133373,0.08963897694191067
61,0.019393151818943466,0.014266693270538977,0.09610021576977457
62,0.024069281529120246,0.01647041073646427,0.10327945439565467
63,0.027888388771579176,0.028888776507303593,0.1112597809829366
64,0.028471168414281878,0.0444044282792439,0.12049781527258369
65,0.028458408710973188,0.047601725564164865,0.13044824853062614
66,0.02691826892327316,0.031571006257319956,0.1391913641616761
67,0.02572611407035054,0.01810597532179481,0.1464074399561352
68,0.030454262564732687,0.02836380165458796,0.1533451356048794
69,0.03631137798099364,0.04878002928910671,0.15961468433964032
70,0.03568470693854929,0.05606735840850291,0.16456241247945835
71,0.03243101396779244,0.05208623798536027,0.1689824529858308
72,0.03221014490864199,0.05069338792800193,0.17308128826077512
73,0.033348638729206403,0.05539710102055817,0.1765488140127237
74,0.03388906189699317,0.06445096275434226,0.1800396892850613
75,0.03788933091976121,0.0710309022330024,0.18381161602877472
76,0.0445621085305615,0.06430988016067063,0.18726299705220784
77,0.0452430682630761,0.05069868023777485,0.19021490445588457
78,0.041460677935394354,0.04868658530443842,0.1925989211434822
79,0.04109882196862567,0.05701849218000926,0.19446738037262468
80,0.04489501683766372,0.06185812964537435,0.19650870578377588
81,0.047417930694399896,0.05959655677962139,0.19874912434988617
82,0.04949342638292703,0.05730713171996399,0.20028852011121545
83,0.05424045118441623,0.061774399606528724,0.201243033016566
84,0.054631900843552406,0.06647595092844932,0.20245198309139112
85,0.04775000524854803,0.05897378464758213,0.2031535421753231
86,0.04231946498274888,0.04335936543395058,0.20176027324958423
87,0.04434529544194565,0.03719657507805421,0.19859598233428843
88,0.048555593514781004,0.04911031052368789,0.19510391887246026
89,0.04781420075963335,0.06531085717141244,0.19158508552538428
90,0.04393270960689727,0.06533764243356716,0.18771542818395826
91,0.04248080523398079,0.054308653771485416,0.1840999724792169
92,0.04601248745477743,0.049802807222103174,0.18204041690636308
93,0.05256898866710763,0.0527364176129253,0.18178521584145724
94,0.05567718465534033,0.05597466480761176,0.18266587805077494
95,0.05168381757024651,0.052820340256330395,0.18364282161274137
96,0.042089522178835034,0.04053593724144336,0.18300841113789879
97,0.02989352447616537,0.03083109246039667,0.1802053533317789
98,0.021685980757955223,0.03452055643294141,0.17621401065940467
99,0.023088502120668607,0.04234452332565153,0.17189708449535762
100,0.027212741039441584,0.04207637385451801,0.16789801636087964
101,0.02596180984275949,0.036370637496151104,0.16454247528592875
102,0.02480938615706385,0.0345997812511335,0.1615697916208374
103,0.028409548320068978,0.03759357474126182,0.1589042326220827
104,0.031166302917244315,0.035282376412834354,0.15680829487316017
105,0.03031347289529876,0.021395812800717423,0.15493115598039608
106,0.029042886701999088,0.003956665629372275,0.15275986231403416
107,0.03164234204767841,-0.004029203258621383,0.15046928032523438
108,0.037423809423468825,-0.0005261503606149576,0.1481191335320305
109,0.03856028938620927,0.0058641019125118266,0.145392018996176
110,0.032587873071177054,0.005715917038743579,0.14204700965070605
111,0.025224574430868084,-0.00033763096084329924,0.13855752258257564
112,0.022225654047320687,-0.002478911451364335,0.13631840515129484
113,0.02494242384387571,0.0028930459339948367,0.136226528130728
114,0.02948171635647051,0.009460662218361143,0.13778433190543066
115,0.032489403449075915,0.008288368976492294,0.13992331129382718
116,0.03318786164109888,-0.0011589064407444005,0.14188774547673433
117,0.031590318711184555,-0.007798278693703531,0.14356067226236113
118,0.0313031546586106,-0.001909320473182513,0.1454210566857253
119,0.034208020886210395,0.01218848128691008,0.14756482565598805
120,0.03628933732019459,0.021944534278899225,0.1494702856582823
121,0.03467380437114902,0.0207531498260701,0.15129188125502374
122,0.02951610410739497,0.014073678493970898,0.15340388021577633
123,0.025284619516064005,0.013242560727593639,0.1554425164991542
124,0.026946557776551278,0.016953301486065803,0.15677781674855573
125,0.03129322223532885,0.013382471514905958,0.15662502836371922
126,0.032759440038765984,0.0021111452017536503,0.15412193886905706
127,0.029009625096236554,-0.007068335672738124,0.14934433821659132
128,0.022193215879803017,-0.008024741680665942,0.1446890789470785
129,0.015522787849703193,-0.004376713574483826,0.1427703117900957
130,0.009450491393358698,-0.0058831185589925394,0.1435003705310443
131,0.004994762071053996,-0.014472864970015181,0.14562608150099848
132,0.004085595673643874,-0.022517183259924134,0.14868590732106352
133,0.0035955073736121668,-0.02375978807707864,0.1530337780190268
134,-0.0032377077958481715,-0.021345189451261223,0.1587934010983565
135,-0.014531528469082136,-0.026996258245302246,0.1651787425835366
136,-0.024065614436042243,-0.042290093754596525,0.17127531569333782
137,-0.029461224495489727,-0.053038458966673835,0.17706160838455243
138,-0.030971422606705823,-0.05098190012418563,0.18264569761677546
139,-0.03315282322079019,-0.04776759900344252,0.18721916722999343
140,-0.03886207192986643,-0.05525302919123075,0.19027863668472567
141,-0.046438036477225095,-0.06971938529199619,0.19230723669085592
142,-0.054018733169896097,-0.0823551651722103,0.193767298331475
143,-0.0581693721307914,-0.08762365717356235,0.19437344440019705
144,-0.05953916301817827,-0.08925955999170118,0.19437030911719322
145,-0.06673817024708986,-0.09608424811868876,0.19489541753057138
146,-0.0817380758522861,-0.10827878984939854,0.1967339923223943
147,-0.09591177343405785,-0.11634136829403546,0.20011225189459964
148,-0.10111150801102015,-0.11596104477968822,0.20431509657824243
149,-0.09672689774277116,-0.11609448105027009,0.2080588487203141
150,-0.09045087289675147,-0.12317687650271975,0.21058629568577636
151,-0.08794514818996557,-0.1313543725447643,0.2117198183712412
152,-0.09067709560246501,-0.13356523966693373,0.2112764993320736
153,-0.09597265497231527,-0.1278152118550765,0.2099416189623381
154,-0.09905763509639132,-0.12093367049814568,0.2091655241708188
155,-0.10491657919488745,-0.12233956431071208,0.20887203585534353
156,-0.11405984535662433,-0.1336688162795993,0.20807569376112134
157,-0.113206815962626,-0.14214369274895627,0.20691087147925014
158,-0.10112502212237767,-0.1346664688299407,0.20603013904279022
159,-0.09316804349144853,-0.12418259760268796,0.20529423601715768
160,-0.09862095058596404,-0.1259616099046661,0.2045839410401037
161,-0.1094140406808305,-0.13196640274564728,0.20417382841838938
162,-0.11329855339183803,-0.12890789752738113,0.2035805512551675
163,-0.10982254815895837,-0.11404462702651089,0.2025602451324422
164,-0.10235005705027037,-0.09715864997230211,0.20169994556528148
165,-0.09272637953228996,-0.09396980824780987,0.20058385736188145
166,-0.08536567550559662,-0.10461399960136275,0.19846831804211673
167,-0.08767274135505543,-0.11299450423114299,0.19640751977712412
168,-0.10121282254764274,-0.10997780753226677,0.1957357025125176
169,-0.11280221191546647,-0.09931904092393767,0.1965971940884763
170,-0.11108181750464385,-0.0880298274111963,0.1988238551186986
171,-0.10009868218065998,-0.08175803770749551,0.20168969495143918
172,-0.09208223096126261,-0.08050868312916137,0.20422806193271514
173,-0.08881811466157977,-0.072200228015294,0.20631992629499474
174,-0.080379112966082,-0.05491787823927535,0.20815891642723705
175,-0.06761771188632859,-0.047585032524594756,0.209369332923646
176,-0.05834706832119563,-0.054850983900264993,0.2093994348857221
177,-0.053816163563405295,-0.060879481844325845,0.2088344224118841
178,-0.04947277862268268,-0.05656742758964314,0.20873163618700363
179,-0.040751872595011784,-0.04745846083141678,0.2088164064207516
180,-0.03221373324217665,-0.042868365793789415,0.2091749678745315
181,-0.028975311771444287,-0.04399444695696386,0.2105333567725508
182,-0.02466752933820006,-0.04591821843983568,0.21271654015970365
183,-0.016713405722525748,-0.04151177046852414,0.21619736419760616
184,-0.012119084853079724,-0.030852601619406173,0.22108263140361895
185,-0.015757726972030074,-0.027664705922277016,0.2260096821175671
186,-0.025317611307138065,-0.03532236449527583,0.23013186112366701
187,-0.03123232699956259,-0.03865168815167622,0.23358141113363917
188,-0.028065109442285352,-0.030961974666254742,0.23686812671001933
189,-0.021968707501949097,-0.02093263059196991,0.24023429248488026
190,-0.025982753817766463,-0.018673177376601728,0.24366059497606707
191,-0.04111588194368787,-0.024687097361077638,0.24717997753623056
192,-0.05027892858640681,-0.025342575356172195,0.2506040044888479
193,-0.04364082944835042,-0.012851398203479095,0.2542943299368834
194,-0.028790759080374803,-0.0005462452624381831,0.2592684209612459
195,-0.015996794645366658,-0.003318306181333386,0.2652687398923754
196,-0.010525005440110785,-0.01528666426902301,0.270957095939206
197,-0.011238339431893299,-0.01885765638888212,0.2759285297305608
198,-0.012815534780007035,-0.010010019911658813,0.28039199223352695
199,-0.011780324003932724,-0.002543188351708525,0.28413724963910936
200,-0.008543846123740671,-0.00717817317187449,0.28670701289552525
201,-0.007457463025620947,-0.018374665540200154,0.2879841696696165
202,-0.008470253887178605,-0.024267935947407865,0.28851014378730455
203,-0.007332186173411415,-0.017442164755937795,0.2893109175306159
204,-0.004899911801974077,-0.003737887709727855,0.2915179656818332
205,-0.001431158146254885,0.0020583622051713324,0.2949984117487411
206,0.004914230379549453,-0.0029761689333004174,0.2987865672899217
207,0.00970562235830013,-0.006498114278174719,0.3029340891840432
208,0.007327982110625748,-0.00003530019249092797,0.30768106487091007
209,0.002444130719239948,0.00715010022951007,0.3125489677372728
210,0.003832971033189095,0.0038318611503785627,0.31674651054006786
211,0.010698480398460539,-0.00276322819143434,0.31959280173659055
212,0.01946805682305517,0.0016370637417309764,0.32103562705684174
213,0.026934657935841152,0.015033741857373273,0.32171554108794187
214,0.029398293031964194,0.023484897588098547,0.32278809726764846
215,0.029287853829358845,0.0197954549170693,0.3244515733079387
216,0.029298575091430072,0.00855491509691815,0.3258098897625804
217,0.02946256575373024,0.003300720099091256,0.32713803272078734
218,0.029062397970383347,0.012660740887126931,0.32915335564398474
219,0.028468008343554424,0.023659033159815518,0.3311895653467841
220,0.029673762519660057,0.021139109462760486,0.3321834453855427
221,0.032938236682093766,0.01315870702639333,0.33182112371906747
222,0.03535465134687017,0.012248146538016577,0.32991927399328713
223,0.03790662561736376,0.0192566547265043,0.3267366470508437
224,0.042167773313094924,0.02740363354531959,0.32345947338777037
225,0.04371412449666016,0.02853266007238904,0.32029462491937544
226,0.04448626871532663,0.024889267682584162,0.3163460746009892
227,0.04385825481774949,0.025808733739109885,0.3122596338704796
228,0.03682603665558137,0.033349624292925456,0.30962051209103003
229,0.03189127473311057,0.04071013048626268,0.30874957617784804
230,0.03446848772514602,0.03897124571717356,0.30902831271541487
231,0.03765486024870518,0.027608778504363662,0.3094439313246832
232,0.038954186590463326,0.020051662926728026,0.3092142554070637
233,0.0411913069018897,0.02449873257292108,0.3089041220729881
234,0.04267377411060172,0.03089156432409479,0.3094678282629839
235,0.03936903087857638,0.02949449731566456,0.3100425290717479
236,0.034011025679598156,0.022584734168164422,0.30938230541819955
237,0.03250243836764774,0.020236945931097955,0.30821669021231024
238,0.035811304164492186,0.028546498002935627,0.30736999706026313
239,0.04000556527570415,0.03558556852188355,0.3063429726840896
240,0.04266913442381007,0.028760655650620998,0.30511890492090954
241,0.042958924765034295,0.01679551133114865,0.3042278753269312
242,0.04026854288938886,0.013554356196683583,0.30346573288526624
243,0.03911196450882916,0.020432213682109762,0.302822310538558
244,0.03851313280696504,0.026770532624515536,0.3026139427007428
245,0.032288336002559,0.022559506247414332,0.30198670313998577
246,0.026533085435240078,0.012265909567442349,0.3000507565133813
247,0.027233805262023042,0.00706552402922947,0.29747562173062914
248,0.02969812149241627,0.011379157704343418,0.2956226038938444
249,0.030837616296066184,0.017414605324597682,0.29552539967522884
250,0.029917274385192247,0.01645768961493574,0.296882498785899
251,0.025408879349567544,0.011083501357164585,0.2982990494976988
252,0.01950440707298135,0.007876689012265556,0.298890982024009
253,0.018182883610689815,0.011102418853775123,0.2990126898454756
254,0.021980549124783207,0.015290763751534708,0.29958772564978475
255,0.02613661378471932,0.00928311409435302,0.3000502777577827
0,0.02886866394665006,-0.0025089468022328684,0.29928286564703377
1,0.03136122344781822,-0.003901775675150043,0.2980027077323537
2,0.03143746497811778,0.007754131503085557,0.29673158381453046
3,0.026429116228781496,0.017473277873791104,0.29508351519071085
4,0.024092073801431524,0.014319528477588966,0.2938645539432213
5,0.02770359474880492,0.0036290023396312876,0.29424142851465684
6,0.027700779294167144,-0.0031899307113103167,0.29550238036500187
7,0.022005827487300705,0.0015453951348713482,0.29582191964103133
8,0.015022991519959929,0.012941575314530662,0.2945130855234218
9,0.009541086679789132,0.013846233965049304,0.2917947366670852
10,0.009817814377239033,0.0021146855081073807,0.2887025347813027
11,0.01464997029766038,-0.0028441166322292627,0.28740783794312974
12,0.01965482498614536,0.006801688386405408,0.2893253727128412
13,0.0228935621792076,0.016425490649742136,0.29465627881463896
14,0.021330005390569853,0.013896998440359673,0.3031078572053566
15,0.016939257780286994,0.0053326347330376195,0.3133072561271014
16,0.013689739167269625,0.0012373853031108842,0.32393984087255945
17,0.012465184865703718,0.00544810667492749,0.3359899847334693
18,0.012283991145938943,0.012610685316598466,0.3510901428338238
19,0.01073406890318523,0.011242254367399632,0.3683927837212112
20,0.010875224669896509,0.004021829012727018,0.38534796747699074
21,0.0156778500211817,0.0031318799764427085,0.3999953343424212
22,0.021690341973467385,0.010413221888864233,0.41065087047166315
23,0.023722263318029152,0.016739977328251346,0.41530845585287657
24,0.021910162157458557,0.013467156312325174,0.4127209614594822
25,0.023530624658730057,0.005451866929274449,0.4017840843837033
26,0.028859040017851098,0.003583958330812466,0.3792766415937503
27,0.03231976042058098,0.010189265984925741,0.3409464696572686
28,0.034488043244184856,0.01778139891185769,0.28712009095740376
29,0.036547820957300324,0.017684207387259232,0.223773416469648
30,0.039469337046835216,0.012578916515982745,0.1582044981631927
31,0.043095522373059886,0.012338015535774446,0.0966923790957625
32,0.04637407672682173,0.02100297493728677,0.04393630613284574
33,0.04924557478618727,0.029638979804750082,0.003266621637451783
34,0.050152210813169174,0.024180976988396274,-0.023290381220939682
35,0.04763845892165999,0.008220203687740124,-0.03457844721678022
36,0.04054864506153008,-0.0014329495546973325,-0.029747388147938814
37,0.03265945261913639,0.005277532908863625,-0.00827777673757002
38,0.03014694790694064,0.020738745803605296,0.028362338524128117
39,0.035251811333921135,0.02821923736960756,0.07525745024881658
40,0.044808756783660995,0.02700069253667299,0.12554610471905459
41,0.05127216089229658,0.027647945320829356,0.17308600307818328
42,0.053392959645129315,0.03449196971544999,0.21403421995231153
43,0.05655347204418966,0.04177539448922449,0.24610044189621194
44,0.06189085726243876,0.041331019371859234,0.26916251293201265
45,0.06625358227167882,0.038213601561834565,0.2856505929542348
46,0.06817070198707686,0.04087188347079379,0.2978775861507226
47,0.07079582526355346,0.04676914423004802,0.30787059733783173
48,0.07667850871808604,0.051838389713788235,0.31753369183581837
49,0.08306282046533753,0.052125334528856315,0.326539070183103
50,0.08544981616867917,0.04735381821726471,0.3337270670651242
51,0.08112798357310877,0.04438764323807986,0.339304933387931
52,0.07828234334263345,0.04867711898428234,0.343655725404019
53,0.08497159573648083,0.0556240861196137,0.34663001293221474
54,0.09304085190333555,0.05396809361406801,0.3485722092298935
55,0.09273246393351287,0.04859694368568801,0.3502731696987337
56,0.08306136827625649,0.05206375665584598,0.3520715093387715
57,0.07266016217042692,0.061915877033663025,0.35430647948707616
58,0.06483821469238632,0.06805117421882212,0.3573537367849041
59,0.05231437701699615,0.06428344319272124,0.36084792295399015
60,0.03850879149774509,0.054105139710161794,0.36442193131194944
61,0.0347509279124043,0.04822444325148416,0.3682735771598197
62,0.03858713685472465,0.05128111568227223,0.37228367072390645
63,0.0378584331535206,0.05514938176197254,0.3758555579141347
64,0.03303203091031631,0.052061203585069105,0.3784003842400474
65,0.034467139543909966,0.04454351104432175,0.37929795967272173
66,0.04388427169377154,0.04147901811681723,0.37874169984094275
67,0.05330424315255031,0.046033203788896145,0.3779397541111782
68,0.057180013849511185,0.050471188899367345,0.3775203901911307
69,0.05579116323499897,0.04696642766457615,0.37755282980986216
70,0.05276963307893942,0.03580029647049916,0.37839832802854667
71,0.05107191479502464,0.028010791033820932,0.3800932004898985
72,0.05290962177613209,0.02927443842445429,0.3817382937343461
73,0.05959984053190655,0.029960200143610005,0.38244411119314325
74,0.06475486356159546,0.022602621424501895,0.3826138217668922
75,0.06346218404488876,0.011746859914091579,0.38239431723514694
76,0.06062686289487776,0.005674965789585137,0.3810940746261693
77,0.05982516238152791,0.007371404193887793,0.3795092036253771
78,0.05704820688134793,0.013725182046357254,0.3790392310979225
79,0.04874310677393745,0.015763302284408115,0.37922879101323204
80,0.03759857388019605,0.009766096063189011,0.3788556280231129
81,0.028195541765919513,0.006845470614257859,0.3787096300571222
82,0.0236100368442298,0.015006078329179967,0.3800507458393062
83,0.02576238185894695,0.025619456471872276,0.38171002806301757
84,0.03042992401564723,0.029154331915285908,0.38246838994762977
85,0.033603732163989646,0.027285851667273875,0.38267439725725816
86,0.040381794271733516,0.027185088388827328,0.3828070212003267
87,0.0497062238057327,0.03156088034858377,0.3835754778808105
88,0.05048300200559935,0.034658440219997144,0.3850601267929513
89,0.04008065080104531,0.028206732663966838,0.3858754864121585
90,0.02945055752879272,0.01586575452860678,0.3852886607707944
91,0.027882824733854006,0.013557183934881215,0.38448280617758424
92,0.031241166906491147,0.022948752158026497,0.3844763516594011
93,0.03304855585242486,0.02839463173579712,0.384604501651189
94,0.032329694289493005,0.02365402835425051,0.3842046717940768
95,0.02785921258579649,0.014960962269498113,0.383309764736927
96,0.022704449111696834,0.011339176383165173,0.3819310352458387
97,0.02453736398197154,0.01737377014088637,0.3805513062895596
98,0.031949132121543794,0.02386758460326996,0.3799824807172595
99,0.03759288142558856,0.020296859890565025,0.3800139853828668
100,0.04212012347461741,0.010143647383988694,0.3801528404432416
101,0.045998625936334664,0.004773279889877663,0.38133896407414447
102,0.0436138893928564,0.008991630938670253,0.3841072239565555
103,0.03670766882972393,0.012747373671024631,0.38722501094529904
104,0.0319679877647079,0.008297185878068797,0.3897955907022388
105,0.029693145572357624,0.0034907173778004896,0.39223673358568334
106,0.02670391207945896,0.004951193821358196,0.3954069526798145
107,0.022118771510437077,0.0089018693840031,0.3995487534156197
108,0.02166363831114615,0.0081002113040958,0.4038610085472156
109,0.026994969876009828,0.00003691300837727063,0.40727415646993426
110,0.030548120579836746,-0.008670096684407422,0.4100664941442642
111,0.030481396601207272,-0.007062481032101359,0.4134194761168677
112,0.031461995794153055,0.005246459667504602,0.4172672904332304
113,0.03245624378023819,0.012928378790341144,0.420478509662745
114,0.031562081268886356,0.005217148615271158,0.42208969293916554
115,0.030025615312662096,-0.008638370935157222,0.4218161363294739
116,0.026791455140159938,-0.012182172439239351,0.42027062033021245
117,0.027037769399709463,-0.0016974383786327735,0.418484041984458
118,0.03227943071751346,0.008345544449914075,0.41670083632428123
119,0.035767576781221694,0.003806961336671244,0.4141682629869732
120,0.038674501462337446,-0.007547632554157538,0.4105436250784098
121,0.04347102413986781,-0.009896450030418544,0.4070383820157517
122,0.043690511863028275,-0.002252040779721784,0.4050790331991043
123,0.035364471036146955,0.005894125848278184,0.4043117554158451
124,0.02554219219496459,0.007997663183039225,0.4037531334875326
125,0.02056600911760148,0.005595193921952485,0.4034546317478007
126,0.02137480073143065,0.006966355474718716,0.4034744253280811
127,0.025420309309581175,0.015629938759082737,0.4038414836757993
128,0.027093948042118378,0.02252882567459441,0.4052021356535158
129,0.023851592224181255,0.01748108343350914,0.4070722778335436
130,0.020316662309821105,0.005536974789190352,0.408237324805631
131,0.021580926142817244,0.001961641841433319,0.40914502793051044
132,0.02513050552278215,0.009350792546221703,0.4108989740005087
133,0.026404040149045738,0.01401656204162155,0.4136041423903436
134,0.02460986178190548,0.007132117179909234,0.41734902250905237
135,0.020113880079818097,-0.002895273663377912,0.42215325578489304
136,0.015889779285580788,-0.005414060439689686,0.4271799347178671
137,0.01602046782835377,0.0007685066583386566,0.4319463759540576
138,0.018760951256679932,0.008397861659599187,0.43635004924697784
139,0.019533645839278056,0.007298779565138136,0.43970938356908373
140,0.016994215275282762,0.00029951446950982064,0.4414231940004898
141,0.014180675783035068,0.00004652424891349316,0.4415240018447575
142,0.01384681785420977,0.008487017788627926,0.44045839979860757
143,0.014368511969562583,0.015229081965109637,0.4389232797318856
144,0.01673917794059427,0.013167254613345114,0.4376588854717729
145,0.021459596668291094,0.005498938768593004,0.43656549116969146
146,0.02434072267654542,0.0013658155429768087,0.43490013914195447
147,0.024266335248132875,0.006273800193476092,0.43321474481250966
148,0.021991091773464644,0.010342596969092344,0.4323155582868763
149,0.019202832752486534,0.0026399484594235856,0.4308592880557196
150,0.01865707341195605,-0.00861742370506742,0.4275865152435798
151,0.018175387435151416,-0.00983141651009553,0.4235733366066501
152,0.013456124374556948,-0.0014568980805379286,0.4204448923344395
153,0.009275922358661204,0.003398001408776427,0.4181137665951815
154,0.00979471241133133,-0.0030876242668458204,0.41490468020422
155,0.010497874014802113,-0.012546410072707515,0.4103944722960875
156,0.009295465611703628,-0.014913649025026413,0.4064979179535475
157,0.0075333159920793515,-0.008946102611313997,0.4045229948659126
158,0.007057688933481189,-0.001467506369691951,0.4033033387896665
159,0.007408780621806797,-0.0009692732945803806,0.40155584129338995
160,0.007863423629446933,-0.005688293206936534,0.39972736705309364
161,0.008900228616140649,-0.008668564925773559,0.39879939660636454
162,0.008474628756078309,-0.005425773767582964,0.39883304557632693
163,0.006562774582358523,-0.0021063108494964733,0.39893076191172305
164,0.0057180679263808785,-0.009246806603358693,0.3984079116534256
165,0.005213854530702957,-0.018298911831705858,0.3967664428162696
166,0.0023873049578965466,-0.017149205722037097,0.39363400942810656
167,-0.001272438777238264,-0.009945664863701048,0.389791752060235
168,-0.0024463760937158963,-0.00647989064573623,0.3862230652060321
169,-0.002276441114637883,-0.012335423411784313,0.3825687182437495
170,-0.0035818883262521244,-0.022997492367053604,0.3783447366478865
171,-0.005067243578804775,-0.028892068845654637,0.37406828451892693
172,-0.0029910432586559,-0.027118220462128168,0.3702536276656161
173,-0.0001242902164139562,-0.0234091315482228,0.36722550693950173
174,-0.002967583532182791,-0.026570740097118087,0.365188006101659
175,-0.008474468406848101,-0.03585382179693964,0.36316297663012165
176,-0.009300464382981094,-0.039356927546812054,0.3598996910177287
177,-0.005791156933105918,-0.0316541418616208,0.3559611636369231
178,0.0008008092248374087,-0.022577201097752936,0.35215153066120686
179,0.00950960466847614,-0.024099545935601846,0.3479233017807579
180,0.013818516166552264,-0.033438634250080895,0.34319104876768036
181,0.011519579981639414,-0.037330071568450855,0.33867721691069597
182,0.007349556103825525,-0.03058163695973147,0.3349809325620212
183,0.006951438977472635,-0.024115635111368716,0.3324336537138669
184,0.012040169551316718,-0.028310755740598895,0.33098448053622753
185,0.014886247367873237,-0.03683312806813106,0.33089667225562946
186,0.009102210737765182,-0.0400075957847254,0.3322986649821221
187,-0.000638372010855922,-0.03453218616260767,0.33463202998973807
188,-0.00800965713505893,-0.02395732344241902,0.3374178175727023
189,-0.011803043782649382,-0.019905603832181706,0.33967865666636976
190,-0.0128241476244852,-0.025370458390420625,0.34053214468153004
191,-0.010714893067232757,-0.028204940962537173,0.34003434962310153
192,-0.007443284238929752,-0.022698448637324342,0.33853810298830866
193,-0.008025285468323602,-0.01789903758064121,0.33713170620934174
194,-0.013516211568844295,-0.020239302057797198,0.33672127199651736
195,-0.016932500438145495,-0.025619298691429718,0.3364737058890176
196,-0.01246238809696115,-0.026331941961938526,0.3353121485776164
197,-0.006596037501856062,-0.01930932260931023,0.3340174440488112
198,-0.004953407468550511,-0.01250734079185456,0.33385455936337916
199,-0.0028231941204349895,-0.015893282115221896,0.33419719905541845
200,0.00200412479112122,-0.025961340487751144,0.33425532312521455
201,0.005515828317097196,-0.029612798790265765,0.33479794565804777
202,0.005083986181872689,-0.0214700046819203,0.33625680396402324
203,0.003367203114369669,-0.011228182836279493,0.3379380024523757
204,0.000820133283496477,-0.009735273010905515,0.33931750373881764
205,-0.0036765557749491584,-0.014779195201451267,0.34084644823178345
206,-0.005132521210613417,-0.016368475415434125,0.3434301814563868
207,-0.002335258998005532,-0.009704287630762365,0.34675855398031696
208,0.0013450956103456466,-0.002879824690060817,0.34956368251868164
209,0.004019542669288903,-0.004689634498999701,0.3509133164041235
210,0.002927565171657695,-0.010300368678122757,0.3503456572353725
211,-0.0016574738109834397,-0.01138274216425711,0.34841299954184934
212,-0.005884894323359438,-0.007799375992793081,0.3453645162913901
213,-0.007026032134852325,-0.0072295806942747065,0.34052937030522734
214,-0.006393642585875381,-0.014340260625493928,0.33426790734913425
215,-0.00433159192661367,-0.021400436861668717,0.3273185552823551
216,0.0014143597106368935,-0.019416565945186648,0.31955267690951494
217,0.0071551674642787305,-0.00844905514738506,0.31123345942486713
218,0.006706921776632485,0.0020657324141082345,0.30323928758929586
219,0.0017234744288778109,0.0006371959668134419,0.2957413285626823
220,-0.0017289555288805547,-0.0089436034842246,0.2892182598480081
221,-0.0015981133602887068,-0.011337641250348779,0.284955363786243
222,0.0011313635286792495,-0.0012118643931375017,0.282375293608533
223,0.005854490304445459,0.009032977297838723,0.27933617924979814
224,0.010826732771925557,0.007390839659995485,0.2745865286187221
225,0.01128452918765254,-0.0008088489233585433,0.2680152946614165
226,0.007952451914400093,-0.004218206109495137,0.26042736791670096
227,0.008219167323087282,0.0005898023968444188,0.25328752923958686
228,0.012729345679664224,0.007060905458604633,0.24730675795336599
229,0.014937874750521534,0.006271801113344966,0.24155916465768812
230,0.014037571084216459,-0.0006173799070302577,0.23484624020137868
231,0.013796730588545896,-0.0019447167391141995,0.22731955642063617
232,0.014100052225902354,0.006388866022793038,0.22047450716713313
233,0.014375704977140968,0.013979041078294008,0.21564320084691568
234,0.014166971913655083,0.011734766637063243,0.21288236005354255
235,0.01164492355034931,0.004060140891236658,0.2109934296801853
236,0.008325709041424725,0.0010159021874038,0.2085666957791451
237,0.005601462182992595,0.0040819687363933405,0.20482052279358676
238,0.003066901984926606,0.006221188772323916,0.19945944530313509
239,0.003615310218194001,0.00023288830633552693,0.1934001156518731
240,0.00621101034219998,-0.008345374055182597,0.1883734076514122
241,0.006080789736177573,-0.0062785922617299705,0.1849520864433899
242,0.0038054157086283846,0.005316695093984844,0.1822767495606582
243,0.0027591468869967023,0.011900549153291695,0.17931045447554528
244,0.004841670963985439,0.006947975991385885,0.17682244293004806
245,0.00952354088700269,-0.001451130478700574,0.1762616238668261
246,0.014384455426773843,-0.0038752331053501093,0.17714647798835814
247,0.015470027338044489,0.0031452612954754877,0.1786815303454023
248,0.01290673538078254,0.0120895734398144,0.18056656057830556
249,0.013081577542155432,0.011709657762931786,0.18239430502326254
250,0.01763117558589676,0.005461970451581449,0.18394543005101993
251,0.02028582906818848,0.00543627239245198,0.18565579948216243
252,0.01904146679499015,0.014240317056151516,0.18836485945626258
253,0.02149108802609627,0.020523638386996335,0.19188420540967283
254,0.031534763490172105,0.016514944238039314,0.19541324053480613
255,0.04359347373116747,0.01070380960999312,0.19801795109619713
0,0.049819992393609666,0.011156061216230112,0.19908196409083007
1,0.048468261188974154,0.015546967482817281,0.1997307486594685
2,0.03848851901389652,0.0170957024186196,0.20162073509480316
3,0.01823286174971571,0.013338054191356724,0.20443847564467166
4,0.004157934968150256,0.010472776703430373,0.2070567314001981
5,0.011389157978003744,0.012597105695354605,0.20962290122555716
6,0.027002921072957195,0.019474855810828764,0.21205911080265927
7,0.03073861906602586,0.026007530412560237,0.21364633225081997
8,0.019890403371940195,0.024761723022772797,0.2146511780101259
9,0.004848295096397476,0.02071061243263697,0.21587369161029013
10,-0.008792455894850261,0.02172406513414421,0.21719897330316895
11,-0.016945560912806176,0.027713642007602082,0.21843391278078217
12,-0.012348144936565067,0.033184787259222484,0.22041905591422717
13,0.0012060340047754317,0.030741778496783834,0.22294207650000375
14,0.010493947473227072,0.02383987396254856,0.22500050270265237
15,0.011305081449827628,0.02368668574036842,0.22721195247911807
16,0.009136460764262333,0.0307152400557974,0.23031071376845158
17,0.005909340319137847,0.032933329480439255,0.23336866998907957
18,0.0027818256628033416,0.02590322872066203,0.23563475152968538
19,0.00263085678347455,0.01989173239279937,0.23762656104681246
20,0.004495781381330929,0.021286683457633904,0.23992569534049513
21,0.007261723539712925,0.0275280713793397,0.24317832176832754
22,0.011099271815034513,0.03071738994591014,0.24745877233414015
23,0.015869952145449208,0.023257747564521786,0.2518719807227192
24,0.020272314528996672,0.014271000020352156,0.2559197448968815
25,0.021643470728129444,0.016115056746974124,0.25992523718336824
26,0.021076354928998543,0.025101160189302016,0.26426154798682244
27,0.02136312712521095,0.029708611157424347,0.2687214952250988
28,0.018958275798284907,0.023382798638568875,0.27289806864612287
29,0.013972469271985671,0.013984520661003308,0.2766354845444231
30,0.01206634464975545,0.013793154094261406,0.2803857999229007
31,0.012313957630395153,0.02342050431992497,0.28495807884649393
32,0.01165161282486532,0.031645795473408025,0.2908188969347357
33,0.01030366052886994,0.025578805712058547,0.29751995697804023
34,0.010064355351873208,0.01125598019606601,0.30390531742510396
35,0.013163161672021098,0.007055438472890738,0.3097913344119331
36,0.020550800148809598,0.014280574404740787,0.3156481143579557
37,0.03076885288983472,0.019584445015942226,0.3207956908437203
38,0.041674460390685106,0.01591986398806186,0.324165247378145
39,0.0482240307677306,0.00901317840396737,0.3255949535792442
40,0.04681006920868602,0.007134752070419942,0.325861412694342
41,0.03644078090563907,0.01167049345432293,0.3265680720213858
42,0.019024482224709177,0.014400622551047848,0.32882193745542754
43,0.003248874421018566,0.00855319515356509,0.33115155313248434
44,-0.006948241010826639,0.000633647533968329,0.3315245339281986
45,-0.013578645625724028,0.0012119872360603356,0.3298175353716061
46,-0.019647325990365394,0.011022317417866662,0.32604222138755423
47,-0.02552726300173594,0.018372681057842233,0.32093529360430806
48,-0.025819521022870162,0.015449862391207436,0.3162797749092241
49,-0.01790651842418578,0.00852402521137853,0.31250037030732714
50,-0.006557749957771586,0.004810757323962023,0.308932237842799
51,0.001601588677317592,0.007080039547935513,0.3059617558452724
52,0.00556015025493567,0.011299738869396683,0.30466108690961013
53,0.00808262126154255,0.008537255490889573,0.30420366547804156
54,0.007419123926634935,0.001400007340390072,0.3037396039204432
55,0.003331475069750886,-0.00045991244946887166,0.30444341603403835
56,-0.0004420306401149779,0.0028736100504244966,0.3063939217968129
57,-0.0034096642880917655,0.0025661612880292922,0.308356488056045
58,-0.004801844680487832,-0.004257786755682058,0.31032253480356065
59,-0.004063321565461797,-0.009493341807853425,0.31251312756735483
60,-0.0036954094151716924,-0.008312022604753957,0.3146928216967596
61,-0.00522805333646828,-0.004307073537836284,0.3171738026619312
62,-0.0057568626330037065,-0.003841316523431282,0.32013681853671927
63,-0.0033077633799000195,-0.012381505408839977,0.3224268145145488
64,-0.001241227339398604,-0.02325536468414635,0.3230290206036396
65,-0.002108075906916876,-0.023801074428495113,0.3230127650347252
66,-0.0063372329549353165,-0.015545046669458967,0.3233739377754339
67,-0.011751600190223338,-0.010518932315000173,0.32370021730511866
68,-0.01569760780608022,-0.014388251288268095,0.3241458060614598
69,-0.015706827328995948,-0.021229391055712178,0.32499176805564667
70,-0.008908660966511509,-0.023010035237710086,0.3254308612663044
71,-0.0010697708788599478,-0.018030758246644102,0.325498038696423
72,-0.000738197584270163,-0.014370172897372913,0.3259664314459738
73,-0.006588938949494021,-0.019576562996265423,0.32581916773565833
74,-0.011176375798712224,-0.027741002539914128,0.3240750889522048
75,-0.010775671915444207,-0.027853003025301304,0.3220624011808314
76,-0.00890669181646174,-0.018475709158955123,0.3211410160274162
77,-0.009837857208940752,-0.012998355387479853,0.32095359745851015
78,-0.013506217195828535,-0.020315217539097187,0.32071555554459463
79,-0.01669417453438274,-0.028891440830054186,0.3202635341260949
80,-0.015362150613471348,-0.027106302519511273,0.31950334888528664
81,-0.008190764027753872,-0.018153506998722466,0.3183243721179584
82,-0.000335179077843549,-0.011719970687155551,0.3168946568651405
83,0.0009644595768071203,-0.014855767168542089,0.31502605082168733
84,-0.0033462293799753004,-0.025882131994445584,0.31268276562280983
85,-0.007115160917010227,-0.03439586809393686,0.3109814604038862
86,-0.008153849357196444,-0.03176527565180363,0.3107578203828445
87,-0.008819375204169533,-0.025827711985306513,0.3116065802520591
88,-0.011447534979784998,-0.029543982318951577,0.3132795753405724
89,-0.014694984109892145,-0.038387680392544005,0.3166337772178628
90,-0.01632954888292014,-0.03986285652201474,0.32298929983758806
91,-0.01651058817067673,-0.02993261664316421,0.33269968994969923
92,-0.01533089646988705,-0.01957833673628187,0.34444778757125616
93,-0.010780646235505332,-0.022735113216213687,0.357284837959995
94,-0.0021689398414153835,-0.032543900190416225,0.3722386298112471
95,0.004572905121626045,-0.03137222493317781,0.39045666547068425
96,0.004416185487345833,-0.01995308381271424,0.4114150441298794
97,-0.0006700034111459877,-0.01612075172366928,0.43268486677423557
98,-0.00609163687898745,-0.02586647367865695,0.4508532749199743
99,-0.0036023528728733115,-0.03384108688496474,0.46262720670690194
100,0.006887919158164467,-0.028774518663849634,0.4655770489164348
101,0.010712698409669014,-0.01629914934792187,0.45839870039795594
102,0.005144876888651381,-0.00850102353313148,0.4398718339123395
103,0.003153571720348941,-0.014068797178648063,0.4073366502398277
104,0.0067722817877990255,-0.024494645899596323,0.35718975681534415
105,0.009885369660703885,-0.024155716701730542,0.2900689206473901
106,0.01121527106827018,-0.012405550267802476,0.21394752559652908
107,0.010870271784860247,-0.0028432145566526096,0.13962262770051814
108,0.010352811154486302,-0.006256133032965072,0.07590763731051797
109,0.010489629517772256,-0.015733682810556836,0.02766097917767349
110,0.011959694048767896,-0.01982203645487743,-0.0051833985649656356
111,0.015292683996916974,-0.011950569270119116,-0.024469035785081472
112,0.01658786164546414,0.0019625989691743895,-0.029636339591178118
113,0.01634486518786056,0.0051594204717174685,-0.019445544622090694
114,0.01725025380168571,0.0007021285946071515,0.005403448675785794
115,0.018500568710831625,0.0035475178494190074,0.04231285396959228
116,0.020116958436096108,0.012328766053810294,0.08603967510913163
117,0.019235064923454365,0.014024156273856836,0.1299866043427031
118,0.015219140388892743,0.00500736589397513,0.1699599568915588
119,0.013599212986081743,-0.0028848644283397673,0.20498621188498156
120,0.016049981821998197,-0.0012765448704895876,0.23581519070685253
121,0.01812737911529894,0.0034933248675052264,0.2638376439211947
122,0.01665183947759903,0.0017503166924709435,0.2898615719612754
123,0.015192163970823687,-0.00658875612184362,0.3130587356962916
124,0.016339495101409904,-0.012319634651707406,0.3326781483027257
125,0.017997265879727983,-0.008025257838252559,0.34960236229555786
126,0.01778970666225127,-0.00022341773165808487,0.36435745758395566
127,0.012910866809908217,-0.0008024928055261893,0.37586281929620347
128,0.006457777482701085,-0.008572891819001754,0.38345967706285733
129,0.004634045389637069,-0.01331098460963892,0.38751588000466386
130,0.0055363532942118016,-0.008708192420957106,0.38849804512636
131,0.0047457803503971885,0.0015534917985650237,0.38797847732416035
132,0.0029243932600508393,0.004971528814024462,0.3875044175215767
133,0.0010155227194408173,-0.005389627210376252,0.38678646925374593
134,-0.001582738985053296,-0.018138750833157927,0.3857249246038339
135,-0.0029949822649298907,-0.01810444895916201,0.38612639045262775
136,0.000034994777219105044,-0.006978256820636186,0.3894403354917795
137,0.00441990815373168,0.0018386510443823556,0.3947565995978002
138,0.0033094782986718,-0.0005692158913992995,0.40015332748979904
139,-0.0011384116164417854,-0.008431452770606737,0.40416230684146215
140,-0.0021449057273282696,-0.01007608618875279,0.4063176840692948
141,-0.0013853430789884658,-0.005384359791348048,0.4075089050414411
142,-0.0018871623551080519,-0.003008412950642303,0.40871104452166107
143,-0.0015856753962841114,-0.005491662569151234,0.4097146265802021
144,-0.00006462340602837735,-0.00736589239250271,0.41060738210927505
145,0.001433298849565466,-0.005808889882262316,0.41286866479863393
146,0.0015439105193393102,-0.003365385154563222,0.41725344427000977
147,0.000801069397744894,-0.005729662340404451,0.42247704755657756
148,0.0013588189651009414,-0.014658006136905377,0.42696409030602545
149,0.004004255426654092,-0.022963141970289883,0.4296245678103745
150,0.006098146401803756,-0.02500670751785411,0.4299887324791549
151,0.004794880096027271,-0.019181132542401114,0.4289321319648265
152,0.0024298624300102753,-0.012080723249794562,0.4271527292171464
153,0.002328210102735831,-0.01699405439163401,0.42423503210827906
154,0.003941441134295627,-0.028378769081111116,0.4203583903207988
155,0.005730940948937148,-0.029034561437464967,0.41657795477021264
156,0.008072162358128646,-0.019875769019493117,0.4128029215231588
157,0.00994440448592486,-0.014312806574305031,0.40789180770371414
158,0.009531570386603794,-0.01685713734920316,0.4015220442965308
159,0.00800404587870348,-0.020133245952095744,0.3939544837145512
160,0.006722047613651895,-0.018011452154870072,0.3856667594676313
161,0.006643347284460845,-0.011496075256943017,0.37733861094116383
162,0.009116113500932662,-0.008134542140354833,0.3690431388213814
163,0.012503907669455444,-0.01468425441713786,0.3601346623437274
164,0.014459896470434525,-0.024208989749929022,0.35035094961997637
165,0.015214632135426925,-0.0250780683156216,0.34053592887356166
166,0.018212548086503036,-0.017804828213153684,0.33136081378214954
167,0.020802714329942962,-0.014782744566426101,0.3223392721652333
168,0.017830254635775034,-0.020242252997016277,0.3128084681107629
169,0.013637450599946463,-0.026725820554696758,0.3027257396922687
170,0.011921705189195206,-0.02909609194902496,0.29235871272336744
171,0.010728281492988496,-0.02396014001842689,0.2819318835012885
172,0.008897895041101105,-0.01881005642991951,0.2715034691180146
173,0.00800283405169492,-0.025974179453412516,0.26096963976226073
174,0.00655159583735921,-0.03774628732233473,0.2507973782876519
175,0.004441124572428418,-0.038033997973891405,0.24176827897780673
176,0.005071666592732206,-0.03018364043542939,0.23337106914446504
177,0.007208484082885713,-0.030272813704978536,0.2240414983111394
178,0.007953225111340348,-0.038730072115352156,0.21300849084456153
179,0.005978556474211624,-0.04217175630148079,0.20060290801533998
180,0.004874342131149553,-0.03753584425877518,0.18756080715214474
181,0.006940150685931401,-0.030355292412516166,0.17480356749429854
182,0.009858147296287666,-0.02933343765608004,0.16262568326638965
183,0.013646624784192068,-0.04063176486667333,0.15091013484644966
184,0.013339749539333028,-0.05151784821937888,0.14037215587015556
185,0.006039327139348585,-0.049651081624827745,0.1314347615417082
186,-0.0009987631740138864,-0.04054530105405142,0.12289597951939757
187,-0.004268211488346718,-0.03399795668805468,0.11348312058923743
188,-0.0071163983210236065,-0.034905144153830295,0.10347118726632876
189,-0.011424150419169513,-0.038331925875693035,0.09362503807703865
190,-0.02009192619399118,-0.03887450160019783,0.0838369071019821
191,-0.031914451452798615,-0.037251511801121684,0.07408619609604222
192,-0.03652237519111676,-0.035543102036364765,0.06436274612276846
193,-0.03411920957335282,-0.039386062830441715,0.053625424576070946
194,-0.03095178972974494,-0.04636399049662751,0.04197585302288065
195,-0.026984195071291656,-0.04629428181645479,0.03163086635405707
196,-0.02288986105428259,-0.0392960924935936,0.02408896072762823
197,-0.018012179817880038,-0.03702391957686601,0.01899838301206065
198,-0.011969996560360865,-0.04649422692709518,0.01564333434423654
199,-0.00566578283678288,-0.05828038617807696,0.013554114646318418
200,-0.0012617336996175454,-0.06264927039980875,0.012253532800907966
201,-0.002814362324112016,-0.05742518281977532,0.011309510471854287
202,-0.01088197605815136,-0.0499770886143896,0.009941169091917113
203,-0.023152556871302403,-0.05278742056854574,0.007363576716661817
204,-0.03434971237921765,-0.059461830936838905,0.00419881151578106
205,-0.03784164339950234,-0.055975414336156354,0.0014614538334995278
206,-0.03692735915460932,-0.045445024989002075,-0.0013645931592979471
207,-0.03711626539859819,-0.04012184105743967,-0.005124869162219554
208,-0.033231424192229686,-0.04319858344477045,-0.009489586023546652
209,-0.026848530499967105,-0.04518392414737863,-0.013518924998920323
210,-0.025958056869705773,-0.0375043094462961,-0.016008792688532267
211,-0.027117269094086953,-0.023537223855954775,-0.016273019060151814
212,-0.024519834736047196,-0.01598833403514044,-0.01550443221696602
213,-0.01999387755251513,-0.021966259090288515,-0.015614402289412403
214,-0.019120441778054643,-0.029804259982494613,-0.016814773519987218
215,-0.0230859480129688,-0.02745767708751618,-0.017937543928258685
216,-0.028058113791515668,-0.020196171487960768,-0.01886186777860549
217,-0.03256067094451738,-0.0177950594559646,-0.02043455608984166
218,-0.03617355046613205,-0.020067507931532322,-0.02249990652656858
219,-0.036242310697710944,-0.019785099719571278,-0.024057566685982246
220,-0.032707484004733375,-0.015335471851391363,-0.024658360383563407
221,-0.03046803324512881,-0.00950099741597274,-0.024444166675337164
222,-0.030999484064556992,-0.007474524877085775,-0.023492802719827302
223,-0.030819794685810795,-0.015712907862787423,-0.022730386067326774
224,-0.03097873565160885,-0.027822865820662367,-0.023480480726691573
225,-0.03193329615491648,-0.029774064064254882,-0.024347598588975186
226,-0.029434028410796197,-0.02162575220298716,-0.02350282426958105
227,-0.023995550495251025,-0.01803078351562816,-0.022158096405980376
228,-0.021268199926022677,-0.02396997722506425,-0.02103483323324829
229,-0.023858373711970277,-0.030189773384368165,-0.019358040683892942
230,-0.027669768821069016,-0.030686531754406873,-0.01708609421424835
231,-0.028000797773533176,-0.024313867900116637,-0.01428263812988672
232,-0.024446489479421442,-0.01731658730835567,-0.011422563489879842
233,-0.02003387909201241,-0.018111169781413555,-0.009502371276313086
234,-0.019433568081965606,-0.02243682278479596,-0.00821609051493224
235,-0.02314344990819832,-0.021800119091721942,-0.006753392301128959
236,-0.027410055579401488,-0.016955248661588138,-0.0055708002988946025
237,-0.029495307848011153,-0.01496681612643408,-0.005383122569703626
238,-0.028654532079799178,-0.017225427830725518,-0.006233181944954574
239,-0.02566771838046779,-0.01802966539719876,-0.00792138575850554
240,-0.021819982770360485,-0.01383295745397349,-0.009734878655879534
241,-0.01846234930339892,-0.00521531125168298,-0.010218127829777282
242,-0.018544281060536613,-0.00018678256315896036,-0.008838411886005246
243,-0.023301816713519045,-0.005652328901586928,-0.00649877773972872
244,-0.02725144844347352,-0.012861872200608498,-0.0038016948119383442
245,-0.02531251001831093,-0.011997479785555473,-0.001006442133881038
246,-0.018812024364535884,-0.0074387070573450065,0.0012476399118981681
247,-0.012044255678923504,-0.008478306110985934,0.0025259342203773176
248,-0.009942539887622073,-0.014153714279873247,0.002601894901633088
249,-0.012218132385192176,-0.016756720533319197,0.0008935838227191045
250,-0.012976843518482772,-0.013407593537593104,-0.002890463160609244
251,-0.012167595915383585,-0.005634324717983669,-0.007409216161883645
252,-0.015161351094463475,0.00003106202901762001,-0.010681455724012068
253,-0.023219101380645677,-0.0019154458484424708,-0.012302990409180429
254,-0.030893411229871902,-0.005457234807243777,-0.01275052035243164
255,-0.030115818853213665,-0.0026085851763702067,-0.0123847664980921
0,-0.022551353262547688,0.0047006471430191266,-0.011550361500384063
1,-0.018079242984001556,0.006780209004397131,-0.010269254588353954
2,-0.016932552349728736,-0.0010502879319058134,-0.008591060405923012
3,-0.016534926877692868,-0.010298930767210751,-0.0071713233707476655
4,-0.019023214470994212,-0.011615909714175157,-0.006391259646093866
5,-0.022003976703626686,-0.005364215044788234,-0.005564109996867583
6,-0.023296458879395153,-0.00029637246409755513,-0.004841443942433181
7,-0.021866451168983322,-0.00287679015957526,-0.005334339841640435
8,-0.018450989431634042,-0.0070061938544277585,-0.006923106174223662
9,-0.018158496442499082,-0.004283310751162478,-0.008632070074068306
10,-0.02398198758588456,0.003475246228553691,-0.009963868290519269
11,-0.03313624074853688,0.0063938504506786675,-0.010954075142321676
12,-0.04061054833944153,-0.00032915527441138015,-0.011679164027995792
13,-0.0462705193263063,-0.007084983246988141,-0.01171158949021487
14,-0.04843488558184514,-0.004163194687425986,-0.010343752510337586
15,-0.04362058379519203,0.004925563786113807,-0.00731911574946735
16,-0.03680420309873887,0.008336324604449719,-0.0031812765149007204
17,-0.032412864533978916,0.0006533829159272031,0.0011574645099300222
18,-0.029946707964468328,-0.007456123702839226,0.00552268967681592
19,-0.029024875675679573,-0.005566439018074076,0.009579676280889782
20,-0.028256469050682062,0.003104033879923418,0.012333850141054165
21,-0.026144633446653312,0.007222830687394183,0.013638091039613234
22,-0.023521551316182665,0.002496539419946958,0.014032951457977644
23,-0.022607869918668158,-0.0007765906832823133,0.013741282134491842
24,-0.02163276920682486,0.004555797191327385,0.013100146472769053
25,-0.020409932771207395,0.01213635079332212,0.012865132600221207
26,-0.02168865886390032,0.010914806710126956,0.01263399472410666
27,-0.022288408598376656,-0.001685838948674745,0.011244585757487944
28,-0.02042581591131034,-0.01372224029147448,0.009233396958547965
29,-0.020451385848790672,-0.011896697823951946,0.008181156730279467
30,-0.023492223570513934,0.0011030435969841546,0.008295238764240976
31,-0.026537995369967003,0.008271319109018627,0.00867707066620707
32,-0.029177530434239388,0.0012245548972194126,0.008722966260019373
33,-0.030045772046585678,-0.009648534280575077,0.008257885928024171
34,-0.025846330307682533,-0.012589666462567956,0.007350357120057424
35,-0.01633344291030464,-0.0037456531580565278,0.006286441518798459
36,-0.002948760757848154,0.009421695200905633,0.005284648632635516
37,0.008028248637188179,0.012138784156940391,0.004042795620690126
38,0.007411343463021261,0.004577161631822008,0.002835286931632902
39,-0.006872508348837618,-0.001355378741130453,0.0024739260186361703
40,-0.024302455630134792,-0.0027851668979280153,0.002566961615886265
41,-0.03246049604531054,-0.0050297480384636495,0.002064287285886028
42,-0.03168510246774242,-0.008963061270832323,0.00039751287597428187
43,-0.030640462237500228,-0.010889307302525159,-0.002763371649115276
44,-0.03560371008568042,-0.009711086110356482,-0.00755362917742184
45,-0.042472882460328265,-0.007863131605243906,-0.013187765021612688
46,-0.04746565926359403,-0.011996595669583693,-0.01822546695155875
47,-0.054438353161433695,-0.024653290888092566,-0.02195197826724129
48,-0.06246111728515495,-0.033750742812878765,-0.02424178229281422
49,-0.0682333656980907,-0.02794474059231805,-0.02498369928421862
50,-0.07041293218339151,-0.016167422288255073,-0.024842283304818635
51,-0.06953401081447291,-0.0147000689196162,-0.024862107114810253
52,-0.0697962762092308,-0.025317089591249953,-0.025250492238726024
53,-0.07339238363372708,-0.036856135323213704,-0.02567673953890464
54,-0.077211445495251,-0.04047529139825515,-0.026223019708743897
55,-0.08068423259553442,-0.036547945346696475,-0.027515512786585962
56,-0.08564998406135194,-0.034644037728553234,-0.030365362680073
57,-0.08777385126735837,-0.041337488202155104,-0.034832365322633944
58,-0.08441189792842044,-0.04928765518207476,-0.03958602521858062
59,-0.0786177272940862,-0.04970412906290975,-0.04259886723102663
60,-0.07255914470041122,-0.04275227840160872,-0.04267205540624999
61,-0.07022553982563276,-0.038621896560760836,-0.04023423982631483
62,-0.07484350948433338,-0.043337672204144216,-0.03612059058179776
63,-0.08382031698953002,-0.05069609145370675,-0.031001987626531807
64,-0.09007558544819144,-0.053523964077899416,-0.025785923514508292
65,-0.08924025616816328,-0.04845525901974057,-0.02067557287630021
66,-0.08467019662694153,-0.04279642010930357,-0.01584526649602441
67,-0.08049802570631737,-0.04475680241214128,-0.0126936846652944
68,-0.07740697075038311,-0.04808398976964079,-0.011847499669049955
69,-0.07425624779413056,-0.043770591672717934,-0.012215737217391553
70,-0.06982680383961307,-0.03355622437932291,-0.01259459661205653
71,-0.06546595571634191,-0.028442736906842826,-0.012582129965734878
72,-0.06410139520373842,-0.03285590967961776,-0.012289943391764827
73,-0.0640856130010405,-0.03656193340639006,-0.011724441089448125
74,-0.06311278634757433,-0.034018228338487944,-0.010456414074628356
75,-0.060852834378781834,-0.028669624354833195,-0.008196546967404978
76,-0.05760289466302343,-0.025829298363557268,-0.00542789701444326
77,-0.05656731091150796,-0.030905237322515405,-0.0032741149001286572
78,-0.058470245091563816,-0.03663347611740013,-0.0023220235034665734
79,-0.0603431061564762,-0.03287091965525666,-0.0016369047344357672
80,-0.05869621126196119,-0.024535176112814777,-0.0002993292702336142
81,-0.05449998006327915,-0.024024630931188708,0.001259708447978132
82,-0.05264625138984726,-0.030348472465046683,0.002206747076954632
83,-0.05430106740451099,-0.030395765976781446,0.0023173302845100607
84,-0.057909643065628236,-0.022246403562573486,0.001807652684550954
85,-0.06102272863475788,-0.013729495984985962,0.0009559750286869395
86,-0.06113790459192395,-0.012679252831422655,-0.00031745590355979764
87,-0.0571818418849285,-0.020897423112177432,-0.0022711358917964775
88,-0.05206972175483715,-0.025706524537899178,-0.004286761759652466
89,-0.04836536206104933,-0.018705903201162596,-0.005508812200766142
90,-0.04413450912604189,-0.008564578019678817,-0.005435130794150721
91,-0.0415288540718062,-0.005928324226780593,-0.003354425964765685
92,-0.042521269554849674,-0.011719290422029932,0.0009236076892006062
93,-0.0428818651732222,-0.015918225192371876,0.006913720740297162
94,-0.04109332664897362,-0.013702904112445596,0.014021219774423936
95,-0.03967889677464906,-0.00867411303198265,0.0214704657398476
96,-0.040447001586646936,-0.0027382684283906167,0.028494603607282787
97,-0.041877238200201033,0.0002444988123132541,0.03435902965760662
98,-0.04145952966977565,0.0008529911802122869,0.038831149515302005
99,-0.040714288689392114,0.006069930168893248,0.04260967390944895
100,-0.03895244855650655,0.014424254164362701,0.04584336375879766
101,-0.03346512827643354,0.01559911907620809,0.047825489608934915
102,-0.028906750839294587,0.008663627257981393,0.049206046158816935
103,-0.02903033110933182,0.005098665242121603,0.05198782902372258
104,-0.029988674637109747,0.009831457015563816,0.05700130069549497
105,-0.02797974716179176,0.015460599953806699,0.06367067080840616
106,-0.024169682006616622,0.013548281222360015,0.07209077561261537
107,-0.021577919371217863,0.0033373797860916793,0.08213895562003448
108,-0.020284011582874073,-0.0059323175944759055,0.09259570132767256
109,-0.020220911016353205,-0.0073775464857981365,0.10285784947100968
110,-0.02073531156619992,-0.0067178714412886725,0.11206598729718231
111,-0.01962688678621762,-0.009789618617813467,0.11926827648163352
112,-0.01823724814375928,-0.014440036856324126,0.12463948948813025
113,-0.018447187717755612,-0.015193920647353101,0.12887463526905063
114,-0.018554161107282224,-0.008693254655329344,0.13281367603647776
115,-0.018222215550381664,0.001616136658574019,0.1368832670172203
116,-0.017711896910547503,0.00468719997043579,0.14135991103209483
117,-0.01672338170922119,-0.003480962081686023,0.14665408126635354
118,-0.015754648244833136,-0.00824620399775984,0.15279530598815266
119,-0.014126198250615146,-0.00008248287635394258,0.15893069051215203
120,-0.012154062339166986,0.010017963714579303,0.16393704576382684
121,-0.008339632127600007,0.009945301084392733,0.16757946739039636
122,-0.0026119117322835964,0.0016817711200487195,0.16980194129696274
123,-0.0010294845498214217,-0.004998967389559461,0.17024460608188813
124,-0.004233732980772308,-0.006107264760568137,0.16966270567426345
125,-0.005403408594013507,-0.00039394364921446767,0.1697021249981997
126,0.00020954386650584578,0.006687033874760467,0.17058705629119553
127,0.005424994880839126,0.0043364886051454055,0.1710637959171138
128,0.003808636433406287,-0.0005828676285742074,0.1707896369940708
129,0.004870881111257344,0.0043262732242972946,0.1703553861663935
130,0.01182935729654453,0.01478899042363846,0.16927978685208622
131,0.018085405480125175,0.0179566267444842,0.1666170851140018
132,0.024152512578699326,0.010188998676567779,0.16248710539710187
133,0.02891723306932327,0.00022862841981191595,0.15760523190182085
134,0.02407468433967476,-0.0021170372391212944,0.15250193223268194
135,0.010205571776649588,0.003918369866387869,0.1474522979658089
136,-0.0024766130369211076,0.0058688768278208625,0.14197289561354293
137,-0.006004835742844668,-0.003520674982138927,0.135406105448805
138,-0.0017411690959214382,-0.010054182801266506,0.1284716936795231
139,-0.0010099561670060403,-0.0031796022851680594,0.12214335481239419
140,-0.007465163704185443,0.006836010867565481,0.11582775557404745
141,-0.012857434280148225,0.007855874085075848,0.10869964943302801
142,-0.014013306993695351,0.0013339916263165608,0.10190101696599974
143,-0.013386120136898272,-0.0034882727030610405,0.09672406572455478
144,-0.010916537011955656,-0.0015705645584357247,0.09237680373613438
145,-0.005920184324770053,0.0036811533865009002,0.0872489860329212
146,-0.0006506104996932133,0.0026737252321153426,0.0799959995558476
147,0.0004446439551533052,-0.006144387976117827,0.07024421727827598
148,-0.0034268591922796132,-0.010454542487982346,0.05925129848576055
149,-0.007055471649339909,-0.003337111959249933,0.04830639603550935
150,-0.0048224686343095735,0.00608092143502828,0.037209801358362854
151,0.0003806349672235351,0.006640266224499133,0.02558224243729451
152,0.0009990376747206695,0.0000036631236738776662,0.0134444855217936
153,-0.0015650510997173989,-0.006069028306568192,0.0005651332058395075
154,-0.0028420440597202792,-0.007733127461675635,-0.012724586130915143
155,-0.0023317165610919344,-0.0034354060015301807,-0.02536742963677565
156,-0.000055575793526052575,-0.0003886045369732305,-0.037368542950572306
157,0.0005368552280717934,-0.007491698470841579,-0.04973997307576847
158,-0.0014858092106748953,-0.017514076319982308,-0.06237767727332719
159,-0.0009488985602787575,-0.017169931687468165,-0.07421701703091829
160,0.0010420821601596492,-0.010009045724889823,-0.08484300174408624
161,0.00004327464832084432,-0.009146412652269773,-0.0949667710166697
162,-0.0021720786030762634,-0.015096635925340732,-0.10509210934353064
163,-0.0012563845322221753,-0.019025994356508168,-0.11447802153228953
164,0.0031089362863775047,-0.016033629417162715,-0.12248916781369901
165,0.003950398896383163,-0.011580533970120349,-0.1291595989962736
166,0.00033030098960087906,-0.012911274385064425,-0.13492169768834517
167,-0.0018610103315402568,-0.02023298723678338,-0.14105067547064243
168,-0.003827559493357117,-0.025916623234060104,-0.14778561076326124
169,-0.006169276219492106,-0.022056912438052488,-0.15388667550558582
170,-0.0075792892235036075,-0.014544330207027042,-0.15912373612782066
171,-0.011275887710437672,-0.01427735292477924,-0.16434937788676818
172,-0.01588985849737812,-0.020268906941863632,-0.17013555853270468
173,-0.0159290678747754,-0.023989510189139314,-0.17600292815101387
174,-0.011814284615604395,-0.022686385207232637,-0.18113103393740648
175,-0.009479879711498898,-0.01885639737087505,-0.18567887052533344
176,-0.012544059791515285,-0.018152420935876795,-0.1910442015870107
177,-0.016532755126260668,-0.026127002329670745,-0.19797033617204973
178,-0.015874291521287026,-0.034276386691934696,-0.20447297197173397
179,-0.012676815448972055,-0.031242611782880528,-0.20852949924780884
180,-0.013311378055192322,-0.025206939086161815,-0.21072952949588408
181,-0.016147449605416225,-0.029075148565375176,-0.21300354570981017
182,-0.015394446742989641,-0.038636824907556856,-0.21621804688397595
183,-0.011297299416578876,-0.04146624366967143,-0.21938584192763022
184,-0.0032391884487630914,-0.032226541943996614,-0.22132990408500897
185,0.008299542861656892,-0.01843855251139538,-0.2218417727095825
186,0.0138681615079022,-0.01345849163094387,-0.2220648659731136
187,0.0057204249653472,-0.008338206509477947,-0.22225906477259239
188,-0.008297498490923129,0.005460703743510376,-0.22142814970615055
189,-0.016831960587626385,0.0015282870292857298,-0.22079674175552444
190,-0.018856218050569293,-0.03214716040282797,-0.22261621315360214
191,-0.01957010101346017,-0.07077576506036987,-0.22673516665093596
192,-0.02205890626318205,-0.08780885471090233,-0.23133122938463013
193,-0.0252244208023161,-0.07670759862468182,-0.2350232708741289
194,-0.028414519842726804,-0.04900795609569353,-0.23671498988434347
195,-0.030394290276540503,-0.019889483147119136,-0.2360747872721739
196,-0.02931121580969434,-0.00036501517228604285,-0.23394174942318624
197,-0.02774670263538548,0.005626533932692024,-0.23037974952809415
198,-0.030100183029514907,-0.00018986337060514225,-0.22502894641770854
199,-0.034201934053646674,-0.014889247037855324,-0.21912413154998212
200,-0.03623711360629352,-0.036879236612109345,-0.21460266604349865
201,-0.03616733979412939,-0.05761160317847802,-0.21129951927738688
202,-0.03633906311041446,-0.06431203863646173,-0.20697147257727572
203,-0.038583416999370596,-0.05463074869960005,-0.19991056056277462
204,-0.0388502335348479,-0.03252808891402764,-0.19001032159502534
205,-0.036790552286919825,-0.009457699227454985,-0.17788534008538864
206,-0.036496661671963915,-0.0005500013051321639,-0.163178316315449
207,-0.036133893129358274,-0.0019997556984512332,-0.14443573064294102
208,-0.031776279951186294,-0.0016295116493849626,-0.12052311224075207
209,-0.025170900319276688,-0.0043189664891428725,-0.09377250007441634
210,-0.02302061510519132,-0.016987294454021917,-0.06955633713032883
211,-0.02450940700757668,-0.030997575643885833,-0.051028419874847714
212,-0.024380452293883713,-0.036534140866359865,-0.03942862652302226
213,-0.02429329938642459,-0.03139517734726116,-0.036626520275315017
214,-0.026829336471673695,-0.01842363235200717,-0.04357344181836455
215,-0.027762390799227224,-0.006498950521537372,-0.06160429050391475
216,-0.023016654277862342,-0.0020387528029415236,-0.0959926213237888
217,-0.015216745160293144,-0.00289259784481255,-0.14983866863778683
218,-0.009139967404666695,-0.004541100975015255,-0.21628922154335117
219,-0.005634965463933626,-0.0043069165657831365,-0.2832996500138455
220,-0.0035087413368367695,-0.007031920909901346,-0.3426178556669559
221,-0.005244574599317715,-0.01650939206344848,-0.3914470394524461
222,-0.009381698778759426,-0.022387005563145324,-0.4291998696326942
223,-0.01033071577969373,-0.018230291518928077,-0.4549619203083084
224,-0.008495198045913293,-0.01062865369488969,-0.4653713957530565
225,-0.0075468222309757055,-0.006708374327232924,-0.45758212871145854
226,-0.0089834692109063,-0.01015851493851927,-0.43292766536282734
227,-0.01062701278763463,-0.014589783718215177,-0.39424431575752883
228,-0.010037712973894546,-0.010018152777222733,-0.3458298984782775
229,-0.010634642120326547,-0.0011796822224160453,-0.2942095904638634
230,-0.014286347085129016,0.0008935448029373516,-0.2446034257668429
231,-0.01605122062449669,-0.0035694244778567974,-0.19943760079579942
232,-0.01367621404422446,-0.005180459407846394,-0.15931268154086475
233,-0.011537804780660299,0.0008973446893282278,-0.12428109777168844
234,-0.01155896522949447,0.011096649893823696,-0.0943544848792447
235,-0.01086763970911607,0.014453923001584212,-0.06931295679825622
236,-0.01064391687737358,0.004534065200443083,-0.04910964046944022
237,-0.011291765649787858,-0.00557150350084501,-0.03264786306868256
238,-0.008630571158952875,-0.004813588308557937,-0.017842391387397794
239,-0.0031670939581905366,0.0007378913088879613,-0.004150458594578799
240,-0.0022897505487105008,0.0027181983865093295,0.007904155278938396
241,-0.007727764257578269,0.00045326461405326146,0.018327150506601025
242,-0.011192616104958697,0.00018211487712616048,0.02731529291691534
243,-0.009407187009971757,0.003579968441409842,0.03539264659796895
244,-0.006765365238383024,0.006592481589807964,0.043486324646946156
245,-0.006709657084627105,0.0061687911452775746,0.05145894533067774
246,-0.007815660062249818,0.0010577115854684127,0.0583158035607451
247,-0.007769245418484699,-0.004237626118459237,0.06418270583718355
248,-0.004767021544889505,-0.0028170731144318006,0.06978827277266662
249,0.002409022222406923,0.005715397225435681,0.07509183682407361
250,0.005875393068005309,0.011421257108263916,0.07973352423132435
251,0.00007504309964397049,0.008540079868598172,0.08363925499124003
252,-0.006795610295585772,0.005972453347090845,0.08731748680944246
253,-0.005985842306602568,0.00923593754011387,0.09157078798958063
254,0.00054885772184389,0.01255840567096772,0.0967006645699004
255,0.005767239722927808,0.007174941511823296,0.10237749694451254
0,0.003819863651733063,-0.006858705265853859,0.10751562607444828
1,-0.006737917438091864,-0.01597192502401834,0.1113892942515809
2,-0.017327844798629866,-0.010615185508213165,0.11442687724449682
3,-0.02250067310495668,0.005083689463185825,0.11679268870991666
4,-0.024587562319020165,0.017888865487247885,0.1184358432141896
5,-0.023378794102597376,0.01952984256314505,0.12018769880864588
6,-0.02144135941899649,0.018113873292689542,0.1228658165104673
7,-0.020968819285171206,0.020889678934862377,0.12585054656371664
8,-0.019364087340580746,0.023341636344271333,0.12843206003214586
9,-0.01854625070765903,0.017200744317392047,0.13028602613082385
10,-0.021104813522501736,0.0011387046865128925,0.13058577421899342
11,-0.02330134723925137,-0.012119305795537438,0.1297195516834384
12,-0.021833870899154603,-0.00990930653398725,0.1292201262896887
13,-0.01875846179417777,0.0017937888093654264,0.12964078251375594
14,-0.01752683428734695,0.008263368004145843,0.1311837185019757
15,-0.01674198398869399,0.007450766138720422,0.13377331669453757
16,-0.014310013731374978,0.005783817515242151,0.13628303778577766
17,-0.013622220932386783,0.005221368918467473,0.13828878876802692
18,-0.015509791464183242,0.0056574654566786675,0.14096977041501507
19,-0.01805307145114625,0.0024399257726054335,0.14515761196718874
20,-0.021257804697730212,-0.011975179073532849,0.1496184799541756
21,-0.022876787754484124,-0.026994845126778966,0.1532990501009639
22,-0.02109770394226777,-0.024053420962656058,0.15685538677996552
23,-0.01658261340219702,-0.00785916649315932,0.1601157904099902
24,-0.010090239230982463,0.004345862626774166,0.16197528674431472
25,-0.005893486808542516,0.008974857497410671,0.16217827854301564
26,-0.00639800825668428,0.013452937295432843,0.16132904921874602
27,-0.007418047839903293,0.0194304007573175,0.16021777520917474
28,-0.007096927894883948,0.023592866236263332,0.15898120766929597
29,-0.0058068486308729406,0.0196334113294257,0.15741551444563534
30,-0.0021784372064036772,0.004978147741750649,0.15502098078041776
31,0.00199255990629775,-0.008966333713816388,0.15166074612777758
32,0.003074396305693207,-0.011417090875760094,0.14867490582184906
33,0.002225917430259537,-0.004479539046178316,0.14731474874660055
34,0.0011878174254302196,0.0005844231506253461,0.14804943358769967
35,-0.0016766391486300464,-0.0023974982625395436,0.1504982838191975
36,-0.005250217439103644,-0.00812617505734442,0.15296048232913317
37,-0.006305422576187686,-0.008387486379755615,0.15468645006635917
38,-0.005845628552696675,-0.004129051437343656,0.15666726826101135
39,-0.00523463977486005,-0.00711837900991974,0.15831565870405423
40,-0.0043826108113655254,-0.02120554493781379,0.15812132446879007
41,-0.006943753722183338,-0.0309955116723446,0.15700173410029367
42,-0.013638898302977352,-0.02423933029847347,0.15700839724727
43,-0.018112790365028844,-0.010122722140193163,0.1583020596590456
44,-0.01870947558823308,-0.0017749972800175096,0.15918335970813197
45,-0.02016149164320214,-0.0013406664979036531,0.1589928880270392
46,-0.021471653050313705,-0.0043717251364886744,0.15816205036137998
47,-0.02063861677985266,-0.008810769677716157,0.1566290228573028
48,-0.02049515985860051,-0.013417013018651891,0.15494116945013614
49,-0.01921951619726775,-0.01751171039657512,0.15392919490598495
50,-0.018137238228518787,-0.02130984170090089,0.15321609337215109
51,-0.018852271687430214,-0.01942682247208788,0.15269055557153127
52,-0.014009413194446589,-0.008637718534427796,0.1531848319340557
53,-0.004355422208868608,0.0040782089201112925,0.1540576211384473
54,0.002872231685277747,0.009015896335742513,0.1541974216059715
55,0.00389712179922265,0.005230269850388325,0.15413063060964888
56,-0.0022808776489863514,-0.0010157736158281638,0.15426631337552965
57,-0.009750106738987137,-0.004548970286700177,0.15513898389724273
58,-0.011575883791887474,-0.005536788693177586,0.15814847686092232
59,-0.009365768811224723,-0.009795968201160798,0.16295185477778423
60,-0.011267718247636116,-0.020613665988112317,0.16765483881650722
61,-0.01956721605450984,-0.030320479935876388,0.1714984778201888
62,-0.025627180407627417,-0.029839666817614866,0.17493186842497288
63,-0.02396059532499159,-0.020621922317065278,0.17781974272918233
64,-0.020315847250406194,-0.014004989185694844,0.1796779461796995
65,-0.019261401542563075,-0.01775514243633175,0.18103676701630944
66,-0.0179990966306008,-0.022435277355767114,0.18244096361165107
67,-0.013800002230539513,-0.019801571032532883,0.18362792310946163
68,-0.008306329431935607,-0.015729575403093804,0.18456793734789356
69,-0.006277484600351581,-0.016719943331809095,0.1854901850627131
70,-0.009065139450290124,-0.02356754524882171,0.1864411780597161
71,-0.013415509586097378,-0.030254111263259054,0.18782245123926217
72,-0.014831507261836172,-0.027476221921438754,0.18987149319431906
73,-0.01137620948819429,-0.017875054287080444,0.19253243083599886
74,-0.004743081789817798,-0.013121906848474973,0.19548277391769014
75,-0.00012630479458714504,-0.014219676280819243,0.19782257702742811
76,-0.0020648778225919977,-0.015318152705267485,0.19877874200923917
77,-0.007124655617147771,-0.013110915013154145,0.19829642473048226
78,-0.010055522818713868,-0.008507390513832494,0.19681759843770386
79,-0.00953647569985697,-0.009165223949722384,0.19483208078048553
80,-0.009081279080229083,-0.018911685343999618,0.1930048072678261
81,-0.009992557044004313,-0.026823446857944605,0.19176418805613693
82,-0.010990124134241316,-0.022433350620339895,0.1911513725327355
83,-0.013593604108038858,-0.01371437069178938,0.19110455677304927
84,-0.015408188306276577,-0.01007145902643583,0.1914083989534654
85,-0.01539058673593443,-0.008689345920382952,0.19185394653386822
86,-0.01596376739182965,-0.007178630017135396,0.19224669964487928
87,-0.014358051696095199,-0.004346573020354627,0.19290713725876918
88,-0.009453816410548613,0.0004352022480016704,0.19449329272929672
89,-0.006696585414849743,-0.0011653713516338038,0.19655179230887487
90,-0.008544473995546076,-0.014098155043006072,0.1980139208619996
91,-0.012243295869396396,-0.024654086956950413,0.19867798018952337
92,-0.01351233682763525,-0.02063363592505766,0.19871503123773704
93,-0.008709456490056222,-0.010019285978378034,0.1981188536972866
94,-0.00019364693029600213,-0.006337925551845522,0.19684880776609964
95,0.004660712108899127,-0.009799264748201461,0.19507938691813576
96,0.002373788199223126,-0.009616256504681772,0.19309227400308981
97,-0.0011772583635787873,-0.0030600116632421154,0.1911726165569353
98,0.00019009010491013653,0.002642815027196571,0.18991294619129107
99,0.004451186404292123,-0.00045810785616356986,0.18883289015129356
100,0.007746055255209668,-0.010405731012079603,0.18675131031190756
101,0.007808437251431273,-0.013409882377870067,0.1844142822906405
102,0.005393858664430557,-0.00604138610532616,0.18325512783912778
103,0.003691262805211367,0.0006523833472612539,0.18342864475541854
104,0.004150505492123686,-0.0006788368748442131,0.1842068807057869
105,0.008024727324552701,-0.00597574954912887,0.18448858154425318
106,0.01164324820257898,-0.010487108573266082,0.18416628467177765
107,0.005808659004488058,-0.012465295649529279,0.18436681360420293
108,-0.0052309804619888566,-0.00819875024505956,0.18551281231306238
109,-0.007879415191499414,-0.003249701483511863,0.18671652439097342
110,-0.0031946325772480577,-0.007467759545749575,0.18679109426527213
111,-0.0009581184517880037,-0.014986501540599634,0.18568214347229278
112,-0.001640608988438385,-0.01488173230834082,0.18457890480298167
113,-0.0006330489074735934,-0.010641888047696446,0.18423459941991877
114,0.0016961350006368739,-0.012679113684049725,0.18482665716703756
115,0.004096344482709152,-0.019085987840069624,0.18619219640696139
116,0.00558994607828785,-0.02058019328006168,0.1877403850296141
117,0.0066953690613944,-0.016100737679952216,0.1894510054001437
118,0.010204355213201843,-0.009884633465354412,0.1917416106278249
119,0.013494492986884404,-0.009081205187246644,0.1940492015897196
120,0.01139192102385922,-0.017373039750955055,0.19516377122723155
121,0.004251434536509162,-0.024130308891746236,0.1953009015546467
122,-0.0025350386449873794,-0.01910854468192351,0.1956883940435848
123,-0.007225429193875303,-0.010509666286675816,0.19675603086509558
124,-0.011441048956267713,-0.011248784049459865,0.1979805614778266
125,-0.010049762434071297,-0.01808224571672843,0.19864432162562584
126,0.001024168972634673,-0.016899923414415104,0.19908024063066398
127,0.010541769270964674,-0.0059815305356806445,0.2006002019204236
128,0.0036251118964559376,0.002602708777953641,0.20395907114678047
129,-0.012926032465436887,0.0010984232439239239,0.20738711416393463
130,-0.019284989761336968,-0.007034689229526464,0.20853159153228729
131,-0.012534016100270842,-0.010896031143549312,0.20869869063018398
132,-0.0009082664943527718,-0.005361003273724477,0.20998536380320088
133,0.008104697995899343,0.0033033879545428663,0.21261665989251344
134,0.00846872785297173,0.007448446380243584,0.21687210131831514
135,0.00450310942146652,0.006159402660437338,0.22251084436563207
136,0.003429966224343689,0.005096005578296918,0.22858034852096798
137,0.004299905168090534,0.009620619306405107,0.23440617512250994
138,0.002491423378851637,0.017087773630946435,0.23912965800552277
139,-0.003391487501267651,0.01872286094011047,0.24156281538883972
140,-0.010137013023134939,0.009763195892747122,0.24099967933899802
141,-0.014481421872110156,-0.001356522949355482,0.23747216894414513
142,-0.015640292436816,-0.002077661347599097,0.2313500305996129
143,-0.015025185793286322,0.0033367895876272174,0.22352404140226467
144,-0.013978138004738544,0.004665221379474352,0.21515158060371353
145,-0.013339454231792114,0.0030301613308846426,0.2061331778087393
146,-0.014442492151687691,0.0028560974730460903,0.1956239128788918
147,-0.014573998371753383,0.007280238093186217,0.1841970228666598
148,-0.00790944473732777,0.0144624436731038,0.17352566736127828
149,0.003087273398676635,0.01624113700259329,0.1644508114454376
150,0.008284802788845858,0.011571155373693326,0.1571821706236095
151,0.008108380083045097,0.010274164494019314,0.1522622661567774
152,0.010319746422034926,0.017283045544024628,0.1498071408703996
153,0.01566686732469323,0.02290021051687499,0.14951189774770896
154,0.02031994785238607,0.017880618332346776,0.15096402381726498
155,0.02192787102268333,0.009975887855819321,0.15358429752927194
156,0.020653176307402148,0.01140294738087487,0.15658363742371928
157,0.016738354160858032,0.02054126816519168,0.15915725654916324
158,0.00981080280609603,0.025557739149778852,0.16077369459877044
159,0.00038204907426850343,0.018499700347952577,0.16095946938217676
160,-0.005994241830093117,0.005132712356162958,0.16001097932558106
161,-0.00591793785050071,-0.0016484289288479503,0.1590095101330522
162,-0.003929827726786406,0.0034212872696356977,0.15821067565995223
163,-0.0007061151121900838,0.013121341574846124,0.15704534020749883
164,0.0009964510074542687,0.013519341422530584,0.15555720736733497
165,-0.00632545844889193,0.0028183434435039983,0.15398541580496716
166,-0.01790660817497472,-0.009349415499529432,0.15229966022294678
167,-0.026834117834319188,-0.01622972979932609,0.15084801588662855
168,-0.03204439746245999,-0.01383501371060658,0.1498886949129704
169,-0.03161772669356433,-0.010166578293188455,0.14863323449207494
170,-0.026930243463339304,-0.014546039262955904,0.1459913833305761
171,-0.022965923230086213,-0.01948621186313846,0.14256054062194773
172,-0.024852754628271467,-0.0176558751880945,0.1394876923112826
173,-0.02895058594390465,-0.013778302045735373,0.13660715076803043
174,-0.028148685793881217,-0.015416174544735692,0.13382127904955515
175,-0.02823961086810073,-0.021891448379993413,0.13129888918238392
176,-0.03467997952680206,-0.02748207104092104,0.12863350558367526
177,-0.04304961509223093,-0.031543011635958296,0.1259575551770633
178,-0.050085022278702776,-0.03575042922384902,0.12382320356067361
179,-0.05053303104818545,-0.040953887882219125,0.12114670440450942
180,-0.03980435494090992,-0.046581930485773054,0.11671803478335613
181,-0.027386835074848362,-0.047295275215309254,0.11134357687970053
182,-0.027578239524931047,-0.042409722362921926,0.10563418685352416
183,-0.04154219954103083,-0.04053700964574879,0.0988785904356061
184,-0.05739114711885401,-0.04574004301104642,0.09081928219279273
185,-0.06382197677812146,-0.053072222561296026,0.08215523727732019
186,-0.06475216394341557,-0.05745967408482734,0.07342391065811751
187,-0.07122308814405955,-0.056492525977266034,0.06537721035027161
188,-0.07865097649989695,-0.04968693901894128,0.059096988709166826
189,-0.07470183166053485,-0.04409707395659082,0.05417659706252437
190,-0.06205568090534502,-0.047472162909268784,0.04938093655129991
191,-0.05459533924528265,-0.05309385740027628,0.04454683361096001
192,-0.06018659572793611,-0.05059526134861092,0.039741251579823667
193,-0.07328617032721435,-0.046443830584647586,0.03451672436333873
194,-0.08199978125082316,-0.051020156538631484,0.028571634667627466
195,-0.07960634342439318,-0.059595710860734424,0.02188133172915052
196,-0.0715215830260556,-0.064660694878052,0.014804795591723693
197,-0.06552755365463747,-0.0625229798504224,0.007618657806813256
198,-0.058105563677156136,-0.052226430578676875,0.0004213733504038891
199,-0.047485723801163615,-0.042642046419900825,-0.006623424250347988
200,-0.04096420299087053,-0.04055745545953979,-0.01374432249797794
201,-0.04133887384408885,-0.03964708639422357,-0.02020140365661853
202,-0.04618767136959462,-0.033122594519815335,-0.024953913026388698
203,-0.051813925870410976,-0.025595611107107466,-0.028967563432694854
204,-0.052334739735453946,-0.02452427781486064,-0.03394127091691031
205,-0.04896252248705342,-0.02807441788727072,-0.040299129603690365
206,-0.044236716591666385,-0.02615177589140076,-0.04705187787649397
207,-0.03762888289985143,-0.015316564502792868,-0.05252383317052081
208,-0.033975112648791536,-0.006673069872631082,-0.055859971979349915
209,-0.034946621121268895,-0.008842405058112485,-0.058408905036017755
210,-0.0369189635716331,-0.01889769486640916,-0.061789494624157976
211,-0.035183816403805135,-0.02626221461974587,-0.06536860069294759
212,-0.03143613699021286,-0.022720106823610198,-0.06766915857462649
213,-0.03103838822235705,-0.014730840528553377,-0.06847058396126873
214,-0.031842547595002636,-0.014478333014566538,-0.0684662543188729
215,-0.029618853390125467,-0.020645752583913143,-0.06833129292882051
216,-0.023892018947152854,-0.022363044321134187,-0.06876772249221352
217,-0.018794845212408276,-0.016850126353956038,-0.07037519978914922
218,-0.017984798565264283,-0.010301632643136105,-0.07288048907667036
219,-0.02015664440769248,-0.01075310070284255,-0.07597119571711508
220,-0.022267360597837016,-0.019423646780510034,-0.0800654262135315
221,-0.023409165146393435,-0.025948667623214815,-0.0852664563597596
222,-0.027264476046978056,-0.021665123458886423,-0.09126109948337299
223,-0.036320456698861546,-0.014878143190950807,-0.09744958500525597
224,-0.04008287027634694,-0.017123515730056105,-0.10273003315752507
225,-0.03304001235367747,-0.022973205371837377,-0.10653382126961664
226,-0.028866389559208047,-0.024415339650609436,-0.10929557445762622
227,-0.031382996745767625,-0.02093257921748612,-0.11128520192154712
228,-0.02937658510811303,-0.012399239954274277,-0.11216674417717093
229,-0.02273646385789796,-0.008018940794592061,-0.11256764083582804
230,-0.020371008599359863,-0.01453482683009652,-0.11346749131183542
231,-0.020683826311685152,-0.019226827833042637,-0.11372118886922683
232,-0.01632903518575437,-0.01260277979240558,-0.11209408351961814
233,-0.012589162926843964,-0.004616145122650517,-0.10922145308210601
234,-0.016099655566364945,-0.007996848886975563,-0.10576109428114666
235,-0.02088317202538735,-0.01936485569201281,-0.10234981240672264
236,-0.023781040097781835,-0.024758519345013982,-0.10001867319084196
237,-0.024172736615657497,-0.018737346406173708,-0.09851669513511069
238,-0.02207632398371348,-0.010308741498058577,-0.09630102017399755
239,-0.022010614750666374,-0.009130969815117185,-0.09307449913008004
240,-0.023956722770684613,-0.014779950609223186,-0.08973258595526534
241,-0.02539384679363582,-0.017047523298641662,-0.08603184702551692
242,-0.023738510583717898,-0.0072853126526410406,-0.08117083974164621
243,-0.019017380907531148,0.004197215720328273,-0.0756481289393621
244,-0.01627611775058954,0.0024628864841404474,-0.07067232011454522
245,-0.01636739235133837,-0.006634794698350266,-0.06719941356679218
246,-0.01458206270280582,-0.009207826140184158,-0.0657587408049525
247,-0.01180512125180725,-0.003915853187028515,-0.06549861728356077
248,-0.010768924776809352,0.0017161048538644197,-0.06512344560267444
249,-0.011559947303207821,-0.002000663616196219,-0.06477754343043071
250,-0.01690031631974316,-0.014630194173397781,-0.06499329278183269
251,-0.023122934205155682,-0.019467800858885914,-0.06556531443022473
252,-0.023044474679054447,-0.010096210481519333,-0.0664127254288773
253,-0.016713204092218516,-0.0005225355059006037,-0.06732098099334322
254,-0.008345692774644177,0.00017850759024680418,-0.06731739175939591
255,-0.0015579135704090613,-0.0038644905604092866,-0.06552339691537393
0,0.001944667301220877,-0.007810746455432144,-0.06240394917138811
1,0.0008041375931996178,-0.009142230444513344,-0.05955750770931273
2,-0.0031793648811043983,-0.009469319348752586,-0.05731250516306968
3,-0.004610263576391244,-0.013997606062435636,-0.05475140505716991
4,-0.0028986189452511017,-0.018536497192974316,-0.05136000813744239
5,-0.001627909186129619,-0.014647110781300599,-0.046817334283778406
6,-0.0016286043076075753,-0.005534710426093013,-0.04180871546142052
7,-0.0027674819652094094,-0.0005759257175055321,-0.037769745119568265
8,-0.005365521071006862,-0.004057516765894463,-0.03525921390976533
9,-0.009502416125812593,-0.012038018577852791,-0.03439024470005379
10,-0.012572198227709504,-0.014322973561403343,-0.03493309428085063
11,-0.011169147856034775,-0.008006685634557337,-0.035998801481307297
12,-0.0074067263556812785,-0.0009536001803166633,-0.03695488724890211
13,-0.005861373190272932,-0.00042285146132224616,-0.0378789754272309
14,-0.006634490596513547,-0.00692984191925225,-0.03827859456293918
15,-0.007757602401898427,-0.01086328597162535,-0.03670806199108116
16,-0.00825793865530269,-0.004811391712963617,-0.0331412549145603
17,-0.0067745379963431475,0.002657786471021953,-0.02965698542418488
18,-0.007421784546738815,-0.00031900669517775926,-0.027459784113346944
19,-0.012398682898953343,-0.00856674671406886,-0.025954284245641987
20,-0.014291447588075046,-0.009252244222868827,-0.024885898820439845
21,-0.010745568468679419,-0.0018576633741520243,-0.02386105911575032
22,-0.006819345515364984,0.005007511056178582,-0.021957122276986638
23,-0.0045091809366627905,0.003057546994041288,-0.01983145833480457
24,-0.0036668532805236576,-0.004491193316171357,-0.01898370435950364
25,-0.0041630752986482195,-0.005071570434885528,-0.01956267592033547
26,-0.0027543449721932484,0.00407726441519389,-0.021118640519904197
27,0.005014012532012304,0.013922014511385923,-0.023793257237795684
28,0.014366566991610603,0.013525552789770454,-0.02756933967341163
29,0.014828927955326004,0.003140246515780515,-0.0317513360250416
30,0.010074435156264078,-0.003943327759522802,-0.03538116079566042
31,0.009802230830002284,0.0007610694441988058,-0.03708136436778005
32,0.012995325268043353,0.011175328277180069,-0.03616561590419909
33,0.00918380652128353,0.013080113213174496,-0.0345981778776205
34,-0.00436517997097273,0.0057267049731339476,-0.03443774359048074
35,-0.015275146994431207,0.0037157044696642244,-0.034931441863596605
36,-0.01618184422026906,0.01199551032625426,-0.03465785151466154
37,-0.010288910106853493,0.02011565728404628,-0.03399542130578946
38,-0.006232349340492063,0.017890265442895237,-0.03389479078801094
39,-0.008966151117950086,0.009380768181106086,-0.034921012835055554
40,-0.013045962147620646,0.007644974116755049,-0.037868320743580264
41,-0.009087709276585365,0.016698571365902692,-0.04255649846883772
42,0.0014757448915244803,0.024466969119720572,-0.04768502323845733
43,0.009553763587289058,0.020226717837418404,-0.05268301225249833
44,0.01431475694315725,0.010165222263697885,-0.05800026678910636
45,0.015079525106940182,0.006243407587207345,-0.06297932760400624
46,0.011438182735890146,0.012339515840457588,-0.06632777317744698
47,0.009517996066395543,0.019666049711550657,-0.06821023261026693
48,0.011294035478542477,0.018893459534778362,-0.06938858470071194
49,0.012984106763977252,0.01635250592682161,-0.07112689570656097
50,0.014772847261232595,0.019073266140028022,-0.07542817263745297
51,0.016339336262250353,0.022077673326755365,-0.08193953423542572
52,0.015000158545711729,0.01925771539815456,-0.08696700237408134
53,0.012268009699836279,0.01021082888013207,-0.08912140259305024
54,0.009469610987114893,-0.0007908144591887017,-0.09049029474691256
55,0.006025058181612364,-0.009010046034226317,-0.09219606813368803
56,0.0023716522114708566,-0.010253429241219622,-0.09311090098662345
57,0.002984368818852029,-0.006384051226370448,-0.09209145272109492
58,0.008705568707285491,-0.006710544159964856,-0.0888632705498758
59,0.010890750910914786,-0.012779567216047623,-0.08453606746329795
60,0.0080437595318548,-0.015947672383049984,-0.08200852505724127
61,0.005361655402089223,-0.011563818394456422,-0.08371128257867907
62,0.006561558618631606,-0.004956215713827573,-0.08838754901251164
63,0.013043313850510933,-0.004183643588845501,-0.09210494836360364
64,0.01957156693592188,-0.009024894586184981,-0.09529073397717913
65,0.020746972848222037,-0.010887293125831178,-0.09887731729516896
66,0.014224684515040345,-0.006289761309127777,-0.10065061248692475
67,0.002899354576769847,-0.005570991463067408,-0.10074390656351834
68,-0.004111970605177331,-0.014995034101317077,-0.10033011038792633
69,-0.0017905446232344482,-0.022770821762570816,-0.09946556760424646
70,0.006101699570241578,-0.018081895804421738,-0.09883353135420375
71,0.012250150629717765,-0.0066286044252900425,-0.09902791085325996
72,0.00864121889178443,0.0007627506261269346,-0.09919335648571065
73,-0.003303442913442492,-0.0003360276167465315,-0.0993784709556656
74,-0.010863749179026341,-0.00800658397978267,-0.10064816563095663
75,-0.006538843388142521,-0.012140121754964671,-0.10314242073578489
76,0.0008651793348528891,-0.007370759384123862,-0.10650713664524025
77,-0.0005992996335716788,-0.0017772034710488993,-0.11072176543724438
78,-0.006237790879556386,-0.0030197383484002888,-0.11671281107585485
79,-0.007800460842785628,-0.007797175759416158,-0.12479194505973462
80,-0.0043478144026116855,-0.005756548646980927,-0.13258738342232856
81,0.00041892429814295584,0.0030657306794347125,-0.13682892088363047
82,-0.0008036455418009986,0.0061183013437735995,-0.13678007516658508
83,-0.005766759538794117,-0.0031924868446736032,-0.13467538532505036
84,-0.005183109784643286,-0.015144807500604748,-0.13284120670708272
85,0.00015016118640159837,-0.01731032446849526,-0.1319556010744688
86,0.003286581863802207,-0.011930173821517058,-0.13156270728684433
87,0.0014776068392728936,-0.008228859148618976,-0.13101227466989473
88,-0.004794798548834106,-0.009796161627086873,-0.12947569733762948
89,-0.011409084647429762,-0.013795105001424897,-0.12581764551731994
90,-0.01362210007947319,-0.01534584357533373,-0.11973836253423215
91,-0.010802949064074863,-0.010290997461962798,-0.11261497757498651
92,-0.007488215444305946,-0.0013393194188708601,-0.10640375713257394
93,-0.007413499770493173,0.0018062256935092724,-0.10136180479396889
94,-0.005990257622391533,-0.0013817334655843033,-0.09505206432773727
95,-0.0015499084969789467,-0.001336533769813339,-0.08445398587004643
96,0.002932041482358594,0.006742976934537431,-0.06969971620364673
97,0.007713754645093482,0.018073766387585483,-0.05398638008547313
98,0.013416588326554041,0.023429694440532042,-0.04044806116835212
99,0.01833210791747726,0.019935519194869494,-0.030840895354223186
100,0.017760906194323668,0.015556870650937225,-0.026061455109540235
101,0.010958030535344103,0.015664378026311432,-0.02733826915635483
102,0.0032488815045111433,0.01472542190466173,-0.03684273202221332
103,-0.0012408970085975128,0.009830017577704752,-0.05908490274315102
104,0.0017604349631960559,0.006566623181278501,-0.09887241897110673
105,0.012284600118881236,0.010738287733629708,-0.15495177462669582
106,0.021499869519057337,0.021373566416116888,-0.22012996929020118
107,0.025847358323724978,0.026833283836913364,-0.28598378431150384
108,0.026329292572016556,0.02133172518310096,-0.3458765544249036
109,0.024272377580256757,0.013886981918135644,-0.395523709863286
110,0.022795848766741428,0.012425691722944457,-0.43290966386528495
111,0.021915582917174423,0.01786013899505183,-0.4580948258200499
112,0.023253880206661096,0.026219276385286292,-0.46945999892756585
113,0.027070641828620318,0.029151485116409716,-0.46468978074855305
114,0.028276583560720485,0.023636905056601487,-0.44541083089888844
115,0.025049437371793083,0.019597326570183576,-0.41529931718616186
116,0.020479235961225764,0.023334702626869236,-0.37833883115309486
117,0.020982235496869464,0.025916398019910025,-0.33921073766239507
118,0.027683581080670164,0.020834982421767595,-0.3012880734077704
119,0.03263980560241768,0.01449568854776466,-0.26612172922001887
120,0.03611989380828519,0.013611277867970062,-0.2340956596332473
121,0.0442424130526957,0.01851741001103434,-0.20487220930972372
122,0.05041160193565375,0.024116162614305162,-0.17842215963209385
123,0.04633331510864404,0.023831638708925212,-0.15538977872596738
124,0.038456161085553,0.018893712107003757,-0.13698167649806747
125,0.03053464392961125,0.015909062016871083,-0.1232078495823391
126,0.021548618181629287,0.017061708127348488,-0.11248418526109627
127,0.01769833616542814,0.016949605580414445,-0.10406676145751023
128,0.01917054978907641,0.011591676717298424,-0.09773227663456133
129,0.022537539667153626,0.007436369596606041,-0.09245628393092784
130,0.02774407582303591,0.010443877679066751,-0.08743108325608248
131,0.030541044977604688,0.01783634430183008,-0.08189112405077464
132,0.028376795135998185,0.02325034627180872,-0.07549848982814683
133,0.025453855515466237,0.0218681389164119,-0.06946352866192176
134,0.02468991878932708,0.016499617240288637,-0.06470160404850606
135,0.02318139210013409,0.014177405228114413,-0.0606353553104271
136,0.020309047698796268,0.01661026271642048,-0.05668612610525045
137,0.020055941406232417,0.017896099016261213,-0.05361834550148578
138,0.022832881790572024,0.013378211301385418,-0.0523134353359159
139,0.023403601734199947,0.007356434352548999,-0.05221181405332212
140,0.01638409893218054,0.0055209020716242285,-0.05280961516391902
141,0.0068791970022769044,0.008644315349391501,-0.05402128681327498
142,0.00482634237496625,0.012247369747734896,-0.05514140037307841
143,0.008516985320889153,0.00906838500854669,-0.055180438120213116
144,0.011100142093407733,0.0016876311031779612,-0.05350019773198669
145,0.016118223396542078,0.0004402017214867049,-0.050573642001357305
146,0.02364605433238752,0.005543675436371465,-0.04727916712433283
147,0.023255949370212997,0.008121622085688188,-0.044075611613718674
148,0.015601548158291165,0.002330259002252172,-0.04099073678590602
149,0.012246296144922343,-0.0058282497934348115,-0.039053065689670416
150,0.014932976198468513,-0.006816314484051594,-0.03942932167482485
151,0.01809552775096016,0.00013871879274169469,-0.040217181335018934
152,0.02163182021130372,0.010151141799589869,-0.03940235735931198
153,0.024595060852153607,0.013568662308889062,-0.03767685608693462
154,0.02504296059234501,0.0075473006409667726,-0.035827289760002656
155,0.02382952554231467,0.004369376311002926,-0.03320076538625971
156,0.021985665525288703,0.010864302243218868,-0.029067917865455997
157,0.01908226700092086,0.017130745528094765,-0.023601418777434102
158,0.014797605095462144,0.011956649999747743,-0.017286247030506643
159,0.013663480061065235,0.0004595450503878662,-0.010422636693459636
160,0.017948058358829205,-0.0038098748080159783,-0.00296674506950235
161,0.020722692208020296,0.0018732246286454757,0.005634175694367829
162,0.016113549263446686,0.00929061257130609,0.015097179879891584
163,0.011614062855101682,0.009004430218717496,0.023056172041738297
164,0.017075545811353073,0.0026238680622069355,0.02710039457690873
165,0.025111292262489898,0.0013789176527678193,0.027967481584371998
166,0.023771467403811433,0.00737910825241829,0.02838244379883713
167,0.014585429299528524,0.010291427028022881,0.029363736899108858
168,0.005847861913940558,0.004616504505844554,0.030177638261393025
169,0.004366751727040291,-0.0023646256917579933,0.03012085955131702
170,0.00784602040793149,-0.002790157498500631,0.02844255575863895
171,0.009758431527695031,0.0014319271215703644,0.025201837737794136
172,0.01079209120547786,0.0033597906956514267,0.022216375773721035
173,0.013168942277786727,-0.001320335186640098,0.021015245578274222
174,0.01645399453739789,-0.009098183858228998,0.021689413792233582
175,0.0203803736695553,-0.010301739130756424,0.023798919507699745
176,0.027007803827264087,-0.0019819587279429063,0.027305151776971313
177,0.03699969435646444,0.00594646993642739,0.03236457217055706
178,0.043182177967892976,0.004235944106777578,0.03883673614146527
179,0.04034360709304308,-0.0018076657025274945,0.04596342300495386
180,0.0338120910297192,-0.0023439658142085096,0.05252200401236218
181,0.025069238781798994,0.002018758668246537,0.05840260414460535
182,0.0153197234533714,0.00399474928323304,0.06410625643757736
183,0.013207563035038457,0.0009046146083387108,0.0688310305003127
184,0.016002602160503393,-0.002552903639960774,0.07213155993287135
185,0.012429286960376006,-0.00029955464178733904,0.0749309651792816
186,0.003598320724457227,0.010025986146737317,0.07753932000227609
187,-0.0016834358680405115,0.02091765772537532,0.07933840835712055
188,-0.0014510562129927546,0.021709532059667053,0.08039686970552426
189,0.002816599541897967,0.016719459093628153,0.08148938277622295
190,0.009425349646709172,0.018514730582571526,0.0825613338039402
191,0.012202777257208777,0.027784377440871602,0.08382860406282733
192,0.012006229044820363,0.03381974589325923,0.08591744147326566
193,0.017283300577551928,0.03012775263081903,0.08825481891922762
194,0.025325489016942197,0.02355604420206467,0.09068646983623713
195,0.027073402153120443,0.023964052079171447,0.09386182783240585
196,0.022658208255639953,0.030579314847207745,0.0977975144094374
197,0.019312788802850242,0.03359848470738677,0.1019357255570757
198,0.021822202423335768,0.026455113359611204,0.10545900261164765
199,0.026897746553254526,0.015841888937494414,0.10779357005245555
200,0.0245867029942465,0.013022670313363821,0.10906992316165326
201,0.014019115598068534,0.020742416239403802,0.11020605134701023
202,0.006948593063092465,0.028021349942001533,0.11164045501883385
203,0.007772005807775213,0.022804128149219255,0.11245615775665835
204,0.013043486150457181,0.012959405228378199,0.11185951017284096
205,0.01890312417233224,0.013654619851643776,0.11062926331869799
206,0.020028602730884332,0.022893358250231435,0.1101522768949802
207,0.014850315463976707,0.025888745174411754,0.11033241613386047
208,0.00371390830682726,0.01710751119754106,0.11025192690259156
209,-0.00820279906362155,0.007968124452579911,0.10930568109204586
210,-0.011273052300079953,0.008198095675252814,0.10738433604293318
211,-0.006387448121314143,0.015216678242663387,0.1057818773609357
212,-0.0031903064885446253,0.02109479450252849,0.1060920413488573
213,-0.003968520142147602,0.021532944579870206,0.10783349839441697
214,-0.0016673101437190974,0.020808191781490237,0.10917057520384349
215,0.005559857433227788,0.02424394884101244,0.10995672257956202
216,0.011572593640688689,0.03127508554819028,0.11060572084457021
217,0.012962121675878222,0.03338831368524625,0.10985420152717101
218,0.008976403136752908,0.024312793470180394,0.10717856880984722
219,0.002567561909958105,0.011629902200561648,0.1036319719460056
220,0.00020437440463025314,0.007655969252153005,0.10063898342100497
221,0.002931898422670748,0.014864937482500201,0.09974370833622304
222,0.004423235479210252,0.022249665653287537,0.10137594024474311
223,-0.0028324234974209106,0.01827976462038483,0.10390829732713625
224,-0.014483742473994088,0.005159891371213282,0.10566045948637984
225,-0.020156087214299234,-0.0020365688768408663,0.10628199319430709
226,-0.02116737757246115,0.0030934387593328228,0.10572081884754478
227,-0.0219374514937329,0.007588241863156098,0.10473090165995469
228,-0.02026219093652669,0.0025815273198705746,0.10413749943751871
229,-0.017238996746135715,-0.006558070022348039,0.10304477417681973
230,-0.016718387379851075,-0.00806913905702672,0.10057292998642314
231,-0.0180399783682232,0.0006921387492946629,0.09750939494249827
232,-0.020531280061846097,0.005669117462151235,0.09503846986471981
233,-0.028110594761341257,-0.0020653394803722136,0.09302911869267
234,-0.03835669651902632,-0.016241883150903025,0.09021678697294855
235,-0.03944866170782829,-0.02419786275113775,0.0863160519370626
236,-0.03176367632274421,-0.020516520889360457,0.0829581513065534
237,-0.026729132350224755,-0.014580717960726658,0.08129788984745051
238,-0.026877146118264104,-0.015086673878836387,0.08075181528496503
239,-0.028045563575294353,-0.01958977246871446,0.08090637650258242
240,-0.02890473560575823,-0.022209601837704845,0.08178975169859598
241,-0.027677840947317355,-0.018430304968867203,0.08361652260206445
242,-0.024389107845975685,-0.010354629561528439,0.08607547990426115
243,-0.022313205591991778,-0.010285964883195109,0.08703474198080857
244,-0.021933867528975193,-0.020995610844872364,0.08523609706479385
245,-0.023328399034302116,-0.02655739085337233,0.08213396037435605
246,-0.025206585070288487,-0.019922804007520112,0.07908900816067335
247,-0.024720594109464464,-0.014230545483962145,0.07543098639426174
248,-0.022987622107776017,-0.018797421264559105,0.07035397711640132
249,-0.02197463456294945,-0.02687960701540286,0.06461856412930808
250,-0.01873389237082824,-0.02880010698424451,0.058979375577399795
251,-0.016387007429887336,-0.024637491517439603,0.053166559997255225
252,-0.022283061628555284,-0.024050845750247074,0.046868898566396144
253,-0.03008431415249173,-0.03297237899169325,0.03974470428521125
254,-0.032565731263481765,-0.043139669371053485,0.031239462054043238
255,-0.03146277208044783,-0.04345228486400042,0.02144424217299072
0,-0.02823551153812072,-0.032852697735372235,0.01149766230275756
1,-0.021231111499177224,-0.02142495853143081,0.002466710288682214
2,-0.01133071958947647,-0.022581784134817928,-0.005275945841930765
3,-0.005035911773340979,-0.033366244167325296,-0.011794789456759013
4,-0.001089254224331232,-0.038350259122520464,-0.018562502585574382
5,0.0014094641321763454,-0.03246250302742208,-0.02662077896571141
6,-0.004704128682457828,-0.02442990732670225,-0.035095191841579915
7,-0.015938625076704682,-0.026579484383115304,-0.04365026230508931
8,-0.02531789652349782,-0.03887724631300307,-0.05203595074857406
9,-0.03150404529972876,-0.04550023903410924,-0.05942974214849908
10,-0.034419130555524896,-0.03802121334734487,-0.06602151178714072
11,-0.03557652248634435,-0.02857207667069228,-0.07244516623134292
12,-0.03556666490577576,-0.029616530242364464,-0.07917419864556569
13,-0.034236639110158756,-0.036624025262530294,-0.08647519969940906
14,-0.030161622622124407,-0.040088148793221944,-0.09348354604113068
15,-0.025184046972098653,-0.037617847293707485,-0.0987353764929314
16,-0.022755685583123138,-0.03485263404194536,-0.10123478322927654
17,-0.020662167860339108,-0.040158912192440666,-0.10198637980879838
18,-0.017226968199241993,-0.052426903107507,-0.10345989724487875
19,-0.01556220143455326,-0.05999273837486732,-0.10612274084259316
20,-0.015146254618038854,-0.05650366075508692,-0.1094500393290953
21,-0.012849838301473099,-0.051014285197592185,-0.11380645942338893
22,-0.012054833014898722,-0.052134843406333065,-0.118459916509704
23,-0.01640923031370184,-0.055255142164557444,-0.12238557987418588
24,-0.020341374685635183,-0.05375109283569898,-0.12621157365044106
25,-0.017853397392664477,-0.04832621057635622,-0.13016049814486486
26,-0.016528803362007308,-0.04665635012313685,-0.13408416144668112
27,-0.021425516124181872,-0.05397744862697859,-0.13889848796548648
28,-0.02149473384262053,-0.06274610787334264,-0.1441890553627589
29,-0.012157608315740642,-0.06444847091593991,-0.14830886220173128
30,-0.002982901733466152,-0.05879662408697636,-0.15177567286474009
31,-0.0018974117948107744,-0.05358039303854706,-0.15656339293690336
32,-0.008431884921820731,-0.05735527694293399,-0.16283149271982178
33,-0.015364872805709834,-0.06551851728021951,-0.16892652676401404
34,-0.013128832398604361,-0.06791617696145374,-0.17403377124639635
35,-0.0015847970573423936,-0.06172291148513337,-0.1784380320430053
36,0.006253344646886386,-0.055256776576340205,-0.18237714266088045
37,0.002279603357175322,-0.05871741393115054,-0.186493299131135
38,-0.002644585734577258,-0.06839147086475356,-0.19127500187900426
39,-0.0009936974238900081,-0.07255030568013426,-0.19594839768787142
40,0.0007791294397173701,-0.06745139111930605,-0.19922244478314044
41,0.0017523733865648441,-0.06034082006632463,-0.2003872591923827
42,-0.0032532581560557536,-0.06152509867176524,-0.19996698988203437
43,-0.017785718020257767,-0.06910257746012216,-0.19957118592486328
44,-0.029654755961230947,-0.07189650753858817,-0.199852960817341
45,-0.03196378894152921,-0.06753452006088528,-0.2000626394294981
46,-0.028053497503060756,-0.06162137298575096,-0.20026314371469522
47,-0.023253520490642735,-0.0614550797203153,-0.20142136928786736
48,-0.019433432541947876,-0.06580896131827238,-0.20336213585447227
49,-0.01662839879332119,-0.06492123310846293,-0.20480546037744918
50,-0.018265645173950962,-0.05888367959850867,-0.20483070504325251
51,-0.020202740112512205,-0.05560382762094998,-0.20348385814409603
52,-0.015939938401590057,-0.05652021713514281,-0.2010974681266694
53,-0.008816518275089804,-0.056029410202744656,-0.19851239407416416
54,-0.003060962660813585,-0.0499502453123401,-0.1975133086610772
55,0.002247304906272996,-0.04146855965702806,-0.19856944874976146
56,0.005858630612156459,-0.03901050890500532,-0.1999919271058842
57,0.0035036169869657316,-0.04468249386692277,-0.20049982724241955
58,-0.0007651305480956012,-0.04902577017806137,-0.2000943234798126
59,-0.0014310229108748743,-0.044727674921222496,-0.19838593775276303
60,-0.000956037847272528,-0.038172306098437025,-0.19503683570475377
61,-0.0028591045901058404,-0.038747170674929665,-0.19066233173128927
62,-0.004618458001674645,-0.04563802002684343,-0.18574304019727877
63,-0.004592919413841202,-0.05110339518476571,-0.18050218618305935
64,-0.006683773678552022,-0.04866962146752479,-0.17529406746373216
65,-0.009132966891227985,-0.03782666696518222,-0.1702783815975873
66,-0.007840287239468207,-0.02736000901999977,-0.16572773060189272
67,-0.00453935595278487,-0.02675161098589493,-0.16252336595025296
68,-0.0054938499422415125,-0.0315572351966764,-0.1613741225274518
69,-0.010859384234336106,-0.030202001160115052,-0.16177211364267557
70,-0.009977387196051162,-0.02257866671999674,-0.162805094624069
71,0.001069546865912565,-0.019394851603103856,-0.16453521972761703
72,0.012008804655547843,-0.023876477803351157,-0.1669810048114833
73,0.01357637029983588,-0.030284274145434296,-0.16918431873556067
74,0.006392780640189586,-0.03569618962885665,-0.17079218334733992
75,0.00022452731250724445,-0.03557191391125189,-0.17132313982553482
76,0.003551400285615791,-0.027626132056662284,-0.1699515722072819
77,0.00939096385094177,-0.0236051741370307,-0.16789646530325664
78,0.009246075131255655,-0.028703856647466636,-0.1670006366358328
79,0.008299856896246426,-0.03186730749692415,-0.1674180688161866
80,0.01038340803655844,-0.027783687336867563,-0.16808073430715958
81,0.005196811090822505,-0.02294692001507332,-0.16835120284646082
82,-0.012246692785668886,-0.023569465430400408,-0.16843917029640537
83,-0.028683526898629397,-0.028157254090490164,-0.16904617876327377
84,-0.032675437806823304,-0.030079601539171642,-0.1712076140798186
85,-0.02837002112325318,-0.025661646568802626,-0.17486289548125888
86,-0.02355821946436021,-0.021855135641887458,-0.17902121949425343
87,-0.019689719821580492,-0.025906339615552665,-0.183172435549734
88,-0.01633911860616838,-0.030671533835570447,-0.18731397419107298
89,-0.012791353633617913,-0.027010294151793998,-0.19128883582878242
90,-0.008864677469858445,-0.018223771347120804,-0.194644335088838
91,-0.0023589469751744557,-0.012845530346773125,-0.19743647359851263
92,0.011110448730348069,-0.01575294734800474,-0.20021784375290302
93,0.030568958362160503,-0.024203168437220875,-0.20433558086968961
94,0.047844634141890885,-0.030328820567925505,-0.21153358587421178
95,0.04798209492010169,-0.030253351192209607,-0.22087139139719647
96,0.025083146574920834,-0.02909493974238969,-0.22954033765637183
97,-0.003460361158584363,-0.03368408120332955,-0.2365905425721685
98,-0.02251341452520436,-0.03722513252157894,-0.2421132799558272
99,-0.03845344309353654,-0.028720843650353073,-0.24565343833509135
100,-0.052237122078561016,-0.013734107735806272,-0.24721505930105792
101,-0.055305443420716194,-0.006819530160508694,-0.24712013410323974
102,-0.04930314341442821,-0.013392128617821443,-0.24575785538588546
103,-0.038107571770123694,-0.024768953473689126,-0.24460691102004017
104,-0.028029631340943217,-0.029931869213415813,-0.2447751549965248
105,-0.024809491824679786,-0.027087186547616993,-0.2447883797890984
106,-0.025346917312391692,-0.022577695192270097,-0.2433390642561707
107,-0.024783988532720846,-0.022037999761320176,-0.24268423201524592
108,-0.01906877679252339,-0.02229980442037552,-0.24492965209621032
109,-0.011312444932607468,-0.018513578694103694,-0.24885458800919513
110,-0.009110806127286292,-0.014199235827889595,-0.2529149462668834
111,-0.011206241849040566,-0.018012627838203288,-0.2568926904251013
112,-0.014163032369301637,-0.0294686484223268,-0.26091616790624605
113,-0.018649973627984595,-0.038904749614548595,-0.26538204430540313
114,-0.023043103119922054,-0.042461468807562894,-0.2707891521734046
115,-0.025104763657561868,-0.03920708448818369,-0.2761306189255234
116,-0.023664744410872143,-0.03260129044285759,-0.27969320840036427
117,-0.017946982458217756,-0.03292814374920544,-0.28155593935802614
118,-0.01063364170620111,-0.03743751565523251,-0.2824393367617325
119,-0.00569646343322068,-0.03496463613527512,-0.28223949565631257
120,-0.002437825446464967,-0.027007766897672786,-0.2810718563712842
121,-0.0018401321194492226,-0.02250227077760275,-0.27990284544082966
122,-0.006467628257125213,-0.024159571143631334,-0.2799873717840403
123,-0.011257932695562578,-0.022673153626145526,-0.28143981560346476
124,-0.012838677596538353,-0.010488259725309923,-0.2827077190459032
125,-0.012882060420383638,0.0031178491895178934,-0.28190381117900165
126,-0.010901777462297702,0.0009711604071588331,-0.27887161043799036
127,-0.00924353162605529,-0.019033157528149186,-0.2754639582381381
128,-0.011743272327493809,-0.03719147208913129,-0.2732909754237015
129,-0.014853227570557417,-0.03810882469000376,-0.27335457708451494
130,-0.01525129174570583,-0.028843476625731723,-0.2761565324256805
131,-0.016273405982622294,-0.024050782400062358,-0.28057355607104584
132,-0.019116309022669253,-0.02429241142994442,-0.2845475439025902
133,-0.02095039323855269,-0.02230639158532774,-0.2870849319799391
134,-0.0216784713914773,-0.01965295635490704,-0.28844553299069176
135,-0.023939002915795066,-0.018809303499304715,-0.2886804024126105
136,-0.026769983278150236,-0.016865552253525443,-0.28806702250835414
137,-0.02542067546393527,-0.01729638114909393,-0.28744810020092537
138,-0.018404662561602392,-0.024303687805698193,-0.28690375359531195
139,-0.011490377209092986,-0.032141346917872404,-0.28530973966324735
140,-0.011003526517951279,-0.03565447352451416,-0.28161917528043356
141,-0.018811841765061024,-0.03749362246650169,-0.27595650046228126
142,-0.03463069085499869,-0.041632618118643105,-0.2693536816505996
143,-0.048905132489460476,-0.043962899946493245,-0.26308590281759536
144,-0.05038883300104967,-0.03998199854036724,-0.2578240034745669
145,-0.04700464853449536,-0.03346784229804978,-0.2524462717564365
146,-0.04960710066391956,-0.031558491872825556,-0.24464052080810783
147,-0.052348625926720155,-0.03801462431699271,-0.23362717480395545
148,-0.04903182222040087,-0.04711300230000659,-0.2206574625264377
149,-0.04429496902483582,-0.05208551469806108,-0.20780490459876833
150,-0.04384964683550932,-0.052657520625058934,-0.1962860171151185
151,-0.048380223055816296,-0.05154849958273673,-0.1855803987279439
152,-0.05443258774241973,-0.05204604062252596,-0.1752167673156375
153,-0.05822876137167386,-0.0525237231369646,-0.16536716751495012
154,-0.060972637203973126,-0.047747850989747015,-0.1562728574740868
155,-0.06353171121836908,-0.03686808371370548,-0.147914592311522
156,-0.06238800433652039,-0.028094423163638776,-0.14020841217184765
157,-0.05816004902030816,-0.03180463547099702,-0.13363638773083375
158,-0.05500548478405862,-0.04334387529068187,-0.12785750046878064
159,-0.05406063511781972,-0.04854095784732305,-0.12155073580387904
160,-0.05385087548652501,-0.04418183269886786,-0.11414445511155763
161,-0.05212951914463565,-0.040263607639681884,-0.10605042934857994
162,-0.052459708861909274,-0.04259876307820447,-0.09827772316829053
163,-0.05704038729909518,-0.04399313915340167,-0.0920310576335007
164,-0.058833347625568605,-0.04051250812493226,-0.08822703702354098
165,-0.05559379987455634,-0.034371817429337315,-0.08642903385623762
166,-0.05066455820120197,-0.029561209510928943,-0.0854285662915665
167,-0.04823344404164656,-0.031903920460548574,-0.08527756844104004
168,-0.0508392674857292,-0.03424285517346061,-0.08606371789363793
169,-0.05090247329773809,-0.024395742511648194,-0.08669486225049078
170,-0.04292735520238433,-0.005833109736388939,-0.0866678211326587
171,-0.03365228930646662,0.006702873602152423,-0.08652261920075383
172,-0.028593106222880228,0.00509367422771273,-0.08631581125085591
173,-0.025147054642172872,0.0006747468322381156,-0.0858953874837726
174,-0.018544791864137367,0.008159072821911872,-0.08540021832721936
175,-0.005728320395650181,0.027367072381593104,-0.08432719530822694
176,0.007410305686571736,0.04478849841095035,-0.08254661278748651
177,0.013644150840002783,0.04754771780139344,-0.0805575169615787
178,0.018075605177571348,0.04486711974606608,-0.07829264879074263
179,0.02434729308152811,0.053699021500107885,-0.0758476987435282
180,0.029153562424069877,0.07043266066394471,-0.0738662855476904
181,0.030972816138137294,0.07939142478745831,-0.07302582212843076
182,0.03036108359890627,0.0738183197502732,-0.073026811443646
183,0.029601554643114286,0.06673421947727143,-0.07323161920086876
184,0.0332421353335538,0.0731072517895009,-0.07383981689391128
185,0.04267758888658513,0.08822340202202143,-0.07413535492024265
186,0.05192644918373128,0.09958995339349294,-0.07334732997273524
187,0.055971882376134895,0.09916154554626415,-0.07248301117885322
188,0.05757639359506947,0.09242659830539462,-0.07221228531575449
189,0.0608035633654888,0.09506870299399323,-0.07170095217328623
190,0.06692371381391679,0.10817940305197488,-0.07070424735889508
191,0.07633732230505233,0.11701219287125375,-0.07008081856776965
192,0.08353652721754923,0.11407558830846459,-0.06924547893575908
193,0.08170882488109615,0.10986504021047128,-0.06674245666233164
194,0.07797243509711721,0.11510084504145701,-0.06311340235754873
195,0.08246724106192815,0.12683516677264836,-0.05968508764265301
196,0.08892501158068866,0.1362663451036521,-0.056996254828847126
197,0.09210264442285726,0.13711540389654672,-0.05538944693890635
198,0.09836669241563106,0.1329863970577525,-0.05444215661358809
199,0.103417138658909,0.13488897615468048,-0.05251219312443822
200,0.1004996275361984,0.14426210982342635,-0.04858178299389557
201,0.09506942116503858,0.14725693768486126,-0.04302578317646921
202,0.09285739807706989,0.13765639097657678,-0.03627980449633739
203,0.09746327057583815,0.12800045567587803,-0.029388755515493623
204,0.10411597536693007,0.1264367333393484,-0.023399443249699427
205,0.10316236078997992,0.13023312504196027,-0.017926296087134183
206,0.09865975511458333,0.13300682700137675,-0.013391987401057147
207,0.0983103310204553,0.12974232164464727,-0.01155138656579946
208,0.09950362208489502,0.12771592195062245,-0.012667394993514481
209,0.09928446878006775,0.13430220191526365,-0.015533793402292231
210,0.09835108665591547,0.14349551578262076,-0.01943267299024
211,0.0970664451406843,0.1440871269347231,-0.023616540873841005
212,0.09680852780290511,0.13442249237170778,-0.02609276514580519
213,0.09822885585178426,0.12646850142423194,-0.02467976490043987
214,0.09935325679128654,0.12816945892262754,-0.01851533140423882
215,0.09944050081368938,0.1363404226095946,-0.00804262252971022
216,0.09818901761200552,0.13979034775371413,0.0053879236842274275
217,0.0924154932057425,0.13017684363994986,0.02047645116203027
218,0.08506461021067604,0.11762573060024739,0.037322046856990976
219,0.08350952634208758,0.1153852817589453,0.05696529122888189
220,0.08561137160955723,0.12296887884673857,0.07939738278015582
221,0.08589956404312127,0.12825458378785642,0.10249543738250425
222,0.08538338871992818,0.12272750830964091,0.1226491838677285
223,0.08609968612513869,0.11538437682476776,0.1362415164623857
224,0.08855439441175122,0.11615989893444983,0.14166845999007632
225,0.09123027360924682,0.12181623535277869,0.1393642179537229
226,0.09079273844632571,0.12254731026548377,0.12849190718320314
227,0.0883773864025249,0.11256927467277766,0.10473672561039282
228,0.08667844494574906,0.0991113800797841,0.06535910045317878
229,0.08611215457459562,0.09503968631309256,0.014629159197314556
230,0.08937219490129,0.10056303882766793,-0.03979182969392342
231,0.0951435866794868,0.1018478858503164,-0.09132023152188928
232,0.09667302003300993,0.09270217423824245,-0.13588780998091737
233,0.09353397528994933,0.08385942198115531,-0.17108755218745614
234,0.09218311399583634,0.08405834800245204,-0.1948331971186451
235,0.09390111154561193,0.09124987695878739,-0.2060431841734669
236,0.09081570948860224,0.09621828833633819,-0.20309791245783082
237,0.0827553358991191,0.08945325770968005,-0.18421187486779544
238,0.07714632952521541,0.07862096986221573,-0.15012329486159703
239,0.07561129275461395,0.07767641376074225,-0.10458602162104003
240,0.07708720038179365,0.08477105715616579,-0.05272180153095232
241,0.0747391214919394,0.08822844538056546,0.0008275564683260239
242,0.06714935716810641,0.0834658533624042,0.05148987584514664
243,0.06607325738645256,0.07961433804444218,0.09503904883560599
244,0.0708669802617716,0.08250144659365247,0.12942166043424558
245,0.07193888671414206,0.0893120856648345,0.1559580517139832
246,0.06902127873622413,0.09155933423912913,0.1775243574494461
247,0.06444354468472219,0.08221642533347052,0.19638150444779146
248,0.06373471705561484,0.07143749283941392,0.21455267441623238
249,0.07068534078432342,0.07170308045203477,0.23264205155198525
250,0.0756705860450792,0.07971146485452696,0.24910915679302104
251,0.07199178364686054,0.08334040502627549,0.26326187327850004
252,0.06510030492249147,0.07815663556732089,0.27583550718743133
253,0.06166930020211528,0.0717670470450556,0.28671730324691
254,0.05874718076056562,0.06970158608596229,0.2952467689842919
255,0.05009383987648139,0.06956175402949416,0.3012641791061448
0,0.04256837031033084,0.06787944297272619,0.30465070705869557
1,0.042585912110625054,0.06505703430676853,0.3047668769708859
2,0.04591561914293158,0.06512605353226847,0.3017855552806845
3,0.04739833657120369,0.07055716654606584,0.29822812134808574
4,0.045907502641449605,0.07824492513804943,0.29629990440304255
5,0.043422769216554316,0.0789383263747297,0.29509524578497026
6,0.04267421849735739,0.0695045823001042,0.29308330083496004
7,0.04484566075545732,0.059122967252401765,0.2898382500687021
8,0.04780155515299786,0.05699428852357752,0.28550051451519165
9,0.0500128309810875,0.063147356182352,0.28136225965062844
10,0.04994689777627326,0.06590175523974505,0.2783097844932265
11,0.0456895335380257,0.05651509108257874,0.2759734833414632
12,0.04006587118844936,0.0433403106277665,0.27424896258082454
13,0.03681795290261482,0.04158192301498406,0.27361478314808385
14,0.0353534724184273,0.050298245846319256,0.27451354699213726
15,0.035562825730220876,0.05158688829555727,0.27631853397714934
16,0.03733680965939308,0.040527651004566234,0.2780877130829944
17,0.037836004932369605,0.030866671481862756,0.27945322464095446
18,0.03739624220406643,0.032663834532633496,0.27990717415409483
19,0.03817371241655437,0.043641813160762606,0.27950463146213267
20,0.03833610486841718,0.05109732174320718,0.2790009422829568
21,0.03664901578819202,0.04596487603602118,0.27788029190653063
22,0.034206148376986024,0.03706325230833204,0.27546188480235
23,0.03040193001137083,0.03531192881379702,0.2726642612702225
24,0.028041572563994414,0.03900982566427744,0.2706377789766381
25,0.03119118430654702,0.038794863194344026,0.2700871802624737
26,0.03602891626613011,0.030493259138672013,0.27078222108271
27,0.03873398604676119,0.024285919117062488,0.2713827091059192
28,0.03998633626747845,0.026343768400345545,0.27100298912734877
29,0.039445825586114036,0.030591806760113138,0.2706510900035677
30,0.037431236191363015,0.03216333105506658,0.27085820293234586
31,0.03407953196618199,0.02857746585317386,0.2697380701495179
32,0.030332412885707316,0.02530097448196901,0.2664358216937265
33,0.026564248082034017,0.02984846016789397,0.26227262177090327
34,0.022726201931057427,0.03756580346001279,0.2587733957815387
35,0.022917357488394588,0.03858063315901683,0.25683572144719746
36,0.025886226835768626,0.030669569529412022,0.25590691302417223
37,0.02592339069539891,0.0230884089224713,0.25411901011078764
38,0.024126747476485903,0.023089006414444987,0.25130241172685275
39,0.02405571608608828,0.028435282869342132,0.24972321639721684
40,0.024508081194124745,0.032109757392763255,0.2502450598415553
41,0.022809298051513993,0.026729227869625755,0.25123525198385854
42,0.018686957404511942,0.017962593203327673,0.25135555539809284
43,0.015095490946938697,0.02005103064428103,0.25084792560695646
44,0.014880816128088281,0.031508800844276014,0.24956346893828363
45,0.01651614834907286,0.03670570659285202,0.24667670758363958
46,0.01717306197130859,0.02867130613771049,0.24269415330954192
47,0.01854770375197623,0.015825770225583652,0.2386551925594299
48,0.02401404257777624,0.010397283553139985,0.23505741387398904
49,0.030331506274724616,0.014373980292788108,0.2329700960062071
50,0.03136222121408819,0.016781902988806788,0.23278720132319386
51,0.025954969948874793,0.01057003011900931,0.23349639983578885
52,0.02048184750714982,0.0023917245332248926,0.23519499747533068
53,0.019675382823860277,0.002214212296179602,0.23873294014224067
54,0.019895054792342076,0.011859190139856826,0.24353937286357819
55,0.019104091427965826,0.021964318481966533,0.24815122468339323
56,0.019356336677253373,0.02398724313968667,0.2518332034569085
57,0.019935423602050348,0.020403320023772792,0.2546637288866762
58,0.019475717839835906,0.017687784769623807,0.2574022808080436
59,0.02118842471474726,0.01992537063246575,0.2614548842319482
60,0.026097820601395344,0.02342221301737611,0.2670369007174165
61,0.029048561829678438,0.020340990021413,0.27271537619909925
62,0.027379114944329347,0.015191641163625286,0.2779289330267235
63,0.022087932993650916,0.018717631084956624,0.2831731170583581
64,0.016783975577703086,0.028811409722230175,0.28797817516297886
65,0.016336807559163558,0.032826419904835036,0.29121111422354873
66,0.01783626518629515,0.028325040359131276,0.2927774626905286
67,0.015274886900213752,0.02671984648337264,0.29417178708824077
68,0.0120969263043791,0.03221319046880128,0.29672679409807556
69,0.015562792449738155,0.03998558681406176,0.3003335236230946
70,0.021227470495228107,0.042659871866368985,0.3041225310508877
71,0.02225534005423776,0.034842099096087265,0.30682795619981595
72,0.021958857011997318,0.02446663741739128,0.30769027715554276
73,0.022017524945901534,0.023063502793134613,0.30709676095434846
74,0.02283929464922199,0.029885805049093606,0.30525696943723035
75,0.026514314579943854,0.032968326428645306,0.30141358424673437
76,0.028830659705406658,0.026477676869039707,0.29531271939872683
77,0.026900553622489103,0.01830455000447967,0.28807984658916297
78,0.023412449164495662,0.01715334160745076,0.2811957227221309
79,0.01824554402175093,0.023112934389629,0.27577584768763386
80,0.013730097759542197,0.026549981892393312,0.2719033893023798
81,0.013972178366375473,0.019499810543364915,0.26848389450793886
82,0.016878300173232164,0.007444957515330905,0.2647437057875658
83,0.019593160253814357,0.0034730347246173104,0.26047985465030776
84,0.02060056394370663,0.009830670232240143,0.25560760718496567
85,0.018404359405800194,0.011691657965996027,0.25101927615576747
86,0.012581718839004115,0.001200752424927412,0.24805264338491262
87,0.0048946496696309,-0.010359015734970597,0.24703596886243329
88,-0.002290548605520828,-0.013978488157669305,0.24749559139068777
89,-0.00750699053226659,-0.010402363145586915,0.24963539082762998
90,-0.008311575797262938,-0.007980513774125148,0.2533832379262143
91,-0.003984204385774336,-0.016999693409393307,0.2568920942371381
92,0.002394874213589533,-0.028156757486322515,0.25914906983805974
93,0.008530612810021076,-0.024729691707318646,0.26127473779316257
94,0.013290556444715409,-0.012096109831572804,0.2640491234020156
95,0.014035562827589797,-0.008864567309915715,0.2666648415204216
96,0.008621876596262089,-0.01934110443858665,0.26789449442881563
97,0.0008828101143404654,-0.028582344725158797,0.26754720664294684
98,0.00013837910347417465,-0.025416499116303316,0.26683172995780546
99,0.00688994081499477,-0.013812175924943416,0.2673121076388547
100,0.013274936030266568,-0.005689841581191957,0.2688914327228338
101,0.017273685786637828,-0.008802389840381758,0.2695065270389818
102,0.01899931038761095,-0.013584774466191774,0.267990574447013
103,0.017156623959121504,-0.008436932222009363,0.26507571282385256
104,0.01440132320164797,0.0008478809585407837,0.26147393561440213
105,0.01783526576980915,0.004560037992405522,0.25776814309115703
106,0.027959600893562114,0.0022580981120564753,0.2549480305372771
107,0.03404252465954796,0.002263868489242496,0.2531206554367992
108,0.0346758002131681,0.011638495262421972,0.2514855169819048
109,0.03717250007288152,0.02582236690552827,0.2499739505930011
110,0.03951464489554407,0.03373627715699914,0.2486896212339349
111,0.0378130439598245,0.02978054013375841,0.24676219044874537
112,0.033336638492685366,0.021428292903881416,0.24338538285892775
113,0.03186320648266318,0.019108375989954234,0.23880506149346115
114,0.03715394033771589,0.02289170985369743,0.23363663061922424
115,0.041949987365171484,0.022492090421867256,0.22778481228151604
116,0.04007987861759911,0.012662176228141336,0.22027187576166773
117,0.032853392058692366,0.004073149058629766,0.21034398399769838
118,0.024554659018182726,0.006031009461159156,0.19790934704002017
119,0.020765581297134794,0.015274740304148035,0.18335372850077059
120,0.018815412223116147,0.01955065427765798,0.16781491117083397
121,0.014719649703980417,0.010994913010558577,0.15193000576588706
122,0.012753638162401836,0.0013836365359990166,0.13564045533941554
123,0.013667284754366293,0.0033827406242857294,0.1194722459203591
124,0.01540022767374705,0.010183464094643463,0.10388448569534209
125,0.01568886107683618,0.009285212575161905,0.08891619702863424
126,0.01059506621204994,-0.0010298046814469497,0.07491365700783653
127,0.0069539352213046635,-0.011452829335907688,0.06266729494199519
128,0.010493899067317361,-0.013748063824650103,0.05244368568855695
129,0.01368164649996853,-0.009793366015743044,0.04405783111736783
130,0.014483799770359466,-0.009467621990035618,0.03709981784566728
131,0.015195347308398822,-0.02106543736112701,0.029791571428189112
132,0.014685961860194253,-0.035059746068145214,0.021131964741287985
133,0.013823319085852784,-0.03645538853596351,0.012311506965115494
134,0.014526979681532227,-0.028610524426770173,0.004043478620705733
135,0.01651497084010254,-0.02641972859117911,-0.0038883466024212943
136,0.01639996888642637,-0.03523727794911706,-0.011354489457497154
137,0.013466858838032697,-0.041849816323055844,-0.018247363962656228
138,0.011083771012686094,-0.03744411015537563,-0.025345538420208834
139,0.011170231117291304,-0.029443968124658437,-0.03306568608202974
140,0.011552131960452815,-0.028613896593161298,-0.04020837184831519
141,0.009100092832367145,-0.04056364959231762,-0.04565148644681272
142,0.0037407227131086816,-0.05402410672965119,-0.049592047095801534
143,-0.0006782400576459194,-0.05264126683961321,-0.05289506037916705
144,0.0008763359150070517,-0.041665024324637576,-0.0563249133476737
145,0.005606318538853416,-0.03870402013023924,-0.06050057550237961
146,0.0061295338552002435,-0.04833756204006926,-0.06510509464370345
147,0.0024705861054133763,-0.05957542668479038,-0.06879835360654085
148,0.001446940111321321,-0.06258222969605848,-0.07073117679421467
149,0.006256932611297519,-0.058829457764803555,-0.07051788610894408
150,0.010750696734736918,-0.05808812126848106,-0.06848385469500931
151,0.011211925448630273,-0.06873624127214645,-0.06570281617016926
152,0.006625207254003231,-0.08184083627093636,-0.06249904004017978
153,-0.0013589674046145372,-0.0793917528126519,-0.058467179495349964
154,-0.0018399035895958083,-0.06317055571460482,-0.05413930574796702
155,0.004452064724527306,-0.051517140705375525,-0.05039011035150015
156,0.008162298081994757,-0.05151700108000669,-0.0461921616064023
157,0.012210191396724437,-0.05468980623127581,-0.040394986913089306
158,0.016730786438666982,-0.05353442270312311,-0.0337880744324653
159,0.011997334279522591,-0.0482006825634648,-0.02751297580282784
160,0.0027343575291205527,-0.04462207974945928,-0.02230028522024502
161,0.0030313770267261647,-0.04830340507573175,-0.018218056155254694
162,0.010495233377248357,-0.046465847913064434,-0.013993773712081867
163,0.01501169400607352,-0.03548570627412519,-0.008597766810098842
164,0.014213011265413432,-0.04432142435187732,-0.0026243129416355856
165,0.008774277810011222,-0.07838277969481103,0.0034120170284922605
166,-0.0003697133470090433,-0.10604410904665362,0.009880285143634288
167,-0.00654892117553597,-0.10392361737295287,0.017094263128248924
168,-0.0051023557307674945,-0.0735736231221672,0.025277469600292507
169,-0.002171557254114262,-0.036527749912139085,0.03438038969669955
170,-0.0008727018792058956,-0.014279177817400679,0.04386909824029846
171,0.0018245611218285322,-0.006804589361568747,0.05340335337319473
172,0.0021082660021244162,-0.006811283410754487,0.06348995763673121
173,-0.00247321302310638,-0.016852881211260884,0.07441507969068123
174,-0.008934445357907998,-0.04042527548520858,0.08519476470036524
175,-0.014354392850968428,-0.0704252184910753,0.0948950617918059
176,-0.013003457589928461,-0.08784714196593607,0.1029237116623633
177,-0.004007494178070107,-0.07966182364148389,0.10872351603860675
178,0.0034614174563901198,-0.054170318445320775,0.11260138361558841
179,0.002007186444303845,-0.03197630366575155,0.11483397125605821
180,-0.0054929720426072845,-0.02595488631370202,0.11504120178207977
181,-0.010890986349839045,-0.025725359927593505,0.11370282606581655
182,-0.00996825661473474,-0.01886051265558264,0.11221986102800313
183,-0.006472597724699091,-0.017354769446818796,0.11098448667232391
184,-0.0053997048789053165,-0.03370832749716912,0.10948196922096415
185,-0.007529096804987175,-0.058942625989787945,0.10791437769741274
186,-0.01037690720368488,-0.07634489184650628,0.10701878852922492
187,-0.009815572533454414,-0.07687628136516067,0.10725959099819293
188,-0.007275470863893296,-0.0635033589508135,0.10888488608289387
189,-0.0057730872234675185,-0.05116544260662215,0.11177912008363372
190,-0.0040417213575631855,-0.050673214798114596,0.11507769582568877
191,-0.0021989714716228424,-0.05424035785571357,0.11800157483869389
192,0.0003943389105204101,-0.053031297534049116,0.12033734182123751
193,0.0033913126722208836,-0.053292259167256106,0.12136667615611596
194,0.002500339917185429,-0.06584923234490303,0.1201443917010862
195,-0.005108079714839217,-0.08725392088681849,0.11651008366325583
196,-0.01630484510768082,-0.10067547703370305,0.110846371702078
197,-0.02305852320603815,-0.09721213379072957,0.10381386576679152
198,-0.022227436200428562,-0.08280311337722479,0.0967213146568272
199,-0.019170919474207668,-0.07255554134773678,0.09149010310040578
200,-0.01601607610487113,-0.07812154482739464,0.08831339403329116
201,-0.011986600924412033,-0.08805963744013834,0.08563909255864663
202,-0.008362199618339422,-0.08581731487625399,0.08280704394104182
203,-0.003974039825180339,-0.07728287978730675,0.07983813813955995
204,-0.0016297190828395841,-0.07765658590927726,0.07661680896206235
205,-0.006139540002981947,-0.08924215312497896,0.07237941276800966
206,-0.016265506091974177,-0.10044935419318357,0.06611793263961963
207,-0.026939052002438887,-0.10373944768565102,0.058846433638972295
208,-0.03312537223942301,-0.09894528880750908,0.05282839758116342
209,-0.034870784064594096,-0.0922823427816426,0.04835875827294134
210,-0.036989135088504155,-0.0959967672137787,0.04433143080858944
211,-0.04448272921148311,-0.10610832267701875,0.04067967522252179
212,-0.05366734767092762,-0.10585585076710913,0.03904515999411293
213,-0.05404165996384602,-0.09453774774078594,0.04067185165125975
214,-0.04988842774476848,-0.08831022542143219,0.04481428923092284
215,-0.052278240018969566,-0.094183372973071,0.05107559068300696
216,-0.05612647053409779,-0.09856871420846558,0.05950001865105875
217,-0.053304427106303634,-0.09134182414547587,0.06874819177100813
218,-0.04687007029341968,-0.07991423358357008,0.07748824662503723
219,-0.04343601586189419,-0.07649867729712634,0.08504552117162556
220,-0.04391170056157795,-0.08342643977227726,0.0910770499618945
221,-0.04644624321192764,-0.0888357293892238,0.09660698214073696
222,-0.04810630941292651,-0.08363441735283955,0.10332372427085171
223,-0.04696120550356511,-0.07204966676310276,0.11165861910218011
224,-0.04801956303487613,-0.065666975533479,0.120872936023527
225,-0.05255827154875651,-0.06955355971930832,0.13060828892427195
226,-0.054438924546701545,-0.07370786780524252,0.14071401185761762
227,-0.05061072063762231,-0.06865239002219203,0.15004948461519363
228,-0.044825412018119126,-0.05810346740961814,0.1578530637702058
229,-0.04268159510727773,-0.055518700550138855,0.16435803475372457
230,-0.04429706544867021,-0.06696994758569397,0.1694213446548103
231,-0.047351746300811265,-0.07897894194401534,0.17326259536587518
232,-0.05029643433761341,-0.07731414000560016,0.1768179289399318
233,-0.05075193272357274,-0.06617711178480323,0.18026523362316366
234,-0.0485324980480059,-0.060318752889941485,0.1826809513166538
235,-0.045641761541143355,-0.06414742013683006,0.1833513222514348
236,-0.044629270926241325,-0.06934925102391976,0.18284688910342128
237,-0.04658482014088558,-0.07222741164282942,0.18223470868791047
238,-0.04961671620975254,-0.07514761058694214,0.18181118684668773
239,-0.04899653176021529,-0.08262696754793897,0.18053136936022707
240,-0.04299682668860558,-0.09774703969811749,0.17776143693906338
241,-0.040360605883665024,-0.11050400198404853,0.17533326689608664
242,-0.046894108862243655,-0.10697024772905883,0.17490038059766216
243,-0.05177747701984381,-0.09099754318473618,0.17629412696111008
244,-0.04737278076750179,-0.07767896457450063,0.1790860994218506
245,-0.04075971487159083,-0.06979032136560381,0.18316197313347532
246,-0.0352196104582465,-0.061452818736552395,0.1880149909886677
247,-0.02904368993093359,-0.04940937017889879,0.19235546135278647
248,-0.02424691340880611,-0.03598231205769553,0.19560094300357278
249,-0.02359692426297974,-0.03188908084303077,0.19762916599177593
250,-0.027406996946267304,-0.041252448958727816,0.19840019956010446
251,-0.03196390419665271,-0.04959993107904481,0.19856158104599553
252,-0.033851366974724156,-0.040919050062494355,0.19914105419291606
253,-0.03432985115516366,-0.021149432584450123,0.20084551622356178
254,-0.0323225719396719,-0.008191893459345456,0.20358336522331744
255,-0.028630195755843753,-0.005905289754644549,0.2075781975759416
0,-0.028227096206336247,-0.005437930730997298,0.21293263629237924
1,-0.026552152756630046,-0.000013618802273185349,0.21870917412479562
2,-0.021643146824172482,0.00772026341650639,0.22392877352860896
3,-0.02293953650073463,0.004786183499985164,0.2279702700739209
4,-0.03199781153053613,-0.013711733523528391,0.23044651328991161
5,-0.039839255774647975,-0.030202107647516074,0.23195956926371386
6,-0.04041268436074728,-0.028664686396739913,0.233982785433551
7,-0.034605769453561516,-0.01559186658180356,0.23707331368274998
8,-0.030185996902773272,-0.00804838261911378,0.24071874915546365
9,-0.03401724118645855,-0.009358593862655806,0.2453445164011061
10,-0.040186769119883586,-0.008569701797231322,0.25216080569356425
11,-0.04047514534589197,-0.0046658829761410114,0.26112914837598644
12,-0.03497178287949437,-0.006503223380886436,0.2718801344215559
13,-0.028548136612095043,-0.015137343408122783,0.2844338485450211
14,-0.0255063022814722,-0.027230147914373504,0.2981894799083018
15,-0.02747371983487927,-0.037512669262911635,0.3127318895511264
16,-0.03574146192584122,-0.035907313860210704,0.3279178908559923
17,-0.04567074500546223,-0.024254447068693896,0.3428367994428141
18,-0.04976631622906911,-0.015969641609885732,0.3565746474800684
19,-0.049263153597658524,-0.013508657565467652,0.36922073188868665
20,-0.04854636247074254,-0.00975211176131413,0.38085465368071514
21,-0.04748759824870516,-0.0036648432518339713,0.3914192489176228
22,-0.04628609738996084,0.0019866595675305243,0.40172149352966824
23,-0.04526796516361048,0.002058241055840293,0.4120394495465607
24,-0.042369286798031314,-0.00843087852222918,0.4215306774233065
25,-0.037230166510523896,-0.019065388723836896,0.4296563976625756
26,-0.032535338549842086,-0.017653576299932694,0.4362405773776017
27,-0.030210216819733376,-0.007538109701800549,0.44124709625108727
28,-0.02854266382150014,0.0017759641108700541,0.4444455210197422
29,-0.02529433516529965,0.006175340380859595,0.44577262732592016
30,-0.022354826650852477,0.008370490929663743,0.4458083194371294
31,-0.024226700593221268,0.009591776809607933,0.4450257816775851
32,-0.031819502844227715,0.009592514949947645,0.443863269984625
33,-0.04114715937563326,0.006528223015655199,0.4424259104649857
34,-0.046563415003658265,-0.0019793842465115064,0.44014849941234013
35,-0.045425159434130835,-0.008789828602124905,0.4369522756884936
36,-0.04156722717652052,-0.004119047605209564,0.4332164660098523
37,-0.0379945541873906,0.00961061418148998,0.428610996834615
38,-0.03317609686766343,0.0192541901480342,0.42266137790369185
39,-0.027742772395921794,0.019242774307367982,0.41593733913660014
40,-0.02454649455227559,0.01891241288347606,0.4097260020511506
41,-0.02605454253894539,0.023320608882579058,0.404838222125407
42,-0.032205572379372424,0.02610696635148002,0.40110553132993143
43,-0.037821703562827255,0.022765586062233695,0.3976496537181875
44,-0.037477632150075324,0.015629097479190668,0.39340022458572066
45,-0.03241863606835625,0.011166528889470978,0.38782279728228086
46,-0.026614433362699627,0.014663552449026535,0.3814044554108815
47,-0.02244209424277406,0.02196158510214244,0.37442604891831044
48,-0.02237254416914107,0.023315086991178235,0.3663462002522748
49,-0.02662798042038754,0.018709299379845112,0.35727962250129586
50,-0.028602139626152268,0.019592254437390905,0.34791480625258253
51,-0.02443377529292374,0.029015694174883797,0.3385190865920181
52,-0.022141502336958954,0.03721760779125202,0.3293561585717413
53,-0.02449043347022327,0.035032527329056595,0.3202210610139943
54,-0.026377142276799034,0.020556742915444876,0.3099918022697966
55,-0.028950058711417682,0.0046339845476712355,0.2985159412109536
56,-0.03200768480871724,0.003328343497107422,0.28701264916104674
57,-0.03219973886368803,0.017718134712622485,0.27576120940637894
58,-0.03069583429562235,0.029607429176635114,0.2641214753540877
59,-0.03000229528639463,0.027467087518546818,0.252259972247627
60,-0.02997145750025995,0.02291200213610428,0.24023248802755093
61,-0.0297878893028969,0.028407016721840997,0.2274524440213822
62,-0.031982490192688035,0.0393120965972661,0.21356508228388615
63,-0.03543582616333729,0.04044157395547206,0.19848848299009203
64,-0.03614647012678719,0.02825758767890746,0.18265447021634623
65,-0.035501839553798376,0.020229074020072194,0.16666654171400452
66,-0.03396339405540258,0.027759459340617132,0.15089158935449337
67,-0.029856296647901792,0.03949707350716905,0.13590342807660738
68,-0.026129505880362308,0.040859731483779194,0.1219793940417439
69,-0.02571481712628919,0.03369798204610344,0.10910867614244413
70,-0.02473234591214858,0.030138895951175998,0.09772029914879116
71,-0.021891554974215403,0.035212989484541636,0.08814972376307437
72,-0.01882626283071357,0.04232068664645011,0.08031661372865803
73,-0.014553146029655888,0.045084659598741667,0.07370499476771605
74,-0.010676368165110472,0.04304203512000087,0.06741096860922374
75,-0.009400900707960628,0.041337457097667965,0.061483727832875285
76,-0.008512919749721168,0.047838179864701125,0.05646287073217471
77,-0.006658125780872007,0.05952787515196739,0.05176041243083118
78,-0.0071770656806956976,0.063338858940376,0.0469906555405529
79,-0.008246379565189949,0.057683506358753744,0.04295084080315606
80,-0.0055029350532085075,0.054706021520935955,0.04051074530876385
81,-0.001609312287669619,0.06006022633111238,0.039904789331911814
82,-0.00023114929824296152,0.06855807333252399,0.0412408641736596
83,0.0011350315824645643,0.06976801609599197,0.04418753900757859
84,0.003829270524072975,0.059772626196196985,0.04723195186451799
85,0.0033518866813369193,0.05273329818538805,0.04965554875575044
86,-0.0013190847356573387,0.0615965353192415,0.0520368385662065
87,-0.006458236165125857,0.0771311561079826,0.054159010455500894
88,-0.0107562042845379,0.08192703485425085,0.05544778767290942
89,-0.012315939132792705,0.07584997200551169,0.05598188185178901
90,-0.007710027219692467,0.0726577649095762,0.056058879050072674
91,-0.001977038090096861,0.07645842632957353,0.05580374814502806
92,0.000514353039001339,0.08300219825914706,0.05582347873767618
93,0.00621218067554042,0.08560266174685974,0.05682887725549836
94,0.010712271743514627,0.07837420127404121,0.0580031105239196
95,0.0028534710659821605,0.07245757230186961,0.05858339000525094
96,-0.010899827024159023,0.07935833881085724,0.05864202760196455
97,-0.020677424997467886,0.08805274102817373,0.05803028062977983
98,-0.020876227785751517,0.08636972374557234,0.057047511583989324
99,-0.01150430233274398,0.08038223176639603,0.056090699961596574
100,-0.002743890992745801,0.08177302383916996,0.05463520196766364
101,-0.0012878335637431793,0.09076468019139922,0.05206933168510988
102,-0.0032656506573948696,0.09865977538636564,0.048691377943500425
103,-0.0006016738290319096,0.09744810295449069,0.04493962423840804
104,0.006139730405656713,0.08647078749128095,0.04113202212593539
105,0.011591793323615221,0.07819102331976008,0.03769363775420423
106,0.017116506337429616,0.08200082374342926,0.03444587646927939
107,0.023335629462850394,0.09004243696303693,0.03051507032387621
108,0.026716094210403885,0.09023824274939979,0.025849602724317952
109,0.023934848357164154,0.08306422330305124,0.022042709267760335
110,0.01619686439604924,0.07936018745825754,0.020904981905224135
111,0.012747068009831906,0.08208046019652437,0.023147161620142548
112,0.017143406270737543,0.0860603032868089,0.027948518614365585
113,0.019927896753476823,0.08649595350531586,0.03490606695432277
114,0.01759010113186854,0.07944654657449589,0.0456378865556454
115,0.018033424137955584,0.07276573048249058,0.06121694315776872
116,0.02421194083269837,0.07809089348220466,0.07976722521808831
117,0.02955356654108074,0.0864881869844642,0.09713848297146799
118,0.027464689410786614,0.08480868266227776,0.11026724292098294
119,0.019555985624282166,0.07820314564978803,0.11833299424048294
120,0.012850035581389495,0.07680960981528631,0.11961003215163424
121,0.01128701093558531,0.08083104048196754,0.11049291646029114
122,0.014340333221168608,0.08512533297167416,0.08854258381422486
123,0.01888377476971144,0.08362646489640563,0.05152947326414692
124,0.02050781372449434,0.07396322485993145,-0.0024733789647001236
125,0.019802137296006384,0.06650604176308694,-0.0692463825360834
126,0.02231235852330793,0.07039508669799666,-0.1402229655101523
127,0.030008713947955595,0.07852691436758741,-0.20767420532271608
128,0.037472613628068197,0.08019523104076942,-0.26560406517511714
129,0.03952737422346311,0.07468449260918411,-0.3105990643426455
130,0.03621847177522816,0.0693028960037218,-0.3425173756894042
131,0.02976471591300238,0.06929294120428309,-0.3616039950639962
132,0.025270692011996672,0.07454004253239346,-0.3654854596375199
133,0.02557383564552671,0.0799081353212461,-0.35259774362008534
134,0.02620861468015368,0.07862781598681762,-0.32498774328313784
135,0.022133516509093246,0.07718415316998906,-0.28685331326669583
136,0.017472044723974192,0.08534472073716104,-0.24312336816132207
137,0.0195265656062793,0.09570419762248811,-0.19819964421324288
138,0.02499058733209282,0.09605846916554173,-0.1552588129675051
139,0.027090996815451795,0.08674583345302034,-0.115769922542789
140,0.02605176667897645,0.08052789002544647,-0.08036471115899868
141,0.024240798172791622,0.08629710662574092,-0.04971249285053206
142,0.025318877744887648,0.09769995947051224,-0.02387908424252483
143,0.03135372579129865,0.10096603657851441,-0.002660814759564284
144,0.03551687518908412,0.09173323918155216,0.01523555985277801
145,0.03339332200879923,0.08156221853874313,0.031775292333766414
146,0.03076260006879962,0.0804981303948803,0.04723519360257858
147,0.030552907534972154,0.08496136582636687,0.06051926728287413
148,0.029887611761007474,0.08474069436523618,0.0703463178818034
149,0.027994419454851496,0.07491395139040591,0.07637066570034431
150,0.027708914155049447,0.06489500270879889,0.07980756197768471
151,0.02829746940311534,0.06667835781290515,0.08245571906823942
152,0.026285411136282938,0.07447528025432122,0.08530539988610203
153,0.022955896462802765,0.07428907188176195,0.08899114508144518
154,0.020047128293810147,0.06372105793561195,0.09464928238562129
155,0.018803251779818772,0.053783490895061625,0.10229403278344834
156,0.021570227464105897,0.05377429721120683,0.11041726741298186
157,0.025089785044312723,0.057951931878179014,0.11807585700786549
158,0.024803653908915355,0.054446603206334376,0.1250748564225428
159,0.02221040694682659,0.04125406573262472,0.13076097236941003
160,0.018416555178443164,0.030052138477472262,0.1346659965230066
161,0.014635546199693067,0.0283152296833725,0.13738904976419264
162,0.013403727601066104,0.03253670712740009,0.140195691167942
163,0.01335159221397697,0.03601988361495824,0.1439710551948567
164,0.01159465038059494,0.031141171666401818,0.14836210876306338
165,0.006008929063421124,0.01957111305131541,0.15290083126646165
166,0.0025803307898749723,0.014062271030479079,0.15804353132050214
167,0.008885743419824102,0.018008477026587838,0.16401535843626136
168,0.01576431103590072,0.0165508359645464,0.17038745258670202
169,0.015812906673519034,0.0036628476836715607,0.1762823954780358
170,0.013864162233251542,-0.007708029769714589,0.18046382255698368
171,0.014282702743070412,-0.006702788569182355,0.18249750193120318
172,0.01848743233794846,0.0015649873346585685,0.18284582055113086
173,0.020677446959696803,0.002209973744451338,0.1815196553283387
174,0.01788704615437036,-0.007109202667027692,0.17841412338524198
175,0.016981605343887193,-0.015008373807870942,0.17498928028263316
176,0.01922885712325409,-0.012087495712697655,0.17305496460246722
177,0.020069559432736812,-0.0008191527957423922,0.17247411731377327
178,0.01820705150934626,0.0032913229582961223,0.17215000315867668
179,0.017124771902043492,-0.00470026427517764,0.17181857419214236
180,0.02288713737153346,-0.011156999865378672,0.17144754046402033
181,0.033445718789950125,-0.008591298775263725,0.17004529361077014
182,0.038842609823148494,-0.0038461770999853873,0.1670836675528995
183,0.0341489399058164,-0.006666875156245727,0.1635584525203349
184,0.0262143866457214,-0.016767184227867465,0.15991345510603688
185,0.023432684952684274,-0.02273321827768579,0.1551736778703478
186,0.021970295916721103,-0.017218318068170133,0.14853682188125072
187,0.017011951563604147,-0.008657073530462217,0.13991328469135172
188,0.012880207633060782,-0.008346715041023522,0.12949151882657767
189,0.010790854263531949,-0.014426719468354637,0.1180066061469458
190,0.006715216553922897,-0.02055140252085451,0.10609448910715635
191,0.0016554368083102622,-0.022939550431332237,0.09367664475496962
192,-0.0004598611939325495,-0.02041946704273631,0.08108850882465901
193,-0.00179741093930633,-0.019652603252724027,0.06828674804015189
194,-0.004527264691297571,-0.025949469812540676,0.054404083763638145
195,-0.0039674166727477304,-0.0311586052891534,0.0400661376830915
196,0.0017809327547245526,-0.028161061782028575,0.026671616280518333
197,0.008112272829061733,-0.026233567079496548,0.014487742664472447
198,0.009372451350026454,-0.03524201572842003,0.0035180962858240017
199,0.004209601402021984,-0.0507618050006004,-0.0067282127977910805
200,-0.0017282006172164334,-0.06053636362126493,-0.017517815856902697
201,-0.002724380058928687,-0.05749644898536602,-0.028586959522561184
202,-0.00006964815862427545,-0.04892468235622707,-0.03837048497075109
203,0.00025547899206378004,-0.04760705091822831,-0.04672538930007794
204,-0.0029134450522347276,-0.056080947372793455,-0.05520182119177054
205,-0.0052112399296577565,-0.06116881683872977,-0.06500506959005595
206,-0.00659202991384255,-0.05230793610465616,-0.07615792107025854
207,-0.006966975649190153,-0.040200443319902364,-0.08835037219275166
208,-0.004016253803853884,-0.03939476602403895,-0.10077591797520397
209,-0.001558540740418092,-0.04443979393057158,-0.11205497584505447
210,-0.002387988621445583,-0.04055460759919115,-0.12125058130308891
211,-0.0025023041367927545,-0.027922275113431858,-0.1280572099970691
212,0.0013413527793587933,-0.01921017968286945,-0.1324680356560637
213,0.007223047953740999,-0.023074184712138707,-0.13542215365151966
214,0.010122472552915124,-0.033697512316452904,-0.13861696922433575
215,0.011779704763682668,-0.035120470405705206,-0.14268516148249122
216,0.016332957110436974,-0.022261050983053407,-0.14682919856273868
217,0.01809147782616575,-0.009084792448230475,-0.15050359429214571
218,0.012791076057732803,-0.00720519711752797,-0.15391583753809202
219,0.004502709434292443,-0.009049815994467678,-0.1575589587602173
220,-0.0009948227597308748,-0.0010004837708950387,-0.16173164450303085
221,-0.0009839636485286102,0.017889819860192682,-0.16593379840131728
222,0.003239705264227871,0.03719635702852617,-0.1699349275863346
223,0.00811640686527804,0.04745630690975508,-0.17403143032960183
224,0.010627504291042367,0.04700572534852773,-0.17753736907118745
225,0.012902271451290456,0.04331812336662347,-0.1795536680188382
226,0.016239793834489487,0.042589426881501635,-0.18083271019828362
227,0.01647058518664162,0.04114567760835586,-0.18199675927514386
228,0.01333871242744214,0.03626912281481709,-0.1816942797581263
229,0.010895184139665684,0.02910407406683438,-0.17917039454816325
230,0.008777109629893143,0.0229691369088329,-0.1758857658163771
231,0.0044491929930651625,0.023691026154245787,-0.1732219460857845
232,0.00048532908033034616,0.029845031266352864,-0.1706316785260657
233,-0.0001682568457815961,0.030727433726723513,-0.16736736172810251
234,0.00037650226263249986,0.020922929111425362,-0.16384328867727
235,0.00019116210869049577,0.013116214475998117,-0.16003731921152115
236,0.00020053716699448831,0.019457949671487812,-0.1554888319930905
237,0.002403065012383049,0.03293101052431713,-0.1512872449844631
238,0.004722048121935128,0.04109358433124122,-0.14919809971087916
239,0.00342946528544788,0.04563919036984662,-0.14941386109654486
240,0.0012626436967948101,0.055636982480076064,-0.15178613068156327
241,0.0023338244810080094,0.0698028938087348,-0.1565481810551309
242,0.003173164227795282,0.08089532163973993,-0.16322494137464916
243,-0.0012035732764688403,0.07410857874087864,-0.17128227145195835
244,-0.005225959742733835,0.043019007203062454,-0.18057646398903843
245,-0.0004869876455057959,0.011999285049182573,-0.1903498403486803
246,0.010648685086354817,0.0035123088986648288,-0.19904852607280066
247,0.019949075699165694,0.008142591923107678,-0.20601678865993955
248,0.022997306235536086,0.009329223243905643,-0.21164009308813103
249,0.01940188798783536,0.009692977401876746,-0.21642429547761777
250,0.010512176989226935,0.010998679657778732,-0.22141369062567084
251,0.0019322406478740062,0.003672540146667569,-0.22734539739096915
252,0.0006776854165924662,-0.010495027580806254,-0.2336885249203282
253,0.005824916052175819,-0.017333724804080672,-0.2401890190419551
254,0.009045617613627016,-0.011289850567369503,-0.24713464088162973
255,0.0049700086397816146,0.004816264923483554,-0.25423969528021684
0,-0.0015188171140338713,0.02643387471718464,-0.2616297791342085
1,-0.003237726206339858,0.039217351856088795,-0.2701634976881856
2,0.000027837495377255883,0.03351748778247324,-0.2801300389346636
3,0.0030943596466095347,0.020893821644325114,-0.29104228036385993
4,0.0033992363031322415,0.017871509773217206,-0.3018511725056695
5,0.00509947138934444,0.027192426094543733,-0.3112215232244755
6,0.010208464022400845,0.04015588533157491,-0.3188761615012775
7,0.014484396388480064,0.04598647280595364,-0.32597106844795076
8,0.01261308167239733,0.03928472734761543,-0.3333278447374566
9,0.004896377760891635,0.03000945240052083,-0.34061413555455466
10,-0.001827939291074901,0.03161619881366903,-0.34736914913308703
11,-0.0023683324529528427,0.037534922154701805,-0.3536670899897585
12,-0.0014408496672617815,0.03359653599668869,-0.35953113013926863
13,-0.008403866046919534,0.021634148413479472,-0.3646279759702634
14,-0.019726435344429166,0.01276856522706174,-0.369081670924432
15,-0.02365631752715211,0.012975756555960699,-0.3733337188661171
16,-0.021208277125809236,0.01978005716709838,-0.3781876655157881
17,-0.02271800572344146,0.025062102764108946,-0.38457731037806464
18,-0.030601547816201613,0.02393116942329296,-0.39214752315324186
19,-0.03725092277490036,0.022660974257701,-0.3993176859019836
20,-0.035797232658099226,0.029174670854915263,-0.4045141910284955
21,-0.029352619174267736,0.03803798071870981,-0.4077030930453709
22,-0.026838522045401048,0.036864636110439,-0.41063951837549006
23,-0.027225404337699377,0.02652886341753878,-0.4143371199289898
24,-0.02656406256459142,0.01702752390115045,-0.4177108480441274
25,-0.027060405313556427,0.010419330771338262,-0.4190822462554682
26,-0.027803098111341476,0.007470294033807501,-0.41779853552030777
27,-0.03098470994305013,0.007441757187630987,-0.41527130565269554
28,-0.03864806245167607,0.004914200558648413,-0.41339932056411977
29,-0.04274259866389127,0.0043370272405121035,-0.41162326869458266
30,-0.040570620840188615,0.013284337232478002,-0.40805592065147844
31,-0.038664869393051554,0.022479753464911684,-0.4027228508183234
32,-0.037519150932551926,0.017955840511272594,-0.3968402643239002
33,-0.033102772202411826,0.0035204716810397635,-0.39062375529034
34,-0.02498665448763509,-0.005739134629727513,-0.3840353275645849
35,-0.019261161936353,-0.0033666156276841025,-0.3770826233929109
36,-0.02123034802624791,0.0016296983939949744,-0.3685031144691687
37,-0.025239380080705635,-0.0003674137039066383,-0.35737185081316447
38,-0.02554342491736753,-0.0066553400687309194,-0.3447687924037579
39,-0.025526822887592032,-0.009688904181992114,-0.3323674824780124
40,-0.02944172271651896,-0.0051509518061945495,-0.321564222817188
41,-0.03824171077117172,0.0024282862647204695,-0.31285279560838153
42,-0.046640324816490164,0.0021953836603360866,-0.3058681410612407
43,-0.04546163616064254,-0.005463650498317582,-0.3003538911190031
44,-0.03777966419843788,-0.00835926744939608,-0.29652506836066717
45,-0.034156668915539465,-0.0022987646159777914,-0.2946927443156464
46,-0.034262599702147054,0.0048925393799781475,-0.29441716443791854
47,-0.031883206832302405,0.0028346757633306713,-0.2951781629513027
48,-0.029091159013892268,-0.009280759598371435,-0.297492635464204
49,-0.029932909451411235,-0.018472557652233865,-0.301713200370047
50,-0.03230047905475028,-0.018757523245871266,-0.3069023967240858
51,-0.03409697835515628,-0.018795706253570806,-0.3115342091080635
52,-0.03221151270565903,-0.02345336753243283,-0.3144514265578452
53,-0.027555067200354624,-0.028530264579746337,-0.31586173121469474
54,-0.025632831368027367,-0.028465537406268282,-0.31709020475135774
55,-0.024410387279791224,-0.022722571459310795,-0.3192036495876306
56,-0.02188466042962997,-0.018620814007097614,-0.32241994045180533
57,-0.02122699114713151,-0.023432363246323945,-0.32655425038407493
58,-0.024345568374755912,-0.03185961564266915,-0.33108251728546423
59,-0.027241082102911145,-0.029449156603557944,-0.3347514655614765
60,-0.025527932663368717,-0.012780697100075004,-0.3367108505132308
61,-0.023261326371863608,0.0029730764325191367,-0.33749084131356333
62,-0.024178962574804994,0.0021186377330282904,-0.3381858147523651
63,-0.02730912456608632,-0.011009703446566238,-0.34009783328020626
64,-0.027404846059557522,-0.01646952527240133,-0.34434288220887843
65,-0.02050308985275906,-0.005412453546103098,-0.3504843623447792
66,-0.012769011405841496,0.010048592964646032,-0.3571309918187169
67,-0.009161831968567208,0.014481175898321819,-0.36346619807220426
68,-0.008690173857048747,0.0070905078683247,-0.3689643544262333
69,-0.010175358533496836,0.00048389648751698267,-0.37318540276523937
70,-0.009817537454963925,0.0008630388513860277,-0.37653879124835676
71,-0.006134712211128577,0.0011484636368249423,-0.3804521078760179
72,-0.0036992722962844067,-0.00465228844952606,-0.385742734978507
73,-0.0036643606030637137,-0.01312187118169833,-0.39140088564384845
74,-0.0032818887963929552,-0.015662837814502326,-0.39582888387948945
75,-0.002557382454086543,-0.008718249444697346,-0.3986816303788573
76,-0.00022557200991774745,0.0007408504702922369,-0.4007918211224466
77,0.0051691481837974375,0.005071760595173086,-0.4031304241894188
78,0.009205415629073697,0.005184993746522926,-0.4071247461226697
79,0.00902247259091609,0.00764088423232695,-0.4134926212981074
80,0.00937799400580596,0.014943455386621687,-0.42117018408749485
81,0.011429931487058662,0.019820636802520913,-0.42868846580666564
82,0.010142392074440676,0.019699386966061577,-0.4349713620294695
83,0.007264559394552499,0.020538652485625752,-0.4400001933476865
84,0.005466926038484237,0.02311853048882853,-0.44474513448661224
85,0.002250196799402117,0.026680522995651296,-0.4492645510721691
86,0.0008744086596370777,0.031149771234032494,-0.4527197740532809
87,0.0030537448859154354,0.03019848887022665,-0.4553468449055056
88,0.004223696589241915,0.020164351521720525,-0.4582804946697314
89,0.0046079746943426085,0.011965397258750538,-0.4622719119578058
90,0.007392757085071616,0.016473802175031693,-0.4675670578844946
91,0.012291913040776134,0.023824688756362594,-0.4740182440408751
92,0.015239837270218035,0.01984885544971038,-0.48114165499988015
93,0.01579919517699864,0.009580028922589079,-0.48831601842269956
94,0.018771415390569375,0.007445205764047821,-0.49453201983913764
95,0.022562466068634858,0.015705110733424038,-0.49858061662473174
96,0.023669909498794044,0.02291176136510338,-0.5001992518105653
97,0.02572253244341962,0.02183112150807129,-0.5010362769922334
98,0.02813059639984554,0.017879688410601363,-0.503046348576593
99,0.027492250211634692,0.02140745557838622,-0.5061594624216856
100,0.026202573721138947,0.03238226351284833,-0.509606903764988
101,0.027544975176339165,0.036079673837203785,-0.5133806970566277
102,0.031175888081383524,0.023376287354650194,-0.5173463021435856
103,0.03277119453791549,0.0038214529603178282,-0.5210463686867981
104,0.03227975562088582,-0.0038756886567462567,-0.5242593910223574
105,0.03380962050502581,0.006995374339159727,-0.5269411322412592
106,0.036528048685602346,0.022195161664816998,-0.5291321223467038
107,0.03660126630571657,0.02719633760367618,-0.5312442536379367
108,0.03424541053302142,0.02388225983759737,-0.5336083805629925
109,0.03189302305756009,0.023714376236018936,-0.5358564001837913
110,0.03082830243991949,0.031685614056012,-0.5377495141475563
111,0.0325603728229312,0.04150403388031165,-0.5397175264348217
112,0.034592608851528484,0.04492237803816035,-0.5414305742915593
113,0.03148599011774597,0.04067434175468182,-0.5418481776271427
114,0.027014053017412595,0.037738749268135086,-0.540791921575221
115,0.027587202844196565,0.042262574920458915,-0.5381423042570157
116,0.030234625498982426,0.04580220084441913,-0.5334763029003495
117,0.03189358147041074,0.03745311504770707,-0.5275215323240148
118,0.03232802829007336,0.021504606546287497,-0.5208047123117681
119,0.031204305113360475,0.01606206978335603,-0.5123320296935674
120,0.030133002497569783,0.025397758920245206,-0.5017532464854171
121,0.031727564072674894,0.03486119935203835,-0.4899753842574808
122,0.033987186598322325,0.035321284471026615,-0.4781613578048718
123,0.031451180968942186,0.029033403633518085,-0.4677158935099557
124,0.024125095550530593,0.02404016889306229,-0.45952699389096097
125,0.018117475510053105,0.02498248352320022,-0.4530873328012004
126,0.016505768591127068,0.027875429578566757,-0.4477202921489849
127,0.015469038095178484,0.025579145743042875,-0.4435290893903363
128,0.011447661062285987,0.016017806832515635,-0.44082702254369144
129,0.006575782721349548,0.008542639990549578,-0.4396189494372449
130,0.006026606123854214,0.013261968170360183,-0.43961361403169485
131,0.010108505297536208,0.025562228960044592,-0.44048945704948417
132,0.014904287303112246,0.030142998202847687,-0.44142496824893884
133,0.016292789745154537,0.0220069969453541,-0.441859266156752
134,0.012054604760302602,0.012121710156388604,-0.44233509847323216
135,0.003951937163269553,0.010098933719763975,-0.4426930568196108
136,-0.001585723080121268,0.014915142760061478,-0.4420685597241414
137,0.00022999573813294039,0.016181527903588122,-0.44091177696624917
138,0.0021097165202704563,0.009296620665509236,-0.44008307662183244
139,-0.000916313150752298,0.004945972262060727,-0.4394675783230486
140,-0.002828221601438252,0.006553031700869599,-0.4389325113214868
141,-0.0026191656259668752,0.0013262383088355756,-0.43915666617982385
142,-0.003300390173638805,-0.01661617652704847,-0.4401462409095065
143,-0.0018373055615145753,-0.03433920418004002,-0.4407592177952693
144,0.00256914218100409,-0.036524206510377105,-0.440266026305866
145,0.002640102040249087,-0.027987795098513457,-0.43853911932355905
146,-0.0038480343381171594,-0.02281165743972402,-0.43586592424887005
147,-0.0072588019166708595,-0.02223849439122988,-0.43290206339566395
148,-0.004088659803254045,-0.02429055173164618,-0.4299820115805639
149,-0.0020972578570756482,-0.02977441235976469,-0.42694153677019653
150,-0.002087829139641076,-0.03532807992364459,-0.42384611705577213
151,-0.002372492631288539,-0.038182198775220194,-0.42050519299424294
152,-0.0041008962813800995,-0.040965440997105945,-0.4164552488994835
153,-0.0032004860068024776,-0.04380808937959765,-0.4121484062303502
154,0.0012939215808244545,-0.040836847052620695,-0.40825157834615955
155,0.003623855097915768,-0.032907890331515005,-0.40463040049133037
156,0.003639123654354086,-0.03080474161882657,-0.40083341434880015
157,0.004668056016685761,-0.03936765546263166,-0.39706768547273064
158,0.005368076173724916,-0.05173633880224954,-0.39416811811961927
159,0.005502140518838593,-0.05569536240370637,-0.39208497441322865
160,0.003695450228767338,-0.04704682169025173,-0.3897762132337237
161,-0.0018391619283493407,-0.037810695975295905,-0.38705911868994003
162,-0.007302090653118303,-0.03779917430451199,-0.3846265781955135
163,-0.0105854296977223,-0.04056692585434435,-0.3831716371718704
164,-0.012571167826109397,-0.03689640475798556,-0.38328235383860754
165,-0.01480618932024284,-0.028739940864419083,-0.38439800613521213
166,-0.014674384209617655,-0.022909662473281217,-0.3850164353737535
167,-0.009706676870860832,-0.025652886451516255,-0.3848031571773485
168,-0.004357244844302367,-0.03718498787991581,-0.38381883999215294
169,0.00005996477776050446,-0.04498433320943013,-0.3812599853496901
170,0.006152788420519466,-0.03800969453159385,-0.3775727784622376
171,0.01235712979587033,-0.025447363144109586,-0.374693279938371
172,0.015057825433998029,-0.02240882568019198,-0.37226048674590917
173,0.01604154111106494,-0.025117882901198707,-0.3680027391359083
174,0.0185564267163998,-0.024138279786284633,-0.36243741219091663
175,0.021658122474537536,-0.020775096151709527,-0.357511500159832
176,0.022345791192206976,-0.023198341927186172,-0.35340339658366315
177,0.01980218957870082,-0.03331384610992949,-0.3497104171766189
178,0.016019916467964832,-0.04090022435972862,-0.3460717088557389
179,0.013845100315031658,-0.03681261417992911,-0.34189658606947415
180,0.014965201915652194,-0.023820819281128,-0.3373323250240299
181,0.01628162179863268,-0.013393239248171068,-0.33304013311717195
182,0.0135815498444694,-0.013630435861586354,-0.3291563630885931
183,0.010558758348474272,-0.02111106189519471,-0.32551136706198125
184,0.012127834865895595,-0.022941430078798265,-0.3218627158361528
185,0.014225384153991175,-0.01562883823609109,-0.3179978544011791
186,0.01296717959196407,-0.01102074176351131,-0.31383992451258347
187,0.01119351808589164,-0.016270264673303253,-0.30982736393919375
188,0.009895431719087733,-0.02474405375268665,-0.30663568135422425
189,0.007114256731594836,-0.027575422782527198,-0.3043126203238151
190,0.005481236261679907,-0.026850082542710863,-0.3028496251723185
191,0.005577661785184266,-0.02963116295910949,-0.3021869464702407
192,0.003161379644136611,-0.03535809546082888,-0.30155657057257934
193,0.0006002840655579596,-0.03796452745383893,-0.3001780206508272
194,0.0021090271357676396,-0.03328535508071456,-0.29790326675676526
195,0.003879170874894894,-0.0213170112324845,-0.2949176294924365
196,0.004253124024379766,-0.008639815769887538,-0.2913630083590316
197,0.006905682355816598,-0.006485509912421472,-0.287445171065177
198,0.009087738924489878,-0.01925583596447944,-0.2833760581848722
199,0.007169470477345369,-0.03240963183231396,-0.27928705423254785
200,0.005572677253932427,-0.03194964594847742,-0.2747896520387145
201,0.005730326478686017,-0.028088419572058376,-0.2693117590111842
202,0.0035570257518411155,-0.0337461128738199,-0.26320346186152077
203,-0.0002343660397217881,-0.04514610799600184,-0.25692908917262314
204,-0.0008379030502754098,-0.04807735283903396,-0.2504306272347251
205,0.0032636488555896,-0.03812516426905263,-0.24386855005677488
206,0.009510088432659377,-0.02952800909726766,-0.2380624239937349
207,0.01213499738606773,-0.031165062355202,-0.23363069658578783
208,0.006187193301216674,-0.03439067918092356,-0.23021866527990353
209,-0.0011133861350610605,-0.032720857151969804,-0.226506395783322
210,-0.0014896367138101142,-0.031002237320780085,-0.22173966367021858
211,-0.0006826349214457267,-0.0350280387835801,-0.21661839503326252
212,-0.004049404442366976,-0.04339020301125576,-0.21157006226463304
213,-0.006881484567641916,-0.048735793503167146,-0.20696919277670578
214,-0.0040821368364812975,-0.04879024471086238,-0.20336689290003884
215,0.002214604985083999,-0.04674414389892895,-0.20050380395767176
216,0.006377172176350275,-0.04873572542890675,-0.19803065131462783
217,0.0071500845368151975,-0.05960873794002125,-0.19657044258565415
218,0.006054591392175183,-0.07046307028112825,-0.19643309638637396
219,0.004011703207657945,-0.06885842014890131,-0.19561656071041023
220,0.0013268719711713728,-0.05521411495964017,-0.19204433100278245
221,-0.002377674380037109,-0.04157586579801542,-0.18667876455329602
222,-0.0037550895744249413,-0.03925750181932404,-0.1814892630592806
223,-0.003328018843488753,-0.04688982738486256,-0.17680410022696935
224,-0.003489490109300268,-0.053026548697756054,-0.17223436919440438
225,0.0012057426446578229,-0.048749920853309314,-0.1675279752020119
226,0.0076697358028338936,-0.04068171802423498,-0.16244500765317688
227,0.004659802512185465,-0.04157313292075221,-0.15762240754783885
228,-0.005119189263203941,-0.04968764889263608,-0.1544321640724728
229,-0.009664541469876643,-0.051040485013990694,-0.1530707166809177
230,-0.007286799650100317,-0.038346859628835724,-0.15284324424393192
231,-0.004086920361780003,-0.024828579528539042,-0.15366331847647452
232,-0.0033752690875357982,-0.02564692950453041,-0.1553519328470634
233,-0.004156585880670638,-0.032852997311898745,-0.1575756067218353
234,-0.0028805804372334792,-0.031143749918692447,-0.16065332693473872
235,-0.00111200486631588,-0.021364524847733518,-0.16438771935439883
236,-0.004751372679505039,-0.013699112766156402,-0.16788805682041785
237,-0.013183022952480486,-0.009051864574440932,-0.17073863090656205
238,-0.01923127064653206,-0.0029070680648889957,-0.1729780194804299
239,-0.016865289268813706,0.004431744191338072,-0.17489474295450863
240,-0.007113437954770083,0.011587419631074958,-0.17611307316689007
241,0.004151904685303562,0.007847640152705282,-0.1755848434075341
242,0.013021602414373945,-0.020497603707438222,-0.173111556328034
243,0.01533662613963091,-0.060598185336660254,-0.16917397991490202
244,0.009739533280926409,-0.0812251177317119,-0.1645452128208459
245,0.002049816984006289,-0.07599789506877117,-0.15996596482856285
246,-0.0029122897307852155,-0.06715787125655287,-0.15558271313856087
247,-0.0049897318952386305,-0.0690556681728468,-0.1517326316220849
248,-0.007012488700252048,-0.07598137478065425,-0.14904181011475248
249,-0.00976639812728998,-0.07633201000764583,-0.14725314118388444
250,-0.009975647740571691,-0.06675056188619702,-0.1457167746100258
251,-0.007699139568582661,-0.05525412408375266,-0.14483109063366278
252,-0.007414763125766485,-0.05141169608014373,-0.14519971524205716
253,-0.012597141410133045,-0.05410429895322652,-0.1467778189060251
254,-0.021257007629098157,-0.054689835018069566,-0.14966941721572607
255,-0.02656515628650663,-0.05183392749294313,-0.15392715006821428
0,-0.025702493175825007,-0.05328107251127917,-0.15889436985519861
1,-0.021591247116831084,-0.06469284757165988,-0.16423311028481596
2,-0.020280911902341606,-0.08084615697273234,-0.16996960741160683
3,-0.0249462577011179,-0.09077599791551094,-0.17557887204314476
4,-0.02897731863045258,-0.08811512445637878,-0.1806437404024639
5,-0.028405266602184204,-0.07579833660532168,-0.18572578620689473
6,-0.026312278593761063,-0.06458495988883203,-0.19206236596186
7,-0.02662933035988657,-0.058310425834612045,-0.19967342478888805
8,-0.029759357563532624,-0.05175961684469803,-0.2073074742538762
9,-0.02962228268837662,-0.046916330151583946,-0.2141921583234203
10,-0.025468846705486204,-0.04901513313600886,-0.22011396302479158
11,-0.02306230383362324,-0.0557418444186219,-0.2249088399646928
12,-0.02333450117330097,-0.060943452824030464,-0.2283168297282996
13,-0.02453476008006169,-0.05890335955561646,-0.2298589353417122
14,-0.02607290652281115,-0.047883208319765724,-0.22951182892325916
15,-0.026485288655001854,-0.0367887040330871,-0.22837187832200856
16,-0.02544002087602161,-0.0343354281482974,-0.2272111111860483
17,-0.02617509037848434,-0.03452415304930793,-0.2261599013379455
18,-0.029480572752886416,-0.029229620624646947,-0.225775087768457
19,-0.031239681173534303,-0.01968392663380883,-0.22575287013380407
20,-0.029419156615116904,-0.0151041837390999,-0.22400960883566556
21,-0.02582582145602596,-0.022364946193711877,-0.21882651001417885
22,-0.02354348059792081,-0.033881288831209055,-0.209980424046873
23,-0.022283771664821102,-0.03796597453968205,-0.19797149063021757
24,-0.019922131817179223,-0.03213412330487127,-0.1843319629521395
25,-0.017213216558331593,-0.02124528868757796,-0.16972966137703238
26,-0.01522598295062573,-0.01405627753040761,-0.1519074154419791
27,-0.014067625161989686,-0.011673691321759636,-0.12915808905224652
28,-0.01275987609351649,-0.005362454977498399,-0.10360845251027129
29,-0.009245325595122714,0.005691244614990376,-0.07894297756517676
30,-0.0045943169921569375,0.011789270866120584,-0.0575782344410756
31,-0.004154173713714439,0.008473897149249853,-0.041004849717326416
32,-0.006994970560704691,0.003565692960916432,-0.03041262170841248
33,-0.005831911425741488,0.007734577292911576,-0.026934527975641397
34,-0.0010082802357979474,0.019194691989906136,-0.032318526366119066
35,0.002790998196374274,0.02157468581795533,-0.05044920191406352
36,0.0030420614880447977,0.005969467148492905,-0.08587436371980112
37,0.0011992633685065368,-0.014284400682424266,-0.13806042951866684
38,0.0028931386341237014,-0.020561777069586777,-0.20076489385026564
39,0.008892462414747854,-0.01091165573559278,-0.26526732113272594
40,0.013153996566530733,0.0013089087409436928,-0.3242346072688632
41,0.0149217713519205,0.00462050249539489,-0.37461625146137056
42,0.017881068093218086,-0.0001593350498187429,-0.4154004211883282
43,0.019740980815842094,-0.0032645758622452253,-0.44496764509746023
44,0.019001958973638926,0.0017394109396129398,-0.4600360202109044
45,0.016796111223599246,0.009031238866608962,-0.4573104962148056
46,0.013390820393308571,0.01060165604378073,-0.4366619906057365
47,0.009372970647533344,0.010229812313090392,-0.40199080035776746
48,0.005796170281578455,0.01663063250838183,-0.35958945769903705
49,0.004514136380000203,0.027922711905304844,-0.3151924320058651
50,0.0075379010890930034,0.03442697044427249,-0.2735045071713509
51,0.010930608628257671,0.029516904973609592,-0.23800429802346157
52,0.00905792835174992,0.01607567664275928,-0.20915557978519805
53,0.004541468992149127,0.008062574783779856,-0.1859721706236726
54,0.00017174421810389057,0.011338054344458795,-0.16782504746443738
55,-0.0034034193305021027,0.013840242565596753,-0.15377271527863484
56,-0.005757549087635684,0.005986138182400402,-0.14280334146209017
57,-0.008453963903403333,-0.00426358355376856,-0.1345611373853845
58,-0.011889643139095213,-0.003485925676630197,-0.128781279830406
59,-0.014273363990547835,0.007938764056512851,-0.12495626062262982
60,-0.014219012349347929,0.01826548463959951,-0.12285944165898349
61,-0.012347900381947025,0.0180499075276431,-0.12274188968454941
62,-0.011024345154078435,0.009575453138552972,-0.12476024569182637
63,-0.010099974142706261,0.003958311945568269,-0.1282632577398955
64,-0.005681732158841966,0.003949423857202122,-0.13206391105698934
65,-0.000979498639712098,0.007581238968836196,-0.13499799507704568
66,-0.002365733099936502,0.01167402420744304,-0.13648799366418002
67,-0.004094844543038635,0.004763964293686571,-0.13631088505440375
68,0.00177164402357698,-0.004918479669257236,-0.13487955032752036
69,0.009219802939520863,-0.0019588981751707535,-0.13317306298548354
70,0.011917334825185616,-0.0024309798341123623,-0.13167891344962268
71,0.012489696211102925,-0.01926296980963449,-0.13065444903378187
72,0.014079265033536766,-0.0345093402594617,-0.13005126504425102
73,0.017185409876959615,-0.03297588579215536,-0.12949790641288683
74,0.01794883666246023,-0.0220483659595569,-0.1292921421205776
75,0.012613549342174,-0.01265515506655953,-0.12993774343353548
76,0.004304621321139374,-0.009355391102418578,-0.13103453501901818
77,0.0033593017883477017,-0.008165387654067671,-0.1321505458493185
78,0.00905582897004914,-0.0016156038098368297,-0.13281505198578164
79,0.008434607927508192,0.006738278612110987,-0.13208157526187614
80,-0.00043035763183121856,0.008832803830175068,-0.13001250304549444
81,-0.009119550364353482,0.004189853257246037,-0.12784771832496888
82,-0.009575092960461495,0.0009181455321819396,-0.1266495058506839
83,-0.005564064080803219,0.004806018098140838,-0.12604085382308672
84,-0.0056737913109325445,0.010885716076083296,-0.12519239227552925
85,-0.004988840524604351,0.011561364554871847,-0.12436753020692354
86,-0.00041155035677822166,0.007141603698930028,-0.1240101733926604
87,0.003243352113890565,0.005459948512094248,-0.12392752930348588
88,0.006635029964895059,0.011586829403250412,-0.12346111249624314
89,0.009522928757567795,0.021490165765441563,-0.12258193420393004
90,0.00716267750337091,0.0259501503539014,-0.12143636008100689
91,0.0016282218474456094,0.02075665399335562,-0.11957217722299701
92,0.0017812602648607182,0.012227706854278222,-0.11720449517378229
93,0.007267417288393797,0.009446341288847304,-0.11448540966511467
94,0.009402908849189127,0.014130262011006367,-0.11127644712392393
95,0.007203360244593275,0.020894553102630956,-0.10795962552700089
96,0.007537391528626244,0.025850064849880894,-0.10422972837552363
97,0.012588719904152421,0.027604377810793043,-0.10013012896760681
98,0.014208107532331506,0.023625686464054232,-0.0967713428841685
99,0.006159629699432248,0.014166491040934315,-0.09409434223023277
100,-0.007318999685659484,0.004126911851119894,-0.0913455016961468
101,-0.013755812013625204,0.0010587610286843935,-0.08897870631447574
102,-0.00658885956311734,0.007632674227155994,-0.08814677210894226
103,0.00027564985050766364,0.0178191934670133,-0.08931819833656579
104,-0.002903459520513803,0.02542953638741828,-0.09176265276503412
105,-0.007457537260181564,0.020686199599801003,-0.0940461223431201
106,-0.007553699146107241,-0.0027912128145548276,-0.09491835680740757
107,-0.007075520420543019,-0.022998281167789632,-0.09374010376119218
108,-0.008677501736966433,-0.019804425133314978,-0.09059835513096759
109,-0.011166108502490675,-0.006650436467152188,-0.08588149185724858
110,-0.013567095100546277,0.0005476672670450267,-0.07966061703665789
111,-0.012233742477951802,-0.000836175726484728,-0.07254844438074926
112,-0.010866967640760054,-0.007299454357678155,-0.06562707541312834
113,-0.01576268483611947,-0.01090543511817254,-0.05954415392757101
114,-0.021983450873991783,-0.007638241854868,-0.05551977279916061
115,-0.025430203359836187,-0.003129750585579655,-0.054854913490451185
116,-0.02908177012608261,-0.006485677221860206,-0.057256666964551575
117,-0.03720928299962657,-0.014922663626044573,-0.061691312569483236
118,-0.043902097504363705,-0.015669526728115994,-0.06715929369332296
119,-0.04055319495071283,-0.006240282909455816,-0.07185609422625894
120,-0.0331973585099021,0.002374958143789449,-0.07404881103940966
121,-0.031000193933129416,0.0002838747419369042,-0.07341800895957304
122,-0.033409056899099177,-0.00664999211922479,-0.07027430912401736
123,-0.036521306574332696,-0.004609914437604723,-0.06512647010771835
124,-0.03842535579353794,0.0036925298941358625,-0.05948307501105432
125,-0.0375364101990905,0.004778278202708416,-0.05522477533733583
126,-0.03431660144616186,-0.00417850149408526,-0.053124184874084754
127,-0.029684535995796985,-0.014411406834512717,-0.05241303495365418
128,-0.025210431711145773,-0.016514634383367227,-0.051497291769643155
129,-0.02319370120753568,-0.01084154531792364,-0.04954073099644815
130,-0.024018440448820663,-0.004245231716167669,-0.0469326485754621
131,-0.024854812464110004,-0.0005435279787927572,-0.044790202445874505
132,-0.022849815890624015,0.003245245639560995,-0.04361709233807434
133,-0.02284773191718481,0.00850500598206852,-0.04262939556971279
134,-0.02588603574339124,0.00975618881487661,-0.04120775225997436
135,-0.02790315295988024,0.004865063281072807,-0.0394890775903292
136,-0.027642847197165962,-0.0020908672671497153,-0.03754004547425413
137,-0.024219966268298705,-0.005437896757153976,-0.034921114623881415
138,-0.020089907873481472,-0.0011361091127789907,-0.03185057534362262
139,-0.016560331363442954,0.006778542341194849,-0.029210644585299074
140,-0.01372878280515609,0.009650743487181673,-0.027263602415714835
141,-0.011814398265172138,0.0029624149463484684,-0.026330587895638788
142,-0.008929593646530926,-0.007820646154507851,-0.02648114594112555
143,-0.004990747197876091,-0.010162303505565767,-0.026752379782253533
144,-0.002186170543539548,-0.0018980242478250642,-0.026711319990421922
145,-0.0017541796842835342,0.0054798657403951345,-0.026899861791017124
146,-0.004709570304019431,0.0028185672256541283,-0.02731603157242246
147,-0.011537551830964526,-0.003223202669097952,-0.02740631687309221
148,-0.01666871406454376,-0.0016519867585718662,-0.02700031739966996
149,-0.012369697830733342,0.00848257764128918,-0.026476660763670362
150,-0.0028248512456448965,0.018219220989840856,-0.026355310478258537
151,0.0010416712332338846,0.01629569486257665,-0.026554755692382873
152,0.0005644078511559542,0.006424023718451605,-0.02752111716943613
153,0.0020982045556946216,0.0023876544541162337,-0.029853505151907406
154,0.005046892094076723,0.00885745716017633,-0.032236550828826996
155,0.005366407088164563,0.01807749268464179,-0.03344115964497213
156,0.003273849890844685,0.02012098638071136,-0.033571999372391345
157,0.002681988448135858,0.015359252931416531,-0.033110985792354664
158,0.003945812703948753,0.01411461707273072,-0.03349582986426829
159,0.006129679161322468,0.020495144003876878,-0.03595832788816136
160,0.0059066481497722645,0.025416979030150957,-0.0397982316976446
161,0.001553928920199607,0.025458631684595667,-0.043623410415331756
162,-0.0011854829249083876,0.026568244833387294,-0.04676576659564852
163,0.0009508584944952214,0.031009070421324364,-0.04901482111545982
164,0.004708093696127458,0.03557308305604834,-0.050285519482064944
165,0.005253708601780038,0.03369048731313029,-0.0508835140055649
166,0.0031392323132139743,0.026362092350598776,-0.0513092008372594
167,0.0026878836023065678,0.023373796609164693,-0.05176225420057584
168,0.005694350043627568,0.028350129535741647,-0.05232302929655386
169,0.011876953663880765,0.036689483179397464,-0.053311562473476765
170,0.01468720213602654,0.040017699896789355,-0.05482674340540106
171,0.010897398938355132,0.03442534095705582,-0.05638928021572023
172,0.00814488698488667,0.026054168829833177,-0.057614986092554915
173,0.010519291542991888,0.022731273655903134,-0.05813381684431693
174,0.014586742047590417,0.02841936592475444,-0.05809950073531234
175,0.017092891789287537,0.036149537465200166,-0.058424684571881214
176,0.015935692663705397,0.03493671051932082,-0.058886004734653496
177,0.012018284734931689,0.027342286780596164,-0.058681808836118066
178,0.009584266300690411,0.02304101657478909,-0.0577068177624058
179,0.008861918711877102,0.0274865520929322,-0.05600118160697384
180,0.007926351481690373,0.03263929447966696,-0.05338792351750826
181,0.0069244496244116605,0.027170327697438545,-0.04994223834276457
182,0.007371085025937023,0.02020902562425214,-0.04649634094109048
183,0.008326266591630369,0.02263490699593329,-0.04381320274002021
184,0.00892945403867098,0.029148209029910666,-0.04241823840718949
185,0.010411368938401527,0.031221175275385232,-0.042164244931428466
186,0.010080699420066022,0.025671206757038684,-0.041999633250163274
187,0.007093414670434395,0.017383252605259386,-0.04129452412640158
188,0.0037907655576716603,0.013624885745280702,-0.03984039079280964
189,0.002705032151236929,0.016422009014400593,-0.03767167985967479
190,0.004796726900718924,0.020381318394548625,-0.03506877591804497
191,0.006598911260327758,0.01941066963511512,-0.03245401121741827
192,0.005548546865792356,0.017555043512941126,-0.030624908527139158
193,0.004705482814305495,0.020794781527947448,-0.030410661837299777
194,0.006420346099549903,0.026630606303471055,-0.03202533192443913
195,0.007484418213322394,0.028982058401030353,-0.03465731205065565
196,0.007285043780634826,0.024717442289820812,-0.03709518977463895
197,0.008360248023010886,0.02273616268489248,-0.038769563161363464
198,0.013881666503678045,0.03377186552188431,-0.03979904589789071
199,0.02267180505827918,0.04877185811462814,-0.040095386935252705
200,0.0288987838638664,0.04797008503631024,-0.039252175134228184
201,0.02868242258874859,0.02854519301151298,-0.03722185595543495
202,0.021061228483615156,0.009705095454770649,-0.03425111039132919
203,0.013325078991396448,0.005058356199507882,-0.030221396395103906
204,0.010582929835852017,0.011670547447052593,-0.02514515145436315
205,0.011400008085901636,0.020699292317196194,-0.02008371945401701
206,0.015276789603841462,0.024389942832575257,-0.015855857378496024
207,0.018937272591983398,0.025965884886167738,-0.012169312230861519
208,0.021595350831066777,0.03186963169880623,-0.008409846971099682
209,0.0257806805808556,0.04141079873265738,-0.004052757139280664
210,0.028283489378831322,0.04867464929977622,0.0007333007320844687
211,0.024069579313861805,0.046256617082779034,0.005199837317430241
212,0.018192745128086087,0.03910358780862816,0.009160161504119482
213,0.01868523471748096,0.03971541895782471,0.013075516013542308
214,0.027165883432708482,0.05015799792933501,0.017006251486510228
215,0.03813994416285571,0.061182565968760705,0.020525017299415138
216,0.04191411153306987,0.0626044343022176,0.022929196832789364
217,0.03951824401945751,0.056641415305986674,0.02403333225712022
218,0.039091238692576094,0.053779735045685645,0.025267775854771565
219,0.03960411777002906,0.05716245626503287,0.027508311884775108
220,0.03500376686376183,0.05987771022887095,0.02990371683419249
221,0.0278977435053174,0.05715026732329727,0.031485701110949185
222,0.027639715735532228,0.05473584396260617,0.03237725828585828
223,0.03565646254120555,0.057330304347977645,0.03350429380446626
224,0.041979682119439865,0.06213112724650466,0.03572873709775182
225,0.039136492245700996,0.06470478129921431,0.039746633721352925
226,0.032818152426280056,0.0631602268730532,0.044608409123759574
227,0.03022312389949433,0.060698770397471125,0.04812633665948554
228,0.029074409126685366,0.058006882744157176,0.049334134875226116
229,0.025096297182239873,0.055762670574440606,0.04841238070081716
230,0.018827326342912357,0.05637944051918889,0.04613897107247136
231,0.014888055560181947,0.05571493023898104,0.04333264815369679
232,0.01935149659474661,0.05453701595636329,0.04035564215553976
233,0.03141825758032899,0.060445838656931095,0.03758023877202844
234,0.04085984527688967,0.07131811359234852,0.03504789816798967
235,0.039874281828935175,0.07573159869850687,0.03265098882499
236,0.03088227348748518,0.07174624903093241,0.03062218660675825
237,0.02282390449922743,0.06305006226908882,0.02861328212317328
238,0.01801642760080155,0.04738909777098364,0.026066170817833967
239,0.01658886973575141,0.0296060404424566,0.02372712941024656
240,0.02111328266114157,0.017661861222566078,0.02283076469141771
241,0.023929659496472043,0.007356934427409957,0.023265365724262126
242,0.020446856238385713,-0.0022638030288018515,0.02364277316738924
243,0.019105021533822958,0.0009506676910178632,0.022898647306865624
244,0.022010703328246645,0.01637833390879575,0.021313715371720512
245,0.02296500906057348,0.024440676000090512,0.019808511960333133
246,0.02207900563433776,0.018585547231839868,0.01884344220243646
247,0.023363594113662817,0.012809711688701118,0.01842244092576084
248,0.028455793113947303,0.016662686955667,0.018571524063591555
249,0.033132371109216935,0.027186593813235016,0.01934693769734218
250,0.030235589454195577,0.03501450849836241,0.02079345083065092
251,0.020145583161700113,0.03248897973193951,0.022320471563789163
252,0.010825441988325434,0.02441171918302036,0.022294168415526512
253,0.009797649448865381,0.023153008747490503,0.0200376894092048
254,0.01542363555295366,0.030669035389220507,0.017179031454736593
255,0.018214694622295774,0.03399809818072713,0.01579509747804471
0,0.013140721161271306,0.0239921677839846,0.016385568182722007
1,0.006360565065567612,0.011805849590702286,0.017848930206913402
2,0.0067931382534294205,0.013102071321999045,0.018794079251422416
3,0.01460764055657185,0.026933016004216492,0.01878011148610454
4,0.02292024806169833,0.03996762734719114,0.018265243587040673
5,0.024810523455825326,0.04060581272571823,0.017191281398409107
6,0.020833371243731143,0.036270127892423246,0.014768885555817539
7,0.016208199235275854,0.03955474821108358,0.011126925232740524
8,0.015688612715678327,0.043684326969255366,0.007478691720357325
9,0.022209181993669266,0.03882176255265686,0.004934636561240088
10,0.02610396219494264,0.027105310759518095,0.004090801235091493
11,0.02101376666668027,0.01980698006867021,0.004492610864331011
12,0.01818575786000784,0.025037249265415035,0.005106456351315021
13,0.02234650344321236,0.03850676396301482,0.005551317456261223
14,0.026201491695868384,0.050740345334634375,0.005809167880383152
15,0.026288113738417752,0.053194655527020636,0.006089573041550583
16,0.02536636322088464,0.04743198604586103,0.00678623605344026
17,0.02442291301140239,0.04332223984579066,0.0075289756490644726
18,0.022052865268908838,0.044344203030548535,0.007358793476788944
19,0.018558342619999516,0.04494238074566276,0.006253540271259822
20,0.014636561390782274,0.03935055168137533,0.005407882185368196
21,0.01320852365097673,0.032225728480080595,0.004874479510167708
22,0.01710402942677007,0.031778407534433756,0.0030214094554916193
23,0.02455720966345039,0.03932539096851248,-0.00040505906762870053
24,0.029244602698169714,0.048540429812577876,-0.003552696295451782
25,0.028751307124271402,0.052873240686708935,-0.005255850765922672
26,0.02595507710970161,0.05495595151170978,-0.0053635744822228895
27,0.02320303049472991,0.05978214600967295,-0.00363360937874891
28,0.024807584047907852,0.06603400384055982,-0.0007940442737490762
29,0.027949729265619935,0.06673314221118298,0.001941361011076944
30,0.02858584143396485,0.05970563846886168,0.003994359386764297
31,0.029469465626342672,0.05157034152973994,0.005431340607934088
32,0.0292258511298141,0.04836391765905129,0.0065740046103885
33,0.024975304688845477,0.050689886177928974,0.0077706569834717345
34,0.018210123519781324,0.05145766367149185,0.009545057788412782
35,0.013241288778110934,0.04644147111840627,0.01166811887997959
36,0.014264856370976603,0.04269363887304546,0.013200605875586665
37,0.019189906794742674,0.045829173780278606,0.014104947303856006
38,0.024493182493807483,0.05417199401172745,0.01508105878624149
39,0.028571595478361703,0.059871383072827355,0.01612853775522241
40,0.028372480553153417,0.057081099142681335,0.016563409185576486
41,0.02710939871692404,0.0508095895140967,0.01581865876130671
42,0.02539903462417087,0.048457059128750146,0.01414737277632657
43,0.022194211152477425,0.05320301475102435,0.012143062786591031
44,0.022123761525589494,0.05852496316838644,0.009716751530487913
45,0.022344001455233492,0.05467458519450233,0.007031713904105686
46,0.01746324228889205,0.04653595529946217,0.004995245288009875
47,0.009025556906490578,0.04347280694741336,0.004367663061628409
48,0.0032484175790398378,0.0461376322412021,0.004545219332320959
49,0.004256368763341229,0.048889976037402055,0.0037766712267498607
50,0.007846326369347588,0.04465107683239722,0.002174123189280709
51,0.008639830313162443,0.036794174204176966,0.0009474096963460847
52,0.006763559396705664,0.0353494810975471,-0.00022728956443406924
53,0.006531576504107999,0.04041590146341016,-0.0020081900631239123
54,0.009853897842187653,0.0418558359901441,-0.0041418335238460075
55,0.011181116213439556,0.03399642045810247,-0.005582160072807745
56,0.0084264655774135,0.024425521125911065,-0.005592777070212419
57,0.0051251677254648235,0.023079821184407878,-0.0043214710227523455
58,0.0035922806739088677,0.028773795883815317,-0.0019722814380886307
59,0.0006299599843397584,0.03146104620725429,0.0015423302453966975
60,-0.00697305850939159,0.026981419162830533,0.006311923225707682
61,-0.009090980132567346,0.0225712755298417,0.011456331008265461
62,-0.002042440484446236,0.024693019993725973,0.01503162639963334
63,0.003419041118806511,0.030610747978838282,0.016482385917561647
64,0.0036015053600522567,0.031524437424923724,0.017293141299059234
65,0.0021573194006281327,0.023340934001997576,0.018296981506440782
66,0.0025391798722300615,0.013945001497000273,0.01870216322171317
67,0.003910836589760526,0.011342533962407392,0.017948640515392238
68,0.003274761875327277,0.01320620115719752,0.016656789383050048
69,0.002178658046027439,0.012524148486707881,0.015832208846781756
70,0.0004562605225684607,0.0054246420127399275,0.01575965843806717
71,-0.003119595391532358,-0.001314808955181046,0.01586896137599876
72,-0.0036034792488785355,0.003153655047777093,0.015495252230961855
73,-0.0001841339815927337,0.015205981024676934,0.014664613777621717
74,0.0016730532007834809,0.021308042600870408,0.014434583271079444
75,0.0009546567923611401,0.015583936682338734,0.015216771304226474
76,-0.0004780295424402503,0.00523951735771723,0.015915491246827736
77,-0.0017209270994535501,0.0028983749632936207,0.015742453383566342
78,-0.0029004722214352324,0.007993106361234875,0.014572425984863267
79,-0.004808215583584033,0.008159038129325252,0.012286813020580697
80,-0.004673414281544316,-0.00052408720390687,0.00928864639822436
81,-0.0021074951810740455,-0.010361144825287771,0.0065181291836788925
82,-0.000404041042726469,-0.011408613453226663,0.004610897852698789
83,0.0005547072501161515,-0.00585978520460223,0.0038034914551082592
84,-0.001191431113716973,-0.005937446316532535,0.004284118721798824
85,-0.007945953965346184,-0.011904486846577772,0.005747467774457766
86,-0.01262809405592992,-0.01448120365195027,0.007342949888191932
87,-0.010249470403753645,-0.011354721853325228,0.008500245873266515
88,-0.0055574658375877745,-0.006757815632048997,0.009010605806529317
89,-0.0007737691821539452,-0.005790811337476831,0.008899994549099635
90,0.0025203193681100564,-0.01129054633939297,0.008701601105003717
91,0.0013998298238859716,-0.018799028443754223,0.008948490086713577
92,-0.0029067079119757394,-0.0206267102548591,0.00966779475075312
93,-0.00703307274502641,-0.01593173131273401,0.010818867718527435
94,-0.008977030410174032,-0.013223855120518796,0.012857035618780172
95,-0.008824252477010141,-0.02010439002427189,0.016000417329947832
96,-0.006638498366284705,-0.02786516162405228,0.019736269113063427
97,-0.004668284721607702,-0.02584034114228162,0.023689203614245112
98,-0.003985778596796847,-0.018857176917829344,0.02771946454731298
99,-0.003455330817242277,-0.014226839428506222,0.03204600711764129
100,-0.005349787658384893,-0.01334916673818598,0.03687086251544627
101,-0.007810319491559886,-0.01688080854581464,0.041125684032831775
102,-0.005801181959406335,-0.022656428639160092,0.044081056252397166
103,0.0005516915156282484,-0.025288441664989836,0.046716613403055024
104,0.0038669188618479546,-0.03175750118020079,0.049503885700787176
105,-0.0009006564425766035,-0.04971231340501081,0.05198084780380388
106,-0.005560500378787522,-0.0658963134824817,0.05400727207227615
107,-0.005699037429886061,-0.06597081322660242,0.05530832414762876
108,-0.004401400291883739,-0.05432129242532535,0.05512673126077619
109,-0.003009877432873488,-0.04711995906939938,0.05353331098479461
110,-0.004506037993232431,-0.05232684653810778,0.0516526512825867
111,-0.007182150342852231,-0.05961957811989778,0.05030123816686083
112,-0.007622851630468275,-0.055306266314178745,0.04956425176966525
113,-0.009331897305527935,-0.04269502143184642,0.04874402342243159
114,-0.014149504161514538,-0.03757075391472864,0.04768820015394476
115,-0.017507813369715342,-0.04360777322304435,0.047322810631711676
116,-0.01622766315592469,-0.05062101183156234,0.047958747894198864
117,-0.01388908108325981,-0.053256261225202245,0.049446392915428544
118,-0.014823457334755093,-0.054395587658975925,0.05095347706901897
119,-0.0187989720914866,-0.05913382395500931,0.05105392624711849
120,-0.022578393961521406,-0.06724028070882772,0.04977299514621972
121,-0.023501316329019917,-0.07233232016801014,0.04763035230400864
122,-0.022406467578431205,-0.07097218690934079,0.044350004519431524
123,-0.020359686724791007,-0.06493274610760105,0.039403806340570946
124,-0.01863656709161489,-0.05839488555164668,0.03233782402923484
125,-0.019520935658517542,-0.05784177731254375,0.023587423872136373
126,-0.021870852744941667,-0.06183020638289197,0.015018094030216887
127,-0.02164666219528822,-0.06035744540292748,0.008500008340670141
128,-0.017200141635933343,-0.054097446050621015,0.003958614696816961
129,-0.01272130505503985,-0.05169645706213286,0.00045639222904330506
130,-0.013551298611791177,-0.053642885664461085,-0.0018453798200646424
131,-0.016653975403270016,-0.05353039052344413,-0.002742447673040693
132,-0.017351077879015422,-0.04957413743434966,-0.0031440115771406013
133,-0.015514809974143368,-0.04387469127877161,-0.004046973354827954
134,-0.011639043158059532,-0.040017384056763916,-0.005805470959036043
135,-0.009860916762852202,-0.042376774553528396,-0.008245460319898324
136,-0.011379303699276403,-0.04689936470651501,-0.010440628197398528
137,-0.011313400684040353,-0.046461719551391244,-0.011679050205471192
138,-0.010633778234505741,-0.05207649896352799,-0.012563051625853638
139,-0.013008042101896773,-0.07482049820349058,-0.01379686262371569
140,-0.01627623397637526,-0.0959837709413486,-0.015415115539665881
141,-0.015731007108033608,-0.0948394941609656,-0.01706802251217221
142,-0.009305165421471966,-0.06917960251343613,-0.018026617195506994
143,-0.0019768269779166445,-0.030987470238496462,-0.01714967366546645
144,0.002505099951344507,0.00220257497016485,-0.014267687559304805
145,0.004982537871513988,0.021363199048604675,-0.011116369740825499
146,0.007347034953681761,0.024756794243404073,-0.009127064556851243
147,0.011578285622788356,0.015275139709169938,-0.008321745640021257
148,0.012779743300786725,-0.0031486849120783145,-0.008383780218672837
149,0.007275154761571229,-0.027728289477445767,-0.008647923032759606
150,-0.0003659142310687147,-0.047810789237441975,-0.007999081923194085
151,-0.004344862393247766,-0.04642590160987842,-0.0062810429437535915
152,-0.0028670507976914644,-0.02144691378659641,-0.004136123321280924
153,0.0020285557764717216,0.007960067945927407,-0.0013405318280628378
154,0.008365897569303185,0.02416855852109767,0.0028506870194639974
155,0.01244195971212976,0.029475395430877183,0.008242596534801673
156,0.010852474915060417,0.030631467790744493,0.013915955860742464
157,0.009703135657994522,0.024877393537837522,0.019179593030359533
158,0.013437637587392429,0.011111594853923212,0.023654638839760492
159,0.01661027263417575,-0.00535809778204821,0.02736142388934376
160,0.01733011386156763,-0.017580453097072013,0.03052302788364017
161,0.015851746883379703,-0.017079709278502053,0.033371276782726236
162,0.014425448299492591,0.0009157301807041218,0.03665421563269593
163,0.015104454414981913,0.023597399706189015,0.04073059854033112
164,0.014506270764985577,0.033383096756627095,0.04457385526557257
165,0.012569278893653432,0.032427928559757846,0.04786855524165656
166,0.011409143451406076,0.031546335606728926,0.05126104455935043
167,0.009994939372241371,0.030638567841388686,0.05449812499168642
168,0.0068358410426189176,0.02401267900995596,0.057446066880332824
169,0.0068028572837458,0.015308580740381217,0.060669828349400795
170,0.013564356292061805,0.016343144977128743,0.06422252080934587
171,0.021846367789431276,0.0286067791230758,0.06757837543361456
172,0.023660529238696083,0.039573802598263264,0.07027235187549052
173,0.015340350692177651,0.03932769207123543,0.0726880609392144
174,0.0034695715000227847,0.02952983357800365,0.07552351552520997
175,-0.0008974373696821018,0.021370619892535747,0.07824646063698032
176,0.003319612825508026,0.024084049987953215,0.08004833936426908
177,0.00675366597795387,0.03120252191776679,0.08109219769407758
178,0.004091668033396251,0.029610392179970857,0.08178782903695145
179,-0.0028152718431520493,0.0190038432798032,0.08269064335458312
180,-0.010082727362307753,0.008478059024637385,0.08409618914632819
181,-0.015340353662683215,0.004437377907439477,0.08559352661882924
182,-0.018292358586639544,0.006249833461075438,0.08726692260286067
183,-0.019021815875517628,0.006872273198458845,0.08968148727027514
184,-0.02162478563800055,-0.000802781138177,0.09300601253395108
185,-0.027569598504565335,-0.01187884066863476,0.09776368500243099
186,-0.03189998731951271,-0.014020234155315503,0.10413639370376315
187,-0.03397660443810409,-0.00801448985382236,0.11126724543152361
188,-0.03528138350242894,-0.009356253937915171,0.1194275274398427
189,-0.0379380409128003,-0.02174252515108699,0.13054151101881883
190,-0.04468621330845892,-0.02809009940882501,0.14527280445977142
191,-0.0506628493525427,-0.021710952803422834,0.16137603283381075
192,-0.054211136041365626,-0.011545924445340139,0.1765091508967444
193,-0.05855692292302375,-0.007200778646938466,0.1893828708853898
194,-0.057778319280967994,-0.013949804022805656,0.1984421347640939
195,-0.049558402466253315,-0.02471613698940034,0.2021548193774625
196,-0.043343232296408546,-0.027494833056760815,0.19893829415596664
197,-0.04400037812048785,-0.019065775094892157,0.18638888503442763
198,-0.048317809617158564,-0.008952431903880731,0.16027384015556656
199,-0.05164956981620558,-0.006898345824384089,0.11859619867550153
200,-0.04985843032590747,-0.008142285333220145,0.06583309399284104
201,-0.042176251315760034,-0.005189065563511619,0.008277722675739507
202,-0.033999128489628716,-0.002883485616385295,-0.04853377518721594
203,-0.034225927956121366,-0.012056329809982502,-0.09957112339434437
204,-0.04305304647753755,-0.030187828775392056,-0.14194474274343644
205,-0.04901734188678947,-0.04055042103597628,-0.17443310386708388
206,-0.04874121915980592,-0.03530501921092882,-0.195807762581802
207,-0.051898389871487455,-0.02396574104333904,-0.20377112629347982
208,-0.060794835283855264,-0.01814154780099342,-0.19659635062485414
209,-0.07087665481637553,-0.014695541403671242,-0.17534580593430316
210,-0.07855021789855433,-0.007429591186935536,-0.14395815275534307
211,-0.07970185727205603,-0.0026013276722339773,-0.10742519595729527
212,-0.07661904749629614,-0.005083418603984813,-0.06980842186972958
213,-0.07374897345844378,-0.012304556881298945,-0.034536294299316164
214,-0.07250650620216675,-0.02193635112547765,-0.0038821318474366664
215,-0.07327199142024393,-0.02858700971377781,0.02209706572961436
216,-0.07417325055551832,-0.022886434362245522,0.04365511142284477
217,-0.07263168418801885,-0.004806217896137832,0.060592502465609016
218,-0.06891595367124148,0.009522061982860763,0.07424030485580249
219,-0.06266031473667315,0.009339935465957683,0.0870151611677753
220,-0.053104352870500124,0.0035388086228701487,0.10008763389342828
221,-0.04465729182085465,0.003243715971480432,0.11268620795186357
222,-0.040963637742524206,0.007816536282920561,0.12323693202523311
223,-0.041358856626390855,0.006171301558064668,0.13085837798794026
224,-0.04112453948185324,-0.003244010787794016,0.13525504632977325
225,-0.037419076610873375,-0.008591240905548192,0.13628060747100373
226,-0.033381551220714664,-0.00803735043627063,0.13444135870425666
227,-0.031814841646689455,-0.006173264597806649,0.13122382797531706
228,-0.03270668161387506,-0.0028459427867582043,0.12856684516023575
229,-0.03385304800814787,0.0044898007290885555,0.12754091026360193
230,-0.030606299660611767,0.015279553836302306,0.1277780844748569
231,-0.025906414687366833,0.01933707966727599,0.12853729939267028
232,-0.028181620401934587,0.01144459292313077,0.12917768913325856
233,-0.034701170629028,-0.0027068798258818028,0.1293177621169822
234,-0.03985394950337329,-0.0187946267860567,0.1290123344404126
235,-0.042158718457894484,-0.02933533524220966,0.12828728253166571
236,-0.03824935280470447,-0.02785704381152654,0.12785278502028158
237,-0.027505609798303424,-0.017813766702227285,0.12893416469381863
238,-0.01782379638508683,-0.00782124432870529,0.13093916420051582
239,-0.01822641066975075,-0.0030853880630543618,0.13196475371053623
240,-0.025298296002974327,-0.0006833360130039101,0.1315029880496662
241,-0.029879552928631398,-0.00028810436160209285,0.12966911708194678
242,-0.029914334419082977,-0.002651296528352831,0.12629595099753171
243,-0.028949608003300556,-0.007388749006547679,0.12243821535722599
244,-0.032246402347395176,-0.017613904567900907,0.11962484284431463
245,-0.03932022497227772,-0.02870473245193622,0.11809051992596353
246,-0.044338236458552505,-0.03028398467483953,0.1170389412999353
247,-0.04471719976157311,-0.021590640691275864,0.11541046730065668
248,-0.04248164741759722,-0.012143522628848102,0.11287008009711147
249,-0.03930212104568177,-0.006616358043569914,0.11035913187534174
250,-0.036774964294703685,-0.0027075755723688366,0.10856691837773291
251,-0.03436329120480122,-0.0017049942996655298,0.10737986573733571
252,-0.031100976357399807,-0.005268698643315778,0.10669434058757327
253,-0.0295089734295102,-0.013522336184303152,0.10574646712260566
254,-0.027553553963853505,-0.02446058638670906,0.10320865755057373
255,-0.023261394187793563,-0.029358555157699973,0.09896407764124887
0,-0.018281514125084733,-0.02276980607631529,0.09428828446157411
1,-0.017243134329650835,-0.0105221282480088,0.09004995967664725
2,-0.022749462409861382,-0.003582757438119699,0.0867183649633535
3,-0.030024191876870946,-0.007299342698729727,0.08508787859723066
4,-0.035347635125267,-0.012239588930896828,0.085022790140802
5,-0.03284286671372455,-0.007955009879479863,0.08545140800971612
6,-0.02204665799753419,-0.0007859316174838316,0.08595569267252523
7,-0.014754325569232785,-0.0023780871812882354,0.08688452014568765
8,-0.016410595703017283,-0.012245739375693399,0.08827364187426229
9,-0.019034981511491675,-0.020034069065346105,0.08936556910336418
10,-0.01131804214500904,-0.01873065242929356,0.08974387329210998
11,0.0015597745658937623,-0.008482098590485848,0.08981689505291113
12,0.002128613400433556,0.0018730141159645775,0.08980581177681651
13,-0.007075299877497221,0.004972920870442987,0.0896521564316134
14,-0.010502837449286928,0.007201828775789454,0.08922224005523774
15,-0.004684280449282777,0.016782103874649665,0.08823552923003683
16,0.003791149518246578,0.030234585717836243,0.08689612256462953
17,0.006936846366203536,0.032330391867853525,0.08594161443616899
18,0.004505561431874042,0.016816396396793637,0.08537948469632053
19,0.0015221099458295334,0.0002081894494776193,0.08500361833840422
20,-0.0010040493446997478,-0.00029669785763666856,0.08491352576593608
21,-0.002555228773856527,0.011234004660121588,0.084863834190925
22,-0.004283567720881065,0.01861865385160827,0.08492672804686535
23,-0.005917251261639542,0.015338359365772936,0.08546743228716158
24,-0.002137581191531568,0.00849297786389916,0.08598383098014833
25,0.0029073999617878904,0.005384466669320687,0.08544964658155635
26,-0.00007537944255564533,0.007587998241412819,0.0839872771837665
27,-0.00788810864004974,0.00929352957342458,0.08239683076923046
28,-0.011118686367203659,0.0033311024252594412,0.08105879428164009
29,-0.009867911770040663,-0.0019186747450835873,0.08095473907912298
30,-0.011419100669877794,0.003972912980082982,0.0828947630602467
31,-0.013101182204952024,0.015861548749008414,0.08603984005507823
32,-0.006980021410820499,0.023533875649295932,0.08926157393918879
33,-0.0004489110112771491,0.0223520029733226,0.09186673655737448
34,-0.003116696163580082,0.017438903269154732,0.09305576529930024
35,-0.01128334928419144,0.01729491006746295,0.09208877548984393
36,-0.0171407846473646,0.022650713110371173,0.08927492892027694
37,-0.016155043332831992,0.023778934800209775,0.08571681735976161
38,-0.014328960165219368,0.015165740945626643,0.08182238497429109
39,-0.014412371192837864,0.005202005761323,0.0780110227073181
40,-0.009894026760224023,0.005652006639254331,0.07543318217663372
41,-0.005884275736873997,0.01714469622079512,0.07440571730291443
42,-0.007073761901144435,0.026923739802896196,0.07429577459921485
43,-0.003302684394254761,0.0294267041972561,0.0747085626608969
44,0.00996946262820482,0.033496216636838716,0.07473214788667859
45,0.01931419534729026,0.04186106193407343,0.07358846807646804
46,0.012461797408939879,0.043365713468090275,0.07227537580777257
47,-0.003662035680791771,0.033692339990576525,0.0716634777590352
48,-0.01239855624274195,0.024093845732294186,0.07138937166542278
49,-0.009866244970067523,0.018864157942672252,0.0707457117711578
50,-0.005265629679530051,0.01014150843187997,0.06900013536532781
51,-0.002756212733925484,0.003745816678195346,0.0662855119261028
52,-0.0013422124227427806,0.010569303751536308,0.06382119259956018
53,-0.002701021154121408,0.01859501356518361,0.06258253107817824
54,-0.00840608769658754,0.012467011319715518,0.06255325447041746
55,-0.01182966462543639,-0.00294687167427566,0.0632620829490983
56,-0.007671672841222093,-0.012308265626538764,0.06437871530142417
57,-0.002849391578768328,-0.009233052133823326,0.06607671988209418
58,-0.0020111761871769336,-0.0023526938849456197,0.06824138485707554
59,-0.003102798921158844,0.0014134663976235057,0.06998418396887834
60,-0.004498054934880903,0.006474131401236833,0.07065361144228227
61,-0.002566007664850864,0.01385279681795186,0.07010766569828211
62,0.00013901682538278864,0.015290345620341483,0.06830658820525123
63,-0.0019080272964902695,0.011717710825652719,0.06565846048238677
64,-0.002944439325040446,0.012831277180414227,0.06290100889506647
65,-0.00044342751629656424,0.01675160395516092,0.060379614269064574
66,0.0003252835443494431,0.016317276939693294,0.05846230556686505
67,0.0021363764320917397,0.009640383077559933,0.057410885369179515
68,0.005642338050767706,0.0026003498192059323,0.05642491731014923
69,0.0046524125800469565,0.002703978103271161,0.054690317753966045
70,0.0027127129849904685,0.006443265115480526,0.052280808829925224
71,0.002750905849472341,0.00821015105752899,0.049104042829688804
72,-0.0018852425951183804,0.00495965290626877,0.04526899015077687
73,-0.010012127028391788,-0.003462731978738004,0.04169021747581919
74,-0.012155359245094949,-0.008691682908731874,0.03887933388679689
75,-0.007346430499010202,-0.003160725824739398,0.03636950857861182
76,-0.0024011977886179547,0.007102061023637005,0.03360361074028448
77,-0.003360789635113458,0.00513741367147319,0.030777485157502463
78,-0.012783932317165632,-0.012031950441156777,0.02859670056628423
79,-0.024275620340347158,-0.02572037303869236,0.027323332686242693
80,-0.026238877706607655,-0.024173708729806058,0.026311322216081567
81,-0.01844012405264278,-0.015578715923379033,0.024369334574584026
82,-0.012689546694865453,-0.013969057498736191,0.021017483875470977
83,-0.014574742485021261,-0.02228510654336531,0.01696158977414966
84,-0.018337587901268382,-0.029459027021763964,0.012969296715119899
85,-0.01953446694917166,-0.02697879648205398,0.009495749709859072
86,-0.021703425500134717,-0.02067312723002751,0.00640739674823694
87,-0.02694540029109016,-0.019602959023279992,0.0030388162922744197
88,-0.030794467677569437,-0.021924876590602674,-0.0005780286807459019
89,-0.029986673288438223,-0.020518896978158806,-0.0041380743631219425
90,-0.027795405630897135,-0.016683403635681326,-0.007846716740768655
91,-0.028291894773375584,-0.016808782195168036,-0.011249255945462977
92,-0.029830232536306123,-0.022776539267681598,-0.013556875129003802
93,-0.0304774302270803,-0.030604200474575682,-0.015610669593669357
94,-0.0318356085036042,-0.03200706703721548,-0.01870630140597014
95,-0.03316939909422738,-0.02676447536840472,-0.022216670671034264
96,-0.03227822057063679,-0.022705458889857935,-0.02441080363149932
97,-0.02939087377231686,-0.02247750679619953,-0.024593571984426785
98,-0.02503318706004442,-0.023694590644540034,-0.0233963332946745
99,-0.02033181099484692,-0.021884403920147136,-0.021827769240311184
100,-0.016344483990655287,-0.01434987508021291,-0.020993966311528972
101,-0.011756869804327094,-0.0052913997971276525,-0.02130553677619669
102,-0.0092925412591158,-0.0053626502854195665,-0.022031757757042927
103,-0.010175079559301817,-0.016938824001305787,-0.02259855276284612
104,-0.00841954634012914,-0.026082235928375837,-0.023318642306884484
105,-0.005982189357343473,-0.02336991289378547,-0.024379332016340738
106,-0.0069161004490801425,-0.015299853035069005,-0.025161017182385594
107,-0.012140009462719425,-0.014627263062242199,-0.02538321298967733
108,-0.023124275521839557,-0.025605429544371006,-0.02559976633866258
109,-0.03109454090958486,-0.03605987884709862,-0.025709430687901297
110,-0.028682899469354456,-0.03453340696283301,-0.025110440677263562
111,-0.02305115958425688,-0.026084806936225197,-0.023991377584233614
112,-0.020990699793829226,-0.023673354469693167,-0.022465541542057918
113,-0.021793153864991366,-0.030527732349907,-0.020264916694370146
114,-0.022415920159847738,-0.03616153019327583,-0.017690905873910444
115,-0.017801025401774077,-0.029396003695183123,-0.015260323990990712
116,-0.009577503855981724,-0.010055105825768226,-0.013083799129743869
117,-0.0077667382311311026,0.006992786289425013,-0.011195384735025238
118,-0.01583343958609231,0.008320602255595125,-0.009697098306015818
119,-0.023122884967750834,0.000671137148294948,-0.008260421230089209
120,-0.017733058223423186,-0.0050477846877599875,-0.006149163779109061
121,-0.007824469264008926,-0.007649395125288283,-0.0037382938339164708
122,-0.0067270221448337,-0.008918377542466577,-0.002046168081016802
123,-0.011534888789422881,-0.014235051840536417,-0.0011238544438495583
124,-0.014394522302937501,-0.023769565628084258,-0.0004745676603151207
125,-0.011548224903402668,-0.02443458169862142,0.0006904427026196043
126,-0.004807989615272387,-0.01203642223206114,0.0028838453542206696
127,-0.001075461245572784,-0.0005830673301570055,0.0056681283917420205
128,-0.004265722077259643,-0.0018649130003557945,0.008647450382757963
129,-0.0094734486474721,-0.017900962350735766,0.012263325413690117
130,-0.009158132500395044,-0.042147814368128284,0.016758167519791374
131,-0.005673341025120654,-0.05437338779610698,0.0214991999761975
132,-0.0067132501919922455,-0.04274608980028097,0.025622889278955938
133,-0.009617067938663432,-0.023296674654099375,0.0285848652819065
134,-0.011460366270242286,-0.014164936984070758,0.03033259397602847
135,-0.013990234941921136,-0.013897415069754199,0.03060854817212276
136,-0.013519140582431907,-0.01383386657746466,0.029013828437410835
137,-0.00982553709225202,-0.015227772241653226,0.02649320401768035
138,-0.00664147283821423,-0.022413375416328665,0.024783366756183867
139,-0.005522835142383636,-0.028229064931002357,0.024564741279339213
140,-0.006898180974431824,-0.026824228701903263,0.025350973999318217
141,-0.007324506122061342,-0.028151061139696842,0.026788118423091263
142,-0.006500501021578245,-0.036396636182822295,0.02912437818298183
143,-0.007484139648199786,-0.0441542439135682,0.03234396756911034
144,-0.008524153042830648,-0.04907286777218997,0.03544190506564858
145,-0.010651057540892572,-0.04954953492379727,0.03697822274708405
146,-0.014985065629874117,-0.04594718844218176,0.03657698702167014
147,-0.017066771780281882,-0.04597691194672526,0.0348023086831154
148,-0.017269854869489995,-0.05179196113718526,0.03235655063924074
149,-0.01685601428883631,-0.0533256684254495,0.029703068976271924
150,-0.01522978047547055,-0.04266802425267813,0.026643457401972936
151,-0.01475152891904527,-0.026326742634454142,0.02339542934339267
152,-0.014626906321975885,-0.01890913475214895,0.020940563807556073
153,-0.012905606859174967,-0.02554290030902101,0.02008830472910022
154,-0.01062772390126751,-0.03758498204878295,0.02057692141857337
155,-0.007981969089437865,-0.0444273675298488,0.021276867741993014
156,-0.003472814996114515,-0.045096716338612786,0.021822783542562604
157,0.0015044677571448561,-0.04877148844184631,0.022276279543069127
158,0.0016033011125580199,-0.054140129152382505,0.022081272694347592
159,-0.003891050931426762,-0.047543107602927515,0.020737168928341432
160,-0.006378087796345133,-0.029689861531245407,0.01864833792912498
161,-0.004671315560168088,-0.014888996712343769,0.017077180004521478
162,-0.0066356709423084775,-0.01372400624398526,0.01684103677715159
163,-0.011615825274480115,-0.025569563469142534,0.01778391287180145
164,-0.014197301481868152,-0.036883959314076,0.019522498435217715
165,-0.013056605119106682,-0.038261171877531364,0.021294386093992954
166,-0.010483219507932698,-0.031505282875184726,0.022536710998617315
167,-0.0064211199127732245,-0.021126094265356193,0.02338717794240945
168,-0.0015412103326009688,-0.019485355368906304,0.023888064765317504
169,0.0020584956048797683,-0.029510593674741015,0.024442421930768746
170,0.004734560450960816,-0.035774140756346565,0.025643769259336244
171,0.005865635407614783,-0.040702648980471004,0.027557003036860317
172,0.0049960233894219795,-0.054578757163560365,0.03005927857536267
173,0.0011618307139457142,-0.06325456660620701,0.03267877899566248
174,-0.002483922396406976,-0.054626123092288606,0.03457589529324338
175,0.0014554175658253263,-0.03861607205172912,0.035553617513943654
176,0.013805632472693778,-0.028690931383507423,0.036589745640678795
177,0.02450696354813633,-0.029032096256955298,0.038187154937516066
178,0.026024319467632367,-0.03485501114540884,0.03953755063761344
179,0.02130022011363239,-0.03783866587316735,0.04027877622519732
180,0.011492189479986134,-0.03304503253752156,0.04116262881981403
181,-0.00039909994312235797,-0.023261724089548186,0.04240053983456843
182,-0.010194725677821245,-0.016122951882295455,0.04324181602994745
183,-0.01643431327519919,-0.014558376213487878,0.04332761605188905
184,-0.014998820335815247,-0.014966028161293804,0.04285038963156462
185,-0.008643464453565147,-0.015107081670132833,0.04241733885184558
186,-0.007625408461905847,-0.01810038548747339,0.04301313396701348
187,-0.014916724711546592,-0.02586479049430901,0.044723834720441974
188,-0.01792003750372534,-0.030363351682040657,0.04692856039950086
189,-0.008276334072989451,-0.02441226606980179,0.049534451189240325
190,0.004527135650163702,-0.01470527771137313,0.05231631567867223
191,0.010007837647542345,-0.008866725211049822,0.054517351685972285
192,0.005937794530283563,-0.008765854062805487,0.05559745015763268
193,-0.0023143787910993308,-0.013330966326712962,0.055391477622906374
194,-0.008725321977015935,-0.014508806396838062,0.054440058060600205
195,-0.013044445708791416,-0.007599136839626569,0.05372411457213394
196,-0.014794096939644771,0.0019050395777979734,0.053769532159065936
197,-0.013172232287973915,0.0069538511524865065,0.054670026442945496
198,-0.01129610822984417,0.003735049873271501,0.05590541022156492
199,-0.011534449939979569,-0.0026900132251996,0.05726496786535573
200,-0.012608899540309276,-0.0035657913434508914,0.05879399080498776
201,-0.013453054113101326,-0.0008970900066631038,0.05970113965189988
202,-0.01307102022621369,0.000561623990270016,0.05950832585523724
203,-0.008336646008985371,0.0023459378960864474,0.05881380175378048
204,-0.002319901466355752,0.0013585567123968745,0.058398113682102126
205,-0.001710432626914199,-0.0026006483506213762,0.05760173622267445
206,-0.007152294215383832,-0.0009548019066241697,0.0550128030579172
207,-0.013376234664916692,0.003877868116611227,0.05104420356841058
208,-0.014283686583854427,0.005795477522938713,0.04719429868296937
209,-0.0087801799333065,0.007030923511314097,0.04380738143504931
210,0.0002037334897618745,0.005239306262933355,0.04042307565478111
211,0.005692727583315738,0.0027369973914638246,0.03707306447834459
212,0.002927269150285447,0.009139875308583206,0.034205846402703556
213,-0.001929694873874982,0.019687140020978322,0.03206460362005363
214,-0.0041484851313173116,0.02168098100588413,0.030890369690859072
215,-0.007849811219625108,0.016912583981112075,0.03099633974321045
216,-0.009571593356099015,0.017422605383953557,0.03238633432595907
217,-0.004812889588281771,0.018832117918589936,0.03422723577695627
218,-0.0003946881823606446,0.011353352616450554,0.035493793723930245
219,-0.000879089082096024,0.0059444807056558135,0.03606011025328258
220,-0.005164410360095836,0.0134742217286421,0.03590678940072234
221,-0.009828535140845113,0.024951998908150697,0.03458985207680659
222,-0.010606073438514906,0.026605548838019938,0.03207903193406114
223,-0.008095379764675517,0.020899010676212623,0.029228100833812623
224,-0.006771059403321178,0.017743745643810593,0.02670478248489766
225,-0.008754479695792329,0.016095654357205724,0.024819775411361003
226,-0.012575892977341602,0.01299242012992051,0.02416107587418309
227,-0.016404563902534947,0.005838344206416435,0.025128604368443178
228,-0.01921228955854659,-0.004535436497435749,0.027344045743892403
229,-0.02144320802210281,-0.006059258905743492,0.029856100881626962
230,-0.021642438155029697,0.004840502834608622,0.031894097209375374
231,-0.017262781847542957,0.015587680330308051,0.03261164185715287
232,-0.011559707495474372,0.015057841132208816,0.031234011031805772
233,-0.008303475830688176,0.006495706795757068,0.02823063720762703
234,-0.007915750636635403,0.0010330362507051175,0.024577726505199307
235,-0.008216566323068678,0.003246881108509868,0.020430462372153388
236,-0.008547613666574985,0.010425358843200918,0.016356585191283482
237,-0.010352616680800515,0.016405022371983054,0.01364312662632032
238,-0.012513734550272063,0.014981271806284929,0.012444263633571068
239,-0.016354854283650022,0.009224823039651359,0.011946710363015721
240,-0.019341750139428807,0.012450473646829427,0.012126357075980358
241,-0.013151298461597169,0.0255858369637402,0.013365010706019427
242,-0.005003487517491315,0.03154946988025649,0.015395342175054831
243,-0.0066409733936062185,0.0260607215701375,0.018078032891853044
244,-0.010923194714239554,0.021212205605637274,0.021390145334360594
245,-0.010310271480210652,0.023445625051163377,0.025003385683874557
246,-0.005189338460285214,0.024099130784924643,0.028528099651941544
247,-0.0006601583216494164,0.008634849295657367,0.03159453705670763
248,-0.0008842130107727733,-0.011469082601017765,0.034218267160607496
249,-0.00210312754354567,-0.009771400958564658,0.03653466828017651
250,-0.004510356454984522,0.00977044919235803,0.03835713715983946
251,-0.008662668318049613,0.0236322514926202,0.039337350085417416
252,-0.01032122777374233,0.021171840493570612,0.03979800274676565
253,-0.009052574581700681,0.008702189772592933,0.04110610950675689
254,-0.006670471617005385,-0.005426312584484151,0.044020987499828135
255,-0.002585596244446941,-0.015641391094786822,0.047704567915119456
0,0.0019546297082721903,-0.014699051391044646,0.05147214738701997
1,0.0033548230812755417,-0.003963899681519854,0.055387650371874986
2,0.0018999620478351437,0.007685291165872923,0.05914296092046445
3,0.0013287512352164396,0.016115489248275452,0.06250018843029448
4,0.001904366834358042,0.02116461169005532,0.06539882795286311
5,0.0013682954554222714,0.019076101751145463,0.06720949808295137
6,-0.0005099365147945498,0.006785342248169818,0.06777154487437625
7,-0.0017169306972158252,-0.0036225273808476455,0.06762988483269378
8,-0.0007207202479872429,0.0035010507732530227,0.06666857396991521
9,0.0009714099770278331,0.02083277682234419,0.06463427010526468
10,0.0024018516921338537,0.032541425595684,0.06186605512827498
11,0.0024581549669616953,0.034962894004334236,0.05881466195794266
12,-0.0006831146958594936,0.030076243748801634,0.05579401076345836
13,-0.006528661580781678,0.025357890614111783,0.053178932768392334
14,-0.009508287685130245,0.02856732380419212,0.0511438429453535
15,-0.005417138876238832,0.03836835790144106,0.04942970834214469
16,0.0023474012226451756,0.04343416220483817,0.048530797342069346
17,0.007608133071044397,0.03556145347815773,0.049965132974228194
18,0.005579760405619321,0.026279326945514964,0.05380474273237046
19,0.0026730316385556747,0.026461742088884882,0.05841151969359576
20,0.006390197433210471,0.029942131823107884,0.06238708571062773
21,0.010800951429492838,0.030233232127540657,0.06421519407077475
22,0.008169687940983168,0.028838973965051362,0.06307597285250632
23,0.0005271359982761056,0.028595536458035725,0.05983534050503134
24,-0.001321676433213119,0.028957199591974472,0.05540614666590782
25,0.0052512111553104646,0.02924883676464264,0.049928585188811325
26,0.009853503836880053,0.027199980506078886,0.043804225803020014
27,0.007276310039699349,0.023872931356361204,0.03801998119325456
28,0.0018603547453403396,0.027491882601241024,0.03290634171517956
29,-0.0010896863886715458,0.039767965148360895,0.028433161606597424
30,-0.0015914914777971703,0.054424236465183976,0.02453602244722502
31,-0.0004856497443629527,0.06207248291931808,0.02020051489990577
32,0.0048498135062809145,0.054925704683390586,0.014553069321747231
33,0.0113983190728616,0.030786068912486607,0.0077060472426749675
34,0.0170676169737024,-0.0011172484755378326,0.0007524903603216282
35,0.021831130974008173,-0.015885595139480846,-0.004205825851756537
36,0.019052924326708992,-0.0038683942159067897,-0.006203513726316556
37,0.011033085635278536,0.014440750142127728,-0.006307033549563988
38,0.009381368366059017,0.02152950876298955,-0.00643743125720167
39,0.013749249483583734,0.020029051782882987,-0.008377539691361645
40,0.014418126849707766,0.0166815236727587,-0.012158409426190252
41,0.008912598925683413,0.009334616456061776,-0.016300181742139624
42,0.004789007284564811,-0.0013124742766398023,-0.01940444308163672
43,0.008929205764706558,-0.0016779318183850062,-0.021145223641620206
44,0.01497514871349134,0.012787368619505107,-0.022895571241059225
45,0.012038743550289367,0.025137582031535516,-0.02556368553283183
46,0.004012181637647008,0.02146101554650462,-0.028081392486241454
47,-0.0011309877894020298,0.007889608672183149,-0.0296520872357022
48,-0.004664383825362328,-0.0002546591216688737,-0.03073002432948116
49,-0.0048142430723127905,0.002155276653356644,-0.031792371134114095
50,0.0021453980461724406,0.006507966608822399,-0.032644689677709615
51,0.011507157542208574,0.002327651790633267,-0.033045029534035125
52,0.013798112134444651,-0.0073525481748254705,-0.03341445088108905
53,0.008981968341925883,-0.008887532126616415,-0.0342733556001141
54,0.006447140972648202,-0.0008760104220890755,-0.035946440449049905
55,0.007361199296029228,0.00663259362636303,-0.038719996026154405
56,0.007670047594146537,0.0071563586063193504,-0.04227496028920627
57,0.0066286156383763145,0.001874597537448723,-0.04592452398997657
58,0.006685732843083617,-0.001502537901645229,-0.04929006725733423
59,0.01009980223349985,0.0019080287786696556,-0.05209838045683504
60,0.015464354143281345,0.008177493693346916,-0.054312172638716044
61,0.01926757974436634,0.010356900754779179,-0.05627401251142963
62,0.01893058736906829,0.005589097669442121,-0.05834369738036069
63,0.017456695626251427,0.0000859725691198833,-0.06011727170534731
64,0.019206949549034166,0.0013825231339884628,-0.060678889189739266
65,0.025340428602699555,0.006137659090210176,-0.05993804541171141
66,0.03278314403437929,0.003173877565624414,-0.058536141527117336
67,0.031214500038382997,-0.01137066099786941,-0.05751260617734508
68,0.019613059279714157,-0.02324379886101103,-0.05788541854460644
69,0.015921646485989954,-0.018927861250937802,-0.059156014820055086
70,0.02371352661071592,-0.004298659833618448,-0.059134774044487165
71,0.02650363008758285,0.005875722543617207,-0.05553987733133167
72,0.0213052539879489,0.005291573800866409,-0.04751080614475131
73,0.017089871514186276,-0.0020814594234445094,-0.03636020648311189
74,0.017762057894107952,-0.009954441845427237,-0.022853122043989704
75,0.0202706919556154,-0.009180629930363338,-0.0056580515925514635
76,0.023033931699982232,-0.000569709295167864,0.01568403194762158
77,0.02863641382416765,0.002051755258301327,0.03964200953477385
78,0.03346033215099928,-0.0025071200625720463,0.06244910852646736
79,0.031228086690933493,-0.0040669567918728,0.07985146262807932
80,0.02306093886918903,-0.0016279697240503266,0.08975986812561987
81,0.01667629315472036,-0.0018295949808929957,0.0900249484563107
82,0.01748603857791284,-0.007817613092829037,0.07798011292324125
83,0.022944531870274412,-0.013108981326809432,0.053008870290992105
84,0.02800911837009092,-0.008519659377082461,0.014486089753765197
85,0.033002071390915357,-0.0007702473973753149,-0.03926531005131961
86,0.03536849349680915,-0.008524927608381291,-0.1063981762960668
87,0.03348809145750292,-0.0304430579717484,-0.17938776517477845
88,0.03706263474258095,-0.04149519883880996,-0.2481387571148948
89,0.045437705603742884,-0.03273050285000598,-0.3045631027692315
90,0.0486628371136231,-0.021273167841776547,-0.3451035464196589
91,0.044040671427710135,-0.01878837782951634,-0.3698617423949675
92,0.03488094467589224,-0.019752680216692936,-0.37984917162630283
93,0.028668527686103888,-0.015278008515093755,-0.37497375785289133
94,0.028629798650968034,-0.005206409070327739,-0.35493786355559154
95,0.029777166397770248,0.002699993591845945,-0.32130074160635236
96,0.027019374582984867,0.0010302010158057262,-0.2781825312014412
97,0.020769393837767436,-0.009324446232514466,-0.23146248679178638
98,0.014390719665399246,-0.01828237945176736,-0.18668635243423642
99,0.011948360943563927,-0.015599987587067321,-0.14702356040537418
100,0.01210449896558334,-0.006262196049488994,-0.11329763937961451
101,0.010455580612243047,-0.004568347065958517,-0.08551467519305284
102,0.010328742619941399,-0.010549327838546452,-0.06348630315002773
103,0.014120798201203405,-0.011601410413485586,-0.045890394265723944
104,0.01792775031815977,-0.00020562767352463873,-0.030584552944116827
105,0.018581364062753184,0.01294615606767073,-0.01684609566070487
106,0.015317918057267566,0.013992368213215756,-0.004924020448537542
107,0.009839526339961421,0.006640031078090053,0.005495140807664261
108,0.008224332580176921,-0.00008224828375458237,0.013952612833822556
109,0.013567919471876189,0.0008139906966490862,0.019284280342998908
110,0.019948317518374795,0.00910232849784856,0.021671174848716383
111,0.020789673646210798,0.011624946318846974,0.02211531276223868
112,0.011314581737351538,0.0034668792551283134,0.02111723138375244
113,-0.0020493712212116127,-0.0032186276196637664,0.019040845334694106
114,-0.0056917439324872185,0.0001950140274332296,0.016493333136123944
115,-0.0009765255795396374,0.0056660514737278955,0.014146865837897975
116,0.0025297061509827502,0.0035417855246834273,0.012850102941053862
117,0.0023106210451861176,-0.0031164611265606657,0.013320231487625275
118,0.0043883457420035195,-0.0035132349336497726,0.015091519832606645
119,0.011162452876315128,0.00819581797177478,0.016421823785008047
120,0.015459470570931486,0.02435814872984457,0.01616237876579112
121,0.013943867431160141,0.03248762231204655,0.015031044559699482
122,0.011771407859408771,0.026845571635267462,0.013698648559417666
123,0.011993286236668475,0.015860062599828903,0.012315840474604343
124,0.010663150253328847,0.01131279486466874,0.011630332909721514
125,0.007295035387663636,0.012236386468309435,0.01112910978562738
126,0.0066137094795953345,0.014262224822464753,0.009432508299918707
127,0.00889427968738785,0.019017601568887543,0.007144772048354064
128,0.01035909819157493,0.02681279803665662,0.005451767157141355
129,0.012349266697616467,0.02777921871714395,0.004465954130847492
130,0.01742726578327359,0.015657196103656623,0.004448654282422021
131,0.020346035147734393,0.0027616183715413467,0.005490966131563475
132,0.018790930197605415,0.0024121057831271164,0.006884297391791
133,0.015775109030998727,0.014102750208761672,0.008559783711230375
134,0.013351503784790664,0.030841788378946258,0.011164543833554738
135,0.012273829808771675,0.042980768890960946,0.014610981015411646
136,0.009657189317674314,0.04171704230937254,0.018168591318317634
137,0.006877820206827062,0.03255969295529915,0.021296899177661248
138,0.007536417276388041,0.030509869059378414,0.0242242156657694
139,0.007640833831060463,0.03831507215993696,0.02741074419741702
140,0.0028824668800574438,0.04650277681966647,0.03082666576995522
141,-0.0018830612186664895,0.04868457124944117,0.0342265666956523
142,-0.0015313442088145945,0.04518185917133731,0.0373872180927685
143,0.0013577972601758054,0.04258349567442408,0.040767981888643876